ISO-10303-21;
HEADER;
/* Generated by software containing ST-Developer
 * from STEP Tools, Inc. (www.steptools.com) 
 */

FILE_DESCRIPTION(
/* description */ ('STEP AP214'),
/* implementation_level */ '2;1');

FILE_NAME(
/* name */ 'YPCB_Shroud_Molded.step',
/* time_stamp */ '2025-12-15T15:06:32-06:00',
/* author */ (''),
/* organization */ (''),
/* preprocessor_version */ 'ST-DEVELOPER v20.1',
/* originating_system */ 'Autodesk Translation Framework v14.21.0.0',
/* authorisation */ '');

FILE_SCHEMA (('AUTOMOTIVE_DESIGN { 1 0 10303 214 3 1 1 }'));
ENDSEC;

DATA;
#10=MECHANICAL_DESIGN_GEOMETRIC_PRESENTATION_REPRESENTATION('',(#13),#5178);
#11=SHAPE_REPRESENTATION_RELATIONSHIP('SRR','None',#5185,#12);
#12=ADVANCED_BREP_SHAPE_REPRESENTATION('',(#14),#5177);
#13=STYLED_ITEM('',(#5195),#14);
#14=MANIFOLD_SOLID_BREP('Body1',#2950);
#15=TOROIDAL_SURFACE('',#3278,21.,0.5);
#16=TOROIDAL_SURFACE('',#3280,16.,0.5);
#17=TOROIDAL_SURFACE('',#3285,21.,0.5);
#18=TOROIDAL_SURFACE('',#3287,16.,0.5);
#19=CONICAL_SURFACE('',#3156,0.499999999999994,0.785398163397449);
#20=CONICAL_SURFACE('',#3157,26.5,0.78539816339745);
#21=CONICAL_SURFACE('',#3159,100.,0.785398163397452);
#22=CONICAL_SURFACE('',#3160,0.499999999999994,0.78539816339745);
#23=CONICAL_SURFACE('',#3161,2.49999999999999,0.785398163397449);
#24=CONICAL_SURFACE('',#3164,26.5,0.785398163397449);
#25=CONICAL_SURFACE('',#3165,0.499999999999994,0.78539816339745);
#26=CONICAL_SURFACE('',#3166,102.,0.785398163397448);
#27=CONICAL_SURFACE('',#3168,0.499999999999987,0.78539816339745);
#28=CONICAL_SURFACE('',#3169,0.499999999999994,0.785398163397449);
#29=CONICAL_SURFACE('',#3209,28.5,0.785398163397462);
#30=CONICAL_SURFACE('',#3210,100.5,0.785398163397466);
#31=CONICAL_SURFACE('',#3211,1.99999999999998,0.785398163397464);
#32=CONICAL_SURFACE('',#3213,1.99999999999999,0.785398163397463);
#33=CONICAL_SURFACE('',#3215,1.99999999999999,0.785398163397461);
#34=CONICAL_SURFACE('',#3217,2.49999999999999,0.78539816339746);
#35=CONICAL_SURFACE('',#3218,100.,0.785398163397466);
#36=CONICAL_SURFACE('',#3219,28.5,0.785398163397462);
#37=(
BOUNDED_SURFACE()
B_SPLINE_SURFACE(3,2,((#4784,#4785,#4786),(#4787,#4788,#4789),(#4790,#4791,
#4792),(#4793,#4794,#4795)),.UNSPECIFIED.,.F.,.F.,.F.)
B_SPLINE_SURFACE_WITH_KNOTS((4,4),(3,3),(0.,0.330297354829253),(0.,1.),
 .UNSPECIFIED.)
GEOMETRIC_REPRESENTATION_ITEM()
RATIONAL_B_SPLINE_SURFACE(((1.,0.873879747008657,1.),(1.,0.87388234048517,
1.),(1.,0.871127227721368,1.),(1.,0.865686782944804,1.)))
REPRESENTATION_ITEM('')
SURFACE()
);
#38=(
BOUNDED_SURFACE()
B_SPLINE_SURFACE(3,2,((#4797,#4798,#4799),(#4800,#4801,#4802),(#4803,#4804,
#4805),(#4806,#4807,#4808)),.UNSPECIFIED.,.F.,.F.,.F.)
B_SPLINE_SURFACE_WITH_KNOTS((4,4),(3,3),(3.14159265358979,3.47189000841905),
(0.,1.),.UNSPECIFIED.)
GEOMETRIC_REPRESENTATION_ITEM()
RATIONAL_B_SPLINE_SURFACE(((1.,0.873879747008657,1.),(1.,0.873882340485171,
1.),(1.,0.871127227721368,1.),(1.,0.865686782944804,1.)))
REPRESENTATION_ITEM('')
SURFACE()
);
#39=(
BOUNDED_SURFACE()
B_SPLINE_SURFACE(3,2,((#4814,#4815,#4816),(#4817,#4818,#4819),(#4820,#4821,
#4822),(#4823,#4824,#4825)),.UNSPECIFIED.,.F.,.F.,.F.)
B_SPLINE_SURFACE_WITH_KNOTS((4,4),(3,3),(3.14159265358979,3.47189000841905),
(0.,1.),.UNSPECIFIED.)
GEOMETRIC_REPRESENTATION_ITEM()
RATIONAL_B_SPLINE_SURFACE(((1.,0.873879747008657,1.),(1.,0.87388234048517,
1.),(1.,0.871127227721368,1.),(1.,0.865686782944804,1.)))
REPRESENTATION_ITEM('')
SURFACE()
);
#40=(
BOUNDED_SURFACE()
B_SPLINE_SURFACE(3,2,((#4827,#4828,#4829),(#4830,#4831,#4832),(#4833,#4834,
#4835),(#4836,#4837,#4838)),.UNSPECIFIED.,.F.,.F.,.F.)
B_SPLINE_SURFACE_WITH_KNOTS((4,4),(3,3),(0.,0.330297354829254),(0.,1.),
 .UNSPECIFIED.)
GEOMETRIC_REPRESENTATION_ITEM()
RATIONAL_B_SPLINE_SURFACE(((1.,0.873879747008657,1.),(1.,0.873882340485171,
1.),(1.,0.871127227721368,1.),(1.,0.865686782944804,1.)))
REPRESENTATION_ITEM('')
SURFACE()
);
#41=ELLIPSE('',#3065,19.6163277237824,18.4452156433455);
#42=ELLIPSE('',#3066,14.9457735122009,14.0534976386705);
#43=ELLIPSE('',#3079,14.9457735092599,14.0534976367871);
#44=ELLIPSE('',#3080,19.6163277305849,18.4452156473063);
#45=ELLIPSE('',#3127,17.953644308263,16.3213952756877);
#46=ELLIPSE('',#3128,17.9536443081015,16.3213952756407);
#47=ELLIPSE('',#3131,16.7690625245886,16.0893161592077);
#48=ELLIPSE('',#3132,16.7690625239535,16.0893161587077);
#49=ELLIPSE('',#3173,2.12132034355647,1.49999999999863);
#50=ELLIPSE('',#3175,2.12132034355892,1.49999999999975);
#51=FACE_BOUND('',#311,.T.);
#52=FACE_BOUND('',#314,.T.);
#53=FACE_BOUND('',#315,.T.);
#54=FACE_BOUND('',#334,.T.);
#55=FACE_BOUND('',#335,.T.);
#56=FACE_BOUND('',#336,.T.);
#57=FACE_BOUND('',#337,.T.);
#58=FACE_BOUND('',#408,.T.);
#59=FACE_BOUND('',#411,.T.);
#60=PLANE('',#3003);
#61=PLANE('',#3004);
#62=PLANE('',#3005);
#63=PLANE('',#3012);
#64=PLANE('',#3046);
#65=PLANE('',#3056);
#66=PLANE('',#3057);
#67=PLANE('',#3058);
#68=PLANE('',#3064);
#69=PLANE('',#3069);
#70=PLANE('',#3072);
#71=PLANE('',#3078);
#72=PLANE('',#3093);
#73=PLANE('',#3094);
#74=PLANE('',#3095);
#75=PLANE('',#3102);
#76=PLANE('',#3114);
#77=PLANE('',#3115);
#78=PLANE('',#3121);
#79=PLANE('',#3122);
#80=PLANE('',#3129);
#81=PLANE('',#3133);
#82=PLANE('',#3155);
#83=PLANE('',#3158);
#84=PLANE('',#3162);
#85=PLANE('',#3163);
#86=PLANE('',#3167);
#87=PLANE('',#3170);
#88=PLANE('',#3171);
#89=PLANE('',#3176);
#90=PLANE('',#3177);
#91=PLANE('',#3178);
#92=PLANE('',#3179);
#93=PLANE('',#3180);
#94=PLANE('',#3181);
#95=PLANE('',#3182);
#96=PLANE('',#3183);
#97=PLANE('',#3184);
#98=PLANE('',#3185);
#99=PLANE('',#3186);
#100=PLANE('',#3187);
#101=PLANE('',#3188);
#102=PLANE('',#3189);
#103=PLANE('',#3190);
#104=PLANE('',#3208);
#105=PLANE('',#3212);
#106=PLANE('',#3214);
#107=PLANE('',#3216);
#108=PLANE('',#3220);
#109=PLANE('',#3221);
#110=PLANE('',#3222);
#111=PLANE('',#3223);
#112=PLANE('',#3230);
#113=PLANE('',#3231);
#114=PLANE('',#3232);
#115=PLANE('',#3239);
#116=PLANE('',#3240);
#117=PLANE('',#3243);
#118=PLANE('',#3250);
#119=PLANE('',#3301);
#120=PLANE('',#3302);
#121=PLANE('',#3303);
#122=PLANE('',#3304);
#123=PLANE('',#3305);
#124=PLANE('',#3306);
#125=PLANE('',#3307);
#126=PLANE('',#3308);
#127=PLANE('',#3309);
#128=PLANE('',#3310);
#129=PLANE('',#3311);
#130=FACE_OUTER_BOUND('',#296,.T.);
#131=FACE_OUTER_BOUND('',#297,.T.);
#132=FACE_OUTER_BOUND('',#298,.T.);
#133=FACE_OUTER_BOUND('',#299,.T.);
#134=FACE_OUTER_BOUND('',#300,.T.);
#135=FACE_OUTER_BOUND('',#301,.T.);
#136=FACE_OUTER_BOUND('',#302,.T.);
#137=FACE_OUTER_BOUND('',#303,.T.);
#138=FACE_OUTER_BOUND('',#304,.T.);
#139=FACE_OUTER_BOUND('',#305,.T.);
#140=FACE_OUTER_BOUND('',#306,.T.);
#141=FACE_OUTER_BOUND('',#307,.T.);
#142=FACE_OUTER_BOUND('',#308,.T.);
#143=FACE_OUTER_BOUND('',#309,.T.);
#144=FACE_OUTER_BOUND('',#310,.T.);
#145=FACE_OUTER_BOUND('',#312,.T.);
#146=FACE_OUTER_BOUND('',#313,.T.);
#147=FACE_OUTER_BOUND('',#316,.T.);
#148=FACE_OUTER_BOUND('',#317,.T.);
#149=FACE_OUTER_BOUND('',#318,.T.);
#150=FACE_OUTER_BOUND('',#319,.T.);
#151=FACE_OUTER_BOUND('',#320,.T.);
#152=FACE_OUTER_BOUND('',#321,.T.);
#153=FACE_OUTER_BOUND('',#322,.T.);
#154=FACE_OUTER_BOUND('',#323,.T.);
#155=FACE_OUTER_BOUND('',#324,.T.);
#156=FACE_OUTER_BOUND('',#325,.T.);
#157=FACE_OUTER_BOUND('',#326,.T.);
#158=FACE_OUTER_BOUND('',#327,.T.);
#159=FACE_OUTER_BOUND('',#328,.T.);
#160=FACE_OUTER_BOUND('',#329,.T.);
#161=FACE_OUTER_BOUND('',#330,.T.);
#162=FACE_OUTER_BOUND('',#331,.T.);
#163=FACE_OUTER_BOUND('',#332,.T.);
#164=FACE_OUTER_BOUND('',#333,.T.);
#165=FACE_OUTER_BOUND('',#338,.T.);
#166=FACE_OUTER_BOUND('',#339,.T.);
#167=FACE_OUTER_BOUND('',#340,.T.);
#168=FACE_OUTER_BOUND('',#341,.T.);
#169=FACE_OUTER_BOUND('',#342,.T.);
#170=FACE_OUTER_BOUND('',#343,.T.);
#171=FACE_OUTER_BOUND('',#344,.T.);
#172=FACE_OUTER_BOUND('',#345,.T.);
#173=FACE_OUTER_BOUND('',#346,.T.);
#174=FACE_OUTER_BOUND('',#347,.T.);
#175=FACE_OUTER_BOUND('',#348,.T.);
#176=FACE_OUTER_BOUND('',#349,.T.);
#177=FACE_OUTER_BOUND('',#350,.T.);
#178=FACE_OUTER_BOUND('',#351,.T.);
#179=FACE_OUTER_BOUND('',#352,.T.);
#180=FACE_OUTER_BOUND('',#353,.T.);
#181=FACE_OUTER_BOUND('',#354,.T.);
#182=FACE_OUTER_BOUND('',#355,.T.);
#183=FACE_OUTER_BOUND('',#356,.T.);
#184=FACE_OUTER_BOUND('',#357,.T.);
#185=FACE_OUTER_BOUND('',#358,.T.);
#186=FACE_OUTER_BOUND('',#359,.T.);
#187=FACE_OUTER_BOUND('',#360,.T.);
#188=FACE_OUTER_BOUND('',#361,.T.);
#189=FACE_OUTER_BOUND('',#362,.T.);
#190=FACE_OUTER_BOUND('',#363,.T.);
#191=FACE_OUTER_BOUND('',#364,.T.);
#192=FACE_OUTER_BOUND('',#365,.T.);
#193=FACE_OUTER_BOUND('',#366,.T.);
#194=FACE_OUTER_BOUND('',#367,.T.);
#195=FACE_OUTER_BOUND('',#368,.T.);
#196=FACE_OUTER_BOUND('',#369,.T.);
#197=FACE_OUTER_BOUND('',#370,.T.);
#198=FACE_OUTER_BOUND('',#371,.T.);
#199=FACE_OUTER_BOUND('',#372,.T.);
#200=FACE_OUTER_BOUND('',#373,.T.);
#201=FACE_OUTER_BOUND('',#374,.T.);
#202=FACE_OUTER_BOUND('',#375,.T.);
#203=FACE_OUTER_BOUND('',#376,.T.);
#204=FACE_OUTER_BOUND('',#377,.T.);
#205=FACE_OUTER_BOUND('',#378,.T.);
#206=FACE_OUTER_BOUND('',#379,.T.);
#207=FACE_OUTER_BOUND('',#380,.T.);
#208=FACE_OUTER_BOUND('',#381,.T.);
#209=FACE_OUTER_BOUND('',#382,.T.);
#210=FACE_OUTER_BOUND('',#383,.T.);
#211=FACE_OUTER_BOUND('',#384,.T.);
#212=FACE_OUTER_BOUND('',#385,.T.);
#213=FACE_OUTER_BOUND('',#386,.T.);
#214=FACE_OUTER_BOUND('',#387,.T.);
#215=FACE_OUTER_BOUND('',#388,.T.);
#216=FACE_OUTER_BOUND('',#389,.T.);
#217=FACE_OUTER_BOUND('',#390,.T.);
#218=FACE_OUTER_BOUND('',#391,.T.);
#219=FACE_OUTER_BOUND('',#392,.T.);
#220=FACE_OUTER_BOUND('',#393,.T.);
#221=FACE_OUTER_BOUND('',#394,.T.);
#222=FACE_OUTER_BOUND('',#395,.T.);
#223=FACE_OUTER_BOUND('',#396,.T.);
#224=FACE_OUTER_BOUND('',#397,.T.);
#225=FACE_OUTER_BOUND('',#398,.T.);
#226=FACE_OUTER_BOUND('',#399,.T.);
#227=FACE_OUTER_BOUND('',#400,.T.);
#228=FACE_OUTER_BOUND('',#401,.T.);
#229=FACE_OUTER_BOUND('',#402,.T.);
#230=FACE_OUTER_BOUND('',#403,.T.);
#231=FACE_OUTER_BOUND('',#404,.T.);
#232=FACE_OUTER_BOUND('',#405,.T.);
#233=FACE_OUTER_BOUND('',#406,.T.);
#234=FACE_OUTER_BOUND('',#407,.T.);
#235=FACE_OUTER_BOUND('',#409,.T.);
#236=FACE_OUTER_BOUND('',#410,.T.);
#237=FACE_OUTER_BOUND('',#412,.T.);
#238=FACE_OUTER_BOUND('',#413,.T.);
#239=FACE_OUTER_BOUND('',#414,.T.);
#240=FACE_OUTER_BOUND('',#415,.T.);
#241=FACE_OUTER_BOUND('',#416,.T.);
#242=FACE_OUTER_BOUND('',#417,.T.);
#243=FACE_OUTER_BOUND('',#418,.T.);
#244=FACE_OUTER_BOUND('',#419,.T.);
#245=FACE_OUTER_BOUND('',#420,.T.);
#246=FACE_OUTER_BOUND('',#421,.T.);
#247=FACE_OUTER_BOUND('',#422,.T.);
#248=FACE_OUTER_BOUND('',#423,.T.);
#249=FACE_OUTER_BOUND('',#424,.T.);
#250=FACE_OUTER_BOUND('',#425,.T.);
#251=FACE_OUTER_BOUND('',#426,.T.);
#252=FACE_OUTER_BOUND('',#427,.T.);
#253=FACE_OUTER_BOUND('',#428,.T.);
#254=FACE_OUTER_BOUND('',#429,.T.);
#255=FACE_OUTER_BOUND('',#430,.T.);
#256=FACE_OUTER_BOUND('',#431,.T.);
#257=FACE_OUTER_BOUND('',#432,.T.);
#258=FACE_OUTER_BOUND('',#433,.T.);
#259=FACE_OUTER_BOUND('',#434,.T.);
#260=FACE_OUTER_BOUND('',#435,.T.);
#261=FACE_OUTER_BOUND('',#436,.T.);
#262=FACE_OUTER_BOUND('',#437,.T.);
#263=FACE_OUTER_BOUND('',#438,.T.);
#264=FACE_OUTER_BOUND('',#439,.T.);
#265=FACE_OUTER_BOUND('',#440,.T.);
#266=FACE_OUTER_BOUND('',#441,.T.);
#267=FACE_OUTER_BOUND('',#442,.T.);
#268=FACE_OUTER_BOUND('',#443,.T.);
#269=FACE_OUTER_BOUND('',#444,.T.);
#270=FACE_OUTER_BOUND('',#445,.T.);
#271=FACE_OUTER_BOUND('',#446,.T.);
#272=FACE_OUTER_BOUND('',#447,.T.);
#273=FACE_OUTER_BOUND('',#448,.T.);
#274=FACE_OUTER_BOUND('',#449,.T.);
#275=FACE_OUTER_BOUND('',#450,.T.);
#276=FACE_OUTER_BOUND('',#451,.T.);
#277=FACE_OUTER_BOUND('',#452,.T.);
#278=FACE_OUTER_BOUND('',#453,.T.);
#279=FACE_OUTER_BOUND('',#454,.T.);
#280=FACE_OUTER_BOUND('',#455,.T.);
#281=FACE_OUTER_BOUND('',#456,.T.);
#282=FACE_OUTER_BOUND('',#457,.T.);
#283=FACE_OUTER_BOUND('',#458,.T.);
#284=FACE_OUTER_BOUND('',#459,.T.);
#285=FACE_OUTER_BOUND('',#460,.T.);
#286=FACE_OUTER_BOUND('',#461,.T.);
#287=FACE_OUTER_BOUND('',#462,.T.);
#288=FACE_OUTER_BOUND('',#463,.T.);
#289=FACE_OUTER_BOUND('',#464,.T.);
#290=FACE_OUTER_BOUND('',#465,.T.);
#291=FACE_OUTER_BOUND('',#466,.T.);
#292=FACE_OUTER_BOUND('',#467,.T.);
#293=FACE_OUTER_BOUND('',#468,.T.);
#294=FACE_OUTER_BOUND('',#469,.T.);
#295=FACE_OUTER_BOUND('',#470,.T.);
#296=EDGE_LOOP('',(#1848,#1849,#1850,#1851));
#297=EDGE_LOOP('',(#1852,#1853,#1854,#1855));
#298=EDGE_LOOP('',(#1856,#1857,#1858,#1859,#1860,#1861,#1862,#1863,#1864,
#1865,#1866,#1867));
#299=EDGE_LOOP('',(#1868,#1869,#1870,#1871,#1872,#1873,#1874,#1875,#1876,
#1877,#1878,#1879));
#300=EDGE_LOOP('',(#1880,#1881,#1882,#1883));
#301=EDGE_LOOP('',(#1884,#1885,#1886,#1887));
#302=EDGE_LOOP('',(#1888,#1889,#1890,#1891));
#303=EDGE_LOOP('',(#1892,#1893,#1894,#1895,#1896,#1897));
#304=EDGE_LOOP('',(#1898,#1899,#1900,#1901,#1902,#1903));
#305=EDGE_LOOP('',(#1904,#1905));
#306=EDGE_LOOP('',(#1906,#1907));
#307=EDGE_LOOP('',(#1908,#1909));
#308=EDGE_LOOP('',(#1910,#1911,#1912,#1913));
#309=EDGE_LOOP('',(#1914,#1915,#1916,#1917));
#310=EDGE_LOOP('',(#1918,#1919,#1920,#1921,#1922,#1923,#1924,#1925,#1926,
#1927,#1928,#1929,#1930,#1931,#1932,#1933,#1934,#1935,#1936,#1937,#1938,
#1939,#1940));
#311=EDGE_LOOP('',(#1941,#1942,#1943,#1944,#1945,#1946,#1947,#1948,#1949,
#1950,#1951,#1952,#1953,#1954,#1955,#1956,#1957,#1958,#1959,#1960,#1961,
#1962,#1963,#1964,#1965,#1966,#1967,#1968));
#312=EDGE_LOOP('',(#1969,#1970,#1971,#1972,#1973,#1974,#1975,#1976));
#313=EDGE_LOOP('',(#1977,#1978,#1979,#1980,#1981,#1982,#1983,#1984,#1985,
#1986,#1987,#1988,#1989,#1990,#1991,#1992,#1993,#1994));
#314=EDGE_LOOP('',(#1995));
#315=EDGE_LOOP('',(#1996));
#316=EDGE_LOOP('',(#1997,#1998,#1999,#2000));
#317=EDGE_LOOP('',(#2001,#2002,#2003,#2004));
#318=EDGE_LOOP('',(#2005,#2006,#2007,#2008,#2009,#2010,#2011,#2012,#2013,
#2014));
#319=EDGE_LOOP('',(#2015,#2016,#2017,#2018,#2019,#2020,#2021,#2022,#2023,
#2024,#2025));
#320=EDGE_LOOP('',(#2026,#2027,#2028,#2029));
#321=EDGE_LOOP('',(#2030,#2031,#2032,#2033,#2034,#2035,#2036));
#322=EDGE_LOOP('',(#2037,#2038,#2039,#2040,#2041,#2042,#2043,#2044,#2045,
#2046));
#323=EDGE_LOOP('',(#2047,#2048,#2049,#2050,#2051,#2052,#2053,#2054,#2055));
#324=EDGE_LOOP('',(#2056,#2057,#2058,#2059));
#325=EDGE_LOOP('',(#2060,#2061,#2062,#2063));
#326=EDGE_LOOP('',(#2064,#2065,#2066,#2067));
#327=EDGE_LOOP('',(#2068,#2069,#2070,#2071));
#328=EDGE_LOOP('',(#2072,#2073,#2074,#2075));
#329=EDGE_LOOP('',(#2076,#2077,#2078,#2079));
#330=EDGE_LOOP('',(#2080,#2081,#2082,#2083));
#331=EDGE_LOOP('',(#2084,#2085,#2086,#2087));
#332=EDGE_LOOP('',(#2088,#2089,#2090,#2091));
#333=EDGE_LOOP('',(#2092,#2093,#2094,#2095,#2096,#2097,#2098,#2099,#2100,
#2101,#2102,#2103,#2104,#2105,#2106,#2107));
#334=EDGE_LOOP('',(#2108));
#335=EDGE_LOOP('',(#2109));
#336=EDGE_LOOP('',(#2110));
#337=EDGE_LOOP('',(#2111));
#338=EDGE_LOOP('',(#2112,#2113,#2114,#2115));
#339=EDGE_LOOP('',(#2116,#2117,#2118,#2119));
#340=EDGE_LOOP('',(#2120,#2121,#2122,#2123,#2124,#2125,#2126));
#341=EDGE_LOOP('',(#2127,#2128,#2129,#2130));
#342=EDGE_LOOP('',(#2131,#2132,#2133,#2134));
#343=EDGE_LOOP('',(#2135,#2136,#2137,#2138,#2139,#2140));
#344=EDGE_LOOP('',(#2141,#2142,#2143,#2144));
#345=EDGE_LOOP('',(#2145,#2146,#2147,#2148));
#346=EDGE_LOOP('',(#2149,#2150,#2151,#2152));
#347=EDGE_LOOP('',(#2153,#2154,#2155,#2156));
#348=EDGE_LOOP('',(#2157,#2158,#2159,#2160,#2161,#2162,#2163));
#349=EDGE_LOOP('',(#2164,#2165,#2166,#2167));
#350=EDGE_LOOP('',(#2168,#2169,#2170,#2171));
#351=EDGE_LOOP('',(#2172,#2173,#2174,#2175));
#352=EDGE_LOOP('',(#2176,#2177,#2178,#2179));
#353=EDGE_LOOP('',(#2180,#2181,#2182,#2183));
#354=EDGE_LOOP('',(#2184,#2185,#2186,#2187));
#355=EDGE_LOOP('',(#2188,#2189,#2190,#2191));
#356=EDGE_LOOP('',(#2192,#2193,#2194,#2195));
#357=EDGE_LOOP('',(#2196,#2197,#2198,#2199));
#358=EDGE_LOOP('',(#2200,#2201,#2202,#2203));
#359=EDGE_LOOP('',(#2204,#2205,#2206,#2207));
#360=EDGE_LOOP('',(#2208,#2209,#2210,#2211));
#361=EDGE_LOOP('',(#2212,#2213,#2214,#2215));
#362=EDGE_LOOP('',(#2216,#2217,#2218,#2219));
#363=EDGE_LOOP('',(#2220,#2221,#2222,#2223));
#364=EDGE_LOOP('',(#2224,#2225,#2226,#2227));
#365=EDGE_LOOP('',(#2228,#2229,#2230,#2231));
#366=EDGE_LOOP('',(#2232,#2233,#2234,#2235));
#367=EDGE_LOOP('',(#2236,#2237,#2238,#2239));
#368=EDGE_LOOP('',(#2240,#2241,#2242,#2243));
#369=EDGE_LOOP('',(#2244,#2245,#2246,#2247));
#370=EDGE_LOOP('',(#2248,#2249,#2250,#2251));
#371=EDGE_LOOP('',(#2252,#2253,#2254,#2255));
#372=EDGE_LOOP('',(#2256,#2257,#2258,#2259));
#373=EDGE_LOOP('',(#2260,#2261,#2262,#2263));
#374=EDGE_LOOP('',(#2264,#2265,#2266,#2267));
#375=EDGE_LOOP('',(#2268,#2269,#2270,#2271));
#376=EDGE_LOOP('',(#2272,#2273,#2274,#2275,#2276));
#377=EDGE_LOOP('',(#2277,#2278,#2279,#2280,#2281));
#378=EDGE_LOOP('',(#2282,#2283,#2284,#2285));
#379=EDGE_LOOP('',(#2286,#2287,#2288,#2289));
#380=EDGE_LOOP('',(#2290,#2291,#2292,#2293));
#381=EDGE_LOOP('',(#2294,#2295,#2296,#2297,#2298,#2299,#2300,#2301));
#382=EDGE_LOOP('',(#2302,#2303,#2304,#2305,#2306,#2307,#2308,#2309));
#383=EDGE_LOOP('',(#2310,#2311,#2312,#2313));
#384=EDGE_LOOP('',(#2314,#2315,#2316,#2317,#2318,#2319,#2320,#2321));
#385=EDGE_LOOP('',(#2322,#2323,#2324,#2325,#2326,#2327,#2328,#2329));
#386=EDGE_LOOP('',(#2330,#2331,#2332,#2333));
#387=EDGE_LOOP('',(#2334,#2335,#2336,#2337));
#388=EDGE_LOOP('',(#2338,#2339,#2340,#2341,#2342,#2343));
#389=EDGE_LOOP('',(#2344,#2345,#2346,#2347,#2348,#2349));
#390=EDGE_LOOP('',(#2350,#2351,#2352,#2353));
#391=EDGE_LOOP('',(#2354,#2355,#2356,#2357));
#392=EDGE_LOOP('',(#2358,#2359,#2360,#2361,#2362,#2363,#2364,#2365,#2366,
#2367,#2368,#2369,#2370,#2371,#2372,#2373,#2374,#2375,#2376,#2377,#2378,
#2379,#2380,#2381,#2382,#2383,#2384,#2385,#2386,#2387,#2388,#2389,#2390,
#2391,#2392,#2393));
#393=EDGE_LOOP('',(#2394,#2395,#2396,#2397));
#394=EDGE_LOOP('',(#2398,#2399,#2400,#2401));
#395=EDGE_LOOP('',(#2402,#2403,#2404,#2405));
#396=EDGE_LOOP('',(#2406,#2407,#2408,#2409));
#397=EDGE_LOOP('',(#2410,#2411,#2412,#2413));
#398=EDGE_LOOP('',(#2414,#2415,#2416,#2417));
#399=EDGE_LOOP('',(#2418,#2419,#2420,#2421));
#400=EDGE_LOOP('',(#2422,#2423,#2424,#2425));
#401=EDGE_LOOP('',(#2426,#2427,#2428,#2429));
#402=EDGE_LOOP('',(#2430,#2431,#2432,#2433));
#403=EDGE_LOOP('',(#2434,#2435,#2436,#2437));
#404=EDGE_LOOP('',(#2438,#2439,#2440,#2441));
#405=EDGE_LOOP('',(#2442,#2443,#2444,#2445));
#406=EDGE_LOOP('',(#2446,#2447,#2448,#2449));
#407=EDGE_LOOP('',(#2450,#2451,#2452,#2453));
#408=EDGE_LOOP('',(#2454));
#409=EDGE_LOOP('',(#2455,#2456,#2457,#2458,#2459,#2460,#2461,#2462,#2463,
#2464));
#410=EDGE_LOOP('',(#2465,#2466,#2467,#2468));
#411=EDGE_LOOP('',(#2469));
#412=EDGE_LOOP('',(#2470,#2471,#2472,#2473));
#413=EDGE_LOOP('',(#2474,#2475,#2476,#2477,#2478,#2479,#2480,#2481,#2482,
#2483));
#414=EDGE_LOOP('',(#2484));
#415=EDGE_LOOP('',(#2485));
#416=EDGE_LOOP('',(#2486,#2487,#2488,#2489));
#417=EDGE_LOOP('',(#2490,#2491,#2492,#2493,#2494,#2495,#2496,#2497));
#418=EDGE_LOOP('',(#2498,#2499,#2500,#2501));
#419=EDGE_LOOP('',(#2502,#2503,#2504,#2505,#2506,#2507,#2508,#2509));
#420=EDGE_LOOP('',(#2510,#2511,#2512,#2513));
#421=EDGE_LOOP('',(#2514,#2515,#2516,#2517));
#422=EDGE_LOOP('',(#2518,#2519,#2520,#2521));
#423=EDGE_LOOP('',(#2522,#2523,#2524,#2525));
#424=EDGE_LOOP('',(#2526,#2527,#2528,#2529));
#425=EDGE_LOOP('',(#2530,#2531,#2532,#2533));
#426=EDGE_LOOP('',(#2534,#2535,#2536,#2537));
#427=EDGE_LOOP('',(#2538,#2539,#2540,#2541));
#428=EDGE_LOOP('',(#2542,#2543,#2544,#2545));
#429=EDGE_LOOP('',(#2546,#2547,#2548,#2549));
#430=EDGE_LOOP('',(#2550,#2551,#2552,#2553));
#431=EDGE_LOOP('',(#2554,#2555,#2556,#2557));
#432=EDGE_LOOP('',(#2558,#2559,#2560,#2561));
#433=EDGE_LOOP('',(#2562,#2563,#2564,#2565));
#434=EDGE_LOOP('',(#2566,#2567,#2568,#2569));
#435=EDGE_LOOP('',(#2570,#2571,#2572,#2573));
#436=EDGE_LOOP('',(#2574,#2575,#2576,#2577));
#437=EDGE_LOOP('',(#2578,#2579,#2580,#2581));
#438=EDGE_LOOP('',(#2582,#2583,#2584,#2585));
#439=EDGE_LOOP('',(#2586,#2587,#2588,#2589));
#440=EDGE_LOOP('',(#2590,#2591,#2592,#2593));
#441=EDGE_LOOP('',(#2594,#2595,#2596,#2597));
#442=EDGE_LOOP('',(#2598,#2599,#2600,#2601));
#443=EDGE_LOOP('',(#2602,#2603,#2604,#2605));
#444=EDGE_LOOP('',(#2606,#2607,#2608,#2609));
#445=EDGE_LOOP('',(#2610,#2611,#2612,#2613));
#446=EDGE_LOOP('',(#2614,#2615,#2616,#2617));
#447=EDGE_LOOP('',(#2618,#2619,#2620,#2621));
#448=EDGE_LOOP('',(#2622,#2623,#2624,#2625));
#449=EDGE_LOOP('',(#2626,#2627,#2628,#2629));
#450=EDGE_LOOP('',(#2630,#2631,#2632,#2633));
#451=EDGE_LOOP('',(#2634,#2635,#2636,#2637));
#452=EDGE_LOOP('',(#2638,#2639,#2640,#2641));
#453=EDGE_LOOP('',(#2642,#2643,#2644,#2645));
#454=EDGE_LOOP('',(#2646,#2647,#2648,#2649));
#455=EDGE_LOOP('',(#2650,#2651,#2652,#2653));
#456=EDGE_LOOP('',(#2654,#2655,#2656,#2657));
#457=EDGE_LOOP('',(#2658,#2659,#2660,#2661));
#458=EDGE_LOOP('',(#2662,#2663,#2664,#2665));
#459=EDGE_LOOP('',(#2666,#2667,#2668,#2669));
#460=EDGE_LOOP('',(#2670,#2671));
#461=EDGE_LOOP('',(#2672,#2673,#2674,#2675,#2676));
#462=EDGE_LOOP('',(#2677,#2678,#2679,#2680,#2681));
#463=EDGE_LOOP('',(#2682,#2683,#2684,#2685));
#464=EDGE_LOOP('',(#2686,#2687,#2688,#2689,#2690,#2691));
#465=EDGE_LOOP('',(#2692,#2693,#2694,#2695,#2696,#2697));
#466=EDGE_LOOP('',(#2698,#2699,#2700,#2701));
#467=EDGE_LOOP('',(#2702,#2703,#2704,#2705,#2706));
#468=EDGE_LOOP('',(#2707,#2708,#2709,#2710,#2711));
#469=EDGE_LOOP('',(#2712));
#470=EDGE_LOOP('',(#2713));
#471=LINE('',#4262,#718);
#472=LINE('',#4268,#719);
#473=LINE('',#4275,#720);
#474=LINE('',#4279,#721);
#475=LINE('',#4283,#722);
#476=LINE('',#4288,#723);
#477=LINE('',#4291,#724);
#478=LINE('',#4297,#725);
#479=LINE('',#4301,#726);
#480=LINE('',#4305,#727);
#481=LINE('',#4310,#728);
#482=LINE('',#4313,#729);
#483=LINE('',#4319,#730);
#484=LINE('',#4322,#731);
#485=LINE('',#4327,#732);
#486=LINE('',#4333,#733);
#487=LINE('',#4339,#734);
#488=LINE('',#4349,#735);
#489=LINE('',#4356,#736);
#490=LINE('',#4358,#737);
#491=LINE('',#4360,#738);
#492=LINE('',#4366,#739);
#493=LINE('',#4369,#740);
#494=LINE('',#4375,#741);
#495=LINE('',#4378,#742);
#496=LINE('',#4382,#743);
#497=LINE('',#4386,#744);
#498=LINE('',#4394,#745);
#499=LINE('',#4402,#746);
#500=LINE('',#4406,#747);
#501=LINE('',#4410,#748);
#502=LINE('',#4418,#749);
#503=LINE('',#4424,#750);
#504=LINE('',#4428,#751);
#505=LINE('',#4432,#752);
#506=LINE('',#4440,#753);
#507=LINE('',#4443,#754);
#508=LINE('',#4445,#755);
#509=LINE('',#4449,#756);
#510=LINE('',#4453,#757);
#511=LINE('',#4457,#758);
#512=LINE('',#4461,#759);
#513=LINE('',#4465,#760);
#514=LINE('',#4469,#761);
#515=LINE('',#4473,#762);
#516=LINE('',#4477,#763);
#517=LINE('',#4484,#764);
#518=LINE('',#4488,#765);
#519=LINE('',#4491,#766);
#520=LINE('',#4492,#767);
#521=LINE('',#4496,#768);
#522=LINE('',#4500,#769);
#523=LINE('',#4505,#770);
#524=LINE('',#4509,#771);
#525=LINE('',#4513,#772);
#526=LINE('',#4517,#773);
#527=LINE('',#4521,#774);
#528=LINE('',#4525,#775);
#529=LINE('',#4529,#776);
#530=LINE('',#4531,#777);
#531=LINE('',#4532,#778);
#532=LINE('',#4536,#779);
#533=LINE('',#4537,#780);
#534=LINE('',#4538,#781);
#535=LINE('',#4542,#782);
#536=LINE('',#4547,#783);
#537=LINE('',#4551,#784);
#538=LINE('',#4557,#785);
#539=LINE('',#4559,#786);
#540=LINE('',#4561,#787);
#541=LINE('',#4563,#788);
#542=LINE('',#4565,#789);
#543=LINE('',#4567,#790);
#544=LINE('',#4569,#791);
#545=LINE('',#4575,#792);
#546=LINE('',#4576,#793);
#547=LINE('',#4579,#794);
#548=LINE('',#4582,#795);
#549=LINE('',#4585,#796);
#550=LINE('',#4591,#797);
#551=LINE('',#4593,#798);
#552=LINE('',#4594,#799);
#553=LINE('',#4602,#800);
#554=LINE('',#4606,#801);
#555=LINE('',#4609,#802);
#556=LINE('',#4612,#803);
#557=LINE('',#4615,#804);
#558=LINE('',#4617,#805);
#559=LINE('',#4619,#806);
#560=LINE('',#4621,#807);
#561=LINE('',#4623,#808);
#562=LINE('',#4628,#809);
#563=LINE('',#4633,#810);
#564=LINE('',#4638,#811);
#565=LINE('',#4644,#812);
#566=LINE('',#4650,#813);
#567=LINE('',#4656,#814);
#568=LINE('',#4657,#815);
#569=LINE('',#4658,#816);
#570=LINE('',#4662,#817);
#571=LINE('',#4664,#818);
#572=LINE('',#4666,#819);
#573=LINE('',#4667,#820);
#574=LINE('',#4671,#821);
#575=LINE('',#4673,#822);
#576=LINE('',#4675,#823);
#577=LINE('',#4676,#824);
#578=LINE('',#4680,#825);
#579=LINE('',#4691,#826);
#580=LINE('',#4695,#827);
#581=LINE('',#4699,#828);
#582=LINE('',#4707,#829);
#583=LINE('',#4711,#830);
#584=LINE('',#4715,#831);
#585=LINE('',#4720,#832);
#586=LINE('',#4721,#833);
#587=LINE('',#4725,#834);
#588=LINE('',#4727,#835);
#589=LINE('',#4729,#836);
#590=LINE('',#4730,#837);
#591=LINE('',#4735,#838);
#592=LINE('',#4737,#839);
#593=LINE('',#4742,#840);
#594=LINE('',#4746,#841);
#595=LINE('',#4749,#842);
#596=LINE('',#4750,#843);
#597=LINE('',#4753,#844);
#598=LINE('',#4755,#845);
#599=LINE('',#4757,#846);
#600=LINE('',#4758,#847);
#601=LINE('',#4765,#848);
#602=LINE('',#4769,#849);
#603=LINE('',#4772,#850);
#604=LINE('',#4773,#851);
#605=LINE('',#4848,#852);
#606=LINE('',#4849,#853);
#607=LINE('',#4851,#854);
#608=LINE('',#4853,#855);
#609=LINE('',#4855,#856);
#610=LINE('',#4857,#857);
#611=LINE('',#4859,#858);
#612=LINE('',#4861,#859);
#613=LINE('',#4863,#860);
#614=LINE('',#4865,#861);
#615=LINE('',#4867,#862);
#616=LINE('',#4869,#863);
#617=LINE('',#4871,#864);
#618=LINE('',#4873,#865);
#619=LINE('',#4875,#866);
#620=LINE('',#4877,#867);
#621=LINE('',#4880,#868);
#622=LINE('',#4881,#869);
#623=LINE('',#4889,#870);
#624=LINE('',#4890,#871);
#625=LINE('',#4891,#872);
#626=LINE('',#4895,#873);
#627=LINE('',#4896,#874);
#628=LINE('',#4897,#875);
#629=LINE('',#4900,#876);
#630=LINE('',#4901,#877);
#631=LINE('',#4904,#878);
#632=LINE('',#4906,#879);
#633=LINE('',#4908,#880);
#634=LINE('',#4910,#881);
#635=LINE('',#4912,#882);
#636=LINE('',#4913,#883);
#637=LINE('',#4917,#884);
#638=LINE('',#4918,#885);
#639=LINE('',#4920,#886);
#640=LINE('',#4922,#887);
#641=LINE('',#4924,#888);
#642=LINE('',#4926,#889);
#643=LINE('',#4927,#890);
#644=LINE('',#4930,#891);
#645=LINE('',#4932,#892);
#646=LINE('',#4933,#893);
#647=LINE('',#4936,#894);
#648=LINE('',#4938,#895);
#649=LINE('',#4940,#896);
#650=LINE('',#4942,#897);
#651=LINE('',#4944,#898);
#652=LINE('',#4946,#899);
#653=LINE('',#4947,#900);
#654=LINE('',#4951,#901);
#655=LINE('',#4952,#902);
#656=LINE('',#4954,#903);
#657=LINE('',#4956,#904);
#658=LINE('',#4958,#905);
#659=LINE('',#4960,#906);
#660=LINE('',#4961,#907);
#661=LINE('',#4964,#908);
#662=LINE('',#4966,#909);
#663=LINE('',#4967,#910);
#664=LINE('',#4970,#911);
#665=LINE('',#4972,#912);
#666=LINE('',#4973,#913);
#667=LINE('',#4976,#914);
#668=LINE('',#4978,#915);
#669=LINE('',#4979,#916);
#670=LINE('',#4980,#917);
#671=LINE('',#4984,#918);
#672=LINE('',#4985,#919);
#673=LINE('',#4986,#920);
#674=LINE('',#4987,#921);
#675=LINE('',#4990,#922);
#676=LINE('',#4992,#923);
#677=LINE('',#4993,#924);
#678=LINE('',#4996,#925);
#679=LINE('',#4998,#926);
#680=LINE('',#4999,#927);
#681=LINE('',#5019,#928);
#682=LINE('',#5021,#929);
#683=LINE('',#5023,#930);
#684=LINE('',#5025,#931);
#685=LINE('',#5027,#932);
#686=LINE('',#5029,#933);
#687=LINE('',#5031,#934);
#688=LINE('',#5033,#935);
#689=LINE('',#5035,#936);
#690=LINE('',#5037,#937);
#691=LINE('',#5039,#938);
#692=LINE('',#5041,#939);
#693=LINE('',#5045,#940);
#694=LINE('',#5047,#941);
#695=LINE('',#5048,#942);
#696=LINE('',#5051,#943);
#697=LINE('',#5053,#944);
#698=LINE('',#5054,#945);
#699=LINE('',#5066,#946);
#700=LINE('',#5068,#947);
#701=LINE('',#5069,#948);
#702=LINE('',#5072,#949);
#703=LINE('',#5074,#950);
#704=LINE('',#5075,#951);
#705=LINE('',#5089,#952);
#706=LINE('',#5092,#953);
#707=LINE('',#5102,#954);
#708=LINE('',#5103,#955);
#709=LINE('',#5156,#956);
#710=LINE('',#5158,#957);
#711=LINE('',#5159,#958);
#712=LINE('',#5161,#959);
#713=LINE('',#5162,#960);
#714=LINE('',#5166,#961);
#715=LINE('',#5167,#962);
#716=LINE('',#5169,#963);
#717=LINE('',#5170,#964);
#718=VECTOR('',#3318,1.9);
#719=VECTOR('',#3325,1.9);
#720=VECTOR('',#3332,1000.);
#721=VECTOR('',#3335,1000.);
#722=VECTOR('',#3338,3.);
#723=VECTOR('',#3343,1000.);
#724=VECTOR('',#3346,1000.);
#725=VECTOR('',#3351,1000.);
#726=VECTOR('',#3354,1000.);
#727=VECTOR('',#3357,3.);
#728=VECTOR('',#3362,1000.);
#729=VECTOR('',#3365,1000.);
#730=VECTOR('',#3370,1000.);
#731=VECTOR('',#3373,1000.);
#732=VECTOR('',#3378,1.9);
#733=VECTOR('',#3385,1.9);
#734=VECTOR('',#3392,1.625);
#735=VECTOR('',#3403,1.625);
#736=VECTOR('',#3412,1000.);
#737=VECTOR('',#3415,1000.);
#738=VECTOR('',#3418,1000.);
#739=VECTOR('',#3423,1000.);
#740=VECTOR('',#3426,1000.);
#741=VECTOR('',#3431,1000.);
#742=VECTOR('',#3434,1000.);
#743=VECTOR('',#3437,1000.);
#744=VECTOR('',#3440,1000.);
#745=VECTOR('',#3447,1000.);
#746=VECTOR('',#3454,1000.);
#747=VECTOR('',#3457,1000.);
#748=VECTOR('',#3460,1000.);
#749=VECTOR('',#3467,1000.);
#750=VECTOR('',#3472,1000.);
#751=VECTOR('',#3475,1000.);
#752=VECTOR('',#3478,1000.);
#753=VECTOR('',#3485,1000.);
#754=VECTOR('',#3488,1000.);
#755=VECTOR('',#3489,1000.);
#756=VECTOR('',#3492,1000.);
#757=VECTOR('',#3495,1000.);
#758=VECTOR('',#3498,1000.);
#759=VECTOR('',#3501,1000.);
#760=VECTOR('',#3504,1000.);
#761=VECTOR('',#3507,1000.);
#762=VECTOR('',#3510,1000.);
#763=VECTOR('',#3513,1000.);
#764=VECTOR('',#3520,1000.);
#765=VECTOR('',#3523,1000.);
#766=VECTOR('',#3526,1000.);
#767=VECTOR('',#3527,1000.);
#768=VECTOR('',#3530,1000.);
#769=VECTOR('',#3533,1000.);
#770=VECTOR('',#3538,1000.);
#771=VECTOR('',#3541,1000.);
#772=VECTOR('',#3544,1000.);
#773=VECTOR('',#3547,1000.);
#774=VECTOR('',#3550,1000.);
#775=VECTOR('',#3553,1000.);
#776=VECTOR('',#3558,1000.);
#777=VECTOR('',#3559,1000.);
#778=VECTOR('',#3560,1000.);
#779=VECTOR('',#3563,1000.);
#780=VECTOR('',#3564,1000.);
#781=VECTOR('',#3565,1000.);
#782=VECTOR('',#3568,1000.);
#783=VECTOR('',#3573,1000.);
#784=VECTOR('',#3576,1000.);
#785=VECTOR('',#3583,1000.);
#786=VECTOR('',#3584,1000.);
#787=VECTOR('',#3585,1000.);
#788=VECTOR('',#3586,1000.);
#789=VECTOR('',#3587,1000.);
#790=VECTOR('',#3588,1000.);
#791=VECTOR('',#3589,1000.);
#792=VECTOR('',#3594,1000.);
#793=VECTOR('',#3595,1000.);
#794=VECTOR('',#3598,1000.);
#795=VECTOR('',#3601,1000.);
#796=VECTOR('',#3604,1000.);
#797=VECTOR('',#3609,1000.);
#798=VECTOR('',#3610,1000.);
#799=VECTOR('',#3611,1000.);
#800=VECTOR('',#3618,1000.);
#801=VECTOR('',#3621,1000.);
#802=VECTOR('',#3624,1000.);
#803=VECTOR('',#3627,1000.);
#804=VECTOR('',#3630,1000.);
#805=VECTOR('',#3631,1000.);
#806=VECTOR('',#3632,1000.);
#807=VECTOR('',#3633,1000.);
#808=VECTOR('',#3634,1000.);
#809=VECTOR('',#3639,1000.);
#810=VECTOR('',#3644,1000.);
#811=VECTOR('',#3649,1000.);
#812=VECTOR('',#3656,1000.);
#813=VECTOR('',#3663,1000.);
#814=VECTOR('',#3670,1000.);
#815=VECTOR('',#3671,1000.);
#816=VECTOR('',#3672,1000.);
#817=VECTOR('',#3675,1000.);
#818=VECTOR('',#3676,1000.);
#819=VECTOR('',#3677,1000.);
#820=VECTOR('',#3678,1000.);
#821=VECTOR('',#3681,1000.);
#822=VECTOR('',#3682,1000.);
#823=VECTOR('',#3683,1000.);
#824=VECTOR('',#3684,1000.);
#825=VECTOR('',#3687,1000.);
#826=VECTOR('',#3702,1000.);
#827=VECTOR('',#3705,1000.);
#828=VECTOR('',#3708,1000.);
#829=VECTOR('',#3715,1000.);
#830=VECTOR('',#3718,1000.);
#831=VECTOR('',#3721,1000.);
#832=VECTOR('',#3728,1000.);
#833=VECTOR('',#3729,1000.);
#834=VECTOR('',#3732,1000.);
#835=VECTOR('',#3733,1000.);
#836=VECTOR('',#3734,1000.);
#837=VECTOR('',#3735,1000.);
#838=VECTOR('',#3740,1000.);
#839=VECTOR('',#3741,1000.);
#840=VECTOR('',#3746,1000.);
#841=VECTOR('',#3749,1000.);
#842=VECTOR('',#3754,1000.);
#843=VECTOR('',#3755,1000.);
#844=VECTOR('',#3758,1000.);
#845=VECTOR('',#3759,1000.);
#846=VECTOR('',#3760,1000.);
#847=VECTOR('',#3761,1000.);
#848=VECTOR('',#3770,1000.);
#849=VECTOR('',#3773,1000.);
#850=VECTOR('',#3778,1000.);
#851=VECTOR('',#3779,1000.);
#852=VECTOR('',#3832,1000.);
#853=VECTOR('',#3833,1000.);
#854=VECTOR('',#3836,1000.);
#855=VECTOR('',#3839,1000.);
#856=VECTOR('',#3842,1000.);
#857=VECTOR('',#3845,1000.);
#858=VECTOR('',#3848,1000.);
#859=VECTOR('',#3851,1000.);
#860=VECTOR('',#3854,1000.);
#861=VECTOR('',#3857,1000.);
#862=VECTOR('',#3860,1000.);
#863=VECTOR('',#3863,1000.);
#864=VECTOR('',#3866,1000.);
#865=VECTOR('',#3869,1000.);
#866=VECTOR('',#3872,1000.);
#867=VECTOR('',#3875,1000.);
#868=VECTOR('',#3880,1000.);
#869=VECTOR('',#3881,1000.);
#870=VECTOR('',#3892,1000.);
#871=VECTOR('',#3893,1000.);
#872=VECTOR('',#3894,1000.);
#873=VECTOR('',#3897,1000.);
#874=VECTOR('',#3898,1000.);
#875=VECTOR('',#3899,1000.);
#876=VECTOR('',#3902,1000.);
#877=VECTOR('',#3903,1000.);
#878=VECTOR('',#3906,1000.);
#879=VECTOR('',#3907,1000.);
#880=VECTOR('',#3908,1000.);
#881=VECTOR('',#3909,1000.);
#882=VECTOR('',#3910,1000.);
#883=VECTOR('',#3911,1000.);
#884=VECTOR('',#3914,1000.);
#885=VECTOR('',#3915,1000.);
#886=VECTOR('',#3916,1000.);
#887=VECTOR('',#3917,1000.);
#888=VECTOR('',#3918,1000.);
#889=VECTOR('',#3919,1000.);
#890=VECTOR('',#3920,1000.);
#891=VECTOR('',#3923,1000.);
#892=VECTOR('',#3924,1000.);
#893=VECTOR('',#3925,1000.);
#894=VECTOR('',#3928,1000.);
#895=VECTOR('',#3929,1000.);
#896=VECTOR('',#3930,1000.);
#897=VECTOR('',#3931,1000.);
#898=VECTOR('',#3932,1000.);
#899=VECTOR('',#3933,1000.);
#900=VECTOR('',#3934,1000.);
#901=VECTOR('',#3937,1000.);
#902=VECTOR('',#3938,1000.);
#903=VECTOR('',#3939,1000.);
#904=VECTOR('',#3940,1000.);
#905=VECTOR('',#3941,1000.);
#906=VECTOR('',#3942,1000.);
#907=VECTOR('',#3943,1000.);
#908=VECTOR('',#3946,1000.);
#909=VECTOR('',#3947,1000.);
#910=VECTOR('',#3948,1000.);
#911=VECTOR('',#3951,1000.);
#912=VECTOR('',#3952,1000.);
#913=VECTOR('',#3953,1000.);
#914=VECTOR('',#3956,1000.);
#915=VECTOR('',#3957,1000.);
#916=VECTOR('',#3958,1000.);
#917=VECTOR('',#3959,1000.);
#918=VECTOR('',#3962,1000.);
#919=VECTOR('',#3963,1000.);
#920=VECTOR('',#3964,1000.);
#921=VECTOR('',#3965,1000.);
#922=VECTOR('',#3968,1000.);
#923=VECTOR('',#3969,1000.);
#924=VECTOR('',#3970,1000.);
#925=VECTOR('',#3973,1000.);
#926=VECTOR('',#3974,1000.);
#927=VECTOR('',#3975,1000.);
#928=VECTOR('',#4014,1000.);
#929=VECTOR('',#4017,1000.);
#930=VECTOR('',#4020,1000.);
#931=VECTOR('',#4023,1000.);
#932=VECTOR('',#4026,1000.);
#933=VECTOR('',#4029,1000.);
#934=VECTOR('',#4032,1000.);
#935=VECTOR('',#4035,1000.);
#936=VECTOR('',#4038,1000.);
#937=VECTOR('',#4041,1000.);
#938=VECTOR('',#4044,1000.);
#939=VECTOR('',#4047,1000.);
#940=VECTOR('',#4052,1000.);
#941=VECTOR('',#4053,1000.);
#942=VECTOR('',#4054,1000.);
#943=VECTOR('',#4057,1000.);
#944=VECTOR('',#4058,1000.);
#945=VECTOR('',#4059,1000.);
#946=VECTOR('',#4076,1000.);
#947=VECTOR('',#4077,1000.);
#948=VECTOR('',#4078,1000.);
#949=VECTOR('',#4081,1000.);
#950=VECTOR('',#4082,1000.);
#951=VECTOR('',#4083,1000.);
#952=VECTOR('',#4104,1000.);
#953=VECTOR('',#4107,1000.);
#954=VECTOR('',#4122,1000.);
#955=VECTOR('',#4123,1000.);
#956=VECTOR('',#4228,1000.);
#957=VECTOR('',#4231,1000.);
#958=VECTOR('',#4232,1000.);
#959=VECTOR('',#4235,1000.);
#960=VECTOR('',#4236,1000.);
#961=VECTOR('',#4243,1000.);
#962=VECTOR('',#4244,1000.);
#963=VECTOR('',#4247,1000.);
#964=VECTOR('',#4248,1000.);
#965=CIRCLE('',#2965,1.9);
#966=CIRCLE('',#2966,1.9);
#967=CIRCLE('',#2968,1.9);
#968=CIRCLE('',#2969,1.9);
#969=CIRCLE('',#2971,3.);
#970=CIRCLE('',#2972,3.);
#971=CIRCLE('',#2973,3.);
#972=CIRCLE('',#2974,3.);
#973=CIRCLE('',#2975,3.);
#974=CIRCLE('',#2976,3.);
#975=CIRCLE('',#2978,3.);
#976=CIRCLE('',#2979,3.);
#977=CIRCLE('',#2980,3.);
#978=CIRCLE('',#2981,3.);
#979=CIRCLE('',#2982,3.);
#980=CIRCLE('',#2983,3.);
#981=CIRCLE('',#2985,0.5);
#982=CIRCLE('',#2986,0.5);
#983=CIRCLE('',#2988,1.9);
#984=CIRCLE('',#2989,1.9);
#985=CIRCLE('',#2991,1.9);
#986=CIRCLE('',#2992,1.9);
#987=CIRCLE('',#2994,1.625);
#988=CIRCLE('',#2995,1.625);
#989=CIRCLE('',#2996,1.625);
#990=CIRCLE('',#2997,1.625);
#991=CIRCLE('',#2999,1.625);
#992=CIRCLE('',#3000,1.625);
#993=CIRCLE('',#3001,1.625);
#994=CIRCLE('',#3002,1.625);
#995=CIRCLE('',#3007,26.55);
#996=CIRCLE('',#3008,26.55);
#997=CIRCLE('',#3010,26.55);
#998=CIRCLE('',#3011,26.55);
#999=CIRCLE('',#3013,0.5);
#1000=CIRCLE('',#3014,1.);
#1001=CIRCLE('',#3015,28.5);
#1002=CIRCLE('',#3016,1.5);
#1003=CIRCLE('',#3017,28.);
#1004=CIRCLE('',#3018,100.5);
#1005=CIRCLE('',#3019,1.99999999999998);
#1006=CIRCLE('',#3020,1.99999999999999);
#1007=CIRCLE('',#3021,1.99999999999999);
#1008=CIRCLE('',#3022,1.99999999999999);
#1009=CIRCLE('',#3023,100.5);
#1010=CIRCLE('',#3024,28.);
#1011=CIRCLE('',#3025,1.5);
#1012=CIRCLE('',#3026,28.5);
#1013=CIRCLE('',#3027,0.5);
#1014=CIRCLE('',#3028,0.5);
#1015=CIRCLE('',#3029,1.);
#1016=CIRCLE('',#3030,26.55);
#1017=CIRCLE('',#3031,1.);
#1018=CIRCLE('',#3032,0.5);
#1019=CIRCLE('',#3033,1.);
#1020=CIRCLE('',#3034,1.);
#1021=CIRCLE('',#3035,1.);
#1022=CIRCLE('',#3036,0.5);
#1023=CIRCLE('',#3037,0.5);
#1024=CIRCLE('',#3038,1.);
#1025=CIRCLE('',#3039,1.);
#1026=CIRCLE('',#3040,1.);
#1027=CIRCLE('',#3041,0.5);
#1028=CIRCLE('',#3043,26.55);
#1029=CIRCLE('',#3044,26.55);
#1030=CIRCLE('',#3045,26.55);
#1031=CIRCLE('',#3047,1.);
#1032=CIRCLE('',#3048,0.5);
#1033=CIRCLE('',#3049,0.5);
#1034=CIRCLE('',#3050,1.);
#1035=CIRCLE('',#3051,0.5);
#1036=CIRCLE('',#3052,0.5);
#1037=CIRCLE('',#3053,0.999999999999999);
#1038=CIRCLE('',#3054,0.5);
#1039=CIRCLE('',#3055,0.5);
#1040=CIRCLE('',#3059,0.5);
#1041=CIRCLE('',#3060,1.);
#1042=CIRCLE('',#3061,1.);
#1043=CIRCLE('',#3062,0.999999999999999);
#1044=CIRCLE('',#3063,0.5);
#1045=CIRCLE('',#3068,28.5);
#1046=CIRCLE('',#3070,16.);
#1047=CIRCLE('',#3071,21.);
#1048=CIRCLE('',#3073,28.5);
#1049=CIRCLE('',#3074,1.5);
#1050=CIRCLE('',#3075,2.5);
#1051=CIRCLE('',#3076,2.5);
#1052=CIRCLE('',#3077,0.5);
#1053=CIRCLE('',#3082,28.5);
#1054=CIRCLE('',#3083,28.5);
#1055=CIRCLE('',#3085,28.5);
#1056=CIRCLE('',#3086,28.5);
#1057=CIRCLE('',#3088,100.);
#1058=CIRCLE('',#3089,100.);
#1059=CIRCLE('',#3091,2.49999999999999);
#1060=CIRCLE('',#3092,2.49999999999999);
#1061=CIRCLE('',#3097,2.49999999999999);
#1062=CIRCLE('',#3098,2.49999999999999);
#1063=CIRCLE('',#3100,100.);
#1064=CIRCLE('',#3101,100.);
#1065=CIRCLE('',#3103,0.499999999999983);
#1066=CIRCLE('',#3104,0.499999999999994);
#1067=CIRCLE('',#3105,0.499999999999994);
#1068=CIRCLE('',#3106,0.49999999999999);
#1069=CIRCLE('',#3107,102.);
#1070=CIRCLE('',#3108,26.5);
#1071=CIRCLE('',#3109,0.499999999999994);
#1072=CIRCLE('',#3110,0.499999999999994);
#1073=CIRCLE('',#3111,26.5);
#1074=CIRCLE('',#3112,102.);
#1075=CIRCLE('',#3116,16.);
#1076=CIRCLE('',#3117,21.);
#1077=CIRCLE('',#3119,16.5);
#1078=CIRCLE('',#3120,16.5);
#1079=CIRCLE('',#3124,20.5);
#1080=CIRCLE('',#3125,20.5);
#1081=CIRCLE('',#3134,1.);
#1082=CIRCLE('',#3135,0.5);
#1083=CIRCLE('',#3136,1.5);
#1084=CIRCLE('',#3138,2.5);
#1085=CIRCLE('',#3139,2.5);
#1086=CIRCLE('',#3140,2.5);
#1087=CIRCLE('',#3141,2.5);
#1088=CIRCLE('',#3144,2.5);
#1089=CIRCLE('',#3145,2.5);
#1090=CIRCLE('',#3146,2.5);
#1091=CIRCLE('',#3147,2.5);
#1092=CIRCLE('',#3150,2.5);
#1093=CIRCLE('',#3151,2.5);
#1094=CIRCLE('',#3153,2.5);
#1095=CIRCLE('',#3154,2.5);
#1096=CIRCLE('',#3191,0.5);
#1097=CIRCLE('',#3192,1.);
#1098=CIRCLE('',#3193,0.5);
#1099=CIRCLE('',#3194,0.5);
#1100=CIRCLE('',#3195,1.);
#1101=CIRCLE('',#3196,1.);
#1102=CIRCLE('',#3197,0.5);
#1103=CIRCLE('',#3198,0.5);
#1104=CIRCLE('',#3199,1.);
#1105=CIRCLE('',#3200,1.);
#1106=CIRCLE('',#3201,0.5);
#1107=CIRCLE('',#3202,1.);
#1108=CIRCLE('',#3203,0.5);
#1109=CIRCLE('',#3204,1.);
#1110=CIRCLE('',#3205,0.5);
#1111=CIRCLE('',#3206,0.5);
#1112=CIRCLE('',#3207,1.);
#1113=CIRCLE('',#3224,28.5);
#1114=CIRCLE('',#3225,1.);
#1115=CIRCLE('',#3226,1.);
#1116=CIRCLE('',#3227,1.);
#1117=CIRCLE('',#3228,1.);
#1118=CIRCLE('',#3229,1.);
#1119=CIRCLE('',#3233,1.);
#1120=CIRCLE('',#3234,28.5);
#1121=CIRCLE('',#3235,1.);
#1122=CIRCLE('',#3236,1.);
#1123=CIRCLE('',#3237,1.);
#1124=CIRCLE('',#3238,1.);
#1125=CIRCLE('',#3242,28.5);
#1126=CIRCLE('',#3244,1.);
#1127=CIRCLE('',#3245,1.);
#1128=CIRCLE('',#3246,1.);
#1129=CIRCLE('',#3247,1.);
#1130=CIRCLE('',#3249,28.5);
#1131=CIRCLE('',#3251,1.);
#1132=CIRCLE('',#3252,1.);
#1133=CIRCLE('',#3253,1.);
#1134=CIRCLE('',#3254,1.);
#1135=CIRCLE('',#3277,0.5);
#1136=CIRCLE('',#3279,0.500000000000002);
#1137=CIRCLE('',#3281,0.5);
#1138=CIRCLE('',#3284,0.5);
#1139=CIRCLE('',#3286,0.500000000000002);
#1140=CIRCLE('',#3288,0.5);
#1141=VERTEX_POINT('',#4259);
#1142=VERTEX_POINT('',#4261);
#1143=VERTEX_POINT('',#4265);
#1144=VERTEX_POINT('',#4267);
#1145=VERTEX_POINT('',#4271);
#1146=VERTEX_POINT('',#4272);
#1147=VERTEX_POINT('',#4274);
#1148=VERTEX_POINT('',#4276);
#1149=VERTEX_POINT('',#4278);
#1150=VERTEX_POINT('',#4280);
#1151=VERTEX_POINT('',#4282);
#1152=VERTEX_POINT('',#4285);
#1153=VERTEX_POINT('',#4287);
#1154=VERTEX_POINT('',#4289);
#1155=VERTEX_POINT('',#4293);
#1156=VERTEX_POINT('',#4294);
#1157=VERTEX_POINT('',#4296);
#1158=VERTEX_POINT('',#4298);
#1159=VERTEX_POINT('',#4300);
#1160=VERTEX_POINT('',#4302);
#1161=VERTEX_POINT('',#4304);
#1162=VERTEX_POINT('',#4307);
#1163=VERTEX_POINT('',#4309);
#1164=VERTEX_POINT('',#4311);
#1165=VERTEX_POINT('',#4315);
#1166=VERTEX_POINT('',#4316);
#1167=VERTEX_POINT('',#4318);
#1168=VERTEX_POINT('',#4320);
#1169=VERTEX_POINT('',#4324);
#1170=VERTEX_POINT('',#4326);
#1171=VERTEX_POINT('',#4330);
#1172=VERTEX_POINT('',#4332);
#1173=VERTEX_POINT('',#4336);
#1174=VERTEX_POINT('',#4338);
#1175=VERTEX_POINT('',#4340);
#1176=VERTEX_POINT('',#4342);
#1177=VERTEX_POINT('',#4346);
#1178=VERTEX_POINT('',#4348);
#1179=VERTEX_POINT('',#4350);
#1180=VERTEX_POINT('',#4352);
#1181=VERTEX_POINT('',#4362);
#1182=VERTEX_POINT('',#4363);
#1183=VERTEX_POINT('',#4365);
#1184=VERTEX_POINT('',#4367);
#1185=VERTEX_POINT('',#4371);
#1186=VERTEX_POINT('',#4372);
#1187=VERTEX_POINT('',#4374);
#1188=VERTEX_POINT('',#4376);
#1189=VERTEX_POINT('',#4380);
#1190=VERTEX_POINT('',#4381);
#1191=VERTEX_POINT('',#4383);
#1192=VERTEX_POINT('',#4385);
#1193=VERTEX_POINT('',#4387);
#1194=VERTEX_POINT('',#4389);
#1195=VERTEX_POINT('',#4391);
#1196=VERTEX_POINT('',#4393);
#1197=VERTEX_POINT('',#4395);
#1198=VERTEX_POINT('',#4397);
#1199=VERTEX_POINT('',#4399);
#1200=VERTEX_POINT('',#4401);
#1201=VERTEX_POINT('',#4403);
#1202=VERTEX_POINT('',#4405);
#1203=VERTEX_POINT('',#4407);
#1204=VERTEX_POINT('',#4409);
#1205=VERTEX_POINT('',#4411);
#1206=VERTEX_POINT('',#4413);
#1207=VERTEX_POINT('',#4415);
#1208=VERTEX_POINT('',#4417);
#1209=VERTEX_POINT('',#4419);
#1210=VERTEX_POINT('',#4421);
#1211=VERTEX_POINT('',#4423);
#1212=VERTEX_POINT('',#4426);
#1213=VERTEX_POINT('',#4427);
#1214=VERTEX_POINT('',#4429);
#1215=VERTEX_POINT('',#4431);
#1216=VERTEX_POINT('',#4433);
#1217=VERTEX_POINT('',#4435);
#1218=VERTEX_POINT('',#4437);
#1219=VERTEX_POINT('',#4439);
#1220=VERTEX_POINT('',#4441);
#1221=VERTEX_POINT('',#4444);
#1222=VERTEX_POINT('',#4446);
#1223=VERTEX_POINT('',#4448);
#1224=VERTEX_POINT('',#4450);
#1225=VERTEX_POINT('',#4452);
#1226=VERTEX_POINT('',#4454);
#1227=VERTEX_POINT('',#4456);
#1228=VERTEX_POINT('',#4458);
#1229=VERTEX_POINT('',#4460);
#1230=VERTEX_POINT('',#4462);
#1231=VERTEX_POINT('',#4464);
#1232=VERTEX_POINT('',#4466);
#1233=VERTEX_POINT('',#4468);
#1234=VERTEX_POINT('',#4470);
#1235=VERTEX_POINT('',#4472);
#1236=VERTEX_POINT('',#4474);
#1237=VERTEX_POINT('',#4476);
#1238=VERTEX_POINT('',#4480);
#1239=VERTEX_POINT('',#4481);
#1240=VERTEX_POINT('',#4483);
#1241=VERTEX_POINT('',#4485);
#1242=VERTEX_POINT('',#4487);
#1243=VERTEX_POINT('',#4489);
#1244=VERTEX_POINT('',#4494);
#1245=VERTEX_POINT('',#4495);
#1246=VERTEX_POINT('',#4497);
#1247=VERTEX_POINT('',#4499);
#1248=VERTEX_POINT('',#4502);
#1249=VERTEX_POINT('',#4504);
#1250=VERTEX_POINT('',#4506);
#1251=VERTEX_POINT('',#4508);
#1252=VERTEX_POINT('',#4510);
#1253=VERTEX_POINT('',#4512);
#1254=VERTEX_POINT('',#4514);
#1255=VERTEX_POINT('',#4516);
#1256=VERTEX_POINT('',#4518);
#1257=VERTEX_POINT('',#4520);
#1258=VERTEX_POINT('',#4522);
#1259=VERTEX_POINT('',#4524);
#1260=VERTEX_POINT('',#4528);
#1261=VERTEX_POINT('',#4530);
#1262=VERTEX_POINT('',#4534);
#1263=VERTEX_POINT('',#4535);
#1264=VERTEX_POINT('',#4540);
#1265=VERTEX_POINT('',#4541);
#1266=VERTEX_POINT('',#4544);
#1267=VERTEX_POINT('',#4546);
#1268=VERTEX_POINT('',#4548);
#1269=VERTEX_POINT('',#4550);
#1270=VERTEX_POINT('',#4555);
#1271=VERTEX_POINT('',#4556);
#1272=VERTEX_POINT('',#4558);
#1273=VERTEX_POINT('',#4560);
#1274=VERTEX_POINT('',#4562);
#1275=VERTEX_POINT('',#4564);
#1276=VERTEX_POINT('',#4566);
#1277=VERTEX_POINT('',#4568);
#1278=VERTEX_POINT('',#4570);
#1279=VERTEX_POINT('',#4572);
#1280=VERTEX_POINT('',#4574);
#1281=VERTEX_POINT('',#4578);
#1282=VERTEX_POINT('',#4580);
#1283=VERTEX_POINT('',#4584);
#1284=VERTEX_POINT('',#4586);
#1285=VERTEX_POINT('',#4588);
#1286=VERTEX_POINT('',#4590);
#1287=VERTEX_POINT('',#4592);
#1288=VERTEX_POINT('',#4596);
#1289=VERTEX_POINT('',#4597);
#1290=VERTEX_POINT('',#4599);
#1291=VERTEX_POINT('',#4601);
#1292=VERTEX_POINT('',#4603);
#1293=VERTEX_POINT('',#4605);
#1294=VERTEX_POINT('',#4608);
#1295=VERTEX_POINT('',#4610);
#1296=VERTEX_POINT('',#4614);
#1297=VERTEX_POINT('',#4616);
#1298=VERTEX_POINT('',#4618);
#1299=VERTEX_POINT('',#4620);
#1300=VERTEX_POINT('',#4622);
#1301=VERTEX_POINT('',#4624);
#1302=VERTEX_POINT('',#4626);
#1303=VERTEX_POINT('',#4630);
#1304=VERTEX_POINT('',#4632);
#1305=VERTEX_POINT('',#4636);
#1306=VERTEX_POINT('',#4637);
#1307=VERTEX_POINT('',#4642);
#1308=VERTEX_POINT('',#4643);
#1309=VERTEX_POINT('',#4648);
#1310=VERTEX_POINT('',#4649);
#1311=VERTEX_POINT('',#4654);
#1312=VERTEX_POINT('',#4655);
#1313=VERTEX_POINT('',#4660);
#1314=VERTEX_POINT('',#4661);
#1315=VERTEX_POINT('',#4663);
#1316=VERTEX_POINT('',#4665);
#1317=VERTEX_POINT('',#4669);
#1318=VERTEX_POINT('',#4670);
#1319=VERTEX_POINT('',#4672);
#1320=VERTEX_POINT('',#4674);
#1321=VERTEX_POINT('',#4678);
#1322=VERTEX_POINT('',#4679);
#1323=VERTEX_POINT('',#4687);
#1324=VERTEX_POINT('',#4688);
#1325=VERTEX_POINT('',#4690);
#1326=VERTEX_POINT('',#4692);
#1327=VERTEX_POINT('',#4694);
#1328=VERTEX_POINT('',#4696);
#1329=VERTEX_POINT('',#4698);
#1330=VERTEX_POINT('',#4700);
#1331=VERTEX_POINT('',#4702);
#1332=VERTEX_POINT('',#4704);
#1333=VERTEX_POINT('',#4706);
#1334=VERTEX_POINT('',#4708);
#1335=VERTEX_POINT('',#4710);
#1336=VERTEX_POINT('',#4712);
#1337=VERTEX_POINT('',#4714);
#1338=VERTEX_POINT('',#4716);
#1339=VERTEX_POINT('',#4723);
#1340=VERTEX_POINT('',#4724);
#1341=VERTEX_POINT('',#4726);
#1342=VERTEX_POINT('',#4728);
#1343=VERTEX_POINT('',#4732);
#1344=VERTEX_POINT('',#4733);
#1345=VERTEX_POINT('',#4736);
#1346=VERTEX_POINT('',#4740);
#1347=VERTEX_POINT('',#4741);
#1348=VERTEX_POINT('',#4743);
#1349=VERTEX_POINT('',#4745);
#1350=VERTEX_POINT('',#4752);
#1351=VERTEX_POINT('',#4754);
#1352=VERTEX_POINT('',#4756);
#1353=VERTEX_POINT('',#4763);
#1354=VERTEX_POINT('',#4764);
#1355=VERTEX_POINT('',#4766);
#1356=VERTEX_POINT('',#4768);
#1357=VERTEX_POINT('',#4887);
#1358=VERTEX_POINT('',#4888);
#1359=VERTEX_POINT('',#4893);
#1360=VERTEX_POINT('',#4894);
#1361=VERTEX_POINT('',#4899);
#1362=VERTEX_POINT('',#4903);
#1363=VERTEX_POINT('',#4905);
#1364=VERTEX_POINT('',#4907);
#1365=VERTEX_POINT('',#4909);
#1366=VERTEX_POINT('',#4911);
#1367=VERTEX_POINT('',#4915);
#1368=VERTEX_POINT('',#4916);
#1369=VERTEX_POINT('',#4919);
#1370=VERTEX_POINT('',#4921);
#1371=VERTEX_POINT('',#4923);
#1372=VERTEX_POINT('',#4925);
#1373=VERTEX_POINT('',#4929);
#1374=VERTEX_POINT('',#4931);
#1375=VERTEX_POINT('',#4935);
#1376=VERTEX_POINT('',#4937);
#1377=VERTEX_POINT('',#4939);
#1378=VERTEX_POINT('',#4941);
#1379=VERTEX_POINT('',#4943);
#1380=VERTEX_POINT('',#4945);
#1381=VERTEX_POINT('',#4949);
#1382=VERTEX_POINT('',#4950);
#1383=VERTEX_POINT('',#4953);
#1384=VERTEX_POINT('',#4955);
#1385=VERTEX_POINT('',#4957);
#1386=VERTEX_POINT('',#4959);
#1387=VERTEX_POINT('',#4963);
#1388=VERTEX_POINT('',#4965);
#1389=VERTEX_POINT('',#4969);
#1390=VERTEX_POINT('',#4971);
#1391=VERTEX_POINT('',#4975);
#1392=VERTEX_POINT('',#4977);
#1393=VERTEX_POINT('',#4982);
#1394=VERTEX_POINT('',#4983);
#1395=VERTEX_POINT('',#4989);
#1396=VERTEX_POINT('',#4991);
#1397=VERTEX_POINT('',#4995);
#1398=VERTEX_POINT('',#4997);
#1399=VERTEX_POINT('',#5044);
#1400=VERTEX_POINT('',#5046);
#1401=VERTEX_POINT('',#5050);
#1402=VERTEX_POINT('',#5052);
#1403=VERTEX_POINT('',#5056);
#1404=VERTEX_POINT('',#5057);
#1405=VERTEX_POINT('',#5065);
#1406=VERTEX_POINT('',#5067);
#1407=VERTEX_POINT('',#5071);
#1408=VERTEX_POINT('',#5073);
#1409=VERTEX_POINT('',#5077);
#1410=VERTEX_POINT('',#5079);
#1411=VERTEX_POINT('',#5088);
#1412=VERTEX_POINT('',#5090);
#1413=VERTEX_POINT('',#5099);
#1414=VERTEX_POINT('',#5100);
#1415=EDGE_CURVE('',#1141,#1141,#965,.T.);
#1416=EDGE_CURVE('',#1141,#1142,#471,.T.);
#1417=EDGE_CURVE('',#1142,#1142,#966,.T.);
#1418=EDGE_CURVE('',#1143,#1143,#967,.T.);
#1419=EDGE_CURVE('',#1143,#1144,#472,.T.);
#1420=EDGE_CURVE('',#1144,#1144,#968,.T.);
#1421=EDGE_CURVE('',#1145,#1146,#969,.T.);
#1422=EDGE_CURVE('',#1146,#1147,#473,.T.);
#1423=EDGE_CURVE('',#1148,#1147,#970,.T.);
#1424=EDGE_CURVE('',#1149,#1148,#474,.T.);
#1425=EDGE_CURVE('',#1149,#1150,#971,.T.);
#1426=EDGE_CURVE('',#1150,#1151,#475,.T.);
#1427=EDGE_CURVE('',#1151,#1151,#972,.T.);
#1428=EDGE_CURVE('',#1150,#1152,#973,.T.);
#1429=EDGE_CURVE('',#1152,#1153,#476,.T.);
#1430=EDGE_CURVE('',#1154,#1153,#974,.T.);
#1431=EDGE_CURVE('',#1145,#1154,#477,.T.);
#1432=EDGE_CURVE('',#1155,#1156,#975,.T.);
#1433=EDGE_CURVE('',#1155,#1157,#478,.T.);
#1434=EDGE_CURVE('',#1158,#1157,#976,.T.);
#1435=EDGE_CURVE('',#1159,#1158,#479,.T.);
#1436=EDGE_CURVE('',#1160,#1159,#977,.T.);
#1437=EDGE_CURVE('',#1160,#1161,#480,.T.);
#1438=EDGE_CURVE('',#1161,#1161,#978,.T.);
#1439=EDGE_CURVE('',#1162,#1160,#979,.T.);
#1440=EDGE_CURVE('',#1162,#1163,#481,.T.);
#1441=EDGE_CURVE('',#1164,#1163,#980,.T.);
#1442=EDGE_CURVE('',#1156,#1164,#482,.T.);
#1443=EDGE_CURVE('',#1165,#1166,#981,.T.);
#1444=EDGE_CURVE('',#1167,#1165,#483,.T.);
#1445=EDGE_CURVE('',#1168,#1167,#982,.T.);
#1446=EDGE_CURVE('',#1166,#1168,#484,.T.);
#1447=EDGE_CURVE('',#1169,#1169,#983,.T.);
#1448=EDGE_CURVE('',#1169,#1170,#485,.T.);
#1449=EDGE_CURVE('',#1170,#1170,#984,.T.);
#1450=EDGE_CURVE('',#1171,#1171,#985,.T.);
#1451=EDGE_CURVE('',#1171,#1172,#486,.T.);
#1452=EDGE_CURVE('',#1172,#1172,#986,.T.);
#1453=EDGE_CURVE('',#1173,#1173,#987,.T.);
#1454=EDGE_CURVE('',#1173,#1174,#487,.T.);
#1455=EDGE_CURVE('',#1175,#1174,#988,.T.);
#1456=EDGE_CURVE('',#1176,#1175,#989,.T.);
#1457=EDGE_CURVE('',#1174,#1176,#990,.T.);
#1458=EDGE_CURVE('',#1177,#1177,#991,.T.);
#1459=EDGE_CURVE('',#1177,#1178,#488,.T.);
#1460=EDGE_CURVE('',#1179,#1178,#992,.T.);
#1461=EDGE_CURVE('',#1180,#1179,#993,.T.);
#1462=EDGE_CURVE('',#1178,#1180,#994,.T.);
#1463=EDGE_CURVE('',#1163,#1164,#489,.T.);
#1464=EDGE_CURVE('',#1153,#1154,#490,.T.);
#1465=EDGE_CURVE('',#1158,#1157,#491,.T.);
#1466=EDGE_CURVE('',#1181,#1182,#995,.T.);
#1467=EDGE_CURVE('',#1182,#1183,#492,.T.);
#1468=EDGE_CURVE('',#1184,#1183,#996,.T.);
#1469=EDGE_CURVE('',#1184,#1181,#493,.T.);
#1470=EDGE_CURVE('',#1185,#1186,#997,.T.);
#1471=EDGE_CURVE('',#1186,#1187,#494,.T.);
#1472=EDGE_CURVE('',#1188,#1187,#998,.T.);
#1473=EDGE_CURVE('',#1188,#1185,#495,.T.);
#1474=EDGE_CURVE('',#1189,#1190,#496,.T.);
#1475=EDGE_CURVE('',#1189,#1191,#999,.T.);
#1476=EDGE_CURVE('',#1192,#1191,#497,.T.);
#1477=EDGE_CURVE('',#1192,#1193,#1000,.T.);
#1478=EDGE_CURVE('',#1194,#1193,#1001,.T.);
#1479=EDGE_CURVE('',#1194,#1195,#1002,.T.);
#1480=EDGE_CURVE('',#1195,#1196,#498,.T.);
#1481=EDGE_CURVE('',#1196,#1197,#1003,.T.);
#1482=EDGE_CURVE('',#1197,#1198,#1004,.T.);
#1483=EDGE_CURVE('',#1198,#1199,#1005,.T.);
#1484=EDGE_CURVE('',#1199,#1200,#499,.T.);
#1485=EDGE_CURVE('',#1200,#1201,#1006,.T.);
#1486=EDGE_CURVE('',#1201,#1202,#500,.T.);
#1487=EDGE_CURVE('',#1202,#1203,#1007,.T.);
#1488=EDGE_CURVE('',#1203,#1204,#501,.T.);
#1489=EDGE_CURVE('',#1204,#1205,#1008,.T.);
#1490=EDGE_CURVE('',#1205,#1206,#1009,.T.);
#1491=EDGE_CURVE('',#1206,#1207,#1010,.T.);
#1492=EDGE_CURVE('',#1207,#1208,#502,.T.);
#1493=EDGE_CURVE('',#1208,#1209,#1011,.T.);
#1494=EDGE_CURVE('',#1210,#1209,#1012,.T.);
#1495=EDGE_CURVE('',#1210,#1211,#503,.T.);
#1496=EDGE_CURVE('',#1211,#1190,#1013,.T.);
#1497=EDGE_CURVE('',#1212,#1213,#504,.T.);
#1498=EDGE_CURVE('',#1213,#1214,#1014,.T.);
#1499=EDGE_CURVE('',#1214,#1215,#505,.T.);
#1500=EDGE_CURVE('',#1215,#1216,#1015,.T.);
#1501=EDGE_CURVE('',#1217,#1216,#1016,.T.);
#1502=EDGE_CURVE('',#1217,#1218,#1017,.T.);
#1503=EDGE_CURVE('',#1219,#1218,#506,.T.);
#1504=EDGE_CURVE('',#1219,#1220,#1018,.T.);
#1505=EDGE_CURVE('',#1168,#1220,#507,.T.);
#1506=EDGE_CURVE('',#1167,#1221,#508,.T.);
#1507=EDGE_CURVE('',#1221,#1222,#1019,.T.);
#1508=EDGE_CURVE('',#1223,#1222,#509,.T.);
#1509=EDGE_CURVE('',#1223,#1224,#1020,.T.);
#1510=EDGE_CURVE('',#1225,#1224,#510,.T.);
#1511=EDGE_CURVE('',#1225,#1226,#1021,.T.);
#1512=EDGE_CURVE('',#1227,#1226,#511,.T.);
#1513=EDGE_CURVE('',#1227,#1228,#1022,.T.);
#1514=EDGE_CURVE('',#1229,#1228,#512,.T.);
#1515=EDGE_CURVE('',#1229,#1230,#1023,.T.);
#1516=EDGE_CURVE('',#1230,#1231,#513,.T.);
#1517=EDGE_CURVE('',#1231,#1232,#1024,.T.);
#1518=EDGE_CURVE('',#1232,#1233,#514,.T.);
#1519=EDGE_CURVE('',#1233,#1234,#1025,.T.);
#1520=EDGE_CURVE('',#1234,#1235,#515,.T.);
#1521=EDGE_CURVE('',#1235,#1236,#1026,.T.);
#1522=EDGE_CURVE('',#1236,#1237,#516,.T.);
#1523=EDGE_CURVE('',#1237,#1212,#1027,.T.);
#1524=EDGE_CURVE('',#1238,#1239,#1028,.T.);
#1525=EDGE_CURVE('',#1239,#1240,#517,.T.);
#1526=EDGE_CURVE('',#1241,#1240,#1029,.T.);
#1527=EDGE_CURVE('',#1241,#1242,#518,.T.);
#1528=EDGE_CURVE('',#1242,#1243,#1030,.T.);
#1529=EDGE_CURVE('',#1243,#1217,#519,.T.);
#1530=EDGE_CURVE('',#1216,#1238,#520,.T.);
#1531=EDGE_CURVE('',#1244,#1245,#521,.T.);
#1532=EDGE_CURVE('',#1244,#1246,#1031,.T.);
#1533=EDGE_CURVE('',#1247,#1246,#522,.T.);
#1534=EDGE_CURVE('',#1247,#1241,#1032,.T.);
#1535=EDGE_CURVE('',#1240,#1248,#1033,.T.);
#1536=EDGE_CURVE('',#1248,#1249,#523,.T.);
#1537=EDGE_CURVE('',#1249,#1250,#1034,.T.);
#1538=EDGE_CURVE('',#1251,#1250,#524,.T.);
#1539=EDGE_CURVE('',#1251,#1252,#1035,.T.);
#1540=EDGE_CURVE('',#1253,#1252,#525,.T.);
#1541=EDGE_CURVE('',#1253,#1254,#1036,.T.);
#1542=EDGE_CURVE('',#1255,#1254,#526,.T.);
#1543=EDGE_CURVE('',#1255,#1256,#1037,.T.);
#1544=EDGE_CURVE('',#1256,#1257,#527,.T.);
#1545=EDGE_CURVE('',#1257,#1258,#1038,.T.);
#1546=EDGE_CURVE('',#1258,#1259,#528,.T.);
#1547=EDGE_CURVE('',#1259,#1245,#1039,.T.);
#1548=EDGE_CURVE('',#1254,#1260,#529,.T.);
#1549=EDGE_CURVE('',#1261,#1260,#530,.T.);
#1550=EDGE_CURVE('',#1261,#1255,#531,.T.);
#1551=EDGE_CURVE('',#1262,#1263,#532,.T.);
#1552=EDGE_CURVE('',#1262,#1251,#533,.T.);
#1553=EDGE_CURVE('',#1250,#1263,#534,.T.);
#1554=EDGE_CURVE('',#1264,#1265,#535,.T.);
#1555=EDGE_CURVE('',#1265,#1262,#1040,.T.);
#1556=EDGE_CURVE('',#1263,#1266,#1041,.T.);
#1557=EDGE_CURVE('',#1267,#1266,#536,.T.);
#1558=EDGE_CURVE('',#1267,#1268,#1042,.T.);
#1559=EDGE_CURVE('',#1269,#1268,#537,.T.);
#1560=EDGE_CURVE('',#1269,#1261,#1043,.T.);
#1561=EDGE_CURVE('',#1260,#1264,#1044,.T.);
#1562=EDGE_CURVE('',#1270,#1271,#538,.T.);
#1563=EDGE_CURVE('',#1270,#1272,#539,.T.);
#1564=EDGE_CURVE('',#1272,#1273,#540,.T.);
#1565=EDGE_CURVE('',#1274,#1273,#541,.T.);
#1566=EDGE_CURVE('',#1274,#1275,#542,.T.);
#1567=EDGE_CURVE('',#1276,#1275,#543,.T.);
#1568=EDGE_CURVE('',#1276,#1277,#544,.T.);
#1569=EDGE_CURVE('',#1277,#1278,#41,.T.);
#1570=EDGE_CURVE('',#1278,#1279,#42,.T.);
#1571=EDGE_CURVE('',#1279,#1280,#545,.T.);
#1572=EDGE_CURVE('',#1280,#1271,#546,.T.);
#1573=EDGE_CURVE('',#1193,#1281,#547,.T.);
#1574=EDGE_CURVE('',#1282,#1281,#1045,.T.);
#1575=EDGE_CURVE('',#1282,#1194,#548,.T.);
#1576=EDGE_CURVE('',#1191,#1283,#549,.T.);
#1577=EDGE_CURVE('',#1283,#1284,#1046,.T.);
#1578=EDGE_CURVE('',#1284,#1285,#1047,.T.);
#1579=EDGE_CURVE('',#1285,#1286,#550,.T.);
#1580=EDGE_CURVE('',#1286,#1287,#551,.T.);
#1581=EDGE_CURVE('',#1287,#1192,#552,.T.);
#1582=EDGE_CURVE('',#1288,#1289,#1048,.T.);
#1583=EDGE_CURVE('',#1289,#1290,#1049,.T.);
#1584=EDGE_CURVE('',#1291,#1290,#553,.T.);
#1585=EDGE_CURVE('',#1291,#1292,#1050,.T.);
#1586=EDGE_CURVE('',#1293,#1292,#554,.T.);
#1587=EDGE_CURVE('',#1293,#1276,#1051,.T.);
#1588=EDGE_CURVE('',#1275,#1294,#555,.T.);
#1589=EDGE_CURVE('',#1294,#1295,#1052,.T.);
#1590=EDGE_CURVE('',#1295,#1288,#556,.T.);
#1591=EDGE_CURVE('',#1290,#1296,#557,.T.);
#1592=EDGE_CURVE('',#1296,#1297,#558,.T.);
#1593=EDGE_CURVE('',#1297,#1298,#559,.T.);
#1594=EDGE_CURVE('',#1298,#1299,#560,.T.);
#1595=EDGE_CURVE('',#1299,#1300,#561,.T.);
#1596=EDGE_CURVE('',#1300,#1301,#43,.T.);
#1597=EDGE_CURVE('',#1301,#1302,#44,.T.);
#1598=EDGE_CURVE('',#1302,#1291,#562,.T.);
#1599=EDGE_CURVE('',#1297,#1303,#1053,.T.);
#1600=EDGE_CURVE('',#1303,#1304,#563,.T.);
#1601=EDGE_CURVE('',#1304,#1298,#1054,.T.);
#1602=EDGE_CURVE('',#1305,#1306,#564,.T.);
#1603=EDGE_CURVE('',#1305,#1270,#1055,.T.);
#1604=EDGE_CURVE('',#1271,#1306,#1056,.T.);
#1605=EDGE_CURVE('',#1307,#1308,#565,.T.);
#1606=EDGE_CURVE('',#1307,#1305,#1057,.T.);
#1607=EDGE_CURVE('',#1306,#1308,#1058,.T.);
#1608=EDGE_CURVE('',#1309,#1310,#566,.T.);
#1609=EDGE_CURVE('',#1309,#1307,#1059,.T.);
#1610=EDGE_CURVE('',#1308,#1310,#1060,.T.);
#1611=EDGE_CURVE('',#1311,#1312,#567,.T.);
#1612=EDGE_CURVE('',#1312,#1309,#568,.T.);
#1613=EDGE_CURVE('',#1310,#1311,#569,.T.);
#1614=EDGE_CURVE('',#1313,#1314,#570,.T.);
#1615=EDGE_CURVE('',#1314,#1315,#571,.T.);
#1616=EDGE_CURVE('',#1315,#1316,#572,.T.);
#1617=EDGE_CURVE('',#1316,#1313,#573,.T.);
#1618=EDGE_CURVE('',#1317,#1318,#574,.T.);
#1619=EDGE_CURVE('',#1317,#1319,#575,.T.);
#1620=EDGE_CURVE('',#1319,#1320,#576,.T.);
#1621=EDGE_CURVE('',#1320,#1318,#577,.T.);
#1622=EDGE_CURVE('',#1321,#1322,#578,.T.);
#1623=EDGE_CURVE('',#1321,#1317,#1061,.T.);
#1624=EDGE_CURVE('',#1318,#1322,#1062,.T.);
#1625=EDGE_CURVE('',#1303,#1321,#1063,.T.);
#1626=EDGE_CURVE('',#1322,#1304,#1064,.T.);
#1627=EDGE_CURVE('',#1323,#1324,#1065,.T.);
#1628=EDGE_CURVE('',#1324,#1325,#579,.T.);
#1629=EDGE_CURVE('',#1325,#1326,#1066,.T.);
#1630=EDGE_CURVE('',#1326,#1327,#580,.T.);
#1631=EDGE_CURVE('',#1327,#1328,#1067,.T.);
#1632=EDGE_CURVE('',#1328,#1329,#581,.T.);
#1633=EDGE_CURVE('',#1329,#1330,#1068,.T.);
#1634=EDGE_CURVE('',#1330,#1331,#1069,.T.);
#1635=EDGE_CURVE('',#1331,#1332,#1070,.T.);
#1636=EDGE_CURVE('',#1332,#1333,#582,.T.);
#1637=EDGE_CURVE('',#1333,#1334,#1071,.T.);
#1638=EDGE_CURVE('',#1334,#1335,#583,.T.);
#1639=EDGE_CURVE('',#1335,#1336,#1072,.T.);
#1640=EDGE_CURVE('',#1336,#1337,#584,.T.);
#1641=EDGE_CURVE('',#1337,#1338,#1073,.T.);
#1642=EDGE_CURVE('',#1338,#1323,#1074,.T.);
#1643=EDGE_CURVE('',#1288,#1210,#585,.T.);
#1644=EDGE_CURVE('',#1209,#1289,#586,.T.);
#1645=EDGE_CURVE('',#1339,#1340,#587,.T.);
#1646=EDGE_CURVE('',#1340,#1341,#588,.T.);
#1647=EDGE_CURVE('',#1341,#1342,#589,.T.);
#1648=EDGE_CURVE('',#1342,#1339,#590,.T.);
#1649=EDGE_CURVE('',#1343,#1344,#1075,.T.);
#1650=EDGE_CURVE('',#1344,#1211,#591,.T.);
#1651=EDGE_CURVE('',#1295,#1345,#592,.T.);
#1652=EDGE_CURVE('',#1345,#1343,#1076,.T.);
#1653=EDGE_CURVE('',#1346,#1347,#593,.T.);
#1654=EDGE_CURVE('',#1346,#1348,#1077,.T.);
#1655=EDGE_CURVE('',#1348,#1349,#594,.T.);
#1656=EDGE_CURVE('',#1349,#1347,#1078,.T.);
#1657=EDGE_CURVE('',#1348,#1189,#595,.T.);
#1658=EDGE_CURVE('',#1190,#1349,#596,.T.);
#1659=EDGE_CURVE('',#1274,#1350,#597,.T.);
#1660=EDGE_CURVE('',#1350,#1351,#598,.T.);
#1661=EDGE_CURVE('',#1351,#1352,#599,.T.);
#1662=EDGE_CURVE('',#1352,#1294,#600,.T.);
#1663=EDGE_CURVE('',#1351,#1346,#1079,.T.);
#1664=EDGE_CURVE('',#1347,#1352,#1080,.T.);
#1665=EDGE_CURVE('',#1353,#1354,#601,.T.);
#1666=EDGE_CURVE('',#1353,#1355,#45,.T.);
#1667=EDGE_CURVE('',#1355,#1356,#602,.T.);
#1668=EDGE_CURVE('',#1356,#1354,#46,.T.);
#1669=EDGE_CURVE('',#1355,#1293,#603,.T.);
#1670=EDGE_CURVE('',#1292,#1356,#604,.T.);
#1671=EDGE_CURVE('',#1342,#1353,#47,.T.);
#1672=EDGE_CURVE('',#1354,#1339,#48,.T.);
#1673=EDGE_CURVE('',#1281,#1287,#1081,.T.);
#1674=EDGE_CURVE('',#1286,#1350,#1082,.T.);
#1675=EDGE_CURVE('',#1273,#1282,#1083,.T.);
#1676=EDGE_CURVE('',#1341,#1280,#1084,.T.);
#1677=EDGE_CURVE('',#1342,#1279,#1085,.T.);
#1678=EDGE_CURVE('',#1353,#1278,#1086,.T.);
#1679=EDGE_CURVE('',#1355,#1277,#1087,.T.);
#1680=EDGE_CURVE('',#1299,#1340,#1088,.T.);
#1681=EDGE_CURVE('',#1300,#1339,#1089,.T.);
#1682=EDGE_CURVE('',#1301,#1354,#1090,.T.);
#1683=EDGE_CURVE('',#1302,#1356,#1091,.T.);
#1684=EDGE_CURVE('',#1319,#1314,#1092,.T.);
#1685=EDGE_CURVE('',#1313,#1320,#1093,.T.);
#1686=EDGE_CURVE('',#1315,#1312,#1094,.T.);
#1687=EDGE_CURVE('',#1311,#1316,#1095,.T.);
#1688=EDGE_CURVE('',#1271,#1332,#605,.T.);
#1689=EDGE_CURVE('',#1333,#1280,#606,.T.);
#1690=EDGE_CURVE('',#1334,#1341,#607,.T.);
#1691=EDGE_CURVE('',#1306,#1331,#608,.T.);
#1692=EDGE_CURVE('',#1335,#1340,#609,.T.);
#1693=EDGE_CURVE('',#1308,#1330,#610,.T.);
#1694=EDGE_CURVE('',#1336,#1299,#611,.T.);
#1695=EDGE_CURVE('',#1310,#1329,#612,.T.);
#1696=EDGE_CURVE('',#1337,#1298,#613,.T.);
#1697=EDGE_CURVE('',#1311,#1328,#614,.T.);
#1698=EDGE_CURVE('',#1338,#1304,#615,.T.);
#1699=EDGE_CURVE('',#1316,#1327,#616,.T.);
#1700=EDGE_CURVE('',#1323,#1322,#617,.T.);
#1701=EDGE_CURVE('',#1313,#1326,#618,.T.);
#1702=EDGE_CURVE('',#1324,#1318,#619,.T.);
#1703=EDGE_CURVE('',#1320,#1325,#620,.T.);
#1704=EDGE_CURVE('',#1252,#1265,#621,.T.);
#1705=EDGE_CURVE('',#1264,#1253,#622,.T.);
#1706=EDGE_CURVE('',#1208,#1296,#49,.T.);
#1707=EDGE_CURVE('',#1272,#1195,#50,.T.);
#1708=EDGE_CURVE('',#1357,#1358,#623,.T.);
#1709=EDGE_CURVE('',#1357,#1247,#624,.T.);
#1710=EDGE_CURVE('',#1246,#1358,#625,.T.);
#1711=EDGE_CURVE('',#1359,#1360,#626,.T.);
#1712=EDGE_CURVE('',#1359,#1219,#627,.T.);
#1713=EDGE_CURVE('',#1218,#1360,#628,.T.);
#1714=EDGE_CURVE('',#1220,#1361,#629,.T.);
#1715=EDGE_CURVE('',#1166,#1361,#630,.T.);
#1716=EDGE_CURVE('',#1165,#1362,#631,.T.);
#1717=EDGE_CURVE('',#1362,#1363,#632,.T.);
#1718=EDGE_CURVE('',#1363,#1364,#633,.T.);
#1719=EDGE_CURVE('',#1364,#1365,#634,.T.);
#1720=EDGE_CURVE('',#1366,#1365,#635,.T.);
#1721=EDGE_CURVE('',#1366,#1221,#636,.T.);
#1722=EDGE_CURVE('',#1367,#1368,#637,.T.);
#1723=EDGE_CURVE('',#1367,#1227,#638,.T.);
#1724=EDGE_CURVE('',#1226,#1369,#639,.T.);
#1725=EDGE_CURVE('',#1370,#1369,#640,.T.);
#1726=EDGE_CURVE('',#1370,#1371,#641,.T.);
#1727=EDGE_CURVE('',#1372,#1371,#642,.T.);
#1728=EDGE_CURVE('',#1372,#1368,#643,.T.);
#1729=EDGE_CURVE('',#1228,#1373,#644,.T.);
#1730=EDGE_CURVE('',#1374,#1373,#645,.T.);
#1731=EDGE_CURVE('',#1374,#1229,#646,.T.);
#1732=EDGE_CURVE('',#1230,#1375,#647,.T.);
#1733=EDGE_CURVE('',#1375,#1376,#648,.T.);
#1734=EDGE_CURVE('',#1376,#1377,#649,.T.);
#1735=EDGE_CURVE('',#1377,#1378,#650,.T.);
#1736=EDGE_CURVE('',#1378,#1379,#651,.T.);
#1737=EDGE_CURVE('',#1380,#1379,#652,.T.);
#1738=EDGE_CURVE('',#1380,#1231,#653,.T.);
#1739=EDGE_CURVE('',#1381,#1382,#654,.T.);
#1740=EDGE_CURVE('',#1382,#1237,#655,.T.);
#1741=EDGE_CURVE('',#1236,#1383,#656,.T.);
#1742=EDGE_CURVE('',#1384,#1383,#657,.T.);
#1743=EDGE_CURVE('',#1384,#1385,#658,.T.);
#1744=EDGE_CURVE('',#1385,#1386,#659,.T.);
#1745=EDGE_CURVE('',#1386,#1381,#660,.T.);
#1746=EDGE_CURVE('',#1212,#1387,#661,.T.);
#1747=EDGE_CURVE('',#1387,#1388,#662,.T.);
#1748=EDGE_CURVE('',#1388,#1213,#663,.T.);
#1749=EDGE_CURVE('',#1214,#1389,#664,.T.);
#1750=EDGE_CURVE('',#1389,#1390,#665,.T.);
#1751=EDGE_CURVE('',#1390,#1215,#666,.T.);
#1752=EDGE_CURVE('',#1248,#1391,#667,.T.);
#1753=EDGE_CURVE('',#1391,#1392,#668,.T.);
#1754=EDGE_CURVE('',#1392,#1267,#669,.T.);
#1755=EDGE_CURVE('',#1266,#1249,#670,.T.);
#1756=EDGE_CURVE('',#1393,#1394,#671,.T.);
#1757=EDGE_CURVE('',#1394,#1257,#672,.T.);
#1758=EDGE_CURVE('',#1256,#1269,#673,.T.);
#1759=EDGE_CURVE('',#1268,#1393,#674,.T.);
#1760=EDGE_CURVE('',#1258,#1395,#675,.T.);
#1761=EDGE_CURVE('',#1395,#1396,#676,.T.);
#1762=EDGE_CURVE('',#1396,#1259,#677,.T.);
#1763=EDGE_CURVE('',#1245,#1397,#678,.T.);
#1764=EDGE_CURVE('',#1398,#1397,#679,.T.);
#1765=EDGE_CURVE('',#1398,#1244,#680,.T.);
#1766=EDGE_CURVE('',#1391,#1239,#1096,.T.);
#1767=EDGE_CURVE('',#1238,#1390,#1097,.T.);
#1768=EDGE_CURVE('',#1389,#1388,#1098,.T.);
#1769=EDGE_CURVE('',#1387,#1382,#1099,.T.);
#1770=EDGE_CURVE('',#1381,#1186,#1100,.T.);
#1771=EDGE_CURVE('',#1185,#1376,#1101,.T.);
#1772=EDGE_CURVE('',#1375,#1374,#1102,.T.);
#1773=EDGE_CURVE('',#1373,#1367,#1103,.T.);
#1774=EDGE_CURVE('',#1368,#1182,#1104,.T.);
#1775=EDGE_CURVE('',#1181,#1362,#1105,.T.);
#1776=EDGE_CURVE('',#1361,#1359,#1106,.T.);
#1777=EDGE_CURVE('',#1360,#1243,#1107,.T.);
#1778=EDGE_CURVE('',#1242,#1357,#1108,.T.);
#1779=EDGE_CURVE('',#1358,#1398,#1109,.T.);
#1780=EDGE_CURVE('',#1397,#1396,#1110,.T.);
#1781=EDGE_CURVE('',#1395,#1394,#1111,.T.);
#1782=EDGE_CURVE('',#1393,#1392,#1112,.T.);
#1783=EDGE_CURVE('',#1196,#1270,#681,.T.);
#1784=EDGE_CURVE('',#1197,#1305,#682,.T.);
#1785=EDGE_CURVE('',#1198,#1307,#683,.T.);
#1786=EDGE_CURVE('',#1199,#1309,#684,.T.);
#1787=EDGE_CURVE('',#1200,#1312,#685,.T.);
#1788=EDGE_CURVE('',#1201,#1315,#686,.T.);
#1789=EDGE_CURVE('',#1202,#1314,#687,.T.);
#1790=EDGE_CURVE('',#1203,#1319,#688,.T.);
#1791=EDGE_CURVE('',#1204,#1317,#689,.T.);
#1792=EDGE_CURVE('',#1205,#1321,#690,.T.);
#1793=EDGE_CURVE('',#1206,#1303,#691,.T.);
#1794=EDGE_CURVE('',#1207,#1297,#692,.T.);
#1795=EDGE_CURVE('',#1234,#1399,#693,.T.);
#1796=EDGE_CURVE('',#1399,#1400,#694,.T.);
#1797=EDGE_CURVE('',#1400,#1235,#695,.T.);
#1798=EDGE_CURVE('',#1232,#1401,#696,.T.);
#1799=EDGE_CURVE('',#1401,#1402,#697,.T.);
#1800=EDGE_CURVE('',#1402,#1233,#698,.T.);
#1801=EDGE_CURVE('',#1403,#1404,#1113,.T.);
#1802=EDGE_CURVE('',#1403,#1384,#1114,.T.);
#1803=EDGE_CURVE('',#1383,#1400,#1115,.T.);
#1804=EDGE_CURVE('',#1399,#1402,#1116,.T.);
#1805=EDGE_CURVE('',#1401,#1380,#1117,.T.);
#1806=EDGE_CURVE('',#1379,#1404,#1118,.T.);
#1807=EDGE_CURVE('',#1224,#1405,#699,.T.);
#1808=EDGE_CURVE('',#1406,#1405,#700,.T.);
#1809=EDGE_CURVE('',#1406,#1225,#701,.T.);
#1810=EDGE_CURVE('',#1222,#1407,#702,.T.);
#1811=EDGE_CURVE('',#1408,#1407,#703,.T.);
#1812=EDGE_CURVE('',#1408,#1223,#704,.T.);
#1813=EDGE_CURVE('',#1365,#1409,#1119,.T.);
#1814=EDGE_CURVE('',#1410,#1409,#1120,.T.);
#1815=EDGE_CURVE('',#1410,#1370,#1121,.T.);
#1816=EDGE_CURVE('',#1369,#1406,#1122,.T.);
#1817=EDGE_CURVE('',#1405,#1408,#1123,.T.);
#1818=EDGE_CURVE('',#1407,#1366,#1124,.T.);
#1819=EDGE_CURVE('',#1409,#1411,#705,.T.);
#1820=EDGE_CURVE('',#1412,#1411,#1125,.T.);
#1821=EDGE_CURVE('',#1412,#1410,#706,.T.);
#1822=EDGE_CURVE('',#1183,#1372,#1126,.T.);
#1823=EDGE_CURVE('',#1371,#1412,#1127,.T.);
#1824=EDGE_CURVE('',#1411,#1364,#1128,.T.);
#1825=EDGE_CURVE('',#1363,#1184,#1129,.T.);
#1826=EDGE_CURVE('',#1413,#1414,#1130,.T.);
#1827=EDGE_CURVE('',#1413,#1403,#707,.T.);
#1828=EDGE_CURVE('',#1404,#1414,#708,.T.);
#1829=EDGE_CURVE('',#1187,#1386,#1131,.T.);
#1830=EDGE_CURVE('',#1385,#1413,#1132,.T.);
#1831=EDGE_CURVE('',#1414,#1378,#1133,.T.);
#1832=EDGE_CURVE('',#1377,#1188,#1134,.T.);
#1833=EDGE_CURVE('',#1351,#1285,#1135,.T.);
#1834=EDGE_CURVE('',#1346,#1284,#1136,.T.);
#1835=EDGE_CURVE('',#1348,#1283,#1137,.T.);
#1836=EDGE_CURVE('',#1345,#1352,#1138,.T.);
#1837=EDGE_CURVE('',#1343,#1347,#1139,.T.);
#1838=EDGE_CURVE('',#1344,#1349,#1140,.T.);
#1839=EDGE_CURVE('',#1148,#1147,#709,.T.);
#1840=EDGE_CURVE('',#1162,#1180,#710,.T.);
#1841=EDGE_CURVE('',#1180,#1156,#711,.T.);
#1842=EDGE_CURVE('',#1179,#1155,#712,.T.);
#1843=EDGE_CURVE('',#1159,#1179,#713,.T.);
#1844=EDGE_CURVE('',#1152,#1176,#714,.T.);
#1845=EDGE_CURVE('',#1149,#1175,#715,.T.);
#1846=EDGE_CURVE('',#1175,#1146,#716,.T.);
#1847=EDGE_CURVE('',#1176,#1145,#717,.T.);
#1848=ORIENTED_EDGE('',*,*,#1415,.F.);
#1849=ORIENTED_EDGE('',*,*,#1416,.T.);
#1850=ORIENTED_EDGE('',*,*,#1417,.T.);
#1851=ORIENTED_EDGE('',*,*,#1416,.F.);
#1852=ORIENTED_EDGE('',*,*,#1418,.F.);
#1853=ORIENTED_EDGE('',*,*,#1419,.T.);
#1854=ORIENTED_EDGE('',*,*,#1420,.T.);
#1855=ORIENTED_EDGE('',*,*,#1419,.F.);
#1856=ORIENTED_EDGE('',*,*,#1421,.T.);
#1857=ORIENTED_EDGE('',*,*,#1422,.T.);
#1858=ORIENTED_EDGE('',*,*,#1423,.F.);
#1859=ORIENTED_EDGE('',*,*,#1424,.F.);
#1860=ORIENTED_EDGE('',*,*,#1425,.T.);
#1861=ORIENTED_EDGE('',*,*,#1426,.T.);
#1862=ORIENTED_EDGE('',*,*,#1427,.T.);
#1863=ORIENTED_EDGE('',*,*,#1426,.F.);
#1864=ORIENTED_EDGE('',*,*,#1428,.T.);
#1865=ORIENTED_EDGE('',*,*,#1429,.T.);
#1866=ORIENTED_EDGE('',*,*,#1430,.F.);
#1867=ORIENTED_EDGE('',*,*,#1431,.F.);
#1868=ORIENTED_EDGE('',*,*,#1432,.F.);
#1869=ORIENTED_EDGE('',*,*,#1433,.T.);
#1870=ORIENTED_EDGE('',*,*,#1434,.F.);
#1871=ORIENTED_EDGE('',*,*,#1435,.F.);
#1872=ORIENTED_EDGE('',*,*,#1436,.F.);
#1873=ORIENTED_EDGE('',*,*,#1437,.T.);
#1874=ORIENTED_EDGE('',*,*,#1438,.T.);
#1875=ORIENTED_EDGE('',*,*,#1437,.F.);
#1876=ORIENTED_EDGE('',*,*,#1439,.F.);
#1877=ORIENTED_EDGE('',*,*,#1440,.T.);
#1878=ORIENTED_EDGE('',*,*,#1441,.F.);
#1879=ORIENTED_EDGE('',*,*,#1442,.F.);
#1880=ORIENTED_EDGE('',*,*,#1443,.F.);
#1881=ORIENTED_EDGE('',*,*,#1444,.F.);
#1882=ORIENTED_EDGE('',*,*,#1445,.F.);
#1883=ORIENTED_EDGE('',*,*,#1446,.F.);
#1884=ORIENTED_EDGE('',*,*,#1447,.F.);
#1885=ORIENTED_EDGE('',*,*,#1448,.T.);
#1886=ORIENTED_EDGE('',*,*,#1449,.T.);
#1887=ORIENTED_EDGE('',*,*,#1448,.F.);
#1888=ORIENTED_EDGE('',*,*,#1450,.F.);
#1889=ORIENTED_EDGE('',*,*,#1451,.T.);
#1890=ORIENTED_EDGE('',*,*,#1452,.T.);
#1891=ORIENTED_EDGE('',*,*,#1451,.F.);
#1892=ORIENTED_EDGE('',*,*,#1453,.F.);
#1893=ORIENTED_EDGE('',*,*,#1454,.T.);
#1894=ORIENTED_EDGE('',*,*,#1455,.F.);
#1895=ORIENTED_EDGE('',*,*,#1456,.F.);
#1896=ORIENTED_EDGE('',*,*,#1457,.F.);
#1897=ORIENTED_EDGE('',*,*,#1454,.F.);
#1898=ORIENTED_EDGE('',*,*,#1458,.F.);
#1899=ORIENTED_EDGE('',*,*,#1459,.T.);
#1900=ORIENTED_EDGE('',*,*,#1460,.F.);
#1901=ORIENTED_EDGE('',*,*,#1461,.F.);
#1902=ORIENTED_EDGE('',*,*,#1462,.F.);
#1903=ORIENTED_EDGE('',*,*,#1459,.F.);
#1904=ORIENTED_EDGE('',*,*,#1441,.T.);
#1905=ORIENTED_EDGE('',*,*,#1463,.T.);
#1906=ORIENTED_EDGE('',*,*,#1464,.T.);
#1907=ORIENTED_EDGE('',*,*,#1430,.T.);
#1908=ORIENTED_EDGE('',*,*,#1465,.F.);
#1909=ORIENTED_EDGE('',*,*,#1434,.T.);
#1910=ORIENTED_EDGE('',*,*,#1466,.T.);
#1911=ORIENTED_EDGE('',*,*,#1467,.T.);
#1912=ORIENTED_EDGE('',*,*,#1468,.F.);
#1913=ORIENTED_EDGE('',*,*,#1469,.T.);
#1914=ORIENTED_EDGE('',*,*,#1470,.T.);
#1915=ORIENTED_EDGE('',*,*,#1471,.T.);
#1916=ORIENTED_EDGE('',*,*,#1472,.F.);
#1917=ORIENTED_EDGE('',*,*,#1473,.T.);
#1918=ORIENTED_EDGE('',*,*,#1474,.F.);
#1919=ORIENTED_EDGE('',*,*,#1475,.T.);
#1920=ORIENTED_EDGE('',*,*,#1476,.F.);
#1921=ORIENTED_EDGE('',*,*,#1477,.T.);
#1922=ORIENTED_EDGE('',*,*,#1478,.F.);
#1923=ORIENTED_EDGE('',*,*,#1479,.T.);
#1924=ORIENTED_EDGE('',*,*,#1480,.T.);
#1925=ORIENTED_EDGE('',*,*,#1481,.T.);
#1926=ORIENTED_EDGE('',*,*,#1482,.T.);
#1927=ORIENTED_EDGE('',*,*,#1483,.T.);
#1928=ORIENTED_EDGE('',*,*,#1484,.T.);
#1929=ORIENTED_EDGE('',*,*,#1485,.T.);
#1930=ORIENTED_EDGE('',*,*,#1486,.T.);
#1931=ORIENTED_EDGE('',*,*,#1487,.T.);
#1932=ORIENTED_EDGE('',*,*,#1488,.T.);
#1933=ORIENTED_EDGE('',*,*,#1489,.T.);
#1934=ORIENTED_EDGE('',*,*,#1490,.T.);
#1935=ORIENTED_EDGE('',*,*,#1491,.T.);
#1936=ORIENTED_EDGE('',*,*,#1492,.T.);
#1937=ORIENTED_EDGE('',*,*,#1493,.T.);
#1938=ORIENTED_EDGE('',*,*,#1494,.F.);
#1939=ORIENTED_EDGE('',*,*,#1495,.T.);
#1940=ORIENTED_EDGE('',*,*,#1496,.T.);
#1941=ORIENTED_EDGE('',*,*,#1497,.T.);
#1942=ORIENTED_EDGE('',*,*,#1498,.T.);
#1943=ORIENTED_EDGE('',*,*,#1499,.T.);
#1944=ORIENTED_EDGE('',*,*,#1500,.T.);
#1945=ORIENTED_EDGE('',*,*,#1501,.F.);
#1946=ORIENTED_EDGE('',*,*,#1502,.T.);
#1947=ORIENTED_EDGE('',*,*,#1503,.F.);
#1948=ORIENTED_EDGE('',*,*,#1504,.T.);
#1949=ORIENTED_EDGE('',*,*,#1505,.F.);
#1950=ORIENTED_EDGE('',*,*,#1445,.T.);
#1951=ORIENTED_EDGE('',*,*,#1506,.T.);
#1952=ORIENTED_EDGE('',*,*,#1507,.T.);
#1953=ORIENTED_EDGE('',*,*,#1508,.F.);
#1954=ORIENTED_EDGE('',*,*,#1509,.T.);
#1955=ORIENTED_EDGE('',*,*,#1510,.F.);
#1956=ORIENTED_EDGE('',*,*,#1511,.T.);
#1957=ORIENTED_EDGE('',*,*,#1512,.F.);
#1958=ORIENTED_EDGE('',*,*,#1513,.T.);
#1959=ORIENTED_EDGE('',*,*,#1514,.F.);
#1960=ORIENTED_EDGE('',*,*,#1515,.T.);
#1961=ORIENTED_EDGE('',*,*,#1516,.T.);
#1962=ORIENTED_EDGE('',*,*,#1517,.T.);
#1963=ORIENTED_EDGE('',*,*,#1518,.T.);
#1964=ORIENTED_EDGE('',*,*,#1519,.T.);
#1965=ORIENTED_EDGE('',*,*,#1520,.T.);
#1966=ORIENTED_EDGE('',*,*,#1521,.T.);
#1967=ORIENTED_EDGE('',*,*,#1522,.T.);
#1968=ORIENTED_EDGE('',*,*,#1523,.T.);
#1969=ORIENTED_EDGE('',*,*,#1524,.T.);
#1970=ORIENTED_EDGE('',*,*,#1525,.T.);
#1971=ORIENTED_EDGE('',*,*,#1526,.F.);
#1972=ORIENTED_EDGE('',*,*,#1527,.T.);
#1973=ORIENTED_EDGE('',*,*,#1528,.T.);
#1974=ORIENTED_EDGE('',*,*,#1529,.T.);
#1975=ORIENTED_EDGE('',*,*,#1501,.T.);
#1976=ORIENTED_EDGE('',*,*,#1530,.T.);
#1977=ORIENTED_EDGE('',*,*,#1531,.F.);
#1978=ORIENTED_EDGE('',*,*,#1532,.T.);
#1979=ORIENTED_EDGE('',*,*,#1533,.F.);
#1980=ORIENTED_EDGE('',*,*,#1534,.T.);
#1981=ORIENTED_EDGE('',*,*,#1526,.T.);
#1982=ORIENTED_EDGE('',*,*,#1535,.T.);
#1983=ORIENTED_EDGE('',*,*,#1536,.T.);
#1984=ORIENTED_EDGE('',*,*,#1537,.T.);
#1985=ORIENTED_EDGE('',*,*,#1538,.F.);
#1986=ORIENTED_EDGE('',*,*,#1539,.T.);
#1987=ORIENTED_EDGE('',*,*,#1540,.F.);
#1988=ORIENTED_EDGE('',*,*,#1541,.T.);
#1989=ORIENTED_EDGE('',*,*,#1542,.F.);
#1990=ORIENTED_EDGE('',*,*,#1543,.T.);
#1991=ORIENTED_EDGE('',*,*,#1544,.T.);
#1992=ORIENTED_EDGE('',*,*,#1545,.T.);
#1993=ORIENTED_EDGE('',*,*,#1546,.T.);
#1994=ORIENTED_EDGE('',*,*,#1547,.T.);
#1995=ORIENTED_EDGE('',*,*,#1453,.T.);
#1996=ORIENTED_EDGE('',*,*,#1458,.T.);
#1997=ORIENTED_EDGE('',*,*,#1542,.T.);
#1998=ORIENTED_EDGE('',*,*,#1548,.T.);
#1999=ORIENTED_EDGE('',*,*,#1549,.F.);
#2000=ORIENTED_EDGE('',*,*,#1550,.T.);
#2001=ORIENTED_EDGE('',*,*,#1551,.F.);
#2002=ORIENTED_EDGE('',*,*,#1552,.T.);
#2003=ORIENTED_EDGE('',*,*,#1538,.T.);
#2004=ORIENTED_EDGE('',*,*,#1553,.T.);
#2005=ORIENTED_EDGE('',*,*,#1554,.T.);
#2006=ORIENTED_EDGE('',*,*,#1555,.T.);
#2007=ORIENTED_EDGE('',*,*,#1551,.T.);
#2008=ORIENTED_EDGE('',*,*,#1556,.T.);
#2009=ORIENTED_EDGE('',*,*,#1557,.F.);
#2010=ORIENTED_EDGE('',*,*,#1558,.T.);
#2011=ORIENTED_EDGE('',*,*,#1559,.F.);
#2012=ORIENTED_EDGE('',*,*,#1560,.T.);
#2013=ORIENTED_EDGE('',*,*,#1549,.T.);
#2014=ORIENTED_EDGE('',*,*,#1561,.T.);
#2015=ORIENTED_EDGE('',*,*,#1562,.F.);
#2016=ORIENTED_EDGE('',*,*,#1563,.T.);
#2017=ORIENTED_EDGE('',*,*,#1564,.T.);
#2018=ORIENTED_EDGE('',*,*,#1565,.F.);
#2019=ORIENTED_EDGE('',*,*,#1566,.T.);
#2020=ORIENTED_EDGE('',*,*,#1567,.F.);
#2021=ORIENTED_EDGE('',*,*,#1568,.T.);
#2022=ORIENTED_EDGE('',*,*,#1569,.T.);
#2023=ORIENTED_EDGE('',*,*,#1570,.T.);
#2024=ORIENTED_EDGE('',*,*,#1571,.T.);
#2025=ORIENTED_EDGE('',*,*,#1572,.T.);
#2026=ORIENTED_EDGE('',*,*,#1478,.T.);
#2027=ORIENTED_EDGE('',*,*,#1573,.T.);
#2028=ORIENTED_EDGE('',*,*,#1574,.F.);
#2029=ORIENTED_EDGE('',*,*,#1575,.T.);
#2030=ORIENTED_EDGE('',*,*,#1476,.T.);
#2031=ORIENTED_EDGE('',*,*,#1576,.T.);
#2032=ORIENTED_EDGE('',*,*,#1577,.T.);
#2033=ORIENTED_EDGE('',*,*,#1578,.T.);
#2034=ORIENTED_EDGE('',*,*,#1579,.T.);
#2035=ORIENTED_EDGE('',*,*,#1580,.T.);
#2036=ORIENTED_EDGE('',*,*,#1581,.T.);
#2037=ORIENTED_EDGE('',*,*,#1582,.T.);
#2038=ORIENTED_EDGE('',*,*,#1583,.T.);
#2039=ORIENTED_EDGE('',*,*,#1584,.F.);
#2040=ORIENTED_EDGE('',*,*,#1585,.T.);
#2041=ORIENTED_EDGE('',*,*,#1586,.F.);
#2042=ORIENTED_EDGE('',*,*,#1587,.T.);
#2043=ORIENTED_EDGE('',*,*,#1567,.T.);
#2044=ORIENTED_EDGE('',*,*,#1588,.T.);
#2045=ORIENTED_EDGE('',*,*,#1589,.T.);
#2046=ORIENTED_EDGE('',*,*,#1590,.T.);
#2047=ORIENTED_EDGE('',*,*,#1591,.T.);
#2048=ORIENTED_EDGE('',*,*,#1592,.T.);
#2049=ORIENTED_EDGE('',*,*,#1593,.T.);
#2050=ORIENTED_EDGE('',*,*,#1594,.T.);
#2051=ORIENTED_EDGE('',*,*,#1595,.T.);
#2052=ORIENTED_EDGE('',*,*,#1596,.T.);
#2053=ORIENTED_EDGE('',*,*,#1597,.T.);
#2054=ORIENTED_EDGE('',*,*,#1598,.T.);
#2055=ORIENTED_EDGE('',*,*,#1584,.T.);
#2056=ORIENTED_EDGE('',*,*,#1593,.F.);
#2057=ORIENTED_EDGE('',*,*,#1599,.T.);
#2058=ORIENTED_EDGE('',*,*,#1600,.T.);
#2059=ORIENTED_EDGE('',*,*,#1601,.T.);
#2060=ORIENTED_EDGE('',*,*,#1602,.F.);
#2061=ORIENTED_EDGE('',*,*,#1603,.T.);
#2062=ORIENTED_EDGE('',*,*,#1562,.T.);
#2063=ORIENTED_EDGE('',*,*,#1604,.T.);
#2064=ORIENTED_EDGE('',*,*,#1605,.F.);
#2065=ORIENTED_EDGE('',*,*,#1606,.T.);
#2066=ORIENTED_EDGE('',*,*,#1602,.T.);
#2067=ORIENTED_EDGE('',*,*,#1607,.T.);
#2068=ORIENTED_EDGE('',*,*,#1608,.F.);
#2069=ORIENTED_EDGE('',*,*,#1609,.T.);
#2070=ORIENTED_EDGE('',*,*,#1605,.T.);
#2071=ORIENTED_EDGE('',*,*,#1610,.T.);
#2072=ORIENTED_EDGE('',*,*,#1611,.T.);
#2073=ORIENTED_EDGE('',*,*,#1612,.T.);
#2074=ORIENTED_EDGE('',*,*,#1608,.T.);
#2075=ORIENTED_EDGE('',*,*,#1613,.T.);
#2076=ORIENTED_EDGE('',*,*,#1614,.T.);
#2077=ORIENTED_EDGE('',*,*,#1615,.T.);
#2078=ORIENTED_EDGE('',*,*,#1616,.T.);
#2079=ORIENTED_EDGE('',*,*,#1617,.T.);
#2080=ORIENTED_EDGE('',*,*,#1618,.F.);
#2081=ORIENTED_EDGE('',*,*,#1619,.T.);
#2082=ORIENTED_EDGE('',*,*,#1620,.T.);
#2083=ORIENTED_EDGE('',*,*,#1621,.T.);
#2084=ORIENTED_EDGE('',*,*,#1622,.F.);
#2085=ORIENTED_EDGE('',*,*,#1623,.T.);
#2086=ORIENTED_EDGE('',*,*,#1618,.T.);
#2087=ORIENTED_EDGE('',*,*,#1624,.T.);
#2088=ORIENTED_EDGE('',*,*,#1600,.F.);
#2089=ORIENTED_EDGE('',*,*,#1625,.T.);
#2090=ORIENTED_EDGE('',*,*,#1622,.T.);
#2091=ORIENTED_EDGE('',*,*,#1626,.T.);
#2092=ORIENTED_EDGE('',*,*,#1627,.T.);
#2093=ORIENTED_EDGE('',*,*,#1628,.T.);
#2094=ORIENTED_EDGE('',*,*,#1629,.T.);
#2095=ORIENTED_EDGE('',*,*,#1630,.T.);
#2096=ORIENTED_EDGE('',*,*,#1631,.T.);
#2097=ORIENTED_EDGE('',*,*,#1632,.T.);
#2098=ORIENTED_EDGE('',*,*,#1633,.T.);
#2099=ORIENTED_EDGE('',*,*,#1634,.T.);
#2100=ORIENTED_EDGE('',*,*,#1635,.T.);
#2101=ORIENTED_EDGE('',*,*,#1636,.T.);
#2102=ORIENTED_EDGE('',*,*,#1637,.T.);
#2103=ORIENTED_EDGE('',*,*,#1638,.T.);
#2104=ORIENTED_EDGE('',*,*,#1639,.T.);
#2105=ORIENTED_EDGE('',*,*,#1640,.T.);
#2106=ORIENTED_EDGE('',*,*,#1641,.T.);
#2107=ORIENTED_EDGE('',*,*,#1642,.T.);
#2108=ORIENTED_EDGE('',*,*,#1417,.F.);
#2109=ORIENTED_EDGE('',*,*,#1420,.F.);
#2110=ORIENTED_EDGE('',*,*,#1427,.F.);
#2111=ORIENTED_EDGE('',*,*,#1438,.F.);
#2112=ORIENTED_EDGE('',*,*,#1643,.T.);
#2113=ORIENTED_EDGE('',*,*,#1494,.T.);
#2114=ORIENTED_EDGE('',*,*,#1644,.T.);
#2115=ORIENTED_EDGE('',*,*,#1582,.F.);
#2116=ORIENTED_EDGE('',*,*,#1645,.T.);
#2117=ORIENTED_EDGE('',*,*,#1646,.T.);
#2118=ORIENTED_EDGE('',*,*,#1647,.T.);
#2119=ORIENTED_EDGE('',*,*,#1648,.T.);
#2120=ORIENTED_EDGE('',*,*,#1649,.T.);
#2121=ORIENTED_EDGE('',*,*,#1650,.T.);
#2122=ORIENTED_EDGE('',*,*,#1495,.F.);
#2123=ORIENTED_EDGE('',*,*,#1643,.F.);
#2124=ORIENTED_EDGE('',*,*,#1590,.F.);
#2125=ORIENTED_EDGE('',*,*,#1651,.T.);
#2126=ORIENTED_EDGE('',*,*,#1652,.T.);
#2127=ORIENTED_EDGE('',*,*,#1653,.F.);
#2128=ORIENTED_EDGE('',*,*,#1654,.T.);
#2129=ORIENTED_EDGE('',*,*,#1655,.T.);
#2130=ORIENTED_EDGE('',*,*,#1656,.T.);
#2131=ORIENTED_EDGE('',*,*,#1655,.F.);
#2132=ORIENTED_EDGE('',*,*,#1657,.T.);
#2133=ORIENTED_EDGE('',*,*,#1474,.T.);
#2134=ORIENTED_EDGE('',*,*,#1658,.T.);
#2135=ORIENTED_EDGE('',*,*,#1659,.T.);
#2136=ORIENTED_EDGE('',*,*,#1660,.T.);
#2137=ORIENTED_EDGE('',*,*,#1661,.T.);
#2138=ORIENTED_EDGE('',*,*,#1662,.T.);
#2139=ORIENTED_EDGE('',*,*,#1588,.F.);
#2140=ORIENTED_EDGE('',*,*,#1566,.F.);
#2141=ORIENTED_EDGE('',*,*,#1661,.F.);
#2142=ORIENTED_EDGE('',*,*,#1663,.T.);
#2143=ORIENTED_EDGE('',*,*,#1653,.T.);
#2144=ORIENTED_EDGE('',*,*,#1664,.T.);
#2145=ORIENTED_EDGE('',*,*,#1665,.F.);
#2146=ORIENTED_EDGE('',*,*,#1666,.T.);
#2147=ORIENTED_EDGE('',*,*,#1667,.T.);
#2148=ORIENTED_EDGE('',*,*,#1668,.T.);
#2149=ORIENTED_EDGE('',*,*,#1667,.F.);
#2150=ORIENTED_EDGE('',*,*,#1669,.T.);
#2151=ORIENTED_EDGE('',*,*,#1586,.T.);
#2152=ORIENTED_EDGE('',*,*,#1670,.T.);
#2153=ORIENTED_EDGE('',*,*,#1648,.F.);
#2154=ORIENTED_EDGE('',*,*,#1671,.T.);
#2155=ORIENTED_EDGE('',*,*,#1665,.T.);
#2156=ORIENTED_EDGE('',*,*,#1672,.T.);
#2157=ORIENTED_EDGE('',*,*,#1574,.T.);
#2158=ORIENTED_EDGE('',*,*,#1673,.T.);
#2159=ORIENTED_EDGE('',*,*,#1580,.F.);
#2160=ORIENTED_EDGE('',*,*,#1674,.T.);
#2161=ORIENTED_EDGE('',*,*,#1659,.F.);
#2162=ORIENTED_EDGE('',*,*,#1565,.T.);
#2163=ORIENTED_EDGE('',*,*,#1675,.T.);
#2164=ORIENTED_EDGE('',*,*,#1647,.F.);
#2165=ORIENTED_EDGE('',*,*,#1676,.T.);
#2166=ORIENTED_EDGE('',*,*,#1571,.F.);
#2167=ORIENTED_EDGE('',*,*,#1677,.F.);
#2168=ORIENTED_EDGE('',*,*,#1677,.T.);
#2169=ORIENTED_EDGE('',*,*,#1570,.F.);
#2170=ORIENTED_EDGE('',*,*,#1678,.F.);
#2171=ORIENTED_EDGE('',*,*,#1671,.F.);
#2172=ORIENTED_EDGE('',*,*,#1678,.T.);
#2173=ORIENTED_EDGE('',*,*,#1569,.F.);
#2174=ORIENTED_EDGE('',*,*,#1679,.F.);
#2175=ORIENTED_EDGE('',*,*,#1666,.F.);
#2176=ORIENTED_EDGE('',*,*,#1679,.T.);
#2177=ORIENTED_EDGE('',*,*,#1568,.F.);
#2178=ORIENTED_EDGE('',*,*,#1587,.F.);
#2179=ORIENTED_EDGE('',*,*,#1669,.F.);
#2180=ORIENTED_EDGE('',*,*,#1595,.F.);
#2181=ORIENTED_EDGE('',*,*,#1680,.T.);
#2182=ORIENTED_EDGE('',*,*,#1645,.F.);
#2183=ORIENTED_EDGE('',*,*,#1681,.F.);
#2184=ORIENTED_EDGE('',*,*,#1681,.T.);
#2185=ORIENTED_EDGE('',*,*,#1672,.F.);
#2186=ORIENTED_EDGE('',*,*,#1682,.F.);
#2187=ORIENTED_EDGE('',*,*,#1596,.F.);
#2188=ORIENTED_EDGE('',*,*,#1682,.T.);
#2189=ORIENTED_EDGE('',*,*,#1668,.F.);
#2190=ORIENTED_EDGE('',*,*,#1683,.F.);
#2191=ORIENTED_EDGE('',*,*,#1597,.F.);
#2192=ORIENTED_EDGE('',*,*,#1683,.T.);
#2193=ORIENTED_EDGE('',*,*,#1670,.F.);
#2194=ORIENTED_EDGE('',*,*,#1585,.F.);
#2195=ORIENTED_EDGE('',*,*,#1598,.F.);
#2196=ORIENTED_EDGE('',*,*,#1620,.F.);
#2197=ORIENTED_EDGE('',*,*,#1684,.T.);
#2198=ORIENTED_EDGE('',*,*,#1614,.F.);
#2199=ORIENTED_EDGE('',*,*,#1685,.T.);
#2200=ORIENTED_EDGE('',*,*,#1616,.F.);
#2201=ORIENTED_EDGE('',*,*,#1686,.T.);
#2202=ORIENTED_EDGE('',*,*,#1611,.F.);
#2203=ORIENTED_EDGE('',*,*,#1687,.T.);
#2204=ORIENTED_EDGE('',*,*,#1688,.F.);
#2205=ORIENTED_EDGE('',*,*,#1572,.F.);
#2206=ORIENTED_EDGE('',*,*,#1689,.F.);
#2207=ORIENTED_EDGE('',*,*,#1636,.F.);
#2208=ORIENTED_EDGE('',*,*,#1689,.T.);
#2209=ORIENTED_EDGE('',*,*,#1676,.F.);
#2210=ORIENTED_EDGE('',*,*,#1690,.F.);
#2211=ORIENTED_EDGE('',*,*,#1637,.F.);
#2212=ORIENTED_EDGE('',*,*,#1688,.T.);
#2213=ORIENTED_EDGE('',*,*,#1635,.F.);
#2214=ORIENTED_EDGE('',*,*,#1691,.F.);
#2215=ORIENTED_EDGE('',*,*,#1604,.F.);
#2216=ORIENTED_EDGE('',*,*,#1690,.T.);
#2217=ORIENTED_EDGE('',*,*,#1646,.F.);
#2218=ORIENTED_EDGE('',*,*,#1692,.F.);
#2219=ORIENTED_EDGE('',*,*,#1638,.F.);
#2220=ORIENTED_EDGE('',*,*,#1691,.T.);
#2221=ORIENTED_EDGE('',*,*,#1634,.F.);
#2222=ORIENTED_EDGE('',*,*,#1693,.F.);
#2223=ORIENTED_EDGE('',*,*,#1607,.F.);
#2224=ORIENTED_EDGE('',*,*,#1692,.T.);
#2225=ORIENTED_EDGE('',*,*,#1680,.F.);
#2226=ORIENTED_EDGE('',*,*,#1694,.F.);
#2227=ORIENTED_EDGE('',*,*,#1639,.F.);
#2228=ORIENTED_EDGE('',*,*,#1693,.T.);
#2229=ORIENTED_EDGE('',*,*,#1633,.F.);
#2230=ORIENTED_EDGE('',*,*,#1695,.F.);
#2231=ORIENTED_EDGE('',*,*,#1610,.F.);
#2232=ORIENTED_EDGE('',*,*,#1694,.T.);
#2233=ORIENTED_EDGE('',*,*,#1594,.F.);
#2234=ORIENTED_EDGE('',*,*,#1696,.F.);
#2235=ORIENTED_EDGE('',*,*,#1640,.F.);
#2236=ORIENTED_EDGE('',*,*,#1695,.T.);
#2237=ORIENTED_EDGE('',*,*,#1632,.F.);
#2238=ORIENTED_EDGE('',*,*,#1697,.F.);
#2239=ORIENTED_EDGE('',*,*,#1613,.F.);
#2240=ORIENTED_EDGE('',*,*,#1696,.T.);
#2241=ORIENTED_EDGE('',*,*,#1601,.F.);
#2242=ORIENTED_EDGE('',*,*,#1698,.F.);
#2243=ORIENTED_EDGE('',*,*,#1641,.F.);
#2244=ORIENTED_EDGE('',*,*,#1697,.T.);
#2245=ORIENTED_EDGE('',*,*,#1631,.F.);
#2246=ORIENTED_EDGE('',*,*,#1699,.F.);
#2247=ORIENTED_EDGE('',*,*,#1687,.F.);
#2248=ORIENTED_EDGE('',*,*,#1698,.T.);
#2249=ORIENTED_EDGE('',*,*,#1626,.F.);
#2250=ORIENTED_EDGE('',*,*,#1700,.F.);
#2251=ORIENTED_EDGE('',*,*,#1642,.F.);
#2252=ORIENTED_EDGE('',*,*,#1699,.T.);
#2253=ORIENTED_EDGE('',*,*,#1630,.F.);
#2254=ORIENTED_EDGE('',*,*,#1701,.F.);
#2255=ORIENTED_EDGE('',*,*,#1617,.F.);
#2256=ORIENTED_EDGE('',*,*,#1700,.T.);
#2257=ORIENTED_EDGE('',*,*,#1624,.F.);
#2258=ORIENTED_EDGE('',*,*,#1702,.F.);
#2259=ORIENTED_EDGE('',*,*,#1627,.F.);
#2260=ORIENTED_EDGE('',*,*,#1701,.T.);
#2261=ORIENTED_EDGE('',*,*,#1629,.F.);
#2262=ORIENTED_EDGE('',*,*,#1703,.F.);
#2263=ORIENTED_EDGE('',*,*,#1685,.F.);
#2264=ORIENTED_EDGE('',*,*,#1702,.T.);
#2265=ORIENTED_EDGE('',*,*,#1621,.F.);
#2266=ORIENTED_EDGE('',*,*,#1703,.T.);
#2267=ORIENTED_EDGE('',*,*,#1628,.F.);
#2268=ORIENTED_EDGE('',*,*,#1540,.T.);
#2269=ORIENTED_EDGE('',*,*,#1704,.T.);
#2270=ORIENTED_EDGE('',*,*,#1554,.F.);
#2271=ORIENTED_EDGE('',*,*,#1705,.T.);
#2272=ORIENTED_EDGE('',*,*,#1583,.F.);
#2273=ORIENTED_EDGE('',*,*,#1644,.F.);
#2274=ORIENTED_EDGE('',*,*,#1493,.F.);
#2275=ORIENTED_EDGE('',*,*,#1706,.T.);
#2276=ORIENTED_EDGE('',*,*,#1591,.F.);
#2277=ORIENTED_EDGE('',*,*,#1675,.F.);
#2278=ORIENTED_EDGE('',*,*,#1564,.F.);
#2279=ORIENTED_EDGE('',*,*,#1707,.T.);
#2280=ORIENTED_EDGE('',*,*,#1479,.F.);
#2281=ORIENTED_EDGE('',*,*,#1575,.F.);
#2282=ORIENTED_EDGE('',*,*,#1708,.F.);
#2283=ORIENTED_EDGE('',*,*,#1709,.T.);
#2284=ORIENTED_EDGE('',*,*,#1533,.T.);
#2285=ORIENTED_EDGE('',*,*,#1710,.T.);
#2286=ORIENTED_EDGE('',*,*,#1711,.F.);
#2287=ORIENTED_EDGE('',*,*,#1712,.T.);
#2288=ORIENTED_EDGE('',*,*,#1503,.T.);
#2289=ORIENTED_EDGE('',*,*,#1713,.T.);
#2290=ORIENTED_EDGE('',*,*,#1505,.T.);
#2291=ORIENTED_EDGE('',*,*,#1714,.T.);
#2292=ORIENTED_EDGE('',*,*,#1715,.F.);
#2293=ORIENTED_EDGE('',*,*,#1446,.T.);
#2294=ORIENTED_EDGE('',*,*,#1506,.F.);
#2295=ORIENTED_EDGE('',*,*,#1444,.T.);
#2296=ORIENTED_EDGE('',*,*,#1716,.T.);
#2297=ORIENTED_EDGE('',*,*,#1717,.T.);
#2298=ORIENTED_EDGE('',*,*,#1718,.T.);
#2299=ORIENTED_EDGE('',*,*,#1719,.T.);
#2300=ORIENTED_EDGE('',*,*,#1720,.F.);
#2301=ORIENTED_EDGE('',*,*,#1721,.T.);
#2302=ORIENTED_EDGE('',*,*,#1722,.F.);
#2303=ORIENTED_EDGE('',*,*,#1723,.T.);
#2304=ORIENTED_EDGE('',*,*,#1512,.T.);
#2305=ORIENTED_EDGE('',*,*,#1724,.T.);
#2306=ORIENTED_EDGE('',*,*,#1725,.F.);
#2307=ORIENTED_EDGE('',*,*,#1726,.T.);
#2308=ORIENTED_EDGE('',*,*,#1727,.F.);
#2309=ORIENTED_EDGE('',*,*,#1728,.T.);
#2310=ORIENTED_EDGE('',*,*,#1514,.T.);
#2311=ORIENTED_EDGE('',*,*,#1729,.T.);
#2312=ORIENTED_EDGE('',*,*,#1730,.F.);
#2313=ORIENTED_EDGE('',*,*,#1731,.T.);
#2314=ORIENTED_EDGE('',*,*,#1516,.F.);
#2315=ORIENTED_EDGE('',*,*,#1732,.T.);
#2316=ORIENTED_EDGE('',*,*,#1733,.T.);
#2317=ORIENTED_EDGE('',*,*,#1734,.T.);
#2318=ORIENTED_EDGE('',*,*,#1735,.T.);
#2319=ORIENTED_EDGE('',*,*,#1736,.T.);
#2320=ORIENTED_EDGE('',*,*,#1737,.F.);
#2321=ORIENTED_EDGE('',*,*,#1738,.T.);
#2322=ORIENTED_EDGE('',*,*,#1739,.T.);
#2323=ORIENTED_EDGE('',*,*,#1740,.T.);
#2324=ORIENTED_EDGE('',*,*,#1522,.F.);
#2325=ORIENTED_EDGE('',*,*,#1741,.T.);
#2326=ORIENTED_EDGE('',*,*,#1742,.F.);
#2327=ORIENTED_EDGE('',*,*,#1743,.T.);
#2328=ORIENTED_EDGE('',*,*,#1744,.T.);
#2329=ORIENTED_EDGE('',*,*,#1745,.T.);
#2330=ORIENTED_EDGE('',*,*,#1497,.F.);
#2331=ORIENTED_EDGE('',*,*,#1746,.T.);
#2332=ORIENTED_EDGE('',*,*,#1747,.T.);
#2333=ORIENTED_EDGE('',*,*,#1748,.T.);
#2334=ORIENTED_EDGE('',*,*,#1499,.F.);
#2335=ORIENTED_EDGE('',*,*,#1749,.T.);
#2336=ORIENTED_EDGE('',*,*,#1750,.T.);
#2337=ORIENTED_EDGE('',*,*,#1751,.T.);
#2338=ORIENTED_EDGE('',*,*,#1536,.F.);
#2339=ORIENTED_EDGE('',*,*,#1752,.T.);
#2340=ORIENTED_EDGE('',*,*,#1753,.T.);
#2341=ORIENTED_EDGE('',*,*,#1754,.T.);
#2342=ORIENTED_EDGE('',*,*,#1557,.T.);
#2343=ORIENTED_EDGE('',*,*,#1755,.T.);
#2344=ORIENTED_EDGE('',*,*,#1756,.T.);
#2345=ORIENTED_EDGE('',*,*,#1757,.T.);
#2346=ORIENTED_EDGE('',*,*,#1544,.F.);
#2347=ORIENTED_EDGE('',*,*,#1758,.T.);
#2348=ORIENTED_EDGE('',*,*,#1559,.T.);
#2349=ORIENTED_EDGE('',*,*,#1759,.T.);
#2350=ORIENTED_EDGE('',*,*,#1546,.F.);
#2351=ORIENTED_EDGE('',*,*,#1760,.T.);
#2352=ORIENTED_EDGE('',*,*,#1761,.T.);
#2353=ORIENTED_EDGE('',*,*,#1762,.T.);
#2354=ORIENTED_EDGE('',*,*,#1531,.T.);
#2355=ORIENTED_EDGE('',*,*,#1763,.T.);
#2356=ORIENTED_EDGE('',*,*,#1764,.F.);
#2357=ORIENTED_EDGE('',*,*,#1765,.T.);
#2358=ORIENTED_EDGE('',*,*,#1753,.F.);
#2359=ORIENTED_EDGE('',*,*,#1766,.T.);
#2360=ORIENTED_EDGE('',*,*,#1524,.F.);
#2361=ORIENTED_EDGE('',*,*,#1767,.T.);
#2362=ORIENTED_EDGE('',*,*,#1750,.F.);
#2363=ORIENTED_EDGE('',*,*,#1768,.T.);
#2364=ORIENTED_EDGE('',*,*,#1747,.F.);
#2365=ORIENTED_EDGE('',*,*,#1769,.T.);
#2366=ORIENTED_EDGE('',*,*,#1739,.F.);
#2367=ORIENTED_EDGE('',*,*,#1770,.T.);
#2368=ORIENTED_EDGE('',*,*,#1470,.F.);
#2369=ORIENTED_EDGE('',*,*,#1771,.T.);
#2370=ORIENTED_EDGE('',*,*,#1733,.F.);
#2371=ORIENTED_EDGE('',*,*,#1772,.T.);
#2372=ORIENTED_EDGE('',*,*,#1730,.T.);
#2373=ORIENTED_EDGE('',*,*,#1773,.T.);
#2374=ORIENTED_EDGE('',*,*,#1722,.T.);
#2375=ORIENTED_EDGE('',*,*,#1774,.T.);
#2376=ORIENTED_EDGE('',*,*,#1466,.F.);
#2377=ORIENTED_EDGE('',*,*,#1775,.T.);
#2378=ORIENTED_EDGE('',*,*,#1716,.F.);
#2379=ORIENTED_EDGE('',*,*,#1443,.T.);
#2380=ORIENTED_EDGE('',*,*,#1715,.T.);
#2381=ORIENTED_EDGE('',*,*,#1776,.T.);
#2382=ORIENTED_EDGE('',*,*,#1711,.T.);
#2383=ORIENTED_EDGE('',*,*,#1777,.T.);
#2384=ORIENTED_EDGE('',*,*,#1528,.F.);
#2385=ORIENTED_EDGE('',*,*,#1778,.T.);
#2386=ORIENTED_EDGE('',*,*,#1708,.T.);
#2387=ORIENTED_EDGE('',*,*,#1779,.T.);
#2388=ORIENTED_EDGE('',*,*,#1764,.T.);
#2389=ORIENTED_EDGE('',*,*,#1780,.T.);
#2390=ORIENTED_EDGE('',*,*,#1761,.F.);
#2391=ORIENTED_EDGE('',*,*,#1781,.T.);
#2392=ORIENTED_EDGE('',*,*,#1756,.F.);
#2393=ORIENTED_EDGE('',*,*,#1782,.T.);
#2394=ORIENTED_EDGE('',*,*,#1707,.F.);
#2395=ORIENTED_EDGE('',*,*,#1563,.F.);
#2396=ORIENTED_EDGE('',*,*,#1783,.F.);
#2397=ORIENTED_EDGE('',*,*,#1480,.F.);
#2398=ORIENTED_EDGE('',*,*,#1783,.T.);
#2399=ORIENTED_EDGE('',*,*,#1603,.F.);
#2400=ORIENTED_EDGE('',*,*,#1784,.F.);
#2401=ORIENTED_EDGE('',*,*,#1481,.F.);
#2402=ORIENTED_EDGE('',*,*,#1784,.T.);
#2403=ORIENTED_EDGE('',*,*,#1606,.F.);
#2404=ORIENTED_EDGE('',*,*,#1785,.F.);
#2405=ORIENTED_EDGE('',*,*,#1482,.F.);
#2406=ORIENTED_EDGE('',*,*,#1785,.T.);
#2407=ORIENTED_EDGE('',*,*,#1609,.F.);
#2408=ORIENTED_EDGE('',*,*,#1786,.F.);
#2409=ORIENTED_EDGE('',*,*,#1483,.F.);
#2410=ORIENTED_EDGE('',*,*,#1786,.T.);
#2411=ORIENTED_EDGE('',*,*,#1612,.F.);
#2412=ORIENTED_EDGE('',*,*,#1787,.F.);
#2413=ORIENTED_EDGE('',*,*,#1484,.F.);
#2414=ORIENTED_EDGE('',*,*,#1787,.T.);
#2415=ORIENTED_EDGE('',*,*,#1686,.F.);
#2416=ORIENTED_EDGE('',*,*,#1788,.F.);
#2417=ORIENTED_EDGE('',*,*,#1485,.F.);
#2418=ORIENTED_EDGE('',*,*,#1788,.T.);
#2419=ORIENTED_EDGE('',*,*,#1615,.F.);
#2420=ORIENTED_EDGE('',*,*,#1789,.F.);
#2421=ORIENTED_EDGE('',*,*,#1486,.F.);
#2422=ORIENTED_EDGE('',*,*,#1789,.T.);
#2423=ORIENTED_EDGE('',*,*,#1684,.F.);
#2424=ORIENTED_EDGE('',*,*,#1790,.F.);
#2425=ORIENTED_EDGE('',*,*,#1487,.F.);
#2426=ORIENTED_EDGE('',*,*,#1790,.T.);
#2427=ORIENTED_EDGE('',*,*,#1619,.F.);
#2428=ORIENTED_EDGE('',*,*,#1791,.F.);
#2429=ORIENTED_EDGE('',*,*,#1488,.F.);
#2430=ORIENTED_EDGE('',*,*,#1791,.T.);
#2431=ORIENTED_EDGE('',*,*,#1623,.F.);
#2432=ORIENTED_EDGE('',*,*,#1792,.F.);
#2433=ORIENTED_EDGE('',*,*,#1489,.F.);
#2434=ORIENTED_EDGE('',*,*,#1792,.T.);
#2435=ORIENTED_EDGE('',*,*,#1625,.F.);
#2436=ORIENTED_EDGE('',*,*,#1793,.F.);
#2437=ORIENTED_EDGE('',*,*,#1490,.F.);
#2438=ORIENTED_EDGE('',*,*,#1793,.T.);
#2439=ORIENTED_EDGE('',*,*,#1599,.F.);
#2440=ORIENTED_EDGE('',*,*,#1794,.F.);
#2441=ORIENTED_EDGE('',*,*,#1491,.F.);
#2442=ORIENTED_EDGE('',*,*,#1706,.F.);
#2443=ORIENTED_EDGE('',*,*,#1492,.F.);
#2444=ORIENTED_EDGE('',*,*,#1794,.T.);
#2445=ORIENTED_EDGE('',*,*,#1592,.F.);
#2446=ORIENTED_EDGE('',*,*,#1520,.F.);
#2447=ORIENTED_EDGE('',*,*,#1795,.T.);
#2448=ORIENTED_EDGE('',*,*,#1796,.T.);
#2449=ORIENTED_EDGE('',*,*,#1797,.T.);
#2450=ORIENTED_EDGE('',*,*,#1518,.F.);
#2451=ORIENTED_EDGE('',*,*,#1798,.T.);
#2452=ORIENTED_EDGE('',*,*,#1799,.T.);
#2453=ORIENTED_EDGE('',*,*,#1800,.T.);
#2454=ORIENTED_EDGE('',*,*,#1449,.F.);
#2455=ORIENTED_EDGE('',*,*,#1801,.F.);
#2456=ORIENTED_EDGE('',*,*,#1802,.T.);
#2457=ORIENTED_EDGE('',*,*,#1742,.T.);
#2458=ORIENTED_EDGE('',*,*,#1803,.T.);
#2459=ORIENTED_EDGE('',*,*,#1796,.F.);
#2460=ORIENTED_EDGE('',*,*,#1804,.T.);
#2461=ORIENTED_EDGE('',*,*,#1799,.F.);
#2462=ORIENTED_EDGE('',*,*,#1805,.T.);
#2463=ORIENTED_EDGE('',*,*,#1737,.T.);
#2464=ORIENTED_EDGE('',*,*,#1806,.T.);
#2465=ORIENTED_EDGE('',*,*,#1510,.T.);
#2466=ORIENTED_EDGE('',*,*,#1807,.T.);
#2467=ORIENTED_EDGE('',*,*,#1808,.F.);
#2468=ORIENTED_EDGE('',*,*,#1809,.T.);
#2469=ORIENTED_EDGE('',*,*,#1452,.F.);
#2470=ORIENTED_EDGE('',*,*,#1508,.T.);
#2471=ORIENTED_EDGE('',*,*,#1810,.T.);
#2472=ORIENTED_EDGE('',*,*,#1811,.F.);
#2473=ORIENTED_EDGE('',*,*,#1812,.T.);
#2474=ORIENTED_EDGE('',*,*,#1720,.T.);
#2475=ORIENTED_EDGE('',*,*,#1813,.T.);
#2476=ORIENTED_EDGE('',*,*,#1814,.F.);
#2477=ORIENTED_EDGE('',*,*,#1815,.T.);
#2478=ORIENTED_EDGE('',*,*,#1725,.T.);
#2479=ORIENTED_EDGE('',*,*,#1816,.T.);
#2480=ORIENTED_EDGE('',*,*,#1808,.T.);
#2481=ORIENTED_EDGE('',*,*,#1817,.T.);
#2482=ORIENTED_EDGE('',*,*,#1811,.T.);
#2483=ORIENTED_EDGE('',*,*,#1818,.T.);
#2484=ORIENTED_EDGE('',*,*,#1450,.T.);
#2485=ORIENTED_EDGE('',*,*,#1447,.T.);
#2486=ORIENTED_EDGE('',*,*,#1814,.T.);
#2487=ORIENTED_EDGE('',*,*,#1819,.T.);
#2488=ORIENTED_EDGE('',*,*,#1820,.F.);
#2489=ORIENTED_EDGE('',*,*,#1821,.T.);
#2490=ORIENTED_EDGE('',*,*,#1468,.T.);
#2491=ORIENTED_EDGE('',*,*,#1822,.T.);
#2492=ORIENTED_EDGE('',*,*,#1727,.T.);
#2493=ORIENTED_EDGE('',*,*,#1823,.T.);
#2494=ORIENTED_EDGE('',*,*,#1820,.T.);
#2495=ORIENTED_EDGE('',*,*,#1824,.T.);
#2496=ORIENTED_EDGE('',*,*,#1718,.F.);
#2497=ORIENTED_EDGE('',*,*,#1825,.T.);
#2498=ORIENTED_EDGE('',*,*,#1826,.F.);
#2499=ORIENTED_EDGE('',*,*,#1827,.T.);
#2500=ORIENTED_EDGE('',*,*,#1801,.T.);
#2501=ORIENTED_EDGE('',*,*,#1828,.T.);
#2502=ORIENTED_EDGE('',*,*,#1472,.T.);
#2503=ORIENTED_EDGE('',*,*,#1829,.T.);
#2504=ORIENTED_EDGE('',*,*,#1744,.F.);
#2505=ORIENTED_EDGE('',*,*,#1830,.T.);
#2506=ORIENTED_EDGE('',*,*,#1826,.T.);
#2507=ORIENTED_EDGE('',*,*,#1831,.T.);
#2508=ORIENTED_EDGE('',*,*,#1735,.F.);
#2509=ORIENTED_EDGE('',*,*,#1832,.T.);
#2510=ORIENTED_EDGE('',*,*,#1830,.F.);
#2511=ORIENTED_EDGE('',*,*,#1743,.F.);
#2512=ORIENTED_EDGE('',*,*,#1802,.F.);
#2513=ORIENTED_EDGE('',*,*,#1827,.F.);
#2514=ORIENTED_EDGE('',*,*,#1806,.F.);
#2515=ORIENTED_EDGE('',*,*,#1736,.F.);
#2516=ORIENTED_EDGE('',*,*,#1831,.F.);
#2517=ORIENTED_EDGE('',*,*,#1828,.F.);
#2518=ORIENTED_EDGE('',*,*,#1813,.F.);
#2519=ORIENTED_EDGE('',*,*,#1719,.F.);
#2520=ORIENTED_EDGE('',*,*,#1824,.F.);
#2521=ORIENTED_EDGE('',*,*,#1819,.F.);
#2522=ORIENTED_EDGE('',*,*,#1815,.F.);
#2523=ORIENTED_EDGE('',*,*,#1821,.F.);
#2524=ORIENTED_EDGE('',*,*,#1823,.F.);
#2525=ORIENTED_EDGE('',*,*,#1726,.F.);
#2526=ORIENTED_EDGE('',*,*,#1673,.F.);
#2527=ORIENTED_EDGE('',*,*,#1573,.F.);
#2528=ORIENTED_EDGE('',*,*,#1477,.F.);
#2529=ORIENTED_EDGE('',*,*,#1581,.F.);
#2530=ORIENTED_EDGE('',*,*,#1767,.F.);
#2531=ORIENTED_EDGE('',*,*,#1530,.F.);
#2532=ORIENTED_EDGE('',*,*,#1500,.F.);
#2533=ORIENTED_EDGE('',*,*,#1751,.F.);
#2534=ORIENTED_EDGE('',*,*,#1818,.F.);
#2535=ORIENTED_EDGE('',*,*,#1810,.F.);
#2536=ORIENTED_EDGE('',*,*,#1507,.F.);
#2537=ORIENTED_EDGE('',*,*,#1721,.F.);
#2538=ORIENTED_EDGE('',*,*,#1817,.F.);
#2539=ORIENTED_EDGE('',*,*,#1807,.F.);
#2540=ORIENTED_EDGE('',*,*,#1509,.F.);
#2541=ORIENTED_EDGE('',*,*,#1812,.F.);
#2542=ORIENTED_EDGE('',*,*,#1816,.F.);
#2543=ORIENTED_EDGE('',*,*,#1724,.F.);
#2544=ORIENTED_EDGE('',*,*,#1511,.F.);
#2545=ORIENTED_EDGE('',*,*,#1809,.F.);
#2546=ORIENTED_EDGE('',*,*,#1805,.F.);
#2547=ORIENTED_EDGE('',*,*,#1798,.F.);
#2548=ORIENTED_EDGE('',*,*,#1517,.F.);
#2549=ORIENTED_EDGE('',*,*,#1738,.F.);
#2550=ORIENTED_EDGE('',*,*,#1804,.F.);
#2551=ORIENTED_EDGE('',*,*,#1795,.F.);
#2552=ORIENTED_EDGE('',*,*,#1519,.F.);
#2553=ORIENTED_EDGE('',*,*,#1800,.F.);
#2554=ORIENTED_EDGE('',*,*,#1803,.F.);
#2555=ORIENTED_EDGE('',*,*,#1741,.F.);
#2556=ORIENTED_EDGE('',*,*,#1521,.F.);
#2557=ORIENTED_EDGE('',*,*,#1797,.F.);
#2558=ORIENTED_EDGE('',*,*,#1770,.F.);
#2559=ORIENTED_EDGE('',*,*,#1745,.F.);
#2560=ORIENTED_EDGE('',*,*,#1829,.F.);
#2561=ORIENTED_EDGE('',*,*,#1471,.F.);
#2562=ORIENTED_EDGE('',*,*,#1771,.F.);
#2563=ORIENTED_EDGE('',*,*,#1473,.F.);
#2564=ORIENTED_EDGE('',*,*,#1832,.F.);
#2565=ORIENTED_EDGE('',*,*,#1734,.F.);
#2566=ORIENTED_EDGE('',*,*,#1774,.F.);
#2567=ORIENTED_EDGE('',*,*,#1728,.F.);
#2568=ORIENTED_EDGE('',*,*,#1822,.F.);
#2569=ORIENTED_EDGE('',*,*,#1467,.F.);
#2570=ORIENTED_EDGE('',*,*,#1775,.F.);
#2571=ORIENTED_EDGE('',*,*,#1469,.F.);
#2572=ORIENTED_EDGE('',*,*,#1825,.F.);
#2573=ORIENTED_EDGE('',*,*,#1717,.F.);
#2574=ORIENTED_EDGE('',*,*,#1777,.F.);
#2575=ORIENTED_EDGE('',*,*,#1713,.F.);
#2576=ORIENTED_EDGE('',*,*,#1502,.F.);
#2577=ORIENTED_EDGE('',*,*,#1529,.F.);
#2578=ORIENTED_EDGE('',*,*,#1779,.F.);
#2579=ORIENTED_EDGE('',*,*,#1710,.F.);
#2580=ORIENTED_EDGE('',*,*,#1532,.F.);
#2581=ORIENTED_EDGE('',*,*,#1765,.F.);
#2582=ORIENTED_EDGE('',*,*,#1556,.F.);
#2583=ORIENTED_EDGE('',*,*,#1553,.F.);
#2584=ORIENTED_EDGE('',*,*,#1537,.F.);
#2585=ORIENTED_EDGE('',*,*,#1755,.F.);
#2586=ORIENTED_EDGE('',*,*,#1782,.F.);
#2587=ORIENTED_EDGE('',*,*,#1759,.F.);
#2588=ORIENTED_EDGE('',*,*,#1558,.F.);
#2589=ORIENTED_EDGE('',*,*,#1754,.F.);
#2590=ORIENTED_EDGE('',*,*,#1543,.F.);
#2591=ORIENTED_EDGE('',*,*,#1550,.F.);
#2592=ORIENTED_EDGE('',*,*,#1560,.F.);
#2593=ORIENTED_EDGE('',*,*,#1758,.F.);
#2594=ORIENTED_EDGE('',*,*,#1674,.F.);
#2595=ORIENTED_EDGE('',*,*,#1579,.F.);
#2596=ORIENTED_EDGE('',*,*,#1833,.F.);
#2597=ORIENTED_EDGE('',*,*,#1660,.F.);
#2598=ORIENTED_EDGE('',*,*,#1833,.T.);
#2599=ORIENTED_EDGE('',*,*,#1578,.F.);
#2600=ORIENTED_EDGE('',*,*,#1834,.F.);
#2601=ORIENTED_EDGE('',*,*,#1663,.F.);
#2602=ORIENTED_EDGE('',*,*,#1834,.T.);
#2603=ORIENTED_EDGE('',*,*,#1577,.F.);
#2604=ORIENTED_EDGE('',*,*,#1835,.F.);
#2605=ORIENTED_EDGE('',*,*,#1654,.F.);
#2606=ORIENTED_EDGE('',*,*,#1475,.F.);
#2607=ORIENTED_EDGE('',*,*,#1657,.F.);
#2608=ORIENTED_EDGE('',*,*,#1835,.T.);
#2609=ORIENTED_EDGE('',*,*,#1576,.F.);
#2610=ORIENTED_EDGE('',*,*,#1589,.F.);
#2611=ORIENTED_EDGE('',*,*,#1662,.F.);
#2612=ORIENTED_EDGE('',*,*,#1836,.F.);
#2613=ORIENTED_EDGE('',*,*,#1651,.F.);
#2614=ORIENTED_EDGE('',*,*,#1836,.T.);
#2615=ORIENTED_EDGE('',*,*,#1664,.F.);
#2616=ORIENTED_EDGE('',*,*,#1837,.F.);
#2617=ORIENTED_EDGE('',*,*,#1652,.F.);
#2618=ORIENTED_EDGE('',*,*,#1837,.T.);
#2619=ORIENTED_EDGE('',*,*,#1656,.F.);
#2620=ORIENTED_EDGE('',*,*,#1838,.F.);
#2621=ORIENTED_EDGE('',*,*,#1649,.F.);
#2622=ORIENTED_EDGE('',*,*,#1496,.F.);
#2623=ORIENTED_EDGE('',*,*,#1650,.F.);
#2624=ORIENTED_EDGE('',*,*,#1838,.T.);
#2625=ORIENTED_EDGE('',*,*,#1658,.F.);
#2626=ORIENTED_EDGE('',*,*,#1766,.F.);
#2627=ORIENTED_EDGE('',*,*,#1752,.F.);
#2628=ORIENTED_EDGE('',*,*,#1535,.F.);
#2629=ORIENTED_EDGE('',*,*,#1525,.F.);
#2630=ORIENTED_EDGE('',*,*,#1555,.F.);
#2631=ORIENTED_EDGE('',*,*,#1704,.F.);
#2632=ORIENTED_EDGE('',*,*,#1539,.F.);
#2633=ORIENTED_EDGE('',*,*,#1552,.F.);
#2634=ORIENTED_EDGE('',*,*,#1561,.F.);
#2635=ORIENTED_EDGE('',*,*,#1548,.F.);
#2636=ORIENTED_EDGE('',*,*,#1541,.F.);
#2637=ORIENTED_EDGE('',*,*,#1705,.F.);
#2638=ORIENTED_EDGE('',*,*,#1781,.F.);
#2639=ORIENTED_EDGE('',*,*,#1760,.F.);
#2640=ORIENTED_EDGE('',*,*,#1545,.F.);
#2641=ORIENTED_EDGE('',*,*,#1757,.F.);
#2642=ORIENTED_EDGE('',*,*,#1780,.F.);
#2643=ORIENTED_EDGE('',*,*,#1763,.F.);
#2644=ORIENTED_EDGE('',*,*,#1547,.F.);
#2645=ORIENTED_EDGE('',*,*,#1762,.F.);
#2646=ORIENTED_EDGE('',*,*,#1778,.F.);
#2647=ORIENTED_EDGE('',*,*,#1527,.F.);
#2648=ORIENTED_EDGE('',*,*,#1534,.F.);
#2649=ORIENTED_EDGE('',*,*,#1709,.F.);
#2650=ORIENTED_EDGE('',*,*,#1776,.F.);
#2651=ORIENTED_EDGE('',*,*,#1714,.F.);
#2652=ORIENTED_EDGE('',*,*,#1504,.F.);
#2653=ORIENTED_EDGE('',*,*,#1712,.F.);
#2654=ORIENTED_EDGE('',*,*,#1773,.F.);
#2655=ORIENTED_EDGE('',*,*,#1729,.F.);
#2656=ORIENTED_EDGE('',*,*,#1513,.F.);
#2657=ORIENTED_EDGE('',*,*,#1723,.F.);
#2658=ORIENTED_EDGE('',*,*,#1772,.F.);
#2659=ORIENTED_EDGE('',*,*,#1732,.F.);
#2660=ORIENTED_EDGE('',*,*,#1515,.F.);
#2661=ORIENTED_EDGE('',*,*,#1731,.F.);
#2662=ORIENTED_EDGE('',*,*,#1769,.F.);
#2663=ORIENTED_EDGE('',*,*,#1746,.F.);
#2664=ORIENTED_EDGE('',*,*,#1523,.F.);
#2665=ORIENTED_EDGE('',*,*,#1740,.F.);
#2666=ORIENTED_EDGE('',*,*,#1768,.F.);
#2667=ORIENTED_EDGE('',*,*,#1749,.F.);
#2668=ORIENTED_EDGE('',*,*,#1498,.F.);
#2669=ORIENTED_EDGE('',*,*,#1748,.F.);
#2670=ORIENTED_EDGE('',*,*,#1423,.T.);
#2671=ORIENTED_EDGE('',*,*,#1839,.F.);
#2672=ORIENTED_EDGE('',*,*,#1463,.F.);
#2673=ORIENTED_EDGE('',*,*,#1440,.F.);
#2674=ORIENTED_EDGE('',*,*,#1840,.T.);
#2675=ORIENTED_EDGE('',*,*,#1841,.T.);
#2676=ORIENTED_EDGE('',*,*,#1442,.T.);
#2677=ORIENTED_EDGE('',*,*,#1465,.T.);
#2678=ORIENTED_EDGE('',*,*,#1433,.F.);
#2679=ORIENTED_EDGE('',*,*,#1842,.F.);
#2680=ORIENTED_EDGE('',*,*,#1843,.F.);
#2681=ORIENTED_EDGE('',*,*,#1435,.T.);
#2682=ORIENTED_EDGE('',*,*,#1841,.F.);
#2683=ORIENTED_EDGE('',*,*,#1461,.T.);
#2684=ORIENTED_EDGE('',*,*,#1842,.T.);
#2685=ORIENTED_EDGE('',*,*,#1432,.T.);
#2686=ORIENTED_EDGE('',*,*,#1840,.F.);
#2687=ORIENTED_EDGE('',*,*,#1439,.T.);
#2688=ORIENTED_EDGE('',*,*,#1436,.T.);
#2689=ORIENTED_EDGE('',*,*,#1843,.T.);
#2690=ORIENTED_EDGE('',*,*,#1460,.T.);
#2691=ORIENTED_EDGE('',*,*,#1462,.T.);
#2692=ORIENTED_EDGE('',*,*,#1455,.T.);
#2693=ORIENTED_EDGE('',*,*,#1457,.T.);
#2694=ORIENTED_EDGE('',*,*,#1844,.F.);
#2695=ORIENTED_EDGE('',*,*,#1428,.F.);
#2696=ORIENTED_EDGE('',*,*,#1425,.F.);
#2697=ORIENTED_EDGE('',*,*,#1845,.T.);
#2698=ORIENTED_EDGE('',*,*,#1456,.T.);
#2699=ORIENTED_EDGE('',*,*,#1846,.T.);
#2700=ORIENTED_EDGE('',*,*,#1421,.F.);
#2701=ORIENTED_EDGE('',*,*,#1847,.F.);
#2702=ORIENTED_EDGE('',*,*,#1464,.F.);
#2703=ORIENTED_EDGE('',*,*,#1429,.F.);
#2704=ORIENTED_EDGE('',*,*,#1844,.T.);
#2705=ORIENTED_EDGE('',*,*,#1847,.T.);
#2706=ORIENTED_EDGE('',*,*,#1431,.T.);
#2707=ORIENTED_EDGE('',*,*,#1839,.T.);
#2708=ORIENTED_EDGE('',*,*,#1422,.F.);
#2709=ORIENTED_EDGE('',*,*,#1846,.F.);
#2710=ORIENTED_EDGE('',*,*,#1845,.F.);
#2711=ORIENTED_EDGE('',*,*,#1424,.T.);
#2712=ORIENTED_EDGE('',*,*,#1418,.T.);
#2713=ORIENTED_EDGE('',*,*,#1415,.T.);
#2714=CYLINDRICAL_SURFACE('',#2964,1.9);
#2715=CYLINDRICAL_SURFACE('',#2967,1.9);
#2716=CYLINDRICAL_SURFACE('',#2970,3.);
#2717=CYLINDRICAL_SURFACE('',#2977,3.);
#2718=CYLINDRICAL_SURFACE('',#2984,0.5);
#2719=CYLINDRICAL_SURFACE('',#2987,1.9);
#2720=CYLINDRICAL_SURFACE('',#2990,1.9);
#2721=CYLINDRICAL_SURFACE('',#2993,1.625);
#2722=CYLINDRICAL_SURFACE('',#2998,1.625);
#2723=CYLINDRICAL_SURFACE('',#3006,26.55);
#2724=CYLINDRICAL_SURFACE('',#3009,26.55);
#2725=CYLINDRICAL_SURFACE('',#3042,26.55);
#2726=CYLINDRICAL_SURFACE('',#3067,28.5);
#2727=CYLINDRICAL_SURFACE('',#3081,28.5);
#2728=CYLINDRICAL_SURFACE('',#3084,28.5);
#2729=CYLINDRICAL_SURFACE('',#3087,100.);
#2730=CYLINDRICAL_SURFACE('',#3090,2.49999999999999);
#2731=CYLINDRICAL_SURFACE('',#3096,2.49999999999999);
#2732=CYLINDRICAL_SURFACE('',#3099,100.);
#2733=CYLINDRICAL_SURFACE('',#3113,28.5);
#2734=CYLINDRICAL_SURFACE('',#3118,16.5);
#2735=CYLINDRICAL_SURFACE('',#3123,20.5);
#2736=CYLINDRICAL_SURFACE('',#3126,18.5);
#2737=CYLINDRICAL_SURFACE('',#3130,18.5);
#2738=CYLINDRICAL_SURFACE('',#3137,2.5);
#2739=CYLINDRICAL_SURFACE('',#3142,2.5);
#2740=CYLINDRICAL_SURFACE('',#3143,2.5);
#2741=CYLINDRICAL_SURFACE('',#3148,2.5);
#2742=CYLINDRICAL_SURFACE('',#3149,2.5);
#2743=CYLINDRICAL_SURFACE('',#3152,2.5);
#2744=CYLINDRICAL_SURFACE('',#3172,1.5);
#2745=CYLINDRICAL_SURFACE('',#3174,1.5);
#2746=CYLINDRICAL_SURFACE('',#3241,28.5);
#2747=CYLINDRICAL_SURFACE('',#3248,28.5);
#2748=CYLINDRICAL_SURFACE('',#3255,1.);
#2749=CYLINDRICAL_SURFACE('',#3256,1.);
#2750=CYLINDRICAL_SURFACE('',#3257,1.);
#2751=CYLINDRICAL_SURFACE('',#3258,1.);
#2752=CYLINDRICAL_SURFACE('',#3259,1.);
#2753=CYLINDRICAL_SURFACE('',#3260,1.);
#2754=CYLINDRICAL_SURFACE('',#3261,1.);
#2755=CYLINDRICAL_SURFACE('',#3262,1.);
#2756=CYLINDRICAL_SURFACE('',#3263,1.);
#2757=CYLINDRICAL_SURFACE('',#3264,1.);
#2758=CYLINDRICAL_SURFACE('',#3265,1.);
#2759=CYLINDRICAL_SURFACE('',#3266,1.);
#2760=CYLINDRICAL_SURFACE('',#3267,1.);
#2761=CYLINDRICAL_SURFACE('',#3268,1.);
#2762=CYLINDRICAL_SURFACE('',#3269,1.);
#2763=CYLINDRICAL_SURFACE('',#3270,1.);
#2764=CYLINDRICAL_SURFACE('',#3271,1.);
#2765=CYLINDRICAL_SURFACE('',#3272,1.);
#2766=CYLINDRICAL_SURFACE('',#3273,1.);
#2767=CYLINDRICAL_SURFACE('',#3274,1.);
#2768=CYLINDRICAL_SURFACE('',#3275,0.999999999999999);
#2769=CYLINDRICAL_SURFACE('',#3276,0.5);
#2770=CYLINDRICAL_SURFACE('',#3282,0.5);
#2771=CYLINDRICAL_SURFACE('',#3283,0.5);
#2772=CYLINDRICAL_SURFACE('',#3289,0.5);
#2773=CYLINDRICAL_SURFACE('',#3290,0.5);
#2774=CYLINDRICAL_SURFACE('',#3291,0.5);
#2775=CYLINDRICAL_SURFACE('',#3292,0.5);
#2776=CYLINDRICAL_SURFACE('',#3293,0.5);
#2777=CYLINDRICAL_SURFACE('',#3294,0.5);
#2778=CYLINDRICAL_SURFACE('',#3295,0.5);
#2779=CYLINDRICAL_SURFACE('',#3296,0.5);
#2780=CYLINDRICAL_SURFACE('',#3297,0.5);
#2781=CYLINDRICAL_SURFACE('',#3298,0.5);
#2782=CYLINDRICAL_SURFACE('',#3299,0.5);
#2783=CYLINDRICAL_SURFACE('',#3300,0.5);
#2784=ADVANCED_FACE('',(#130),#2714,.F.);
#2785=ADVANCED_FACE('',(#131),#2715,.F.);
#2786=ADVANCED_FACE('',(#132),#2716,.F.);
#2787=ADVANCED_FACE('',(#133),#2717,.F.);
#2788=ADVANCED_FACE('',(#134),#2718,.F.);
#2789=ADVANCED_FACE('',(#135),#2719,.F.);
#2790=ADVANCED_FACE('',(#136),#2720,.F.);
#2791=ADVANCED_FACE('',(#137),#2721,.F.);
#2792=ADVANCED_FACE('',(#138),#2722,.F.);
#2793=ADVANCED_FACE('',(#139),#60,.F.);
#2794=ADVANCED_FACE('',(#140),#61,.F.);
#2795=ADVANCED_FACE('',(#141),#62,.F.);
#2796=ADVANCED_FACE('',(#142),#2723,.F.);
#2797=ADVANCED_FACE('',(#143),#2724,.F.);
#2798=ADVANCED_FACE('',(#144,#51),#63,.F.);
#2799=ADVANCED_FACE('',(#145),#2725,.F.);
#2800=ADVANCED_FACE('',(#146,#52,#53),#64,.T.);
#2801=ADVANCED_FACE('',(#147),#65,.F.);
#2802=ADVANCED_FACE('',(#148),#66,.F.);
#2803=ADVANCED_FACE('',(#149),#67,.F.);
#2804=ADVANCED_FACE('',(#150),#68,.F.);
#2805=ADVANCED_FACE('',(#151),#2726,.F.);
#2806=ADVANCED_FACE('',(#152),#69,.T.);
#2807=ADVANCED_FACE('',(#153),#70,.F.);
#2808=ADVANCED_FACE('',(#154),#71,.T.);
#2809=ADVANCED_FACE('',(#155),#2727,.T.);
#2810=ADVANCED_FACE('',(#156),#2728,.T.);
#2811=ADVANCED_FACE('',(#157),#2729,.F.);
#2812=ADVANCED_FACE('',(#158),#2730,.T.);
#2813=ADVANCED_FACE('',(#159),#72,.F.);
#2814=ADVANCED_FACE('',(#160),#73,.T.);
#2815=ADVANCED_FACE('',(#161),#74,.T.);
#2816=ADVANCED_FACE('',(#162),#2731,.T.);
#2817=ADVANCED_FACE('',(#163),#2732,.F.);
#2818=ADVANCED_FACE('',(#164,#54,#55,#56,#57),#75,.T.);
#2819=ADVANCED_FACE('',(#165),#2733,.F.);
#2820=ADVANCED_FACE('',(#166),#76,.F.);
#2821=ADVANCED_FACE('',(#167),#77,.F.);
#2822=ADVANCED_FACE('',(#168),#2734,.F.);
#2823=ADVANCED_FACE('',(#169),#78,.F.);
#2824=ADVANCED_FACE('',(#170),#79,.F.);
#2825=ADVANCED_FACE('',(#171),#2735,.T.);
#2826=ADVANCED_FACE('',(#172),#2736,.F.);
#2827=ADVANCED_FACE('',(#173),#80,.T.);
#2828=ADVANCED_FACE('',(#174),#2737,.T.);
#2829=ADVANCED_FACE('',(#175),#81,.T.);
#2830=ADVANCED_FACE('',(#176),#2738,.T.);
#2831=ADVANCED_FACE('',(#177),#37,.T.);
#2832=ADVANCED_FACE('',(#178),#38,.T.);
#2833=ADVANCED_FACE('',(#179),#2739,.T.);
#2834=ADVANCED_FACE('',(#180),#2740,.T.);
#2835=ADVANCED_FACE('',(#181),#39,.T.);
#2836=ADVANCED_FACE('',(#182),#40,.T.);
#2837=ADVANCED_FACE('',(#183),#2741,.T.);
#2838=ADVANCED_FACE('',(#184),#2742,.T.);
#2839=ADVANCED_FACE('',(#185),#2743,.T.);
#2840=ADVANCED_FACE('',(#186),#82,.T.);
#2841=ADVANCED_FACE('',(#187),#19,.T.);
#2842=ADVANCED_FACE('',(#188),#20,.T.);
#2843=ADVANCED_FACE('',(#189),#83,.T.);
#2844=ADVANCED_FACE('',(#190),#21,.F.);
#2845=ADVANCED_FACE('',(#191),#22,.T.);
#2846=ADVANCED_FACE('',(#192),#23,.T.);
#2847=ADVANCED_FACE('',(#193),#84,.F.);
#2848=ADVANCED_FACE('',(#194),#85,.T.);
#2849=ADVANCED_FACE('',(#195),#24,.T.);
#2850=ADVANCED_FACE('',(#196),#25,.T.);
#2851=ADVANCED_FACE('',(#197),#26,.F.);
#2852=ADVANCED_FACE('',(#198),#86,.F.);
#2853=ADVANCED_FACE('',(#199),#27,.T.);
#2854=ADVANCED_FACE('',(#200),#28,.T.);
#2855=ADVANCED_FACE('',(#201),#87,.F.);
#2856=ADVANCED_FACE('',(#202),#88,.F.);
#2857=ADVANCED_FACE('',(#203),#2744,.T.);
#2858=ADVANCED_FACE('',(#204),#2745,.T.);
#2859=ADVANCED_FACE('',(#205),#89,.F.);
#2860=ADVANCED_FACE('',(#206),#90,.F.);
#2861=ADVANCED_FACE('',(#207),#91,.F.);
#2862=ADVANCED_FACE('',(#208),#92,.T.);
#2863=ADVANCED_FACE('',(#209),#93,.F.);
#2864=ADVANCED_FACE('',(#210),#94,.F.);
#2865=ADVANCED_FACE('',(#211),#95,.T.);
#2866=ADVANCED_FACE('',(#212),#96,.T.);
#2867=ADVANCED_FACE('',(#213),#97,.T.);
#2868=ADVANCED_FACE('',(#214),#98,.T.);
#2869=ADVANCED_FACE('',(#215),#99,.T.);
#2870=ADVANCED_FACE('',(#216),#100,.T.);
#2871=ADVANCED_FACE('',(#217),#101,.T.);
#2872=ADVANCED_FACE('',(#218),#102,.F.);
#2873=ADVANCED_FACE('',(#219),#103,.T.);
#2874=ADVANCED_FACE('',(#220),#104,.F.);
#2875=ADVANCED_FACE('',(#221),#29,.T.);
#2876=ADVANCED_FACE('',(#222),#30,.F.);
#2877=ADVANCED_FACE('',(#223),#31,.T.);
#2878=ADVANCED_FACE('',(#224),#105,.F.);
#2879=ADVANCED_FACE('',(#225),#32,.T.);
#2880=ADVANCED_FACE('',(#226),#106,.T.);
#2881=ADVANCED_FACE('',(#227),#33,.T.);
#2882=ADVANCED_FACE('',(#228),#107,.T.);
#2883=ADVANCED_FACE('',(#229),#34,.T.);
#2884=ADVANCED_FACE('',(#230),#35,.F.);
#2885=ADVANCED_FACE('',(#231),#36,.T.);
#2886=ADVANCED_FACE('',(#232),#108,.T.);
#2887=ADVANCED_FACE('',(#233),#109,.T.);
#2888=ADVANCED_FACE('',(#234,#58),#110,.T.);
#2889=ADVANCED_FACE('',(#235),#111,.T.);
#2890=ADVANCED_FACE('',(#236,#59),#112,.F.);
#2891=ADVANCED_FACE('',(#237),#113,.F.);
#2892=ADVANCED_FACE('',(#238),#114,.T.);
#2893=ADVANCED_FACE('',(#239),#115,.T.);
#2894=ADVANCED_FACE('',(#240),#116,.F.);
#2895=ADVANCED_FACE('',(#241),#2746,.F.);
#2896=ADVANCED_FACE('',(#242),#117,.T.);
#2897=ADVANCED_FACE('',(#243),#2747,.F.);
#2898=ADVANCED_FACE('',(#244),#118,.T.);
#2899=ADVANCED_FACE('',(#245),#2748,.T.);
#2900=ADVANCED_FACE('',(#246),#2749,.T.);
#2901=ADVANCED_FACE('',(#247),#2750,.T.);
#2902=ADVANCED_FACE('',(#248),#2751,.T.);
#2903=ADVANCED_FACE('',(#249),#2752,.T.);
#2904=ADVANCED_FACE('',(#250),#2753,.T.);
#2905=ADVANCED_FACE('',(#251),#2754,.T.);
#2906=ADVANCED_FACE('',(#252),#2755,.T.);
#2907=ADVANCED_FACE('',(#253),#2756,.T.);
#2908=ADVANCED_FACE('',(#254),#2757,.T.);
#2909=ADVANCED_FACE('',(#255),#2758,.T.);
#2910=ADVANCED_FACE('',(#256),#2759,.T.);
#2911=ADVANCED_FACE('',(#257),#2760,.T.);
#2912=ADVANCED_FACE('',(#258),#2761,.T.);
#2913=ADVANCED_FACE('',(#259),#2762,.T.);
#2914=ADVANCED_FACE('',(#260),#2763,.T.);
#2915=ADVANCED_FACE('',(#261),#2764,.T.);
#2916=ADVANCED_FACE('',(#262),#2765,.T.);
#2917=ADVANCED_FACE('',(#263),#2766,.T.);
#2918=ADVANCED_FACE('',(#264),#2767,.T.);
#2919=ADVANCED_FACE('',(#265),#2768,.T.);
#2920=ADVANCED_FACE('',(#266),#2769,.F.);
#2921=ADVANCED_FACE('',(#267),#15,.F.);
#2922=ADVANCED_FACE('',(#268),#16,.F.);
#2923=ADVANCED_FACE('',(#269),#2770,.F.);
#2924=ADVANCED_FACE('',(#270),#2771,.F.);
#2925=ADVANCED_FACE('',(#271),#17,.F.);
#2926=ADVANCED_FACE('',(#272),#18,.F.);
#2927=ADVANCED_FACE('',(#273),#2772,.F.);
#2928=ADVANCED_FACE('',(#274),#2773,.F.);
#2929=ADVANCED_FACE('',(#275),#2774,.F.);
#2930=ADVANCED_FACE('',(#276),#2775,.F.);
#2931=ADVANCED_FACE('',(#277),#2776,.F.);
#2932=ADVANCED_FACE('',(#278),#2777,.F.);
#2933=ADVANCED_FACE('',(#279),#2778,.F.);
#2934=ADVANCED_FACE('',(#280),#2779,.F.);
#2935=ADVANCED_FACE('',(#281),#2780,.F.);
#2936=ADVANCED_FACE('',(#282),#2781,.F.);
#2937=ADVANCED_FACE('',(#283),#2782,.F.);
#2938=ADVANCED_FACE('',(#284),#2783,.F.);
#2939=ADVANCED_FACE('',(#285),#119,.F.);
#2940=ADVANCED_FACE('',(#286),#120,.T.);
#2941=ADVANCED_FACE('',(#287),#121,.F.);
#2942=ADVANCED_FACE('',(#288),#122,.T.);
#2943=ADVANCED_FACE('',(#289),#123,.T.);
#2944=ADVANCED_FACE('',(#290),#124,.T.);
#2945=ADVANCED_FACE('',(#291),#125,.T.);
#2946=ADVANCED_FACE('',(#292),#126,.T.);
#2947=ADVANCED_FACE('',(#293),#127,.F.);
#2948=ADVANCED_FACE('',(#294),#128,.T.);
#2949=ADVANCED_FACE('',(#295),#129,.T.);
#2950=CLOSED_SHELL('',(#2784,#2785,#2786,#2787,#2788,#2789,#2790,#2791,
#2792,#2793,#2794,#2795,#2796,#2797,#2798,#2799,#2800,#2801,#2802,#2803,
#2804,#2805,#2806,#2807,#2808,#2809,#2810,#2811,#2812,#2813,#2814,#2815,
#2816,#2817,#2818,#2819,#2820,#2821,#2822,#2823,#2824,#2825,#2826,#2827,
#2828,#2829,#2830,#2831,#2832,#2833,#2834,#2835,#2836,#2837,#2838,#2839,
#2840,#2841,#2842,#2843,#2844,#2845,#2846,#2847,#2848,#2849,#2850,#2851,
#2852,#2853,#2854,#2855,#2856,#2857,#2858,#2859,#2860,#2861,#2862,#2863,
#2864,#2865,#2866,#2867,#2868,#2869,#2870,#2871,#2872,#2873,#2874,#2875,
#2876,#2877,#2878,#2879,#2880,#2881,#2882,#2883,#2884,#2885,#2886,#2887,
#2888,#2889,#2890,#2891,#2892,#2893,#2894,#2895,#2896,#2897,#2898,#2899,
#2900,#2901,#2902,#2903,#2904,#2905,#2906,#2907,#2908,#2909,#2910,#2911,
#2912,#2913,#2914,#2915,#2916,#2917,#2918,#2919,#2920,#2921,#2922,#2923,
#2924,#2925,#2926,#2927,#2928,#2929,#2930,#2931,#2932,#2933,#2934,#2935,
#2936,#2937,#2938,#2939,#2940,#2941,#2942,#2943,#2944,#2945,#2946,#2947,
#2948,#2949));
#2951=DERIVED_UNIT_ELEMENT(#2953,1.);
#2952=DERIVED_UNIT_ELEMENT(#5180,-3.);
#2953=(
MASS_UNIT()
NAMED_UNIT(*)
SI_UNIT(.KILO.,.GRAM.)
);
#2954=DERIVED_UNIT((#2951,#2952));
#2955=MEASURE_REPRESENTATION_ITEM('density measure',
POSITIVE_RATIO_MEASURE(7850.),#2954);
#2956=PROPERTY_DEFINITION_REPRESENTATION(#2961,#2958);
#2957=PROPERTY_DEFINITION_REPRESENTATION(#2962,#2959);
#2958=REPRESENTATION('material name',(#2960),#5177);
#2959=REPRESENTATION('density',(#2955),#5177);
#2960=DESCRIPTIVE_REPRESENTATION_ITEM('Steel','Steel');
#2961=PROPERTY_DEFINITION('material property','material name',#5187);
#2962=PROPERTY_DEFINITION('material property','density of part',#5187);
#2963=AXIS2_PLACEMENT_3D('',#4257,#3312,#3313);
#2964=AXIS2_PLACEMENT_3D('',#4258,#3314,#3315);
#2965=AXIS2_PLACEMENT_3D('',#4260,#3316,#3317);
#2966=AXIS2_PLACEMENT_3D('',#4263,#3319,#3320);
#2967=AXIS2_PLACEMENT_3D('',#4264,#3321,#3322);
#2968=AXIS2_PLACEMENT_3D('',#4266,#3323,#3324);
#2969=AXIS2_PLACEMENT_3D('',#4269,#3326,#3327);
#2970=AXIS2_PLACEMENT_3D('',#4270,#3328,#3329);
#2971=AXIS2_PLACEMENT_3D('',#4273,#3330,#3331);
#2972=AXIS2_PLACEMENT_3D('',#4277,#3333,#3334);
#2973=AXIS2_PLACEMENT_3D('',#4281,#3336,#3337);
#2974=AXIS2_PLACEMENT_3D('',#4284,#3339,#3340);
#2975=AXIS2_PLACEMENT_3D('',#4286,#3341,#3342);
#2976=AXIS2_PLACEMENT_3D('',#4290,#3344,#3345);
#2977=AXIS2_PLACEMENT_3D('',#4292,#3347,#3348);
#2978=AXIS2_PLACEMENT_3D('',#4295,#3349,#3350);
#2979=AXIS2_PLACEMENT_3D('',#4299,#3352,#3353);
#2980=AXIS2_PLACEMENT_3D('',#4303,#3355,#3356);
#2981=AXIS2_PLACEMENT_3D('',#4306,#3358,#3359);
#2982=AXIS2_PLACEMENT_3D('',#4308,#3360,#3361);
#2983=AXIS2_PLACEMENT_3D('',#4312,#3363,#3364);
#2984=AXIS2_PLACEMENT_3D('',#4314,#3366,#3367);
#2985=AXIS2_PLACEMENT_3D('',#4317,#3368,#3369);
#2986=AXIS2_PLACEMENT_3D('',#4321,#3371,#3372);
#2987=AXIS2_PLACEMENT_3D('',#4323,#3374,#3375);
#2988=AXIS2_PLACEMENT_3D('',#4325,#3376,#3377);
#2989=AXIS2_PLACEMENT_3D('',#4328,#3379,#3380);
#2990=AXIS2_PLACEMENT_3D('',#4329,#3381,#3382);
#2991=AXIS2_PLACEMENT_3D('',#4331,#3383,#3384);
#2992=AXIS2_PLACEMENT_3D('',#4334,#3386,#3387);
#2993=AXIS2_PLACEMENT_3D('',#4335,#3388,#3389);
#2994=AXIS2_PLACEMENT_3D('',#4337,#3390,#3391);
#2995=AXIS2_PLACEMENT_3D('',#4341,#3393,#3394);
#2996=AXIS2_PLACEMENT_3D('',#4343,#3395,#3396);
#2997=AXIS2_PLACEMENT_3D('',#4344,#3397,#3398);
#2998=AXIS2_PLACEMENT_3D('',#4345,#3399,#3400);
#2999=AXIS2_PLACEMENT_3D('',#4347,#3401,#3402);
#3000=AXIS2_PLACEMENT_3D('',#4351,#3404,#3405);
#3001=AXIS2_PLACEMENT_3D('',#4353,#3406,#3407);
#3002=AXIS2_PLACEMENT_3D('',#4354,#3408,#3409);
#3003=AXIS2_PLACEMENT_3D('',#4355,#3410,#3411);
#3004=AXIS2_PLACEMENT_3D('',#4357,#3413,#3414);
#3005=AXIS2_PLACEMENT_3D('',#4359,#3416,#3417);
#3006=AXIS2_PLACEMENT_3D('',#4361,#3419,#3420);
#3007=AXIS2_PLACEMENT_3D('',#4364,#3421,#3422);
#3008=AXIS2_PLACEMENT_3D('',#4368,#3424,#3425);
#3009=AXIS2_PLACEMENT_3D('',#4370,#3427,#3428);
#3010=AXIS2_PLACEMENT_3D('',#4373,#3429,#3430);
#3011=AXIS2_PLACEMENT_3D('',#4377,#3432,#3433);
#3012=AXIS2_PLACEMENT_3D('',#4379,#3435,#3436);
#3013=AXIS2_PLACEMENT_3D('',#4384,#3438,#3439);
#3014=AXIS2_PLACEMENT_3D('',#4388,#3441,#3442);
#3015=AXIS2_PLACEMENT_3D('',#4390,#3443,#3444);
#3016=AXIS2_PLACEMENT_3D('',#4392,#3445,#3446);
#3017=AXIS2_PLACEMENT_3D('',#4396,#3448,#3449);
#3018=AXIS2_PLACEMENT_3D('',#4398,#3450,#3451);
#3019=AXIS2_PLACEMENT_3D('',#4400,#3452,#3453);
#3020=AXIS2_PLACEMENT_3D('',#4404,#3455,#3456);
#3021=AXIS2_PLACEMENT_3D('',#4408,#3458,#3459);
#3022=AXIS2_PLACEMENT_3D('',#4412,#3461,#3462);
#3023=AXIS2_PLACEMENT_3D('',#4414,#3463,#3464);
#3024=AXIS2_PLACEMENT_3D('',#4416,#3465,#3466);
#3025=AXIS2_PLACEMENT_3D('',#4420,#3468,#3469);
#3026=AXIS2_PLACEMENT_3D('',#4422,#3470,#3471);
#3027=AXIS2_PLACEMENT_3D('',#4425,#3473,#3474);
#3028=AXIS2_PLACEMENT_3D('',#4430,#3476,#3477);
#3029=AXIS2_PLACEMENT_3D('',#4434,#3479,#3480);
#3030=AXIS2_PLACEMENT_3D('',#4436,#3481,#3482);
#3031=AXIS2_PLACEMENT_3D('',#4438,#3483,#3484);
#3032=AXIS2_PLACEMENT_3D('',#4442,#3486,#3487);
#3033=AXIS2_PLACEMENT_3D('',#4447,#3490,#3491);
#3034=AXIS2_PLACEMENT_3D('',#4451,#3493,#3494);
#3035=AXIS2_PLACEMENT_3D('',#4455,#3496,#3497);
#3036=AXIS2_PLACEMENT_3D('',#4459,#3499,#3500);
#3037=AXIS2_PLACEMENT_3D('',#4463,#3502,#3503);
#3038=AXIS2_PLACEMENT_3D('',#4467,#3505,#3506);
#3039=AXIS2_PLACEMENT_3D('',#4471,#3508,#3509);
#3040=AXIS2_PLACEMENT_3D('',#4475,#3511,#3512);
#3041=AXIS2_PLACEMENT_3D('',#4478,#3514,#3515);
#3042=AXIS2_PLACEMENT_3D('',#4479,#3516,#3517);
#3043=AXIS2_PLACEMENT_3D('',#4482,#3518,#3519);
#3044=AXIS2_PLACEMENT_3D('',#4486,#3521,#3522);
#3045=AXIS2_PLACEMENT_3D('',#4490,#3524,#3525);
#3046=AXIS2_PLACEMENT_3D('',#4493,#3528,#3529);
#3047=AXIS2_PLACEMENT_3D('',#4498,#3531,#3532);
#3048=AXIS2_PLACEMENT_3D('',#4501,#3534,#3535);
#3049=AXIS2_PLACEMENT_3D('',#4503,#3536,#3537);
#3050=AXIS2_PLACEMENT_3D('',#4507,#3539,#3540);
#3051=AXIS2_PLACEMENT_3D('',#4511,#3542,#3543);
#3052=AXIS2_PLACEMENT_3D('',#4515,#3545,#3546);
#3053=AXIS2_PLACEMENT_3D('',#4519,#3548,#3549);
#3054=AXIS2_PLACEMENT_3D('',#4523,#3551,#3552);
#3055=AXIS2_PLACEMENT_3D('',#4526,#3554,#3555);
#3056=AXIS2_PLACEMENT_3D('',#4527,#3556,#3557);
#3057=AXIS2_PLACEMENT_3D('',#4533,#3561,#3562);
#3058=AXIS2_PLACEMENT_3D('',#4539,#3566,#3567);
#3059=AXIS2_PLACEMENT_3D('',#4543,#3569,#3570);
#3060=AXIS2_PLACEMENT_3D('',#4545,#3571,#3572);
#3061=AXIS2_PLACEMENT_3D('',#4549,#3574,#3575);
#3062=AXIS2_PLACEMENT_3D('',#4552,#3577,#3578);
#3063=AXIS2_PLACEMENT_3D('',#4553,#3579,#3580);
#3064=AXIS2_PLACEMENT_3D('',#4554,#3581,#3582);
#3065=AXIS2_PLACEMENT_3D('',#4571,#3590,#3591);
#3066=AXIS2_PLACEMENT_3D('',#4573,#3592,#3593);
#3067=AXIS2_PLACEMENT_3D('',#4577,#3596,#3597);
#3068=AXIS2_PLACEMENT_3D('',#4581,#3599,#3600);
#3069=AXIS2_PLACEMENT_3D('',#4583,#3602,#3603);
#3070=AXIS2_PLACEMENT_3D('',#4587,#3605,#3606);
#3071=AXIS2_PLACEMENT_3D('',#4589,#3607,#3608);
#3072=AXIS2_PLACEMENT_3D('',#4595,#3612,#3613);
#3073=AXIS2_PLACEMENT_3D('',#4598,#3614,#3615);
#3074=AXIS2_PLACEMENT_3D('',#4600,#3616,#3617);
#3075=AXIS2_PLACEMENT_3D('',#4604,#3619,#3620);
#3076=AXIS2_PLACEMENT_3D('',#4607,#3622,#3623);
#3077=AXIS2_PLACEMENT_3D('',#4611,#3625,#3626);
#3078=AXIS2_PLACEMENT_3D('',#4613,#3628,#3629);
#3079=AXIS2_PLACEMENT_3D('',#4625,#3635,#3636);
#3080=AXIS2_PLACEMENT_3D('',#4627,#3637,#3638);
#3081=AXIS2_PLACEMENT_3D('',#4629,#3640,#3641);
#3082=AXIS2_PLACEMENT_3D('',#4631,#3642,#3643);
#3083=AXIS2_PLACEMENT_3D('',#4634,#3645,#3646);
#3084=AXIS2_PLACEMENT_3D('',#4635,#3647,#3648);
#3085=AXIS2_PLACEMENT_3D('',#4639,#3650,#3651);
#3086=AXIS2_PLACEMENT_3D('',#4640,#3652,#3653);
#3087=AXIS2_PLACEMENT_3D('',#4641,#3654,#3655);
#3088=AXIS2_PLACEMENT_3D('',#4645,#3657,#3658);
#3089=AXIS2_PLACEMENT_3D('',#4646,#3659,#3660);
#3090=AXIS2_PLACEMENT_3D('',#4647,#3661,#3662);
#3091=AXIS2_PLACEMENT_3D('',#4651,#3664,#3665);
#3092=AXIS2_PLACEMENT_3D('',#4652,#3666,#3667);
#3093=AXIS2_PLACEMENT_3D('',#4653,#3668,#3669);
#3094=AXIS2_PLACEMENT_3D('',#4659,#3673,#3674);
#3095=AXIS2_PLACEMENT_3D('',#4668,#3679,#3680);
#3096=AXIS2_PLACEMENT_3D('',#4677,#3685,#3686);
#3097=AXIS2_PLACEMENT_3D('',#4681,#3688,#3689);
#3098=AXIS2_PLACEMENT_3D('',#4682,#3690,#3691);
#3099=AXIS2_PLACEMENT_3D('',#4683,#3692,#3693);
#3100=AXIS2_PLACEMENT_3D('',#4684,#3694,#3695);
#3101=AXIS2_PLACEMENT_3D('',#4685,#3696,#3697);
#3102=AXIS2_PLACEMENT_3D('',#4686,#3698,#3699);
#3103=AXIS2_PLACEMENT_3D('',#4689,#3700,#3701);
#3104=AXIS2_PLACEMENT_3D('',#4693,#3703,#3704);
#3105=AXIS2_PLACEMENT_3D('',#4697,#3706,#3707);
#3106=AXIS2_PLACEMENT_3D('',#4701,#3709,#3710);
#3107=AXIS2_PLACEMENT_3D('',#4703,#3711,#3712);
#3108=AXIS2_PLACEMENT_3D('',#4705,#3713,#3714);
#3109=AXIS2_PLACEMENT_3D('',#4709,#3716,#3717);
#3110=AXIS2_PLACEMENT_3D('',#4713,#3719,#3720);
#3111=AXIS2_PLACEMENT_3D('',#4717,#3722,#3723);
#3112=AXIS2_PLACEMENT_3D('',#4718,#3724,#3725);
#3113=AXIS2_PLACEMENT_3D('',#4719,#3726,#3727);
#3114=AXIS2_PLACEMENT_3D('',#4722,#3730,#3731);
#3115=AXIS2_PLACEMENT_3D('',#4731,#3736,#3737);
#3116=AXIS2_PLACEMENT_3D('',#4734,#3738,#3739);
#3117=AXIS2_PLACEMENT_3D('',#4738,#3742,#3743);
#3118=AXIS2_PLACEMENT_3D('',#4739,#3744,#3745);
#3119=AXIS2_PLACEMENT_3D('',#4744,#3747,#3748);
#3120=AXIS2_PLACEMENT_3D('',#4747,#3750,#3751);
#3121=AXIS2_PLACEMENT_3D('',#4748,#3752,#3753);
#3122=AXIS2_PLACEMENT_3D('',#4751,#3756,#3757);
#3123=AXIS2_PLACEMENT_3D('',#4759,#3762,#3763);
#3124=AXIS2_PLACEMENT_3D('',#4760,#3764,#3765);
#3125=AXIS2_PLACEMENT_3D('',#4761,#3766,#3767);
#3126=AXIS2_PLACEMENT_3D('',#4762,#3768,#3769);
#3127=AXIS2_PLACEMENT_3D('',#4767,#3771,#3772);
#3128=AXIS2_PLACEMENT_3D('',#4770,#3774,#3775);
#3129=AXIS2_PLACEMENT_3D('',#4771,#3776,#3777);
#3130=AXIS2_PLACEMENT_3D('',#4774,#3780,#3781);
#3131=AXIS2_PLACEMENT_3D('',#4775,#3782,#3783);
#3132=AXIS2_PLACEMENT_3D('',#4776,#3784,#3785);
#3133=AXIS2_PLACEMENT_3D('',#4777,#3786,#3787);
#3134=AXIS2_PLACEMENT_3D('',#4778,#3788,#3789);
#3135=AXIS2_PLACEMENT_3D('',#4779,#3790,#3791);
#3136=AXIS2_PLACEMENT_3D('',#4780,#3792,#3793);
#3137=AXIS2_PLACEMENT_3D('',#4781,#3794,#3795);
#3138=AXIS2_PLACEMENT_3D('',#4782,#3796,#3797);
#3139=AXIS2_PLACEMENT_3D('',#4783,#3798,#3799);
#3140=AXIS2_PLACEMENT_3D('',#4796,#3800,#3801);
#3141=AXIS2_PLACEMENT_3D('',#4809,#3802,#3803);
#3142=AXIS2_PLACEMENT_3D('',#4810,#3804,#3805);
#3143=AXIS2_PLACEMENT_3D('',#4811,#3806,#3807);
#3144=AXIS2_PLACEMENT_3D('',#4812,#3808,#3809);
#3145=AXIS2_PLACEMENT_3D('',#4813,#3810,#3811);
#3146=AXIS2_PLACEMENT_3D('',#4826,#3812,#3813);
#3147=AXIS2_PLACEMENT_3D('',#4839,#3814,#3815);
#3148=AXIS2_PLACEMENT_3D('',#4840,#3816,#3817);
#3149=AXIS2_PLACEMENT_3D('',#4841,#3818,#3819);
#3150=AXIS2_PLACEMENT_3D('',#4842,#3820,#3821);
#3151=AXIS2_PLACEMENT_3D('',#4843,#3822,#3823);
#3152=AXIS2_PLACEMENT_3D('',#4844,#3824,#3825);
#3153=AXIS2_PLACEMENT_3D('',#4845,#3826,#3827);
#3154=AXIS2_PLACEMENT_3D('',#4846,#3828,#3829);
#3155=AXIS2_PLACEMENT_3D('',#4847,#3830,#3831);
#3156=AXIS2_PLACEMENT_3D('',#4850,#3834,#3835);
#3157=AXIS2_PLACEMENT_3D('',#4852,#3837,#3838);
#3158=AXIS2_PLACEMENT_3D('',#4854,#3840,#3841);
#3159=AXIS2_PLACEMENT_3D('',#4856,#3843,#3844);
#3160=AXIS2_PLACEMENT_3D('',#4858,#3846,#3847);
#3161=AXIS2_PLACEMENT_3D('',#4860,#3849,#3850);
#3162=AXIS2_PLACEMENT_3D('',#4862,#3852,#3853);
#3163=AXIS2_PLACEMENT_3D('',#4864,#3855,#3856);
#3164=AXIS2_PLACEMENT_3D('',#4866,#3858,#3859);
#3165=AXIS2_PLACEMENT_3D('',#4868,#3861,#3862);
#3166=AXIS2_PLACEMENT_3D('',#4870,#3864,#3865);
#3167=AXIS2_PLACEMENT_3D('',#4872,#3867,#3868);
#3168=AXIS2_PLACEMENT_3D('',#4874,#3870,#3871);
#3169=AXIS2_PLACEMENT_3D('',#4876,#3873,#3874);
#3170=AXIS2_PLACEMENT_3D('',#4878,#3876,#3877);
#3171=AXIS2_PLACEMENT_3D('',#4879,#3878,#3879);
#3172=AXIS2_PLACEMENT_3D('',#4882,#3882,#3883);
#3173=AXIS2_PLACEMENT_3D('',#4883,#3884,#3885);
#3174=AXIS2_PLACEMENT_3D('',#4884,#3886,#3887);
#3175=AXIS2_PLACEMENT_3D('',#4885,#3888,#3889);
#3176=AXIS2_PLACEMENT_3D('',#4886,#3890,#3891);
#3177=AXIS2_PLACEMENT_3D('',#4892,#3895,#3896);
#3178=AXIS2_PLACEMENT_3D('',#4898,#3900,#3901);
#3179=AXIS2_PLACEMENT_3D('',#4902,#3904,#3905);
#3180=AXIS2_PLACEMENT_3D('',#4914,#3912,#3913);
#3181=AXIS2_PLACEMENT_3D('',#4928,#3921,#3922);
#3182=AXIS2_PLACEMENT_3D('',#4934,#3926,#3927);
#3183=AXIS2_PLACEMENT_3D('',#4948,#3935,#3936);
#3184=AXIS2_PLACEMENT_3D('',#4962,#3944,#3945);
#3185=AXIS2_PLACEMENT_3D('',#4968,#3949,#3950);
#3186=AXIS2_PLACEMENT_3D('',#4974,#3954,#3955);
#3187=AXIS2_PLACEMENT_3D('',#4981,#3960,#3961);
#3188=AXIS2_PLACEMENT_3D('',#4988,#3966,#3967);
#3189=AXIS2_PLACEMENT_3D('',#4994,#3971,#3972);
#3190=AXIS2_PLACEMENT_3D('',#5000,#3976,#3977);
#3191=AXIS2_PLACEMENT_3D('',#5001,#3978,#3979);
#3192=AXIS2_PLACEMENT_3D('',#5002,#3980,#3981);
#3193=AXIS2_PLACEMENT_3D('',#5003,#3982,#3983);
#3194=AXIS2_PLACEMENT_3D('',#5004,#3984,#3985);
#3195=AXIS2_PLACEMENT_3D('',#5005,#3986,#3987);
#3196=AXIS2_PLACEMENT_3D('',#5006,#3988,#3989);
#3197=AXIS2_PLACEMENT_3D('',#5007,#3990,#3991);
#3198=AXIS2_PLACEMENT_3D('',#5008,#3992,#3993);
#3199=AXIS2_PLACEMENT_3D('',#5009,#3994,#3995);
#3200=AXIS2_PLACEMENT_3D('',#5010,#3996,#3997);
#3201=AXIS2_PLACEMENT_3D('',#5011,#3998,#3999);
#3202=AXIS2_PLACEMENT_3D('',#5012,#4000,#4001);
#3203=AXIS2_PLACEMENT_3D('',#5013,#4002,#4003);
#3204=AXIS2_PLACEMENT_3D('',#5014,#4004,#4005);
#3205=AXIS2_PLACEMENT_3D('',#5015,#4006,#4007);
#3206=AXIS2_PLACEMENT_3D('',#5016,#4008,#4009);
#3207=AXIS2_PLACEMENT_3D('',#5017,#4010,#4011);
#3208=AXIS2_PLACEMENT_3D('',#5018,#4012,#4013);
#3209=AXIS2_PLACEMENT_3D('',#5020,#4015,#4016);
#3210=AXIS2_PLACEMENT_3D('',#5022,#4018,#4019);
#3211=AXIS2_PLACEMENT_3D('',#5024,#4021,#4022);
#3212=AXIS2_PLACEMENT_3D('',#5026,#4024,#4025);
#3213=AXIS2_PLACEMENT_3D('',#5028,#4027,#4028);
#3214=AXIS2_PLACEMENT_3D('',#5030,#4030,#4031);
#3215=AXIS2_PLACEMENT_3D('',#5032,#4033,#4034);
#3216=AXIS2_PLACEMENT_3D('',#5034,#4036,#4037);
#3217=AXIS2_PLACEMENT_3D('',#5036,#4039,#4040);
#3218=AXIS2_PLACEMENT_3D('',#5038,#4042,#4043);
#3219=AXIS2_PLACEMENT_3D('',#5040,#4045,#4046);
#3220=AXIS2_PLACEMENT_3D('',#5042,#4048,#4049);
#3221=AXIS2_PLACEMENT_3D('',#5043,#4050,#4051);
#3222=AXIS2_PLACEMENT_3D('',#5049,#4055,#4056);
#3223=AXIS2_PLACEMENT_3D('',#5055,#4060,#4061);
#3224=AXIS2_PLACEMENT_3D('',#5058,#4062,#4063);
#3225=AXIS2_PLACEMENT_3D('',#5059,#4064,#4065);
#3226=AXIS2_PLACEMENT_3D('',#5060,#4066,#4067);
#3227=AXIS2_PLACEMENT_3D('',#5061,#4068,#4069);
#3228=AXIS2_PLACEMENT_3D('',#5062,#4070,#4071);
#3229=AXIS2_PLACEMENT_3D('',#5063,#4072,#4073);
#3230=AXIS2_PLACEMENT_3D('',#5064,#4074,#4075);
#3231=AXIS2_PLACEMENT_3D('',#5070,#4079,#4080);
#3232=AXIS2_PLACEMENT_3D('',#5076,#4084,#4085);
#3233=AXIS2_PLACEMENT_3D('',#5078,#4086,#4087);
#3234=AXIS2_PLACEMENT_3D('',#5080,#4088,#4089);
#3235=AXIS2_PLACEMENT_3D('',#5081,#4090,#4091);
#3236=AXIS2_PLACEMENT_3D('',#5082,#4092,#4093);
#3237=AXIS2_PLACEMENT_3D('',#5083,#4094,#4095);
#3238=AXIS2_PLACEMENT_3D('',#5084,#4096,#4097);
#3239=AXIS2_PLACEMENT_3D('',#5085,#4098,#4099);
#3240=AXIS2_PLACEMENT_3D('',#5086,#4100,#4101);
#3241=AXIS2_PLACEMENT_3D('',#5087,#4102,#4103);
#3242=AXIS2_PLACEMENT_3D('',#5091,#4105,#4106);
#3243=AXIS2_PLACEMENT_3D('',#5093,#4108,#4109);
#3244=AXIS2_PLACEMENT_3D('',#5094,#4110,#4111);
#3245=AXIS2_PLACEMENT_3D('',#5095,#4112,#4113);
#3246=AXIS2_PLACEMENT_3D('',#5096,#4114,#4115);
#3247=AXIS2_PLACEMENT_3D('',#5097,#4116,#4117);
#3248=AXIS2_PLACEMENT_3D('',#5098,#4118,#4119);
#3249=AXIS2_PLACEMENT_3D('',#5101,#4120,#4121);
#3250=AXIS2_PLACEMENT_3D('',#5104,#4124,#4125);
#3251=AXIS2_PLACEMENT_3D('',#5105,#4126,#4127);
#3252=AXIS2_PLACEMENT_3D('',#5106,#4128,#4129);
#3253=AXIS2_PLACEMENT_3D('',#5107,#4130,#4131);
#3254=AXIS2_PLACEMENT_3D('',#5108,#4132,#4133);
#3255=AXIS2_PLACEMENT_3D('',#5109,#4134,#4135);
#3256=AXIS2_PLACEMENT_3D('',#5110,#4136,#4137);
#3257=AXIS2_PLACEMENT_3D('',#5111,#4138,#4139);
#3258=AXIS2_PLACEMENT_3D('',#5112,#4140,#4141);
#3259=AXIS2_PLACEMENT_3D('',#5113,#4142,#4143);
#3260=AXIS2_PLACEMENT_3D('',#5114,#4144,#4145);
#3261=AXIS2_PLACEMENT_3D('',#5115,#4146,#4147);
#3262=AXIS2_PLACEMENT_3D('',#5116,#4148,#4149);
#3263=AXIS2_PLACEMENT_3D('',#5117,#4150,#4151);
#3264=AXIS2_PLACEMENT_3D('',#5118,#4152,#4153);
#3265=AXIS2_PLACEMENT_3D('',#5119,#4154,#4155);
#3266=AXIS2_PLACEMENT_3D('',#5120,#4156,#4157);
#3267=AXIS2_PLACEMENT_3D('',#5121,#4158,#4159);
#3268=AXIS2_PLACEMENT_3D('',#5122,#4160,#4161);
#3269=AXIS2_PLACEMENT_3D('',#5123,#4162,#4163);
#3270=AXIS2_PLACEMENT_3D('',#5124,#4164,#4165);
#3271=AXIS2_PLACEMENT_3D('',#5125,#4166,#4167);
#3272=AXIS2_PLACEMENT_3D('',#5126,#4168,#4169);
#3273=AXIS2_PLACEMENT_3D('',#5127,#4170,#4171);
#3274=AXIS2_PLACEMENT_3D('',#5128,#4172,#4173);
#3275=AXIS2_PLACEMENT_3D('',#5129,#4174,#4175);
#3276=AXIS2_PLACEMENT_3D('',#5130,#4176,#4177);
#3277=AXIS2_PLACEMENT_3D('',#5131,#4178,#4179);
#3278=AXIS2_PLACEMENT_3D('',#5132,#4180,#4181);
#3279=AXIS2_PLACEMENT_3D('',#5133,#4182,#4183);
#3280=AXIS2_PLACEMENT_3D('',#5134,#4184,#4185);
#3281=AXIS2_PLACEMENT_3D('',#5135,#4186,#4187);
#3282=AXIS2_PLACEMENT_3D('',#5136,#4188,#4189);
#3283=AXIS2_PLACEMENT_3D('',#5137,#4190,#4191);
#3284=AXIS2_PLACEMENT_3D('',#5138,#4192,#4193);
#3285=AXIS2_PLACEMENT_3D('',#5139,#4194,#4195);
#3286=AXIS2_PLACEMENT_3D('',#5140,#4196,#4197);
#3287=AXIS2_PLACEMENT_3D('',#5141,#4198,#4199);
#3288=AXIS2_PLACEMENT_3D('',#5142,#4200,#4201);
#3289=AXIS2_PLACEMENT_3D('',#5143,#4202,#4203);
#3290=AXIS2_PLACEMENT_3D('',#5144,#4204,#4205);
#3291=AXIS2_PLACEMENT_3D('',#5145,#4206,#4207);
#3292=AXIS2_PLACEMENT_3D('',#5146,#4208,#4209);
#3293=AXIS2_PLACEMENT_3D('',#5147,#4210,#4211);
#3294=AXIS2_PLACEMENT_3D('',#5148,#4212,#4213);
#3295=AXIS2_PLACEMENT_3D('',#5149,#4214,#4215);
#3296=AXIS2_PLACEMENT_3D('',#5150,#4216,#4217);
#3297=AXIS2_PLACEMENT_3D('',#5151,#4218,#4219);
#3298=AXIS2_PLACEMENT_3D('',#5152,#4220,#4221);
#3299=AXIS2_PLACEMENT_3D('',#5153,#4222,#4223);
#3300=AXIS2_PLACEMENT_3D('',#5154,#4224,#4225);
#3301=AXIS2_PLACEMENT_3D('',#5155,#4226,#4227);
#3302=AXIS2_PLACEMENT_3D('',#5157,#4229,#4230);
#3303=AXIS2_PLACEMENT_3D('',#5160,#4233,#4234);
#3304=AXIS2_PLACEMENT_3D('',#5163,#4237,#4238);
#3305=AXIS2_PLACEMENT_3D('',#5164,#4239,#4240);
#3306=AXIS2_PLACEMENT_3D('',#5165,#4241,#4242);
#3307=AXIS2_PLACEMENT_3D('',#5168,#4245,#4246);
#3308=AXIS2_PLACEMENT_3D('',#5171,#4249,#4250);
#3309=AXIS2_PLACEMENT_3D('',#5172,#4251,#4252);
#3310=AXIS2_PLACEMENT_3D('',#5173,#4253,#4254);
#3311=AXIS2_PLACEMENT_3D('',#5174,#4255,#4256);
#3312=DIRECTION('axis',(0.,0.,1.));
#3313=DIRECTION('refdir',(1.,0.,0.));
#3314=DIRECTION('center_axis',(0.,1.,0.));
#3315=DIRECTION('ref_axis',(0.,0.,1.));
#3316=DIRECTION('center_axis',(0.,1.,0.));
#3317=DIRECTION('ref_axis',(0.,0.,1.));
#3318=DIRECTION('',(0.,1.,0.));
#3319=DIRECTION('center_axis',(0.,1.,0.));
#3320=DIRECTION('ref_axis',(0.,0.,1.));
#3321=DIRECTION('center_axis',(0.,1.,0.));
#3322=DIRECTION('ref_axis',(0.,0.,1.));
#3323=DIRECTION('center_axis',(0.,1.,0.));
#3324=DIRECTION('ref_axis',(0.,0.,1.));
#3325=DIRECTION('',(0.,1.,0.));
#3326=DIRECTION('center_axis',(0.,1.,0.));
#3327=DIRECTION('ref_axis',(0.,0.,1.));
#3328=DIRECTION('center_axis',(0.,1.,0.));
#3329=DIRECTION('ref_axis',(0.,0.,1.));
#3330=DIRECTION('center_axis',(0.,-1.,0.));
#3331=DIRECTION('ref_axis',(-1.15648231731787E-15,0.,1.));
#3332=DIRECTION('',(0.,1.,0.));
#3333=DIRECTION('center_axis',(0.,1.,0.));
#3334=DIRECTION('ref_axis',(0.,0.,1.));
#3335=DIRECTION('',(0.,1.,0.));
#3336=DIRECTION('center_axis',(0.,-1.,0.));
#3337=DIRECTION('ref_axis',(1.73472347597681E-15,0.,1.));
#3338=DIRECTION('',(0.,1.,0.));
#3339=DIRECTION('center_axis',(0.,1.,0.));
#3340=DIRECTION('ref_axis',(0.,0.,1.));
#3341=DIRECTION('center_axis',(0.,-1.,0.));
#3342=DIRECTION('ref_axis',(1.73472347597681E-15,0.,1.));
#3343=DIRECTION('',(0.,1.,0.));
#3344=DIRECTION('center_axis',(0.,1.,0.));
#3345=DIRECTION('ref_axis',(0.,0.,1.));
#3346=DIRECTION('',(0.,1.,0.));
#3347=DIRECTION('center_axis',(0.,1.,0.));
#3348=DIRECTION('ref_axis',(0.,0.,1.));
#3349=DIRECTION('center_axis',(0.,1.,0.));
#3350=DIRECTION('ref_axis',(0.,0.,1.));
#3351=DIRECTION('',(0.,1.,0.));
#3352=DIRECTION('center_axis',(0.,1.,0.));
#3353=DIRECTION('ref_axis',(0.,0.,1.));
#3354=DIRECTION('',(0.,1.,0.));
#3355=DIRECTION('center_axis',(0.,1.,0.));
#3356=DIRECTION('ref_axis',(0.,0.,1.));
#3357=DIRECTION('',(0.,1.,0.));
#3358=DIRECTION('center_axis',(0.,1.,0.));
#3359=DIRECTION('ref_axis',(0.,0.,1.));
#3360=DIRECTION('center_axis',(0.,1.,0.));
#3361=DIRECTION('ref_axis',(0.,0.,1.));
#3362=DIRECTION('',(0.,1.,0.));
#3363=DIRECTION('center_axis',(0.,1.,0.));
#3364=DIRECTION('ref_axis',(0.,0.,1.));
#3365=DIRECTION('',(0.,1.,0.));
#3366=DIRECTION('center_axis',(0.,-1.,0.));
#3367=DIRECTION('ref_axis',(0.,0.,-1.));
#3368=DIRECTION('center_axis',(0.,-1.,0.));
#3369=DIRECTION('ref_axis',(0.,0.,-1.));
#3370=DIRECTION('',(0.,1.,0.));
#3371=DIRECTION('center_axis',(0.,1.,0.));
#3372=DIRECTION('ref_axis',(0.,0.,1.));
#3373=DIRECTION('',(0.,-1.,0.));
#3374=DIRECTION('center_axis',(0.,0.,-1.));
#3375=DIRECTION('ref_axis',(-1.,0.,0.));
#3376=DIRECTION('center_axis',(0.,0.,-1.));
#3377=DIRECTION('ref_axis',(1.,0.,0.));
#3378=DIRECTION('',(0.,0.,-1.));
#3379=DIRECTION('center_axis',(0.,0.,-1.));
#3380=DIRECTION('ref_axis',(1.,0.,0.));
#3381=DIRECTION('center_axis',(0.,0.,-1.));
#3382=DIRECTION('ref_axis',(-1.,0.,0.));
#3383=DIRECTION('center_axis',(0.,0.,-1.));
#3384=DIRECTION('ref_axis',(-1.,0.,0.));
#3385=DIRECTION('',(0.,0.,-1.));
#3386=DIRECTION('center_axis',(0.,0.,-1.));
#3387=DIRECTION('ref_axis',(-1.,0.,0.));
#3388=DIRECTION('center_axis',(0.,1.,0.));
#3389=DIRECTION('ref_axis',(0.,0.,1.));
#3390=DIRECTION('center_axis',(0.,1.,0.));
#3391=DIRECTION('ref_axis',(0.,0.,-1.));
#3392=DIRECTION('',(0.,1.,0.));
#3393=DIRECTION('center_axis',(0.,-1.,0.));
#3394=DIRECTION('ref_axis',(0.,0.,1.));
#3395=DIRECTION('center_axis',(0.,-1.,0.));
#3396=DIRECTION('ref_axis',(0.,0.,1.));
#3397=DIRECTION('center_axis',(0.,-1.,0.));
#3398=DIRECTION('ref_axis',(0.,0.,1.));
#3399=DIRECTION('center_axis',(0.,1.,0.));
#3400=DIRECTION('ref_axis',(0.,0.,1.));
#3401=DIRECTION('center_axis',(0.,1.,0.));
#3402=DIRECTION('ref_axis',(0.,0.,-1.));
#3403=DIRECTION('',(0.,1.,0.));
#3404=DIRECTION('center_axis',(0.,-1.,0.));
#3405=DIRECTION('ref_axis',(0.,0.,1.));
#3406=DIRECTION('center_axis',(0.,-1.,0.));
#3407=DIRECTION('ref_axis',(0.,0.,1.));
#3408=DIRECTION('center_axis',(0.,-1.,0.));
#3409=DIRECTION('ref_axis',(0.,0.,1.));
#3410=DIRECTION('center_axis',(0.,-1.,0.));
#3411=DIRECTION('ref_axis',(0.,0.,-1.));
#3412=DIRECTION('',(0.,0.,1.));
#3413=DIRECTION('center_axis',(0.,-1.,0.));
#3414=DIRECTION('ref_axis',(0.,0.,-1.));
#3415=DIRECTION('',(0.,0.,1.));
#3416=DIRECTION('center_axis',(0.,-1.,0.));
#3417=DIRECTION('ref_axis',(0.,0.,-1.));
#3418=DIRECTION('',(0.,0.,1.));
#3419=DIRECTION('center_axis',(0.,-1.,0.));
#3420=DIRECTION('ref_axis',(0.,0.,-1.));
#3421=DIRECTION('center_axis',(0.,1.,0.));
#3422=DIRECTION('ref_axis',(-2.39808173319034E-14,0.,-1.));
#3423=DIRECTION('',(0.,-1.,0.));
#3424=DIRECTION('center_axis',(0.,1.,0.));
#3425=DIRECTION('ref_axis',(-2.39808173319034E-14,0.,-1.));
#3426=DIRECTION('',(0.,1.,0.));
#3427=DIRECTION('center_axis',(0.,-1.,0.));
#3428=DIRECTION('ref_axis',(0.,0.,-1.));
#3429=DIRECTION('center_axis',(0.,1.,0.));
#3430=DIRECTION('ref_axis',(0.,0.,-1.));
#3431=DIRECTION('',(0.,-1.,0.));
#3432=DIRECTION('center_axis',(0.,1.,0.));
#3433=DIRECTION('ref_axis',(0.,0.,-1.));
#3434=DIRECTION('',(0.,1.,0.));
#3435=DIRECTION('center_axis',(0.,1.,0.));
#3436=DIRECTION('ref_axis',(0.,0.,1.));
#3437=DIRECTION('',(1.,0.,0.));
#3438=DIRECTION('center_axis',(0.,-1.,0.));
#3439=DIRECTION('ref_axis',(0.,0.,1.));
#3440=DIRECTION('',(0.,0.,1.));
#3441=DIRECTION('center_axis',(0.,1.,0.));
#3442=DIRECTION('ref_axis',(0.,0.,1.));
#3443=DIRECTION('center_axis',(0.,1.,0.));
#3444=DIRECTION('ref_axis',(0.,0.,1.));
#3445=DIRECTION('center_axis',(0.,1.,0.));
#3446=DIRECTION('ref_axis',(0.,0.,1.));
#3447=DIRECTION('',(-0.527331624463829,0.,-0.849659554080538));
#3448=DIRECTION('center_axis',(0.,-1.,0.));
#3449=DIRECTION('ref_axis',(0.,0.,1.));
#3450=DIRECTION('center_axis',(0.,1.,0.));
#3451=DIRECTION('ref_axis',(0.,0.,1.));
#3452=DIRECTION('center_axis',(0.,-1.,0.));
#3453=DIRECTION('ref_axis',(0.,0.,1.));
#3454=DIRECTION('',(0.707106781186549,0.,-0.707106781186546));
#3455=DIRECTION('center_axis',(0.,-1.,0.));
#3456=DIRECTION('ref_axis',(0.,0.,1.));
#3457=DIRECTION('',(1.,0.,0.));
#3458=DIRECTION('center_axis',(0.,-1.,0.));
#3459=DIRECTION('ref_axis',(-5.20417042793045E-15,0.,1.));
#3460=DIRECTION('',(0.707106781186549,0.,0.707106781186546));
#3461=DIRECTION('center_axis',(0.,-1.,0.));
#3462=DIRECTION('ref_axis',(0.,0.,1.));
#3463=DIRECTION('center_axis',(0.,1.,0.));
#3464=DIRECTION('ref_axis',(0.,0.,1.));
#3465=DIRECTION('center_axis',(0.,-1.,0.));
#3466=DIRECTION('ref_axis',(7.105427357601E-15,0.,1.));
#3467=DIRECTION('',(-0.527331624463829,0.,0.849659554080538));
#3468=DIRECTION('center_axis',(0.,1.,0.));
#3469=DIRECTION('ref_axis',(0.,0.,1.));
#3470=DIRECTION('center_axis',(0.,1.,0.));
#3471=DIRECTION('ref_axis',(0.,0.,1.));
#3472=DIRECTION('',(0.,0.,1.));
#3473=DIRECTION('center_axis',(0.,-1.,0.));
#3474=DIRECTION('ref_axis',(0.,0.,1.));
#3475=DIRECTION('',(-0.707106781186548,0.,0.707106781186547));
#3476=DIRECTION('center_axis',(0.,1.,0.));
#3477=DIRECTION('ref_axis',(0.,0.,1.));
#3478=DIRECTION('',(0.70710678118655,0.,0.707106781186545));
#3479=DIRECTION('center_axis',(0.,-1.,0.));
#3480=DIRECTION('ref_axis',(-1.04083408558608E-14,0.,1.));
#3481=DIRECTION('center_axis',(0.,-1.,0.));
#3482=DIRECTION('ref_axis',(0.,0.,-1.));
#3483=DIRECTION('center_axis',(0.,-1.,0.));
#3484=DIRECTION('ref_axis',(3.46944695195361E-15,0.,1.));
#3485=DIRECTION('',(-0.707106781186547,0.,0.707106781186548));
#3486=DIRECTION('center_axis',(0.,1.,0.));
#3487=DIRECTION('ref_axis',(0.,0.,1.));
#3488=DIRECTION('',(0.707106781186548,0.,0.707106781186547));
#3489=DIRECTION('',(-0.707106781186547,0.,0.707106781186547));
#3490=DIRECTION('center_axis',(0.,1.,0.));
#3491=DIRECTION('ref_axis',(0.,0.,1.));
#3492=DIRECTION('',(0.707106781186548,0.,0.707106781186547));
#3493=DIRECTION('center_axis',(0.,1.,0.));
#3494=DIRECTION('ref_axis',(0.,0.,1.));
#3495=DIRECTION('',(1.,0.,0.));
#3496=DIRECTION('center_axis',(0.,1.,0.));
#3497=DIRECTION('ref_axis',(0.,0.,1.));
#3498=DIRECTION('',(0.,0.,1.));
#3499=DIRECTION('center_axis',(0.,1.,0.));
#3500=DIRECTION('ref_axis',(0.,0.,1.));
#3501=DIRECTION('',(1.,0.,0.));
#3502=DIRECTION('center_axis',(0.,1.,0.));
#3503=DIRECTION('ref_axis',(0.,0.,1.));
#3504=DIRECTION('',(0.,0.,1.));
#3505=DIRECTION('center_axis',(0.,1.,0.));
#3506=DIRECTION('ref_axis',(0.,0.,1.));
#3507=DIRECTION('',(-1.,0.,0.));
#3508=DIRECTION('center_axis',(0.,1.,0.));
#3509=DIRECTION('ref_axis',(0.,0.,1.));
#3510=DIRECTION('',(-0.707106781186548,0.,0.707106781186547));
#3511=DIRECTION('center_axis',(0.,1.,0.));
#3512=DIRECTION('ref_axis',(0.,0.,1.));
#3513=DIRECTION('',(-0.707106781186547,0.,-0.707106781186548));
#3514=DIRECTION('center_axis',(0.,1.,0.));
#3515=DIRECTION('ref_axis',(0.,0.,1.));
#3516=DIRECTION('center_axis',(0.,-1.,0.));
#3517=DIRECTION('ref_axis',(-1.22464679914735E-16,0.,1.));
#3518=DIRECTION('center_axis',(0.,1.,0.));
#3519=DIRECTION('ref_axis',(0.,0.,-1.));
#3520=DIRECTION('',(0.,-1.,0.));
#3521=DIRECTION('center_axis',(0.,-1.,0.));
#3522=DIRECTION('ref_axis',(0.,0.,-1.));
#3523=DIRECTION('',(0.,1.,0.));
#3524=DIRECTION('center_axis',(0.,1.,0.));
#3525=DIRECTION('ref_axis',(-5.6843418860808E-14,0.,-1.));
#3526=DIRECTION('',(0.,-1.,0.));
#3527=DIRECTION('',(0.,1.,0.));
#3528=DIRECTION('center_axis',(0.,-1.,0.));
#3529=DIRECTION('ref_axis',(0.,0.,-1.));
#3530=DIRECTION('',(-4.54116093187646E-17,0.,1.));
#3531=DIRECTION('center_axis',(0.,-1.,0.));
#3532=DIRECTION('ref_axis',(0.,0.,-1.));
#3533=DIRECTION('',(-0.707106781186547,0.,0.707106781186547));
#3534=DIRECTION('center_axis',(0.,1.,0.));
#3535=DIRECTION('ref_axis',(-1.38777878078144E-14,0.,-1.));
#3536=DIRECTION('center_axis',(0.,1.,0.));
#3537=DIRECTION('ref_axis',(0.,0.,-1.));
#3538=DIRECTION('',(0.707106781186547,0.,0.707106781186547));
#3539=DIRECTION('center_axis',(0.,-1.,0.));
#3540=DIRECTION('ref_axis',(0.,0.,-1.));
#3541=DIRECTION('',(1.,0.,0.));
#3542=DIRECTION('center_axis',(0.,1.,0.));
#3543=DIRECTION('ref_axis',(0.,0.,-1.));
#3544=DIRECTION('',(7.43452918275775E-16,0.,-1.));
#3545=DIRECTION('center_axis',(0.,1.,0.));
#3546=DIRECTION('ref_axis',(0.,0.,-1.));
#3547=DIRECTION('',(-1.,0.,-1.73472347597681E-16));
#3548=DIRECTION('center_axis',(0.,-1.,0.));
#3549=DIRECTION('ref_axis',(0.,0.,-1.));
#3550=DIRECTION('',(0.,0.,1.));
#3551=DIRECTION('center_axis',(0.,1.,0.));
#3552=DIRECTION('ref_axis',(0.,0.,-1.));
#3553=DIRECTION('',(1.,0.,0.));
#3554=DIRECTION('center_axis',(0.,1.,0.));
#3555=DIRECTION('ref_axis',(0.,0.,-1.));
#3556=DIRECTION('center_axis',(-1.73472347597681E-16,0.,1.));
#3557=DIRECTION('ref_axis',(1.,0.,1.73472347597681E-16));
#3558=DIRECTION('',(0.,1.,0.));
#3559=DIRECTION('',(-1.,0.,-1.73472347597681E-16));
#3560=DIRECTION('',(0.,-1.,0.));
#3561=DIRECTION('center_axis',(0.,0.,-1.));
#3562=DIRECTION('ref_axis',(-1.,0.,0.));
#3563=DIRECTION('',(1.,0.,0.));
#3564=DIRECTION('',(0.,-1.,0.));
#3565=DIRECTION('',(0.,1.,0.));
#3566=DIRECTION('center_axis',(0.,1.,0.));
#3567=DIRECTION('ref_axis',(0.,0.,1.));
#3568=DIRECTION('',(7.43452918275775E-16,0.,-1.));
#3569=DIRECTION('center_axis',(0.,-1.,0.));
#3570=DIRECTION('ref_axis',(0.,0.,1.));
#3571=DIRECTION('center_axis',(0.,1.,0.));
#3572=DIRECTION('ref_axis',(0.,0.,1.));
#3573=DIRECTION('',(-0.707106781186547,0.,-0.707106781186547));
#3574=DIRECTION('center_axis',(0.,-1.,0.));
#3575=DIRECTION('ref_axis',(0.,0.,1.));
#3576=DIRECTION('',(0.,0.,-1.));
#3577=DIRECTION('center_axis',(0.,1.,0.));
#3578=DIRECTION('ref_axis',(0.,0.,1.));
#3579=DIRECTION('center_axis',(0.,-1.,0.));
#3580=DIRECTION('ref_axis',(0.,0.,1.));
#3581=DIRECTION('center_axis',(0.849659554080539,0.,-0.527331624463829));
#3582=DIRECTION('ref_axis',(-0.527331624463829,0.,-0.849659554080539));
#3583=DIRECTION('',(0.,1.,0.));
#3584=DIRECTION('',(0.527331624463829,0.,0.849659554080539));
#3585=DIRECTION('',(0.,-1.,0.));
#3586=DIRECTION('',(-0.527331624463829,0.,-0.849659554080539));
#3587=DIRECTION('',(-1.43551542762295E-16,-1.,-2.31296463463574E-16));
#3588=DIRECTION('',(-0.527331624463829,0.,-0.849659554080539));
#3589=DIRECTION('',(0.,1.,0.));
#3590=DIRECTION('center_axis',(0.849659554080532,2.03903812088033E-15,-0.527331624463839));
#3591=DIRECTION('ref_axis',(0.494916942279533,0.345195656131628,0.797431614141634));
#3592=DIRECTION('center_axis',(-0.849659554080538,-5.45475166091411E-16,
0.527331624463829));
#3593=DIRECTION('ref_axis',(0.494916942706233,0.345195653931584,0.797431614829172));
#3594=DIRECTION('',(0.,1.,0.));
#3595=DIRECTION('',(-0.527331624463829,0.,-0.849659554080539));
#3596=DIRECTION('center_axis',(0.,1.,0.));
#3597=DIRECTION('ref_axis',(0.,0.,1.));
#3598=DIRECTION('',(0.,-1.,0.));
#3599=DIRECTION('center_axis',(0.,1.,0.));
#3600=DIRECTION('ref_axis',(0.,0.,-1.));
#3601=DIRECTION('',(0.,1.,0.));
#3602=DIRECTION('center_axis',(1.,0.,0.));
#3603=DIRECTION('ref_axis',(0.,0.,-1.));
#3604=DIRECTION('',(0.,-1.,0.));
#3605=DIRECTION('center_axis',(1.,0.,0.));
#3606=DIRECTION('ref_axis',(0.,0.,-1.));
#3607=DIRECTION('center_axis',(-1.,0.,0.));
#3608=DIRECTION('ref_axis',(0.,-1.81732935578523E-15,-1.));
#3609=DIRECTION('',(0.,-1.,-2.31296463463574E-16));
#3610=DIRECTION('',(0.,0.,-1.));
#3611=DIRECTION('',(0.,1.,0.));
#3612=DIRECTION('center_axis',(0.,1.,0.));
#3613=DIRECTION('ref_axis',(0.,0.,1.));
#3614=DIRECTION('center_axis',(0.,1.,0.));
#3615=DIRECTION('ref_axis',(0.,0.,1.));
#3616=DIRECTION('center_axis',(0.,-1.,0.));
#3617=DIRECTION('ref_axis',(2.31296463463574E-15,0.,1.));
#3618=DIRECTION('',(0.527331624463829,0.,-0.849659554080539));
#3619=DIRECTION('center_axis',(0.,-1.,0.));
#3620=DIRECTION('ref_axis',(-4.16333634234433E-15,0.,1.));
#3621=DIRECTION('',(1.,0.,0.));
#3622=DIRECTION('center_axis',(0.,-1.,0.));
#3623=DIRECTION('ref_axis',(0.,0.,1.));
#3624=DIRECTION('',(1.,0.,0.));
#3625=DIRECTION('center_axis',(0.,1.,0.));
#3626=DIRECTION('ref_axis',(0.,0.,1.));
#3627=DIRECTION('',(0.,0.,-1.));
#3628=DIRECTION('center_axis',(0.849659554080539,0.,0.527331624463829));
#3629=DIRECTION('ref_axis',(0.527331624463829,0.,-0.849659554080539));
#3630=DIRECTION('',(0.,1.,0.));
#3631=DIRECTION('',(0.527331624463829,0.,-0.849659554080539));
#3632=DIRECTION('',(0.,1.,0.));
#3633=DIRECTION('',(-0.527331624463829,0.,0.849659554080539));
#3634=DIRECTION('',(0.,-1.,0.));
#3635=DIRECTION('center_axis',(0.849659554080553,5.50588995774067E-15,0.527331624463805));
#3636=DIRECTION('ref_axis',(0.494916942568417,-0.345195654642037,-0.797431614607162));
#3637=DIRECTION('center_axis',(-0.849659554080537,7.27300221467808E-16,
-0.527331624463831));
#3638=DIRECTION('ref_axis',(0.494916942477899,-0.34519565510885,-0.797431614461265));
#3639=DIRECTION('',(0.,-1.,0.));
#3640=DIRECTION('center_axis',(0.,1.,0.));
#3641=DIRECTION('ref_axis',(0.,0.,1.));
#3642=DIRECTION('center_axis',(0.,1.,0.));
#3643=DIRECTION('ref_axis',(0.,0.,1.));
#3644=DIRECTION('',(0.,1.,0.));
#3645=DIRECTION('center_axis',(0.,-1.,0.));
#3646=DIRECTION('ref_axis',(7.105427357601E-15,0.,1.));
#3647=DIRECTION('center_axis',(0.,1.,0.));
#3648=DIRECTION('ref_axis',(0.,0.,1.));
#3649=DIRECTION('',(0.,1.,0.));
#3650=DIRECTION('center_axis',(0.,1.,0.));
#3651=DIRECTION('ref_axis',(0.,0.,1.));
#3652=DIRECTION('center_axis',(0.,-1.,0.));
#3653=DIRECTION('ref_axis',(0.,0.,1.));
#3654=DIRECTION('center_axis',(0.,1.,0.));
#3655=DIRECTION('ref_axis',(0.,0.,1.));
#3656=DIRECTION('',(0.,1.,0.));
#3657=DIRECTION('center_axis',(0.,-1.,0.));
#3658=DIRECTION('ref_axis',(5.27355936696949E-15,0.,1.));
#3659=DIRECTION('center_axis',(0.,1.,0.));
#3660=DIRECTION('ref_axis',(0.,0.,1.));
#3661=DIRECTION('center_axis',(0.,1.,0.));
#3662=DIRECTION('ref_axis',(0.,0.,1.));
#3663=DIRECTION('',(0.,1.,0.));
#3664=DIRECTION('center_axis',(0.,1.,0.));
#3665=DIRECTION('ref_axis',(0.,0.,1.));
#3666=DIRECTION('center_axis',(0.,-1.,0.));
#3667=DIRECTION('ref_axis',(0.,0.,1.));
#3668=DIRECTION('center_axis',(0.707106781186546,0.,0.707106781186549));
#3669=DIRECTION('ref_axis',(0.707106781186549,0.,-0.707106781186546));
#3670=DIRECTION('',(0.,-1.,0.));
#3671=DIRECTION('',(-0.707106781186549,0.,0.707106781186546));
#3672=DIRECTION('',(0.707106781186549,0.,-0.707106781186546));
#3673=DIRECTION('center_axis',(0.,0.,-1.));
#3674=DIRECTION('ref_axis',(-1.,0.,0.));
#3675=DIRECTION('',(0.,-1.,0.));
#3676=DIRECTION('',(-1.,0.,0.));
#3677=DIRECTION('',(0.,1.,0.));
#3678=DIRECTION('',(1.,0.,0.));
#3679=DIRECTION('center_axis',(0.707106781186546,0.,-0.707106781186549));
#3680=DIRECTION('ref_axis',(-0.707106781186549,0.,-0.707106781186546));
#3681=DIRECTION('',(0.,1.,0.));
#3682=DIRECTION('',(-0.707106781186549,0.,-0.707106781186546));
#3683=DIRECTION('',(0.,1.,0.));
#3684=DIRECTION('',(0.707106781186549,0.,0.707106781186546));
#3685=DIRECTION('center_axis',(0.,1.,0.));
#3686=DIRECTION('ref_axis',(0.,0.,1.));
#3687=DIRECTION('',(0.,1.,0.));
#3688=DIRECTION('center_axis',(0.,1.,0.));
#3689=DIRECTION('ref_axis',(0.,0.,1.));
#3690=DIRECTION('center_axis',(0.,-1.,0.));
#3691=DIRECTION('ref_axis',(1.38777878078145E-15,0.,1.));
#3692=DIRECTION('center_axis',(0.,1.,0.));
#3693=DIRECTION('ref_axis',(0.,0.,1.));
#3694=DIRECTION('center_axis',(0.,-1.,0.));
#3695=DIRECTION('ref_axis',(0.,0.,1.));
#3696=DIRECTION('center_axis',(0.,1.,0.));
#3697=DIRECTION('ref_axis',(0.,0.,1.));
#3698=DIRECTION('center_axis',(0.,1.,0.));
#3699=DIRECTION('ref_axis',(0.,0.,1.));
#3700=DIRECTION('center_axis',(0.,1.,0.));
#3701=DIRECTION('ref_axis',(0.,0.,1.));
#3702=DIRECTION('',(-0.707106781186549,0.,-0.707106781186546));
#3703=DIRECTION('center_axis',(0.,1.,0.));
#3704=DIRECTION('ref_axis',(0.,0.,1.));
#3705=DIRECTION('',(-1.,0.,0.));
#3706=DIRECTION('center_axis',(0.,1.,0.));
#3707=DIRECTION('ref_axis',(0.,0.,1.));
#3708=DIRECTION('',(-0.707106781186549,0.,0.707106781186546));
#3709=DIRECTION('center_axis',(0.,1.,0.));
#3710=DIRECTION('ref_axis',(0.,0.,1.));
#3711=DIRECTION('center_axis',(0.,-1.,0.));
#3712=DIRECTION('ref_axis',(5.44226972855469E-15,0.,1.));
#3713=DIRECTION('center_axis',(0.,1.,0.));
#3714=DIRECTION('ref_axis',(0.,0.,1.));
#3715=DIRECTION('',(0.527331624463829,0.,0.849659554080538));
#3716=DIRECTION('center_axis',(0.,1.,0.));
#3717=DIRECTION('ref_axis',(0.,0.,1.));
#3718=DIRECTION('',(1.,0.,0.));
#3719=DIRECTION('center_axis',(0.,1.,0.));
#3720=DIRECTION('ref_axis',(0.,0.,1.));
#3721=DIRECTION('',(0.527331624463829,0.,-0.849659554080538));
#3722=DIRECTION('center_axis',(0.,1.,0.));
#3723=DIRECTION('ref_axis',(0.,0.,1.));
#3724=DIRECTION('center_axis',(0.,-1.,0.));
#3725=DIRECTION('ref_axis',(0.,0.,1.));
#3726=DIRECTION('center_axis',(0.,1.,0.));
#3727=DIRECTION('ref_axis',(0.,0.,1.));
#3728=DIRECTION('',(0.,1.,0.));
#3729=DIRECTION('',(0.,-1.,0.));
#3730=DIRECTION('center_axis',(0.,0.,-1.));
#3731=DIRECTION('ref_axis',(-1.,0.,0.));
#3732=DIRECTION('',(0.,1.,0.));
#3733=DIRECTION('',(-1.,0.,0.));
#3734=DIRECTION('',(0.,-1.,0.));
#3735=DIRECTION('',(1.,0.,0.));
#3736=DIRECTION('center_axis',(1.,0.,0.));
#3737=DIRECTION('ref_axis',(0.,0.,-1.));
#3738=DIRECTION('center_axis',(-1.,0.,0.));
#3739=DIRECTION('ref_axis',(0.,3.57786716920216E-15,-1.));
#3740=DIRECTION('',(0.,1.,0.));
#3741=DIRECTION('',(0.,1.,2.31296463463574E-16));
#3742=DIRECTION('center_axis',(1.,0.,0.));
#3743=DIRECTION('ref_axis',(0.,0.,-1.));
#3744=DIRECTION('center_axis',(1.,0.,0.));
#3745=DIRECTION('ref_axis',(0.,0.,-1.));
#3746=DIRECTION('',(1.,0.,0.));
#3747=DIRECTION('center_axis',(-1.,0.,0.));
#3748=DIRECTION('ref_axis',(0.,0.,-1.));
#3749=DIRECTION('',(1.,0.,0.));
#3750=DIRECTION('center_axis',(1.,0.,0.));
#3751=DIRECTION('ref_axis',(0.,0.,-1.));
#3752=DIRECTION('center_axis',(0.,0.,1.));
#3753=DIRECTION('ref_axis',(1.,0.,0.));
#3754=DIRECTION('',(0.,1.,0.));
#3755=DIRECTION('',(0.,-1.,0.));
#3756=DIRECTION('center_axis',(0.,-2.31296463463574E-16,1.));
#3757=DIRECTION('ref_axis',(0.,-1.,-2.31296463463574E-16));
#3758=DIRECTION('',(1.,0.,0.));
#3759=DIRECTION('',(0.,1.,2.31296463463574E-16));
#3760=DIRECTION('',(1.,0.,0.));
#3761=DIRECTION('',(0.,-1.,-2.31296463463574E-16));
#3762=DIRECTION('center_axis',(1.,0.,0.));
#3763=DIRECTION('ref_axis',(0.,0.,-1.));
#3764=DIRECTION('center_axis',(1.,0.,0.));
#3765=DIRECTION('ref_axis',(0.,0.,-1.));
#3766=DIRECTION('center_axis',(-1.,0.,0.));
#3767=DIRECTION('ref_axis',(0.,-1.69241314729445E-15,-1.));
#3768=DIRECTION('center_axis',(1.,0.,0.));
#3769=DIRECTION('ref_axis',(0.,0.,-1.));
#3770=DIRECTION('',(1.,0.,0.));
#3771=DIRECTION('center_axis',(-0.817496531405258,-3.95019312419278E-13,
0.57593352145918));
#3772=DIRECTION('ref_axis',(0.562906767981664,0.211483822707556,0.799005984516659));
#3773=DIRECTION('',(1.,0.,0.));
#3774=DIRECTION('center_axis',(0.817496531404454,-6.79223548019028E-13,
0.575933521460322));
#3775=DIRECTION('ref_axis',(0.562906767983606,-0.211483822700535,-0.799005984517149));
#3776=DIRECTION('center_axis',(0.,0.,1.));
#3777=DIRECTION('ref_axis',(1.,0.,0.));
#3778=DIRECTION('',(0.,-1.,0.));
#3779=DIRECTION('',(0.,1.,0.));
#3780=DIRECTION('center_axis',(1.,0.,0.));
#3781=DIRECTION('ref_axis',(0.,0.,-1.));
#3782=DIRECTION('center_axis',(0.881092985342164,-1.27271652182263E-12,
-0.472943073932618));
#3783=DIRECTION('ref_axis',(0.370336524180994,0.621962884497378,0.689936974777582));
#3784=DIRECTION('center_axis',(-0.881092985340625,-6.57428715348259E-13,
-0.472943073935484));
#3785=DIRECTION('ref_axis',(0.37033652410034,-0.621962884717159,-0.689936974622747));
#3786=DIRECTION('center_axis',(0.,-1.,0.));
#3787=DIRECTION('ref_axis',(0.,0.,-1.));
#3788=DIRECTION('center_axis',(0.,-1.,0.));
#3789=DIRECTION('ref_axis',(0.,0.,-1.));
#3790=DIRECTION('center_axis',(0.,1.,0.));
#3791=DIRECTION('ref_axis',(0.,0.,-1.));
#3792=DIRECTION('center_axis',(0.,-1.,0.));
#3793=DIRECTION('ref_axis',(0.,0.,-1.));
#3794=DIRECTION('center_axis',(0.,1.,0.));
#3795=DIRECTION('ref_axis',(0.,0.,1.));
#3796=DIRECTION('center_axis',(0.,-1.,0.));
#3797=DIRECTION('ref_axis',(0.,0.,1.));
#3798=DIRECTION('center_axis',(0.,-1.,0.));
#3799=DIRECTION('ref_axis',(0.,0.,-1.));
#3800=DIRECTION('center_axis',(-0.197330316911976,-0.927345865067451,-0.317947153737411));
#3801=DIRECTION('ref_axis',(6.93889390390723E-18,0.324324324324323,-0.945945945945946));
#3802=DIRECTION('center_axis',(0.,-1.,0.));
#3803=DIRECTION('ref_axis',(0.,0.,-1.));
#3804=DIRECTION('center_axis',(0.,1.,0.));
#3805=DIRECTION('ref_axis',(0.,0.,1.));
#3806=DIRECTION('center_axis',(0.,-1.,0.));
#3807=DIRECTION('ref_axis',(0.,0.,-1.));
#3808=DIRECTION('center_axis',(0.,-1.,0.));
#3809=DIRECTION('ref_axis',(-6.93889390390722E-16,0.,1.));
#3810=DIRECTION('center_axis',(0.,-1.,0.));
#3811=DIRECTION('ref_axis',(0.,0.,-1.));
#3812=DIRECTION('center_axis',(0.197330316911975,-0.92734586506745,-0.317947153737412));
#3813=DIRECTION('ref_axis',(1.52655665885959E-16,0.324324324324325,-0.945945945945946));
#3814=DIRECTION('center_axis',(0.,-1.,0.));
#3815=DIRECTION('ref_axis',(0.,0.,-1.));
#3816=DIRECTION('center_axis',(0.,-1.,0.));
#3817=DIRECTION('ref_axis',(0.,0.,-1.));
#3818=DIRECTION('center_axis',(0.,1.,0.));
#3819=DIRECTION('ref_axis',(0.,0.,1.));
#3820=DIRECTION('center_axis',(0.,1.,0.));
#3821=DIRECTION('ref_axis',(0.,0.,1.));
#3822=DIRECTION('center_axis',(0.,-1.,0.));
#3823=DIRECTION('ref_axis',(0.,0.,1.));
#3824=DIRECTION('center_axis',(0.,-1.,0.));
#3825=DIRECTION('ref_axis',(0.,0.,-1.));
#3826=DIRECTION('center_axis',(0.,1.,0.));
#3827=DIRECTION('ref_axis',(0.,0.,1.));
#3828=DIRECTION('center_axis',(0.,-1.,0.));
#3829=DIRECTION('ref_axis',(0.,0.,1.));
#3830=DIRECTION('center_axis',(-0.600800032390286,0.707106781186548,0.372879767592491));
#3831=DIRECTION('ref_axis',(0.527331624463829,0.,0.849659554080539));
#3832=DIRECTION('',(0.600800032390288,0.707106781186547,-0.372879767592492));
#3833=DIRECTION('',(-0.600800032390288,-0.707106781186547,0.372879767592491));
#3834=DIRECTION('center_axis',(0.,-1.,0.));
#3835=DIRECTION('ref_axis',(0.,0.,-1.));
#3836=DIRECTION('',(0.,-0.707106781186546,0.707106781186549));
#3837=DIRECTION('center_axis',(0.,-1.,0.));
#3838=DIRECTION('ref_axis',(0.,0.,-1.));
#3839=DIRECTION('',(0.7056594656488,0.707106781186546,-0.0452185641108966));
#3840=DIRECTION('center_axis',(0.,0.707106781186549,0.707106781186546));
#3841=DIRECTION('ref_axis',(1.,0.,0.));
#3842=DIRECTION('',(0.,-0.707106781186546,0.707106781186549));
#3843=DIRECTION('center_axis',(0.,1.,0.));
#3844=DIRECTION('ref_axis',(0.,0.,1.));
#3845=DIRECTION('',(0.68221698864264,0.707106781186548,-0.185956931592688));
#3846=DIRECTION('center_axis',(0.,-1.,0.));
#3847=DIRECTION('ref_axis',(0.,0.,-1.));
#3848=DIRECTION('',(0.600800032390288,-0.707106781186547,0.372879767592491));
#3849=DIRECTION('center_axis',(0.,-1.,0.));
#3850=DIRECTION('ref_axis',(0.,0.,-1.));
#3851=DIRECTION('',(0.499999999999999,0.707106781186548,0.500000000000001));
#3852=DIRECTION('center_axis',(-0.600800032390286,-0.707106781186548,-0.372879767592491));
#3853=DIRECTION('ref_axis',(0.527331624463829,0.,-0.849659554080539));
#3854=DIRECTION('',(0.600800032390286,-0.707106781186548,0.372879767592492));
#3855=DIRECTION('center_axis',(-0.499999999999999,0.707106781186548,-0.5));
#3856=DIRECTION('ref_axis',(-0.707106781186549,0.,0.707106781186546));
#3857=DIRECTION('',(0.500000000000001,0.707106781186547,0.5));
#3858=DIRECTION('center_axis',(0.,-1.,0.));
#3859=DIRECTION('ref_axis',(0.,0.,-1.));
#3860=DIRECTION('',(0.705659465648799,-0.707106781186547,0.0452185641108965));
#3861=DIRECTION('center_axis',(0.,-1.,0.));
#3862=DIRECTION('ref_axis',(0.,0.,-1.));
#3863=DIRECTION('',(0.,0.707106781186546,0.707106781186549));
#3864=DIRECTION('center_axis',(0.,1.,0.));
#3865=DIRECTION('ref_axis',(0.,0.,1.));
#3866=DIRECTION('',(0.682216988642641,-0.707106781186547,0.185956931592687));
#3867=DIRECTION('center_axis',(0.,-0.707106781186549,0.707106781186546));
#3868=DIRECTION('ref_axis',(-1.,0.,0.));
#3869=DIRECTION('',(0.,0.707106781186546,0.707106781186549));
#3870=DIRECTION('center_axis',(0.,-1.,0.));
#3871=DIRECTION('ref_axis',(0.,0.,-1.));
#3872=DIRECTION('',(0.5,-0.707106781186547,-0.500000000000001));
#3873=DIRECTION('center_axis',(0.,-1.,0.));
#3874=DIRECTION('ref_axis',(0.,0.,-1.));
#3875=DIRECTION('',(-0.499999999999999,0.707106781186547,0.500000000000002));
#3876=DIRECTION('center_axis',(-0.499999999999998,-0.70710678118655,0.499999999999999));
#3877=DIRECTION('ref_axis',(-0.707106781186549,0.,-0.707106781186546));
#3878=DIRECTION('center_axis',(-1.,0.,-7.43452918275775E-16));
#3879=DIRECTION('ref_axis',(-7.43452918275775E-16,0.,1.));
#3880=DIRECTION('',(0.,1.,0.));
#3881=DIRECTION('',(0.,-1.,0.));
#3882=DIRECTION('center_axis',(0.,1.,0.));
#3883=DIRECTION('ref_axis',(0.703968941581922,0.,-0.710230757773858));
#3884=DIRECTION('center_axis',(0.600800032390265,-0.707106781186566,0.37287976759249));
#3885=DIRECTION('ref_axis',(0.600800032389831,0.707106781186529,0.37287976759326));
#3886=DIRECTION('center_axis',(0.,1.,0.));
#3887=DIRECTION('ref_axis',(-0.703968941581922,0.,-0.710230757773858));
#3888=DIRECTION('center_axis',(-0.60080003239029,-0.707106781186547,0.372879767592486));
#3889=DIRECTION('ref_axis',(0.600800032390226,-0.707106781186548,-0.372879767592589));
#3890=DIRECTION('center_axis',(0.707106781186548,0.,0.707106781186548));
#3891=DIRECTION('ref_axis',(0.707106781186548,0.,-0.707106781186548));
#3892=DIRECTION('',(-0.707106781186547,0.,0.707106781186547));
#3893=DIRECTION('',(0.,-1.,0.));
#3894=DIRECTION('',(0.,1.,0.));
#3895=DIRECTION('center_axis',(0.707106781186548,0.,0.707106781186547));
#3896=DIRECTION('ref_axis',(0.707106781186547,0.,-0.707106781186548));
#3897=DIRECTION('',(-0.707106781186547,0.,0.707106781186548));
#3898=DIRECTION('',(0.,-1.,0.));
#3899=DIRECTION('',(0.,1.,0.));
#3900=DIRECTION('center_axis',(0.707106781186547,0.,-0.707106781186548));
#3901=DIRECTION('ref_axis',(-0.707106781186548,0.,-0.707106781186547));
#3902=DIRECTION('',(0.,1.,0.));
#3903=DIRECTION('',(0.707106781186548,0.,0.707106781186547));
#3904=DIRECTION('center_axis',(0.707106781186548,0.,0.707106781186548));
#3905=DIRECTION('ref_axis',(0.707106781186548,0.,-0.707106781186548));
#3906=DIRECTION('',(-0.707106781186547,0.,0.707106781186547));
#3907=DIRECTION('',(0.,-1.,0.));
#3908=DIRECTION('',(0.707106781186548,0.,-0.707106781186548));
#3909=DIRECTION('',(0.,-1.,0.));
#3910=DIRECTION('',(-0.707106781186547,0.,0.707106781186547));
#3911=DIRECTION('',(0.,1.,0.));
#3912=DIRECTION('center_axis',(1.,0.,0.));
#3913=DIRECTION('ref_axis',(0.,0.,-1.));
#3914=DIRECTION('',(0.,0.,1.));
#3915=DIRECTION('',(0.,-1.,0.));
#3916=DIRECTION('',(0.,-1.,0.));
#3917=DIRECTION('',(0.,0.,-1.));
#3918=DIRECTION('',(0.,1.,0.));
#3919=DIRECTION('',(0.,0.,-1.));
#3920=DIRECTION('',(0.,1.,0.));
#3921=DIRECTION('center_axis',(0.,0.,-1.));
#3922=DIRECTION('ref_axis',(-1.,0.,0.));
#3923=DIRECTION('',(0.,1.,0.));
#3924=DIRECTION('',(1.,0.,0.));
#3925=DIRECTION('',(0.,-1.,0.));
#3926=DIRECTION('center_axis',(1.,0.,0.));
#3927=DIRECTION('ref_axis',(0.,0.,-1.));
#3928=DIRECTION('',(0.,1.,0.));
#3929=DIRECTION('',(0.,0.,1.));
#3930=DIRECTION('',(0.,-1.,0.));
#3931=DIRECTION('',(0.,0.,-1.));
#3932=DIRECTION('',(0.,-1.,0.));
#3933=DIRECTION('',(0.,0.,1.));
#3934=DIRECTION('',(0.,1.,0.));
#3935=DIRECTION('center_axis',(-0.707106781186548,0.,0.707106781186547));
#3936=DIRECTION('ref_axis',(0.707106781186547,0.,0.707106781186548));
#3937=DIRECTION('',(-0.707106781186547,0.,-0.707106781186548));
#3938=DIRECTION('',(0.,-1.,0.));
#3939=DIRECTION('',(0.,-1.,0.));
#3940=DIRECTION('',(-0.707106781186547,0.,-0.707106781186547));
#3941=DIRECTION('',(0.,1.,0.));
#3942=DIRECTION('',(0.707106781186547,0.,0.707106781186548));
#3943=DIRECTION('',(0.,1.,0.));
#3944=DIRECTION('center_axis',(0.707106781186547,0.,0.707106781186548));
#3945=DIRECTION('ref_axis',(0.707106781186548,0.,-0.707106781186547));
#3946=DIRECTION('',(0.,1.,0.));
#3947=DIRECTION('',(-0.707106781186548,0.,0.707106781186547));
#3948=DIRECTION('',(0.,-1.,0.));
#3949=DIRECTION('center_axis',(0.707106781186545,0.,-0.70710678118655));
#3950=DIRECTION('ref_axis',(-0.70710678118655,0.,-0.707106781186545));
#3951=DIRECTION('',(0.,1.,0.));
#3952=DIRECTION('',(0.70710678118655,0.,0.707106781186545));
#3953=DIRECTION('',(0.,-1.,0.));
#3954=DIRECTION('center_axis',(0.707106781186548,0.,-0.707106781186548));
#3955=DIRECTION('ref_axis',(-0.707106781186548,0.,-0.707106781186548));
#3956=DIRECTION('',(0.,1.,0.));
#3957=DIRECTION('',(0.707106781186547,0.,0.707106781186547));
#3958=DIRECTION('',(0.,-1.,0.));
#3959=DIRECTION('',(0.,-1.,0.));
#3960=DIRECTION('center_axis',(1.,0.,0.));
#3961=DIRECTION('ref_axis',(0.,0.,-1.));
#3962=DIRECTION('',(0.,0.,1.));
#3963=DIRECTION('',(0.,-1.,0.));
#3964=DIRECTION('',(0.,1.,0.));
#3965=DIRECTION('',(0.,1.,0.));
#3966=DIRECTION('center_axis',(0.,0.,-1.));
#3967=DIRECTION('ref_axis',(-1.,0.,0.));
#3968=DIRECTION('',(0.,1.,0.));
#3969=DIRECTION('',(1.,0.,0.));
#3970=DIRECTION('',(0.,-1.,0.));
#3971=DIRECTION('center_axis',(1.,0.,4.54116093187646E-17));
#3972=DIRECTION('ref_axis',(4.54116093187646E-17,0.,-1.));
#3973=DIRECTION('',(0.,1.,0.));
#3974=DIRECTION('',(-4.54116093187646E-17,0.,1.));
#3975=DIRECTION('',(0.,-1.,0.));
#3976=DIRECTION('center_axis',(0.,-1.,0.));
#3977=DIRECTION('ref_axis',(0.,0.,-1.));
#3978=DIRECTION('center_axis',(0.,-1.,0.));
#3979=DIRECTION('ref_axis',(0.,0.,-1.));
#3980=DIRECTION('center_axis',(0.,1.,0.));
#3981=DIRECTION('ref_axis',(-3.46944695195361E-15,0.,-1.));
#3982=DIRECTION('center_axis',(0.,-1.,0.));
#3983=DIRECTION('ref_axis',(0.,0.,-1.));
#3984=DIRECTION('center_axis',(0.,-1.,0.));
#3985=DIRECTION('ref_axis',(0.,0.,-1.));
#3986=DIRECTION('center_axis',(0.,1.,0.));
#3987=DIRECTION('ref_axis',(3.46944695195361E-15,0.,-1.));
#3988=DIRECTION('center_axis',(0.,1.,0.));
#3989=DIRECTION('ref_axis',(1.73472347597681E-15,0.,-1.));
#3990=DIRECTION('center_axis',(0.,-1.,0.));
#3991=DIRECTION('ref_axis',(0.,0.,-1.));
#3992=DIRECTION('center_axis',(0.,-1.,0.));
#3993=DIRECTION('ref_axis',(0.,0.,-1.));
#3994=DIRECTION('center_axis',(0.,1.,0.));
#3995=DIRECTION('ref_axis',(0.,0.,-1.));
#3996=DIRECTION('center_axis',(0.,1.,0.));
#3997=DIRECTION('ref_axis',(3.46944695195361E-15,0.,-1.));
#3998=DIRECTION('center_axis',(0.,-1.,0.));
#3999=DIRECTION('ref_axis',(0.,0.,-1.));
#4000=DIRECTION('center_axis',(0.,1.,0.));
#4001=DIRECTION('ref_axis',(0.,0.,-1.));
#4002=DIRECTION('center_axis',(0.,-1.,0.));
#4003=DIRECTION('ref_axis',(0.,0.,-1.));
#4004=DIRECTION('center_axis',(0.,1.,0.));
#4005=DIRECTION('ref_axis',(1.73472347597681E-15,0.,-1.));
#4006=DIRECTION('center_axis',(0.,-1.,0.));
#4007=DIRECTION('ref_axis',(0.,0.,-1.));
#4008=DIRECTION('center_axis',(0.,-1.,0.));
#4009=DIRECTION('ref_axis',(0.,0.,-1.));
#4010=DIRECTION('center_axis',(0.,1.,0.));
#4011=DIRECTION('ref_axis',(-1.73472347597681E-15,0.,-1.));
#4012=DIRECTION('center_axis',(0.600800032390281,0.707106781186555,-0.372879767592487));
#4013=DIRECTION('ref_axis',(0.527331624463829,0.,0.849659554080539));
#4014=DIRECTION('',(-0.600800032390293,0.707106781186539,0.372879767592496));
#4015=DIRECTION('center_axis',(0.,1.,0.));
#4016=DIRECTION('ref_axis',(0.,0.,1.));
#4017=DIRECTION('',(-0.705659465648808,0.707106781186538,0.045218564110897));
#4018=DIRECTION('center_axis',(0.,-1.,0.));
#4019=DIRECTION('ref_axis',(0.,0.,-1.));
#4020=DIRECTION('',(-0.68221698864266,0.707106781186528,0.185956931592692));
#4021=DIRECTION('center_axis',(0.,1.,0.));
#4022=DIRECTION('ref_axis',(0.,0.,1.));
#4023=DIRECTION('',(-0.500000000000004,0.707106781186538,-0.500000000000009));
#4024=DIRECTION('center_axis',(0.499999999999991,0.707106781186559,0.499999999999993));
#4025=DIRECTION('ref_axis',(0.707106781186549,0.,-0.707106781186546));
#4026=DIRECTION('',(-0.500000000000009,0.707106781186538,-0.500000000000004));
#4027=DIRECTION('center_axis',(0.,1.,0.));
#4028=DIRECTION('ref_axis',(0.,0.,1.));
#4029=DIRECTION('',(0.,0.707106781186535,-0.70710678118656));
#4030=DIRECTION('center_axis',(0.,-0.707106781186555,-0.70710678118654));
#4031=DIRECTION('ref_axis',(1.,0.,0.));
#4032=DIRECTION('',(0.,0.70710678118654,-0.707106781186555));
#4033=DIRECTION('center_axis',(0.,1.,0.));
#4034=DIRECTION('ref_axis',(0.,0.,1.));
#4035=DIRECTION('',(0.500000000000003,0.707106781186536,-0.500000000000013));
#4036=DIRECTION('center_axis',(0.499999999999991,-0.707106781186559,-0.499999999999993));
#4037=DIRECTION('ref_axis',(0.707106781186549,0.,0.707106781186546));
#4038=DIRECTION('',(0.500000000000009,0.707106781186535,-0.500000000000009));
#4039=DIRECTION('center_axis',(0.,1.,0.));
#4040=DIRECTION('ref_axis',(0.,0.,1.));
#4041=DIRECTION('',(0.682216988642645,0.707106781186543,0.185956931592686));
#4042=DIRECTION('center_axis',(0.,-1.,0.));
#4043=DIRECTION('ref_axis',(0.,0.,-1.));
#4044=DIRECTION('',(0.705659465648808,0.707106781186538,0.045218564110897));
#4045=DIRECTION('center_axis',(0.,1.,0.));
#4046=DIRECTION('ref_axis',(0.,0.,1.));
#4047=DIRECTION('',(0.600800032390294,0.707106781186538,0.372879767592497));
#4048=DIRECTION('center_axis',(0.600800032390281,-0.707106781186555,0.372879767592487));
#4049=DIRECTION('ref_axis',(-0.527331624463829,0.,0.849659554080539));
#4050=DIRECTION('center_axis',(-0.707106781186547,0.,-0.707106781186548));
#4051=DIRECTION('ref_axis',(-0.707106781186548,0.,0.707106781186547));
#4052=DIRECTION('',(0.,-1.,0.));
#4053=DIRECTION('',(-0.707106781186548,0.,0.707106781186547));
#4054=DIRECTION('',(0.,1.,0.));
#4055=DIRECTION('center_axis',(0.,0.,-1.));
#4056=DIRECTION('ref_axis',(-1.,0.,0.));
#4057=DIRECTION('',(0.,-1.,0.));
#4058=DIRECTION('',(-1.,0.,0.));
#4059=DIRECTION('',(0.,1.,0.));
#4060=DIRECTION('center_axis',(0.,-1.,0.));
#4061=DIRECTION('ref_axis',(0.,0.,-1.));
#4062=DIRECTION('center_axis',(0.,-1.,0.));
#4063=DIRECTION('ref_axis',(0.,0.,-1.));
#4064=DIRECTION('center_axis',(0.,-1.,0.));
#4065=DIRECTION('ref_axis',(0.,0.,-1.));
#4066=DIRECTION('center_axis',(0.,-1.,0.));
#4067=DIRECTION('ref_axis',(0.,0.,-1.));
#4068=DIRECTION('center_axis',(0.,-1.,0.));
#4069=DIRECTION('ref_axis',(0.,0.,-1.));
#4070=DIRECTION('center_axis',(0.,-1.,0.));
#4071=DIRECTION('ref_axis',(0.,0.,-1.));
#4072=DIRECTION('center_axis',(0.,-1.,0.));
#4073=DIRECTION('ref_axis',(0.,0.,-1.));
#4074=DIRECTION('center_axis',(0.,0.,1.));
#4075=DIRECTION('ref_axis',(1.,0.,0.));
#4076=DIRECTION('',(0.,-1.,0.));
#4077=DIRECTION('',(1.,0.,0.));
#4078=DIRECTION('',(0.,1.,0.));
#4079=DIRECTION('center_axis',(-0.707106781186547,0.,0.707106781186548));
#4080=DIRECTION('ref_axis',(0.707106781186548,0.,0.707106781186547));
#4081=DIRECTION('',(0.,-1.,0.));
#4082=DIRECTION('',(0.707106781186548,0.,0.707106781186547));
#4083=DIRECTION('',(0.,1.,0.));
#4084=DIRECTION('center_axis',(0.,-1.,0.));
#4085=DIRECTION('ref_axis',(0.,0.,-1.));
#4086=DIRECTION('center_axis',(0.,-1.,0.));
#4087=DIRECTION('ref_axis',(0.,0.,-1.));
#4088=DIRECTION('center_axis',(0.,-1.,0.));
#4089=DIRECTION('ref_axis',(0.,0.,-1.));
#4090=DIRECTION('center_axis',(0.,-1.,0.));
#4091=DIRECTION('ref_axis',(0.,0.,-1.));
#4092=DIRECTION('center_axis',(0.,-1.,0.));
#4093=DIRECTION('ref_axis',(0.,0.,-1.));
#4094=DIRECTION('center_axis',(0.,-1.,0.));
#4095=DIRECTION('ref_axis',(0.,0.,-1.));
#4096=DIRECTION('center_axis',(0.,-1.,0.));
#4097=DIRECTION('ref_axis',(0.,0.,-1.));
#4098=DIRECTION('center_axis',(0.,0.,-1.));
#4099=DIRECTION('ref_axis',(-1.,0.,0.));
#4100=DIRECTION('center_axis',(0.,0.,1.));
#4101=DIRECTION('ref_axis',(1.,0.,0.));
#4102=DIRECTION('center_axis',(0.,-1.,0.));
#4103=DIRECTION('ref_axis',(0.,0.,-1.));
#4104=DIRECTION('',(0.,1.,0.));
#4105=DIRECTION('center_axis',(0.,-1.,0.));
#4106=DIRECTION('ref_axis',(0.,0.,-1.));
#4107=DIRECTION('',(0.,-1.,0.));
#4108=DIRECTION('center_axis',(0.,-1.,0.));
#4109=DIRECTION('ref_axis',(0.,0.,-1.));
#4110=DIRECTION('center_axis',(0.,-1.,0.));
#4111=DIRECTION('ref_axis',(0.,0.,-1.));
#4112=DIRECTION('center_axis',(0.,1.,0.));
#4113=DIRECTION('ref_axis',(0.,0.,-1.));
#4114=DIRECTION('center_axis',(0.,1.,0.));
#4115=DIRECTION('ref_axis',(6.93889390390722E-15,0.,-1.));
#4116=DIRECTION('center_axis',(0.,-1.,0.));
#4117=DIRECTION('ref_axis',(0.,0.,-1.));
#4118=DIRECTION('center_axis',(0.,-1.,0.));
#4119=DIRECTION('ref_axis',(0.,0.,-1.));
#4120=DIRECTION('center_axis',(0.,-1.,0.));
#4121=DIRECTION('ref_axis',(0.,0.,-1.));
#4122=DIRECTION('',(0.,-1.,0.));
#4123=DIRECTION('',(0.,1.,0.));
#4124=DIRECTION('center_axis',(0.,-1.,0.));
#4125=DIRECTION('ref_axis',(0.,0.,-1.));
#4126=DIRECTION('center_axis',(0.,-1.,0.));
#4127=DIRECTION('ref_axis',(0.,0.,-1.));
#4128=DIRECTION('center_axis',(0.,1.,0.));
#4129=DIRECTION('ref_axis',(0.,0.,-1.));
#4130=DIRECTION('center_axis',(0.,1.,0.));
#4131=DIRECTION('ref_axis',(0.,0.,-1.));
#4132=DIRECTION('center_axis',(0.,-1.,0.));
#4133=DIRECTION('ref_axis',(0.,0.,-1.));
#4134=DIRECTION('center_axis',(0.,-1.,0.));
#4135=DIRECTION('ref_axis',(-0.1543936430719,0.,0.988009414418196));
#4136=DIRECTION('center_axis',(0.,-1.,0.));
#4137=DIRECTION('ref_axis',(0.,0.,-1.));
#4138=DIRECTION('center_axis',(0.,-1.,0.));
#4139=DIRECTION('ref_axis',(0.1543936430719,0.,0.988009414418196));
#4140=DIRECTION('center_axis',(0.,-1.,0.));
#4141=DIRECTION('ref_axis',(0.,0.,-1.));
#4142=DIRECTION('center_axis',(0.,1.,0.));
#4143=DIRECTION('ref_axis',(0.,0.,1.));
#4144=DIRECTION('center_axis',(0.,-1.,0.));
#4145=DIRECTION('ref_axis',(0.,0.,-1.));
#4146=DIRECTION('center_axis',(0.,-1.,0.));
#4147=DIRECTION('ref_axis',(0.,0.,-1.));
#4148=DIRECTION('center_axis',(0.,1.,0.));
#4149=DIRECTION('ref_axis',(0.,0.,1.));
#4150=DIRECTION('center_axis',(0.,1.,0.));
#4151=DIRECTION('ref_axis',(0.,0.,1.));
#4152=DIRECTION('center_axis',(0.,1.,0.));
#4153=DIRECTION('ref_axis',(0.,0.,1.));
#4154=DIRECTION('center_axis',(0.,1.,0.));
#4155=DIRECTION('ref_axis',(0.,0.,1.));
#4156=DIRECTION('center_axis',(0.,1.,0.));
#4157=DIRECTION('ref_axis',(0.,0.,1.));
#4158=DIRECTION('center_axis',(0.,-1.,0.));
#4159=DIRECTION('ref_axis',(-0.16562694297051,0.,0.986188478822503));
#4160=DIRECTION('center_axis',(0.,-1.,0.));
#4161=DIRECTION('ref_axis',(0.,0.,-1.));
#4162=DIRECTION('center_axis',(0.,-1.,0.));
#4163=DIRECTION('ref_axis',(0.,0.,-1.));
#4164=DIRECTION('center_axis',(0.,-1.,0.));
#4165=DIRECTION('ref_axis',(0.165626942970512,0.,0.986188478822503));
#4166=DIRECTION('center_axis',(0.,-1.,0.));
#4167=DIRECTION('ref_axis',(0.,0.,-1.));
#4168=DIRECTION('center_axis',(0.,-1.,0.));
#4169=DIRECTION('ref_axis',(0.,0.,-1.));
#4170=DIRECTION('center_axis',(0.,1.,0.));
#4171=DIRECTION('ref_axis',(0.,0.,1.));
#4172=DIRECTION('center_axis',(0.,-1.,0.));
#4173=DIRECTION('ref_axis',(0.,0.,-1.));
#4174=DIRECTION('center_axis',(0.,-1.,0.));
#4175=DIRECTION('ref_axis',(0.,0.,-1.));
#4176=DIRECTION('center_axis',(0.,-1.,-2.31296463463574E-16));
#4177=DIRECTION('ref_axis',(0.,2.31296463463574E-16,-1.));
#4178=DIRECTION('center_axis',(0.,-1.,0.));
#4179=DIRECTION('ref_axis',(0.,0.,-1.));
#4180=DIRECTION('center_axis',(1.,0.,0.));
#4181=DIRECTION('ref_axis',(0.,0.,-1.));
#4182=DIRECTION('center_axis',(0.,-0.945945945945946,-0.324324324324324));
#4183=DIRECTION('ref_axis',(0.,0.324324324324324,-0.945945945945946));
#4184=DIRECTION('center_axis',(1.,0.,0.));
#4185=DIRECTION('ref_axis',(0.,0.,-1.));
#4186=DIRECTION('center_axis',(0.,-1.,0.));
#4187=DIRECTION('ref_axis',(0.,0.,-1.));
#4188=DIRECTION('center_axis',(0.,-1.,0.));
#4189=DIRECTION('ref_axis',(0.,0.,-1.));
#4190=DIRECTION('center_axis',(0.,1.,2.31296463463574E-16));
#4191=DIRECTION('ref_axis',(0.,-2.31296463463574E-16,1.));
#4192=DIRECTION('center_axis',(0.,-1.,0.));
#4193=DIRECTION('ref_axis',(0.,0.,-1.));
#4194=DIRECTION('center_axis',(1.,0.,0.));
#4195=DIRECTION('ref_axis',(0.,0.,-1.));
#4196=DIRECTION('center_axis',(0.,-0.945945945945946,-0.324324324324324));
#4197=DIRECTION('ref_axis',(0.,0.324324324324324,-0.945945945945946));
#4198=DIRECTION('center_axis',(1.,0.,0.));
#4199=DIRECTION('ref_axis',(0.,0.,-1.));
#4200=DIRECTION('center_axis',(0.,-1.,0.));
#4201=DIRECTION('ref_axis',(0.,0.,-1.));
#4202=DIRECTION('center_axis',(0.,1.,0.));
#4203=DIRECTION('ref_axis',(0.,0.,1.));
#4204=DIRECTION('center_axis',(0.,-1.,0.));
#4205=DIRECTION('ref_axis',(0.,0.,-1.));
#4206=DIRECTION('center_axis',(0.,1.,0.));
#4207=DIRECTION('ref_axis',(0.,0.,1.));
#4208=DIRECTION('center_axis',(0.,1.,0.));
#4209=DIRECTION('ref_axis',(0.,0.,1.));
#4210=DIRECTION('center_axis',(0.,1.,0.));
#4211=DIRECTION('ref_axis',(0.,0.,1.));
#4212=DIRECTION('center_axis',(0.,-1.,0.));
#4213=DIRECTION('ref_axis',(0.,0.,-1.));
#4214=DIRECTION('center_axis',(0.,-1.,0.));
#4215=DIRECTION('ref_axis',(0.,0.,-1.));
#4216=DIRECTION('center_axis',(0.,1.,0.));
#4217=DIRECTION('ref_axis',(0.,0.,1.));
#4218=DIRECTION('center_axis',(0.,1.,0.));
#4219=DIRECTION('ref_axis',(0.,0.,1.));
#4220=DIRECTION('center_axis',(0.,-1.,0.));
#4221=DIRECTION('ref_axis',(0.,0.,-1.));
#4222=DIRECTION('center_axis',(0.,1.,0.));
#4223=DIRECTION('ref_axis',(-2.9861597890357E-15,0.,-1.));
#4224=DIRECTION('center_axis',(0.,1.,0.));
#4225=DIRECTION('ref_axis',(0.,0.,1.));
#4226=DIRECTION('center_axis',(0.,-1.,0.));
#4227=DIRECTION('ref_axis',(0.,0.,-1.));
#4228=DIRECTION('',(0.,0.,1.));
#4229=DIRECTION('center_axis',(-1.,0.,0.));
#4230=DIRECTION('ref_axis',(0.,0.,1.));
#4231=DIRECTION('',(0.,0.,1.));
#4232=DIRECTION('',(0.,0.,1.));
#4233=DIRECTION('center_axis',(-1.,0.,0.));
#4234=DIRECTION('ref_axis',(0.,0.,1.));
#4235=DIRECTION('',(0.,0.,1.));
#4236=DIRECTION('',(0.,0.,1.));
#4237=DIRECTION('center_axis',(0.,1.,0.));
#4238=DIRECTION('ref_axis',(0.,0.,1.));
#4239=DIRECTION('center_axis',(0.,1.,0.));
#4240=DIRECTION('ref_axis',(0.,0.,1.));
#4241=DIRECTION('center_axis',(0.,1.,0.));
#4242=DIRECTION('ref_axis',(0.,0.,1.));
#4243=DIRECTION('',(0.,0.,1.));
#4244=DIRECTION('',(0.,0.,1.));
#4245=DIRECTION('center_axis',(0.,1.,0.));
#4246=DIRECTION('ref_axis',(0.,0.,1.));
#4247=DIRECTION('',(0.,0.,1.));
#4248=DIRECTION('',(0.,0.,1.));
#4249=DIRECTION('center_axis',(-1.,0.,0.));
#4250=DIRECTION('ref_axis',(0.,0.,1.));
#4251=DIRECTION('center_axis',(-1.,0.,0.));
#4252=DIRECTION('ref_axis',(0.,0.,1.));
#4253=DIRECTION('center_axis',(0.,1.,0.));
#4254=DIRECTION('ref_axis',(0.,0.,1.));
#4255=DIRECTION('center_axis',(0.,1.,0.));
#4256=DIRECTION('ref_axis',(0.,0.,1.));
#4257=CARTESIAN_POINT('',(0.,0.,0.));
#4258=CARTESIAN_POINT('Origin',(-11.575,-4.,22.));
#4259=CARTESIAN_POINT('',(-11.575,-4.,20.1));
#4260=CARTESIAN_POINT('Origin',(-11.575,-4.,22.));
#4261=CARTESIAN_POINT('',(-11.575,5.55111512312578E-16,20.1));
#4262=CARTESIAN_POINT('',(-11.575,-4.,20.1));
#4263=CARTESIAN_POINT('Origin',(-11.575,0.,22.));
#4264=CARTESIAN_POINT('Origin',(11.575,-4.,22.));
#4265=CARTESIAN_POINT('',(11.575,-4.,20.1));
#4266=CARTESIAN_POINT('Origin',(11.575,-4.,22.));
#4267=CARTESIAN_POINT('',(11.575,5.55111512312578E-16,20.1));
#4268=CARTESIAN_POINT('',(11.575,-4.,20.1));
#4269=CARTESIAN_POINT('Origin',(11.575,0.,22.));
#4270=CARTESIAN_POINT('Origin',(13.4350288425444,0.,13.4350288425444));
#4271=CARTESIAN_POINT('',(15.0600288425444,-3.2,15.9568089677734));
#4272=CARTESIAN_POINT('',(11.8100288425444,-3.2,15.9568089677734));
#4273=CARTESIAN_POINT('Origin',(13.4350288425444,-3.2,13.4350288425444));
#4274=CARTESIAN_POINT('',(11.8100288425444,-3.,15.9568089677734));
#4275=CARTESIAN_POINT('',(11.8100288425444,-3.2,15.9568089677734));
#4276=CARTESIAN_POINT('',(11.8100288425444,-3.,10.9132487173154));
#4277=CARTESIAN_POINT('Origin',(13.4350288425444,-3.,13.4350288425444));
#4278=CARTESIAN_POINT('',(11.8100288425444,-3.2,10.9132487173154));
#4279=CARTESIAN_POINT('',(11.8100288425444,-3.2,10.9132487173154));
#4280=CARTESIAN_POINT('',(13.4350288425444,-3.2,10.4350288425444));
#4281=CARTESIAN_POINT('Origin',(13.4350288425444,-3.2,13.4350288425444));
#4282=CARTESIAN_POINT('',(13.4350288425444,0.,10.4350288425444));
#4283=CARTESIAN_POINT('',(13.4350288425444,0.,10.4350288425444));
#4284=CARTESIAN_POINT('Origin',(13.4350288425444,0.,13.4350288425444));
#4285=CARTESIAN_POINT('',(15.0600288425444,-3.2,10.9132487173154));
#4286=CARTESIAN_POINT('Origin',(13.4350288425444,-3.2,13.4350288425444));
#4287=CARTESIAN_POINT('',(15.0600288425444,-3.,10.9132487173154));
#4288=CARTESIAN_POINT('',(15.0600288425444,-3.2,10.9132487173154));
#4289=CARTESIAN_POINT('',(15.0600288425444,-3.,15.9568089677734));
#4290=CARTESIAN_POINT('Origin',(13.4350288425444,-3.,13.4350288425444));
#4291=CARTESIAN_POINT('',(15.0600288425444,-3.2,15.9568089677734));
#4292=CARTESIAN_POINT('Origin',(-13.4350288425444,0.,13.4350288425444));
#4293=CARTESIAN_POINT('',(-15.0600288425444,-3.2,15.9568089677734));
#4294=CARTESIAN_POINT('',(-11.8100288425444,-3.2,15.9568089677734));
#4295=CARTESIAN_POINT('Origin',(-13.4350288425444,-3.2,13.4350288425444));
#4296=CARTESIAN_POINT('',(-15.0600288425444,-3.,15.9568089677734));
#4297=CARTESIAN_POINT('',(-15.0600288425444,-3.2,15.9568089677734));
#4298=CARTESIAN_POINT('',(-15.0600288425444,-3.,10.9132487173154));
#4299=CARTESIAN_POINT('Origin',(-13.4350288425444,-3.,13.4350288425444));
#4300=CARTESIAN_POINT('',(-15.0600288425444,-3.2,10.9132487173154));
#4301=CARTESIAN_POINT('',(-15.0600288425444,-3.2,10.9132487173154));
#4302=CARTESIAN_POINT('',(-13.4350288425444,-3.2,10.4350288425444));
#4303=CARTESIAN_POINT('Origin',(-13.4350288425444,-3.2,13.4350288425444));
#4304=CARTESIAN_POINT('',(-13.4350288425444,0.,10.4350288425444));
#4305=CARTESIAN_POINT('',(-13.4350288425444,0.,10.4350288425444));
#4306=CARTESIAN_POINT('Origin',(-13.4350288425444,0.,13.4350288425444));
#4307=CARTESIAN_POINT('',(-11.8100288425444,-3.2,10.9132487173154));
#4308=CARTESIAN_POINT('Origin',(-13.4350288425444,-3.2,13.4350288425444));
#4309=CARTESIAN_POINT('',(-11.8100288425444,-3.,10.9132487173154));
#4310=CARTESIAN_POINT('',(-11.8100288425444,-3.2,10.9132487173154));
#4311=CARTESIAN_POINT('',(-11.8100288425444,-3.,15.9568089677734));
#4312=CARTESIAN_POINT('Origin',(-13.4350288425444,-3.,13.4350288425444));
#4313=CARTESIAN_POINT('',(-11.8100288425444,-3.2,15.9568089677734));
#4314=CARTESIAN_POINT('Origin',(18.7383297014435,-1.8,-29.3449314192418));
#4315=CARTESIAN_POINT('',(18.3847763108502,-1.8,-29.698484809835));
#4316=CARTESIAN_POINT('',(19.0918830920367,-1.8,-29.698484809835));
#4317=CARTESIAN_POINT('Origin',(18.7383297014435,-1.8,-29.3449314192418));
#4318=CARTESIAN_POINT('',(18.3847763108502,-10.,-29.698484809835));
#4319=CARTESIAN_POINT('',(18.3847763108502,-1.8,-29.698484809835));
#4320=CARTESIAN_POINT('',(19.0918830920367,-10.,-29.698484809835));
#4321=CARTESIAN_POINT('Origin',(18.7383297014435,-10.,-29.3449314192418));
#4322=CARTESIAN_POINT('',(19.0918830920367,-1.8,-29.698484809835));
#4323=CARTESIAN_POINT('Origin',(-12.,-13.5,-29.));
#4324=CARTESIAN_POINT('',(-10.1,-13.5,-29.));
#4325=CARTESIAN_POINT('Origin',(-12.,-13.5,-29.));
#4326=CARTESIAN_POINT('',(-10.1,-13.5,-33.));
#4327=CARTESIAN_POINT('',(-10.1,-13.5,-29.));
#4328=CARTESIAN_POINT('Origin',(-12.,-13.5,-33.));
#4329=CARTESIAN_POINT('Origin',(12.,-13.5,-29.));
#4330=CARTESIAN_POINT('',(13.9,-13.5,-29.));
#4331=CARTESIAN_POINT('Origin',(12.,-13.5,-29.));
#4332=CARTESIAN_POINT('',(13.9,-13.5,-33.));
#4333=CARTESIAN_POINT('',(13.9,-13.5,-29.));
#4334=CARTESIAN_POINT('Origin',(12.,-13.5,-33.));
#4335=CARTESIAN_POINT('Origin',(13.4350288425444,0.,13.4350288425444));
#4336=CARTESIAN_POINT('',(13.4350288425444,-7.4,11.8100288425444));
#4337=CARTESIAN_POINT('Origin',(13.4350288425444,-7.4,13.4350288425444));
#4338=CARTESIAN_POINT('',(13.4350288425444,-3.2,11.8100288425444));
#4339=CARTESIAN_POINT('',(13.4350288425444,0.,11.8100288425444));
#4340=CARTESIAN_POINT('',(11.8100288425444,-3.2,13.4350288425444));
#4341=CARTESIAN_POINT('Origin',(13.4350288425444,-3.2,13.4350288425444));
#4342=CARTESIAN_POINT('',(15.0600288425444,-3.2,13.4350288425444));
#4343=CARTESIAN_POINT('Origin',(13.4350288425444,-3.2,13.4350288425444));
#4344=CARTESIAN_POINT('Origin',(13.4350288425444,-3.2,13.4350288425444));
#4345=CARTESIAN_POINT('Origin',(-13.4350288425444,0.,13.4350288425444));
#4346=CARTESIAN_POINT('',(-13.4350288425444,-7.4,11.8100288425444));
#4347=CARTESIAN_POINT('Origin',(-13.4350288425444,-7.4,13.4350288425444));
#4348=CARTESIAN_POINT('',(-13.4350288425444,-3.2,11.8100288425444));
#4349=CARTESIAN_POINT('',(-13.4350288425444,0.,11.8100288425444));
#4350=CARTESIAN_POINT('',(-15.0600288425444,-3.2,13.4350288425444));
#4351=CARTESIAN_POINT('Origin',(-13.4350288425444,-3.2,13.4350288425444));
#4352=CARTESIAN_POINT('',(-11.8100288425444,-3.2,13.4350288425444));
#4353=CARTESIAN_POINT('Origin',(-13.4350288425444,-3.2,13.4350288425444));
#4354=CARTESIAN_POINT('Origin',(-13.4350288425444,-3.2,13.4350288425444));
#4355=CARTESIAN_POINT('Origin',(-11.8100288425444,-3.,13.4350288425444));
#4356=CARTESIAN_POINT('',(-11.8100288425444,-3.,0.));
#4357=CARTESIAN_POINT('Origin',(15.0600288425444,-3.,13.4350288425444));
#4358=CARTESIAN_POINT('',(15.0600288425444,-3.,0.));
#4359=CARTESIAN_POINT('Origin',(-11.8100288425444,-3.,13.4350288425444));
#4360=CARTESIAN_POINT('',(-15.0600288425444,-3.,0.));
#4361=CARTESIAN_POINT('Origin',(0.,-7.4,0.));
#4362=CARTESIAN_POINT('',(11.610710652005,-1.8,-23.8766391721158));
#4363=CARTESIAN_POINT('',(7.70961887477314,-1.8,-25.4059889948363));
#4364=CARTESIAN_POINT('Origin',(0.,-1.8,0.));
#4365=CARTESIAN_POINT('',(7.70961887477314,-10.,-25.4059889948363));
#4366=CARTESIAN_POINT('',(7.70961887477314,-7.4,-25.4059889948363));
#4367=CARTESIAN_POINT('',(11.610710652005,-10.,-23.8766391721158));
#4368=CARTESIAN_POINT('Origin',(0.,-10.,0.));
#4369=CARTESIAN_POINT('',(11.610710652005,-7.4,-23.8766391721158));
#4370=CARTESIAN_POINT('Origin',(0.,-7.4,0.));
#4371=CARTESIAN_POINT('',(-7.70961887477314,-1.8,-25.4059889948363));
#4372=CARTESIAN_POINT('',(-11.610710652005,-1.8,-23.8766391721158));
#4373=CARTESIAN_POINT('Origin',(0.,-1.8,0.));
#4374=CARTESIAN_POINT('',(-11.610710652005,-10.,-23.8766391721158));
#4375=CARTESIAN_POINT('',(-11.610710652005,-7.4,-23.8766391721158));
#4376=CARTESIAN_POINT('',(-7.70961887477314,-10.,-25.4059889948363));
#4377=CARTESIAN_POINT('Origin',(0.,-10.,0.));
#4378=CARTESIAN_POINT('',(-7.70961887477314,-7.4,-25.4059889948363));
#4379=CARTESIAN_POINT('Origin',(0.,-10.,0.));
#4380=CARTESIAN_POINT('',(-6.5,-10.,36.9));
#4381=CARTESIAN_POINT('',(6.5,-10.,36.9));
#4382=CARTESIAN_POINT('',(-7.,-10.,36.9));
#4383=CARTESIAN_POINT('',(-7.,-10.,36.4));
#4384=CARTESIAN_POINT('Origin',(-6.5,-10.,36.4));
#4385=CARTESIAN_POINT('',(-7.,-10.,28.3945417290014));
#4386=CARTESIAN_POINT('',(-7.,-10.,0.));
#4387=CARTESIAN_POINT('',(-7.72881355932204,-10.,27.4320148907301));
#4388=CARTESIAN_POINT('Origin',(-8.,-10.,28.3945417290014));
#4389=CARTESIAN_POINT('',(-15.2427995689685,-10.,24.0812595455523));
#4390=CARTESIAN_POINT('Origin',(0.,-10.,0.));
#4391=CARTESIAN_POINT('',(-17.4842864114354,-10.,24.9260776226118));
#4392=CARTESIAN_POINT('Origin',(-16.0450521778616,-10.,25.3486942584761));
#4393=CARTESIAN_POINT('',(-23.7904675142551,-10.,14.7652854849872));
#4394=CARTESIAN_POINT('',(-23.7904675142551,-10.,14.7652854849872));
#4395=CARTESIAN_POINT('',(-27.9426892286495,-10.,1.79056378582668));
#4396=CARTESIAN_POINT('Origin',(0.,-10.,0.));
#4397=CARTESIAN_POINT('',(-31.2745324548812,-10.,-18.2123640720922));
#4398=CARTESIAN_POINT('Origin',(-128.236984495767,-10.,8.21740880281173));
#4399=CARTESIAN_POINT('',(-30.7591449816148,-10.,-20.1525432638166));
#4400=CARTESIAN_POINT('Origin',(-29.3449314192417,-10.,-18.7383297014436));
#4401=CARTESIAN_POINT('',(-15.9974746830583,-10.,-34.9142135623731));
#4402=CARTESIAN_POINT('',(-25.4558441227157,-10.,-25.4558441227157));
#4403=CARTESIAN_POINT('',(-14.5832611206852,-10.,-35.5));
#4404=CARTESIAN_POINT('Origin',(-14.5832611206852,-10.,-33.5));
#4405=CARTESIAN_POINT('',(14.5832611206852,-10.,-35.5));
#4406=CARTESIAN_POINT('',(14.5832611206852,-10.,-35.5));
#4407=CARTESIAN_POINT('',(15.9974746830583,-10.,-34.9142135623731));
#4408=CARTESIAN_POINT('Origin',(14.5832611206852,-10.,-33.5));
#4409=CARTESIAN_POINT('',(30.7591449816148,-10.,-20.1525432638166));
#4410=CARTESIAN_POINT('',(30.7591449816148,-10.,-20.1525432638166));
#4411=CARTESIAN_POINT('',(31.2745324548812,-10.,-18.2123640720922));
#4412=CARTESIAN_POINT('Origin',(29.3449314192417,-10.,-18.7383297014436));
#4413=CARTESIAN_POINT('',(27.9426892286495,-10.,1.79056378582668));
#4414=CARTESIAN_POINT('Origin',(128.236984495767,-10.,8.21740880281173));
#4415=CARTESIAN_POINT('',(23.7904675142551,-10.,14.7652854849872));
#4416=CARTESIAN_POINT('Origin',(0.,-10.,0.));
#4417=CARTESIAN_POINT('',(17.4842864114354,-10.,24.9260776226118));
#4418=CARTESIAN_POINT('',(16.8947117319421,-10.,25.8760258829399));
#4419=CARTESIAN_POINT('',(15.2427995689685,-10.,24.0812595455523));
#4420=CARTESIAN_POINT('Origin',(16.0450521778616,-10.,25.3486942584761));
#4421=CARTESIAN_POINT('',(7.,-10.,27.6269795670826));
#4422=CARTESIAN_POINT('Origin',(0.,-10.,0.));
#4423=CARTESIAN_POINT('',(7.,-10.,36.4));
#4424=CARTESIAN_POINT('',(7.,-10.,0.));
#4425=CARTESIAN_POINT('Origin',(6.5,-10.,36.4));
#4426=CARTESIAN_POINT('',(-19.0918830920367,-10.,-29.698484809835));
#4427=CARTESIAN_POINT('',(-29.698484809835,-10.,-19.0918830920368));
#4428=CARTESIAN_POINT('',(-24.3951839509359,-10.,-24.3951839509359));
#4429=CARTESIAN_POINT('',(-29.698484809835,-10.,-18.3847763108503));
#4430=CARTESIAN_POINT('Origin',(-29.3449314192417,-10.,-18.7383297014435));
#4431=CARTESIAN_POINT('',(-24.0688408343235,-10.,-12.7551323353388));
#4432=CARTESIAN_POINT('',(-5.65685424949226,-10.,5.6568542494923));
#4433=CARTESIAN_POINT('',(-23.8766391721158,-10.,-11.6107106520051));
#4434=CARTESIAN_POINT('Origin',(-24.77594761551,-10.,-12.0480255541522));
#4435=CARTESIAN_POINT('',(23.8766391721158,-10.,-11.6107106520051));
#4436=CARTESIAN_POINT('Origin',(0.,-10.,0.));
#4437=CARTESIAN_POINT('',(24.0688408343235,-10.,-12.7551323353388));
#4438=CARTESIAN_POINT('Origin',(24.77594761551,-10.,-12.0480255541522));
#4439=CARTESIAN_POINT('',(29.698484809835,-10.,-18.3847763108503));
#4440=CARTESIAN_POINT('',(5.65685424949236,-10.,5.65685424949236));
#4441=CARTESIAN_POINT('',(29.698484809835,-10.,-19.0918830920368));
#4442=CARTESIAN_POINT('Origin',(29.3449314192417,-10.,-18.7383297014436));
#4443=CARTESIAN_POINT('',(24.3951839509359,-10.,-24.3951839509359));
#4444=CARTESIAN_POINT('',(17.3241161390704,-10.,-28.6378246380552));
#4445=CARTESIAN_POINT('',(-5.65685424949242,-10.,-5.65685424949242));
#4446=CARTESIAN_POINT('',(17.3241161390704,-10.,-30.0520382004283));
#4447=CARTESIAN_POINT('Origin',(16.6170093578838,-10.,-29.3449314192418));
#4448=CARTESIAN_POINT('',(14.6690475583122,-10.,-32.7071067811865));
#4449=CARTESIAN_POINT('',(23.6880771697493,-10.,-23.6880771697494));
#4450=CARTESIAN_POINT('',(13.9619407771256,-10.,-33.));
#4451=CARTESIAN_POINT('Origin',(13.9619407771256,-10.,-32.));
#4452=CARTESIAN_POINT('',(8.,-10.,-33.));
#4453=CARTESIAN_POINT('',(0.,-10.,-33.));
#4454=CARTESIAN_POINT('',(7.,-10.,-32.));
#4455=CARTESIAN_POINT('Origin',(8.,-10.,-32.));
#4456=CARTESIAN_POINT('',(7.,-10.,-33.5));
#4457=CARTESIAN_POINT('',(7.,-10.,0.));
#4458=CARTESIAN_POINT('',(6.5,-10.,-34.));
#4459=CARTESIAN_POINT('Origin',(6.5,-10.,-33.5));
#4460=CARTESIAN_POINT('',(-6.5,-10.,-34.));
#4461=CARTESIAN_POINT('',(0.,-10.,-34.));
#4462=CARTESIAN_POINT('',(-7.,-10.,-33.5));
#4463=CARTESIAN_POINT('Origin',(-6.5,-10.,-33.5));
#4464=CARTESIAN_POINT('',(-7.,-10.,-32.));
#4465=CARTESIAN_POINT('',(-7.,-10.,0.));
#4466=CARTESIAN_POINT('',(-8.,-10.,-33.));
#4467=CARTESIAN_POINT('Origin',(-8.,-10.,-32.));
#4468=CARTESIAN_POINT('',(-13.9619407771256,-10.,-33.));
#4469=CARTESIAN_POINT('',(0.,-10.,-33.));
#4470=CARTESIAN_POINT('',(-14.6690475583122,-10.,-32.7071067811865));
#4471=CARTESIAN_POINT('Origin',(-13.9619407771256,-10.,-32.));
#4472=CARTESIAN_POINT('',(-17.3241161390704,-10.,-30.0520382004283));
#4473=CARTESIAN_POINT('',(-23.6880771697493,-10.,-23.6880771697494));
#4474=CARTESIAN_POINT('',(-17.3241161390704,-10.,-28.6378246380552));
#4475=CARTESIAN_POINT('Origin',(-16.6170093578838,-10.,-29.3449314192418));
#4476=CARTESIAN_POINT('',(-18.3847763108502,-10.,-29.698484809835));
#4477=CARTESIAN_POINT('',(5.65685424949242,-10.,-5.65685424949242));
#4478=CARTESIAN_POINT('Origin',(-18.7383297014435,-10.,-29.3449314192418));
#4479=CARTESIAN_POINT('Origin',(0.,-7.4,0.));
#4480=CARTESIAN_POINT('',(-23.8766391721158,-1.8,-11.6107106520051));
#4481=CARTESIAN_POINT('',(-24.3272211633335,-1.8,-10.6343222854237));
#4482=CARTESIAN_POINT('Origin',(0.,-1.8,0.));
#4483=CARTESIAN_POINT('',(-24.3272211633335,-7.4,-10.6343222854237));
#4484=CARTESIAN_POINT('',(-24.3272211633335,-7.4,-10.6343222854237));
#4485=CARTESIAN_POINT('',(24.3272211633335,-7.4,-10.6343222854236));
#4486=CARTESIAN_POINT('Origin',(0.,-7.4,0.));
#4487=CARTESIAN_POINT('',(24.3272211633335,-1.8,-10.6343222854237));
#4488=CARTESIAN_POINT('',(24.3272211633335,-7.4,-10.6343222854237));
#4489=CARTESIAN_POINT('',(23.8766391721158,-1.8,-11.6107106520051));
#4490=CARTESIAN_POINT('Origin',(0.,-1.8,0.));
#4491=CARTESIAN_POINT('',(23.8766391721158,-7.4,-11.6107106520051));
#4492=CARTESIAN_POINT('',(-23.8766391721158,-7.4,-11.6107106520051));
#4493=CARTESIAN_POINT('Origin',(0.,-7.4,0.));
#4494=CARTESIAN_POINT('',(9.,-7.4,5.55634918610398));
#4495=CARTESIAN_POINT('',(9.,-7.4,18.6));
#4496=CARTESIAN_POINT('',(9.,-7.4,4.08704483868881E-16));
#4497=CARTESIAN_POINT('',(9.29289321881345,-7.4,4.84924240491743));
#4498=CARTESIAN_POINT('Origin',(10.,-7.4,5.55634918610398));
#4499=CARTESIAN_POINT('',(24.2226347956719,-7.4,-10.080499171941));
#4500=CARTESIAN_POINT('',(7.07106781186544,-7.4,7.07106781186544));
#4501=CARTESIAN_POINT('Origin',(23.8690814050786,-7.4,-10.4340525625343));
#4502=CARTESIAN_POINT('',(-24.2226347956719,-7.4,-10.080499171941));
#4503=CARTESIAN_POINT('Origin',(-23.8690814050786,-7.4,-10.4340525625343));
#4504=CARTESIAN_POINT('',(-12.3492424049174,-7.4,1.79289321881345));
#4505=CARTESIAN_POINT('',(-7.07106781186544,-7.4,7.07106781186544));
#4506=CARTESIAN_POINT('',(-13.056349186104,-7.4,3.5));
#4507=CARTESIAN_POINT('Origin',(-13.056349186104,-7.4,2.5));
#4508=CARTESIAN_POINT('',(-14.5,-7.4,3.5));
#4509=CARTESIAN_POINT('',(0.,-7.4,3.5));
#4510=CARTESIAN_POINT('',(-15.,-7.4,4.));
#4511=CARTESIAN_POINT('Origin',(-14.5,-7.4,4.));
#4512=CARTESIAN_POINT('',(-15.,-7.4,10.));
#4513=CARTESIAN_POINT('',(-15.,-7.4,-1.11517937741366E-14));
#4514=CARTESIAN_POINT('',(-14.5,-7.4,10.5));
#4515=CARTESIAN_POINT('Origin',(-14.5,-7.4,10.));
#4516=CARTESIAN_POINT('',(-10.,-7.4,10.5));
#4517=CARTESIAN_POINT('',(-1.82145964977565E-15,-7.4,10.5));
#4518=CARTESIAN_POINT('',(-9.,-7.4,11.5));
#4519=CARTESIAN_POINT('Origin',(-10.,-7.4,11.5));
#4520=CARTESIAN_POINT('',(-9.,-7.4,18.6));
#4521=CARTESIAN_POINT('',(-9.,-7.4,0.));
#4522=CARTESIAN_POINT('',(-8.5,-7.4,19.1));
#4523=CARTESIAN_POINT('Origin',(-8.5,-7.4,18.6));
#4524=CARTESIAN_POINT('',(8.5,-7.4,19.1));
#4525=CARTESIAN_POINT('',(0.,-7.4,19.1));
#4526=CARTESIAN_POINT('Origin',(8.5,-7.4,18.6));
#4527=CARTESIAN_POINT('Origin',(-5.,-5.,10.5));
#4528=CARTESIAN_POINT('',(-14.5,-5.,10.5));
#4529=CARTESIAN_POINT('',(-14.5,-5.,10.5));
#4530=CARTESIAN_POINT('',(-10.,-5.,10.5));
#4531=CARTESIAN_POINT('',(-5.,-5.,10.5));
#4532=CARTESIAN_POINT('',(-10.,-7.4,10.5));
#4533=CARTESIAN_POINT('Origin',(-5.,-5.,3.5));
#4534=CARTESIAN_POINT('',(-14.5,-5.,3.5));
#4535=CARTESIAN_POINT('',(-13.056349186104,-5.,3.5));
#4536=CARTESIAN_POINT('',(-5.,-5.,3.5));
#4537=CARTESIAN_POINT('',(-14.5,-7.4,3.5));
#4538=CARTESIAN_POINT('',(-13.056349186104,-5.,3.5));
#4539=CARTESIAN_POINT('Origin',(0.,-5.,0.));
#4540=CARTESIAN_POINT('',(-15.,-5.,10.));
#4541=CARTESIAN_POINT('',(-15.,-5.,4.));
#4542=CARTESIAN_POINT('',(-15.,-5.,10.5));
#4543=CARTESIAN_POINT('Origin',(-14.5,-5.,4.));
#4544=CARTESIAN_POINT('',(-12.3492424049174,-5.,1.79289321881345));
#4545=CARTESIAN_POINT('Origin',(-13.056349186104,-5.,2.5));
#4546=CARTESIAN_POINT('',(-9.29289321881345,-5.,4.84924240491742));
#4547=CARTESIAN_POINT('',(-7.07106781186544,-5.,7.07106781186544));
#4548=CARTESIAN_POINT('',(-9.,-5.,5.55634918610397));
#4549=CARTESIAN_POINT('Origin',(-10.,-5.,5.55634918610397));
#4550=CARTESIAN_POINT('',(-9.,-5.,11.5));
#4551=CARTESIAN_POINT('',(-9.,-5.,0.));
#4552=CARTESIAN_POINT('Origin',(-10.,-5.,11.5));
#4553=CARTESIAN_POINT('Origin',(-14.5,-5.,10.));
#4554=CARTESIAN_POINT('Origin',(-24.2152972912954,-55.,15.0289512972191));
#4555=CARTESIAN_POINT('',(-24.2152972912954,-9.5,15.0289512972191));
#4556=CARTESIAN_POINT('',(-24.2152972912954,-2.,15.0289512972191));
#4557=CARTESIAN_POINT('',(-24.2152972912954,-55.,15.0289512972191));
#4558=CARTESIAN_POINT('',(-17.3195415089824,-9.5,26.1396916951718));
#4559=CARTESIAN_POINT('',(-24.2152972912954,-9.5,15.0289512972191));
#4560=CARTESIAN_POINT('',(-17.3195415089824,-47.,26.1396916951718));
#4561=CARTESIAN_POINT('',(-17.3195415089824,-55.,26.1396916951718));
#4562=CARTESIAN_POINT('',(-11.8825549100521,-47.,34.9));
#4563=CARTESIAN_POINT('',(-24.2152972912954,-47.,15.0289512972191));
#4564=CARTESIAN_POINT('',(-11.8825549100521,-55.,34.9));
#4565=CARTESIAN_POINT('',(-11.8825549100521,-55.,34.9));
#4566=CARTESIAN_POINT('',(-11.3746682028471,-55.,35.7183290611596));
#4567=CARTESIAN_POINT('',(-24.2152972912954,-55.,15.0289512972191));
#4568=CARTESIAN_POINT('',(-11.3746682028471,-25.,35.7183290611596));
#4569=CARTESIAN_POINT('',(-11.3746682028471,-25.,35.7183290611596));
#4570=CARTESIAN_POINT('',(-10.6701593770215,-18.1891891891892,36.8534641962947));
#4571=CARTESIAN_POINT('Origin',(-1.1019986535018,-24.2586432407205,52.2700991875725));
#4572=CARTESIAN_POINT('',(-10.133390747821,-13.,37.7183290611596));
#4573=CARTESIAN_POINT('Origin',(-17.9601865998885,-13.5648432436901,25.107456575921));
#4574=CARTESIAN_POINT('',(-10.133390747821,-2.,37.7183290611596));
#4575=CARTESIAN_POINT('',(-10.133390747821,-55.,37.7183290611596));
#4576=CARTESIAN_POINT('',(-24.2152972912954,-2.,15.0289512972191));
#4577=CARTESIAN_POINT('Origin',(0.,-55.,0.));
#4578=CARTESIAN_POINT('',(-7.72881355932204,-47.,27.4320148907301));
#4579=CARTESIAN_POINT('',(-7.72881355932204,-55.,27.4320148907301));
#4580=CARTESIAN_POINT('',(-15.2427995689685,-47.,24.0812595455523));
#4581=CARTESIAN_POINT('Origin',(0.,-47.,0.));
#4582=CARTESIAN_POINT('',(-15.2427995689685,-55.,24.0812595455523));
#4583=CARTESIAN_POINT('Origin',(-7.,0.,0.));
#4584=CARTESIAN_POINT('',(-7.,-13.,36.4));
#4585=CARTESIAN_POINT('',(-7.,0.,36.4));
#4586=CARTESIAN_POINT('',(-7.,-18.1891891891892,35.5351351351351));
#4587=CARTESIAN_POINT('Origin',(-7.,-13.,20.4));
#4588=CARTESIAN_POINT('',(-7.,-25.,34.4));
#4589=CARTESIAN_POINT('Origin',(-7.,-25.,55.4));
#4590=CARTESIAN_POINT('',(-7.,-47.,34.4));
#4591=CARTESIAN_POINT('',(-7.,-7.95659834314695E-15,34.4));
#4592=CARTESIAN_POINT('',(-7.,-47.,28.3945417290014));
#4593=CARTESIAN_POINT('',(-7.,-47.,0.));
#4594=CARTESIAN_POINT('',(-7.,-10.,28.3945417290014));
#4595=CARTESIAN_POINT('Origin',(0.,-55.,0.));
#4596=CARTESIAN_POINT('',(7.,-55.,27.6269795670826));
#4597=CARTESIAN_POINT('',(15.2427995689685,-55.,24.0812595455523));
#4598=CARTESIAN_POINT('Origin',(0.,-55.,0.));
#4599=CARTESIAN_POINT('',(17.3195415089824,-55.,26.1396916951718));
#4600=CARTESIAN_POINT('Origin',(16.0450521778616,-55.,25.3486942584761));
#4601=CARTESIAN_POINT('',(11.3746682028471,-55.,35.7183290611596));
#4602=CARTESIAN_POINT('',(24.2152972912954,-55.,15.0289512972191));
#4603=CARTESIAN_POINT('',(9.25051931764574,-55.,36.9));
#4604=CARTESIAN_POINT('Origin',(9.25051931764574,-55.,34.4));
#4605=CARTESIAN_POINT('',(-9.25051931764574,-55.,36.9));
#4606=CARTESIAN_POINT('',(-20.,-55.,36.9));
#4607=CARTESIAN_POINT('Origin',(-9.25051931764574,-55.,34.4));
#4608=CARTESIAN_POINT('',(6.5,-55.,34.9));
#4609=CARTESIAN_POINT('',(-7.,-55.,34.9));
#4610=CARTESIAN_POINT('',(7.,-55.,34.4));
#4611=CARTESIAN_POINT('Origin',(6.5,-55.,34.4));
#4612=CARTESIAN_POINT('',(7.,-55.,0.));
#4613=CARTESIAN_POINT('Origin',(24.2152972912954,-55.,15.0289512972191));
#4614=CARTESIAN_POINT('',(17.3195415089824,-9.5,26.1396916951718));
#4615=CARTESIAN_POINT('',(17.3195415089824,-10.,26.1396916951718));
#4616=CARTESIAN_POINT('',(24.2152972912954,-9.5,15.0289512972191));
#4617=CARTESIAN_POINT('',(24.2152972912954,-9.5,15.0289512972191));
#4618=CARTESIAN_POINT('',(24.2152972912954,-2.,15.0289512972191));
#4619=CARTESIAN_POINT('',(24.2152972912954,-55.,15.0289512972191));
#4620=CARTESIAN_POINT('',(10.133390747821,-2.,37.7183290611596));
#4621=CARTESIAN_POINT('',(24.2152972912954,-2.,15.0289512972191));
#4622=CARTESIAN_POINT('',(10.133390747821,-13.,37.7183290611596));
#4623=CARTESIAN_POINT('',(10.133390747821,-13.,37.7183290611596));
#4624=CARTESIAN_POINT('',(10.6701593770215,-18.1891891891892,36.8534641962947));
#4625=CARTESIAN_POINT('Origin',(17.9601865981751,-13.5648432440548,25.107456578681));
#4626=CARTESIAN_POINT('',(11.3746682028471,-25.,35.7183290611596));
#4627=CARTESIAN_POINT('Origin',(1.10199864965853,-24.2586432409051,52.2700991937653));
#4628=CARTESIAN_POINT('',(11.3746682028471,-55.,35.7183290611596));
#4629=CARTESIAN_POINT('Origin',(0.,-10.,0.));
#4630=CARTESIAN_POINT('',(28.4416658220183,-9.5,1.82253813914501));
#4631=CARTESIAN_POINT('Origin',(0.,-9.5,0.));
#4632=CARTESIAN_POINT('',(28.4416658220183,-2.,1.82253813914501));
#4633=CARTESIAN_POINT('',(28.4416658220183,-10.,1.82253813914501));
#4634=CARTESIAN_POINT('Origin',(0.,-2.,0.));
#4635=CARTESIAN_POINT('Origin',(0.,-10.,0.));
#4636=CARTESIAN_POINT('',(-28.4416658220183,-9.5,1.82253813914501));
#4637=CARTESIAN_POINT('',(-28.4416658220183,-2.,1.82253813914501));
#4638=CARTESIAN_POINT('',(-28.4416658220183,-10.,1.82253813914501));
#4639=CARTESIAN_POINT('Origin',(0.,-9.5,0.));
#4640=CARTESIAN_POINT('Origin',(0.,-2.,0.));
#4641=CARTESIAN_POINT('Origin',(-128.236984495767,-10.,8.21740880281173));
#4642=CARTESIAN_POINT('',(-31.7569327137911,-9.5,-18.0808726647544));
#4643=CARTESIAN_POINT('',(-31.7569327137911,-2.,-18.0808726647544));
#4644=CARTESIAN_POINT('',(-31.7569327137911,-10.,-18.0808726647544));
#4645=CARTESIAN_POINT('Origin',(-128.236984495767,-9.5,8.21740880281173));
#4646=CARTESIAN_POINT('Origin',(-128.236984495767,-2.,8.21740880281173));
#4647=CARTESIAN_POINT('Origin',(-29.3449314192417,-10.,-18.7383297014436));
#4648=CARTESIAN_POINT('',(-31.1126983722081,-9.5,-20.5060966544099));
#4649=CARTESIAN_POINT('',(-31.1126983722081,-2.,-20.5060966544099));
#4650=CARTESIAN_POINT('',(-31.1126983722081,-10.,-20.5060966544099));
#4651=CARTESIAN_POINT('Origin',(-29.3449314192417,-9.5,-18.7383297014436));
#4652=CARTESIAN_POINT('Origin',(-29.3449314192417,-2.,-18.7383297014436));
#4653=CARTESIAN_POINT('Origin',(-25.809397513309,-10.,-25.809397513309));
#4654=CARTESIAN_POINT('',(-16.3510280736516,-2.,-35.2677669529664));
#4655=CARTESIAN_POINT('',(-16.3510280736516,-9.5,-35.2677669529664));
#4656=CARTESIAN_POINT('',(-16.3510280736516,-10.,-35.2677669529664));
#4657=CARTESIAN_POINT('',(-25.809397513309,-9.5,-25.809397513309));
#4658=CARTESIAN_POINT('',(-16.3510280736516,-2.,-35.2677669529664));
#4659=CARTESIAN_POINT('Origin',(0.,-10.,-36.));
#4660=CARTESIAN_POINT('',(14.5832611206852,-2.,-36.));
#4661=CARTESIAN_POINT('',(14.5832611206852,-9.5,-36.));
#4662=CARTESIAN_POINT('',(14.5832611206852,-10.,-36.));
#4663=CARTESIAN_POINT('',(-14.5832611206852,-9.5,-36.));
#4664=CARTESIAN_POINT('',(-14.5832611206852,-9.5,-36.));
#4665=CARTESIAN_POINT('',(-14.5832611206852,-2.,-36.));
#4666=CARTESIAN_POINT('',(-14.5832611206852,0.,-36.));
#4667=CARTESIAN_POINT('',(0.,-2.,-36.));
#4668=CARTESIAN_POINT('Origin',(25.809397513309,-10.,-25.809397513309));
#4669=CARTESIAN_POINT('',(31.1126983722081,-9.50000000000001,-20.5060966544099));
#4670=CARTESIAN_POINT('',(31.1126983722081,-2.,-20.5060966544099));
#4671=CARTESIAN_POINT('',(31.1126983722081,-10.,-20.5060966544099));
#4672=CARTESIAN_POINT('',(16.3510280736516,-9.5,-35.2677669529664));
#4673=CARTESIAN_POINT('',(16.3510280736516,-9.50000000000001,-35.2677669529664));
#4674=CARTESIAN_POINT('',(16.3510280736516,-2.,-35.2677669529664));
#4675=CARTESIAN_POINT('',(16.3510280736516,-10.,-35.2677669529664));
#4676=CARTESIAN_POINT('',(25.809397513309,-2.,-25.809397513309));
#4677=CARTESIAN_POINT('Origin',(29.3449314192417,-10.,-18.7383297014436));
#4678=CARTESIAN_POINT('',(31.7569327137911,-9.5,-18.0808726647544));
#4679=CARTESIAN_POINT('',(31.7569327137911,-2.,-18.0808726647544));
#4680=CARTESIAN_POINT('',(31.7569327137911,-10.,-18.0808726647544));
#4681=CARTESIAN_POINT('Origin',(29.3449314192417,-9.5,-18.7383297014436));
#4682=CARTESIAN_POINT('Origin',(29.3449314192417,-2.,-18.7383297014436));
#4683=CARTESIAN_POINT('Origin',(128.236984495767,-10.,8.21740880281173));
#4684=CARTESIAN_POINT('Origin',(128.236984495767,-9.5,8.21740880281173));
#4685=CARTESIAN_POINT('Origin',(128.236984495767,-2.,8.21740880281173));
#4686=CARTESIAN_POINT('Origin',(0.,0.,0.));
#4687=CARTESIAN_POINT('',(29.8273316781516,0.,-18.6068382941057));
#4688=CARTESIAN_POINT('',(29.698484809835,0.,-19.0918830920368));
#4689=CARTESIAN_POINT('Origin',(29.3449314192417,0.,-18.7383297014436));
#4690=CARTESIAN_POINT('',(14.9368145112785,0.,-33.8535533905933));
#4691=CARTESIAN_POINT('',(24.3951839509358,0.,-24.3951839509359));
#4692=CARTESIAN_POINT('',(14.5832611206852,0.,-34.));
#4693=CARTESIAN_POINT('Origin',(14.5832611206852,0.,-33.5));
#4694=CARTESIAN_POINT('',(-14.5832611206852,0.,-34.));
#4695=CARTESIAN_POINT('',(0.,0.,-34.));
#4696=CARTESIAN_POINT('',(-14.9368145112785,0.,-33.8535533905933));
#4697=CARTESIAN_POINT('Origin',(-14.5832611206852,0.,-33.5));
#4698=CARTESIAN_POINT('',(-29.698484809835,0.,-19.0918830920368));
#4699=CARTESIAN_POINT('',(-29.698484809835,0.,-19.0918830920368));
#4700=CARTESIAN_POINT('',(-29.8273316781516,0.,-18.6068382941057));
#4701=CARTESIAN_POINT('Origin',(-29.3449314192417,0.,-18.7383297014436));
#4702=CARTESIAN_POINT('',(-26.4457594485433,0.,1.69464072587168));
#4703=CARTESIAN_POINT('Origin',(-128.236984495767,0.,8.21740880281173));
#4704=CARTESIAN_POINT('',(-22.5159781831343,0.,13.9742880482915));
#4705=CARTESIAN_POINT('Origin',(0.,0.,0.));
#4706=CARTESIAN_POINT('',(-8.43407163965996,0.,36.6636658122319));
#4707=CARTESIAN_POINT('',(-8.43407163965995,0.,36.6636658122319));
#4708=CARTESIAN_POINT('',(-8.00924186261969,0.,36.9));
#4709=CARTESIAN_POINT('Origin',(-8.00924186261969,0.,36.4));
#4710=CARTESIAN_POINT('',(8.00924186261969,0.,36.9));
#4711=CARTESIAN_POINT('',(8.00924186261969,0.,36.9));
#4712=CARTESIAN_POINT('',(8.43407163965996,0.,36.6636658122319));
#4713=CARTESIAN_POINT('Origin',(8.00924186261969,0.,36.4));
#4714=CARTESIAN_POINT('',(22.5159781831343,0.,13.9742880482915));
#4715=CARTESIAN_POINT('',(22.5159781831343,0.,13.9742880482915));
#4716=CARTESIAN_POINT('',(26.4457594485433,0.,1.69464072587168));
#4717=CARTESIAN_POINT('Origin',(0.,0.,0.));
#4718=CARTESIAN_POINT('Origin',(128.236984495767,0.,8.21740880281173));
#4719=CARTESIAN_POINT('Origin',(0.,-55.,0.));
#4720=CARTESIAN_POINT('',(7.,-55.,27.6269795670826));
#4721=CARTESIAN_POINT('',(15.2427995689685,-55.,24.0812595455523));
#4722=CARTESIAN_POINT('Origin',(0.,-55.,38.9));
#4723=CARTESIAN_POINT('',(8.00924186261969,-13.,38.9));
#4724=CARTESIAN_POINT('',(8.00924186261969,-2.,38.9));
#4725=CARTESIAN_POINT('',(8.00924186261969,0.,38.9));
#4726=CARTESIAN_POINT('',(-8.00924186261969,-2.,38.9));
#4727=CARTESIAN_POINT('',(-8.00924186261969,-2.,38.9));
#4728=CARTESIAN_POINT('',(-8.00924186261969,-13.,38.9));
#4729=CARTESIAN_POINT('',(-8.00924186261969,-55.,38.9));
#4730=CARTESIAN_POINT('',(-20.,-13.,38.9));
#4731=CARTESIAN_POINT('Origin',(7.,0.,0.));
#4732=CARTESIAN_POINT('',(7.,-18.1891891891892,35.5351351351351));
#4733=CARTESIAN_POINT('',(7.,-13.,36.4));
#4734=CARTESIAN_POINT('Origin',(7.,-13.,20.4));
#4735=CARTESIAN_POINT('',(7.,-10.,36.4));
#4736=CARTESIAN_POINT('',(7.,-25.,34.4));
#4737=CARTESIAN_POINT('',(7.,-25.,34.4));
#4738=CARTESIAN_POINT('Origin',(7.,-25.,55.4));
#4739=CARTESIAN_POINT('Origin',(-7.,-13.,20.4));
#4740=CARTESIAN_POINT('',(-6.5,-18.3513513513513,36.0081081081081));
#4741=CARTESIAN_POINT('',(6.5,-18.3513513513513,36.0081081081081));
#4742=CARTESIAN_POINT('',(-7.,-18.3513513513513,36.0081081081081));
#4743=CARTESIAN_POINT('',(-6.5,-13.,36.9));
#4744=CARTESIAN_POINT('Origin',(-6.5,-13.,20.4));
#4745=CARTESIAN_POINT('',(6.5,-13.,36.9));
#4746=CARTESIAN_POINT('',(-7.,-13.,36.9));
#4747=CARTESIAN_POINT('Origin',(6.5,-13.,20.4));
#4748=CARTESIAN_POINT('Origin',(-7.,0.,36.9));
#4749=CARTESIAN_POINT('',(-6.5,0.,36.9));
#4750=CARTESIAN_POINT('',(6.5,-13.,36.9));
#4751=CARTESIAN_POINT('Origin',(-7.,-8.07224657487874E-15,34.9));
#4752=CARTESIAN_POINT('',(-6.5,-47.,34.9));
#4753=CARTESIAN_POINT('',(-40.,-47.,34.9));
#4754=CARTESIAN_POINT('',(-6.5,-25.,34.9));
#4755=CARTESIAN_POINT('',(-6.5,-8.07224657487874E-15,34.9));
#4756=CARTESIAN_POINT('',(6.5,-25.,34.9));
#4757=CARTESIAN_POINT('',(-7.,-25.,34.9));
#4758=CARTESIAN_POINT('',(6.5,-55.,34.9));
#4759=CARTESIAN_POINT('Origin',(-7.,-25.,55.4));
#4760=CARTESIAN_POINT('Origin',(-6.5,-25.,55.4));
#4761=CARTESIAN_POINT('Origin',(6.5,-25.,55.4));
#4762=CARTESIAN_POINT('Origin',(-20.,-25.,55.4));
#4763=CARTESIAN_POINT('',(-8.54601049182015,-19.,37.9));
#4764=CARTESIAN_POINT('',(8.54601049182015,-19.,37.9));
#4765=CARTESIAN_POINT('',(-20.,-19.,37.9));
#4766=CARTESIAN_POINT('',(-9.25051931764574,-25.,36.9));
#4767=CARTESIAN_POINT('Origin',(1.04937445244304,-24.3533438941384,51.5199641402315));
#4768=CARTESIAN_POINT('',(9.25051931764574,-25.,36.9));
#4769=CARTESIAN_POINT('',(-20.,-25.,36.9));
#4770=CARTESIAN_POINT('Origin',(-1.04937445237571,-24.353343894203,51.5199641400929));
#4771=CARTESIAN_POINT('Origin',(-20.,0.,36.9));
#4772=CARTESIAN_POINT('',(-9.25051931764574,-55.,36.9));
#4773=CARTESIAN_POINT('',(9.25051931764574,0.,36.9));
#4774=CARTESIAN_POINT('Origin',(-20.,-13.,20.4));
#4775=CARTESIAN_POINT('Origin',(-15.8172626575916,-13.6589327702969,24.3536566216112));
#4776=CARTESIAN_POINT('Origin',(15.8172626572748,-13.6589327702598,24.3536566223139));
#4777=CARTESIAN_POINT('Origin',(-40.,-47.,0.));
#4778=CARTESIAN_POINT('Origin',(-8.,-47.,28.3945417290014));
#4779=CARTESIAN_POINT('Origin',(-6.5,-47.,34.4));
#4780=CARTESIAN_POINT('Origin',(-16.0450521778616,-47.,25.3486942584761));
#4781=CARTESIAN_POINT('Origin',(-8.00924186261969,-55.,36.4));
#4782=CARTESIAN_POINT('Origin',(-8.00924186261969,-2.,36.4));
#4783=CARTESIAN_POINT('Origin',(-8.00924186261969,-13.,36.4));
#4784=CARTESIAN_POINT('Ctrl Pts',(-10.133390747821,-13.,37.7183290611596));
#4785=CARTESIAN_POINT('Ctrl Pts',(-9.4,-13.,38.9));
#4786=CARTESIAN_POINT('Ctrl Pts',(-8.00924186261969,-13.,38.9));
#4787=CARTESIAN_POINT('Ctrl Pts',(-10.1333907478278,-14.7622686161758,37.7183290611487));
#4788=CARTESIAN_POINT('Ctrl Pts',(-9.40000000001528,-14.9424244131825,38.8999999999755));
#4789=CARTESIAN_POINT('Ctrl Pts',(-8.00924186262275,-15.0375867559925,38.9));
#4790=CARTESIAN_POINT('Ctrl Pts',(-10.3154245815485,-16.5221273259684,37.425028263678));
#4791=CARTESIAN_POINT('Ctrl Pts',(-9.5930243610036,-16.8941747093796,38.5889907889393));
#4792=CARTESIAN_POINT('Ctrl Pts',(-8.19128459886667,-17.0725080947254,38.5608543675227));
#4793=CARTESIAN_POINT('Ctrl Pts',(-10.6701593770215,-18.1891891891892,36.8534641962947));
#4794=CARTESIAN_POINT('Ctrl Pts',(-9.96321780412823,-18.7301526866093,37.9925190788768));
#4795=CARTESIAN_POINT('Ctrl Pts',(-8.54601049182014,-19.,37.9));
#4796=CARTESIAN_POINT('Origin',(-8.54601049182015,-18.1891891891892,35.5351351351351));
#4797=CARTESIAN_POINT('Ctrl Pts',(-9.25051931764574,-25.,36.9));
#4798=CARTESIAN_POINT('Ctrl Pts',(-10.641277455026,-25.,36.9));
#4799=CARTESIAN_POINT('Ctrl Pts',(-11.3746682028471,-25.,35.7183290611596));
#4800=CARTESIAN_POINT('Ctrl Pts',(-9.25051931764173,-22.9623369797505,36.9));
#4801=CARTESIAN_POINT('Ctrl Pts',(-10.6412774550361,-22.8671871988288,36.899999999992));
#4802=CARTESIAN_POINT('Ctrl Pts',(-11.3746682028482,-22.6870224412809,35.7183290611578));
#4803=CARTESIAN_POINT('Ctrl Pts',(-9.01161275366959,-20.9275934484765,37.2391108176652));
#4804=CARTESIAN_POINT('Ctrl Pts',(-10.4082291623166,-20.7251833069741,37.2754975034333));
#4805=CARTESIAN_POINT('Ctrl Pts',(-11.1357487960811,-20.377207884651,36.1032863578519));
#4806=CARTESIAN_POINT('Ctrl Pts',(-8.54601049182014,-19.,37.9));
#4807=CARTESIAN_POINT('Ctrl Pts',(-9.96321780412823,-18.7301526866093,37.9925190788768));
#4808=CARTESIAN_POINT('Ctrl Pts',(-10.6701593770215,-18.1891891891891,36.8534641962947));
#4809=CARTESIAN_POINT('Origin',(-9.25051931764574,-25.,34.4));
#4810=CARTESIAN_POINT('Origin',(-9.25051931764574,0.,34.4));
#4811=CARTESIAN_POINT('Origin',(8.00924186261969,-55.,36.4));
#4812=CARTESIAN_POINT('Origin',(8.00924186261969,-2.,36.4));
#4813=CARTESIAN_POINT('Origin',(8.00924186261969,-13.,36.4));
#4814=CARTESIAN_POINT('Ctrl Pts',(8.0092418626197,-13.,38.9));
#4815=CARTESIAN_POINT('Ctrl Pts',(9.4,-13.,38.9));
#4816=CARTESIAN_POINT('Ctrl Pts',(10.133390747821,-13.,37.7183290611596));
#4817=CARTESIAN_POINT('Ctrl Pts',(8.00924186262275,-15.0375867559918,38.9));
#4818=CARTESIAN_POINT('Ctrl Pts',(9.40000000001528,-14.942424413182,38.8999999999511));
#4819=CARTESIAN_POINT('Ctrl Pts',(10.1333907478278,-14.7622686161714,37.7183290611487));
#4820=CARTESIAN_POINT('Ctrl Pts',(8.1912845988636,-17.0725080947264,38.5608543675224));
#4821=CARTESIAN_POINT('Ctrl Pts',(9.59302436098884,-16.8941747093803,38.5889907889493));
#4822=CARTESIAN_POINT('Ctrl Pts',(10.3154245815452,-16.5221273259741,37.4250282636833));
#4823=CARTESIAN_POINT('Ctrl Pts',(8.54601049182014,-19.,37.9));
#4824=CARTESIAN_POINT('Ctrl Pts',(9.96321780412823,-18.7301526866093,37.9925190788768));
#4825=CARTESIAN_POINT('Ctrl Pts',(10.6701593770215,-18.1891891891892,36.8534641962947));
#4826=CARTESIAN_POINT('Origin',(8.54601049182014,-18.1891891891892,35.5351351351351));
#4827=CARTESIAN_POINT('Ctrl Pts',(11.3746682028471,-25.,35.7183290611596));
#4828=CARTESIAN_POINT('Ctrl Pts',(10.641277455026,-25.,36.9));
#4829=CARTESIAN_POINT('Ctrl Pts',(9.25051931764574,-25.,36.9));
#4830=CARTESIAN_POINT('Ctrl Pts',(11.374668202846,-22.6870224412741,35.7183290611614));
#4831=CARTESIAN_POINT('Ctrl Pts',(10.6412774550281,-22.867187198821,36.899999999992));
#4832=CARTESIAN_POINT('Ctrl Pts',(9.25051931764173,-22.962336979751,36.9));
#4833=CARTESIAN_POINT('Ctrl Pts',(11.1357487960776,-20.37720788466,36.1032863578576));
#4834=CARTESIAN_POINT('Ctrl Pts',(10.4082291623047,-20.7251833069844,37.2754975034347));
#4835=CARTESIAN_POINT('Ctrl Pts',(9.0116127536709,-20.9275934484759,37.2391108176654));
#4836=CARTESIAN_POINT('Ctrl Pts',(10.6701593770215,-18.1891891891892,36.8534641962947));
#4837=CARTESIAN_POINT('Ctrl Pts',(9.96321780412824,-18.7301526866093,37.9925190788768));
#4838=CARTESIAN_POINT('Ctrl Pts',(8.54601049182014,-19.,37.9));
#4839=CARTESIAN_POINT('Origin',(9.25051931764574,-25.,34.4));
#4840=CARTESIAN_POINT('Origin',(9.25051931764574,-55.,34.4));
#4841=CARTESIAN_POINT('Origin',(14.5832611206852,-10.,-33.5));
#4842=CARTESIAN_POINT('Origin',(14.5832611206852,-9.5,-33.5));
#4843=CARTESIAN_POINT('Origin',(14.5832611206852,-2.,-33.5));
#4844=CARTESIAN_POINT('Origin',(-14.5832611206852,-10.,-33.5));
#4845=CARTESIAN_POINT('Origin',(-14.5832611206852,-9.5,-33.5));
#4846=CARTESIAN_POINT('Origin',(-14.5832611206852,-2.,-33.5));
#4847=CARTESIAN_POINT('Origin',(-24.2152972912954,-2.,15.0289512972191));
#4848=CARTESIAN_POINT('',(-24.2152972912954,-2.,15.0289512972191));
#4849=CARTESIAN_POINT('',(-8.43407163965996,0.,36.6636658122319));
#4850=CARTESIAN_POINT('Origin',(-8.00924186261969,0.,36.4));
#4851=CARTESIAN_POINT('',(-8.00924186261969,0.,36.9));
#4852=CARTESIAN_POINT('Origin',(0.,0.,0.));
#4853=CARTESIAN_POINT('',(-28.4416658220183,-2.,1.82253813914501));
#4854=CARTESIAN_POINT('Origin',(0.,-2.,38.9));
#4855=CARTESIAN_POINT('',(8.00924186261969,0.,36.9));
#4856=CARTESIAN_POINT('Origin',(-128.236984495767,-2.,8.21740880281173));
#4857=CARTESIAN_POINT('',(-31.7569327137911,-2.,-18.0808726647544));
#4858=CARTESIAN_POINT('Origin',(8.00924186261969,0.,36.4));
#4859=CARTESIAN_POINT('',(8.43407163965996,0.,36.6636658122319));
#4860=CARTESIAN_POINT('Origin',(-29.3449314192417,-2.,-18.7383297014436));
#4861=CARTESIAN_POINT('',(-31.1126983722081,-2.,-20.5060966544099));
#4862=CARTESIAN_POINT('Origin',(22.5159781831343,0.,13.9742880482915));
#4863=CARTESIAN_POINT('',(22.5159781831343,0.,13.9742880482915));
#4864=CARTESIAN_POINT('Origin',(-25.809397513309,-2.,-25.809397513309));
#4865=CARTESIAN_POINT('',(-16.3510280736516,-2.,-35.2677669529664));
#4866=CARTESIAN_POINT('Origin',(0.,0.,0.));
#4867=CARTESIAN_POINT('',(26.4457594485433,0.,1.69464072587168));
#4868=CARTESIAN_POINT('Origin',(-14.5832611206852,0.,-33.5));
#4869=CARTESIAN_POINT('',(-14.5832611206852,-2.,-36.));
#4870=CARTESIAN_POINT('Origin',(128.236984495767,0.,8.21740880281173));
#4871=CARTESIAN_POINT('',(29.8273316781516,0.,-18.6068382941057));
#4872=CARTESIAN_POINT('Origin',(0.,0.,-34.));
#4873=CARTESIAN_POINT('',(14.5832611206852,-2.,-36.));
#4874=CARTESIAN_POINT('Origin',(29.3449314192417,0.,-18.7383297014436));
#4875=CARTESIAN_POINT('',(29.698484809835,0.,-19.0918830920368));
#4876=CARTESIAN_POINT('Origin',(14.5832611206852,0.,-33.5));
#4877=CARTESIAN_POINT('',(16.3510280736516,-2.,-35.2677669529664));
#4878=CARTESIAN_POINT('Origin',(24.3951839509358,0.,-24.3951839509359));
#4879=CARTESIAN_POINT('Origin',(-15.,-5.,10.5));
#4880=CARTESIAN_POINT('',(-15.,-5.,4.));
#4881=CARTESIAN_POINT('',(-15.,-7.4,10.));
#4882=CARTESIAN_POINT('Origin',(16.0450521778616,-55.,25.3486942584761));
#4883=CARTESIAN_POINT('Origin',(16.045052177864,-10.9999999999977,25.3486942584764));
#4884=CARTESIAN_POINT('Origin',(-16.0450521778616,-55.,25.3486942584761));
#4885=CARTESIAN_POINT('Origin',(-16.0450521778621,-10.9999999999995,25.3486942584763));
#4886=CARTESIAN_POINT('Origin',(7.07106781186544,-1.8,7.07106781186544));
#4887=CARTESIAN_POINT('',(24.2226347956719,-1.8,-10.080499171941));
#4888=CARTESIAN_POINT('',(9.29289321881345,-1.8,4.84924240491743));
#4889=CARTESIAN_POINT('',(7.07106781186544,-1.8,7.07106781186544));
#4890=CARTESIAN_POINT('',(24.2226347956719,-7.4,-10.080499171941));
#4891=CARTESIAN_POINT('',(9.29289321881345,-1.8,4.84924240491743));
#4892=CARTESIAN_POINT('Origin',(5.65685424949236,-1.8,5.65685424949236));
#4893=CARTESIAN_POINT('',(29.698484809835,-1.8,-18.3847763108503));
#4894=CARTESIAN_POINT('',(24.0688408343235,-1.8,-12.7551323353388));
#4895=CARTESIAN_POINT('',(5.65685424949236,-1.8,5.65685424949236));
#4896=CARTESIAN_POINT('',(29.698484809835,-10.,-18.3847763108503));
#4897=CARTESIAN_POINT('',(24.0688408343235,-1.8,-12.7551323353388));
#4898=CARTESIAN_POINT('Origin',(24.3951839509359,-1.8,-24.3951839509359));
#4899=CARTESIAN_POINT('',(29.698484809835,-1.8,-19.0918830920368));
#4900=CARTESIAN_POINT('',(29.698484809835,-1.8,-19.0918830920368));
#4901=CARTESIAN_POINT('',(24.3951839509359,-1.8,-24.3951839509359));
#4902=CARTESIAN_POINT('Origin',(-5.65685424949242,-1.8,-5.65685424949242));
#4903=CARTESIAN_POINT('',(12.7551323353387,-1.8,-24.0688408343235));
#4904=CARTESIAN_POINT('',(-5.65685424949242,-1.8,-5.65685424949242));
#4905=CARTESIAN_POINT('',(12.7551323353387,-10.,-24.0688408343235));
#4906=CARTESIAN_POINT('',(12.7551323353387,-10.,-24.0688408343235));
#4907=CARTESIAN_POINT('',(14.2083162758265,-10.,-25.5220247748113));
#4908=CARTESIAN_POINT('',(-5.65685424949242,-10.,-5.65685424949242));
#4909=CARTESIAN_POINT('',(14.2083162758265,-17.,-25.5220247748113));
#4910=CARTESIAN_POINT('',(14.2083162758265,-17.,-25.5220247748113));
#4911=CARTESIAN_POINT('',(17.3241161390704,-17.,-28.6378246380552));
#4912=CARTESIAN_POINT('',(-5.65685424949241,-17.,-5.65685424949241));
#4913=CARTESIAN_POINT('',(17.3241161390704,-10.,-28.6378246380552));
#4914=CARTESIAN_POINT('Origin',(7.,-1.8,0.));
#4915=CARTESIAN_POINT('',(7.,-1.8,-33.5));
#4916=CARTESIAN_POINT('',(7.,-1.8,-26.3629000680881));
#4917=CARTESIAN_POINT('',(7.,-1.8,0.));
#4918=CARTESIAN_POINT('',(7.,-10.,-33.5));
#4919=CARTESIAN_POINT('',(7.,-17.,-32.));
#4920=CARTESIAN_POINT('',(7.,-1.8,-32.));
#4921=CARTESIAN_POINT('',(7.,-17.,-28.3945417290014));
#4922=CARTESIAN_POINT('',(7.,-17.,0.));
#4923=CARTESIAN_POINT('',(7.,-10.,-28.3945417290014));
#4924=CARTESIAN_POINT('',(7.,-1.8,-28.3945417290014));
#4925=CARTESIAN_POINT('',(7.,-10.,-26.3629000680881));
#4926=CARTESIAN_POINT('',(7.,-10.,0.));
#4927=CARTESIAN_POINT('',(7.,-1.8,-26.3629000680881));
#4928=CARTESIAN_POINT('Origin',(0.,-1.8,-34.));
#4929=CARTESIAN_POINT('',(6.5,-1.8,-34.));
#4930=CARTESIAN_POINT('',(6.5,-1.8,-34.));
#4931=CARTESIAN_POINT('',(-6.5,-1.8,-34.));
#4932=CARTESIAN_POINT('',(0.,-1.8,-34.));
#4933=CARTESIAN_POINT('',(-6.5,-1.8,-34.));
#4934=CARTESIAN_POINT('Origin',(-7.,-1.8,0.));
#4935=CARTESIAN_POINT('',(-7.,-1.8,-33.5));
#4936=CARTESIAN_POINT('',(-7.,-1.8,-33.5));
#4937=CARTESIAN_POINT('',(-7.,-1.8,-26.3629000680881));
#4938=CARTESIAN_POINT('',(-7.,-1.8,0.));
#4939=CARTESIAN_POINT('',(-7.,-10.,-26.3629000680881));
#4940=CARTESIAN_POINT('',(-7.,-10.,-26.3629000680881));
#4941=CARTESIAN_POINT('',(-7.,-10.,-28.3945417290014));
#4942=CARTESIAN_POINT('',(-7.,-10.,0.));
#4943=CARTESIAN_POINT('',(-7.,-17.,-28.3945417290014));
#4944=CARTESIAN_POINT('',(-7.,-17.,-28.3945417290014));
#4945=CARTESIAN_POINT('',(-7.,-17.,-32.));
#4946=CARTESIAN_POINT('',(-7.,-17.,0.));
#4947=CARTESIAN_POINT('',(-7.,-1.8,-32.));
#4948=CARTESIAN_POINT('Origin',(5.65685424949242,-1.8,-5.65685424949242));
#4949=CARTESIAN_POINT('',(-12.7551323353387,-1.8,-24.0688408343235));
#4950=CARTESIAN_POINT('',(-18.3847763108502,-1.8,-29.698484809835));
#4951=CARTESIAN_POINT('',(5.65685424949242,-1.8,-5.65685424949242));
#4952=CARTESIAN_POINT('',(-18.3847763108502,-10.,-29.698484809835));
#4953=CARTESIAN_POINT('',(-17.3241161390704,-17.,-28.6378246380552));
#4954=CARTESIAN_POINT('',(-17.3241161390704,-1.8,-28.6378246380552));
#4955=CARTESIAN_POINT('',(-14.2083162758265,-17.,-25.5220247748113));
#4956=CARTESIAN_POINT('',(5.65685424949242,-17.,-5.65685424949242));
#4957=CARTESIAN_POINT('',(-14.2083162758265,-10.,-25.5220247748113));
#4958=CARTESIAN_POINT('',(-14.2083162758265,-10.,-25.5220247748113));
#4959=CARTESIAN_POINT('',(-12.7551323353387,-10.,-24.0688408343235));
#4960=CARTESIAN_POINT('',(5.65685424949242,-10.,-5.65685424949242));
#4961=CARTESIAN_POINT('',(-12.7551323353387,-1.8,-24.0688408343235));
#4962=CARTESIAN_POINT('Origin',(-24.3951839509359,-1.8,-24.3951839509359));
#4963=CARTESIAN_POINT('',(-19.0918830920367,-1.8,-29.698484809835));
#4964=CARTESIAN_POINT('',(-19.0918830920367,-1.8,-29.698484809835));
#4965=CARTESIAN_POINT('',(-29.698484809835,-1.8,-19.0918830920368));
#4966=CARTESIAN_POINT('',(-24.3951839509359,-1.8,-24.3951839509359));
#4967=CARTESIAN_POINT('',(-29.698484809835,-10.,-19.0918830920368));
#4968=CARTESIAN_POINT('Origin',(-5.65685424949226,-1.8,5.6568542494923));
#4969=CARTESIAN_POINT('',(-29.698484809835,-1.8,-18.3847763108503));
#4970=CARTESIAN_POINT('',(-29.698484809835,-1.8,-18.3847763108503));
#4971=CARTESIAN_POINT('',(-24.0688408343235,-1.8,-12.7551323353388));
#4972=CARTESIAN_POINT('',(-5.65685424949226,-1.8,5.6568542494923));
#4973=CARTESIAN_POINT('',(-24.0688408343235,-10.,-12.7551323353388));
#4974=CARTESIAN_POINT('Origin',(-7.07106781186544,-1.8,7.07106781186544));
#4975=CARTESIAN_POINT('',(-24.2226347956719,-1.8,-10.080499171941));
#4976=CARTESIAN_POINT('',(-24.2226347956719,-1.8,-10.080499171941));
#4977=CARTESIAN_POINT('',(-9.29289321881345,-1.8,4.84924240491742));
#4978=CARTESIAN_POINT('',(-7.07106781186544,-1.8,7.07106781186544));
#4979=CARTESIAN_POINT('',(-9.29289321881345,-1.8,4.84924240491742));
#4980=CARTESIAN_POINT('',(-12.3492424049174,-7.4,1.79289321881345));
#4981=CARTESIAN_POINT('Origin',(-9.,-1.8,0.));
#4982=CARTESIAN_POINT('',(-9.,-1.8,5.55634918610397));
#4983=CARTESIAN_POINT('',(-9.,-1.8,18.6));
#4984=CARTESIAN_POINT('',(-9.,-1.8,0.));
#4985=CARTESIAN_POINT('',(-9.,-7.4,18.6));
#4986=CARTESIAN_POINT('',(-9.,-5.,11.5));
#4987=CARTESIAN_POINT('',(-9.,-1.8,5.55634918610397));
#4988=CARTESIAN_POINT('Origin',(0.,-1.8,19.1));
#4989=CARTESIAN_POINT('',(-8.5,-1.8,19.1));
#4990=CARTESIAN_POINT('',(-8.5,-1.8,19.1));
#4991=CARTESIAN_POINT('',(8.5,-1.8,19.1));
#4992=CARTESIAN_POINT('',(0.,-1.8,19.1));
#4993=CARTESIAN_POINT('',(8.5,-1.8,19.1));
#4994=CARTESIAN_POINT('Origin',(9.,-1.8,4.08704483868881E-16));
#4995=CARTESIAN_POINT('',(9.,-1.8,18.6));
#4996=CARTESIAN_POINT('',(9.,-1.8,18.6));
#4997=CARTESIAN_POINT('',(9.,-1.8,5.55634918610398));
#4998=CARTESIAN_POINT('',(9.,-1.8,4.08704483868881E-16));
#4999=CARTESIAN_POINT('',(9.,-1.8,5.55634918610398));
#5000=CARTESIAN_POINT('Origin',(0.,-1.8,0.));
#5001=CARTESIAN_POINT('Origin',(-23.8690814050786,-1.8,-10.4340525625343));
#5002=CARTESIAN_POINT('Origin',(-24.77594761551,-1.8,-12.0480255541522));
#5003=CARTESIAN_POINT('Origin',(-29.3449314192417,-1.8,-18.7383297014435));
#5004=CARTESIAN_POINT('Origin',(-18.7383297014435,-1.8,-29.3449314192418));
#5005=CARTESIAN_POINT('Origin',(-12.0480255541521,-1.8,-24.77594761551));
#5006=CARTESIAN_POINT('Origin',(-8.,-1.8,-26.3629000680881));
#5007=CARTESIAN_POINT('Origin',(-6.5,-1.8,-33.5));
#5008=CARTESIAN_POINT('Origin',(6.5,-1.8,-33.5));
#5009=CARTESIAN_POINT('Origin',(8.,-1.8,-26.3629000680881));
#5010=CARTESIAN_POINT('Origin',(12.0480255541521,-1.8,-24.77594761551));
#5011=CARTESIAN_POINT('Origin',(29.3449314192417,-1.8,-18.7383297014436));
#5012=CARTESIAN_POINT('Origin',(24.77594761551,-1.8,-12.0480255541522));
#5013=CARTESIAN_POINT('Origin',(23.8690814050786,-1.8,-10.4340525625343));
#5014=CARTESIAN_POINT('Origin',(10.,-1.8,5.55634918610398));
#5015=CARTESIAN_POINT('Origin',(8.5,-1.8,18.6));
#5016=CARTESIAN_POINT('Origin',(-8.5,-1.8,18.6));
#5017=CARTESIAN_POINT('Origin',(-10.,-1.8,5.55634918610397));
#5018=CARTESIAN_POINT('Origin',(-24.2152972912954,-9.5,15.0289512972191));
#5019=CARTESIAN_POINT('',(-23.7904675142551,-10.,14.7652854849872));
#5020=CARTESIAN_POINT('Origin',(0.,-9.5,0.));
#5021=CARTESIAN_POINT('',(-27.9426892286495,-10.,1.79056378582668));
#5022=CARTESIAN_POINT('Origin',(-128.236984495767,-10.,8.21740880281173));
#5023=CARTESIAN_POINT('',(-31.2745324548812,-10.,-18.2123640720922));
#5024=CARTESIAN_POINT('Origin',(-29.3449314192417,-10.,-18.7383297014436));
#5025=CARTESIAN_POINT('',(-30.7591449816148,-10.,-20.1525432638166));
#5026=CARTESIAN_POINT('Origin',(-25.4558441227157,-10.,-25.4558441227157));
#5027=CARTESIAN_POINT('',(-15.9974746830583,-10.,-34.9142135623731));
#5028=CARTESIAN_POINT('Origin',(-14.5832611206852,-10.,-33.5));
#5029=CARTESIAN_POINT('',(-14.5832611206852,-10.,-35.5));
#5030=CARTESIAN_POINT('Origin',(0.,-9.5,-36.));
#5031=CARTESIAN_POINT('',(14.5832611206852,-10.,-35.5));
#5032=CARTESIAN_POINT('Origin',(14.5832611206852,-10.,-33.5));
#5033=CARTESIAN_POINT('',(15.9974746830583,-10.,-34.9142135623731));
#5034=CARTESIAN_POINT('Origin',(25.809397513309,-9.5,-25.809397513309));
#5035=CARTESIAN_POINT('',(30.7591449816148,-10.,-20.1525432638166));
#5036=CARTESIAN_POINT('Origin',(29.3449314192417,-9.5,-18.7383297014436));
#5037=CARTESIAN_POINT('',(31.2745324548812,-10.,-18.2123640720922));
#5038=CARTESIAN_POINT('Origin',(128.236984495767,-9.5,8.21740880281173));
#5039=CARTESIAN_POINT('',(27.9426892286495,-10.,1.79056378582668));
#5040=CARTESIAN_POINT('Origin',(0.,-9.5,0.));
#5041=CARTESIAN_POINT('',(23.7904675142551,-10.,14.7652854849872));
#5042=CARTESIAN_POINT('Origin',(24.2152972912954,-9.5,15.0289512972191));
#5043=CARTESIAN_POINT('Origin',(-23.6880771697493,-17.,-23.6880771697494));
#5044=CARTESIAN_POINT('',(-14.6690475583122,-17.,-32.7071067811865));
#5045=CARTESIAN_POINT('',(-14.6690475583122,-17.,-32.7071067811865));
#5046=CARTESIAN_POINT('',(-17.3241161390704,-17.,-30.0520382004283));
#5047=CARTESIAN_POINT('',(-23.6880771697493,-17.,-23.6880771697494));
#5048=CARTESIAN_POINT('',(-17.3241161390704,-17.,-30.0520382004283));
#5049=CARTESIAN_POINT('Origin',(0.,-17.,-33.));
#5050=CARTESIAN_POINT('',(-8.,-17.,-33.));
#5051=CARTESIAN_POINT('',(-8.,-17.,-33.));
#5052=CARTESIAN_POINT('',(-13.9619407771256,-17.,-33.));
#5053=CARTESIAN_POINT('',(0.,-17.,-33.));
#5054=CARTESIAN_POINT('',(-13.9619407771256,-17.,-33.));
#5055=CARTESIAN_POINT('Origin',(0.,-17.,0.));
#5056=CARTESIAN_POINT('',(-13.0435413761776,-17.,-25.3400084524047));
#5057=CARTESIAN_POINT('',(-7.72881355932204,-17.,-27.4320148907301));
#5058=CARTESIAN_POINT('Origin',(0.,-17.,0.));
#5059=CARTESIAN_POINT('Origin',(-13.50120949464,-17.,-26.2291315559979));
#5060=CARTESIAN_POINT('Origin',(-16.6170093578838,-17.,-29.3449314192418));
#5061=CARTESIAN_POINT('Origin',(-13.9619407771256,-17.,-32.));
#5062=CARTESIAN_POINT('Origin',(-8.,-17.,-32.));
#5063=CARTESIAN_POINT('Origin',(-8.,-17.,-28.3945417290014));
#5064=CARTESIAN_POINT('Origin',(0.,-17.,-33.));
#5065=CARTESIAN_POINT('',(13.9619407771256,-17.,-33.));
#5066=CARTESIAN_POINT('',(13.9619407771256,-17.,-33.));
#5067=CARTESIAN_POINT('',(8.,-17.,-33.));
#5068=CARTESIAN_POINT('',(0.,-17.,-33.));
#5069=CARTESIAN_POINT('',(8.,-17.,-33.));
#5070=CARTESIAN_POINT('Origin',(23.6880771697493,-17.,-23.6880771697494));
#5071=CARTESIAN_POINT('',(17.3241161390704,-17.,-30.0520382004283));
#5072=CARTESIAN_POINT('',(17.3241161390704,-17.,-30.0520382004283));
#5073=CARTESIAN_POINT('',(14.6690475583122,-17.,-32.7071067811865));
#5074=CARTESIAN_POINT('',(23.6880771697493,-17.,-23.6880771697494));
#5075=CARTESIAN_POINT('',(14.6690475583122,-17.,-32.7071067811865));
#5076=CARTESIAN_POINT('Origin',(0.,-17.,0.));
#5077=CARTESIAN_POINT('',(13.0435413761776,-17.,-25.3400084524047));
#5078=CARTESIAN_POINT('Origin',(13.50120949464,-17.,-26.2291315559979));
#5079=CARTESIAN_POINT('',(7.72881355932204,-17.,-27.4320148907301));
#5080=CARTESIAN_POINT('Origin',(0.,-17.,0.));
#5081=CARTESIAN_POINT('Origin',(8.,-17.,-28.3945417290014));
#5082=CARTESIAN_POINT('Origin',(8.,-17.,-32.));
#5083=CARTESIAN_POINT('Origin',(13.9619407771256,-17.,-32.));
#5084=CARTESIAN_POINT('Origin',(16.6170093578838,-17.,-29.3449314192418));
#5085=CARTESIAN_POINT('Origin',(12.,-13.5,-29.));
#5086=CARTESIAN_POINT('Origin',(-12.,-13.5,-29.));
#5087=CARTESIAN_POINT('Origin',(0.,-10.,0.));
#5088=CARTESIAN_POINT('',(13.0435413761776,-10.,-25.3400084524047));
#5089=CARTESIAN_POINT('',(13.0435413761776,-10.,-25.3400084524047));
#5090=CARTESIAN_POINT('',(7.72881355932204,-10.,-27.4320148907301));
#5091=CARTESIAN_POINT('Origin',(0.,-10.,0.));
#5092=CARTESIAN_POINT('',(7.72881355932204,-10.,-27.4320148907301));
#5093=CARTESIAN_POINT('Origin',(0.,-10.,0.));
#5094=CARTESIAN_POINT('Origin',(8.,-10.,-26.3629000680881));
#5095=CARTESIAN_POINT('Origin',(8.,-10.,-28.3945417290014));
#5096=CARTESIAN_POINT('Origin',(13.50120949464,-10.,-26.2291315559979));
#5097=CARTESIAN_POINT('Origin',(12.0480255541521,-10.,-24.77594761551));
#5098=CARTESIAN_POINT('Origin',(0.,-10.,0.));
#5099=CARTESIAN_POINT('',(-13.0435413761776,-10.,-25.3400084524047));
#5100=CARTESIAN_POINT('',(-7.72881355932204,-10.,-27.4320148907301));
#5101=CARTESIAN_POINT('Origin',(0.,-10.,0.));
#5102=CARTESIAN_POINT('',(-13.0435413761776,-10.,-25.3400084524047));
#5103=CARTESIAN_POINT('',(-7.72881355932204,-10.,-27.4320148907301));
#5104=CARTESIAN_POINT('Origin',(0.,-10.,0.));
#5105=CARTESIAN_POINT('Origin',(-12.0480255541521,-10.,-24.77594761551));
#5106=CARTESIAN_POINT('Origin',(-13.50120949464,-10.,-26.2291315559979));
#5107=CARTESIAN_POINT('Origin',(-8.,-10.,-28.3945417290014));
#5108=CARTESIAN_POINT('Origin',(-8.,-10.,-26.3629000680881));
#5109=CARTESIAN_POINT('Origin',(-13.50120949464,-10.,-26.2291315559979));
#5110=CARTESIAN_POINT('Origin',(-8.,-10.,-28.3945417290014));
#5111=CARTESIAN_POINT('Origin',(13.50120949464,-10.,-26.2291315559979));
#5112=CARTESIAN_POINT('Origin',(8.,-10.,-28.3945417290014));
#5113=CARTESIAN_POINT('Origin',(-8.,-55.,28.3945417290014));
#5114=CARTESIAN_POINT('Origin',(-24.77594761551,-7.4,-12.0480255541522));
#5115=CARTESIAN_POINT('Origin',(16.6170093578838,-1.8,-29.3449314192418));
#5116=CARTESIAN_POINT('Origin',(13.9619407771256,-17.,-32.));
#5117=CARTESIAN_POINT('Origin',(8.,-17.,-32.));
#5118=CARTESIAN_POINT('Origin',(-8.,-1.8,-32.));
#5119=CARTESIAN_POINT('Origin',(-13.9619407771256,-17.,-32.));
#5120=CARTESIAN_POINT('Origin',(-16.6170093578838,-17.,-29.3449314192418));
#5121=CARTESIAN_POINT('Origin',(-12.0480255541521,-7.4,-24.77594761551));
#5122=CARTESIAN_POINT('Origin',(-8.,-7.4,-26.3629000680881));
#5123=CARTESIAN_POINT('Origin',(8.,-7.4,-26.3629000680881));
#5124=CARTESIAN_POINT('Origin',(12.0480255541521,-7.4,-24.77594761551));
#5125=CARTESIAN_POINT('Origin',(24.77594761551,-7.4,-12.0480255541522));
#5126=CARTESIAN_POINT('Origin',(10.,-1.8,5.55634918610398));
#5127=CARTESIAN_POINT('Origin',(-13.056349186104,-1.8,2.5));
#5128=CARTESIAN_POINT('Origin',(-10.,-1.8,5.55634918610397));
#5129=CARTESIAN_POINT('Origin',(-10.,-1.8,11.5));
#5130=CARTESIAN_POINT('Origin',(-6.5,-7.95659834314695E-15,34.4));
#5131=CARTESIAN_POINT('Origin',(-6.5,-25.,34.4));
#5132=CARTESIAN_POINT('Origin',(-6.5,-25.,55.4));
#5133=CARTESIAN_POINT('Origin',(-6.5,-18.1891891891892,35.5351351351351));
#5134=CARTESIAN_POINT('Origin',(-6.5,-13.,20.4));
#5135=CARTESIAN_POINT('Origin',(-6.5,-13.,36.4));
#5136=CARTESIAN_POINT('Origin',(-6.5,0.,36.4));
#5137=CARTESIAN_POINT('Origin',(6.5,-7.95659834314695E-15,34.4));
#5138=CARTESIAN_POINT('Origin',(6.5,-25.,34.4));
#5139=CARTESIAN_POINT('Origin',(6.5,-25.,55.4));
#5140=CARTESIAN_POINT('Origin',(6.5,-18.1891891891892,35.5351351351351));
#5141=CARTESIAN_POINT('Origin',(6.5,-13.,20.4));
#5142=CARTESIAN_POINT('Origin',(6.5,-13.,36.4));
#5143=CARTESIAN_POINT('Origin',(6.5,0.,36.4));
#5144=CARTESIAN_POINT('Origin',(-23.8690814050786,-7.4,-10.4340525625343));
#5145=CARTESIAN_POINT('Origin',(-14.5,-5.,4.));
#5146=CARTESIAN_POINT('Origin',(-14.5,-5.,10.));
#5147=CARTESIAN_POINT('Origin',(-8.5,-1.8,18.6));
#5148=CARTESIAN_POINT('Origin',(8.5,-1.8,18.6));
#5149=CARTESIAN_POINT('Origin',(23.8690814050786,-7.4,-10.4340525625343));
#5150=CARTESIAN_POINT('Origin',(29.3449314192417,-1.8,-18.7383297014436));
#5151=CARTESIAN_POINT('Origin',(6.5,-1.8,-33.5));
#5152=CARTESIAN_POINT('Origin',(-6.5,-1.8,-33.5));
#5153=CARTESIAN_POINT('Origin',(-18.7383297014435,-1.8,-29.3449314192418));
#5154=CARTESIAN_POINT('Origin',(-29.3449314192417,-1.8,-18.7383297014435));
#5155=CARTESIAN_POINT('Origin',(15.0600288425444,-3.,13.4350288425444));
#5156=CARTESIAN_POINT('',(11.8100288425444,-3.,0.));
#5157=CARTESIAN_POINT('Origin',(-11.8100288425444,-3.2,0.));
#5158=CARTESIAN_POINT('',(-11.8100288425444,-3.2,0.));
#5159=CARTESIAN_POINT('',(-11.8100288425444,-3.2,0.));
#5160=CARTESIAN_POINT('Origin',(-15.0600288425444,-3.2,0.));
#5161=CARTESIAN_POINT('',(-15.0600288425444,-3.2,0.));
#5162=CARTESIAN_POINT('',(-15.0600288425444,-3.2,0.));
#5163=CARTESIAN_POINT('Origin',(0.,-3.2,0.));
#5164=CARTESIAN_POINT('Origin',(0.,-3.2,0.));
#5165=CARTESIAN_POINT('Origin',(0.,-3.2,0.));
#5166=CARTESIAN_POINT('',(15.0600288425444,-3.2,0.));
#5167=CARTESIAN_POINT('',(11.8100288425444,-3.2,0.));
#5168=CARTESIAN_POINT('Origin',(0.,-3.2,0.));
#5169=CARTESIAN_POINT('',(11.8100288425444,-3.2,0.));
#5170=CARTESIAN_POINT('',(15.0600288425444,-3.2,0.));
#5171=CARTESIAN_POINT('Origin',(15.0600288425444,-3.2,0.));
#5172=CARTESIAN_POINT('Origin',(11.8100288425444,-3.2,0.));
#5173=CARTESIAN_POINT('Origin',(0.,-4.,0.));
#5174=CARTESIAN_POINT('Origin',(0.,-4.,0.));
#5175=UNCERTAINTY_MEASURE_WITH_UNIT(LENGTH_MEASURE(0.01),#5179,
'DISTANCE_ACCURACY_VALUE',
'Maximum model space distance between geometric entities at asserted c
onnectivities');
#5176=UNCERTAINTY_MEASURE_WITH_UNIT(LENGTH_MEASURE(0.01),#5179,
'DISTANCE_ACCURACY_VALUE',
'Maximum model space distance between geometric entities at asserted c
onnectivities');
#5177=(
GEOMETRIC_REPRESENTATION_CONTEXT(3)
GLOBAL_UNCERTAINTY_ASSIGNED_CONTEXT((#5175))
GLOBAL_UNIT_ASSIGNED_CONTEXT((#5179,#5181,#5182))
REPRESENTATION_CONTEXT('','3D')
);
#5178=(
GEOMETRIC_REPRESENTATION_CONTEXT(3)
GLOBAL_UNCERTAINTY_ASSIGNED_CONTEXT((#5176))
GLOBAL_UNIT_ASSIGNED_CONTEXT((#5179,#5181,#5182))
REPRESENTATION_CONTEXT('','3D')
);
#5179=(
LENGTH_UNIT()
NAMED_UNIT(*)
SI_UNIT(.MILLI.,.METRE.)
);
#5180=(
LENGTH_UNIT()
NAMED_UNIT(*)
SI_UNIT($,.METRE.)
);
#5181=(
NAMED_UNIT(*)
PLANE_ANGLE_UNIT()
SI_UNIT($,.RADIAN.)
);
#5182=(
NAMED_UNIT(*)
SI_UNIT($,.STERADIAN.)
SOLID_ANGLE_UNIT()
);
#5183=SHAPE_DEFINITION_REPRESENTATION(#5184,#5185);
#5184=PRODUCT_DEFINITION_SHAPE('',$,#5187);
#5185=SHAPE_REPRESENTATION('',(#2963),#5177);
#5186=PRODUCT_DEFINITION_CONTEXT('part definition',#5191,'design');
#5187=PRODUCT_DEFINITION('Overmolded Y Split Cable Cover and Lock',
'(Unsaved)',#5188,#5186);
#5188=PRODUCT_DEFINITION_FORMATION('',$,#5193);
#5189=PRODUCT_RELATED_PRODUCT_CATEGORY('(Unsaved)','(Unsaved)',(#5193));
#5190=APPLICATION_PROTOCOL_DEFINITION('international standard',
'automotive_design',2009,#5191);
#5191=APPLICATION_CONTEXT(
'Core Data for Automotive Mechanical Design Process');
#5192=PRODUCT_CONTEXT('part definition',#5191,'mechanical');
#5193=PRODUCT('Overmolded Y Split Cable Cover and Lock','(Unsaved)',
'STEP AP214',(#5192));
#5194=PRESENTATION_STYLE_ASSIGNMENT((#5196));
#5195=PRESENTATION_STYLE_ASSIGNMENT((#5197));
#5196=SURFACE_STYLE_USAGE(.BOTH.,#5198);
#5197=SURFACE_STYLE_USAGE(.BOTH.,#5199);
#5198=SURFACE_SIDE_STYLE('',(#5200));
#5199=SURFACE_SIDE_STYLE('',(#5201));
#5200=SURFACE_STYLE_FILL_AREA(#5202);
#5201=SURFACE_STYLE_FILL_AREA(#5203);
#5202=FILL_AREA_STYLE('Steel - Satin',(#5204));
#5203=FILL_AREA_STYLE('Opaque(202,209,238)',(#5205));
#5204=FILL_AREA_STYLE_COLOUR('Steel - Satin',#5206);
#5205=FILL_AREA_STYLE_COLOUR('Opaque(202,209,238)',#5207);
#5206=COLOUR_RGB('Steel - Satin',0.627450980392157,0.627450980392157,0.627450980392157);
#5207=COLOUR_RGB('Opaque(202,209,238)',0.792156862745098,0.819607843137255,
0.933333333333333);
ENDSEC;
END-ISO-10303-21;
