ISO-10303-21;
HEADER;
/* Generated by software containing ST-Developer
 * from STEP Tools, Inc. (www.steptools.com) 
 */

FILE_DESCRIPTION(
/* description */ (''),
/* implementation_level */ '2;1');

FILE_NAME(
/* name */ '103107021_02 - link_4 Cable Shroud Left.step',
/* time_stamp */ '2025-06-26T15:39:53-05:00',
/* author */ (''),
/* organization */ (''),
/* preprocessor_version */ 'ST-DEVELOPER v20.1',
/* originating_system */ 'Autodesk Translation Framework v14.10.0.0',
/* authorisation */ '');

FILE_SCHEMA (('AUTOMOTIVE_DESIGN { 1 0 10303 214 3 1 1 }'));
ENDSEC;

DATA;
#10=MECHANICAL_DESIGN_GEOMETRIC_PRESENTATION_REPRESENTATION('',(#13),#9187);
#11=SHAPE_REPRESENTATION_RELATIONSHIP('SRR','None',#9194,#12);
#12=ADVANCED_BREP_SHAPE_REPRESENTATION('',(#14),#9186);
#13=STYLED_ITEM('',(#9204),#14);
#14=MANIFOLD_SOLID_BREP('Body1',#2503);
#15=CONICAL_SURFACE('',#2806,8.00000000002175,0.785398163397447);
#16=CONICAL_SURFACE('',#2837,3.99999999999134,1.04719755119566);
#17=ELLIPSE('',#2660,1.93185165257813,0.5);
#18=ELLIPSE('',#2662,1.93185165257813,0.5);
#19=ELLIPSE('',#2684,15.2069063257456,11.);
#20=ELLIPSE('',#2687,4.60977222864645,3.);
#21=ELLIPSE('',#2691,4.60977222864646,3.);
#22=ELLIPSE('',#2695,4.60977222864646,3.00000000000001);
#23=ELLIPSE('',#2763,4.94974746830585,3.50000000000001);
#24=ELLIPSE('',#2765,1.11803398874989,1.);
#25=ELLIPSE('',#2766,0.707106781186549,0.5);
#26=ELLIPSE('',#2767,4.94974746830584,3.5);
#27=ELLIPSE('',#2768,4.60977222864646,3.);
#28=ELLIPSE('',#2771,4.94974746830584,3.5);
#29=ELLIPSE('',#2773,0.707106781186548,0.5);
#30=ELLIPSE('',#2774,1.11803398874989,1.);
#31=ELLIPSE('',#2775,4.94974746830584,3.5);
#32=ELLIPSE('',#2776,4.60977222864646,3.);
#33=ELLIPSE('',#2785,4.94974746830584,3.5);
#34=ELLIPSE('',#2787,14.8492424049175,10.5);
#35=ELLIPSE('',#2793,15.2069063257455,11.);
#36=ELLIPSE('',#2794,14.8492424049175,10.5);
#37=ELLIPSE('',#2795,4.94974746830583,3.5);
#38=ELLIPSE('',#2796,4.60977222864644,3.);
#39=ELLIPSE('',#2836,2.23606797750375,1.);
#40=SPHERICAL_SURFACE('',#2578,0.499999999999998);
#41=SPHERICAL_SURFACE('',#2582,0.499999999999998);
#42=SPHERICAL_SURFACE('',#2586,0.499999999999998);
#43=SPHERICAL_SURFACE('',#2591,0.500000000000003);
#44=SPHERICAL_SURFACE('',#2672,0.5);
#45=SPHERICAL_SURFACE('',#2674,0.5);
#46=SPHERICAL_SURFACE('',#2751,0.5);
#47=SPHERICAL_SURFACE('',#2755,0.5);
#48=CYLINDRICAL_SURFACE('',#2560,1.625);
#49=CYLINDRICAL_SURFACE('',#2566,1.625);
#50=CYLINDRICAL_SURFACE('',#2572,1.625);
#51=CYLINDRICAL_SURFACE('',#2590,0.5);
#52=CYLINDRICAL_SURFACE('',#2595,0.5);
#53=CYLINDRICAL_SURFACE('',#2596,0.5);
#54=CYLINDRICAL_SURFACE('',#2598,0.5);
#55=CYLINDRICAL_SURFACE('',#2609,0.5);
#56=CYLINDRICAL_SURFACE('',#2644,0.5);
#57=CYLINDRICAL_SURFACE('',#2645,0.5);
#58=CYLINDRICAL_SURFACE('',#2647,0.5);
#59=CYLINDRICAL_SURFACE('',#2652,0.5);
#60=CYLINDRICAL_SURFACE('',#2653,0.5);
#61=CYLINDRICAL_SURFACE('',#2659,0.5);
#62=CYLINDRICAL_SURFACE('',#2661,0.5);
#63=CYLINDRICAL_SURFACE('',#2668,0.5);
#64=CYLINDRICAL_SURFACE('',#2669,0.5);
#65=CYLINDRICAL_SURFACE('',#2676,1.);
#66=CYLINDRICAL_SURFACE('',#2679,3.99999999999134);
#67=CYLINDRICAL_SURFACE('',#2681,3.);
#68=CYLINDRICAL_SURFACE('',#2683,11.);
#69=CYLINDRICAL_SURFACE('',#2686,3.);
#70=CYLINDRICAL_SURFACE('',#2689,3.);
#71=CYLINDRICAL_SURFACE('',#2692,3.);
#72=CYLINDRICAL_SURFACE('',#2694,3.00000000000001);
#73=CYLINDRICAL_SURFACE('',#2698,0.5);
#74=CYLINDRICAL_SURFACE('',#2714,3.);
#75=CYLINDRICAL_SURFACE('',#2718,3.);
#76=CYLINDRICAL_SURFACE('',#2761,0.5);
#77=CYLINDRICAL_SURFACE('',#2769,0.5);
#78=CYLINDRICAL_SURFACE('',#2777,0.5);
#79=CYLINDRICAL_SURFACE('',#2778,0.5);
#80=CYLINDRICAL_SURFACE('',#2783,0.5);
#81=CYLINDRICAL_SURFACE('',#2789,0.5);
#82=CYLINDRICAL_SURFACE('',#2803,2.);
#83=CYLINDRICAL_SURFACE('',#2814,3.);
#84=CYLINDRICAL_SURFACE('',#2816,1.);
#85=CYLINDRICAL_SURFACE('',#2818,3.);
#86=CYLINDRICAL_SURFACE('',#2819,3.);
#87=CYLINDRICAL_SURFACE('',#2820,11.);
#88=CYLINDRICAL_SURFACE('',#2821,3.);
#89=CYLINDRICAL_SURFACE('',#2822,3.);
#90=CYLINDRICAL_SURFACE('',#2823,3.);
#91=CYLINDRICAL_SURFACE('',#2826,1.);
#92=CYLINDRICAL_SURFACE('',#2832,2.);
#93=CYLINDRICAL_SURFACE('',#2835,1.);
#94=CYLINDRICAL_SURFACE('',#2842,1.);
#95=CYLINDRICAL_SURFACE('',#2847,3.);
#96=CYLINDRICAL_SURFACE('',#2848,11.);
#97=FACE_BOUND('',#504,.T.);
#98=FACE_BOUND('',#505,.T.);
#99=FACE_BOUND('',#506,.T.);
#100=FACE_BOUND('',#619,.T.);
#101=FACE_BOUND('',#643,.T.);
#102=FACE_BOUND('',#645,.T.);
#103=LINE('',#7261,#184);
#104=LINE('',#7263,#185);
#105=LINE('',#7271,#186);
#106=LINE('',#7295,#187);
#107=LINE('',#7297,#188);
#108=LINE('',#7299,#189);
#109=LINE('',#7302,#190);
#110=LINE('',#7309,#191);
#111=LINE('',#7319,#192);
#112=LINE('',#7329,#193);
#113=LINE('',#7368,#194);
#114=LINE('',#7376,#195);
#115=LINE('',#7381,#196);
#116=LINE('',#7382,#197);
#117=LINE('',#7386,#198);
#118=LINE('',#7402,#199);
#119=LINE('',#7448,#200);
#120=LINE('',#7453,#201);
#121=LINE('',#7454,#202);
#122=LINE('',#7458,#203);
#123=LINE('',#7464,#204);
#124=LINE('',#7469,#205);
#125=LINE('',#7470,#206);
#126=LINE('',#7480,#207);
#127=LINE('',#7481,#208);
#128=LINE('',#7486,#209);
#129=LINE('',#7489,#210);
#130=LINE('',#7497,#211);
#131=LINE('',#7498,#212);
#132=LINE('',#7500,#213);
#133=LINE('',#7504,#214);
#134=LINE('',#7506,#215);
#135=LINE('',#7513,#216);
#136=LINE('',#7516,#217);
#137=LINE('',#7518,#218);
#138=LINE('',#7521,#219);
#139=LINE('',#7525,#220);
#140=LINE('',#7533,#221);
#141=LINE('',#7536,#222);
#142=LINE('',#7548,#223);
#143=LINE('',#7551,#224);
#144=LINE('',#7552,#225);
#145=LINE('',#7555,#226);
#146=LINE('',#7559,#227);
#147=LINE('',#7563,#228);
#148=LINE('',#7566,#229);
#149=LINE('',#7570,#230);
#150=LINE('',#7573,#231);
#151=LINE('',#7575,#232);
#152=LINE('',#7577,#233);
#153=LINE('',#7579,#234);
#154=LINE('',#7582,#235);
#155=LINE('',#7583,#236);
#156=LINE('',#7585,#237);
#157=LINE('',#7588,#238);
#158=LINE('',#8696,#239);
#159=LINE('',#8778,#240);
#160=LINE('',#8863,#241);
#161=LINE('',#8869,#242);
#162=LINE('',#8955,#243);
#163=LINE('',#9110,#244);
#164=LINE('',#9113,#245);
#165=LINE('',#9117,#246);
#166=LINE('',#9121,#247);
#167=LINE('',#9126,#248);
#168=LINE('',#9129,#249);
#169=LINE('',#9132,#250);
#170=LINE('',#9136,#251);
#171=LINE('',#9138,#252);
#172=LINE('',#9140,#253);
#173=LINE('',#9142,#254);
#174=LINE('',#9144,#255);
#175=LINE('',#9146,#256);
#176=LINE('',#9160,#257);
#177=LINE('',#9163,#258);
#178=LINE('',#9165,#259);
#179=LINE('',#9168,#260);
#180=LINE('',#9173,#261);
#181=LINE('',#9174,#262);
#182=LINE('',#9180,#263);
#183=LINE('',#9181,#264);
#184=VECTOR('',#2904,10.);
#185=VECTOR('',#2905,10.);
#186=VECTOR('',#2912,10.);
#187=VECTOR('',#2935,9.99999999999999);
#188=VECTOR('',#2936,10.);
#189=VECTOR('',#2937,10.);
#190=VECTOR('',#2940,10.);
#191=VECTOR('',#2947,1.625);
#192=VECTOR('',#2960,1.625);
#193=VECTOR('',#2973,1.625);
#194=VECTOR('',#3010,10.);
#195=VECTOR('',#3021,10.);
#196=VECTOR('',#3026,10.);
#197=VECTOR('',#3027,10.);
#198=VECTOR('',#3032,10.);
#199=VECTOR('',#3055,10.);
#200=VECTOR('',#3124,9.99999999999999);
#201=VECTOR('',#3129,10.);
#202=VECTOR('',#3130,10.);
#203=VECTOR('',#3135,10.);
#204=VECTOR('',#3144,10.);
#205=VECTOR('',#3149,10.);
#206=VECTOR('',#3150,10.);
#207=VECTOR('',#3163,10.);
#208=VECTOR('',#3164,10.);
#209=VECTOR('',#3169,10.);
#210=VECTOR('',#3172,10.);
#211=VECTOR('',#3183,10.);
#212=VECTOR('',#3184,10.);
#213=VECTOR('',#3187,10.);
#214=VECTOR('',#3190,10.);
#215=VECTOR('',#3193,10.);
#216=VECTOR('',#3204,10.);
#217=VECTOR('',#3207,10.);
#218=VECTOR('',#3210,10.);
#219=VECTOR('',#3213,10.);
#220=VECTOR('',#3218,10.);
#221=VECTOR('',#3221,10.);
#222=VECTOR('',#3224,10.);
#223=VECTOR('',#3231,10.);
#224=VECTOR('',#3236,10.);
#225=VECTOR('',#3237,10.);
#226=VECTOR('',#3240,10.);
#227=VECTOR('',#3243,10.);
#228=VECTOR('',#3248,10.);
#229=VECTOR('',#3253,10.);
#230=VECTOR('',#3256,10.);
#231=VECTOR('',#3261,10.);
#232=VECTOR('',#3264,10.);
#233=VECTOR('',#3267,9.99999999999999);
#234=VECTOR('',#3268,10.);
#235=VECTOR('',#3271,10.);
#236=VECTOR('',#3272,10.);
#237=VECTOR('',#3273,10.);
#238=VECTOR('',#3276,10.);
#239=VECTOR('',#3397,10.);
#240=VECTOR('',#3414,10.);
#241=VECTOR('',#3435,10.);
#242=VECTOR('',#3444,10.);
#243=VECTOR('',#3457,9.99999999999999);
#244=VECTOR('',#3486,10.);
#245=VECTOR('',#3491,10.);
#246=VECTOR('',#3496,10.);
#247=VECTOR('',#3503,10.);
#248=VECTOR('',#3510,10.);
#249=VECTOR('',#3513,10.);
#250=VECTOR('',#3516,10.);
#251=VECTOR('',#3523,10.);
#252=VECTOR('',#3526,10.);
#253=VECTOR('',#3529,10.);
#254=VECTOR('',#3532,10.);
#255=VECTOR('',#3535,10.);
#256=VECTOR('',#3538,10.);
#257=VECTOR('',#3563,10.);
#258=VECTOR('',#3566,10.);
#259=VECTOR('',#3569,10.);
#260=VECTOR('',#3572,10.);
#261=VECTOR('',#3581,10.);
#262=VECTOR('',#3582,10.);
#263=VECTOR('',#3593,10.);
#264=VECTOR('',#3594,10.);
#265=PLANE('',#2542);
#266=PLANE('',#2678);
#267=PLANE('',#2688);
#268=PLANE('',#2697);
#269=PLANE('',#2699);
#270=PLANE('',#2702);
#271=PLANE('',#2703);
#272=PLANE('',#2805);
#273=PLANE('',#2810);
#274=PLANE('',#2811);
#275=PLANE('',#2824);
#276=PLANE('',#2825);
#277=PLANE('',#2839);
#278=PLANE('',#2843);
#279=PLANE('',#2844);
#280=PLANE('',#2845);
#281=PLANE('',#2846);
#282=PLANE('',#2849);
#283=TOROIDAL_SURFACE('',#2537,2.125,0.5);
#284=TOROIDAL_SURFACE('',#2562,2.125,0.5);
#285=TOROIDAL_SURFACE('',#2568,2.125,0.5);
#286=TOROIDAL_SURFACE('',#2574,1.5,0.5);
#287=TOROIDAL_SURFACE('',#2600,3.50000000000001,0.5);
#288=TOROIDAL_SURFACE('',#2603,2.5,0.5);
#289=TOROIDAL_SURFACE('',#2606,3.5,0.5);
#290=TOROIDAL_SURFACE('',#2611,3.5,0.5);
#291=TOROIDAL_SURFACE('',#2614,10.5,0.5);
#292=TOROIDAL_SURFACE('',#2617,3.5,0.5);
#293=TOROIDAL_SURFACE('',#2620,2.5,0.5);
#294=TOROIDAL_SURFACE('',#2623,3.5,0.5);
#295=TOROIDAL_SURFACE('',#2626,10.5,0.5);
#296=TOROIDAL_SURFACE('',#2629,3.5,0.5);
#297=TOROIDAL_SURFACE('',#2632,2.5,0.5);
#298=TOROIDAL_SURFACE('',#2635,3.5,0.5);
#299=TOROIDAL_SURFACE('',#2638,10.5,0.5);
#300=TOROIDAL_SURFACE('',#2641,3.5,0.5);
#301=TOROIDAL_SURFACE('',#2649,4.49999999999134,0.5);
#302=TOROIDAL_SURFACE('',#2655,1.5,0.5);
#303=TOROIDAL_SURFACE('',#2664,1.5,0.5);
#304=TOROIDAL_SURFACE('',#2704,3.5,0.5);
#305=TOROIDAL_SURFACE('',#2707,2.5,0.5);
#306=TOROIDAL_SURFACE('',#2710,3.50000000000001,0.5);
#307=TOROIDAL_SURFACE('',#2720,3.5,0.5);
#308=TOROIDAL_SURFACE('',#2725,2.5,0.5);
#309=TOROIDAL_SURFACE('',#2729,3.5,0.5);
#310=TOROIDAL_SURFACE('',#2734,3.5,0.5);
#311=TOROIDAL_SURFACE('',#2738,2.5,0.5);
#312=TOROIDAL_SURFACE('',#2742,3.5,0.5);
#313=TOROIDAL_SURFACE('',#2759,3.5,0.5);
#314=TOROIDAL_SURFACE('',#2780,5.79289321883522,0.5);
#315=TOROIDAL_SURFACE('',#2797,10.5,0.5);
#316=TOROIDAL_SURFACE('',#2800,10.5,0.5);
#317=TOROIDAL_SURFACE('',#2828,10.8284271247679,2.);
#318=TOROIDAL_SURFACE('',#2830,10.8284271247679,2.);
#319=TOROIDAL_SURFACE('',#2834,10.8284271247679,2.);
#320=TOROIDAL_SURFACE('',#2840,2.99999999999134,1.);
#321=FACE_OUTER_BOUND('',#482,.T.);
#322=FACE_OUTER_BOUND('',#483,.T.);
#323=FACE_OUTER_BOUND('',#484,.T.);
#324=FACE_OUTER_BOUND('',#485,.T.);
#325=FACE_OUTER_BOUND('',#486,.T.);
#326=FACE_OUTER_BOUND('',#487,.T.);
#327=FACE_OUTER_BOUND('',#488,.T.);
#328=FACE_OUTER_BOUND('',#489,.T.);
#329=FACE_OUTER_BOUND('',#490,.T.);
#330=FACE_OUTER_BOUND('',#491,.T.);
#331=FACE_OUTER_BOUND('',#492,.T.);
#332=FACE_OUTER_BOUND('',#493,.T.);
#333=FACE_OUTER_BOUND('',#494,.T.);
#334=FACE_OUTER_BOUND('',#495,.T.);
#335=FACE_OUTER_BOUND('',#496,.T.);
#336=FACE_OUTER_BOUND('',#497,.T.);
#337=FACE_OUTER_BOUND('',#498,.T.);
#338=FACE_OUTER_BOUND('',#499,.T.);
#339=FACE_OUTER_BOUND('',#500,.T.);
#340=FACE_OUTER_BOUND('',#501,.T.);
#341=FACE_OUTER_BOUND('',#502,.T.);
#342=FACE_OUTER_BOUND('',#503,.T.);
#343=FACE_OUTER_BOUND('',#507,.T.);
#344=FACE_OUTER_BOUND('',#508,.T.);
#345=FACE_OUTER_BOUND('',#509,.T.);
#346=FACE_OUTER_BOUND('',#510,.T.);
#347=FACE_OUTER_BOUND('',#511,.T.);
#348=FACE_OUTER_BOUND('',#512,.T.);
#349=FACE_OUTER_BOUND('',#513,.T.);
#350=FACE_OUTER_BOUND('',#514,.T.);
#351=FACE_OUTER_BOUND('',#515,.T.);
#352=FACE_OUTER_BOUND('',#516,.T.);
#353=FACE_OUTER_BOUND('',#517,.T.);
#354=FACE_OUTER_BOUND('',#518,.T.);
#355=FACE_OUTER_BOUND('',#519,.T.);
#356=FACE_OUTER_BOUND('',#520,.T.);
#357=FACE_OUTER_BOUND('',#521,.T.);
#358=FACE_OUTER_BOUND('',#522,.T.);
#359=FACE_OUTER_BOUND('',#523,.T.);
#360=FACE_OUTER_BOUND('',#524,.T.);
#361=FACE_OUTER_BOUND('',#525,.T.);
#362=FACE_OUTER_BOUND('',#526,.T.);
#363=FACE_OUTER_BOUND('',#527,.T.);
#364=FACE_OUTER_BOUND('',#528,.T.);
#365=FACE_OUTER_BOUND('',#529,.T.);
#366=FACE_OUTER_BOUND('',#530,.T.);
#367=FACE_OUTER_BOUND('',#531,.T.);
#368=FACE_OUTER_BOUND('',#532,.T.);
#369=FACE_OUTER_BOUND('',#533,.T.);
#370=FACE_OUTER_BOUND('',#534,.T.);
#371=FACE_OUTER_BOUND('',#535,.T.);
#372=FACE_OUTER_BOUND('',#536,.T.);
#373=FACE_OUTER_BOUND('',#537,.T.);
#374=FACE_OUTER_BOUND('',#538,.T.);
#375=FACE_OUTER_BOUND('',#539,.T.);
#376=FACE_OUTER_BOUND('',#540,.T.);
#377=FACE_OUTER_BOUND('',#541,.T.);
#378=FACE_OUTER_BOUND('',#542,.T.);
#379=FACE_OUTER_BOUND('',#543,.T.);
#380=FACE_OUTER_BOUND('',#544,.T.);
#381=FACE_OUTER_BOUND('',#545,.T.);
#382=FACE_OUTER_BOUND('',#546,.T.);
#383=FACE_OUTER_BOUND('',#547,.T.);
#384=FACE_OUTER_BOUND('',#548,.T.);
#385=FACE_OUTER_BOUND('',#549,.T.);
#386=FACE_OUTER_BOUND('',#550,.T.);
#387=FACE_OUTER_BOUND('',#551,.T.);
#388=FACE_OUTER_BOUND('',#552,.T.);
#389=FACE_OUTER_BOUND('',#553,.T.);
#390=FACE_OUTER_BOUND('',#554,.T.);
#391=FACE_OUTER_BOUND('',#555,.T.);
#392=FACE_OUTER_BOUND('',#556,.T.);
#393=FACE_OUTER_BOUND('',#557,.T.);
#394=FACE_OUTER_BOUND('',#558,.T.);
#395=FACE_OUTER_BOUND('',#559,.T.);
#396=FACE_OUTER_BOUND('',#560,.T.);
#397=FACE_OUTER_BOUND('',#561,.T.);
#398=FACE_OUTER_BOUND('',#562,.T.);
#399=FACE_OUTER_BOUND('',#563,.T.);
#400=FACE_OUTER_BOUND('',#564,.T.);
#401=FACE_OUTER_BOUND('',#565,.T.);
#402=FACE_OUTER_BOUND('',#566,.T.);
#403=FACE_OUTER_BOUND('',#567,.T.);
#404=FACE_OUTER_BOUND('',#568,.T.);
#405=FACE_OUTER_BOUND('',#569,.T.);
#406=FACE_OUTER_BOUND('',#570,.T.);
#407=FACE_OUTER_BOUND('',#571,.T.);
#408=FACE_OUTER_BOUND('',#572,.T.);
#409=FACE_OUTER_BOUND('',#573,.T.);
#410=FACE_OUTER_BOUND('',#574,.T.);
#411=FACE_OUTER_BOUND('',#575,.T.);
#412=FACE_OUTER_BOUND('',#576,.T.);
#413=FACE_OUTER_BOUND('',#577,.T.);
#414=FACE_OUTER_BOUND('',#578,.T.);
#415=FACE_OUTER_BOUND('',#579,.T.);
#416=FACE_OUTER_BOUND('',#580,.T.);
#417=FACE_OUTER_BOUND('',#581,.T.);
#418=FACE_OUTER_BOUND('',#582,.T.);
#419=FACE_OUTER_BOUND('',#583,.T.);
#420=FACE_OUTER_BOUND('',#584,.T.);
#421=FACE_OUTER_BOUND('',#585,.T.);
#422=FACE_OUTER_BOUND('',#586,.T.);
#423=FACE_OUTER_BOUND('',#587,.T.);
#424=FACE_OUTER_BOUND('',#588,.T.);
#425=FACE_OUTER_BOUND('',#589,.T.);
#426=FACE_OUTER_BOUND('',#590,.T.);
#427=FACE_OUTER_BOUND('',#591,.T.);
#428=FACE_OUTER_BOUND('',#592,.T.);
#429=FACE_OUTER_BOUND('',#593,.T.);
#430=FACE_OUTER_BOUND('',#594,.T.);
#431=FACE_OUTER_BOUND('',#595,.T.);
#432=FACE_OUTER_BOUND('',#596,.T.);
#433=FACE_OUTER_BOUND('',#597,.T.);
#434=FACE_OUTER_BOUND('',#598,.T.);
#435=FACE_OUTER_BOUND('',#599,.T.);
#436=FACE_OUTER_BOUND('',#600,.T.);
#437=FACE_OUTER_BOUND('',#601,.T.);
#438=FACE_OUTER_BOUND('',#602,.T.);
#439=FACE_OUTER_BOUND('',#603,.T.);
#440=FACE_OUTER_BOUND('',#604,.T.);
#441=FACE_OUTER_BOUND('',#605,.T.);
#442=FACE_OUTER_BOUND('',#606,.T.);
#443=FACE_OUTER_BOUND('',#607,.T.);
#444=FACE_OUTER_BOUND('',#608,.T.);
#445=FACE_OUTER_BOUND('',#609,.T.);
#446=FACE_OUTER_BOUND('',#610,.T.);
#447=FACE_OUTER_BOUND('',#611,.T.);
#448=FACE_OUTER_BOUND('',#612,.T.);
#449=FACE_OUTER_BOUND('',#613,.T.);
#450=FACE_OUTER_BOUND('',#614,.T.);
#451=FACE_OUTER_BOUND('',#615,.T.);
#452=FACE_OUTER_BOUND('',#616,.T.);
#453=FACE_OUTER_BOUND('',#617,.T.);
#454=FACE_OUTER_BOUND('',#618,.T.);
#455=FACE_OUTER_BOUND('',#620,.T.);
#456=FACE_OUTER_BOUND('',#621,.T.);
#457=FACE_OUTER_BOUND('',#622,.T.);
#458=FACE_OUTER_BOUND('',#623,.T.);
#459=FACE_OUTER_BOUND('',#624,.T.);
#460=FACE_OUTER_BOUND('',#625,.T.);
#461=FACE_OUTER_BOUND('',#626,.T.);
#462=FACE_OUTER_BOUND('',#627,.T.);
#463=FACE_OUTER_BOUND('',#628,.T.);
#464=FACE_OUTER_BOUND('',#629,.T.);
#465=FACE_OUTER_BOUND('',#630,.T.);
#466=FACE_OUTER_BOUND('',#631,.T.);
#467=FACE_OUTER_BOUND('',#632,.T.);
#468=FACE_OUTER_BOUND('',#633,.T.);
#469=FACE_OUTER_BOUND('',#634,.T.);
#470=FACE_OUTER_BOUND('',#635,.T.);
#471=FACE_OUTER_BOUND('',#636,.T.);
#472=FACE_OUTER_BOUND('',#637,.T.);
#473=FACE_OUTER_BOUND('',#638,.T.);
#474=FACE_OUTER_BOUND('',#639,.T.);
#475=FACE_OUTER_BOUND('',#640,.T.);
#476=FACE_OUTER_BOUND('',#641,.T.);
#477=FACE_OUTER_BOUND('',#642,.T.);
#478=FACE_OUTER_BOUND('',#644,.T.);
#479=FACE_OUTER_BOUND('',#646,.T.);
#480=FACE_OUTER_BOUND('',#647,.T.);
#481=FACE_OUTER_BOUND('',#648,.T.);
#482=EDGE_LOOP('',(#1532,#1533,#1534,#1535));
#483=EDGE_LOOP('',(#1536,#1537,#1538,#1539));
#484=EDGE_LOOP('',(#1540,#1541,#1542,#1543,#1544));
#485=EDGE_LOOP('',(#1545,#1546,#1547,#1548));
#486=EDGE_LOOP('',(#1549,#1550,#1551,#1552));
#487=EDGE_LOOP('',(#1553,#1554,#1555,#1556));
#488=EDGE_LOOP('',(#1557,#1558,#1559,#1560,#1561));
#489=EDGE_LOOP('',(#1562,#1563,#1564,#1565));
#490=EDGE_LOOP('',(#1566,#1567,#1568,#1569));
#491=EDGE_LOOP('',(#1570,#1571,#1572,#1573));
#492=EDGE_LOOP('',(#1574,#1575,#1576,#1577));
#493=EDGE_LOOP('',(#1578,#1579,#1580,#1581));
#494=EDGE_LOOP('',(#1582,#1583,#1584,#1585,#1586));
#495=EDGE_LOOP('',(#1587,#1588,#1589,#1590));
#496=EDGE_LOOP('',(#1591,#1592,#1593,#1594));
#497=EDGE_LOOP('',(#1595,#1596,#1597,#1598));
#498=EDGE_LOOP('',(#1599,#1600,#1601,#1602,#1603));
#499=EDGE_LOOP('',(#1604,#1605,#1606,#1607));
#500=EDGE_LOOP('',(#1608,#1609,#1610,#1611));
#501=EDGE_LOOP('',(#1612,#1613,#1614,#1615));
#502=EDGE_LOOP('',(#1616,#1617,#1618,#1619,#1620));
#503=EDGE_LOOP('',(#1621,#1622,#1623,#1624,#1625,#1626,#1627,#1628,#1629,
#1630,#1631,#1632,#1633,#1634,#1635,#1636,#1637,#1638,#1639,#1640,#1641,
#1642));
#504=EDGE_LOOP('',(#1643));
#505=EDGE_LOOP('',(#1644));
#506=EDGE_LOOP('',(#1645));
#507=EDGE_LOOP('',(#1646,#1647,#1648,#1649,#1650));
#508=EDGE_LOOP('',(#1651,#1652,#1653,#1654,#1655));
#509=EDGE_LOOP('',(#1656,#1657,#1658,#1659,#1660));
#510=EDGE_LOOP('',(#1661,#1662,#1663,#1664,#1665));
#511=EDGE_LOOP('',(#1666,#1667,#1668,#1669,#1670));
#512=EDGE_LOOP('',(#1671,#1672,#1673,#1674));
#513=EDGE_LOOP('',(#1675,#1676,#1677));
#514=EDGE_LOOP('',(#1678,#1679,#1680));
#515=EDGE_LOOP('',(#1681,#1682,#1683));
#516=EDGE_LOOP('',(#1684,#1685,#1686,#1687));
#517=EDGE_LOOP('',(#1688,#1689,#1690));
#518=EDGE_LOOP('',(#1691,#1692,#1693,#1694));
#519=EDGE_LOOP('',(#1695,#1696,#1697,#1698));
#520=EDGE_LOOP('',(#1699,#1700,#1701,#1702));
#521=EDGE_LOOP('',(#1703,#1704,#1705,#1706));
#522=EDGE_LOOP('',(#1707,#1708,#1709,#1710));
#523=EDGE_LOOP('',(#1711,#1712,#1713,#1714));
#524=EDGE_LOOP('',(#1715,#1716,#1717,#1718));
#525=EDGE_LOOP('',(#1719,#1720,#1721,#1722));
#526=EDGE_LOOP('',(#1723,#1724,#1725,#1726));
#527=EDGE_LOOP('',(#1727,#1728,#1729,#1730));
#528=EDGE_LOOP('',(#1731,#1732,#1733,#1734));
#529=EDGE_LOOP('',(#1735,#1736,#1737,#1738));
#530=EDGE_LOOP('',(#1739,#1740,#1741,#1742));
#531=EDGE_LOOP('',(#1743,#1744,#1745,#1746));
#532=EDGE_LOOP('',(#1747,#1748,#1749,#1750));
#533=EDGE_LOOP('',(#1751,#1752,#1753,#1754));
#534=EDGE_LOOP('',(#1755,#1756,#1757,#1758));
#535=EDGE_LOOP('',(#1759,#1760,#1761,#1762));
#536=EDGE_LOOP('',(#1763,#1764,#1765,#1766));
#537=EDGE_LOOP('',(#1767,#1768,#1769,#1770));
#538=EDGE_LOOP('',(#1771,#1772,#1773,#1774));
#539=EDGE_LOOP('',(#1775,#1776,#1777,#1778));
#540=EDGE_LOOP('',(#1779,#1780,#1781,#1782));
#541=EDGE_LOOP('',(#1783,#1784,#1785,#1786));
#542=EDGE_LOOP('',(#1787,#1788,#1789,#1790));
#543=EDGE_LOOP('',(#1791,#1792,#1793,#1794,#1795));
#544=EDGE_LOOP('',(#1796,#1797,#1798,#1799,#1800));
#545=EDGE_LOOP('',(#1801,#1802,#1803,#1804));
#546=EDGE_LOOP('',(#1805,#1806,#1807,#1808));
#547=EDGE_LOOP('',(#1809,#1810,#1811,#1812,#1813,#1814,#1815,#1816));
#548=EDGE_LOOP('',(#1817,#1818,#1819));
#549=EDGE_LOOP('',(#1820,#1821,#1822));
#550=EDGE_LOOP('',(#1823,#1824,#1825,#1826));
#551=EDGE_LOOP('',(#1827,#1828,#1829,#1830));
#552=EDGE_LOOP('',(#1831,#1832,#1833,#1834));
#553=EDGE_LOOP('',(#1835,#1836,#1837,#1838,#1839));
#554=EDGE_LOOP('',(#1840,#1841,#1842,#1843,#1844,#1845));
#555=EDGE_LOOP('',(#1846,#1847,#1848,#1849,#1850,#1851));
#556=EDGE_LOOP('',(#1852,#1853,#1854,#1855,#1856,#1857));
#557=EDGE_LOOP('',(#1858,#1859,#1860,#1861,#1862,#1863,#1864,#1865));
#558=EDGE_LOOP('',(#1866,#1867,#1868,#1869));
#559=EDGE_LOOP('',(#1870,#1871,#1872,#1873,#1874,#1875,#1876,#1877));
#560=EDGE_LOOP('',(#1878,#1879,#1880,#1881,#1882));
#561=EDGE_LOOP('',(#1883,#1884,#1885,#1886,#1887));
#562=EDGE_LOOP('',(#1888,#1889,#1890,#1891,#1892,#1893,#1894,#1895,#1896,
#1897,#1898,#1899,#1900,#1901,#1902,#1903,#1904,#1905));
#563=EDGE_LOOP('',(#1906,#1907,#1908,#1909,#1910,#1911));
#564=EDGE_LOOP('',(#1912,#1913,#1914,#1915,#1916,#1917));
#565=EDGE_LOOP('',(#1918,#1919,#1920,#1921));
#566=EDGE_LOOP('',(#1922,#1923,#1924,#1925));
#567=EDGE_LOOP('',(#1926,#1927,#1928,#1929));
#568=EDGE_LOOP('',(#1930,#1931,#1932,#1933));
#569=EDGE_LOOP('',(#1934,#1935,#1936,#1937));
#570=EDGE_LOOP('',(#1938,#1939,#1940,#1941));
#571=EDGE_LOOP('',(#1942,#1943,#1944,#1945));
#572=EDGE_LOOP('',(#1946,#1947,#1948,#1949));
#573=EDGE_LOOP('',(#1950,#1951,#1952,#1953));
#574=EDGE_LOOP('',(#1954,#1955,#1956,#1957));
#575=EDGE_LOOP('',(#1958,#1959,#1960,#1961));
#576=EDGE_LOOP('',(#1962,#1963,#1964,#1965));
#577=EDGE_LOOP('',(#1966,#1967,#1968,#1969));
#578=EDGE_LOOP('',(#1970,#1971,#1972,#1973));
#579=EDGE_LOOP('',(#1974,#1975,#1976,#1977));
#580=EDGE_LOOP('',(#1978,#1979,#1980,#1981));
#581=EDGE_LOOP('',(#1982,#1983,#1984,#1985));
#582=EDGE_LOOP('',(#1986,#1987,#1988,#1989));
#583=EDGE_LOOP('',(#1990,#1991,#1992,#1993));
#584=EDGE_LOOP('',(#1994,#1995,#1996,#1997));
#585=EDGE_LOOP('',(#1998,#1999,#2000,#2001));
#586=EDGE_LOOP('',(#2002,#2003,#2004,#2005));
#587=EDGE_LOOP('',(#2006,#2007,#2008,#2009));
#588=EDGE_LOOP('',(#2010,#2011,#2012));
#589=EDGE_LOOP('',(#2013,#2014,#2015));
#590=EDGE_LOOP('',(#2016,#2017,#2018,#2019));
#591=EDGE_LOOP('',(#2020,#2021,#2022,#2023,#2024));
#592=EDGE_LOOP('',(#2025,#2026,#2027,#2028,#2029));
#593=EDGE_LOOP('',(#2030,#2031,#2032,#2033));
#594=EDGE_LOOP('',(#2034,#2035,#2036,#2037));
#595=EDGE_LOOP('',(#2038,#2039,#2040,#2041,#2042));
#596=EDGE_LOOP('',(#2043,#2044,#2045,#2046,#2047));
#597=EDGE_LOOP('',(#2048,#2049,#2050,#2051));
#598=EDGE_LOOP('',(#2052,#2053,#2054,#2055));
#599=EDGE_LOOP('',(#2056,#2057,#2058,#2059,#2060,#2061));
#600=EDGE_LOOP('',(#2062,#2063,#2064,#2065,#2066));
#601=EDGE_LOOP('',(#2067,#2068,#2069,#2070));
#602=EDGE_LOOP('',(#2071,#2072,#2073,#2074,#2075));
#603=EDGE_LOOP('',(#2076,#2077,#2078,#2079,#2080));
#604=EDGE_LOOP('',(#2081,#2082,#2083,#2084));
#605=EDGE_LOOP('',(#2085,#2086,#2087,#2088));
#606=EDGE_LOOP('',(#2089,#2090,#2091,#2092,#2093));
#607=EDGE_LOOP('',(#2094,#2095,#2096,#2097));
#608=EDGE_LOOP('',(#2098,#2099,#2100,#2101));
#609=EDGE_LOOP('',(#2102,#2103,#2104,#2105,#2106));
#610=EDGE_LOOP('',(#2107,#2108,#2109,#2110));
#611=EDGE_LOOP('',(#2111,#2112,#2113,#2114));
#612=EDGE_LOOP('',(#2115,#2116,#2117,#2118));
#613=EDGE_LOOP('',(#2119,#2120,#2121,#2122));
#614=EDGE_LOOP('',(#2123,#2124,#2125));
#615=EDGE_LOOP('',(#2126,#2127,#2128,#2129,#2130,#2131,#2132));
#616=EDGE_LOOP('',(#2133,#2134,#2135,#2136,#2137,#2138,#2139,#2140));
#617=EDGE_LOOP('',(#2141,#2142,#2143,#2144,#2145,#2146,#2147));
#618=EDGE_LOOP('',(#2148,#2149,#2150,#2151,#2152,#2153,#2154,#2155,#2156));
#619=EDGE_LOOP('',(#2157));
#620=EDGE_LOOP('',(#2158,#2159,#2160,#2161,#2162,#2163));
#621=EDGE_LOOP('',(#2164,#2165,#2166,#2167,#2168));
#622=EDGE_LOOP('',(#2169,#2170,#2171,#2172));
#623=EDGE_LOOP('',(#2173,#2174,#2175,#2176,#2177));
#624=EDGE_LOOP('',(#2178,#2179,#2180,#2181));
#625=EDGE_LOOP('',(#2182,#2183,#2184,#2185,#2186));
#626=EDGE_LOOP('',(#2187,#2188,#2189,#2190));
#627=EDGE_LOOP('',(#2191,#2192,#2193,#2194,#2195));
#628=EDGE_LOOP('',(#2196,#2197,#2198,#2199,#2200,#2201));
#629=EDGE_LOOP('',(#2202,#2203,#2204,#2205,#2206,#2207));
#630=EDGE_LOOP('',(#2208,#2209,#2210,#2211,#2212));
#631=EDGE_LOOP('',(#2213,#2214,#2215,#2216,#2217,#2218));
#632=EDGE_LOOP('',(#2219,#2220,#2221,#2222,#2223,#2224,#2225,#2226));
#633=EDGE_LOOP('',(#2227,#2228,#2229,#2230,#2231));
#634=EDGE_LOOP('',(#2232,#2233,#2234,#2235));
#635=EDGE_LOOP('',(#2236,#2237,#2238,#2239));
#636=EDGE_LOOP('',(#2240,#2241,#2242,#2243));
#637=EDGE_LOOP('',(#2244,#2245,#2246,#2247));
#638=EDGE_LOOP('',(#2248,#2249,#2250,#2251));
#639=EDGE_LOOP('',(#2252,#2253,#2254,#2255));
#640=EDGE_LOOP('',(#2256,#2257,#2258,#2259));
#641=EDGE_LOOP('',(#2260,#2261,#2262,#2263));
#642=EDGE_LOOP('',(#2264,#2265,#2266,#2267,#2268,#2269));
#643=EDGE_LOOP('',(#2270));
#644=EDGE_LOOP('',(#2271,#2272,#2273,#2274,#2275,#2276,#2277,#2278));
#645=EDGE_LOOP('',(#2279));
#646=EDGE_LOOP('',(#2280,#2281,#2282,#2283,#2284,#2285));
#647=EDGE_LOOP('',(#2286,#2287,#2288,#2289,#2290));
#648=EDGE_LOOP('',(#2291,#2292,#2293,#2294,#2295));
#649=CIRCLE('',#2517,0.499999999999998);
#650=CIRCLE('',#2518,0.499999999999989);
#651=CIRCLE('',#2519,0.499999999999989);
#652=CIRCLE('',#2520,0.5);
#653=CIRCLE('',#2521,0.5);
#654=CIRCLE('',#2522,0.499999999999999);
#655=CIRCLE('',#2523,0.500000000000003);
#656=CIRCLE('',#2524,0.500000000000003);
#657=CIRCLE('',#2525,0.499999999999998);
#658=CIRCLE('',#2526,0.499999999999998);
#659=CIRCLE('',#2527,0.499999999999999);
#660=CIRCLE('',#2528,0.499999999999989);
#661=CIRCLE('',#2529,0.499999999999989);
#662=CIRCLE('',#2530,0.499999999999997);
#663=CIRCLE('',#2531,0.499999999999997);
#664=CIRCLE('',#2532,0.499999999999999);
#665=CIRCLE('',#2533,0.500000000000002);
#666=CIRCLE('',#2534,0.500000000000002);
#667=CIRCLE('',#2535,0.499999999999989);
#668=CIRCLE('',#2536,0.499999999999989);
#669=CIRCLE('',#2538,1.625);
#670=CIRCLE('',#2539,0.5);
#671=CIRCLE('',#2540,2.125);
#672=CIRCLE('',#2541,1.625);
#673=CIRCLE('',#2543,3.50000000000001);
#674=CIRCLE('',#2544,2.5);
#675=CIRCLE('',#2545,3.5);
#676=CIRCLE('',#2546,3.5);
#677=CIRCLE('',#2547,10.5);
#678=CIRCLE('',#2548,3.5);
#679=CIRCLE('',#2549,2.5);
#680=CIRCLE('',#2550,3.5);
#681=CIRCLE('',#2551,10.5);
#682=CIRCLE('',#2552,3.5);
#683=CIRCLE('',#2553,2.5);
#684=CIRCLE('',#2554,3.5);
#685=CIRCLE('',#2555,10.5);
#686=CIRCLE('',#2556,3.5);
#687=CIRCLE('',#2557,4.49999999999134);
#688=CIRCLE('',#2558,2.125);
#689=CIRCLE('',#2559,2.125);
#690=CIRCLE('',#2561,1.625);
#691=CIRCLE('',#2563,1.625);
#692=CIRCLE('',#2564,0.5);
#693=CIRCLE('',#2565,1.625);
#694=CIRCLE('',#2567,1.625);
#695=CIRCLE('',#2569,1.625);
#696=CIRCLE('',#2570,0.5);
#697=CIRCLE('',#2571,1.625);
#698=CIRCLE('',#2573,1.625);
#699=CIRCLE('',#2575,0.499999999999996);
#700=CIRCLE('',#2576,1.);
#701=CIRCLE('',#2577,0.499999999999997);
#702=CIRCLE('',#2579,0.499999999999997);
#703=CIRCLE('',#2580,0.499999999999998);
#704=CIRCLE('',#2581,0.500000000000003);
#705=CIRCLE('',#2583,0.500000000000002);
#706=CIRCLE('',#2584,0.499999999999998);
#707=CIRCLE('',#2585,0.499999999999997);
#708=CIRCLE('',#2587,0.500000000000003);
#709=CIRCLE('',#2588,0.499999999999998);
#710=CIRCLE('',#2589,0.500000000000001);
#711=CIRCLE('',#2592,0.499999999999998);
#712=CIRCLE('',#2593,0.500000000000003);
#713=CIRCLE('',#2594,0.499999999999997);
#714=CIRCLE('',#2597,0.500000000000002);
#715=CIRCLE('',#2599,0.500000000000044);
#716=CIRCLE('',#2601,0.499999999999998);
#717=CIRCLE('',#2602,3.00000000000001);
#718=CIRCLE('',#2604,0.500000000000002);
#719=CIRCLE('',#2605,3.);
#720=CIRCLE('',#2607,0.5);
#721=CIRCLE('',#2608,3.);
#722=CIRCLE('',#2610,0.499999999999999);
#723=CIRCLE('',#2612,0.5);
#724=CIRCLE('',#2613,3.);
#725=CIRCLE('',#2615,0.500000000000001);
#726=CIRCLE('',#2616,11.);
#727=CIRCLE('',#2618,0.499999999999999);
#728=CIRCLE('',#2619,3.);
#729=CIRCLE('',#2621,0.499999999999999);
#730=CIRCLE('',#2622,3.);
#731=CIRCLE('',#2624,0.499999999999999);
#732=CIRCLE('',#2625,3.);
#733=CIRCLE('',#2627,0.499999999999999);
#734=CIRCLE('',#2628,11.);
#735=CIRCLE('',#2630,0.5);
#736=CIRCLE('',#2631,3.);
#737=CIRCLE('',#2633,0.5);
#738=CIRCLE('',#2634,3.);
#739=CIRCLE('',#2636,0.499999999999998);
#740=CIRCLE('',#2637,3.);
#741=CIRCLE('',#2639,0.500000000000002);
#742=CIRCLE('',#2640,11.);
#743=CIRCLE('',#2642,0.500000000000004);
#744=CIRCLE('',#2643,3.);
#745=CIRCLE('',#2646,0.500000000000004);
#746=CIRCLE('',#2648,0.500000000000003);
#747=CIRCLE('',#2650,0.5);
#748=CIRCLE('',#2651,3.99999999999134);
#749=CIRCLE('',#2654,0.499999999999999);
#750=CIRCLE('',#2656,0.500000000000005);
#751=CIRCLE('',#2657,1.5);
#752=CIRCLE('',#2658,1.);
#753=CIRCLE('',#2663,0.499999999999997);
#754=CIRCLE('',#2665,0.499999999999997);
#755=CIRCLE('',#2666,1.5);
#756=CIRCLE('',#2667,1.);
#757=CIRCLE('',#2670,0.500000000000003);
#758=CIRCLE('',#2671,0.499999999999989);
#759=CIRCLE('',#2673,0.500000000000003);
#760=CIRCLE('',#2675,0.499999999999997);
#761=CIRCLE('',#2677,1.00000000000005);
#762=CIRCLE('',#2680,3.99999999999134);
#763=CIRCLE('',#2682,3.);
#764=CIRCLE('',#2685,11.);
#765=CIRCLE('',#2690,3.);
#766=CIRCLE('',#2693,3.);
#767=CIRCLE('',#2696,3.);
#768=CIRCLE('',#2700,5.79289321883522);
#769=CIRCLE('',#2701,3.5);
#770=CIRCLE('',#2705,0.500000000000002);
#771=CIRCLE('',#2706,3.5);
#772=CIRCLE('',#2708,0.499999999999996);
#773=CIRCLE('',#2709,2.5);
#774=CIRCLE('',#2711,3.50000000000001);
#775=CIRCLE('',#2712,0.499999999999999);
#776=CIRCLE('',#2713,0.5);
#777=CIRCLE('',#2715,3.);
#778=CIRCLE('',#2716,0.5);
#779=CIRCLE('',#2717,0.5);
#780=CIRCLE('',#2719,3.);
#781=CIRCLE('',#2721,0.500000000000001);
#782=CIRCLE('',#2722,3.5);
#783=CIRCLE('',#2723,0.500000000000003);
#784=CIRCLE('',#2724,3.);
#785=CIRCLE('',#2726,0.500000000000003);
#786=CIRCLE('',#2727,3.);
#787=CIRCLE('',#2728,2.5);
#788=CIRCLE('',#2730,0.500000000000003);
#789=CIRCLE('',#2731,3.);
#790=CIRCLE('',#2732,3.5);
#791=CIRCLE('',#2733,0.499999999999997);
#792=CIRCLE('',#2735,0.500000000000001);
#793=CIRCLE('',#2736,3.5);
#794=CIRCLE('',#2737,0.500000000000003);
#795=CIRCLE('',#2739,0.500000000000003);
#796=CIRCLE('',#2740,3.);
#797=CIRCLE('',#2741,2.5);
#798=CIRCLE('',#2743,0.499999999999998);
#799=CIRCLE('',#2744,3.);
#800=CIRCLE('',#2745,3.5);
#801=CIRCLE('',#2746,0.499999999999999);
#802=CIRCLE('',#2747,0.499999999999999);
#803=CIRCLE('',#2748,0.499999999999999);
#804=CIRCLE('',#2749,0.499999999999999);
#805=CIRCLE('',#2750,0.499999999999998);
#806=CIRCLE('',#2752,0.499999999999998);
#807=CIRCLE('',#2753,0.499999999999989);
#808=CIRCLE('',#2754,0.499999999999997);
#809=CIRCLE('',#2756,0.500000000000001);
#810=CIRCLE('',#2757,0.5);
#811=CIRCLE('',#2758,0.5);
#812=CIRCLE('',#2760,3.);
#813=CIRCLE('',#2762,0.5);
#814=CIRCLE('',#2764,0.499999999999995);
#815=CIRCLE('',#2770,0.499999999999989);
#816=CIRCLE('',#2772,0.499999999999993);
#817=CIRCLE('',#2779,0.500000000000001);
#818=CIRCLE('',#2781,0.499999999999982);
#819=CIRCLE('',#2782,6.14644660942849);
#820=CIRCLE('',#2784,0.500000000000001);
#821=CIRCLE('',#2786,0.499999999999999);
#822=CIRCLE('',#2788,0.499999999999999);
#823=CIRCLE('',#2790,0.5);
#824=CIRCLE('',#2791,0.499999999999995);
#825=CIRCLE('',#2792,0.499999999999999);
#826=CIRCLE('',#2798,10.5656854249536);
#827=CIRCLE('',#2799,0.500000000000004);
#828=CIRCLE('',#2801,10.5656854249536);
#829=CIRCLE('',#2802,11.);
#830=CIRCLE('',#2804,2.00000000000001);
#831=CIRCLE('',#2807,9.41421356239484);
#832=CIRCLE('',#2808,9.41421356239484);
#833=CIRCLE('',#2809,9.41421356239484);
#834=CIRCLE('',#2812,10.8284271247679);
#835=CIRCLE('',#2813,10.8284271247679);
#836=CIRCLE('',#2815,3.);
#837=CIRCLE('',#2817,1.);
#838=CIRCLE('',#2827,1.);
#839=CIRCLE('',#2829,10.8284271247679);
#840=CIRCLE('',#2831,10.8284271247679);
#841=CIRCLE('',#2833,2.);
#842=CIRCLE('',#2838,3.49999999999215);
#843=CIRCLE('',#2841,0.999999999999999);
#844=B_SPLINE_CURVE_WITH_KNOTS('',3,(#3674,#3675,#3676,#3677,#3678,#3679,
#3680,#3681,#3682,#3683,#3684,#3685),.UNSPECIFIED.,.F.,.F.,(4,1,1,1,1,1,
1,1,1,4),(0.,0.111111111111111,0.222222222222222,0.333333333333333,0.444444444444444,
0.555555555555556,0.666666666666667,0.777777777777778,0.888888888888889,
1.),.UNSPECIFIED.);
#845=B_SPLINE_CURVE_WITH_KNOTS('',3,(#3687,#3688,#3689,#3690,#3691,#3692),
 .UNSPECIFIED.,.F.,.F.,(4,1,1,4),(0.,0.333333333333333,0.666666666666667,
1.),.UNSPECIFIED.);
#846=B_SPLINE_CURVE_WITH_KNOTS('',3,(#3694,#3695,#3696,#3697,#3698,#3699,
#3700,#3701,#3702,#3703,#3704,#3705,#3706,#3707,#3708,#3709,#3710,#3711,
#3712,#3713,#3714,#3715,#3716,#3717,#3718,#3719,#3720,#3721,#3722,#3723,
#3724,#3725,#3726,#3727,#3728,#3729,#3730,#3731,#3732,#3733,#3734,#3735,
#3736,#3737,#3738,#3739,#3740,#3741,#3742,#3743,#3744,#3745,#3746,#3747,
#3748,#3749,#3750,#3751,#3752,#3753,#3754,#3755,#3756,#3757,#3758,#3759,
#3760,#3761,#3762,#3763,#3764,#3765,#3766,#3767,#3768,#3769,#3770,#3771,
#3772,#3773,#3774,#3775,#3776,#3777,#3778,#3779,#3780,#3781,#3782,#3783,
#3784,#3785,#3786,#3787,#3788,#3789,#3790,#3791,#3792,#3793,#3794,#3795,
#3796,#3797,#3798,#3799),.UNSPECIFIED.,.F.,.F.,(4,3,3,3,3,3,3,3,3,3,3,3,
3,3,3,3,3,3,3,3,3,3,3,3,3,3,3,3,3,3,3,3,3,3,3,4),(0.500000000000002,0.517955466167158,
0.544183830024193,0.555556292012247,0.561148954655984,0.579012370482046,
0.598152954825355,0.61111222423274,0.619395937842018,0.647493267596392,
0.666666485015792,0.671238927579406,0.691786494605693,0.711049838692837,
0.722220383890032,0.729109223774535,0.746752784808851,0.762188614582836,
0.777777773491152,0.778340635517368,0.794833394969505,0.81227525946631,
0.83111435382578,0.83333347003602,0.852723436660472,0.886236424521381,0.888888893909948,
0.889542577495354,0.909774106825328,0.927995324860705,0.944444459119431,
0.945033392815885,0.960923843541818,0.976325239405787,0.991126574702221,
1.),.UNSPECIFIED.);
#847=B_SPLINE_CURVE_WITH_KNOTS('',3,(#3874,#3875,#3876,#3877,#3878,#3879,
#3880,#3881,#3882,#3883,#3884,#3885),.UNSPECIFIED.,.F.,.F.,(4,1,1,1,1,1,
1,1,1,4),(0.,0.111111111111111,0.222222222222222,0.333333333333333,0.444444444444444,
0.555555555555556,0.666666666666667,0.777777777777778,0.888888888888889,
1.),.UNSPECIFIED.);
#848=B_SPLINE_CURVE_WITH_KNOTS('',3,(#3888,#3889,#3890,#3891,#3892,#3893,
#3894,#3895,#3896,#3897,#3898,#3899,#3900,#3901,#3902,#3903,#3904,#3905,
#3906,#3907,#3908,#3909,#3910,#3911,#3912,#3913,#3914,#3915,#3916,#3917,
#3918,#3919,#3920,#3921,#3922,#3923,#3924,#3925,#3926,#3927,#3928,#3929,
#3930,#3931,#3932,#3933,#3934,#3935,#3936,#3937,#3938,#3939,#3940,#3941,
#3942,#3943,#3944,#3945,#3946,#3947,#3948,#3949,#3950,#3951,#3952,#3953,
#3954,#3955,#3956,#3957,#3958,#3959,#3960,#3961,#3962,#3963,#3964,#3965,
#3966,#3967,#3968,#3969,#3970,#3971,#3972,#3973,#3974,#3975,#3976,#3977,
#3978,#3979,#3980,#3981,#3982,#3983,#3984,#3985,#3986,#3987),
 .UNSPECIFIED.,.F.,.F.,(4,3,3,3,3,3,3,3,3,3,3,3,3,3,3,3,3,3,3,3,3,3,3,3,
3,3,3,3,3,3,3,3,3,4),(0.,0.0172650108010372,0.0321031275032689,0.0489979712510009,
0.0555592240362964,0.0666491138121374,0.0853130220556056,0.105465942575378,
0.111111964930141,0.128367305705377,0.166666625154442,0.169108726049146,
0.190292798779796,0.209649498856059,0.222220810511313,0.227796405177555,
0.244933153620049,0.261644883270369,0.277777762089974,0.279210403139927,
0.296825155045652,0.315203689198195,0.333333350158437,0.334594799079974,
0.356590953755257,0.382046994667604,0.3888890334701,0.41192621061217,0.435119753961434,
0.444443457221614,0.456097018943783,0.476610746159781,0.494130566563291,
0.500000000000002),.UNSPECIFIED.);
#849=B_SPLINE_CURVE_WITH_KNOTS('',3,(#4061,#4062,#4063,#4064,#4065,#4066),
 .UNSPECIFIED.,.F.,.F.,(4,1,1,4),(0.,0.333333333333333,0.666666666666667,
0.999999934718756),.UNSPECIFIED.);
#850=B_SPLINE_CURVE_WITH_KNOTS('',3,(#4068,#4069,#4070,#4071,#4072,#4073,
#4074,#4075,#4076,#4077,#4078,#4079,#4080,#4081,#4082,#4083,#4084,#4085,
#4086,#4087,#4088,#4089,#4090,#4091,#4092,#4093,#4094,#4095,#4096,#4097,
#4098,#4099,#4100,#4101,#4102,#4103,#4104,#4105,#4106,#4107,#4108,#4109,
#4110,#4111,#4112,#4113,#4114,#4115,#4116,#4117,#4118,#4119,#4120,#4121,
#4122,#4123,#4124,#4125,#4126,#4127,#4128,#4129,#4130,#4131,#4132,#4133,
#4134,#4135,#4136,#4137),.UNSPECIFIED.,.F.,.F.,(4,3,3,3,3,3,3,3,3,3,3,3,
3,3,3,3,3,3,3,3,3,3,3,4),(0.59920564277778,0.630746205777833,0.650688241733595,
0.655484058750696,0.67802087864426,0.699108098629254,0.707201150678206,
0.719174853561097,0.738856113656045,0.758204284111435,0.771778704459041,
0.778544780042013,0.802760441237438,0.824547826894687,0.840703563118635,
0.857810195266468,0.885584511145262,0.908794583696559,0.922652859429921,
0.930015368113316,0.950466878744456,0.969569644454295,0.988669643671664,
1.),.UNSPECIFIED.);
#851=B_SPLINE_CURVE_WITH_KNOTS('',3,(#4139,#4140,#4141,#4142,#4143,#4144,
#4145,#4146,#4147,#4148,#4149,#4150,#4151,#4152,#4153,#4154,#4155,#4156,
#4157,#4158,#4159,#4160,#4161,#4162,#4163,#4164,#4165,#4166,#4167,#4168,
#4169,#4170,#4171,#4172,#4173,#4174,#4175,#4176,#4177,#4178,#4179,#4180,
#4181,#4182,#4183,#4184,#4185,#4186,#4187,#4188,#4189,#4190,#4191,#4192,
#4193,#4194,#4195,#4196,#4197,#4198,#4199,#4200,#4201,#4202,#4203,#4204,
#4205,#4206,#4207,#4208,#4209,#4210,#4211,#4212,#4213,#4214,#4215,#4216,
#4217,#4218,#4219,#4220,#4221,#4222,#4223),.UNSPECIFIED.,.F.,.F.,(4,3,3,
3,3,3,3,3,3,3,3,3,3,3,3,3,3,3,3,3,3,3,3,3,3,3,3,3,4),(0.000226456967690037,
0.0357426658202338,0.070964907697733,0.109806610433827,0.142291292377865,
0.183149627857773,0.191300473402629,0.228672952194881,0.29252233482128,
0.341431726768251,0.383453876449634,0.422148217821304,0.42608440199267,
0.45867874567537,0.498543428489602,0.534817900614726,0.575346754550677,
0.608664748582389,0.652508117763699,0.658736028688043,0.707245134741092,
0.7664007495339,0.811286215901058,0.851795863762658,0.888846897821993,0.924320716518708,
0.95869621318976,0.991816498120286,1.),.UNSPECIFIED.);
#852=B_SPLINE_CURVE_WITH_KNOTS('',3,(#4298,#4299,#4300,#4301,#4302,#4303,
#4304,#4305,#4306,#4307,#4308,#4309),.UNSPECIFIED.,.F.,.F.,(4,1,1,1,1,1,
1,1,1,4),(0.,0.111111111111111,0.222222222222222,0.333333333333333,0.444444444444444,
0.555555555555556,0.666666666666667,0.777777777777778,0.888888888888889,
1.),.UNSPECIFIED.);
#853=B_SPLINE_CURVE_WITH_KNOTS('',3,(#4312,#4313,#4314,#4315,#4316,#4317,
#4318,#4319,#4320,#4321,#4322,#4323,#4324,#4325,#4326,#4327,#4328,#4329,
#4330,#4331,#4332,#4333,#4334,#4335,#4336,#4337,#4338,#4339,#4340,#4341,
#4342,#4343,#4344,#4345,#4346,#4347,#4348,#4349,#4350,#4351,#4352,#4353,
#4354,#4355,#4356,#4357,#4358,#4359,#4360,#4361,#4362,#4363,#4364,#4365,
#4366,#4367,#4368,#4369,#4370,#4371,#4372,#4373,#4374,#4375,#4376,#4377,
#4378,#4379,#4380,#4381,#4382,#4383,#4384,#4385,#4386,#4387,#4388,#4389,
#4390,#4391,#4392,#4393,#4394,#4395,#4396,#4397,#4398,#4399,#4400,#4401,
#4402,#4403,#4404,#4405,#4406,#4407,#4408,#4409,#4410,#4411,#4412,#4413,
#4414),.UNSPECIFIED.,.F.,.F.,(4,3,3,3,3,3,3,3,3,3,3,3,3,3,3,3,3,3,3,3,3,
3,3,3,3,3,3,3,3,3,3,3,3,3,4),(0.,0.0187251763368056,0.0377218989405059,
0.0577464265835417,0.0792451396866358,0.103212562939721,0.115066160893888,
0.148023888164086,0.161262423927065,0.184764777556194,0.1966041797212,0.205826610704765,
0.225480258127933,0.248838094668548,0.268498855951886,0.269885856873926,
0.293487716011489,0.313120045893014,0.331532831474789,0.339587043025189,
0.372590040333525,0.386471659802559,0.400916990639057,0.424125765394343,
0.440435906564518,0.446010750067273,0.466021365123797,0.493636916816372,
0.495403311620796,0.514095339200428,0.536862382010217,0.548463343872139,
0.568316404363174,0.59352176508146,0.59920564277778),.UNSPECIFIED.);
#854=B_SPLINE_CURVE_WITH_KNOTS('',3,(#4488,#4489,#4490,#4491,#4492,#4493),
 .UNSPECIFIED.,.F.,.F.,(4,1,1,4),(0.,0.333333333333333,0.666666666666667,
1.),.UNSPECIFIED.);
#855=B_SPLINE_CURVE_WITH_KNOTS('',3,(#4495,#4496,#4497,#4498,#4499,#4500,
#4501,#4502,#4503,#4504,#4505,#4506,#4507,#4508,#4509,#4510,#4511,#4512,
#4513,#4514,#4515,#4516,#4517,#4518,#4519,#4520,#4521,#4522,#4523,#4524,
#4525,#4526,#4527,#4528,#4529,#4530,#4531,#4532,#4533,#4534),
 .UNSPECIFIED.,.F.,.F.,(4,3,3,3,3,3,3,3,3,3,3,3,3,4),(0.500000001759662,
0.555555306542412,0.583266930506525,0.611110985759031,0.673602232628015,
0.722221983515971,0.732970445779202,0.77777755874083,0.790353235389017,
0.842764926541763,0.889226873704736,0.939229769987839,0.977204425766358,
1.),.UNSPECIFIED.);
#856=B_SPLINE_CURVE_WITH_KNOTS('',3,(#4616,#4617,#4618,#4619,#4620,#4621,
#4622,#4623,#4624,#4625,#4626,#4627,#4628),.UNSPECIFIED.,.F.,.F.,(4,1,1,
1,1,1,1,1,1,1,4),(0.,0.1,0.2,0.3,0.4,0.5,0.6,0.7,0.8,0.9,1.),
 .UNSPECIFIED.);
#857=B_SPLINE_CURVE_WITH_KNOTS('',3,(#4630,#4631,#4632,#4633,#4634,#4635),
 .UNSPECIFIED.,.F.,.F.,(4,1,1,4),(0.,0.333333333333333,0.666666666666667,
0.999980392775339),.UNSPECIFIED.);
#858=B_SPLINE_CURVE_WITH_KNOTS('',3,(#4637,#4638,#4639,#4640,#4641,#4642,
#4643,#4644,#4645,#4646,#4647,#4648,#4649,#4650,#4651,#4652,#4653,#4654,
#4655,#4656,#4657,#4658,#4659,#4660,#4661,#4662,#4663,#4664,#4665,#4666,
#4667,#4668,#4669,#4670,#4671,#4672,#4673,#4674,#4675,#4676,#4677,#4678,
#4679,#4680,#4681,#4682,#4683,#4684,#4685,#4686,#4687,#4688,#4689,#4690,
#4691,#4692,#4693,#4694,#4695,#4696,#4697,#4698,#4699,#4700,#4701,#4702,
#4703,#4704,#4705,#4706,#4707,#4708,#4709,#4710,#4711,#4712,#4713,#4714,
#4715,#4716,#4717,#4718,#4719,#4720,#4721,#4722,#4723,#4724,#4725,#4726,
#4727,#4728,#4729,#4730,#4731,#4732,#4733,#4734,#4735,#4736,#4737,#4738,
#4739,#4740,#4741,#4742),.UNSPECIFIED.,.F.,.F.,(4,3,3,3,3,3,3,3,3,3,3,3,
3,3,3,3,3,3,3,3,3,3,3,3,3,3,3,3,3,3,3,3,3,3,3,4),(0.401530551248795,0.425656972826161,
0.450756992106365,0.451988031601813,0.477107009109332,0.499630792172879,
0.505161434143211,0.535875206661895,0.545357204125281,0.571936826993712,
0.590784115216166,0.609464050635149,0.637909025739041,0.640756849158397,
0.66906688426236,0.689423382166387,0.71485134315049,0.720711154745588,0.744894960094109,
0.748914310567945,0.768281207426994,0.791182338297307,0.806977800501643,
0.817687355384757,0.824959963280081,0.849654684286211,0.868447848750435,
0.88489186765663,0.894662414849694,0.903162593857228,0.919291010756055,
0.940972028616773,0.958257296411701,0.973301236981789,0.986697335005349,
1.),.UNSPECIFIED.);
#859=B_SPLINE_CURVE_WITH_KNOTS('',3,(#4817,#4818,#4819,#4820,#4821,#4822,
#4823,#4824,#4825,#4826,#4827,#4828),.UNSPECIFIED.,.F.,.F.,(4,1,1,1,1,1,
1,1,1,4),(0.,0.111111111111111,0.222222222222222,0.333333333333333,0.444444444444444,
0.555555555555556,0.666666666666667,0.777777777777778,0.888888888888889,
1.),.UNSPECIFIED.);
#860=B_SPLINE_CURVE_WITH_KNOTS('',3,(#4832,#4833,#4834,#4835,#4836,#4837,
#4838,#4839,#4840,#4841,#4842,#4843,#4844,#4845,#4846,#4847,#4848,#4849,
#4850,#4851,#4852,#4853,#4854,#4855,#4856,#4857,#4858,#4859,#4860,#4861,
#4862,#4863,#4864,#4865,#4866,#4867,#4868,#4869,#4870,#4871,#4872,#4873,
#4874,#4875,#4876,#4877,#4878,#4879,#4880,#4881,#4882,#4883,#4884,#4885,
#4886,#4887,#4888,#4889,#4890,#4891,#4892,#4893,#4894,#4895,#4896,#4897,
#4898,#4899,#4900,#4901,#4902,#4903,#4904,#4905,#4906,#4907,#4908,#4909,
#4910,#4911,#4912,#4913,#4914,#4915,#4916),.UNSPECIFIED.,.F.,.F.,(4,3,3,
3,3,3,3,3,3,3,3,3,3,3,3,3,3,3,3,3,3,3,3,3,3,3,3,3,4),(0.,0.0334650715160813,
0.0681095953668019,0.104231614785139,0.142302508871646,0.183165194509078,
0.228695191039682,0.292677268435925,0.341234783610916,0.341555477399788,
0.383567170503339,0.425004781926164,0.462023842869657,0.498914943437676,
0.531232500842067,0.56880632655126,0.573855036467144,0.6088325307707,0.652694658628944,
0.70752706052933,0.766531302804256,0.808583552681483,0.81139605876869,0.851894066438491,
0.89091032385848,0.926876363756055,0.963342965318128,0.997871931460278,
0.999809566880201),.UNSPECIFIED.);
#861=B_SPLINE_CURVE_WITH_KNOTS('',3,(#4917,#4918,#4919,#4920,#4921,#4922,
#4923,#4924,#4925,#4926,#4927,#4928,#4929,#4930,#4931,#4932,#4933,#4934,
#4935,#4936,#4937,#4938,#4939,#4940,#4941,#4942,#4943,#4944,#4945,#4946,
#4947,#4948,#4949,#4950,#4951,#4952,#4953,#4954,#4955,#4956,#4957,#4958,
#4959,#4960,#4961,#4962,#4963,#4964,#4965,#4966,#4967,#4968,#4969,#4970,
#4971,#4972,#4973,#4974,#4975,#4976,#4977),.UNSPECIFIED.,.F.,.F.,(4,3,3,
3,3,3,3,3,3,3,3,3,3,3,3,3,3,3,3,3,4),(0.,0.0216626134362888,0.0438921824137804,
0.0671760751549059,0.0798623102418,0.0913271055540831,0.118906832750895,
0.143322410394816,0.164036827506928,0.172251442933646,0.205691424138805,
0.22828241304527,0.247550100516187,0.281100709228152,0.286487092938085,
0.308301891139525,0.334056502493867,0.343752415642142,0.358761288980699,
0.382912526607527,0.401530551248795),.UNSPECIFIED.);
#862=B_SPLINE_CURVE_WITH_KNOTS('',3,(#5051,#5052,#5053,#5054,#5055,#5056),
 .UNSPECIFIED.,.F.,.F.,(4,1,1,4),(0.,0.333333333333333,0.666666666666667,
1.),.UNSPECIFIED.);
#863=B_SPLINE_CURVE_WITH_KNOTS('',3,(#5058,#5059,#5060,#5061,#5062,#5063,
#5064,#5065,#5066,#5067,#5068,#5069,#5070,#5071,#5072,#5073,#5074,#5075,
#5076,#5077,#5078,#5079,#5080,#5081,#5082,#5083,#5084,#5085,#5086,#5087,
#5088,#5089,#5090,#5091,#5092,#5093,#5094,#5095,#5096,#5097,#5098,#5099,
#5100,#5101,#5102,#5103,#5104,#5105,#5106,#5107,#5108,#5109,#5110,#5111,
#5112,#5113,#5114,#5115,#5116,#5117,#5118,#5119,#5120,#5121,#5122,#5123,
#5124,#5125,#5126,#5127,#5128,#5129,#5130,#5131,#5132,#5133,#5134,#5135,
#5136,#5137,#5138,#5139,#5140,#5141,#5142,#5143,#5144,#5145,#5146,#5147,
#5148,#5149,#5150,#5151,#5152,#5153,#5154,#5155,#5156,#5157,#5158,#5159,
#5160,#5161,#5162,#5163),.UNSPECIFIED.,.F.,.F.,(4,3,3,3,3,3,3,3,3,3,3,3,
3,3,3,3,3,3,3,3,3,3,3,3,3,3,3,3,3,3,3,3,3,3,3,4),(0.500000000000001,0.517225637086105,
0.544183829987542,0.555556311845145,0.561148954618314,0.579012370442923,
0.598152954783897,0.611112266404262,0.619395937796127,0.647493267503237,
0.666666476138366,0.671238927507074,0.691786494537882,0.711049838629264,
0.722220323203504,0.729109223714935,0.746039897232752,0.762188614512996,
0.777777773044821,0.778340635458009,0.79483339490762,0.812275259400878,
0.831114353754611,0.833333466617359,0.852723436573589,0.886202604890023,
0.888888893747766,0.889542577430192,0.909774106768541,0.927995324808237,
0.944444458886136,0.945033392766342,0.960923843494045,0.977465311352196,
0.991126574656826,1.),.UNSPECIFIED.);
#864=B_SPLINE_CURVE_WITH_KNOTS('',3,(#5220,#5221,#5222,#5223,#5224,#5225,
#5226,#5227,#5228),.UNSPECIFIED.,.F.,.F.,(4,1,1,1,1,1,4),(0.,0.166666666666667,
0.333333333333333,0.5,0.666666666666667,0.833333333333333,1.),
 .UNSPECIFIED.);
#865=B_SPLINE_CURVE_WITH_KNOTS('',3,(#5231,#5232,#5233,#5234,#5235,#5236,
#5237,#5238,#5239,#5240,#5241,#5242,#5243,#5244,#5245,#5246,#5247,#5248,
#5249,#5250,#5251,#5252,#5253,#5254,#5255,#5256,#5257,#5258,#5259,#5260,
#5261,#5262,#5263,#5264,#5265,#5266,#5267,#5268,#5269,#5270,#5271,#5272,
#5273,#5274,#5275,#5276,#5277,#5278,#5279,#5280,#5281,#5282,#5283,#5284,
#5285,#5286,#5287,#5288,#5289,#5290,#5291,#5292,#5293,#5294,#5295,#5296,
#5297,#5298,#5299,#5300,#5301,#5302,#5303,#5304,#5305,#5306,#5307,#5308,
#5309,#5310,#5311,#5312,#5313,#5314,#5315,#5316,#5317,#5318,#5319,#5320,
#5321,#5322,#5323,#5324),.UNSPECIFIED.,.F.,.F.,(4,3,3,3,3,3,3,3,3,3,3,3,
3,3,3,3,3,3,3,3,3,3,3,3,3,3,3,3,3,3,3,4),(0.,0.0158060842273949,0.0321031275029645,
0.0489979712505379,0.0666491138115008,0.0833337172591424,0.0853130220548388,
0.103348709265838,0.105465942574529,0.128367305704776,0.166666509065993,
0.169108726038865,0.190292798769961,0.209649498846839,0.227796405168911,
0.244933153611341,0.249999678974338,0.261644883261678,0.279533912415009,
0.298627202193336,0.315203689189473,0.33333336981749,0.334594799070949,
0.356590953745921,0.382046994657874,0.411926210601505,0.416666380678335,
0.435119753950429,0.456097018932476,0.475745421632505,0.494130566551345,
0.500000000000001),.UNSPECIFIED.);
#866=B_SPLINE_CURVE_WITH_KNOTS('',3,(#5380,#5381,#5382,#5383,#5384,#5385),
 .UNSPECIFIED.,.F.,.F.,(4,1,1,4),(0.,0.333333333333333,0.666666666666667,
1.),.UNSPECIFIED.);
#867=B_SPLINE_CURVE_WITH_KNOTS('',3,(#5387,#5388,#5389,#5390,#5391,#5392,
#5393,#5394,#5395,#5396,#5397,#5398,#5399,#5400,#5401,#5402,#5403,#5404,
#5405,#5406,#5407,#5408,#5409,#5410,#5411,#5412,#5413,#5414,#5415,#5416,
#5417,#5418,#5419,#5420,#5421,#5422,#5423),.UNSPECIFIED.,.F.,.F.,(4,3,3,
3,3,3,3,3,3,3,3,3,4),(0.500000000000032,0.579150665712787,0.663141326425805,
0.736405363094514,0.749999568105511,0.791424140699869,0.833331265167678,
0.843568105524902,0.889464102947355,0.916670049992121,0.938007263706346,
0.97269683069442,1.),.UNSPECIFIED.);
#868=B_SPLINE_CURVE_WITH_KNOTS('',3,(#5499,#5500,#5501,#5502,#5503,#5504,
#5505,#5506,#5507,#5508,#5509,#5510),.UNSPECIFIED.,.F.,.F.,(4,1,1,1,1,1,
1,1,1,4),(0.,0.111111111111111,0.222222222222222,0.333333333333333,0.444444444444444,
0.555555555555556,0.666666666666667,0.777777777777778,0.888888888888889,
1.),.UNSPECIFIED.);
#869=B_SPLINE_CURVE_WITH_KNOTS('',3,(#5512,#5513,#5514,#5515,#5516,#5517),
 .UNSPECIFIED.,.F.,.F.,(4,1,1,4),(0.,0.333333333333333,0.666666666666667,
1.),.UNSPECIFIED.);
#870=B_SPLINE_CURVE_WITH_KNOTS('',3,(#5519,#5520,#5521,#5522,#5523,#5524,
#5525,#5526,#5527,#5528,#5529,#5530,#5531,#5532,#5533,#5534,#5535,#5536,
#5537,#5538,#5539,#5540,#5541,#5542,#5543,#5544,#5545,#5546,#5547,#5548,
#5549,#5550,#5551,#5552,#5553,#5554,#5555,#5556,#5557,#5558,#5559,#5560,
#5561,#5562,#5563,#5564,#5565,#5566,#5567,#5568,#5569,#5570,#5571,#5572,
#5573,#5574,#5575,#5576,#5577,#5578,#5579,#5580,#5581,#5582,#5583,#5584,
#5585,#5586,#5587,#5588,#5589,#5590,#5591,#5592,#5593,#5594,#5595,#5596,
#5597,#5598,#5599,#5600,#5601,#5602,#5603,#5604,#5605,#5606,#5607,#5608,
#5609,#5610,#5611,#5612,#5613,#5614,#5615,#5616,#5617,#5618,#5619,#5620,
#5621,#5622,#5623,#5624),.UNSPECIFIED.,.F.,.F.,(4,3,3,3,3,3,3,3,3,3,3,3,
3,3,3,3,3,3,3,3,3,3,3,3,3,3,3,3,3,3,3,3,3,3,3,4),(0.499999999999999,0.517225637086514,
0.544183829990557,0.555556292012249,0.561148954621405,0.57901237044614,
0.598152954787346,0.611112224232734,0.619395937800044,0.647493267510849,
0.666666485015798,0.671238927513017,0.691786494543454,0.711049838634488,
0.722220383890047,0.729109223719832,0.746752784757891,0.762188614518655,
0.777777773491155,0.778340635462794,0.794833394912645,0.812275259406218,
0.831114353760443,0.833333470036035,0.852723436580687,0.88623642445088,
0.888888893909959,0.889542577435516,0.909774106773364,0.927995324812782,
0.944444459119443,0.945033392770934,0.960923843498492,0.976325239363913,
0.991126574661124,1.),.UNSPECIFIED.);
#871=B_SPLINE_CURVE_WITH_KNOTS('',3,(#5699,#5700,#5701,#5702,#5703,#5704,
#5705,#5706,#5707,#5708,#5709,#5710),.UNSPECIFIED.,.F.,.F.,(4,1,1,1,1,1,
1,1,1,4),(0.,0.111111111111111,0.222222222222222,0.333333333333333,0.444444444444444,
0.555555555555556,0.666666666666667,0.777777777777778,0.888888888888889,
1.),.UNSPECIFIED.);
#872=B_SPLINE_CURVE_WITH_KNOTS('',3,(#5713,#5714,#5715,#5716,#5717,#5718,
#5719,#5720,#5721,#5722,#5723,#5724,#5725,#5726,#5727,#5728,#5729,#5730,
#5731,#5732,#5733,#5734,#5735,#5736,#5737,#5738,#5739,#5740,#5741,#5742,
#5743,#5744,#5745,#5746,#5747,#5748,#5749,#5750,#5751,#5752,#5753,#5754,
#5755,#5756,#5757,#5758,#5759,#5760,#5761,#5762,#5763,#5764,#5765,#5766,
#5767,#5768,#5769,#5770,#5771,#5772,#5773,#5774,#5775,#5776,#5777,#5778,
#5779,#5780,#5781,#5782,#5783,#5784,#5785,#5786,#5787,#5788,#5789,#5790,
#5791,#5792,#5793,#5794,#5795,#5796,#5797,#5798,#5799,#5800,#5801,#5802,
#5803,#5804,#5805,#5806,#5807,#5808,#5809,#5810,#5811,#5812),
 .UNSPECIFIED.,.F.,.F.,(4,3,3,3,3,3,3,3,3,3,3,3,3,3,3,3,3,3,3,3,3,3,3,3,
3,3,3,3,3,3,3,3,3,4),(0.,0.0158060842274168,0.0321031275030321,0.048997971250613,
0.0555592240363108,0.0666491138116064,0.0853130220549714,0.105465942574609,
0.111111964930161,0.128367305704711,0.166666625154439,0.169108726040304,
0.190292798771297,0.209649498848091,0.222220810511281,0.227796405170085,
0.244933153612511,0.261644883262914,0.277777762089978,0.279210403132795,
0.296825155038342,0.315203689190663,0.333333350158457,0.334594799072163,
0.356590953747219,0.382046994659398,0.388889033470112,0.41192621060288,
0.435119753951834,0.444443457221617,0.456097018933881,0.47804850946694,
0.497554940008001,0.499999999999999),.UNSPECIFIED.);
#873=B_SPLINE_CURVE_WITH_KNOTS('',3,(#5886,#5887,#5888,#5889,#5890,#5891),
 .UNSPECIFIED.,.F.,.F.,(4,1,1,4),(0.,0.333333333333333,0.666666666666667,
0.999999934718776),.UNSPECIFIED.);
#874=B_SPLINE_CURVE_WITH_KNOTS('',3,(#5893,#5894,#5895,#5896,#5897,#5898,
#5899,#5900,#5901,#5902,#5903,#5904,#5905,#5906,#5907,#5908,#5909,#5910,
#5911,#5912,#5913,#5914,#5915,#5916,#5917,#5918,#5919,#5920,#5921,#5922,
#5923,#5924,#5925,#5926,#5927,#5928,#5929,#5930,#5931,#5932,#5933,#5934,
#5935,#5936,#5937,#5938,#5939,#5940,#5941,#5942,#5943,#5944,#5945,#5946,
#5947,#5948,#5949,#5950,#5951,#5952,#5953,#5954,#5955,#5956,#5957,#5958,
#5959,#5960,#5961,#5962),.UNSPECIFIED.,.F.,.F.,(4,3,3,3,3,3,3,3,3,3,3,3,
3,3,3,3,3,3,3,3,3,3,3,4),(0.599205642777718,0.630746205781377,0.650688241733389,
0.655484058750504,0.678020878644063,0.699108098629052,0.707201150679126,
0.719174853560893,0.738856113655869,0.758204284111268,0.771778704457094,
0.778544780041862,0.802760441265287,0.824547826894541,0.840703563120347,
0.857810195266336,0.885584511145152,0.90879458369647,0.922652859442581,
0.930015368113197,0.950466878784383,0.969569644431756,0.988669643642575,
1.),.UNSPECIFIED.);
#875=B_SPLINE_CURVE_WITH_KNOTS('',3,(#5964,#5965,#5966,#5967,#5968,#5969,
#5970,#5971,#5972,#5973,#5974,#5975,#5976,#5977,#5978,#5979,#5980,#5981,
#5982,#5983,#5984,#5985,#5986,#5987,#5988,#5989,#5990,#5991,#5992,#5993,
#5994,#5995,#5996,#5997,#5998,#5999,#6000,#6001,#6002,#6003,#6004,#6005,
#6006,#6007,#6008,#6009,#6010,#6011,#6012,#6013,#6014,#6015,#6016,#6017,
#6018,#6019,#6020,#6021,#6022,#6023,#6024,#6025,#6026,#6027,#6028,#6029,
#6030,#6031,#6032,#6033,#6034,#6035,#6036,#6037,#6038,#6039,#6040,#6041,
#6042,#6043,#6044,#6045,#6046,#6047,#6048),.UNSPECIFIED.,.F.,.F.,(4,3,3,
3,3,3,3,3,3,3,3,3,3,3,3,3,3,3,3,3,3,3,3,3,3,3,3,3,4),(0.000226456997325911,
0.0357426658425174,0.0709649076714716,0.109806610468786,0.142291292378092,
0.183149627858384,0.191300473402387,0.228672952194684,0.292522334820608,
0.34143172676764,0.383453876449043,0.422148217820752,0.426084401992642,
0.458678745674887,0.498543428609218,0.534817900709556,0.575346754652391,
0.608664748581064,0.652508117762356,0.658736028687934,0.707245134738405,
0.766400749532212,0.811286215899257,0.85179586376097,0.888846897820728,
0.924320716517478,0.958696213188915,0.991816498119361,1.),.UNSPECIFIED.);
#876=B_SPLINE_CURVE_WITH_KNOTS('',3,(#6123,#6124,#6125,#6126,#6127,#6128,
#6129,#6130,#6131,#6132,#6133,#6134),.UNSPECIFIED.,.F.,.F.,(4,1,1,1,1,1,
1,1,1,4),(0.,0.111111111111111,0.222222222222222,0.333333333333333,0.444444444444444,
0.555555555555556,0.666666666666667,0.777777777777778,0.888888888888889,
1.),.UNSPECIFIED.);
#877=B_SPLINE_CURVE_WITH_KNOTS('',3,(#6137,#6138,#6139,#6140,#6141,#6142,
#6143,#6144,#6145,#6146,#6147,#6148,#6149,#6150,#6151,#6152,#6153,#6154,
#6155,#6156,#6157,#6158,#6159,#6160,#6161,#6162,#6163,#6164,#6165,#6166,
#6167,#6168,#6169,#6170,#6171,#6172,#6173,#6174,#6175,#6176,#6177,#6178,
#6179,#6180,#6181,#6182,#6183,#6184,#6185,#6186,#6187,#6188,#6189,#6190,
#6191,#6192,#6193,#6194,#6195,#6196,#6197,#6198,#6199,#6200,#6201,#6202,
#6203,#6204,#6205,#6206,#6207,#6208,#6209,#6210,#6211,#6212,#6213,#6214,
#6215,#6216,#6217,#6218,#6219,#6220,#6221,#6222,#6223,#6224,#6225,#6226,
#6227,#6228,#6229,#6230,#6231,#6232,#6233,#6234,#6235,#6236,#6237,#6238,
#6239),.UNSPECIFIED.,.F.,.F.,(4,3,3,3,3,3,3,3,3,3,3,3,3,3,3,3,3,3,3,3,3,
3,3,3,3,3,3,3,3,3,3,3,3,3,4),(0.,0.0187251763368037,0.0377218989404986,
0.0577464265835218,0.0792451396866105,0.103212562939667,0.115066160900437,
0.148023888207479,0.161262423919312,0.184764777549459,0.196604179719505,
0.205826610698553,0.22548025812205,0.248838094663029,0.268498855946091,
0.269885856874295,0.293487716012513,0.313120045886193,0.331532831474785,
0.339587043017118,0.372590040329027,0.386471659802474,0.400916990635113,
0.424125765390739,0.440435906564565,0.446010750064111,0.466021365120345,
0.493636916818612,0.495403311620838,0.514095339202794,0.536862382012322,
0.548463343872153,0.568316404359865,0.593521765063585,0.599205642777718),
 .UNSPECIFIED.);
#878=B_SPLINE_CURVE_WITH_KNOTS('',3,(#6313,#6314,#6315,#6316,#6317,#6318),
 .UNSPECIFIED.,.F.,.F.,(4,1,1,4),(0.,0.333333333333333,0.666666666666667,
1.),.UNSPECIFIED.);
#879=B_SPLINE_CURVE_WITH_KNOTS('',3,(#6320,#6321,#6322,#6323,#6324,#6325,
#6326,#6327,#6328,#6329,#6330,#6331,#6332,#6333,#6334,#6335,#6336,#6337,
#6338,#6339,#6340,#6341,#6342,#6343,#6344,#6345,#6346,#6347,#6348,#6349,
#6350,#6351,#6352,#6353,#6354,#6355,#6356,#6357,#6358,#6359),
 .UNSPECIFIED.,.F.,.F.,(4,3,3,3,3,3,3,3,3,3,3,3,3,4),(0.500000001759658,
0.555555306542262,0.583266930506153,0.611110985758968,0.67360223262997,
0.722221983516027,0.732970445779185,0.777777558740764,0.790353235389093,
0.84276492654182,0.889226873706414,0.939229769988558,0.977204425767611,
1.),.UNSPECIFIED.);
#880=B_SPLINE_CURVE_WITH_KNOTS('',3,(#6441,#6442,#6443,#6444,#6445,#6446,
#6447,#6448,#6449,#6450,#6451,#6452,#6453),.UNSPECIFIED.,.F.,.F.,(4,1,1,
1,1,1,1,1,1,1,4),(0.,0.1,0.2,0.3,0.4,0.5,0.6,0.7,0.8,0.9,1.),
 .UNSPECIFIED.);
#881=B_SPLINE_CURVE_WITH_KNOTS('',3,(#6455,#6456,#6457,#6458,#6459,#6460),
 .UNSPECIFIED.,.F.,.F.,(4,1,1,4),(0.,0.333333333333333,0.666666666666667,
0.999980392777249),.UNSPECIFIED.);
#882=B_SPLINE_CURVE_WITH_KNOTS('',3,(#6462,#6463,#6464,#6465,#6466,#6467,
#6468,#6469,#6470,#6471,#6472,#6473,#6474,#6475,#6476,#6477,#6478,#6479,
#6480,#6481,#6482,#6483,#6484,#6485,#6486,#6487,#6488,#6489,#6490,#6491,
#6492,#6493,#6494,#6495,#6496,#6497,#6498,#6499,#6500,#6501,#6502,#6503,
#6504,#6505,#6506,#6507,#6508,#6509,#6510,#6511,#6512,#6513,#6514,#6515,
#6516,#6517,#6518,#6519,#6520,#6521,#6522,#6523,#6524,#6525,#6526,#6527,
#6528,#6529,#6530,#6531,#6532,#6533,#6534,#6535,#6536,#6537,#6538,#6539,
#6540,#6541,#6542,#6543,#6544,#6545,#6546,#6547,#6548,#6549,#6550,#6551,
#6552,#6553,#6554,#6555,#6556,#6557,#6558,#6559,#6560,#6561,#6562,#6563,
#6564,#6565,#6566,#6567),.UNSPECIFIED.,.F.,.F.,(4,3,3,3,3,3,3,3,3,3,3,3,
3,3,3,3,3,3,3,3,3,3,3,3,3,3,3,3,3,3,3,3,3,3,3,4),(0.401530551248734,0.425656972826109,
0.450756992106323,0.451988031601952,0.477107009109259,0.499630792172828,
0.505161434143245,0.535875206661972,0.545357204125796,0.571936826993871,
0.590784115216799,0.609464050635393,0.637909025735531,0.640756849158588,
0.669066884262587,0.689423382159454,0.714851343081339,0.720711154745795,
0.744894960094322,0.748914310562401,0.768281207427162,0.791182338288928,
0.806977800492419,0.817687355383898,0.824959963269117,0.849654684284928,
0.868447848749312,0.884891867655648,0.89466241485013,0.903162593857262,
0.919291010756158,0.940972028616824,0.958257296411725,0.973301236981858,
0.986697335005429,1.),.UNSPECIFIED.);
#883=B_SPLINE_CURVE_WITH_KNOTS('',3,(#6642,#6643,#6644,#6645,#6646,#6647,
#6648,#6649,#6650,#6651,#6652,#6653),.UNSPECIFIED.,.F.,.F.,(4,1,1,1,1,1,
1,1,1,4),(0.,0.111111111111111,0.222222222222222,0.333333333333333,0.444444444444444,
0.555555555555556,0.666666666666667,0.777777777777778,0.888888888888889,
1.),.UNSPECIFIED.);
#884=B_SPLINE_CURVE_WITH_KNOTS('',3,(#6657,#6658,#6659,#6660,#6661,#6662,
#6663,#6664,#6665,#6666,#6667,#6668,#6669,#6670,#6671,#6672,#6673,#6674,
#6675,#6676,#6677,#6678,#6679,#6680,#6681,#6682,#6683,#6684,#6685,#6686,
#6687,#6688,#6689,#6690,#6691,#6692,#6693,#6694,#6695,#6696,#6697,#6698,
#6699,#6700,#6701,#6702,#6703,#6704,#6705,#6706,#6707,#6708,#6709,#6710,
#6711,#6712,#6713,#6714,#6715,#6716,#6717,#6718,#6719,#6720,#6721,#6722,
#6723,#6724,#6725,#6726,#6727,#6728,#6729,#6730,#6731,#6732,#6733,#6734,
#6735,#6736,#6737,#6738,#6739,#6740,#6741),.UNSPECIFIED.,.F.,.F.,(4,3,3,
3,3,3,3,3,3,3,3,3,3,3,3,3,3,3,3,3,3,3,3,3,3,3,3,3,4),(0.,0.0334650715161296,
0.0681095953667541,0.104231614784937,0.142302508871174,0.183165194508971,
0.228695191039694,0.292677268435418,0.341234783610845,0.341555477399392,
0.383567170502882,0.425004781926181,0.462023842883737,0.498914943402222,
0.531232500841385,0.568806326550849,0.573855036467376,0.608832530770858,
0.652694658629902,0.707527060531445,0.766531302804831,0.80858355269982,
0.811396058768915,0.851894066439044,0.890910323810189,0.926876363760253,
0.963342965320473,0.997871931320755,0.999809566880694),.UNSPECIFIED.);
#885=B_SPLINE_CURVE_WITH_KNOTS('',3,(#6742,#6743,#6744,#6745,#6746,#6747,
#6748,#6749,#6750,#6751,#6752,#6753,#6754,#6755,#6756,#6757,#6758,#6759,
#6760,#6761,#6762,#6763,#6764,#6765,#6766,#6767,#6768,#6769,#6770,#6771,
#6772,#6773,#6774,#6775,#6776,#6777,#6778,#6779,#6780,#6781,#6782,#6783,
#6784,#6785,#6786,#6787,#6788,#6789,#6790,#6791,#6792,#6793,#6794,#6795,
#6796,#6797,#6798,#6799,#6800,#6801,#6802),.UNSPECIFIED.,.F.,.F.,(4,3,3,
3,3,3,3,3,3,3,3,3,3,3,3,3,3,3,3,3,4),(0.,0.0216626134362887,0.0438921824138568,
0.0671760751549915,0.0798623102414143,0.0913271055541723,0.118906832744114,
0.143322410395065,0.16403682750701,0.172251442933986,0.205691424139354,
0.228282413045122,0.24755010051657,0.281100709385446,0.286487092938266,
0.308301891139769,0.334056502494118,0.343752415642137,0.358761288980953,
0.382912526607748,0.401530551248734),.UNSPECIFIED.);
#886=B_SPLINE_CURVE_WITH_KNOTS('',3,(#6876,#6877,#6878,#6879,#6880,#6881),
 .UNSPECIFIED.,.F.,.F.,(4,1,1,4),(0.,0.333333333333333,0.666666666666667,
1.),.UNSPECIFIED.);
#887=B_SPLINE_CURVE_WITH_KNOTS('',3,(#6883,#6884,#6885,#6886,#6887,#6888,
#6889,#6890,#6891,#6892,#6893,#6894,#6895,#6896,#6897,#6898,#6899,#6900,
#6901,#6902,#6903,#6904,#6905,#6906,#6907,#6908,#6909,#6910,#6911,#6912,
#6913,#6914,#6915,#6916,#6917,#6918,#6919,#6920,#6921,#6922,#6923,#6924,
#6925,#6926,#6927,#6928,#6929,#6930,#6931,#6932,#6933,#6934,#6935,#6936,
#6937,#6938,#6939,#6940,#6941,#6942,#6943,#6944,#6945,#6946,#6947,#6948,
#6949,#6950,#6951,#6952,#6953,#6954,#6955,#6956,#6957,#6958,#6959,#6960,
#6961,#6962,#6963,#6964,#6965,#6966,#6967,#6968,#6969,#6970,#6971,#6972,
#6973,#6974,#6975,#6976,#6977,#6978,#6979,#6980,#6981,#6982,#6983,#6984,
#6985,#6986,#6987,#6988),.UNSPECIFIED.,.F.,.F.,(4,3,3,3,3,3,3,3,3,3,3,3,
3,3,3,3,3,3,3,3,3,3,3,3,3,3,3,3,3,3,3,3,3,3,3,4),(0.5,0.51722563708249,
0.544183829956725,0.555556311845131,0.561148954586632,0.579012370409968,
0.598152954748986,0.611112266404252,0.619395937757486,0.647493267424922,
0.666666476138377,0.671238927446235,0.691786494480845,0.711049838575792,
0.722220323203522,0.729109223664805,0.746039897185755,0.76218861445429,
0.77777777304483,0.778340635408122,0.79483339485564,0.812275259345874,0.831114353694864,
0.833333466617372,0.852723436500686,0.886202604840455,0.888888893747763,
0.889542577375515,0.909774106720889,0.927995324764196,0.944444458886122,
0.94503339272481,0.960923843454035,0.976798674465371,0.99306235474278,1.),
 .UNSPECIFIED.);
#888=B_SPLINE_CURVE_WITH_KNOTS('',3,(#7045,#7046,#7047,#7048,#7049,#7050,
#7051,#7052,#7053),.UNSPECIFIED.,.F.,.F.,(4,1,1,1,1,1,4),(0.,0.166666666666667,
0.333333333333333,0.5,0.666666666666667,0.833333333333333,1.),
 .UNSPECIFIED.);
#889=B_SPLINE_CURVE_WITH_KNOTS('',3,(#7056,#7057,#7058,#7059,#7060,#7061,
#7062,#7063,#7064,#7065,#7066,#7067,#7068,#7069,#7070,#7071,#7072,#7073,
#7074,#7075,#7076,#7077,#7078,#7079,#7080,#7081,#7082,#7083,#7084,#7085,
#7086,#7087,#7088,#7089,#7090,#7091,#7092,#7093,#7094,#7095,#7096,#7097,
#7098,#7099,#7100,#7101,#7102,#7103,#7104,#7105,#7106,#7107,#7108,#7109,
#7110,#7111,#7112,#7113,#7114,#7115,#7116,#7117,#7118,#7119,#7120,#7121,
#7122,#7123,#7124,#7125,#7126,#7127,#7128,#7129,#7130,#7131,#7132,#7133,
#7134,#7135,#7136,#7137,#7138,#7139,#7140,#7141,#7142,#7143,#7144,#7145,
#7146,#7147,#7148,#7149),.UNSPECIFIED.,.F.,.F.,(4,3,3,3,3,3,3,3,3,3,3,3,
3,3,3,3,3,3,3,3,3,3,3,3,3,3,3,3,3,3,3,4),(0.,0.015806084227266,0.0321031275026944,
0.0489979712501152,0.0666491138109354,0.0833337172591436,0.0853130220541198,
0.103348709264239,0.105465942573871,0.128367305704418,0.166666509065995,
0.169108726029675,0.190292798761219,0.209649498838643,0.227796405161227,
0.24493315360363,0.249999678974319,0.261644883254107,0.279533912382718,
0.298627202159156,0.315203689182054,0.333333369817489,0.334594799063394,
0.356590953738057,0.382046994649896,0.411926210592748,0.416666380678333,
0.435119753941414,0.456097018923253,0.475745421622932,0.494130566541538,
0.5),.UNSPECIFIED.);
#890=B_SPLINE_CURVE_WITH_KNOTS('',3,(#7205,#7206,#7207,#7208,#7209,#7210),
 .UNSPECIFIED.,.F.,.F.,(4,1,1,4),(0.,0.333333333333333,0.666666666666667,
1.),.UNSPECIFIED.);
#891=B_SPLINE_CURVE_WITH_KNOTS('',3,(#7212,#7213,#7214,#7215,#7216,#7217,
#7218,#7219,#7220,#7221,#7222,#7223,#7224,#7225,#7226,#7227,#7228,#7229,
#7230,#7231,#7232,#7233,#7234,#7235,#7236,#7237,#7238,#7239,#7240,#7241,
#7242,#7243,#7244,#7245,#7246,#7247,#7248),.UNSPECIFIED.,.F.,.F.,(4,3,3,
3,3,3,3,3,3,3,3,3,4),(0.499999999999988,0.579150665711753,0.663141326423712,
0.736405363099546,0.749999568105396,0.791424140705715,0.833331265167798,
0.843568105529286,0.889464102949127,0.916670049992242,0.9380072637097,0.972696830697147,
1.),.UNSPECIFIED.);
#892=B_SPLINE_CURVE_WITH_KNOTS('',3,(#7334,#7335,#7336,#7337,#7338,#7339,
#7340,#7341,#7342,#7343),.UNSPECIFIED.,.F.,.F.,(4,2,2,2,4),(-0.156561153285973,
-0.122762790541778,-0.0822371957817716,-0.0417116010217864,-0.00791323806071175),
 .UNSPECIFIED.);
#893=B_SPLINE_CURVE_WITH_KNOTS('',3,(#7527,#7528,#7529,#7530),
 .UNSPECIFIED.,.F.,.F.,(4,4),(-0.441607427780965,-0.30845104324611),
 .UNSPECIFIED.);
#894=B_SPLINE_CURVE_WITH_KNOTS('',3,(#7540,#7541,#7542,#7543,#7544,#7545),
 .UNSPECIFIED.,.F.,.F.,(4,1,1,4),(0.,0.242299217318012,0.403832028863353,
0.565364840408694),.UNSPECIFIED.);
#895=B_SPLINE_CURVE_WITH_KNOTS('',3,(#7596,#7597,#7598,#7599,#7600,#7601,
#7602,#7603,#7604,#7605,#7606,#7607),.UNSPECIFIED.,.F.,.F.,(4,2,2,2,2,4),
(-0.000489896283560511,0.,0.033527285840916,0.0648578450491807,0.0913955879791667,
0.107785489715947),.UNSPECIFIED.);
#896=B_SPLINE_CURVE_WITH_KNOTS('',3,(#7614,#7615,#7616,#7617,#7618,#7619,
#7620,#7621,#7622,#7623,#7624,#7625),.UNSPECIFIED.,.F.,.F.,(4,2,2,2,2,4),
(0.269619581268876,0.286009483039907,0.312547226025343,0.343877785299124,
0.377405071224875,0.377894967508398),.UNSPECIFIED.);
#897=B_SPLINE_CURVE_WITH_KNOTS('',3,(#7649,#7650,#7651,#7652,#7653,#7654,
#7655,#7656,#7657,#7658),.UNSPECIFIED.,.F.,.F.,(4,2,2,2,4),(-0.145592881096583,
-0.117029577096141,-0.0756975843609119,0.,0.000554514462776761),
 .UNSPECIFIED.);
#898=B_SPLINE_CURVE_WITH_KNOTS('',3,(#7660,#7661,#7662,#7663,#7664,#7665,
#7666),.UNSPECIFIED.,.F.,.F.,(4,3,4),(0.25582519143453,0.284926640838778,
0.301418603502855),.UNSPECIFIED.);
#899=B_SPLINE_CURVE_WITH_KNOTS('',3,(#7669,#7670,#7671,#7672,#7673,#7674,
#7675,#7676,#7677,#7678,#7679,#7680,#7681,#7682,#7683,#7684,#7685,#7686,
#7687,#7688,#7689,#7690,#7691,#7692,#7693,#7694,#7695,#7696,#7697,#7698,
#7699),.UNSPECIFIED.,.F.,.F.,(4,3,3,3,3,3,3,3,3,3,4),(-0.301418603502855,
-0.27328462124991,-0.247507251623785,-0.222324892349926,-0.197651971769469,
-0.173410516996957,-0.149144574117542,-0.125678811403607,-0.10241105756106,
-0.0793601434126602,-0.0763467454792958),.UNSPECIFIED.);
#900=B_SPLINE_CURVE_WITH_KNOTS('',3,(#7727,#7728,#7729,#7730,#7731,#7732,
#7733,#7734,#7735,#7736,#7737,#7738,#7739,#7740,#7741,#7742,#7743,#7744,
#7745,#7746,#7747,#7748,#7749,#7750,#7751,#7752,#7753,#7754,#7755,#7756,
#7757,#7758,#7759,#7760,#7761,#7762,#7763,#7764,#7765,#7766,#7767,#7768,
#7769,#7770,#7771,#7772,#7773,#7774,#7775,#7776,#7777,#7778),
 .UNSPECIFIED.,.F.,.F.,(4,3,3,3,3,3,3,3,3,3,3,3,3,3,3,3,3,4),(-0.365025710987454,
-0.338952445916922,-0.315082609840915,-0.291776747275157,-0.269178514229236,
-0.260732650705324,-0.240122086083841,-0.21920146216868,-0.198080622178302,
-0.176562584471074,-0.156439590423194,-0.133907595533548,-0.111497989007632,
-0.0891265536432478,-0.0666383446924034,-0.0440023618691564,-0.0209432688227072,
-5.11596005687735E-18),.UNSPECIFIED.);
#901=B_SPLINE_CURVE_WITH_KNOTS('',3,(#7779,#7780,#7781,#7782,#7783,#7784),
 .UNSPECIFIED.,.F.,.F.,(4,1,1,4),(5.11596005687735E-18,0.156439590423194,
0.260732650705324,0.365025710987454),.UNSPECIFIED.);
#902=B_SPLINE_CURVE_WITH_KNOTS('',3,(#7807,#7808,#7809,#7810,#7811,#7812,
#7813,#7814,#7815,#7816),.UNSPECIFIED.,.F.,.F.,(4,2,2,2,4),(-0.182960489068075,
-0.182260720607778,-0.0867385927069824,-0.0354124176554645,0.),
 .UNSPECIFIED.);
#903=B_SPLINE_CURVE_WITH_KNOTS('',3,(#7817,#7818,#7819,#7820,#7821,#7822,
#7823,#7824,#7825,#7826,#7827,#7828,#7829,#7830,#7831,#7832,#7833,#7834,
#7835,#7836,#7837,#7838,#7839,#7840,#7841,#7842,#7843,#7844,#7845,#7846,
#7847),.UNSPECIFIED.,.F.,.F.,(4,3,3,3,3,3,3,3,3,3,4),(-0.225071710929959,
-0.202011958773012,-0.178757369487397,-0.155108676489287,-0.131154590979477,
-0.106834549450575,-0.0820807491364695,-0.0565469471673004,-0.0304817950132058,
-0.00357472482681032,-8.95648883067489E-16),.UNSPECIFIED.);
#904=B_SPLINE_CURVE_WITH_KNOTS('',3,(#7848,#7849,#7850,#7851,#7852,#7853,
#7854),.UNSPECIFIED.,.F.,.F.,(4,3,4),(8.95648883067489E-16,0.0291013841831212,
0.0455934026784129),.UNSPECIFIED.);
#905=B_SPLINE_CURVE_WITH_KNOTS('',3,(#7879,#7880,#7881,#7882,#7883,#7884,
#7885,#7886,#7887,#7888),.UNSPECIFIED.,.F.,.F.,(4,2,2,2,4),(-0.144495696142805,
-0.1163794526501,-0.0756746297093365,0.,0.000554550686454616),
 .UNSPECIFIED.);
#906=B_SPLINE_CURVE_WITH_KNOTS('',3,(#7890,#7891,#7892,#7893,#7894,#7895,
#7896),.UNSPECIFIED.,.F.,.F.,(4,3,4),(0.336587908891023,0.365692125001109,
0.382181463539577),.UNSPECIFIED.);
#907=B_SPLINE_CURVE_WITH_KNOTS('',3,(#7899,#7900,#7901,#7902,#7903,#7904,
#7905,#7906,#7907,#7908,#7909,#7910,#7911,#7912,#7913,#7914,#7915,#7916,
#7917,#7918,#7919,#7920,#7921,#7922,#7923,#7924,#7925,#7926,#7927,#7928,
#7929),.UNSPECIFIED.,.F.,.F.,(4,3,3,3,3,3,3,3,3,3,4),(-0.382181463539577,
-0.354047494960637,-0.328268456271701,-0.303084642237719,-0.278410485215618,
-0.254168016695543,-0.229903441248672,-0.206437222865793,-0.183169242233173,
-0.160118436325353,-0.157109714908057),.UNSPECIFIED.);
#908=B_SPLINE_CURVE_WITH_KNOTS('',3,(#7957,#7958,#7959,#7960,#7961,#7962,
#7963,#7964,#7965,#7966,#7967,#7968,#7969,#7970,#7971,#7972,#7973,#7974,
#7975,#7976,#7977,#7978,#7979,#7980,#7981,#7982,#7983,#7984,#7985,#7986,
#7987,#7988,#7989,#7990,#7991,#7992,#7993,#7994,#7995,#7996,#7997,#7998,
#7999,#8000,#8001,#8002,#8003,#8004,#8005,#8006,#8007,#8008),
 .UNSPECIFIED.,.F.,.F.,(4,3,3,3,3,3,3,3,3,3,3,3,3,3,3,3,3,4),(-0.365029403780301,
-0.338955874938851,-0.315087019584634,-0.291781618588502,-0.269183166232894,
-0.260735288414501,-0.240123692365051,-0.219203062535964,-0.198081028431357,
-0.176561779663081,-0.156441173048701,-0.133908013323979,-0.111497232950117,
-0.0891246235516037,-0.0666352651350636,-0.0439981550776816,-0.0209380298957834,
-1.30728178286871E-16),.UNSPECIFIED.);
#909=B_SPLINE_CURVE_WITH_KNOTS('',3,(#8009,#8010,#8011,#8012,#8013,#8014),
 .UNSPECIFIED.,.F.,.F.,(4,1,1,4),(1.30728178286871E-16,0.156441173048701,
0.260735288414501,0.365029403780301),.UNSPECIFIED.);
#910=B_SPLINE_CURVE_WITH_KNOTS('',3,(#8037,#8038,#8039,#8040,#8041,#8042,
#8043,#8044,#8045,#8046),.UNSPECIFIED.,.F.,.F.,(4,2,2,2,4),(-0.181067824624156,
-0.180381833309371,-0.0867671394174103,-0.0354718544707521,0.),
 .UNSPECIFIED.);
#911=B_SPLINE_CURVE_WITH_KNOTS('',3,(#8047,#8048,#8049,#8050,#8051,#8052,
#8053,#8054,#8055,#8056,#8057,#8058,#8059,#8060,#8061,#8062,#8063,#8064,
#8065,#8066,#8067,#8068,#8069,#8070,#8071,#8072,#8073,#8074,#8075,#8076,
#8077),.UNSPECIFIED.,.F.,.F.,(4,3,3,3,3,3,3,3,3,3,4),(-0.22507183353453,
-0.202012053326959,-0.17875743634905,-0.155108716689017,-0.13115460531724,
-0.106834538919934,-0.0820807149487111,-0.0565468919340538,-0.0304817203381213,
-0.00357463397733773,-2.66789791163957E-16),.UNSPECIFIED.);
#912=B_SPLINE_CURVE_WITH_KNOTS('',3,(#8078,#8079,#8080,#8081,#8082,#8083,
#8084),.UNSPECIFIED.,.F.,.F.,(4,3,4),(2.66789791163957E-16,0.02910143369853,
0.0455934102544924),.UNSPECIFIED.);
#913=B_SPLINE_CURVE_WITH_KNOTS('',3,(#8131,#8132,#8133,#8134),
 .UNSPECIFIED.,.F.,.F.,(4,4),(0.291838918292331,0.424995485065375),
 .UNSPECIFIED.);
#914=B_SPLINE_CURVE_WITH_KNOTS('',3,(#8135,#8136,#8137,#8138),
 .UNSPECIFIED.,.F.,.F.,(4,4),(-0.424995485065375,-0.291838918292331),
 .UNSPECIFIED.);
#915=B_SPLINE_CURVE_WITH_KNOTS('',3,(#8179,#8180,#8181,#8182),
 .UNSPECIFIED.,.F.,.F.,(4,4),(0.30845104324611,0.441607427780965),
 .UNSPECIFIED.);
#916=B_SPLINE_CURVE_WITH_KNOTS('',3,(#8263,#8264,#8265,#8266,#8267,#8268,
#8269,#8270,#8271,#8272,#8273,#8274,#8275,#8276,#8277,#8278,#8279,#8280,
#8281,#8282,#8283,#8284,#8285,#8286,#8287,#8288,#8289,#8290,#8291,#8292,
#8293,#8294,#8295,#8296,#8297,#8298,#8299,#8300,#8301,#8302,#8303,#8304,
#8305,#8306,#8307,#8308,#8309,#8310,#8311),.UNSPECIFIED.,.F.,.F.,(4,3,3,
3,3,3,3,3,3,3,3,3,3,3,3,3,4),(0.,0.0508770742165117,0.107017439939446,0.150000101814105,
0.164395809303135,0.200001039862429,0.223009232148811,0.250001745428652,
0.280565913121021,0.300001628457078,0.337591948180052,0.350000734727604,
0.399999994369233,0.413303524397621,0.449999653534632,0.484459983904319,
0.499999999999988),.UNSPECIFIED.);
#917=B_SPLINE_CURVE_WITH_KNOTS('',3,(#8386,#8387,#8388,#8389,#8390,#8391,
#8392,#8393,#8394,#8395,#8396,#8397,#8398,#8399,#8400,#8401,#8402,#8403,
#8404,#8405,#8406,#8407,#8408,#8409,#8410,#8411,#8412,#8413,#8414,#8415,
#8416,#8417,#8418,#8419,#8420,#8421,#8422,#8423,#8424,#8425,#8426,#8427,
#8428,#8429,#8430,#8431),.UNSPECIFIED.,.F.,.F.,(4,3,3,3,3,3,3,3,3,3,3,3,
3,3,3,4),(0.,0.0473005984114572,0.097111495978502,0.111110815583849,0.151935158451344,
0.166666870722299,0.209603373393338,0.222222482072319,0.266981301943469,
0.277778089946626,0.321117518845041,0.333333977459392,0.39769620305778,
0.444444224144042,0.467129857484659,0.499999999999984),.UNSPECIFIED.);
#918=B_SPLINE_CURVE_WITH_KNOTS('',3,(#8512,#8513,#8514,#8515,#8516,#8517,
#8518,#8519,#8520,#8521,#8522,#8523,#8524,#8525,#8526,#8527,#8528,#8529,
#8530,#8531,#8532,#8533,#8534,#8535,#8536,#8537,#8538,#8539,#8540,#8541,
#8542,#8543,#8544,#8545,#8546,#8547,#8548,#8549,#8550,#8551,#8552,#8553,
#8554,#8555,#8556,#8557,#8558,#8559,#8560),.UNSPECIFIED.,.F.,.F.,(4,3,3,
3,3,3,3,3,3,3,3,3,3,3,3,3,4),(0.,0.0508770742155463,0.107017439938607,0.150000101813983,
0.164395809301718,0.200001039862316,0.223009232147864,0.25000174542852,
0.280565913119535,0.300001628457106,0.337591948178581,0.350000734727743,
0.399999994369288,0.413303524360432,0.449999653534499,0.484459983868753,
0.500000000000032),.UNSPECIFIED.);
#919=B_SPLINE_CURVE_WITH_KNOTS('',3,(#8635,#8636,#8637,#8638,#8639,#8640,
#8641,#8642,#8643,#8644,#8645,#8646,#8647,#8648,#8649,#8650,#8651,#8652,
#8653,#8654,#8655,#8656,#8657,#8658,#8659,#8660,#8661,#8662,#8663,#8664,
#8665,#8666,#8667,#8668,#8669,#8670,#8671,#8672,#8673,#8674,#8675,#8676,
#8677,#8678,#8679,#8680),.UNSPECIFIED.,.F.,.F.,(4,3,3,3,3,3,3,3,3,3,3,3,
3,3,3,4),(0.,0.047300598411518,0.0971114959781232,0.111110815584007,0.151935158450895,
0.166666870722446,0.209603373393098,0.222222482072198,0.266981301943584,
0.277778089946517,0.321117518845583,0.333333977459443,0.397696203058907,
0.444444224144169,0.467129857485679,0.499999999999982),.UNSPECIFIED.);
#920=B_SPLINE_CURVE_WITH_KNOTS('',3,(#8947,#8948,#8949,#8950,#8951,#8952),
 .UNSPECIFIED.,.F.,.F.,(4,1,1,4),(-0.565364840408694,-0.403832028863353,
-0.242299217318012,0.),.UNSPECIFIED.);
#921=B_SPLINE_CURVE_WITH_KNOTS('',3,(#8985,#8986,#8987,#8988,#8989),
 .UNSPECIFIED.,.F.,.F.,(4,1,4),(-0.428999684511491,-0.245142676863709,0.),
 .UNSPECIFIED.);
#922=B_SPLINE_CURVE_WITH_KNOTS('',3,(#8992,#8993,#8994,#8995,#8996),
 .UNSPECIFIED.,.F.,.F.,(4,1,4),(0.,0.245142676863709,0.428999684511491),
 .UNSPECIFIED.);
#923=B_SPLINE_CURVE_WITH_KNOTS('',3,(#9069,#9070,#9071,#9072),
 .UNSPECIFIED.,.F.,.F.,(4,4),(-0.133156384538296,0.),.UNSPECIFIED.);
#924=B_SPLINE_CURVE_WITH_KNOTS('',3,(#9073,#9074,#9075,#9076),
 .UNSPECIFIED.,.F.,.F.,(4,4),(0.,0.133156384538296),.UNSPECIFIED.);
#925=B_SPLINE_CURVE_WITH_KNOTS('',3,(#9100,#9101,#9102,#9103),
 .UNSPECIFIED.,.F.,.F.,(4,4),(-0.13328508221269,-8.29776062675601E-17),
 .UNSPECIFIED.);
#926=B_SPLINE_CURVE_WITH_KNOTS('',3,(#9104,#9105,#9106,#9107),
 .UNSPECIFIED.,.F.,.F.,(4,4),(8.29776062675601E-17,0.13328508221269),
 .UNSPECIFIED.);
#927=VERTEX_POINT('',#3672);
#928=VERTEX_POINT('',#3673);
#929=VERTEX_POINT('',#3686);
#930=VERTEX_POINT('',#3693);
#931=VERTEX_POINT('',#3873);
#932=VERTEX_POINT('',#3886);
#933=VERTEX_POINT('',#4060);
#934=VERTEX_POINT('',#4067);
#935=VERTEX_POINT('',#4138);
#936=VERTEX_POINT('',#4297);
#937=VERTEX_POINT('',#4310);
#938=VERTEX_POINT('',#4487);
#939=VERTEX_POINT('',#4494);
#940=VERTEX_POINT('',#4614);
#941=VERTEX_POINT('',#4615);
#942=VERTEX_POINT('',#4629);
#943=VERTEX_POINT('',#4636);
#944=VERTEX_POINT('',#4816);
#945=VERTEX_POINT('',#4829);
#946=VERTEX_POINT('',#4831);
#947=VERTEX_POINT('',#5050);
#948=VERTEX_POINT('',#5057);
#949=VERTEX_POINT('',#5219);
#950=VERTEX_POINT('',#5229);
#951=VERTEX_POINT('',#5379);
#952=VERTEX_POINT('',#5386);
#953=VERTEX_POINT('',#5497);
#954=VERTEX_POINT('',#5498);
#955=VERTEX_POINT('',#5511);
#956=VERTEX_POINT('',#5518);
#957=VERTEX_POINT('',#5698);
#958=VERTEX_POINT('',#5711);
#959=VERTEX_POINT('',#5885);
#960=VERTEX_POINT('',#5892);
#961=VERTEX_POINT('',#5963);
#962=VERTEX_POINT('',#6122);
#963=VERTEX_POINT('',#6135);
#964=VERTEX_POINT('',#6312);
#965=VERTEX_POINT('',#6319);
#966=VERTEX_POINT('',#6439);
#967=VERTEX_POINT('',#6440);
#968=VERTEX_POINT('',#6454);
#969=VERTEX_POINT('',#6461);
#970=VERTEX_POINT('',#6641);
#971=VERTEX_POINT('',#6654);
#972=VERTEX_POINT('',#6656);
#973=VERTEX_POINT('',#6875);
#974=VERTEX_POINT('',#6882);
#975=VERTEX_POINT('',#7044);
#976=VERTEX_POINT('',#7054);
#977=VERTEX_POINT('',#7204);
#978=VERTEX_POINT('',#7211);
#979=VERTEX_POINT('',#7251);
#980=VERTEX_POINT('',#7252);
#981=VERTEX_POINT('',#7254);
#982=VERTEX_POINT('',#7259);
#983=VERTEX_POINT('',#7260);
#984=VERTEX_POINT('',#7262);
#985=VERTEX_POINT('',#7264);
#986=VERTEX_POINT('',#7266);
#987=VERTEX_POINT('',#7268);
#988=VERTEX_POINT('',#7270);
#989=VERTEX_POINT('',#7272);
#990=VERTEX_POINT('',#7274);
#991=VERTEX_POINT('',#7276);
#992=VERTEX_POINT('',#7278);
#993=VERTEX_POINT('',#7280);
#994=VERTEX_POINT('',#7282);
#995=VERTEX_POINT('',#7284);
#996=VERTEX_POINT('',#7286);
#997=VERTEX_POINT('',#7288);
#998=VERTEX_POINT('',#7290);
#999=VERTEX_POINT('',#7292);
#1000=VERTEX_POINT('',#7294);
#1001=VERTEX_POINT('',#7296);
#1002=VERTEX_POINT('',#7298);
#1003=VERTEX_POINT('',#7300);
#1004=VERTEX_POINT('',#7303);
#1005=VERTEX_POINT('',#7305);
#1006=VERTEX_POINT('',#7308);
#1007=VERTEX_POINT('',#7312);
#1008=VERTEX_POINT('',#7313);
#1009=VERTEX_POINT('',#7318);
#1010=VERTEX_POINT('',#7322);
#1011=VERTEX_POINT('',#7323);
#1012=VERTEX_POINT('',#7328);
#1013=VERTEX_POINT('',#7332);
#1014=VERTEX_POINT('',#7333);
#1015=VERTEX_POINT('',#7344);
#1016=VERTEX_POINT('',#7346);
#1017=VERTEX_POINT('',#7350);
#1018=VERTEX_POINT('',#7351);
#1019=VERTEX_POINT('',#7356);
#1020=VERTEX_POINT('',#7357);
#1021=VERTEX_POINT('',#7362);
#1022=VERTEX_POINT('',#7363);
#1023=VERTEX_POINT('',#7370);
#1024=VERTEX_POINT('',#7372);
#1025=VERTEX_POINT('',#7378);
#1026=VERTEX_POINT('',#7379);
#1027=VERTEX_POINT('',#7384);
#1028=VERTEX_POINT('',#7388);
#1029=VERTEX_POINT('',#7392);
#1030=VERTEX_POINT('',#7396);
#1031=VERTEX_POINT('',#7400);
#1032=VERTEX_POINT('',#7404);
#1033=VERTEX_POINT('',#7408);
#1034=VERTEX_POINT('',#7412);
#1035=VERTEX_POINT('',#7416);
#1036=VERTEX_POINT('',#7420);
#1037=VERTEX_POINT('',#7424);
#1038=VERTEX_POINT('',#7428);
#1039=VERTEX_POINT('',#7432);
#1040=VERTEX_POINT('',#7436);
#1041=VERTEX_POINT('',#7440);
#1042=VERTEX_POINT('',#7444);
#1043=VERTEX_POINT('',#7450);
#1044=VERTEX_POINT('',#7451);
#1045=VERTEX_POINT('',#7456);
#1046=VERTEX_POINT('',#7460);
#1047=VERTEX_POINT('',#7466);
#1048=VERTEX_POINT('',#7467);
#1049=VERTEX_POINT('',#7472);
#1050=VERTEX_POINT('',#7473);
#1051=VERTEX_POINT('',#7478);
#1052=VERTEX_POINT('',#7483);
#1053=VERTEX_POINT('',#7485);
#1054=VERTEX_POINT('',#7487);
#1055=VERTEX_POINT('',#7491);
#1056=VERTEX_POINT('',#7492);
#1057=VERTEX_POINT('',#7501);
#1058=VERTEX_POINT('',#7503);
#1059=VERTEX_POINT('',#7512);
#1060=VERTEX_POINT('',#7514);
#1061=VERTEX_POINT('',#7520);
#1062=VERTEX_POINT('',#7524);
#1063=VERTEX_POINT('',#7526);
#1064=VERTEX_POINT('',#7531);
#1065=VERTEX_POINT('',#7535);
#1066=VERTEX_POINT('',#7537);
#1067=VERTEX_POINT('',#7539);
#1068=VERTEX_POINT('',#7554);
#1069=VERTEX_POINT('',#7556);
#1070=VERTEX_POINT('',#7558);
#1071=VERTEX_POINT('',#7562);
#1072=VERTEX_POINT('',#7567);
#1073=VERTEX_POINT('',#7569);
#1074=VERTEX_POINT('',#7578);
#1075=VERTEX_POINT('',#7580);
#1076=VERTEX_POINT('',#7584);
#1077=VERTEX_POINT('',#7586);
#1078=VERTEX_POINT('',#7592);
#1079=VERTEX_POINT('',#7594);
#1080=VERTEX_POINT('',#7609);
#1081=VERTEX_POINT('',#7613);
#1082=VERTEX_POINT('',#7647);
#1083=VERTEX_POINT('',#7648);
#1084=VERTEX_POINT('',#7659);
#1085=VERTEX_POINT('',#7667);
#1086=VERTEX_POINT('',#7724);
#1087=VERTEX_POINT('',#7725);
#1088=VERTEX_POINT('',#7805);
#1089=VERTEX_POINT('',#7806);
#1090=VERTEX_POINT('',#7877);
#1091=VERTEX_POINT('',#7878);
#1092=VERTEX_POINT('',#7889);
#1093=VERTEX_POINT('',#7897);
#1094=VERTEX_POINT('',#7954);
#1095=VERTEX_POINT('',#7955);
#1096=VERTEX_POINT('',#8035);
#1097=VERTEX_POINT('',#8036);
#1098=VERTEX_POINT('',#8088);
#1099=VERTEX_POINT('',#8089);
#1100=VERTEX_POINT('',#8091);
#1101=VERTEX_POINT('',#8093);
#1102=VERTEX_POINT('',#8097);
#1103=VERTEX_POINT('',#8098);
#1104=VERTEX_POINT('',#8103);
#1105=VERTEX_POINT('',#8104);
#1106=VERTEX_POINT('',#8128);
#1107=VERTEX_POINT('',#8129);
#1108=VERTEX_POINT('',#8140);
#1109=VERTEX_POINT('',#8142);
#1110=VERTEX_POINT('',#8146);
#1111=VERTEX_POINT('',#8147);
#1112=VERTEX_POINT('',#8152);
#1113=VERTEX_POINT('',#8153);
#1114=VERTEX_POINT('',#8177);
#1115=VERTEX_POINT('',#8261);
#1116=VERTEX_POINT('',#8384);
#1117=VERTEX_POINT('',#8510);
#1118=VERTEX_POINT('',#8633);
#1119=VERTEX_POINT('',#8682);
#1120=VERTEX_POINT('',#8683);
#1121=VERTEX_POINT('',#8688);
#1122=VERTEX_POINT('',#8690);
#1123=VERTEX_POINT('',#8717);
#1124=VERTEX_POINT('',#8750);
#1125=VERTEX_POINT('',#8751);
#1126=VERTEX_POINT('',#8799);
#1127=VERTEX_POINT('',#8832);
#1128=VERTEX_POINT('',#8833);
#1129=VERTEX_POINT('',#8861);
#1130=VERTEX_POINT('',#8865);
#1131=VERTEX_POINT('',#8890);
#1132=VERTEX_POINT('',#8913);
#1133=VERTEX_POINT('',#8946);
#1134=VERTEX_POINT('',#8981);
#1135=VERTEX_POINT('',#8982);
#1136=VERTEX_POINT('',#8984);
#1137=VERTEX_POINT('',#8990);
#1138=VERTEX_POINT('',#9017);
#1139=VERTEX_POINT('',#9018);
#1140=VERTEX_POINT('',#9066);
#1141=VERTEX_POINT('',#9067);
#1142=VERTEX_POINT('',#9109);
#1143=VERTEX_POINT('',#9116);
#1144=VERTEX_POINT('',#9124);
#1145=VERTEX_POINT('',#9128);
#1146=VERTEX_POINT('',#9130);
#1147=VERTEX_POINT('',#9159);
#1148=VERTEX_POINT('',#9161);
#1149=VERTEX_POINT('',#9166);
#1150=EDGE_CURVE('',#927,#928,#844,.T.);
#1151=EDGE_CURVE('',#927,#929,#845,.T.);
#1152=EDGE_CURVE('',#929,#930,#846,.T.);
#1153=EDGE_CURVE('',#928,#930,#649,.T.);
#1154=EDGE_CURVE('',#927,#931,#847,.T.);
#1155=EDGE_CURVE('',#932,#931,#650,.T.);
#1156=EDGE_CURVE('',#932,#929,#848,.T.);
#1157=EDGE_CURVE('',#927,#933,#849,.T.);
#1158=EDGE_CURVE('',#933,#934,#850,.T.);
#1159=EDGE_CURVE('',#934,#935,#851,.T.);
#1160=EDGE_CURVE('',#931,#935,#651,.T.);
#1161=EDGE_CURVE('',#927,#936,#852,.T.);
#1162=EDGE_CURVE('',#937,#936,#652,.T.);
#1163=EDGE_CURVE('',#937,#933,#853,.T.);
#1164=EDGE_CURVE('',#927,#938,#854,.T.);
#1165=EDGE_CURVE('',#938,#939,#855,.T.);
#1166=EDGE_CURVE('',#936,#939,#653,.T.);
#1167=EDGE_CURVE('',#940,#941,#856,.T.);
#1168=EDGE_CURVE('',#940,#942,#857,.T.);
#1169=EDGE_CURVE('',#942,#943,#858,.T.);
#1170=EDGE_CURVE('',#941,#943,#654,.T.);
#1171=EDGE_CURVE('',#940,#944,#859,.T.);
#1172=EDGE_CURVE('',#945,#944,#655,.T.);
#1173=EDGE_CURVE('',#945,#946,#860,.T.);
#1174=EDGE_CURVE('',#946,#942,#861,.T.);
#1175=EDGE_CURVE('',#940,#947,#862,.T.);
#1176=EDGE_CURVE('',#947,#948,#863,.T.);
#1177=EDGE_CURVE('',#944,#948,#656,.T.);
#1178=EDGE_CURVE('',#940,#949,#864,.T.);
#1179=EDGE_CURVE('',#950,#949,#657,.T.);
#1180=EDGE_CURVE('',#950,#947,#865,.T.);
#1181=EDGE_CURVE('',#940,#951,#866,.T.);
#1182=EDGE_CURVE('',#951,#952,#867,.T.);
#1183=EDGE_CURVE('',#949,#952,#658,.T.);
#1184=EDGE_CURVE('',#953,#954,#868,.T.);
#1185=EDGE_CURVE('',#953,#955,#869,.T.);
#1186=EDGE_CURVE('',#955,#956,#870,.T.);
#1187=EDGE_CURVE('',#954,#956,#659,.T.);
#1188=EDGE_CURVE('',#953,#957,#871,.T.);
#1189=EDGE_CURVE('',#958,#957,#660,.T.);
#1190=EDGE_CURVE('',#958,#955,#872,.T.);
#1191=EDGE_CURVE('',#953,#959,#873,.T.);
#1192=EDGE_CURVE('',#959,#960,#874,.T.);
#1193=EDGE_CURVE('',#960,#961,#875,.T.);
#1194=EDGE_CURVE('',#957,#961,#661,.T.);
#1195=EDGE_CURVE('',#953,#962,#876,.T.);
#1196=EDGE_CURVE('',#963,#962,#662,.T.);
#1197=EDGE_CURVE('',#963,#959,#877,.T.);
#1198=EDGE_CURVE('',#953,#964,#878,.T.);
#1199=EDGE_CURVE('',#964,#965,#879,.T.);
#1200=EDGE_CURVE('',#962,#965,#663,.T.);
#1201=EDGE_CURVE('',#966,#967,#880,.T.);
#1202=EDGE_CURVE('',#966,#968,#881,.T.);
#1203=EDGE_CURVE('',#968,#969,#882,.T.);
#1204=EDGE_CURVE('',#967,#969,#664,.T.);
#1205=EDGE_CURVE('',#966,#970,#883,.T.);
#1206=EDGE_CURVE('',#971,#970,#665,.T.);
#1207=EDGE_CURVE('',#971,#972,#884,.T.);
#1208=EDGE_CURVE('',#972,#968,#885,.T.);
#1209=EDGE_CURVE('',#966,#973,#886,.T.);
#1210=EDGE_CURVE('',#973,#974,#887,.T.);
#1211=EDGE_CURVE('',#970,#974,#666,.T.);
#1212=EDGE_CURVE('',#966,#975,#888,.T.);
#1213=EDGE_CURVE('',#976,#975,#667,.T.);
#1214=EDGE_CURVE('',#976,#973,#889,.T.);
#1215=EDGE_CURVE('',#966,#977,#890,.T.);
#1216=EDGE_CURVE('',#977,#978,#891,.T.);
#1217=EDGE_CURVE('',#975,#978,#668,.T.);
#1218=EDGE_CURVE('',#979,#980,#669,.T.);
#1219=EDGE_CURVE('',#980,#981,#670,.T.);
#1220=EDGE_CURVE('',#981,#981,#671,.T.);
#1221=EDGE_CURVE('',#980,#979,#672,.T.);
#1222=EDGE_CURVE('',#982,#983,#103,.T.);
#1223=EDGE_CURVE('',#984,#982,#104,.T.);
#1224=EDGE_CURVE('',#985,#984,#673,.T.);
#1225=EDGE_CURVE('',#986,#985,#674,.T.);
#1226=EDGE_CURVE('',#987,#986,#675,.T.);
#1227=EDGE_CURVE('',#988,#987,#105,.T.);
#1228=EDGE_CURVE('',#989,#988,#676,.T.);
#1229=EDGE_CURVE('',#990,#989,#677,.T.);
#1230=EDGE_CURVE('',#991,#990,#678,.T.);
#1231=EDGE_CURVE('',#992,#991,#679,.T.);
#1232=EDGE_CURVE('',#993,#992,#680,.T.);
#1233=EDGE_CURVE('',#994,#993,#681,.T.);
#1234=EDGE_CURVE('',#995,#994,#682,.T.);
#1235=EDGE_CURVE('',#996,#995,#683,.T.);
#1236=EDGE_CURVE('',#997,#996,#684,.T.);
#1237=EDGE_CURVE('',#998,#997,#685,.T.);
#1238=EDGE_CURVE('',#999,#998,#686,.T.);
#1239=EDGE_CURVE('',#1000,#999,#106,.T.);
#1240=EDGE_CURVE('',#1001,#1000,#107,.T.);
#1241=EDGE_CURVE('',#1002,#1001,#108,.T.);
#1242=EDGE_CURVE('',#1003,#1002,#687,.T.);
#1243=EDGE_CURVE('',#983,#1003,#109,.T.);
#1244=EDGE_CURVE('',#1004,#1004,#688,.T.);
#1245=EDGE_CURVE('',#1005,#1005,#689,.T.);
#1246=EDGE_CURVE('',#979,#1006,#110,.T.);
#1247=EDGE_CURVE('',#1006,#1006,#690,.T.);
#1248=EDGE_CURVE('',#1007,#1008,#691,.T.);
#1249=EDGE_CURVE('',#1008,#1004,#692,.T.);
#1250=EDGE_CURVE('',#1008,#1007,#693,.T.);
#1251=EDGE_CURVE('',#1007,#1009,#111,.T.);
#1252=EDGE_CURVE('',#1009,#1009,#694,.T.);
#1253=EDGE_CURVE('',#1010,#1011,#695,.T.);
#1254=EDGE_CURVE('',#1011,#1005,#696,.T.);
#1255=EDGE_CURVE('',#1011,#1010,#697,.T.);
#1256=EDGE_CURVE('',#1010,#1012,#112,.T.);
#1257=EDGE_CURVE('',#1012,#1012,#698,.T.);
#1258=EDGE_CURVE('',#1013,#1014,#892,.T.);
#1259=EDGE_CURVE('',#1015,#1013,#699,.T.);
#1260=EDGE_CURVE('',#1015,#1016,#700,.T.);
#1261=EDGE_CURVE('',#1016,#1014,#701,.T.);
#1262=EDGE_CURVE('',#1017,#1018,#702,.F.);
#1263=EDGE_CURVE('',#1001,#1017,#703,.F.);
#1264=EDGE_CURVE('',#1018,#1001,#704,.F.);
#1265=EDGE_CURVE('',#1019,#1020,#705,.F.);
#1266=EDGE_CURVE('',#983,#1019,#706,.F.);
#1267=EDGE_CURVE('',#1020,#983,#707,.F.);
#1268=EDGE_CURVE('',#1021,#1022,#708,.F.);
#1269=EDGE_CURVE('',#1000,#1021,#709,.F.);
#1270=EDGE_CURVE('',#1022,#1000,#710,.F.);
#1271=EDGE_CURVE('',#1021,#1018,#113,.T.);
#1272=EDGE_CURVE('',#982,#1023,#711,.F.);
#1273=EDGE_CURVE('',#1024,#982,#712,.F.);
#1274=EDGE_CURVE('',#1023,#1024,#713,.F.);
#1275=EDGE_CURVE('',#1019,#1024,#114,.T.);
#1276=EDGE_CURVE('',#1025,#1026,#714,.T.);
#1277=EDGE_CURVE('',#1026,#1023,#115,.T.);
#1278=EDGE_CURVE('',#1024,#1025,#116,.T.);
#1279=EDGE_CURVE('',#1027,#984,#715,.T.);
#1280=EDGE_CURVE('',#1023,#1027,#117,.T.);
#1281=EDGE_CURVE('',#1028,#985,#716,.T.);
#1282=EDGE_CURVE('',#1027,#1028,#717,.T.);
#1283=EDGE_CURVE('',#1029,#986,#718,.T.);
#1284=EDGE_CURVE('',#1028,#1029,#719,.T.);
#1285=EDGE_CURVE('',#1030,#987,#720,.T.);
#1286=EDGE_CURVE('',#1029,#1030,#721,.T.);
#1287=EDGE_CURVE('',#1031,#988,#722,.T.);
#1288=EDGE_CURVE('',#1030,#1031,#118,.T.);
#1289=EDGE_CURVE('',#1032,#989,#723,.T.);
#1290=EDGE_CURVE('',#1031,#1032,#724,.T.);
#1291=EDGE_CURVE('',#1033,#990,#725,.T.);
#1292=EDGE_CURVE('',#1032,#1033,#726,.T.);
#1293=EDGE_CURVE('',#1034,#991,#727,.T.);
#1294=EDGE_CURVE('',#1033,#1034,#728,.T.);
#1295=EDGE_CURVE('',#1035,#992,#729,.T.);
#1296=EDGE_CURVE('',#1034,#1035,#730,.T.);
#1297=EDGE_CURVE('',#1036,#993,#731,.T.);
#1298=EDGE_CURVE('',#1035,#1036,#732,.T.);
#1299=EDGE_CURVE('',#1037,#994,#733,.T.);
#1300=EDGE_CURVE('',#1036,#1037,#734,.T.);
#1301=EDGE_CURVE('',#1038,#995,#735,.T.);
#1302=EDGE_CURVE('',#1037,#1038,#736,.T.);
#1303=EDGE_CURVE('',#1039,#996,#737,.T.);
#1304=EDGE_CURVE('',#1038,#1039,#738,.T.);
#1305=EDGE_CURVE('',#1040,#997,#739,.T.);
#1306=EDGE_CURVE('',#1039,#1040,#740,.T.);
#1307=EDGE_CURVE('',#1041,#998,#741,.T.);
#1308=EDGE_CURVE('',#1040,#1041,#742,.T.);
#1309=EDGE_CURVE('',#1042,#999,#743,.T.);
#1310=EDGE_CURVE('',#1041,#1042,#744,.T.);
#1311=EDGE_CURVE('',#1042,#1022,#119,.T.);
#1312=EDGE_CURVE('',#1043,#1044,#745,.T.);
#1313=EDGE_CURVE('',#1044,#1021,#120,.T.);
#1314=EDGE_CURVE('',#1022,#1043,#121,.T.);
#1315=EDGE_CURVE('',#1045,#1002,#746,.T.);
#1316=EDGE_CURVE('',#1017,#1045,#122,.T.);
#1317=EDGE_CURVE('',#1046,#1003,#747,.T.);
#1318=EDGE_CURVE('',#1045,#1046,#748,.T.);
#1319=EDGE_CURVE('',#1046,#1020,#123,.T.);
#1320=EDGE_CURVE('',#1047,#1048,#749,.T.);
#1321=EDGE_CURVE('',#1048,#1019,#124,.T.);
#1322=EDGE_CURVE('',#1020,#1047,#125,.T.);
#1323=EDGE_CURVE('',#1049,#1050,#750,.T.);
#1324=EDGE_CURVE('',#1050,#1048,#751,.T.);
#1325=EDGE_CURVE('',#1047,#1049,#752,.T.);
#1326=EDGE_CURVE('',#1013,#1051,#17,.T.);
#1327=EDGE_CURVE('',#1051,#1050,#126,.T.);
#1328=EDGE_CURVE('',#1049,#1015,#127,.T.);
#1329=EDGE_CURVE('',#1052,#1014,#18,.T.);
#1330=EDGE_CURVE('',#1016,#1053,#128,.T.);
#1331=EDGE_CURVE('',#1053,#1054,#753,.T.);
#1332=EDGE_CURVE('',#1054,#1052,#129,.T.);
#1333=EDGE_CURVE('',#1055,#1056,#754,.T.);
#1334=EDGE_CURVE('',#1056,#1054,#755,.T.);
#1335=EDGE_CURVE('',#1053,#1055,#756,.T.);
#1336=EDGE_CURVE('',#1055,#1017,#130,.T.);
#1337=EDGE_CURVE('',#1018,#1056,#131,.T.);
#1338=EDGE_CURVE('',#1052,#1044,#132,.T.);
#1339=EDGE_CURVE('',#1044,#1057,#757,.T.);
#1340=EDGE_CURVE('',#1057,#1058,#133,.T.);
#1341=EDGE_CURVE('',#1058,#1025,#758,.T.);
#1342=EDGE_CURVE('',#1025,#1051,#134,.T.);
#1343=EDGE_CURVE('',#1058,#1026,#759,.T.);
#1344=EDGE_CURVE('',#1043,#1057,#760,.T.);
#1345=EDGE_CURVE('',#1047,#1059,#135,.T.);
#1346=EDGE_CURVE('',#1059,#1060,#761,.T.);
#1347=EDGE_CURVE('',#1060,#1049,#136,.T.);
#1348=EDGE_CURVE('',#1046,#1059,#137,.T.);
#1349=EDGE_CURVE('',#1045,#1061,#138,.T.);
#1350=EDGE_CURVE('',#1059,#1061,#762,.T.);
#1351=EDGE_CURVE('',#1033,#1062,#139,.T.);
#1352=EDGE_CURVE('',#1063,#1062,#893,.T.);
#1353=EDGE_CURVE('',#1064,#1063,#763,.T.);
#1354=EDGE_CURVE('',#1064,#1034,#140,.T.);
#1355=EDGE_CURVE('',#1065,#1032,#141,.T.);
#1356=EDGE_CURVE('',#1066,#1065,#19,.T.);
#1357=EDGE_CURVE('',#1067,#1066,#894,.T.);
#1358=EDGE_CURVE('',#1062,#1067,#764,.T.);
#1359=EDGE_CURVE('',#1031,#960,#142,.T.);
#1360=EDGE_CURVE('',#1065,#963,#20,.T.);
#1361=EDGE_CURVE('',#1030,#946,#143,.T.);
#1362=EDGE_CURVE('',#961,#945,#144,.T.);
#1363=EDGE_CURVE('',#1029,#1068,#145,.T.);
#1364=EDGE_CURVE('',#1069,#1068,#765,.T.);
#1365=EDGE_CURVE('',#1070,#1069,#146,.T.);
#1366=EDGE_CURVE('',#943,#1070,#21,.T.);
#1367=EDGE_CURVE('',#1028,#1071,#147,.T.);
#1368=EDGE_CURVE('',#1068,#1071,#766,.T.);
#1369=EDGE_CURVE('',#1027,#934,#148,.T.);
#1370=EDGE_CURVE('',#1072,#937,#22,.T.);
#1371=EDGE_CURVE('',#1073,#1072,#149,.T.);
#1372=EDGE_CURVE('',#1071,#1073,#767,.T.);
#1373=EDGE_CURVE('',#935,#1026,#150,.T.);
#1374=EDGE_CURVE('',#1058,#932,#151,.T.);
#1375=EDGE_CURVE('',#974,#1057,#152,.T.);
#1376=EDGE_CURVE('',#1074,#976,#153,.T.);
#1377=EDGE_CURVE('',#1075,#1074,#768,.T.);
#1378=EDGE_CURVE('',#956,#1075,#154,.T.);
#1379=EDGE_CURVE('',#948,#958,#155,.T.);
#1380=EDGE_CURVE('',#1076,#950,#156,.T.);
#1381=EDGE_CURVE('',#1077,#1076,#769,.T.);
#1382=EDGE_CURVE('',#930,#1077,#157,.T.);
#1383=EDGE_CURVE('',#1068,#1078,#770,.T.);
#1384=EDGE_CURVE('',#1078,#1079,#771,.T.);
#1385=EDGE_CURVE('',#1079,#1069,#895,.F.);
#1386=EDGE_CURVE('',#1071,#1080,#772,.T.);
#1387=EDGE_CURVE('',#1080,#1078,#773,.T.);
#1388=EDGE_CURVE('',#1073,#1081,#896,.F.);
#1389=EDGE_CURVE('',#1081,#1080,#774,.T.);
#1390=EDGE_CURVE('',#1082,#1083,#897,.F.);
#1391=EDGE_CURVE('',#1083,#1084,#898,.T.);
#1392=EDGE_CURVE('',#1084,#1085,#775,.T.);
#1393=EDGE_CURVE('',#1085,#1082,#899,.T.);
#1394=EDGE_CURVE('',#1086,#1087,#776,.T.);
#1395=EDGE_CURVE('',#1087,#1085,#900,.T.);
#1396=EDGE_CURVE('',#1084,#1086,#901,.T.);
#1397=EDGE_CURVE('',#1088,#1089,#902,.F.);
#1398=EDGE_CURVE('',#1089,#1087,#903,.T.);
#1399=EDGE_CURVE('',#1086,#1088,#904,.T.);
#1400=EDGE_CURVE('',#1088,#1083,#777,.T.);
#1401=EDGE_CURVE('',#1090,#1091,#905,.F.);
#1402=EDGE_CURVE('',#1091,#1092,#906,.T.);
#1403=EDGE_CURVE('',#1092,#1093,#778,.T.);
#1404=EDGE_CURVE('',#1093,#1090,#907,.T.);
#1405=EDGE_CURVE('',#1094,#1095,#779,.T.);
#1406=EDGE_CURVE('',#1095,#1093,#908,.T.);
#1407=EDGE_CURVE('',#1092,#1094,#909,.T.);
#1408=EDGE_CURVE('',#1096,#1097,#910,.F.);
#1409=EDGE_CURVE('',#1097,#1095,#911,.T.);
#1410=EDGE_CURVE('',#1094,#1096,#912,.T.);
#1411=EDGE_CURVE('',#1096,#1091,#780,.T.);
#1412=EDGE_CURVE('',#1098,#1099,#781,.T.);
#1413=EDGE_CURVE('',#1099,#1100,#782,.T.);
#1414=EDGE_CURVE('',#1100,#1101,#783,.T.);
#1415=EDGE_CURVE('',#1101,#1098,#784,.T.);
#1416=EDGE_CURVE('',#1102,#1103,#785,.T.);
#1417=EDGE_CURVE('',#1103,#1101,#786,.T.);
#1418=EDGE_CURVE('',#1100,#1102,#787,.T.);
#1419=EDGE_CURVE('',#1104,#1105,#788,.T.);
#1420=EDGE_CURVE('',#1105,#1103,#789,.T.);
#1421=EDGE_CURVE('',#1102,#1104,#790,.T.);
#1422=EDGE_CURVE('',#1106,#1107,#791,.T.);
#1423=EDGE_CURVE('',#1107,#1099,#913,.T.);
#1424=EDGE_CURVE('',#1098,#1106,#914,.T.);
#1425=EDGE_CURVE('',#1063,#1108,#792,.T.);
#1426=EDGE_CURVE('',#1108,#1109,#793,.T.);
#1427=EDGE_CURVE('',#1109,#1064,#794,.T.);
#1428=EDGE_CURVE('',#1110,#1111,#795,.T.);
#1429=EDGE_CURVE('',#1111,#1064,#796,.T.);
#1430=EDGE_CURVE('',#1109,#1110,#797,.T.);
#1431=EDGE_CURVE('',#1112,#1113,#798,.T.);
#1432=EDGE_CURVE('',#1113,#1111,#799,.T.);
#1433=EDGE_CURVE('',#1110,#1112,#800,.T.);
#1434=EDGE_CURVE('',#1062,#1114,#801,.T.);
#1435=EDGE_CURVE('',#1114,#1108,#915,.T.);
#1436=EDGE_CURVE('',#1115,#967,#802,.T.);
#1437=EDGE_CURVE('',#1115,#977,#916,.T.);
#1438=EDGE_CURVE('',#1116,#954,#803,.T.);
#1439=EDGE_CURVE('',#1116,#964,#917,.T.);
#1440=EDGE_CURVE('',#1117,#941,#804,.T.);
#1441=EDGE_CURVE('',#1117,#951,#918,.T.);
#1442=EDGE_CURVE('',#1118,#928,#805,.T.);
#1443=EDGE_CURVE('',#1118,#938,#919,.T.);
#1444=EDGE_CURVE('',#1119,#1120,#806,.T.);
#1445=EDGE_CURVE('',#1076,#1120,#807,.T.);
#1446=EDGE_CURVE('',#1076,#1119,#808,.T.);
#1447=EDGE_CURVE('',#1121,#1077,#809,.T.);
#1448=EDGE_CURVE('',#1121,#1122,#810,.T.);
#1449=EDGE_CURVE('',#1122,#1077,#811,.T.);
#1450=EDGE_CURVE('',#1120,#1121,#812,.T.);
#1451=EDGE_CURVE('',#1122,#1118,#158,.T.);
#1452=EDGE_CURVE('',#1123,#1072,#813,.T.);
#1453=EDGE_CURVE('',#939,#1123,#23,.T.);
#1454=EDGE_CURVE('',#1124,#1125,#814,.T.);
#1455=EDGE_CURVE('',#1125,#1072,#24,.T.);
#1456=EDGE_CURVE('',#1123,#1124,#25,.T.);
#1457=EDGE_CURVE('',#1124,#1122,#26,.T.);
#1458=EDGE_CURVE('',#1121,#1125,#27,.T.);
#1459=EDGE_CURVE('',#952,#1119,#159,.T.);
#1460=EDGE_CURVE('',#1070,#1126,#815,.T.);
#1461=EDGE_CURVE('',#1126,#1117,#28,.T.);
#1462=EDGE_CURVE('',#1127,#1128,#816,.T.);
#1463=EDGE_CURVE('',#1128,#1126,#29,.T.);
#1464=EDGE_CURVE('',#1070,#1127,#30,.T.);
#1465=EDGE_CURVE('',#1119,#1128,#31,.T.);
#1466=EDGE_CURVE('',#1127,#1120,#32,.T.);
#1467=EDGE_CURVE('',#1129,#1074,#817,.T.);
#1468=EDGE_CURVE('',#978,#1129,#160,.T.);
#1469=EDGE_CURVE('',#1130,#1075,#818,.T.);
#1470=EDGE_CURVE('',#1129,#1130,#819,.T.);
#1471=EDGE_CURVE('',#1130,#1116,#161,.T.);
#1472=EDGE_CURVE('',#1131,#1065,#820,.T.);
#1473=EDGE_CURVE('',#965,#1131,#33,.T.);
#1474=EDGE_CURVE('',#1132,#1066,#821,.T.);
#1475=EDGE_CURVE('',#1131,#1132,#34,.T.);
#1476=EDGE_CURVE('',#1132,#1133,#920,.T.);
#1477=EDGE_CURVE('',#1133,#1067,#822,.T.);
#1478=EDGE_CURVE('',#1043,#971,#162,.T.);
#1479=EDGE_CURVE('',#1134,#1135,#823,.T.);
#1480=EDGE_CURVE('',#1135,#1136,#921,.T.);
#1481=EDGE_CURVE('',#1136,#1137,#824,.T.);
#1482=EDGE_CURVE('',#1137,#1134,#922,.T.);
#1483=EDGE_CURVE('',#1138,#1139,#825,.T.);
#1484=EDGE_CURVE('',#1139,#1137,#35,.T.);
#1485=EDGE_CURVE('',#1136,#1138,#36,.T.);
#1486=EDGE_CURVE('',#1138,#1115,#37,.T.);
#1487=EDGE_CURVE('',#969,#1139,#38,.T.);
#1488=EDGE_CURVE('',#1133,#1114,#826,.T.);
#1489=EDGE_CURVE('',#1140,#1141,#827,.T.);
#1490=EDGE_CURVE('',#1141,#1113,#923,.T.);
#1491=EDGE_CURVE('',#1112,#1140,#924,.T.);
#1492=EDGE_CURVE('',#1140,#1107,#828,.T.);
#1493=EDGE_CURVE('',#1106,#1141,#829,.T.);
#1494=EDGE_CURVE('',#1134,#1105,#925,.T.);
#1495=EDGE_CURVE('',#1104,#1135,#926,.T.);
#1496=EDGE_CURVE('',#1132,#1142,#163,.T.);
#1497=EDGE_CURVE('',#1133,#1142,#830,.T.);
#1498=EDGE_CURVE('',#1142,#1130,#164,.T.);
#1499=EDGE_CURVE('',#1142,#1087,#831,.T.);
#1500=EDGE_CURVE('',#1129,#1143,#165,.T.);
#1501=EDGE_CURVE('',#1093,#1143,#832,.T.);
#1502=EDGE_CURVE('',#1085,#1095,#833,.T.);
#1503=EDGE_CURVE('',#1143,#1136,#166,.T.);
#1504=EDGE_CURVE('',#1097,#1099,#834,.T.);
#1505=EDGE_CURVE('',#1144,#1090,#835,.T.);
#1506=EDGE_CURVE('',#1104,#1144,#167,.T.);
#1507=EDGE_CURVE('',#1145,#1127,#168,.T.);
#1508=EDGE_CURVE('',#1146,#1145,#836,.T.);
#1509=EDGE_CURVE('',#1125,#1146,#169,.T.);
#1510=EDGE_CURVE('',#1079,#1145,#837,.F.);
#1511=EDGE_CURVE('',#1035,#1111,#170,.T.);
#1512=EDGE_CURVE('',#1141,#1036,#171,.T.);
#1513=EDGE_CURVE('',#1037,#1106,#172,.T.);
#1514=EDGE_CURVE('',#1101,#1038,#173,.T.);
#1515=EDGE_CURVE('',#1039,#1103,#174,.T.);
#1516=EDGE_CURVE('',#1134,#1040,#175,.T.);
#1517=EDGE_CURVE('',#1081,#1146,#838,.T.);
#1518=EDGE_CURVE('',#1089,#1108,#839,.T.);
#1519=EDGE_CURVE('',#1112,#1082,#840,.T.);
#1520=EDGE_CURVE('',#1144,#1143,#841,.T.);
#1521=EDGE_CURVE('',#1015,#1147,#176,.T.);
#1522=EDGE_CURVE('',#1148,#1147,#39,.T.);
#1523=EDGE_CURVE('',#1148,#1016,#177,.T.);
#1524=EDGE_CURVE('',#1060,#1147,#178,.T.);
#1525=EDGE_CURVE('',#1149,#1060,#842,.T.);
#1526=EDGE_CURVE('',#1148,#1149,#179,.T.);
#1527=EDGE_CURVE('',#1061,#1149,#843,.T.);
#1528=EDGE_CURVE('',#1053,#1149,#180,.T.);
#1529=EDGE_CURVE('',#1061,#1055,#181,.T.);
#1530=EDGE_CURVE('',#1041,#1139,#182,.T.);
#1531=EDGE_CURVE('',#972,#1042,#183,.T.);
#1532=ORIENTED_EDGE('',*,*,#1150,.F.);
#1533=ORIENTED_EDGE('',*,*,#1151,.T.);
#1534=ORIENTED_EDGE('',*,*,#1152,.T.);
#1535=ORIENTED_EDGE('',*,*,#1153,.F.);
#1536=ORIENTED_EDGE('',*,*,#1151,.F.);
#1537=ORIENTED_EDGE('',*,*,#1154,.T.);
#1538=ORIENTED_EDGE('',*,*,#1155,.F.);
#1539=ORIENTED_EDGE('',*,*,#1156,.T.);
#1540=ORIENTED_EDGE('',*,*,#1154,.F.);
#1541=ORIENTED_EDGE('',*,*,#1157,.T.);
#1542=ORIENTED_EDGE('',*,*,#1158,.T.);
#1543=ORIENTED_EDGE('',*,*,#1159,.T.);
#1544=ORIENTED_EDGE('',*,*,#1160,.F.);
#1545=ORIENTED_EDGE('',*,*,#1157,.F.);
#1546=ORIENTED_EDGE('',*,*,#1161,.T.);
#1547=ORIENTED_EDGE('',*,*,#1162,.F.);
#1548=ORIENTED_EDGE('',*,*,#1163,.T.);
#1549=ORIENTED_EDGE('',*,*,#1161,.F.);
#1550=ORIENTED_EDGE('',*,*,#1164,.T.);
#1551=ORIENTED_EDGE('',*,*,#1165,.T.);
#1552=ORIENTED_EDGE('',*,*,#1166,.F.);
#1553=ORIENTED_EDGE('',*,*,#1167,.F.);
#1554=ORIENTED_EDGE('',*,*,#1168,.T.);
#1555=ORIENTED_EDGE('',*,*,#1169,.T.);
#1556=ORIENTED_EDGE('',*,*,#1170,.F.);
#1557=ORIENTED_EDGE('',*,*,#1168,.F.);
#1558=ORIENTED_EDGE('',*,*,#1171,.T.);
#1559=ORIENTED_EDGE('',*,*,#1172,.F.);
#1560=ORIENTED_EDGE('',*,*,#1173,.T.);
#1561=ORIENTED_EDGE('',*,*,#1174,.T.);
#1562=ORIENTED_EDGE('',*,*,#1171,.F.);
#1563=ORIENTED_EDGE('',*,*,#1175,.T.);
#1564=ORIENTED_EDGE('',*,*,#1176,.T.);
#1565=ORIENTED_EDGE('',*,*,#1177,.F.);
#1566=ORIENTED_EDGE('',*,*,#1175,.F.);
#1567=ORIENTED_EDGE('',*,*,#1178,.T.);
#1568=ORIENTED_EDGE('',*,*,#1179,.F.);
#1569=ORIENTED_EDGE('',*,*,#1180,.T.);
#1570=ORIENTED_EDGE('',*,*,#1178,.F.);
#1571=ORIENTED_EDGE('',*,*,#1181,.T.);
#1572=ORIENTED_EDGE('',*,*,#1182,.T.);
#1573=ORIENTED_EDGE('',*,*,#1183,.F.);
#1574=ORIENTED_EDGE('',*,*,#1184,.F.);
#1575=ORIENTED_EDGE('',*,*,#1185,.T.);
#1576=ORIENTED_EDGE('',*,*,#1186,.T.);
#1577=ORIENTED_EDGE('',*,*,#1187,.F.);
#1578=ORIENTED_EDGE('',*,*,#1185,.F.);
#1579=ORIENTED_EDGE('',*,*,#1188,.T.);
#1580=ORIENTED_EDGE('',*,*,#1189,.F.);
#1581=ORIENTED_EDGE('',*,*,#1190,.T.);
#1582=ORIENTED_EDGE('',*,*,#1188,.F.);
#1583=ORIENTED_EDGE('',*,*,#1191,.T.);
#1584=ORIENTED_EDGE('',*,*,#1192,.T.);
#1585=ORIENTED_EDGE('',*,*,#1193,.T.);
#1586=ORIENTED_EDGE('',*,*,#1194,.F.);
#1587=ORIENTED_EDGE('',*,*,#1191,.F.);
#1588=ORIENTED_EDGE('',*,*,#1195,.T.);
#1589=ORIENTED_EDGE('',*,*,#1196,.F.);
#1590=ORIENTED_EDGE('',*,*,#1197,.T.);
#1591=ORIENTED_EDGE('',*,*,#1195,.F.);
#1592=ORIENTED_EDGE('',*,*,#1198,.T.);
#1593=ORIENTED_EDGE('',*,*,#1199,.T.);
#1594=ORIENTED_EDGE('',*,*,#1200,.F.);
#1595=ORIENTED_EDGE('',*,*,#1201,.F.);
#1596=ORIENTED_EDGE('',*,*,#1202,.T.);
#1597=ORIENTED_EDGE('',*,*,#1203,.T.);
#1598=ORIENTED_EDGE('',*,*,#1204,.F.);
#1599=ORIENTED_EDGE('',*,*,#1202,.F.);
#1600=ORIENTED_EDGE('',*,*,#1205,.T.);
#1601=ORIENTED_EDGE('',*,*,#1206,.F.);
#1602=ORIENTED_EDGE('',*,*,#1207,.T.);
#1603=ORIENTED_EDGE('',*,*,#1208,.T.);
#1604=ORIENTED_EDGE('',*,*,#1205,.F.);
#1605=ORIENTED_EDGE('',*,*,#1209,.T.);
#1606=ORIENTED_EDGE('',*,*,#1210,.T.);
#1607=ORIENTED_EDGE('',*,*,#1211,.F.);
#1608=ORIENTED_EDGE('',*,*,#1209,.F.);
#1609=ORIENTED_EDGE('',*,*,#1212,.T.);
#1610=ORIENTED_EDGE('',*,*,#1213,.F.);
#1611=ORIENTED_EDGE('',*,*,#1214,.T.);
#1612=ORIENTED_EDGE('',*,*,#1212,.F.);
#1613=ORIENTED_EDGE('',*,*,#1215,.T.);
#1614=ORIENTED_EDGE('',*,*,#1216,.T.);
#1615=ORIENTED_EDGE('',*,*,#1217,.F.);
#1616=ORIENTED_EDGE('',*,*,#1218,.T.);
#1617=ORIENTED_EDGE('',*,*,#1219,.T.);
#1618=ORIENTED_EDGE('',*,*,#1220,.T.);
#1619=ORIENTED_EDGE('',*,*,#1219,.F.);
#1620=ORIENTED_EDGE('',*,*,#1221,.T.);
#1621=ORIENTED_EDGE('',*,*,#1222,.F.);
#1622=ORIENTED_EDGE('',*,*,#1223,.F.);
#1623=ORIENTED_EDGE('',*,*,#1224,.F.);
#1624=ORIENTED_EDGE('',*,*,#1225,.F.);
#1625=ORIENTED_EDGE('',*,*,#1226,.F.);
#1626=ORIENTED_EDGE('',*,*,#1227,.F.);
#1627=ORIENTED_EDGE('',*,*,#1228,.F.);
#1628=ORIENTED_EDGE('',*,*,#1229,.F.);
#1629=ORIENTED_EDGE('',*,*,#1230,.F.);
#1630=ORIENTED_EDGE('',*,*,#1231,.F.);
#1631=ORIENTED_EDGE('',*,*,#1232,.F.);
#1632=ORIENTED_EDGE('',*,*,#1233,.F.);
#1633=ORIENTED_EDGE('',*,*,#1234,.F.);
#1634=ORIENTED_EDGE('',*,*,#1235,.F.);
#1635=ORIENTED_EDGE('',*,*,#1236,.F.);
#1636=ORIENTED_EDGE('',*,*,#1237,.F.);
#1637=ORIENTED_EDGE('',*,*,#1238,.F.);
#1638=ORIENTED_EDGE('',*,*,#1239,.F.);
#1639=ORIENTED_EDGE('',*,*,#1240,.F.);
#1640=ORIENTED_EDGE('',*,*,#1241,.F.);
#1641=ORIENTED_EDGE('',*,*,#1242,.F.);
#1642=ORIENTED_EDGE('',*,*,#1243,.F.);
#1643=ORIENTED_EDGE('',*,*,#1244,.F.);
#1644=ORIENTED_EDGE('',*,*,#1245,.F.);
#1645=ORIENTED_EDGE('',*,*,#1220,.F.);
#1646=ORIENTED_EDGE('',*,*,#1218,.F.);
#1647=ORIENTED_EDGE('',*,*,#1246,.T.);
#1648=ORIENTED_EDGE('',*,*,#1247,.F.);
#1649=ORIENTED_EDGE('',*,*,#1246,.F.);
#1650=ORIENTED_EDGE('',*,*,#1221,.F.);
#1651=ORIENTED_EDGE('',*,*,#1248,.T.);
#1652=ORIENTED_EDGE('',*,*,#1249,.T.);
#1653=ORIENTED_EDGE('',*,*,#1244,.T.);
#1654=ORIENTED_EDGE('',*,*,#1249,.F.);
#1655=ORIENTED_EDGE('',*,*,#1250,.T.);
#1656=ORIENTED_EDGE('',*,*,#1248,.F.);
#1657=ORIENTED_EDGE('',*,*,#1251,.T.);
#1658=ORIENTED_EDGE('',*,*,#1252,.F.);
#1659=ORIENTED_EDGE('',*,*,#1251,.F.);
#1660=ORIENTED_EDGE('',*,*,#1250,.F.);
#1661=ORIENTED_EDGE('',*,*,#1253,.T.);
#1662=ORIENTED_EDGE('',*,*,#1254,.T.);
#1663=ORIENTED_EDGE('',*,*,#1245,.T.);
#1664=ORIENTED_EDGE('',*,*,#1254,.F.);
#1665=ORIENTED_EDGE('',*,*,#1255,.T.);
#1666=ORIENTED_EDGE('',*,*,#1253,.F.);
#1667=ORIENTED_EDGE('',*,*,#1256,.T.);
#1668=ORIENTED_EDGE('',*,*,#1257,.F.);
#1669=ORIENTED_EDGE('',*,*,#1256,.F.);
#1670=ORIENTED_EDGE('',*,*,#1255,.F.);
#1671=ORIENTED_EDGE('',*,*,#1258,.F.);
#1672=ORIENTED_EDGE('',*,*,#1259,.F.);
#1673=ORIENTED_EDGE('',*,*,#1260,.T.);
#1674=ORIENTED_EDGE('',*,*,#1261,.T.);
#1675=ORIENTED_EDGE('',*,*,#1262,.F.);
#1676=ORIENTED_EDGE('',*,*,#1263,.F.);
#1677=ORIENTED_EDGE('',*,*,#1264,.F.);
#1678=ORIENTED_EDGE('',*,*,#1265,.F.);
#1679=ORIENTED_EDGE('',*,*,#1266,.F.);
#1680=ORIENTED_EDGE('',*,*,#1267,.F.);
#1681=ORIENTED_EDGE('',*,*,#1268,.F.);
#1682=ORIENTED_EDGE('',*,*,#1269,.F.);
#1683=ORIENTED_EDGE('',*,*,#1270,.F.);
#1684=ORIENTED_EDGE('',*,*,#1269,.T.);
#1685=ORIENTED_EDGE('',*,*,#1271,.T.);
#1686=ORIENTED_EDGE('',*,*,#1264,.T.);
#1687=ORIENTED_EDGE('',*,*,#1240,.T.);
#1688=ORIENTED_EDGE('',*,*,#1272,.F.);
#1689=ORIENTED_EDGE('',*,*,#1273,.F.);
#1690=ORIENTED_EDGE('',*,*,#1274,.F.);
#1691=ORIENTED_EDGE('',*,*,#1266,.T.);
#1692=ORIENTED_EDGE('',*,*,#1275,.T.);
#1693=ORIENTED_EDGE('',*,*,#1273,.T.);
#1694=ORIENTED_EDGE('',*,*,#1222,.T.);
#1695=ORIENTED_EDGE('',*,*,#1276,.T.);
#1696=ORIENTED_EDGE('',*,*,#1277,.T.);
#1697=ORIENTED_EDGE('',*,*,#1274,.T.);
#1698=ORIENTED_EDGE('',*,*,#1278,.T.);
#1699=ORIENTED_EDGE('',*,*,#1279,.T.);
#1700=ORIENTED_EDGE('',*,*,#1223,.T.);
#1701=ORIENTED_EDGE('',*,*,#1272,.T.);
#1702=ORIENTED_EDGE('',*,*,#1280,.T.);
#1703=ORIENTED_EDGE('',*,*,#1281,.T.);
#1704=ORIENTED_EDGE('',*,*,#1224,.T.);
#1705=ORIENTED_EDGE('',*,*,#1279,.F.);
#1706=ORIENTED_EDGE('',*,*,#1282,.T.);
#1707=ORIENTED_EDGE('',*,*,#1283,.T.);
#1708=ORIENTED_EDGE('',*,*,#1225,.T.);
#1709=ORIENTED_EDGE('',*,*,#1281,.F.);
#1710=ORIENTED_EDGE('',*,*,#1284,.T.);
#1711=ORIENTED_EDGE('',*,*,#1285,.T.);
#1712=ORIENTED_EDGE('',*,*,#1226,.T.);
#1713=ORIENTED_EDGE('',*,*,#1283,.F.);
#1714=ORIENTED_EDGE('',*,*,#1286,.T.);
#1715=ORIENTED_EDGE('',*,*,#1287,.T.);
#1716=ORIENTED_EDGE('',*,*,#1227,.T.);
#1717=ORIENTED_EDGE('',*,*,#1285,.F.);
#1718=ORIENTED_EDGE('',*,*,#1288,.T.);
#1719=ORIENTED_EDGE('',*,*,#1289,.T.);
#1720=ORIENTED_EDGE('',*,*,#1228,.T.);
#1721=ORIENTED_EDGE('',*,*,#1287,.F.);
#1722=ORIENTED_EDGE('',*,*,#1290,.T.);
#1723=ORIENTED_EDGE('',*,*,#1291,.T.);
#1724=ORIENTED_EDGE('',*,*,#1229,.T.);
#1725=ORIENTED_EDGE('',*,*,#1289,.F.);
#1726=ORIENTED_EDGE('',*,*,#1292,.T.);
#1727=ORIENTED_EDGE('',*,*,#1293,.T.);
#1728=ORIENTED_EDGE('',*,*,#1230,.T.);
#1729=ORIENTED_EDGE('',*,*,#1291,.F.);
#1730=ORIENTED_EDGE('',*,*,#1294,.T.);
#1731=ORIENTED_EDGE('',*,*,#1295,.T.);
#1732=ORIENTED_EDGE('',*,*,#1231,.T.);
#1733=ORIENTED_EDGE('',*,*,#1293,.F.);
#1734=ORIENTED_EDGE('',*,*,#1296,.T.);
#1735=ORIENTED_EDGE('',*,*,#1297,.T.);
#1736=ORIENTED_EDGE('',*,*,#1232,.T.);
#1737=ORIENTED_EDGE('',*,*,#1295,.F.);
#1738=ORIENTED_EDGE('',*,*,#1298,.T.);
#1739=ORIENTED_EDGE('',*,*,#1299,.T.);
#1740=ORIENTED_EDGE('',*,*,#1233,.T.);
#1741=ORIENTED_EDGE('',*,*,#1297,.F.);
#1742=ORIENTED_EDGE('',*,*,#1300,.T.);
#1743=ORIENTED_EDGE('',*,*,#1301,.T.);
#1744=ORIENTED_EDGE('',*,*,#1234,.T.);
#1745=ORIENTED_EDGE('',*,*,#1299,.F.);
#1746=ORIENTED_EDGE('',*,*,#1302,.T.);
#1747=ORIENTED_EDGE('',*,*,#1303,.T.);
#1748=ORIENTED_EDGE('',*,*,#1235,.T.);
#1749=ORIENTED_EDGE('',*,*,#1301,.F.);
#1750=ORIENTED_EDGE('',*,*,#1304,.T.);
#1751=ORIENTED_EDGE('',*,*,#1305,.T.);
#1752=ORIENTED_EDGE('',*,*,#1236,.T.);
#1753=ORIENTED_EDGE('',*,*,#1303,.F.);
#1754=ORIENTED_EDGE('',*,*,#1306,.T.);
#1755=ORIENTED_EDGE('',*,*,#1307,.T.);
#1756=ORIENTED_EDGE('',*,*,#1237,.T.);
#1757=ORIENTED_EDGE('',*,*,#1305,.F.);
#1758=ORIENTED_EDGE('',*,*,#1308,.T.);
#1759=ORIENTED_EDGE('',*,*,#1309,.T.);
#1760=ORIENTED_EDGE('',*,*,#1238,.T.);
#1761=ORIENTED_EDGE('',*,*,#1307,.F.);
#1762=ORIENTED_EDGE('',*,*,#1310,.T.);
#1763=ORIENTED_EDGE('',*,*,#1309,.F.);
#1764=ORIENTED_EDGE('',*,*,#1311,.T.);
#1765=ORIENTED_EDGE('',*,*,#1270,.T.);
#1766=ORIENTED_EDGE('',*,*,#1239,.T.);
#1767=ORIENTED_EDGE('',*,*,#1312,.T.);
#1768=ORIENTED_EDGE('',*,*,#1313,.T.);
#1769=ORIENTED_EDGE('',*,*,#1268,.T.);
#1770=ORIENTED_EDGE('',*,*,#1314,.T.);
#1771=ORIENTED_EDGE('',*,*,#1315,.T.);
#1772=ORIENTED_EDGE('',*,*,#1241,.T.);
#1773=ORIENTED_EDGE('',*,*,#1263,.T.);
#1774=ORIENTED_EDGE('',*,*,#1316,.T.);
#1775=ORIENTED_EDGE('',*,*,#1317,.T.);
#1776=ORIENTED_EDGE('',*,*,#1242,.T.);
#1777=ORIENTED_EDGE('',*,*,#1315,.F.);
#1778=ORIENTED_EDGE('',*,*,#1318,.T.);
#1779=ORIENTED_EDGE('',*,*,#1267,.T.);
#1780=ORIENTED_EDGE('',*,*,#1243,.T.);
#1781=ORIENTED_EDGE('',*,*,#1317,.F.);
#1782=ORIENTED_EDGE('',*,*,#1319,.T.);
#1783=ORIENTED_EDGE('',*,*,#1320,.T.);
#1784=ORIENTED_EDGE('',*,*,#1321,.T.);
#1785=ORIENTED_EDGE('',*,*,#1265,.T.);
#1786=ORIENTED_EDGE('',*,*,#1322,.T.);
#1787=ORIENTED_EDGE('',*,*,#1323,.T.);
#1788=ORIENTED_EDGE('',*,*,#1324,.T.);
#1789=ORIENTED_EDGE('',*,*,#1320,.F.);
#1790=ORIENTED_EDGE('',*,*,#1325,.T.);
#1791=ORIENTED_EDGE('',*,*,#1326,.T.);
#1792=ORIENTED_EDGE('',*,*,#1327,.T.);
#1793=ORIENTED_EDGE('',*,*,#1323,.F.);
#1794=ORIENTED_EDGE('',*,*,#1328,.T.);
#1795=ORIENTED_EDGE('',*,*,#1259,.T.);
#1796=ORIENTED_EDGE('',*,*,#1329,.T.);
#1797=ORIENTED_EDGE('',*,*,#1261,.F.);
#1798=ORIENTED_EDGE('',*,*,#1330,.T.);
#1799=ORIENTED_EDGE('',*,*,#1331,.T.);
#1800=ORIENTED_EDGE('',*,*,#1332,.T.);
#1801=ORIENTED_EDGE('',*,*,#1333,.T.);
#1802=ORIENTED_EDGE('',*,*,#1334,.T.);
#1803=ORIENTED_EDGE('',*,*,#1331,.F.);
#1804=ORIENTED_EDGE('',*,*,#1335,.T.);
#1805=ORIENTED_EDGE('',*,*,#1333,.F.);
#1806=ORIENTED_EDGE('',*,*,#1336,.T.);
#1807=ORIENTED_EDGE('',*,*,#1262,.T.);
#1808=ORIENTED_EDGE('',*,*,#1337,.T.);
#1809=ORIENTED_EDGE('',*,*,#1258,.T.);
#1810=ORIENTED_EDGE('',*,*,#1329,.F.);
#1811=ORIENTED_EDGE('',*,*,#1338,.T.);
#1812=ORIENTED_EDGE('',*,*,#1339,.T.);
#1813=ORIENTED_EDGE('',*,*,#1340,.T.);
#1814=ORIENTED_EDGE('',*,*,#1341,.T.);
#1815=ORIENTED_EDGE('',*,*,#1342,.T.);
#1816=ORIENTED_EDGE('',*,*,#1326,.F.);
#1817=ORIENTED_EDGE('',*,*,#1341,.F.);
#1818=ORIENTED_EDGE('',*,*,#1343,.T.);
#1819=ORIENTED_EDGE('',*,*,#1276,.F.);
#1820=ORIENTED_EDGE('',*,*,#1312,.F.);
#1821=ORIENTED_EDGE('',*,*,#1344,.T.);
#1822=ORIENTED_EDGE('',*,*,#1339,.F.);
#1823=ORIENTED_EDGE('',*,*,#1325,.F.);
#1824=ORIENTED_EDGE('',*,*,#1345,.T.);
#1825=ORIENTED_EDGE('',*,*,#1346,.T.);
#1826=ORIENTED_EDGE('',*,*,#1347,.T.);
#1827=ORIENTED_EDGE('',*,*,#1322,.F.);
#1828=ORIENTED_EDGE('',*,*,#1319,.F.);
#1829=ORIENTED_EDGE('',*,*,#1348,.T.);
#1830=ORIENTED_EDGE('',*,*,#1345,.F.);
#1831=ORIENTED_EDGE('',*,*,#1318,.F.);
#1832=ORIENTED_EDGE('',*,*,#1349,.T.);
#1833=ORIENTED_EDGE('',*,*,#1350,.F.);
#1834=ORIENTED_EDGE('',*,*,#1348,.F.);
#1835=ORIENTED_EDGE('',*,*,#1294,.F.);
#1836=ORIENTED_EDGE('',*,*,#1351,.T.);
#1837=ORIENTED_EDGE('',*,*,#1352,.F.);
#1838=ORIENTED_EDGE('',*,*,#1353,.F.);
#1839=ORIENTED_EDGE('',*,*,#1354,.T.);
#1840=ORIENTED_EDGE('',*,*,#1292,.F.);
#1841=ORIENTED_EDGE('',*,*,#1355,.F.);
#1842=ORIENTED_EDGE('',*,*,#1356,.F.);
#1843=ORIENTED_EDGE('',*,*,#1357,.F.);
#1844=ORIENTED_EDGE('',*,*,#1358,.F.);
#1845=ORIENTED_EDGE('',*,*,#1351,.F.);
#1846=ORIENTED_EDGE('',*,*,#1290,.F.);
#1847=ORIENTED_EDGE('',*,*,#1359,.T.);
#1848=ORIENTED_EDGE('',*,*,#1192,.F.);
#1849=ORIENTED_EDGE('',*,*,#1197,.F.);
#1850=ORIENTED_EDGE('',*,*,#1360,.F.);
#1851=ORIENTED_EDGE('',*,*,#1355,.T.);
#1852=ORIENTED_EDGE('',*,*,#1288,.F.);
#1853=ORIENTED_EDGE('',*,*,#1361,.T.);
#1854=ORIENTED_EDGE('',*,*,#1173,.F.);
#1855=ORIENTED_EDGE('',*,*,#1362,.F.);
#1856=ORIENTED_EDGE('',*,*,#1193,.F.);
#1857=ORIENTED_EDGE('',*,*,#1359,.F.);
#1858=ORIENTED_EDGE('',*,*,#1286,.F.);
#1859=ORIENTED_EDGE('',*,*,#1363,.T.);
#1860=ORIENTED_EDGE('',*,*,#1364,.F.);
#1861=ORIENTED_EDGE('',*,*,#1365,.F.);
#1862=ORIENTED_EDGE('',*,*,#1366,.F.);
#1863=ORIENTED_EDGE('',*,*,#1169,.F.);
#1864=ORIENTED_EDGE('',*,*,#1174,.F.);
#1865=ORIENTED_EDGE('',*,*,#1361,.F.);
#1866=ORIENTED_EDGE('',*,*,#1284,.F.);
#1867=ORIENTED_EDGE('',*,*,#1367,.T.);
#1868=ORIENTED_EDGE('',*,*,#1368,.F.);
#1869=ORIENTED_EDGE('',*,*,#1363,.F.);
#1870=ORIENTED_EDGE('',*,*,#1282,.F.);
#1871=ORIENTED_EDGE('',*,*,#1369,.T.);
#1872=ORIENTED_EDGE('',*,*,#1158,.F.);
#1873=ORIENTED_EDGE('',*,*,#1163,.F.);
#1874=ORIENTED_EDGE('',*,*,#1370,.F.);
#1875=ORIENTED_EDGE('',*,*,#1371,.F.);
#1876=ORIENTED_EDGE('',*,*,#1372,.F.);
#1877=ORIENTED_EDGE('',*,*,#1367,.F.);
#1878=ORIENTED_EDGE('',*,*,#1280,.F.);
#1879=ORIENTED_EDGE('',*,*,#1277,.F.);
#1880=ORIENTED_EDGE('',*,*,#1373,.F.);
#1881=ORIENTED_EDGE('',*,*,#1159,.F.);
#1882=ORIENTED_EDGE('',*,*,#1369,.F.);
#1883=ORIENTED_EDGE('',*,*,#1343,.F.);
#1884=ORIENTED_EDGE('',*,*,#1374,.T.);
#1885=ORIENTED_EDGE('',*,*,#1155,.T.);
#1886=ORIENTED_EDGE('',*,*,#1160,.T.);
#1887=ORIENTED_EDGE('',*,*,#1373,.T.);
#1888=ORIENTED_EDGE('',*,*,#1340,.F.);
#1889=ORIENTED_EDGE('',*,*,#1375,.F.);
#1890=ORIENTED_EDGE('',*,*,#1210,.F.);
#1891=ORIENTED_EDGE('',*,*,#1214,.F.);
#1892=ORIENTED_EDGE('',*,*,#1376,.F.);
#1893=ORIENTED_EDGE('',*,*,#1377,.F.);
#1894=ORIENTED_EDGE('',*,*,#1378,.F.);
#1895=ORIENTED_EDGE('',*,*,#1186,.F.);
#1896=ORIENTED_EDGE('',*,*,#1190,.F.);
#1897=ORIENTED_EDGE('',*,*,#1379,.F.);
#1898=ORIENTED_EDGE('',*,*,#1176,.F.);
#1899=ORIENTED_EDGE('',*,*,#1180,.F.);
#1900=ORIENTED_EDGE('',*,*,#1380,.F.);
#1901=ORIENTED_EDGE('',*,*,#1381,.F.);
#1902=ORIENTED_EDGE('',*,*,#1382,.F.);
#1903=ORIENTED_EDGE('',*,*,#1152,.F.);
#1904=ORIENTED_EDGE('',*,*,#1156,.F.);
#1905=ORIENTED_EDGE('',*,*,#1374,.F.);
#1906=ORIENTED_EDGE('',*,*,#1332,.F.);
#1907=ORIENTED_EDGE('',*,*,#1334,.F.);
#1908=ORIENTED_EDGE('',*,*,#1337,.F.);
#1909=ORIENTED_EDGE('',*,*,#1271,.F.);
#1910=ORIENTED_EDGE('',*,*,#1313,.F.);
#1911=ORIENTED_EDGE('',*,*,#1338,.F.);
#1912=ORIENTED_EDGE('',*,*,#1275,.F.);
#1913=ORIENTED_EDGE('',*,*,#1321,.F.);
#1914=ORIENTED_EDGE('',*,*,#1324,.F.);
#1915=ORIENTED_EDGE('',*,*,#1327,.F.);
#1916=ORIENTED_EDGE('',*,*,#1342,.F.);
#1917=ORIENTED_EDGE('',*,*,#1278,.F.);
#1918=ORIENTED_EDGE('',*,*,#1383,.T.);
#1919=ORIENTED_EDGE('',*,*,#1384,.T.);
#1920=ORIENTED_EDGE('',*,*,#1385,.T.);
#1921=ORIENTED_EDGE('',*,*,#1364,.T.);
#1922=ORIENTED_EDGE('',*,*,#1386,.T.);
#1923=ORIENTED_EDGE('',*,*,#1387,.T.);
#1924=ORIENTED_EDGE('',*,*,#1383,.F.);
#1925=ORIENTED_EDGE('',*,*,#1368,.T.);
#1926=ORIENTED_EDGE('',*,*,#1388,.T.);
#1927=ORIENTED_EDGE('',*,*,#1389,.T.);
#1928=ORIENTED_EDGE('',*,*,#1386,.F.);
#1929=ORIENTED_EDGE('',*,*,#1372,.T.);
#1930=ORIENTED_EDGE('',*,*,#1390,.T.);
#1931=ORIENTED_EDGE('',*,*,#1391,.T.);
#1932=ORIENTED_EDGE('',*,*,#1392,.T.);
#1933=ORIENTED_EDGE('',*,*,#1393,.T.);
#1934=ORIENTED_EDGE('',*,*,#1394,.T.);
#1935=ORIENTED_EDGE('',*,*,#1395,.T.);
#1936=ORIENTED_EDGE('',*,*,#1392,.F.);
#1937=ORIENTED_EDGE('',*,*,#1396,.T.);
#1938=ORIENTED_EDGE('',*,*,#1397,.T.);
#1939=ORIENTED_EDGE('',*,*,#1398,.T.);
#1940=ORIENTED_EDGE('',*,*,#1394,.F.);
#1941=ORIENTED_EDGE('',*,*,#1399,.T.);
#1942=ORIENTED_EDGE('',*,*,#1399,.F.);
#1943=ORIENTED_EDGE('',*,*,#1396,.F.);
#1944=ORIENTED_EDGE('',*,*,#1391,.F.);
#1945=ORIENTED_EDGE('',*,*,#1400,.F.);
#1946=ORIENTED_EDGE('',*,*,#1401,.T.);
#1947=ORIENTED_EDGE('',*,*,#1402,.T.);
#1948=ORIENTED_EDGE('',*,*,#1403,.T.);
#1949=ORIENTED_EDGE('',*,*,#1404,.T.);
#1950=ORIENTED_EDGE('',*,*,#1405,.T.);
#1951=ORIENTED_EDGE('',*,*,#1406,.T.);
#1952=ORIENTED_EDGE('',*,*,#1403,.F.);
#1953=ORIENTED_EDGE('',*,*,#1407,.T.);
#1954=ORIENTED_EDGE('',*,*,#1408,.T.);
#1955=ORIENTED_EDGE('',*,*,#1409,.T.);
#1956=ORIENTED_EDGE('',*,*,#1405,.F.);
#1957=ORIENTED_EDGE('',*,*,#1410,.T.);
#1958=ORIENTED_EDGE('',*,*,#1410,.F.);
#1959=ORIENTED_EDGE('',*,*,#1407,.F.);
#1960=ORIENTED_EDGE('',*,*,#1402,.F.);
#1961=ORIENTED_EDGE('',*,*,#1411,.F.);
#1962=ORIENTED_EDGE('',*,*,#1412,.T.);
#1963=ORIENTED_EDGE('',*,*,#1413,.T.);
#1964=ORIENTED_EDGE('',*,*,#1414,.T.);
#1965=ORIENTED_EDGE('',*,*,#1415,.T.);
#1966=ORIENTED_EDGE('',*,*,#1416,.T.);
#1967=ORIENTED_EDGE('',*,*,#1417,.T.);
#1968=ORIENTED_EDGE('',*,*,#1414,.F.);
#1969=ORIENTED_EDGE('',*,*,#1418,.T.);
#1970=ORIENTED_EDGE('',*,*,#1419,.T.);
#1971=ORIENTED_EDGE('',*,*,#1420,.T.);
#1972=ORIENTED_EDGE('',*,*,#1416,.F.);
#1973=ORIENTED_EDGE('',*,*,#1421,.T.);
#1974=ORIENTED_EDGE('',*,*,#1422,.T.);
#1975=ORIENTED_EDGE('',*,*,#1423,.T.);
#1976=ORIENTED_EDGE('',*,*,#1412,.F.);
#1977=ORIENTED_EDGE('',*,*,#1424,.T.);
#1978=ORIENTED_EDGE('',*,*,#1425,.T.);
#1979=ORIENTED_EDGE('',*,*,#1426,.T.);
#1980=ORIENTED_EDGE('',*,*,#1427,.T.);
#1981=ORIENTED_EDGE('',*,*,#1353,.T.);
#1982=ORIENTED_EDGE('',*,*,#1428,.T.);
#1983=ORIENTED_EDGE('',*,*,#1429,.T.);
#1984=ORIENTED_EDGE('',*,*,#1427,.F.);
#1985=ORIENTED_EDGE('',*,*,#1430,.T.);
#1986=ORIENTED_EDGE('',*,*,#1431,.T.);
#1987=ORIENTED_EDGE('',*,*,#1432,.T.);
#1988=ORIENTED_EDGE('',*,*,#1428,.F.);
#1989=ORIENTED_EDGE('',*,*,#1433,.T.);
#1990=ORIENTED_EDGE('',*,*,#1434,.T.);
#1991=ORIENTED_EDGE('',*,*,#1435,.T.);
#1992=ORIENTED_EDGE('',*,*,#1425,.F.);
#1993=ORIENTED_EDGE('',*,*,#1352,.T.);
#1994=ORIENTED_EDGE('',*,*,#1201,.T.);
#1995=ORIENTED_EDGE('',*,*,#1436,.F.);
#1996=ORIENTED_EDGE('',*,*,#1437,.T.);
#1997=ORIENTED_EDGE('',*,*,#1215,.F.);
#1998=ORIENTED_EDGE('',*,*,#1184,.T.);
#1999=ORIENTED_EDGE('',*,*,#1438,.F.);
#2000=ORIENTED_EDGE('',*,*,#1439,.T.);
#2001=ORIENTED_EDGE('',*,*,#1198,.F.);
#2002=ORIENTED_EDGE('',*,*,#1167,.T.);
#2003=ORIENTED_EDGE('',*,*,#1440,.F.);
#2004=ORIENTED_EDGE('',*,*,#1441,.T.);
#2005=ORIENTED_EDGE('',*,*,#1181,.F.);
#2006=ORIENTED_EDGE('',*,*,#1150,.T.);
#2007=ORIENTED_EDGE('',*,*,#1442,.F.);
#2008=ORIENTED_EDGE('',*,*,#1443,.T.);
#2009=ORIENTED_EDGE('',*,*,#1164,.F.);
#2010=ORIENTED_EDGE('',*,*,#1444,.T.);
#2011=ORIENTED_EDGE('',*,*,#1445,.F.);
#2012=ORIENTED_EDGE('',*,*,#1446,.T.);
#2013=ORIENTED_EDGE('',*,*,#1447,.F.);
#2014=ORIENTED_EDGE('',*,*,#1448,.T.);
#2015=ORIENTED_EDGE('',*,*,#1449,.T.);
#2016=ORIENTED_EDGE('',*,*,#1445,.T.);
#2017=ORIENTED_EDGE('',*,*,#1450,.T.);
#2018=ORIENTED_EDGE('',*,*,#1447,.T.);
#2019=ORIENTED_EDGE('',*,*,#1381,.T.);
#2020=ORIENTED_EDGE('',*,*,#1442,.T.);
#2021=ORIENTED_EDGE('',*,*,#1153,.T.);
#2022=ORIENTED_EDGE('',*,*,#1382,.T.);
#2023=ORIENTED_EDGE('',*,*,#1449,.F.);
#2024=ORIENTED_EDGE('',*,*,#1451,.T.);
#2025=ORIENTED_EDGE('',*,*,#1452,.T.);
#2026=ORIENTED_EDGE('',*,*,#1370,.T.);
#2027=ORIENTED_EDGE('',*,*,#1162,.T.);
#2028=ORIENTED_EDGE('',*,*,#1166,.T.);
#2029=ORIENTED_EDGE('',*,*,#1453,.T.);
#2030=ORIENTED_EDGE('',*,*,#1454,.T.);
#2031=ORIENTED_EDGE('',*,*,#1455,.T.);
#2032=ORIENTED_EDGE('',*,*,#1452,.F.);
#2033=ORIENTED_EDGE('',*,*,#1456,.T.);
#2034=ORIENTED_EDGE('',*,*,#1454,.F.);
#2035=ORIENTED_EDGE('',*,*,#1457,.T.);
#2036=ORIENTED_EDGE('',*,*,#1448,.F.);
#2037=ORIENTED_EDGE('',*,*,#1458,.T.);
#2038=ORIENTED_EDGE('',*,*,#1446,.F.);
#2039=ORIENTED_EDGE('',*,*,#1380,.T.);
#2040=ORIENTED_EDGE('',*,*,#1179,.T.);
#2041=ORIENTED_EDGE('',*,*,#1183,.T.);
#2042=ORIENTED_EDGE('',*,*,#1459,.T.);
#2043=ORIENTED_EDGE('',*,*,#1460,.T.);
#2044=ORIENTED_EDGE('',*,*,#1461,.T.);
#2045=ORIENTED_EDGE('',*,*,#1440,.T.);
#2046=ORIENTED_EDGE('',*,*,#1170,.T.);
#2047=ORIENTED_EDGE('',*,*,#1366,.T.);
#2048=ORIENTED_EDGE('',*,*,#1462,.T.);
#2049=ORIENTED_EDGE('',*,*,#1463,.T.);
#2050=ORIENTED_EDGE('',*,*,#1460,.F.);
#2051=ORIENTED_EDGE('',*,*,#1464,.T.);
#2052=ORIENTED_EDGE('',*,*,#1444,.F.);
#2053=ORIENTED_EDGE('',*,*,#1465,.T.);
#2054=ORIENTED_EDGE('',*,*,#1462,.F.);
#2055=ORIENTED_EDGE('',*,*,#1466,.T.);
#2056=ORIENTED_EDGE('',*,*,#1172,.T.);
#2057=ORIENTED_EDGE('',*,*,#1177,.T.);
#2058=ORIENTED_EDGE('',*,*,#1379,.T.);
#2059=ORIENTED_EDGE('',*,*,#1189,.T.);
#2060=ORIENTED_EDGE('',*,*,#1194,.T.);
#2061=ORIENTED_EDGE('',*,*,#1362,.T.);
#2062=ORIENTED_EDGE('',*,*,#1467,.T.);
#2063=ORIENTED_EDGE('',*,*,#1376,.T.);
#2064=ORIENTED_EDGE('',*,*,#1213,.T.);
#2065=ORIENTED_EDGE('',*,*,#1217,.T.);
#2066=ORIENTED_EDGE('',*,*,#1468,.T.);
#2067=ORIENTED_EDGE('',*,*,#1469,.T.);
#2068=ORIENTED_EDGE('',*,*,#1377,.T.);
#2069=ORIENTED_EDGE('',*,*,#1467,.F.);
#2070=ORIENTED_EDGE('',*,*,#1470,.T.);
#2071=ORIENTED_EDGE('',*,*,#1438,.T.);
#2072=ORIENTED_EDGE('',*,*,#1187,.T.);
#2073=ORIENTED_EDGE('',*,*,#1378,.T.);
#2074=ORIENTED_EDGE('',*,*,#1469,.F.);
#2075=ORIENTED_EDGE('',*,*,#1471,.T.);
#2076=ORIENTED_EDGE('',*,*,#1472,.T.);
#2077=ORIENTED_EDGE('',*,*,#1360,.T.);
#2078=ORIENTED_EDGE('',*,*,#1196,.T.);
#2079=ORIENTED_EDGE('',*,*,#1200,.T.);
#2080=ORIENTED_EDGE('',*,*,#1473,.T.);
#2081=ORIENTED_EDGE('',*,*,#1474,.T.);
#2082=ORIENTED_EDGE('',*,*,#1356,.T.);
#2083=ORIENTED_EDGE('',*,*,#1472,.F.);
#2084=ORIENTED_EDGE('',*,*,#1475,.T.);
#2085=ORIENTED_EDGE('',*,*,#1474,.F.);
#2086=ORIENTED_EDGE('',*,*,#1476,.T.);
#2087=ORIENTED_EDGE('',*,*,#1477,.T.);
#2088=ORIENTED_EDGE('',*,*,#1357,.T.);
#2089=ORIENTED_EDGE('',*,*,#1344,.F.);
#2090=ORIENTED_EDGE('',*,*,#1478,.T.);
#2091=ORIENTED_EDGE('',*,*,#1206,.T.);
#2092=ORIENTED_EDGE('',*,*,#1211,.T.);
#2093=ORIENTED_EDGE('',*,*,#1375,.T.);
#2094=ORIENTED_EDGE('',*,*,#1479,.T.);
#2095=ORIENTED_EDGE('',*,*,#1480,.T.);
#2096=ORIENTED_EDGE('',*,*,#1481,.T.);
#2097=ORIENTED_EDGE('',*,*,#1482,.T.);
#2098=ORIENTED_EDGE('',*,*,#1483,.T.);
#2099=ORIENTED_EDGE('',*,*,#1484,.T.);
#2100=ORIENTED_EDGE('',*,*,#1481,.F.);
#2101=ORIENTED_EDGE('',*,*,#1485,.T.);
#2102=ORIENTED_EDGE('',*,*,#1483,.F.);
#2103=ORIENTED_EDGE('',*,*,#1486,.T.);
#2104=ORIENTED_EDGE('',*,*,#1436,.T.);
#2105=ORIENTED_EDGE('',*,*,#1204,.T.);
#2106=ORIENTED_EDGE('',*,*,#1487,.T.);
#2107=ORIENTED_EDGE('',*,*,#1477,.F.);
#2108=ORIENTED_EDGE('',*,*,#1488,.T.);
#2109=ORIENTED_EDGE('',*,*,#1434,.F.);
#2110=ORIENTED_EDGE('',*,*,#1358,.T.);
#2111=ORIENTED_EDGE('',*,*,#1489,.T.);
#2112=ORIENTED_EDGE('',*,*,#1490,.T.);
#2113=ORIENTED_EDGE('',*,*,#1431,.F.);
#2114=ORIENTED_EDGE('',*,*,#1491,.T.);
#2115=ORIENTED_EDGE('',*,*,#1489,.F.);
#2116=ORIENTED_EDGE('',*,*,#1492,.T.);
#2117=ORIENTED_EDGE('',*,*,#1422,.F.);
#2118=ORIENTED_EDGE('',*,*,#1493,.T.);
#2119=ORIENTED_EDGE('',*,*,#1479,.F.);
#2120=ORIENTED_EDGE('',*,*,#1494,.T.);
#2121=ORIENTED_EDGE('',*,*,#1419,.F.);
#2122=ORIENTED_EDGE('',*,*,#1495,.T.);
#2123=ORIENTED_EDGE('',*,*,#1476,.F.);
#2124=ORIENTED_EDGE('',*,*,#1496,.T.);
#2125=ORIENTED_EDGE('',*,*,#1497,.F.);
#2126=ORIENTED_EDGE('',*,*,#1475,.F.);
#2127=ORIENTED_EDGE('',*,*,#1473,.F.);
#2128=ORIENTED_EDGE('',*,*,#1199,.F.);
#2129=ORIENTED_EDGE('',*,*,#1439,.F.);
#2130=ORIENTED_EDGE('',*,*,#1471,.F.);
#2131=ORIENTED_EDGE('',*,*,#1498,.F.);
#2132=ORIENTED_EDGE('',*,*,#1496,.F.);
#2133=ORIENTED_EDGE('',*,*,#1395,.F.);
#2134=ORIENTED_EDGE('',*,*,#1499,.F.);
#2135=ORIENTED_EDGE('',*,*,#1498,.T.);
#2136=ORIENTED_EDGE('',*,*,#1470,.F.);
#2137=ORIENTED_EDGE('',*,*,#1500,.T.);
#2138=ORIENTED_EDGE('',*,*,#1501,.F.);
#2139=ORIENTED_EDGE('',*,*,#1406,.F.);
#2140=ORIENTED_EDGE('',*,*,#1502,.F.);
#2141=ORIENTED_EDGE('',*,*,#1468,.F.);
#2142=ORIENTED_EDGE('',*,*,#1216,.F.);
#2143=ORIENTED_EDGE('',*,*,#1437,.F.);
#2144=ORIENTED_EDGE('',*,*,#1486,.F.);
#2145=ORIENTED_EDGE('',*,*,#1485,.F.);
#2146=ORIENTED_EDGE('',*,*,#1503,.F.);
#2147=ORIENTED_EDGE('',*,*,#1500,.F.);
#2148=ORIENTED_EDGE('',*,*,#1413,.F.);
#2149=ORIENTED_EDGE('',*,*,#1504,.F.);
#2150=ORIENTED_EDGE('',*,*,#1408,.F.);
#2151=ORIENTED_EDGE('',*,*,#1411,.T.);
#2152=ORIENTED_EDGE('',*,*,#1401,.F.);
#2153=ORIENTED_EDGE('',*,*,#1505,.F.);
#2154=ORIENTED_EDGE('',*,*,#1506,.F.);
#2155=ORIENTED_EDGE('',*,*,#1421,.F.);
#2156=ORIENTED_EDGE('',*,*,#1418,.F.);
#2157=ORIENTED_EDGE('',*,*,#1252,.T.);
#2158=ORIENTED_EDGE('',*,*,#1458,.F.);
#2159=ORIENTED_EDGE('',*,*,#1450,.F.);
#2160=ORIENTED_EDGE('',*,*,#1466,.F.);
#2161=ORIENTED_EDGE('',*,*,#1507,.F.);
#2162=ORIENTED_EDGE('',*,*,#1508,.F.);
#2163=ORIENTED_EDGE('',*,*,#1509,.F.);
#2164=ORIENTED_EDGE('',*,*,#1464,.F.);
#2165=ORIENTED_EDGE('',*,*,#1365,.T.);
#2166=ORIENTED_EDGE('',*,*,#1385,.F.);
#2167=ORIENTED_EDGE('',*,*,#1510,.T.);
#2168=ORIENTED_EDGE('',*,*,#1507,.T.);
#2169=ORIENTED_EDGE('',*,*,#1296,.F.);
#2170=ORIENTED_EDGE('',*,*,#1354,.F.);
#2171=ORIENTED_EDGE('',*,*,#1429,.F.);
#2172=ORIENTED_EDGE('',*,*,#1511,.F.);
#2173=ORIENTED_EDGE('',*,*,#1298,.F.);
#2174=ORIENTED_EDGE('',*,*,#1511,.T.);
#2175=ORIENTED_EDGE('',*,*,#1432,.F.);
#2176=ORIENTED_EDGE('',*,*,#1490,.F.);
#2177=ORIENTED_EDGE('',*,*,#1512,.T.);
#2178=ORIENTED_EDGE('',*,*,#1300,.F.);
#2179=ORIENTED_EDGE('',*,*,#1512,.F.);
#2180=ORIENTED_EDGE('',*,*,#1493,.F.);
#2181=ORIENTED_EDGE('',*,*,#1513,.F.);
#2182=ORIENTED_EDGE('',*,*,#1302,.F.);
#2183=ORIENTED_EDGE('',*,*,#1513,.T.);
#2184=ORIENTED_EDGE('',*,*,#1424,.F.);
#2185=ORIENTED_EDGE('',*,*,#1415,.F.);
#2186=ORIENTED_EDGE('',*,*,#1514,.T.);
#2187=ORIENTED_EDGE('',*,*,#1304,.F.);
#2188=ORIENTED_EDGE('',*,*,#1514,.F.);
#2189=ORIENTED_EDGE('',*,*,#1417,.F.);
#2190=ORIENTED_EDGE('',*,*,#1515,.F.);
#2191=ORIENTED_EDGE('',*,*,#1306,.F.);
#2192=ORIENTED_EDGE('',*,*,#1515,.T.);
#2193=ORIENTED_EDGE('',*,*,#1420,.F.);
#2194=ORIENTED_EDGE('',*,*,#1494,.F.);
#2195=ORIENTED_EDGE('',*,*,#1516,.T.);
#2196=ORIENTED_EDGE('',*,*,#1441,.F.);
#2197=ORIENTED_EDGE('',*,*,#1461,.F.);
#2198=ORIENTED_EDGE('',*,*,#1463,.F.);
#2199=ORIENTED_EDGE('',*,*,#1465,.F.);
#2200=ORIENTED_EDGE('',*,*,#1459,.F.);
#2201=ORIENTED_EDGE('',*,*,#1182,.F.);
#2202=ORIENTED_EDGE('',*,*,#1443,.F.);
#2203=ORIENTED_EDGE('',*,*,#1451,.F.);
#2204=ORIENTED_EDGE('',*,*,#1457,.F.);
#2205=ORIENTED_EDGE('',*,*,#1456,.F.);
#2206=ORIENTED_EDGE('',*,*,#1453,.F.);
#2207=ORIENTED_EDGE('',*,*,#1165,.F.);
#2208=ORIENTED_EDGE('',*,*,#1455,.F.);
#2209=ORIENTED_EDGE('',*,*,#1509,.T.);
#2210=ORIENTED_EDGE('',*,*,#1517,.F.);
#2211=ORIENTED_EDGE('',*,*,#1388,.F.);
#2212=ORIENTED_EDGE('',*,*,#1371,.T.);
#2213=ORIENTED_EDGE('',*,*,#1398,.F.);
#2214=ORIENTED_EDGE('',*,*,#1518,.T.);
#2215=ORIENTED_EDGE('',*,*,#1435,.F.);
#2216=ORIENTED_EDGE('',*,*,#1488,.F.);
#2217=ORIENTED_EDGE('',*,*,#1497,.T.);
#2218=ORIENTED_EDGE('',*,*,#1499,.T.);
#2219=ORIENTED_EDGE('',*,*,#1393,.F.);
#2220=ORIENTED_EDGE('',*,*,#1502,.T.);
#2221=ORIENTED_EDGE('',*,*,#1409,.F.);
#2222=ORIENTED_EDGE('',*,*,#1504,.T.);
#2223=ORIENTED_EDGE('',*,*,#1423,.F.);
#2224=ORIENTED_EDGE('',*,*,#1492,.F.);
#2225=ORIENTED_EDGE('',*,*,#1491,.F.);
#2226=ORIENTED_EDGE('',*,*,#1519,.T.);
#2227=ORIENTED_EDGE('',*,*,#1495,.F.);
#2228=ORIENTED_EDGE('',*,*,#1506,.T.);
#2229=ORIENTED_EDGE('',*,*,#1520,.T.);
#2230=ORIENTED_EDGE('',*,*,#1503,.T.);
#2231=ORIENTED_EDGE('',*,*,#1480,.F.);
#2232=ORIENTED_EDGE('',*,*,#1404,.F.);
#2233=ORIENTED_EDGE('',*,*,#1501,.T.);
#2234=ORIENTED_EDGE('',*,*,#1520,.F.);
#2235=ORIENTED_EDGE('',*,*,#1505,.T.);
#2236=ORIENTED_EDGE('',*,*,#1260,.F.);
#2237=ORIENTED_EDGE('',*,*,#1521,.T.);
#2238=ORIENTED_EDGE('',*,*,#1522,.F.);
#2239=ORIENTED_EDGE('',*,*,#1523,.T.);
#2240=ORIENTED_EDGE('',*,*,#1522,.T.);
#2241=ORIENTED_EDGE('',*,*,#1524,.F.);
#2242=ORIENTED_EDGE('',*,*,#1525,.F.);
#2243=ORIENTED_EDGE('',*,*,#1526,.F.);
#2244=ORIENTED_EDGE('',*,*,#1328,.F.);
#2245=ORIENTED_EDGE('',*,*,#1347,.F.);
#2246=ORIENTED_EDGE('',*,*,#1524,.T.);
#2247=ORIENTED_EDGE('',*,*,#1521,.F.);
#2248=ORIENTED_EDGE('',*,*,#1346,.F.);
#2249=ORIENTED_EDGE('',*,*,#1350,.T.);
#2250=ORIENTED_EDGE('',*,*,#1527,.T.);
#2251=ORIENTED_EDGE('',*,*,#1525,.T.);
#2252=ORIENTED_EDGE('',*,*,#1335,.F.);
#2253=ORIENTED_EDGE('',*,*,#1528,.T.);
#2254=ORIENTED_EDGE('',*,*,#1527,.F.);
#2255=ORIENTED_EDGE('',*,*,#1529,.T.);
#2256=ORIENTED_EDGE('',*,*,#1336,.F.);
#2257=ORIENTED_EDGE('',*,*,#1529,.F.);
#2258=ORIENTED_EDGE('',*,*,#1349,.F.);
#2259=ORIENTED_EDGE('',*,*,#1316,.F.);
#2260=ORIENTED_EDGE('',*,*,#1330,.F.);
#2261=ORIENTED_EDGE('',*,*,#1523,.F.);
#2262=ORIENTED_EDGE('',*,*,#1526,.T.);
#2263=ORIENTED_EDGE('',*,*,#1528,.F.);
#2264=ORIENTED_EDGE('',*,*,#1389,.F.);
#2265=ORIENTED_EDGE('',*,*,#1517,.T.);
#2266=ORIENTED_EDGE('',*,*,#1508,.T.);
#2267=ORIENTED_EDGE('',*,*,#1510,.F.);
#2268=ORIENTED_EDGE('',*,*,#1384,.F.);
#2269=ORIENTED_EDGE('',*,*,#1387,.F.);
#2270=ORIENTED_EDGE('',*,*,#1247,.T.);
#2271=ORIENTED_EDGE('',*,*,#1426,.F.);
#2272=ORIENTED_EDGE('',*,*,#1518,.F.);
#2273=ORIENTED_EDGE('',*,*,#1397,.F.);
#2274=ORIENTED_EDGE('',*,*,#1400,.T.);
#2275=ORIENTED_EDGE('',*,*,#1390,.F.);
#2276=ORIENTED_EDGE('',*,*,#1519,.F.);
#2277=ORIENTED_EDGE('',*,*,#1433,.F.);
#2278=ORIENTED_EDGE('',*,*,#1430,.F.);
#2279=ORIENTED_EDGE('',*,*,#1257,.T.);
#2280=ORIENTED_EDGE('',*,*,#1310,.F.);
#2281=ORIENTED_EDGE('',*,*,#1530,.T.);
#2282=ORIENTED_EDGE('',*,*,#1487,.F.);
#2283=ORIENTED_EDGE('',*,*,#1203,.F.);
#2284=ORIENTED_EDGE('',*,*,#1208,.F.);
#2285=ORIENTED_EDGE('',*,*,#1531,.T.);
#2286=ORIENTED_EDGE('',*,*,#1308,.F.);
#2287=ORIENTED_EDGE('',*,*,#1516,.F.);
#2288=ORIENTED_EDGE('',*,*,#1482,.F.);
#2289=ORIENTED_EDGE('',*,*,#1484,.F.);
#2290=ORIENTED_EDGE('',*,*,#1530,.F.);
#2291=ORIENTED_EDGE('',*,*,#1311,.F.);
#2292=ORIENTED_EDGE('',*,*,#1531,.F.);
#2293=ORIENTED_EDGE('',*,*,#1207,.F.);
#2294=ORIENTED_EDGE('',*,*,#1478,.F.);
#2295=ORIENTED_EDGE('',*,*,#1314,.F.);
#2296=B_SPLINE_SURFACE_WITH_KNOTS('',3,3,((#3600,#3601,#3602,#3603,#3604,
#3605,#3606,#3607,#3608,#3609,#3610,#3611),(#3612,#3613,#3614,#3615,#3616,
#3617,#3618,#3619,#3620,#3621,#3622,#3623),(#3624,#3625,#3626,#3627,#3628,
#3629,#3630,#3631,#3632,#3633,#3634,#3635),(#3636,#3637,#3638,#3639,#3640,
#3641,#3642,#3643,#3644,#3645,#3646,#3647),(#3648,#3649,#3650,#3651,#3652,
#3653,#3654,#3655,#3656,#3657,#3658,#3659),(#3660,#3661,#3662,#3663,#3664,
#3665,#3666,#3667,#3668,#3669,#3670,#3671)),.UNSPECIFIED.,.F.,.F.,.F.,(4,
1,1,4),(4,1,1,1,1,1,1,1,1,4),(0.,0.333333333333333,0.666666666666667,1.),
(0.,0.111111111111111,0.222222222222222,0.333333333333333,0.444444444444444,
0.555555555555556,0.666666666666667,0.777777777777778,0.888888888888889,
1.),.UNSPECIFIED.);
#2297=B_SPLINE_SURFACE_WITH_KNOTS('',3,3,((#3801,#3802,#3803,#3804,#3805,
#3806),(#3807,#3808,#3809,#3810,#3811,#3812),(#3813,#3814,#3815,#3816,#3817,
#3818),(#3819,#3820,#3821,#3822,#3823,#3824),(#3825,#3826,#3827,#3828,#3829,
#3830),(#3831,#3832,#3833,#3834,#3835,#3836),(#3837,#3838,#3839,#3840,#3841,
#3842),(#3843,#3844,#3845,#3846,#3847,#3848),(#3849,#3850,#3851,#3852,#3853,
#3854),(#3855,#3856,#3857,#3858,#3859,#3860),(#3861,#3862,#3863,#3864,#3865,
#3866),(#3867,#3868,#3869,#3870,#3871,#3872)),.UNSPECIFIED.,.F.,.F.,.F.,
(4,1,1,1,1,1,1,1,1,4),(4,1,1,4),(0.,0.111111111111111,0.222222222222222,
0.333333333333333,0.444444444444444,0.555555555555556,0.666666666666667,
0.777777777777778,0.888888888888889,1.),(0.,0.333333333333333,0.666666666666667,
1.),.UNSPECIFIED.);
#2298=B_SPLINE_SURFACE_WITH_KNOTS('',3,3,((#3988,#3989,#3990,#3991,#3992,
#3993,#3994,#3995,#3996,#3997,#3998,#3999),(#4000,#4001,#4002,#4003,#4004,
#4005,#4006,#4007,#4008,#4009,#4010,#4011),(#4012,#4013,#4014,#4015,#4016,
#4017,#4018,#4019,#4020,#4021,#4022,#4023),(#4024,#4025,#4026,#4027,#4028,
#4029,#4030,#4031,#4032,#4033,#4034,#4035),(#4036,#4037,#4038,#4039,#4040,
#4041,#4042,#4043,#4044,#4045,#4046,#4047),(#4048,#4049,#4050,#4051,#4052,
#4053,#4054,#4055,#4056,#4057,#4058,#4059)),.UNSPECIFIED.,.F.,.F.,.F.,(4,
1,1,4),(4,1,1,1,1,1,1,1,1,4),(0.,0.333333333333333,0.666666666666667,1.),
(0.,0.111111111111111,0.222222222222222,0.333333333333333,0.444444444444444,
0.555555555555556,0.666666666666667,0.777777777777778,0.888888888888889,
1.),.UNSPECIFIED.);
#2299=B_SPLINE_SURFACE_WITH_KNOTS('',3,3,((#4225,#4226,#4227,#4228,#4229,
#4230),(#4231,#4232,#4233,#4234,#4235,#4236),(#4237,#4238,#4239,#4240,#4241,
#4242),(#4243,#4244,#4245,#4246,#4247,#4248),(#4249,#4250,#4251,#4252,#4253,
#4254),(#4255,#4256,#4257,#4258,#4259,#4260),(#4261,#4262,#4263,#4264,#4265,
#4266),(#4267,#4268,#4269,#4270,#4271,#4272),(#4273,#4274,#4275,#4276,#4277,
#4278),(#4279,#4280,#4281,#4282,#4283,#4284),(#4285,#4286,#4287,#4288,#4289,
#4290),(#4291,#4292,#4293,#4294,#4295,#4296)),.UNSPECIFIED.,.F.,.F.,.F.,
(4,1,1,1,1,1,1,1,1,4),(4,1,1,4),(0.,0.111111111111111,0.222222222222222,
0.333333333333333,0.444444444444444,0.555555555555556,0.666666666666667,
0.777777777777778,0.888888888888889,1.),(0.,0.333333333333333,0.666666666666667,
1.),.UNSPECIFIED.);
#2300=B_SPLINE_SURFACE_WITH_KNOTS('',3,3,((#4415,#4416,#4417,#4418,#4419,
#4420,#4421,#4422,#4423,#4424,#4425,#4426),(#4427,#4428,#4429,#4430,#4431,
#4432,#4433,#4434,#4435,#4436,#4437,#4438),(#4439,#4440,#4441,#4442,#4443,
#4444,#4445,#4446,#4447,#4448,#4449,#4450),(#4451,#4452,#4453,#4454,#4455,
#4456,#4457,#4458,#4459,#4460,#4461,#4462),(#4463,#4464,#4465,#4466,#4467,
#4468,#4469,#4470,#4471,#4472,#4473,#4474),(#4475,#4476,#4477,#4478,#4479,
#4480,#4481,#4482,#4483,#4484,#4485,#4486)),.UNSPECIFIED.,.F.,.F.,.F.,(4,
1,1,4),(4,1,1,1,1,1,1,1,1,4),(0.,0.333333333333333,0.666666666666667,1.),
(0.,0.111111111111111,0.222222222222222,0.333333333333333,0.444444444444444,
0.555555555555556,0.666666666666667,0.777777777777778,0.888888888888889,
1.),.UNSPECIFIED.);
#2301=B_SPLINE_SURFACE_WITH_KNOTS('',3,3,((#4536,#4537,#4538,#4539,#4540,
#4541,#4542,#4543,#4544,#4545,#4546,#4547,#4548),(#4549,#4550,#4551,#4552,
#4553,#4554,#4555,#4556,#4557,#4558,#4559,#4560,#4561),(#4562,#4563,#4564,
#4565,#4566,#4567,#4568,#4569,#4570,#4571,#4572,#4573,#4574),(#4575,#4576,
#4577,#4578,#4579,#4580,#4581,#4582,#4583,#4584,#4585,#4586,#4587),(#4588,
#4589,#4590,#4591,#4592,#4593,#4594,#4595,#4596,#4597,#4598,#4599,#4600),
(#4601,#4602,#4603,#4604,#4605,#4606,#4607,#4608,#4609,#4610,#4611,#4612,
#4613)),.UNSPECIFIED.,.F.,.F.,.F.,(4,1,1,4),(4,1,1,1,1,1,1,1,1,1,4),(0.,
0.333333333333333,0.666666666666667,1.),(0.,0.1,0.2,0.3,0.4,0.5,0.6,0.7,
0.8,0.9,1.),.UNSPECIFIED.);
#2302=B_SPLINE_SURFACE_WITH_KNOTS('',3,3,((#4744,#4745,#4746,#4747,#4748,
#4749),(#4750,#4751,#4752,#4753,#4754,#4755),(#4756,#4757,#4758,#4759,#4760,
#4761),(#4762,#4763,#4764,#4765,#4766,#4767),(#4768,#4769,#4770,#4771,#4772,
#4773),(#4774,#4775,#4776,#4777,#4778,#4779),(#4780,#4781,#4782,#4783,#4784,
#4785),(#4786,#4787,#4788,#4789,#4790,#4791),(#4792,#4793,#4794,#4795,#4796,
#4797),(#4798,#4799,#4800,#4801,#4802,#4803),(#4804,#4805,#4806,#4807,#4808,
#4809),(#4810,#4811,#4812,#4813,#4814,#4815)),.UNSPECIFIED.,.F.,.F.,.F.,
(4,1,1,1,1,1,1,1,1,4),(4,1,1,4),(0.,0.111111111111111,0.222222222222222,
0.333333333333333,0.444444444444444,0.555555555555556,0.666666666666667,
0.777777777777778,0.888888888888889,1.),(0.,0.333333333333333,0.666666666666667,
1.),.UNSPECIFIED.);
#2303=B_SPLINE_SURFACE_WITH_KNOTS('',3,3,((#4978,#4979,#4980,#4981,#4982,
#4983,#4984,#4985,#4986,#4987,#4988,#4989),(#4990,#4991,#4992,#4993,#4994,
#4995,#4996,#4997,#4998,#4999,#5000,#5001),(#5002,#5003,#5004,#5005,#5006,
#5007,#5008,#5009,#5010,#5011,#5012,#5013),(#5014,#5015,#5016,#5017,#5018,
#5019,#5020,#5021,#5022,#5023,#5024,#5025),(#5026,#5027,#5028,#5029,#5030,
#5031,#5032,#5033,#5034,#5035,#5036,#5037),(#5038,#5039,#5040,#5041,#5042,
#5043,#5044,#5045,#5046,#5047,#5048,#5049)),.UNSPECIFIED.,.F.,.F.,.F.,(4,
1,1,4),(4,1,1,1,1,1,1,1,1,4),(0.,0.333333333333333,0.666666666666667,1.),
(0.,0.111111111111111,0.222222222222222,0.333333333333333,0.444444444444444,
0.555555555555556,0.666666666666667,0.777777777777778,0.888888888888889,
1.),.UNSPECIFIED.);
#2304=B_SPLINE_SURFACE_WITH_KNOTS('',3,3,((#5165,#5166,#5167,#5168,#5169,
#5170),(#5171,#5172,#5173,#5174,#5175,#5176),(#5177,#5178,#5179,#5180,#5181,
#5182),(#5183,#5184,#5185,#5186,#5187,#5188),(#5189,#5190,#5191,#5192,#5193,
#5194),(#5195,#5196,#5197,#5198,#5199,#5200),(#5201,#5202,#5203,#5204,#5205,
#5206),(#5207,#5208,#5209,#5210,#5211,#5212),(#5213,#5214,#5215,#5216,#5217,
#5218)),.UNSPECIFIED.,.F.,.F.,.F.,(4,1,1,1,1,1,4),(4,1,1,4),(0.,0.166666666666667,
0.333333333333333,0.5,0.666666666666667,0.833333333333333,1.),(0.,0.333333333333333,
0.666666666666667,1.),.UNSPECIFIED.);
#2305=B_SPLINE_SURFACE_WITH_KNOTS('',3,3,((#5325,#5326,#5327,#5328,#5329,
#5330,#5331,#5332,#5333),(#5334,#5335,#5336,#5337,#5338,#5339,#5340,#5341,
#5342),(#5343,#5344,#5345,#5346,#5347,#5348,#5349,#5350,#5351),(#5352,#5353,
#5354,#5355,#5356,#5357,#5358,#5359,#5360),(#5361,#5362,#5363,#5364,#5365,
#5366,#5367,#5368,#5369),(#5370,#5371,#5372,#5373,#5374,#5375,#5376,#5377,
#5378)),.UNSPECIFIED.,.F.,.F.,.F.,(4,1,1,4),(4,1,1,1,1,1,4),(0.,0.333333333333333,
0.666666666666667,1.),(0.,0.166666666666667,0.333333333333333,0.5,0.666666666666667,
0.833333333333333,1.),.UNSPECIFIED.);
#2306=B_SPLINE_SURFACE_WITH_KNOTS('',3,3,((#5425,#5426,#5427,#5428,#5429,
#5430,#5431,#5432,#5433,#5434,#5435,#5436),(#5437,#5438,#5439,#5440,#5441,
#5442,#5443,#5444,#5445,#5446,#5447,#5448),(#5449,#5450,#5451,#5452,#5453,
#5454,#5455,#5456,#5457,#5458,#5459,#5460),(#5461,#5462,#5463,#5464,#5465,
#5466,#5467,#5468,#5469,#5470,#5471,#5472),(#5473,#5474,#5475,#5476,#5477,
#5478,#5479,#5480,#5481,#5482,#5483,#5484),(#5485,#5486,#5487,#5488,#5489,
#5490,#5491,#5492,#5493,#5494,#5495,#5496)),.UNSPECIFIED.,.F.,.F.,.F.,(4,
1,1,4),(4,1,1,1,1,1,1,1,1,4),(0.,0.333333333333333,0.666666666666667,1.),
(0.,0.111111111111111,0.222222222222222,0.333333333333333,0.444444444444444,
0.555555555555556,0.666666666666667,0.777777777777778,0.888888888888889,
1.),.UNSPECIFIED.);
#2307=B_SPLINE_SURFACE_WITH_KNOTS('',3,3,((#5626,#5627,#5628,#5629,#5630,
#5631),(#5632,#5633,#5634,#5635,#5636,#5637),(#5638,#5639,#5640,#5641,#5642,
#5643),(#5644,#5645,#5646,#5647,#5648,#5649),(#5650,#5651,#5652,#5653,#5654,
#5655),(#5656,#5657,#5658,#5659,#5660,#5661),(#5662,#5663,#5664,#5665,#5666,
#5667),(#5668,#5669,#5670,#5671,#5672,#5673),(#5674,#5675,#5676,#5677,#5678,
#5679),(#5680,#5681,#5682,#5683,#5684,#5685),(#5686,#5687,#5688,#5689,#5690,
#5691),(#5692,#5693,#5694,#5695,#5696,#5697)),.UNSPECIFIED.,.F.,.F.,.F.,
(4,1,1,1,1,1,1,1,1,4),(4,1,1,4),(0.,0.111111111111111,0.222222222222222,
0.333333333333333,0.444444444444444,0.555555555555556,0.666666666666667,
0.777777777777778,0.888888888888889,1.),(0.,0.333333333333333,0.666666666666667,
1.),.UNSPECIFIED.);
#2308=B_SPLINE_SURFACE_WITH_KNOTS('',3,3,((#5813,#5814,#5815,#5816,#5817,
#5818,#5819,#5820,#5821,#5822,#5823,#5824),(#5825,#5826,#5827,#5828,#5829,
#5830,#5831,#5832,#5833,#5834,#5835,#5836),(#5837,#5838,#5839,#5840,#5841,
#5842,#5843,#5844,#5845,#5846,#5847,#5848),(#5849,#5850,#5851,#5852,#5853,
#5854,#5855,#5856,#5857,#5858,#5859,#5860),(#5861,#5862,#5863,#5864,#5865,
#5866,#5867,#5868,#5869,#5870,#5871,#5872),(#5873,#5874,#5875,#5876,#5877,
#5878,#5879,#5880,#5881,#5882,#5883,#5884)),.UNSPECIFIED.,.F.,.F.,.F.,(4,
1,1,4),(4,1,1,1,1,1,1,1,1,4),(0.,0.333333333333333,0.666666666666667,1.),
(0.,0.111111111111111,0.222222222222222,0.333333333333333,0.444444444444444,
0.555555555555556,0.666666666666667,0.777777777777778,0.888888888888889,
1.),.UNSPECIFIED.);
#2309=B_SPLINE_SURFACE_WITH_KNOTS('',3,3,((#6050,#6051,#6052,#6053,#6054,
#6055),(#6056,#6057,#6058,#6059,#6060,#6061),(#6062,#6063,#6064,#6065,#6066,
#6067),(#6068,#6069,#6070,#6071,#6072,#6073),(#6074,#6075,#6076,#6077,#6078,
#6079),(#6080,#6081,#6082,#6083,#6084,#6085),(#6086,#6087,#6088,#6089,#6090,
#6091),(#6092,#6093,#6094,#6095,#6096,#6097),(#6098,#6099,#6100,#6101,#6102,
#6103),(#6104,#6105,#6106,#6107,#6108,#6109),(#6110,#6111,#6112,#6113,#6114,
#6115),(#6116,#6117,#6118,#6119,#6120,#6121)),.UNSPECIFIED.,.F.,.F.,.F.,
(4,1,1,1,1,1,1,1,1,4),(4,1,1,4),(0.,0.111111111111111,0.222222222222222,
0.333333333333333,0.444444444444444,0.555555555555556,0.666666666666667,
0.777777777777778,0.888888888888889,1.),(0.,0.333333333333333,0.666666666666667,
1.),.UNSPECIFIED.);
#2310=B_SPLINE_SURFACE_WITH_KNOTS('',3,3,((#6240,#6241,#6242,#6243,#6244,
#6245,#6246,#6247,#6248,#6249,#6250,#6251),(#6252,#6253,#6254,#6255,#6256,
#6257,#6258,#6259,#6260,#6261,#6262,#6263),(#6264,#6265,#6266,#6267,#6268,
#6269,#6270,#6271,#6272,#6273,#6274,#6275),(#6276,#6277,#6278,#6279,#6280,
#6281,#6282,#6283,#6284,#6285,#6286,#6287),(#6288,#6289,#6290,#6291,#6292,
#6293,#6294,#6295,#6296,#6297,#6298,#6299),(#6300,#6301,#6302,#6303,#6304,
#6305,#6306,#6307,#6308,#6309,#6310,#6311)),.UNSPECIFIED.,.F.,.F.,.F.,(4,
1,1,4),(4,1,1,1,1,1,1,1,1,4),(0.,0.333333333333333,0.666666666666667,1.),
(0.,0.111111111111111,0.222222222222222,0.333333333333333,0.444444444444444,
0.555555555555556,0.666666666666667,0.777777777777778,0.888888888888889,
1.),.UNSPECIFIED.);
#2311=B_SPLINE_SURFACE_WITH_KNOTS('',3,3,((#6361,#6362,#6363,#6364,#6365,
#6366,#6367,#6368,#6369,#6370,#6371,#6372,#6373),(#6374,#6375,#6376,#6377,
#6378,#6379,#6380,#6381,#6382,#6383,#6384,#6385,#6386),(#6387,#6388,#6389,
#6390,#6391,#6392,#6393,#6394,#6395,#6396,#6397,#6398,#6399),(#6400,#6401,
#6402,#6403,#6404,#6405,#6406,#6407,#6408,#6409,#6410,#6411,#6412),(#6413,
#6414,#6415,#6416,#6417,#6418,#6419,#6420,#6421,#6422,#6423,#6424,#6425),
(#6426,#6427,#6428,#6429,#6430,#6431,#6432,#6433,#6434,#6435,#6436,#6437,
#6438)),.UNSPECIFIED.,.F.,.F.,.F.,(4,1,1,4),(4,1,1,1,1,1,1,1,1,1,4),(0.,
0.333333333333333,0.666666666666667,1.),(0.,0.1,0.2,0.3,0.4,0.5,0.6,0.7,
0.8,0.9,1.),.UNSPECIFIED.);
#2312=B_SPLINE_SURFACE_WITH_KNOTS('',3,3,((#6569,#6570,#6571,#6572,#6573,
#6574),(#6575,#6576,#6577,#6578,#6579,#6580),(#6581,#6582,#6583,#6584,#6585,
#6586),(#6587,#6588,#6589,#6590,#6591,#6592),(#6593,#6594,#6595,#6596,#6597,
#6598),(#6599,#6600,#6601,#6602,#6603,#6604),(#6605,#6606,#6607,#6608,#6609,
#6610),(#6611,#6612,#6613,#6614,#6615,#6616),(#6617,#6618,#6619,#6620,#6621,
#6622),(#6623,#6624,#6625,#6626,#6627,#6628),(#6629,#6630,#6631,#6632,#6633,
#6634),(#6635,#6636,#6637,#6638,#6639,#6640)),.UNSPECIFIED.,.F.,.F.,.F.,
(4,1,1,1,1,1,1,1,1,4),(4,1,1,4),(0.,0.111111111111111,0.222222222222222,
0.333333333333333,0.444444444444444,0.555555555555556,0.666666666666667,
0.777777777777778,0.888888888888889,1.),(0.,0.333333333333333,0.666666666666667,
1.),.UNSPECIFIED.);
#2313=B_SPLINE_SURFACE_WITH_KNOTS('',3,3,((#6803,#6804,#6805,#6806,#6807,
#6808,#6809,#6810,#6811,#6812,#6813,#6814),(#6815,#6816,#6817,#6818,#6819,
#6820,#6821,#6822,#6823,#6824,#6825,#6826),(#6827,#6828,#6829,#6830,#6831,
#6832,#6833,#6834,#6835,#6836,#6837,#6838),(#6839,#6840,#6841,#6842,#6843,
#6844,#6845,#6846,#6847,#6848,#6849,#6850),(#6851,#6852,#6853,#6854,#6855,
#6856,#6857,#6858,#6859,#6860,#6861,#6862),(#6863,#6864,#6865,#6866,#6867,
#6868,#6869,#6870,#6871,#6872,#6873,#6874)),.UNSPECIFIED.,.F.,.F.,.F.,(4,
1,1,4),(4,1,1,1,1,1,1,1,1,4),(0.,0.333333333333333,0.666666666666667,1.),
(0.,0.111111111111111,0.222222222222222,0.333333333333333,0.444444444444444,
0.555555555555556,0.666666666666667,0.777777777777778,0.888888888888889,
1.),.UNSPECIFIED.);
#2314=B_SPLINE_SURFACE_WITH_KNOTS('',3,3,((#6990,#6991,#6992,#6993,#6994,
#6995),(#6996,#6997,#6998,#6999,#7000,#7001),(#7002,#7003,#7004,#7005,#7006,
#7007),(#7008,#7009,#7010,#7011,#7012,#7013),(#7014,#7015,#7016,#7017,#7018,
#7019),(#7020,#7021,#7022,#7023,#7024,#7025),(#7026,#7027,#7028,#7029,#7030,
#7031),(#7032,#7033,#7034,#7035,#7036,#7037),(#7038,#7039,#7040,#7041,#7042,
#7043)),.UNSPECIFIED.,.F.,.F.,.F.,(4,1,1,1,1,1,4),(4,1,1,4),(0.,0.166666666666667,
0.333333333333333,0.5,0.666666666666667,0.833333333333333,1.),(0.,0.333333333333333,
0.666666666666667,1.),.UNSPECIFIED.);
#2315=B_SPLINE_SURFACE_WITH_KNOTS('',3,3,((#7150,#7151,#7152,#7153,#7154,
#7155,#7156,#7157,#7158),(#7159,#7160,#7161,#7162,#7163,#7164,#7165,#7166,
#7167),(#7168,#7169,#7170,#7171,#7172,#7173,#7174,#7175,#7176),(#7177,#7178,
#7179,#7180,#7181,#7182,#7183,#7184,#7185),(#7186,#7187,#7188,#7189,#7190,
#7191,#7192,#7193,#7194),(#7195,#7196,#7197,#7198,#7199,#7200,#7201,#7202,
#7203)),.UNSPECIFIED.,.F.,.F.,.F.,(4,1,1,4),(4,1,1,1,1,1,4),(0.,0.333333333333333,
0.666666666666667,1.),(0.,0.166666666666667,0.333333333333333,0.5,0.666666666666667,
0.833333333333333,1.),.UNSPECIFIED.);
#2316=B_SPLINE_SURFACE_WITH_KNOTS('',3,3,((#7627,#7628,#7629,#7630),(#7631,
#7632,#7633,#7634),(#7635,#7636,#7637,#7638),(#7639,#7640,#7641,#7642),
(#7643,#7644,#7645,#7646)),.UNSPECIFIED.,.F.,.F.,.F.,(4,1,4),(4,4),(0.,
0.5,1.00107812309934),(0.075268622379953,0.302496726602198),
 .UNSPECIFIED.);
#2317=B_SPLINE_SURFACE_WITH_KNOTS('',3,3,((#7700,#7701,#7702,#7703,#7704,
#7705),(#7706,#7707,#7708,#7709,#7710,#7711),(#7712,#7713,#7714,#7715,#7716,
#7717),(#7718,#7719,#7720,#7721,#7722,#7723)),.UNSPECIFIED.,.F.,.F.,.F.,
(4,4),(4,1,1,4),(0.,1.0028402034602),(-0.00284020346020385,0.156439590423194,
0.260732650705324,0.367865914447657),.UNSPECIFIED.);
#2318=B_SPLINE_SURFACE_WITH_KNOTS('',3,3,((#7785,#7786,#7787,#7788),(#7789,
#7790,#7791,#7792),(#7793,#7794,#7795,#7796),(#7797,#7798,#7799,#7800),
(#7801,#7802,#7803,#7804)),.UNSPECIFIED.,.F.,.F.,.F.,(4,1,4),(4,4),(0.,
0.5,1.0010781305777),(-0.00107813057770211,0.226149841705468),
 .UNSPECIFIED.);
#2319=B_SPLINE_SURFACE_WITH_KNOTS('',3,3,((#7857,#7858,#7859,#7860),(#7861,
#7862,#7863,#7864),(#7865,#7866,#7867,#7868),(#7869,#7870,#7871,#7872),
(#7873,#7874,#7875,#7876)),.UNSPECIFIED.,.F.,.F.,.F.,(4,1,4),(4,4),(0.,
0.5,1.0010773927665),(0.156032322141554,0.38325885630608),.UNSPECIFIED.);
#2320=B_SPLINE_SURFACE_WITH_KNOTS('',3,3,((#7930,#7931,#7932,#7933,#7934,
#7935),(#7936,#7937,#7938,#7939,#7940,#7941),(#7942,#7943,#7944,#7945,#7946,
#7947),(#7948,#7949,#7950,#7951,#7952,#7953)),.UNSPECIFIED.,.F.,.F.,.F.,
(4,4),(4,1,1,4),(0.,1.00283971506903),(-0.00283971506903478,0.156441173048701,
0.260735288414501,0.367869118849336),.UNSPECIFIED.);
#2321=B_SPLINE_SURFACE_WITH_KNOTS('',3,3,((#8015,#8016,#8017,#8018),(#8019,
#8020,#8021,#8022),(#8023,#8024,#8025,#8026),(#8027,#8028,#8029,#8030),
(#8031,#8032,#8033,#8034)),.UNSPECIFIED.,.F.,.F.,.F.,(4,1,4),(4,4),(0.,
0.5,1.00107812547603),(-0.0010781254760307,0.226149959190386),
 .UNSPECIFIED.);
#2322=B_SPLINE_SURFACE_WITH_KNOTS('',3,3,((#8108,#8109,#8110,#8111),(#8112,
#8113,#8114,#8115),(#8116,#8117,#8118,#8119),(#8120,#8121,#8122,#8123),
(#8124,#8125,#8126,#8127)),.UNSPECIFIED.,.F.,.F.,.F.,(4,1,4),(4,4),(0.,
0.5,1.),(0.291838918292331,0.424995485065375),.UNSPECIFIED.);
#2323=B_SPLINE_SURFACE_WITH_KNOTS('',3,3,((#8157,#8158,#8159,#8160),(#8161,
#8162,#8163,#8164),(#8165,#8166,#8167,#8168),(#8169,#8170,#8171,#8172),
(#8173,#8174,#8175,#8176)),.UNSPECIFIED.,.F.,.F.,.F.,(4,1,4),(4,4),(0.,
0.5,1.),(0.30845104324611,0.441607427780965),.UNSPECIFIED.);
#2324=B_SPLINE_SURFACE_WITH_KNOTS('',3,3,((#8183,#8184,#8185,#8186,#8187,
#8188),(#8189,#8190,#8191,#8192,#8193,#8194),(#8195,#8196,#8197,#8198,#8199,
#8200),(#8201,#8202,#8203,#8204,#8205,#8206),(#8207,#8208,#8209,#8210,#8211,
#8212),(#8213,#8214,#8215,#8216,#8217,#8218),(#8219,#8220,#8221,#8222,#8223,
#8224),(#8225,#8226,#8227,#8228,#8229,#8230),(#8231,#8232,#8233,#8234,#8235,
#8236),(#8237,#8238,#8239,#8240,#8241,#8242),(#8243,#8244,#8245,#8246,#8247,
#8248),(#8249,#8250,#8251,#8252,#8253,#8254),(#8255,#8256,#8257,#8258,#8259,
#8260)),.UNSPECIFIED.,.F.,.F.,.F.,(4,1,1,1,1,1,1,1,1,1,4),(4,1,1,4),(0.,
0.1,0.2,0.3,0.4,0.5,0.6,0.7,0.8,0.9,1.),(0.,0.333333333333333,0.666666666666667,
1.),.UNSPECIFIED.);
#2325=B_SPLINE_SURFACE_WITH_KNOTS('',3,3,((#8312,#8313,#8314,#8315,#8316,
#8317),(#8318,#8319,#8320,#8321,#8322,#8323),(#8324,#8325,#8326,#8327,#8328,
#8329),(#8330,#8331,#8332,#8333,#8334,#8335),(#8336,#8337,#8338,#8339,#8340,
#8341),(#8342,#8343,#8344,#8345,#8346,#8347),(#8348,#8349,#8350,#8351,#8352,
#8353),(#8354,#8355,#8356,#8357,#8358,#8359),(#8360,#8361,#8362,#8363,#8364,
#8365),(#8366,#8367,#8368,#8369,#8370,#8371),(#8372,#8373,#8374,#8375,#8376,
#8377),(#8378,#8379,#8380,#8381,#8382,#8383)),.UNSPECIFIED.,.F.,.F.,.F.,
(4,1,1,1,1,1,1,1,1,4),(4,1,1,4),(0.,0.111111111111111,0.222222222222222,
0.333333333333333,0.444444444444444,0.555555555555556,0.666666666666667,
0.777777777777778,0.888888888888889,1.),(0.,0.333333333333333,0.666666666666667,
1.),.UNSPECIFIED.);
#2326=B_SPLINE_SURFACE_WITH_KNOTS('',3,3,((#8432,#8433,#8434,#8435,#8436,
#8437),(#8438,#8439,#8440,#8441,#8442,#8443),(#8444,#8445,#8446,#8447,#8448,
#8449),(#8450,#8451,#8452,#8453,#8454,#8455),(#8456,#8457,#8458,#8459,#8460,
#8461),(#8462,#8463,#8464,#8465,#8466,#8467),(#8468,#8469,#8470,#8471,#8472,
#8473),(#8474,#8475,#8476,#8477,#8478,#8479),(#8480,#8481,#8482,#8483,#8484,
#8485),(#8486,#8487,#8488,#8489,#8490,#8491),(#8492,#8493,#8494,#8495,#8496,
#8497),(#8498,#8499,#8500,#8501,#8502,#8503),(#8504,#8505,#8506,#8507,#8508,
#8509)),.UNSPECIFIED.,.F.,.F.,.F.,(4,1,1,1,1,1,1,1,1,1,4),(4,1,1,4),(0.,
0.1,0.2,0.3,0.4,0.5,0.6,0.7,0.8,0.9,1.),(0.,0.333333333333333,0.666666666666667,
1.),.UNSPECIFIED.);
#2327=B_SPLINE_SURFACE_WITH_KNOTS('',3,3,((#8561,#8562,#8563,#8564,#8565,
#8566),(#8567,#8568,#8569,#8570,#8571,#8572),(#8573,#8574,#8575,#8576,#8577,
#8578),(#8579,#8580,#8581,#8582,#8583,#8584),(#8585,#8586,#8587,#8588,#8589,
#8590),(#8591,#8592,#8593,#8594,#8595,#8596),(#8597,#8598,#8599,#8600,#8601,
#8602),(#8603,#8604,#8605,#8606,#8607,#8608),(#8609,#8610,#8611,#8612,#8613,
#8614),(#8615,#8616,#8617,#8618,#8619,#8620),(#8621,#8622,#8623,#8624,#8625,
#8626),(#8627,#8628,#8629,#8630,#8631,#8632)),.UNSPECIFIED.,.F.,.F.,.F.,
(4,1,1,1,1,1,1,1,1,4),(4,1,1,4),(0.,0.111111111111111,0.222222222222222,
0.333333333333333,0.444444444444444,0.555555555555556,0.666666666666667,
0.777777777777778,0.888888888888889,1.),(0.,0.333333333333333,0.666666666666667,
1.),.UNSPECIFIED.);
#2328=B_SPLINE_SURFACE_WITH_KNOTS('',3,3,((#8697,#8698,#8699,#8700),(#8701,
#8702,#8703,#8704),(#8705,#8706,#8707,#8708),(#8709,#8710,#8711,#8712),
(#8713,#8714,#8715,#8716)),.UNSPECIFIED.,.F.,.F.,.F.,(4,1,4),(4,4),(0.,
0.571428571428571,1.00016670817572),(0.50476847734292,0.848228787157246),
 .UNSPECIFIED.);
#2329=B_SPLINE_SURFACE_WITH_KNOTS('',3,3,((#8720,#8721,#8722,#8723,#8724,
#8725),(#8726,#8727,#8728,#8729,#8730,#8731),(#8732,#8733,#8734,#8735,#8736,
#8737),(#8738,#8739,#8740,#8741,#8742,#8743),(#8744,#8745,#8746,#8747,#8748,
#8749)),.UNSPECIFIED.,.F.,.F.,.F.,(4,1,4),(4,1,1,4),(-0.00179337366175612,
0.571428571428571,1.),(-0.84985545264322,-0.121151725568784,0.363455176706352,
0.849855452643245),.UNSPECIFIED.);
#2330=B_SPLINE_SURFACE_WITH_KNOTS('',3,3,((#8755,#8756,#8757,#8758),(#8759,
#8760,#8761,#8762),(#8763,#8764,#8765,#8766),(#8767,#8768,#8769,#8770),
(#8771,#8772,#8773,#8774)),.UNSPECIFIED.,.F.,.F.,.F.,(4,1,4),(4,4),(-0.000474895403422319,
0.571428571428571,1.),(0.41153895718026,0.848536974384975),
 .UNSPECIFIED.);
#2331=B_SPLINE_SURFACE_WITH_KNOTS('',3,3,((#8779,#8780,#8781,#8782),(#8783,
#8784,#8785,#8786),(#8787,#8788,#8789,#8790),(#8791,#8792,#8793,#8794),
(#8795,#8796,#8797,#8798)),.UNSPECIFIED.,.F.,.F.,.F.,(4,1,4),(4,4),(-0.000166750394466646,
0.571428571428571,1.),(0.504768435124069,0.848228829376096),
 .UNSPECIFIED.);
#2332=B_SPLINE_SURFACE_WITH_KNOTS('',3,3,((#8802,#8803,#8804,#8805,#8806,
#8807),(#8808,#8809,#8810,#8811,#8812,#8813),(#8814,#8815,#8816,#8817,#8818,
#8819),(#8820,#8821,#8822,#8823,#8824,#8825),(#8826,#8827,#8828,#8829,#8830,
#8831)),.UNSPECIFIED.,.F.,.F.,.F.,(4,1,4),(4,1,1,4),(-0.00178776877373902,
0.571428571428571,1.000037492899),(-0.849849847755227,-0.121151725568788,
0.363455176706345,0.849849847755218),.UNSPECIFIED.);
#2333=B_SPLINE_SURFACE_WITH_KNOTS('',3,3,((#8837,#8838,#8839,#8840),(#8841,
#8842,#8843,#8844),(#8845,#8846,#8847,#8848),(#8849,#8850,#8851,#8852),
(#8853,#8854,#8855,#8856)),.UNSPECIFIED.,.F.,.F.,.F.,(4,1,4),(4,4),(-0.000474895396745443,
0.571428571428571,1.),(-0.848536974378357,-0.411538957186895),
 .UNSPECIFIED.);
#2334=B_SPLINE_SURFACE_WITH_KNOTS('',3,3,((#8870,#8871,#8872,#8873),(#8874,
#8875,#8876,#8877),(#8878,#8879,#8880,#8881),(#8882,#8883,#8884,#8885),
(#8886,#8887,#8888,#8889)),.UNSPECIFIED.,.F.,.F.,.F.,(4,1,4),(4,4),(0.,
0.571428571428571,1.0002153836515),(0.504719801867236,0.87278923708181),
 .UNSPECIFIED.);
#2335=B_SPLINE_SURFACE_WITH_KNOTS('',3,3,((#8893,#8894,#8895,#8896),(#8897,
#8898,#8899,#8900),(#8901,#8902,#8903,#8904),(#8905,#8906,#8907,#8908),
(#8909,#8910,#8911,#8912)),.UNSPECIFIED.,.F.,.F.,.F.,(4,1,4),(4,4),(-0.000922952612819046,
0.571428571428571,1.),(-0.873496806043132,-0.528853585587073),
 .UNSPECIFIED.);
#2336=B_SPLINE_SURFACE_WITH_KNOTS('',3,3,((#8916,#8917,#8918,#8919,#8920,
#8921),(#8922,#8923,#8924,#8925,#8926,#8927),(#8928,#8929,#8930,#8931,#8932,
#8933),(#8934,#8935,#8936,#8937,#8938,#8939),(#8940,#8941,#8942,#8943,#8944,
#8945)),.UNSPECIFIED.,.F.,.F.,.F.,(4,1,4),(4,1,1,4),(0.,0.5,1.),(0.,0.242299217318012,
0.403832028863353,0.565364840408694),.UNSPECIFIED.);
#2337=B_SPLINE_SURFACE_WITH_KNOTS('',3,3,((#8956,#8957,#8958,#8959,#8960),
(#8961,#8962,#8963,#8964,#8965),(#8966,#8967,#8968,#8969,#8970),(#8971,
#8972,#8973,#8974,#8975),(#8976,#8977,#8978,#8979,#8980)),.UNSPECIFIED.,
 .F.,.F.,.F.,(4,1,4),(4,1,4),(0.,0.5,1.),(0.,0.245142676863709,0.428999684511491),
 .UNSPECIFIED.);
#2338=B_SPLINE_SURFACE_WITH_KNOTS('',3,3,((#8997,#8998,#8999,#9000),(#9001,
#9002,#9003,#9004),(#9005,#9006,#9007,#9008),(#9009,#9010,#9011,#9012),
(#9013,#9014,#9015,#9016)),.UNSPECIFIED.,.F.,.F.,.F.,(4,1,4),(4,4),(0.,
0.571428571428571,1.00092289544658),(-0.873496748876899,-0.528853642753277),
 .UNSPECIFIED.);
#2339=B_SPLINE_SURFACE_WITH_KNOTS('',3,3,((#9022,#9023,#9024,#9025),(#9026,
#9027,#9028,#9029),(#9030,#9031,#9032,#9033),(#9034,#9035,#9036,#9037),
(#9038,#9039,#9040,#9041)),.UNSPECIFIED.,.F.,.F.,.F.,(4,1,4),(4,4),(-0.00021544847136361,
0.571428571428571,1.),(0.504719737047354,0.872789301901662),
 .UNSPECIFIED.);
#2340=B_SPLINE_SURFACE_WITH_KNOTS('',3,3,((#9046,#9047,#9048,#9049),(#9050,
#9051,#9052,#9053),(#9054,#9055,#9056,#9057),(#9058,#9059,#9060,#9061),
(#9062,#9063,#9064,#9065)),.UNSPECIFIED.,.F.,.F.,.F.,(4,1,4),(4,4),(0.,
0.5,1.),(0.,0.133156384538296),.UNSPECIFIED.);
#2341=B_SPLINE_SURFACE_WITH_KNOTS('',3,3,((#9080,#9081,#9082,#9083),(#9084,
#9085,#9086,#9087),(#9088,#9089,#9090,#9091),(#9092,#9093,#9094,#9095),
(#9096,#9097,#9098,#9099)),.UNSPECIFIED.,.F.,.F.,.F.,(4,1,4),(4,4),(0.,
0.5,1.),(8.29776062675601E-17,0.13328508221269),.UNSPECIFIED.);
#2342=ADVANCED_FACE('',(#321),#2296,.T.);
#2343=ADVANCED_FACE('',(#322),#2297,.T.);
#2344=ADVANCED_FACE('',(#323),#2298,.T.);
#2345=ADVANCED_FACE('',(#324),#2299,.T.);
#2346=ADVANCED_FACE('',(#325),#2300,.T.);
#2347=ADVANCED_FACE('',(#326),#2301,.T.);
#2348=ADVANCED_FACE('',(#327),#2302,.T.);
#2349=ADVANCED_FACE('',(#328),#2303,.T.);
#2350=ADVANCED_FACE('',(#329),#2304,.T.);
#2351=ADVANCED_FACE('',(#330),#2305,.T.);
#2352=ADVANCED_FACE('',(#331),#2306,.T.);
#2353=ADVANCED_FACE('',(#332),#2307,.T.);
#2354=ADVANCED_FACE('',(#333),#2308,.T.);
#2355=ADVANCED_FACE('',(#334),#2309,.T.);
#2356=ADVANCED_FACE('',(#335),#2310,.T.);
#2357=ADVANCED_FACE('',(#336),#2311,.T.);
#2358=ADVANCED_FACE('',(#337),#2312,.T.);
#2359=ADVANCED_FACE('',(#338),#2313,.T.);
#2360=ADVANCED_FACE('',(#339),#2314,.T.);
#2361=ADVANCED_FACE('',(#340),#2315,.T.);
#2362=ADVANCED_FACE('',(#341),#283,.T.);
#2363=ADVANCED_FACE('',(#342,#97,#98,#99),#265,.F.);
#2364=ADVANCED_FACE('',(#343),#48,.F.);
#2365=ADVANCED_FACE('',(#344),#284,.T.);
#2366=ADVANCED_FACE('',(#345),#49,.F.);
#2367=ADVANCED_FACE('',(#346),#285,.T.);
#2368=ADVANCED_FACE('',(#347),#50,.F.);
#2369=ADVANCED_FACE('',(#348),#286,.T.);
#2370=ADVANCED_FACE('',(#349),#40,.T.);
#2371=ADVANCED_FACE('',(#350),#41,.T.);
#2372=ADVANCED_FACE('',(#351),#42,.T.);
#2373=ADVANCED_FACE('',(#352),#51,.T.);
#2374=ADVANCED_FACE('',(#353),#43,.T.);
#2375=ADVANCED_FACE('',(#354),#52,.T.);
#2376=ADVANCED_FACE('',(#355),#53,.T.);
#2377=ADVANCED_FACE('',(#356),#54,.T.);
#2378=ADVANCED_FACE('',(#357),#287,.T.);
#2379=ADVANCED_FACE('',(#358),#288,.T.);
#2380=ADVANCED_FACE('',(#359),#289,.T.);
#2381=ADVANCED_FACE('',(#360),#55,.T.);
#2382=ADVANCED_FACE('',(#361),#290,.T.);
#2383=ADVANCED_FACE('',(#362),#291,.T.);
#2384=ADVANCED_FACE('',(#363),#292,.T.);
#2385=ADVANCED_FACE('',(#364),#293,.T.);
#2386=ADVANCED_FACE('',(#365),#294,.T.);
#2387=ADVANCED_FACE('',(#366),#295,.T.);
#2388=ADVANCED_FACE('',(#367),#296,.T.);
#2389=ADVANCED_FACE('',(#368),#297,.T.);
#2390=ADVANCED_FACE('',(#369),#298,.T.);
#2391=ADVANCED_FACE('',(#370),#299,.T.);
#2392=ADVANCED_FACE('',(#371),#300,.T.);
#2393=ADVANCED_FACE('',(#372),#56,.T.);
#2394=ADVANCED_FACE('',(#373),#57,.T.);
#2395=ADVANCED_FACE('',(#374),#58,.T.);
#2396=ADVANCED_FACE('',(#375),#301,.T.);
#2397=ADVANCED_FACE('',(#376),#59,.T.);
#2398=ADVANCED_FACE('',(#377),#60,.T.);
#2399=ADVANCED_FACE('',(#378),#302,.T.);
#2400=ADVANCED_FACE('',(#379),#61,.T.);
#2401=ADVANCED_FACE('',(#380),#62,.T.);
#2402=ADVANCED_FACE('',(#381),#303,.T.);
#2403=ADVANCED_FACE('',(#382),#63,.T.);
#2404=ADVANCED_FACE('',(#383),#64,.T.);
#2405=ADVANCED_FACE('',(#384),#44,.T.);
#2406=ADVANCED_FACE('',(#385),#45,.T.);
#2407=ADVANCED_FACE('',(#386),#65,.F.);
#2408=ADVANCED_FACE('',(#387),#266,.T.);
#2409=ADVANCED_FACE('',(#388),#66,.F.);
#2410=ADVANCED_FACE('',(#389),#67,.F.);
#2411=ADVANCED_FACE('',(#390),#68,.T.);
#2412=ADVANCED_FACE('',(#391),#69,.F.);
#2413=ADVANCED_FACE('',(#392),#267,.T.);
#2414=ADVANCED_FACE('',(#393),#70,.F.);
#2415=ADVANCED_FACE('',(#394),#71,.T.);
#2416=ADVANCED_FACE('',(#395),#72,.F.);
#2417=ADVANCED_FACE('',(#396),#268,.T.);
#2418=ADVANCED_FACE('',(#397),#73,.T.);
#2419=ADVANCED_FACE('',(#398),#269,.T.);
#2420=ADVANCED_FACE('',(#399),#270,.T.);
#2421=ADVANCED_FACE('',(#400),#271,.T.);
#2422=ADVANCED_FACE('',(#401),#304,.T.);
#2423=ADVANCED_FACE('',(#402),#305,.T.);
#2424=ADVANCED_FACE('',(#403),#306,.T.);
#2425=ADVANCED_FACE('',(#404),#2316,.F.);
#2426=ADVANCED_FACE('',(#405),#2317,.F.);
#2427=ADVANCED_FACE('',(#406),#2318,.F.);
#2428=ADVANCED_FACE('',(#407),#74,.F.);
#2429=ADVANCED_FACE('',(#408),#2319,.F.);
#2430=ADVANCED_FACE('',(#409),#2320,.F.);
#2431=ADVANCED_FACE('',(#410),#2321,.F.);
#2432=ADVANCED_FACE('',(#411),#75,.F.);
#2433=ADVANCED_FACE('',(#412),#307,.T.);
#2434=ADVANCED_FACE('',(#413),#308,.T.);
#2435=ADVANCED_FACE('',(#414),#309,.T.);
#2436=ADVANCED_FACE('',(#415),#2322,.F.);
#2437=ADVANCED_FACE('',(#416),#310,.T.);
#2438=ADVANCED_FACE('',(#417),#311,.T.);
#2439=ADVANCED_FACE('',(#418),#312,.T.);
#2440=ADVANCED_FACE('',(#419),#2323,.F.);
#2441=ADVANCED_FACE('',(#420),#2324,.T.);
#2442=ADVANCED_FACE('',(#421),#2325,.T.);
#2443=ADVANCED_FACE('',(#422),#2326,.T.);
#2444=ADVANCED_FACE('',(#423),#2327,.T.);
#2445=ADVANCED_FACE('',(#424),#46,.T.);
#2446=ADVANCED_FACE('',(#425),#47,.T.);
#2447=ADVANCED_FACE('',(#426),#313,.T.);
#2448=ADVANCED_FACE('',(#427),#76,.T.);
#2449=ADVANCED_FACE('',(#428),#2328,.F.);
#2450=ADVANCED_FACE('',(#429),#2329,.F.);
#2451=ADVANCED_FACE('',(#430),#2330,.F.);
#2452=ADVANCED_FACE('',(#431),#77,.T.);
#2453=ADVANCED_FACE('',(#432),#2331,.F.);
#2454=ADVANCED_FACE('',(#433),#2332,.F.);
#2455=ADVANCED_FACE('',(#434),#2333,.F.);
#2456=ADVANCED_FACE('',(#435),#78,.T.);
#2457=ADVANCED_FACE('',(#436),#79,.T.);
#2458=ADVANCED_FACE('',(#437),#314,.T.);
#2459=ADVANCED_FACE('',(#438),#80,.T.);
#2460=ADVANCED_FACE('',(#439),#2334,.F.);
#2461=ADVANCED_FACE('',(#440),#2335,.F.);
#2462=ADVANCED_FACE('',(#441),#2336,.F.);
#2463=ADVANCED_FACE('',(#442),#81,.T.);
#2464=ADVANCED_FACE('',(#443),#2337,.F.);
#2465=ADVANCED_FACE('',(#444),#2338,.F.);
#2466=ADVANCED_FACE('',(#445),#2339,.F.);
#2467=ADVANCED_FACE('',(#446),#315,.T.);
#2468=ADVANCED_FACE('',(#447),#2340,.F.);
#2469=ADVANCED_FACE('',(#448),#316,.T.);
#2470=ADVANCED_FACE('',(#449),#2341,.F.);
#2471=ADVANCED_FACE('',(#450),#82,.F.);
#2472=ADVANCED_FACE('',(#451),#272,.T.);
#2473=ADVANCED_FACE('',(#452),#15,.T.);
#2474=ADVANCED_FACE('',(#453),#273,.T.);
#2475=ADVANCED_FACE('',(#454,#100),#274,.T.);
#2476=ADVANCED_FACE('',(#455),#83,.F.);
#2477=ADVANCED_FACE('',(#456),#84,.T.);
#2478=ADVANCED_FACE('',(#457),#85,.T.);
#2479=ADVANCED_FACE('',(#458),#86,.F.);
#2480=ADVANCED_FACE('',(#459),#87,.T.);
#2481=ADVANCED_FACE('',(#460),#88,.F.);
#2482=ADVANCED_FACE('',(#461),#89,.T.);
#2483=ADVANCED_FACE('',(#462),#90,.F.);
#2484=ADVANCED_FACE('',(#463),#275,.T.);
#2485=ADVANCED_FACE('',(#464),#276,.T.);
#2486=ADVANCED_FACE('',(#465),#91,.T.);
#2487=ADVANCED_FACE('',(#466),#317,.F.);
#2488=ADVANCED_FACE('',(#467),#318,.F.);
#2489=ADVANCED_FACE('',(#468),#92,.F.);
#2490=ADVANCED_FACE('',(#469),#319,.F.);
#2491=ADVANCED_FACE('',(#470),#93,.F.);
#2492=ADVANCED_FACE('',(#471),#16,.F.);
#2493=ADVANCED_FACE('',(#472),#277,.T.);
#2494=ADVANCED_FACE('',(#473),#320,.F.);
#2495=ADVANCED_FACE('',(#474),#94,.F.);
#2496=ADVANCED_FACE('',(#475),#278,.T.);
#2497=ADVANCED_FACE('',(#476),#279,.T.);
#2498=ADVANCED_FACE('',(#477,#101),#280,.T.);
#2499=ADVANCED_FACE('',(#478,#102),#281,.T.);
#2500=ADVANCED_FACE('',(#479),#95,.F.);
#2501=ADVANCED_FACE('',(#480),#96,.T.);
#2502=ADVANCED_FACE('',(#481),#282,.T.);
#2503=CLOSED_SHELL('',(#2342,#2343,#2344,#2345,#2346,#2347,#2348,#2349,
#2350,#2351,#2352,#2353,#2354,#2355,#2356,#2357,#2358,#2359,#2360,#2361,
#2362,#2363,#2364,#2365,#2366,#2367,#2368,#2369,#2370,#2371,#2372,#2373,
#2374,#2375,#2376,#2377,#2378,#2379,#2380,#2381,#2382,#2383,#2384,#2385,
#2386,#2387,#2388,#2389,#2390,#2391,#2392,#2393,#2394,#2395,#2396,#2397,
#2398,#2399,#2400,#2401,#2402,#2403,#2404,#2405,#2406,#2407,#2408,#2409,
#2410,#2411,#2412,#2413,#2414,#2415,#2416,#2417,#2418,#2419,#2420,#2421,
#2422,#2423,#2424,#2425,#2426,#2427,#2428,#2429,#2430,#2431,#2432,#2433,
#2434,#2435,#2436,#2437,#2438,#2439,#2440,#2441,#2442,#2443,#2444,#2445,
#2446,#2447,#2448,#2449,#2450,#2451,#2452,#2453,#2454,#2455,#2456,#2457,
#2458,#2459,#2460,#2461,#2462,#2463,#2464,#2465,#2466,#2467,#2468,#2469,
#2470,#2471,#2472,#2473,#2474,#2475,#2476,#2477,#2478,#2479,#2480,#2481,
#2482,#2483,#2484,#2485,#2486,#2487,#2488,#2489,#2490,#2491,#2492,#2493,
#2494,#2495,#2496,#2497,#2498,#2499,#2500,#2501,#2502));
#2504=DERIVED_UNIT_ELEMENT(#2506,1.);
#2505=DERIVED_UNIT_ELEMENT(#9189,-3.);
#2506=(
MASS_UNIT()
NAMED_UNIT(*)
SI_UNIT(.KILO.,.GRAM.)
);
#2507=DERIVED_UNIT((#2504,#2505));
#2508=MEASURE_REPRESENTATION_ITEM('density measure',
POSITIVE_RATIO_MEASURE(7850.),#2507);
#2509=PROPERTY_DEFINITION_REPRESENTATION(#2514,#2511);
#2510=PROPERTY_DEFINITION_REPRESENTATION(#2515,#2512);
#2511=REPRESENTATION('material name',(#2513),#9186);
#2512=REPRESENTATION('density',(#2508),#9186);
#2513=DESCRIPTIVE_REPRESENTATION_ITEM('Steel','Steel');
#2514=PROPERTY_DEFINITION('material property','material name',#9196);
#2515=PROPERTY_DEFINITION('material property','density of part',#9196);
#2516=AXIS2_PLACEMENT_3D('',#3599,#2850,#2851);
#2517=AXIS2_PLACEMENT_3D('',#3800,#2852,#2853);
#2518=AXIS2_PLACEMENT_3D('',#3887,#2854,#2855);
#2519=AXIS2_PLACEMENT_3D('',#4224,#2856,#2857);
#2520=AXIS2_PLACEMENT_3D('',#4311,#2858,#2859);
#2521=AXIS2_PLACEMENT_3D('',#4535,#2860,#2861);
#2522=AXIS2_PLACEMENT_3D('',#4743,#2862,#2863);
#2523=AXIS2_PLACEMENT_3D('',#4830,#2864,#2865);
#2524=AXIS2_PLACEMENT_3D('',#5164,#2866,#2867);
#2525=AXIS2_PLACEMENT_3D('',#5230,#2868,#2869);
#2526=AXIS2_PLACEMENT_3D('',#5424,#2870,#2871);
#2527=AXIS2_PLACEMENT_3D('',#5625,#2872,#2873);
#2528=AXIS2_PLACEMENT_3D('',#5712,#2874,#2875);
#2529=AXIS2_PLACEMENT_3D('',#6049,#2876,#2877);
#2530=AXIS2_PLACEMENT_3D('',#6136,#2878,#2879);
#2531=AXIS2_PLACEMENT_3D('',#6360,#2880,#2881);
#2532=AXIS2_PLACEMENT_3D('',#6568,#2882,#2883);
#2533=AXIS2_PLACEMENT_3D('',#6655,#2884,#2885);
#2534=AXIS2_PLACEMENT_3D('',#6989,#2886,#2887);
#2535=AXIS2_PLACEMENT_3D('',#7055,#2888,#2889);
#2536=AXIS2_PLACEMENT_3D('',#7249,#2890,#2891);
#2537=AXIS2_PLACEMENT_3D('',#7250,#2892,#2893);
#2538=AXIS2_PLACEMENT_3D('',#7253,#2894,#2895);
#2539=AXIS2_PLACEMENT_3D('',#7255,#2896,#2897);
#2540=AXIS2_PLACEMENT_3D('',#7256,#2898,#2899);
#2541=AXIS2_PLACEMENT_3D('',#7257,#2900,#2901);
#2542=AXIS2_PLACEMENT_3D('',#7258,#2902,#2903);
#2543=AXIS2_PLACEMENT_3D('',#7265,#2906,#2907);
#2544=AXIS2_PLACEMENT_3D('',#7267,#2908,#2909);
#2545=AXIS2_PLACEMENT_3D('',#7269,#2910,#2911);
#2546=AXIS2_PLACEMENT_3D('',#7273,#2913,#2914);
#2547=AXIS2_PLACEMENT_3D('',#7275,#2915,#2916);
#2548=AXIS2_PLACEMENT_3D('',#7277,#2917,#2918);
#2549=AXIS2_PLACEMENT_3D('',#7279,#2919,#2920);
#2550=AXIS2_PLACEMENT_3D('',#7281,#2921,#2922);
#2551=AXIS2_PLACEMENT_3D('',#7283,#2923,#2924);
#2552=AXIS2_PLACEMENT_3D('',#7285,#2925,#2926);
#2553=AXIS2_PLACEMENT_3D('',#7287,#2927,#2928);
#2554=AXIS2_PLACEMENT_3D('',#7289,#2929,#2930);
#2555=AXIS2_PLACEMENT_3D('',#7291,#2931,#2932);
#2556=AXIS2_PLACEMENT_3D('',#7293,#2933,#2934);
#2557=AXIS2_PLACEMENT_3D('',#7301,#2938,#2939);
#2558=AXIS2_PLACEMENT_3D('',#7304,#2941,#2942);
#2559=AXIS2_PLACEMENT_3D('',#7306,#2943,#2944);
#2560=AXIS2_PLACEMENT_3D('',#7307,#2945,#2946);
#2561=AXIS2_PLACEMENT_3D('',#7310,#2948,#2949);
#2562=AXIS2_PLACEMENT_3D('',#7311,#2950,#2951);
#2563=AXIS2_PLACEMENT_3D('',#7314,#2952,#2953);
#2564=AXIS2_PLACEMENT_3D('',#7315,#2954,#2955);
#2565=AXIS2_PLACEMENT_3D('',#7316,#2956,#2957);
#2566=AXIS2_PLACEMENT_3D('',#7317,#2958,#2959);
#2567=AXIS2_PLACEMENT_3D('',#7320,#2961,#2962);
#2568=AXIS2_PLACEMENT_3D('',#7321,#2963,#2964);
#2569=AXIS2_PLACEMENT_3D('',#7324,#2965,#2966);
#2570=AXIS2_PLACEMENT_3D('',#7325,#2967,#2968);
#2571=AXIS2_PLACEMENT_3D('',#7326,#2969,#2970);
#2572=AXIS2_PLACEMENT_3D('',#7327,#2971,#2972);
#2573=AXIS2_PLACEMENT_3D('',#7330,#2974,#2975);
#2574=AXIS2_PLACEMENT_3D('',#7331,#2976,#2977);
#2575=AXIS2_PLACEMENT_3D('',#7345,#2978,#2979);
#2576=AXIS2_PLACEMENT_3D('',#7347,#2980,#2981);
#2577=AXIS2_PLACEMENT_3D('',#7348,#2982,#2983);
#2578=AXIS2_PLACEMENT_3D('',#7349,#2984,#2985);
#2579=AXIS2_PLACEMENT_3D('',#7352,#2986,#2987);
#2580=AXIS2_PLACEMENT_3D('',#7353,#2988,#2989);
#2581=AXIS2_PLACEMENT_3D('',#7354,#2990,#2991);
#2582=AXIS2_PLACEMENT_3D('',#7355,#2992,#2993);
#2583=AXIS2_PLACEMENT_3D('',#7358,#2994,#2995);
#2584=AXIS2_PLACEMENT_3D('',#7359,#2996,#2997);
#2585=AXIS2_PLACEMENT_3D('',#7360,#2998,#2999);
#2586=AXIS2_PLACEMENT_3D('',#7361,#3000,#3001);
#2587=AXIS2_PLACEMENT_3D('',#7364,#3002,#3003);
#2588=AXIS2_PLACEMENT_3D('',#7365,#3004,#3005);
#2589=AXIS2_PLACEMENT_3D('',#7366,#3006,#3007);
#2590=AXIS2_PLACEMENT_3D('',#7367,#3008,#3009);
#2591=AXIS2_PLACEMENT_3D('',#7369,#3011,#3012);
#2592=AXIS2_PLACEMENT_3D('',#7371,#3013,#3014);
#2593=AXIS2_PLACEMENT_3D('',#7373,#3015,#3016);
#2594=AXIS2_PLACEMENT_3D('',#7374,#3017,#3018);
#2595=AXIS2_PLACEMENT_3D('',#7375,#3019,#3020);
#2596=AXIS2_PLACEMENT_3D('',#7377,#3022,#3023);
#2597=AXIS2_PLACEMENT_3D('',#7380,#3024,#3025);
#2598=AXIS2_PLACEMENT_3D('',#7383,#3028,#3029);
#2599=AXIS2_PLACEMENT_3D('',#7385,#3030,#3031);
#2600=AXIS2_PLACEMENT_3D('',#7387,#3033,#3034);
#2601=AXIS2_PLACEMENT_3D('',#7389,#3035,#3036);
#2602=AXIS2_PLACEMENT_3D('',#7390,#3037,#3038);
#2603=AXIS2_PLACEMENT_3D('',#7391,#3039,#3040);
#2604=AXIS2_PLACEMENT_3D('',#7393,#3041,#3042);
#2605=AXIS2_PLACEMENT_3D('',#7394,#3043,#3044);
#2606=AXIS2_PLACEMENT_3D('',#7395,#3045,#3046);
#2607=AXIS2_PLACEMENT_3D('',#7397,#3047,#3048);
#2608=AXIS2_PLACEMENT_3D('',#7398,#3049,#3050);
#2609=AXIS2_PLACEMENT_3D('',#7399,#3051,#3052);
#2610=AXIS2_PLACEMENT_3D('',#7401,#3053,#3054);
#2611=AXIS2_PLACEMENT_3D('',#7403,#3056,#3057);
#2612=AXIS2_PLACEMENT_3D('',#7405,#3058,#3059);
#2613=AXIS2_PLACEMENT_3D('',#7406,#3060,#3061);
#2614=AXIS2_PLACEMENT_3D('',#7407,#3062,#3063);
#2615=AXIS2_PLACEMENT_3D('',#7409,#3064,#3065);
#2616=AXIS2_PLACEMENT_3D('',#7410,#3066,#3067);
#2617=AXIS2_PLACEMENT_3D('',#7411,#3068,#3069);
#2618=AXIS2_PLACEMENT_3D('',#7413,#3070,#3071);
#2619=AXIS2_PLACEMENT_3D('',#7414,#3072,#3073);
#2620=AXIS2_PLACEMENT_3D('',#7415,#3074,#3075);
#2621=AXIS2_PLACEMENT_3D('',#7417,#3076,#3077);
#2622=AXIS2_PLACEMENT_3D('',#7418,#3078,#3079);
#2623=AXIS2_PLACEMENT_3D('',#7419,#3080,#3081);
#2624=AXIS2_PLACEMENT_3D('',#7421,#3082,#3083);
#2625=AXIS2_PLACEMENT_3D('',#7422,#3084,#3085);
#2626=AXIS2_PLACEMENT_3D('',#7423,#3086,#3087);
#2627=AXIS2_PLACEMENT_3D('',#7425,#3088,#3089);
#2628=AXIS2_PLACEMENT_3D('',#7426,#3090,#3091);
#2629=AXIS2_PLACEMENT_3D('',#7427,#3092,#3093);
#2630=AXIS2_PLACEMENT_3D('',#7429,#3094,#3095);
#2631=AXIS2_PLACEMENT_3D('',#7430,#3096,#3097);
#2632=AXIS2_PLACEMENT_3D('',#7431,#3098,#3099);
#2633=AXIS2_PLACEMENT_3D('',#7433,#3100,#3101);
#2634=AXIS2_PLACEMENT_3D('',#7434,#3102,#3103);
#2635=AXIS2_PLACEMENT_3D('',#7435,#3104,#3105);
#2636=AXIS2_PLACEMENT_3D('',#7437,#3106,#3107);
#2637=AXIS2_PLACEMENT_3D('',#7438,#3108,#3109);
#2638=AXIS2_PLACEMENT_3D('',#7439,#3110,#3111);
#2639=AXIS2_PLACEMENT_3D('',#7441,#3112,#3113);
#2640=AXIS2_PLACEMENT_3D('',#7442,#3114,#3115);
#2641=AXIS2_PLACEMENT_3D('',#7443,#3116,#3117);
#2642=AXIS2_PLACEMENT_3D('',#7445,#3118,#3119);
#2643=AXIS2_PLACEMENT_3D('',#7446,#3120,#3121);
#2644=AXIS2_PLACEMENT_3D('',#7447,#3122,#3123);
#2645=AXIS2_PLACEMENT_3D('',#7449,#3125,#3126);
#2646=AXIS2_PLACEMENT_3D('',#7452,#3127,#3128);
#2647=AXIS2_PLACEMENT_3D('',#7455,#3131,#3132);
#2648=AXIS2_PLACEMENT_3D('',#7457,#3133,#3134);
#2649=AXIS2_PLACEMENT_3D('',#7459,#3136,#3137);
#2650=AXIS2_PLACEMENT_3D('',#7461,#3138,#3139);
#2651=AXIS2_PLACEMENT_3D('',#7462,#3140,#3141);
#2652=AXIS2_PLACEMENT_3D('',#7463,#3142,#3143);
#2653=AXIS2_PLACEMENT_3D('',#7465,#3145,#3146);
#2654=AXIS2_PLACEMENT_3D('',#7468,#3147,#3148);
#2655=AXIS2_PLACEMENT_3D('',#7471,#3151,#3152);
#2656=AXIS2_PLACEMENT_3D('',#7474,#3153,#3154);
#2657=AXIS2_PLACEMENT_3D('',#7475,#3155,#3156);
#2658=AXIS2_PLACEMENT_3D('',#7476,#3157,#3158);
#2659=AXIS2_PLACEMENT_3D('',#7477,#3159,#3160);
#2660=AXIS2_PLACEMENT_3D('',#7479,#3161,#3162);
#2661=AXIS2_PLACEMENT_3D('',#7482,#3165,#3166);
#2662=AXIS2_PLACEMENT_3D('',#7484,#3167,#3168);
#2663=AXIS2_PLACEMENT_3D('',#7488,#3170,#3171);
#2664=AXIS2_PLACEMENT_3D('',#7490,#3173,#3174);
#2665=AXIS2_PLACEMENT_3D('',#7493,#3175,#3176);
#2666=AXIS2_PLACEMENT_3D('',#7494,#3177,#3178);
#2667=AXIS2_PLACEMENT_3D('',#7495,#3179,#3180);
#2668=AXIS2_PLACEMENT_3D('',#7496,#3181,#3182);
#2669=AXIS2_PLACEMENT_3D('',#7499,#3185,#3186);
#2670=AXIS2_PLACEMENT_3D('',#7502,#3188,#3189);
#2671=AXIS2_PLACEMENT_3D('',#7505,#3191,#3192);
#2672=AXIS2_PLACEMENT_3D('',#7507,#3194,#3195);
#2673=AXIS2_PLACEMENT_3D('',#7508,#3196,#3197);
#2674=AXIS2_PLACEMENT_3D('',#7509,#3198,#3199);
#2675=AXIS2_PLACEMENT_3D('',#7510,#3200,#3201);
#2676=AXIS2_PLACEMENT_3D('',#7511,#3202,#3203);
#2677=AXIS2_PLACEMENT_3D('',#7515,#3205,#3206);
#2678=AXIS2_PLACEMENT_3D('',#7517,#3208,#3209);
#2679=AXIS2_PLACEMENT_3D('',#7519,#3211,#3212);
#2680=AXIS2_PLACEMENT_3D('',#7522,#3214,#3215);
#2681=AXIS2_PLACEMENT_3D('',#7523,#3216,#3217);
#2682=AXIS2_PLACEMENT_3D('',#7532,#3219,#3220);
#2683=AXIS2_PLACEMENT_3D('',#7534,#3222,#3223);
#2684=AXIS2_PLACEMENT_3D('',#7538,#3225,#3226);
#2685=AXIS2_PLACEMENT_3D('',#7546,#3227,#3228);
#2686=AXIS2_PLACEMENT_3D('',#7547,#3229,#3230);
#2687=AXIS2_PLACEMENT_3D('',#7549,#3232,#3233);
#2688=AXIS2_PLACEMENT_3D('',#7550,#3234,#3235);
#2689=AXIS2_PLACEMENT_3D('',#7553,#3238,#3239);
#2690=AXIS2_PLACEMENT_3D('',#7557,#3241,#3242);
#2691=AXIS2_PLACEMENT_3D('',#7560,#3244,#3245);
#2692=AXIS2_PLACEMENT_3D('',#7561,#3246,#3247);
#2693=AXIS2_PLACEMENT_3D('',#7564,#3249,#3250);
#2694=AXIS2_PLACEMENT_3D('',#7565,#3251,#3252);
#2695=AXIS2_PLACEMENT_3D('',#7568,#3254,#3255);
#2696=AXIS2_PLACEMENT_3D('',#7571,#3257,#3258);
#2697=AXIS2_PLACEMENT_3D('',#7572,#3259,#3260);
#2698=AXIS2_PLACEMENT_3D('',#7574,#3262,#3263);
#2699=AXIS2_PLACEMENT_3D('',#7576,#3265,#3266);
#2700=AXIS2_PLACEMENT_3D('',#7581,#3269,#3270);
#2701=AXIS2_PLACEMENT_3D('',#7587,#3274,#3275);
#2702=AXIS2_PLACEMENT_3D('',#7589,#3277,#3278);
#2703=AXIS2_PLACEMENT_3D('',#7590,#3279,#3280);
#2704=AXIS2_PLACEMENT_3D('',#7591,#3281,#3282);
#2705=AXIS2_PLACEMENT_3D('',#7593,#3283,#3284);
#2706=AXIS2_PLACEMENT_3D('',#7595,#3285,#3286);
#2707=AXIS2_PLACEMENT_3D('',#7608,#3287,#3288);
#2708=AXIS2_PLACEMENT_3D('',#7610,#3289,#3290);
#2709=AXIS2_PLACEMENT_3D('',#7611,#3291,#3292);
#2710=AXIS2_PLACEMENT_3D('',#7612,#3293,#3294);
#2711=AXIS2_PLACEMENT_3D('',#7626,#3295,#3296);
#2712=AXIS2_PLACEMENT_3D('',#7668,#3297,#3298);
#2713=AXIS2_PLACEMENT_3D('',#7726,#3299,#3300);
#2714=AXIS2_PLACEMENT_3D('',#7855,#3301,#3302);
#2715=AXIS2_PLACEMENT_3D('',#7856,#3303,#3304);
#2716=AXIS2_PLACEMENT_3D('',#7898,#3305,#3306);
#2717=AXIS2_PLACEMENT_3D('',#7956,#3307,#3308);
#2718=AXIS2_PLACEMENT_3D('',#8085,#3309,#3310);
#2719=AXIS2_PLACEMENT_3D('',#8086,#3311,#3312);
#2720=AXIS2_PLACEMENT_3D('',#8087,#3313,#3314);
#2721=AXIS2_PLACEMENT_3D('',#8090,#3315,#3316);
#2722=AXIS2_PLACEMENT_3D('',#8092,#3317,#3318);
#2723=AXIS2_PLACEMENT_3D('',#8094,#3319,#3320);
#2724=AXIS2_PLACEMENT_3D('',#8095,#3321,#3322);
#2725=AXIS2_PLACEMENT_3D('',#8096,#3323,#3324);
#2726=AXIS2_PLACEMENT_3D('',#8099,#3325,#3326);
#2727=AXIS2_PLACEMENT_3D('',#8100,#3327,#3328);
#2728=AXIS2_PLACEMENT_3D('',#8101,#3329,#3330);
#2729=AXIS2_PLACEMENT_3D('',#8102,#3331,#3332);
#2730=AXIS2_PLACEMENT_3D('',#8105,#3333,#3334);
#2731=AXIS2_PLACEMENT_3D('',#8106,#3335,#3336);
#2732=AXIS2_PLACEMENT_3D('',#8107,#3337,#3338);
#2733=AXIS2_PLACEMENT_3D('',#8130,#3339,#3340);
#2734=AXIS2_PLACEMENT_3D('',#8139,#3341,#3342);
#2735=AXIS2_PLACEMENT_3D('',#8141,#3343,#3344);
#2736=AXIS2_PLACEMENT_3D('',#8143,#3345,#3346);
#2737=AXIS2_PLACEMENT_3D('',#8144,#3347,#3348);
#2738=AXIS2_PLACEMENT_3D('',#8145,#3349,#3350);
#2739=AXIS2_PLACEMENT_3D('',#8148,#3351,#3352);
#2740=AXIS2_PLACEMENT_3D('',#8149,#3353,#3354);
#2741=AXIS2_PLACEMENT_3D('',#8150,#3355,#3356);
#2742=AXIS2_PLACEMENT_3D('',#8151,#3357,#3358);
#2743=AXIS2_PLACEMENT_3D('',#8154,#3359,#3360);
#2744=AXIS2_PLACEMENT_3D('',#8155,#3361,#3362);
#2745=AXIS2_PLACEMENT_3D('',#8156,#3363,#3364);
#2746=AXIS2_PLACEMENT_3D('',#8178,#3365,#3366);
#2747=AXIS2_PLACEMENT_3D('',#8262,#3367,#3368);
#2748=AXIS2_PLACEMENT_3D('',#8385,#3369,#3370);
#2749=AXIS2_PLACEMENT_3D('',#8511,#3371,#3372);
#2750=AXIS2_PLACEMENT_3D('',#8634,#3373,#3374);
#2751=AXIS2_PLACEMENT_3D('',#8681,#3375,#3376);
#2752=AXIS2_PLACEMENT_3D('',#8684,#3377,#3378);
#2753=AXIS2_PLACEMENT_3D('',#8685,#3379,#3380);
#2754=AXIS2_PLACEMENT_3D('',#8686,#3381,#3382);
#2755=AXIS2_PLACEMENT_3D('',#8687,#3383,#3384);
#2756=AXIS2_PLACEMENT_3D('',#8689,#3385,#3386);
#2757=AXIS2_PLACEMENT_3D('',#8691,#3387,#3388);
#2758=AXIS2_PLACEMENT_3D('',#8692,#3389,#3390);
#2759=AXIS2_PLACEMENT_3D('',#8693,#3391,#3392);
#2760=AXIS2_PLACEMENT_3D('',#8694,#3393,#3394);
#2761=AXIS2_PLACEMENT_3D('',#8695,#3395,#3396);
#2762=AXIS2_PLACEMENT_3D('',#8718,#3398,#3399);
#2763=AXIS2_PLACEMENT_3D('',#8719,#3400,#3401);
#2764=AXIS2_PLACEMENT_3D('',#8752,#3402,#3403);
#2765=AXIS2_PLACEMENT_3D('',#8753,#3404,#3405);
#2766=AXIS2_PLACEMENT_3D('',#8754,#3406,#3407);
#2767=AXIS2_PLACEMENT_3D('',#8775,#3408,#3409);
#2768=AXIS2_PLACEMENT_3D('',#8776,#3410,#3411);
#2769=AXIS2_PLACEMENT_3D('',#8777,#3412,#3413);
#2770=AXIS2_PLACEMENT_3D('',#8800,#3415,#3416);
#2771=AXIS2_PLACEMENT_3D('',#8801,#3417,#3418);
#2772=AXIS2_PLACEMENT_3D('',#8834,#3419,#3420);
#2773=AXIS2_PLACEMENT_3D('',#8835,#3421,#3422);
#2774=AXIS2_PLACEMENT_3D('',#8836,#3423,#3424);
#2775=AXIS2_PLACEMENT_3D('',#8857,#3425,#3426);
#2776=AXIS2_PLACEMENT_3D('',#8858,#3427,#3428);
#2777=AXIS2_PLACEMENT_3D('',#8859,#3429,#3430);
#2778=AXIS2_PLACEMENT_3D('',#8860,#3431,#3432);
#2779=AXIS2_PLACEMENT_3D('',#8862,#3433,#3434);
#2780=AXIS2_PLACEMENT_3D('',#8864,#3436,#3437);
#2781=AXIS2_PLACEMENT_3D('',#8866,#3438,#3439);
#2782=AXIS2_PLACEMENT_3D('',#8867,#3440,#3441);
#2783=AXIS2_PLACEMENT_3D('',#8868,#3442,#3443);
#2784=AXIS2_PLACEMENT_3D('',#8891,#3445,#3446);
#2785=AXIS2_PLACEMENT_3D('',#8892,#3447,#3448);
#2786=AXIS2_PLACEMENT_3D('',#8914,#3449,#3450);
#2787=AXIS2_PLACEMENT_3D('',#8915,#3451,#3452);
#2788=AXIS2_PLACEMENT_3D('',#8953,#3453,#3454);
#2789=AXIS2_PLACEMENT_3D('',#8954,#3455,#3456);
#2790=AXIS2_PLACEMENT_3D('',#8983,#3458,#3459);
#2791=AXIS2_PLACEMENT_3D('',#8991,#3460,#3461);
#2792=AXIS2_PLACEMENT_3D('',#9019,#3462,#3463);
#2793=AXIS2_PLACEMENT_3D('',#9020,#3464,#3465);
#2794=AXIS2_PLACEMENT_3D('',#9021,#3466,#3467);
#2795=AXIS2_PLACEMENT_3D('',#9042,#3468,#3469);
#2796=AXIS2_PLACEMENT_3D('',#9043,#3470,#3471);
#2797=AXIS2_PLACEMENT_3D('',#9044,#3472,#3473);
#2798=AXIS2_PLACEMENT_3D('',#9045,#3474,#3475);
#2799=AXIS2_PLACEMENT_3D('',#9068,#3476,#3477);
#2800=AXIS2_PLACEMENT_3D('',#9077,#3478,#3479);
#2801=AXIS2_PLACEMENT_3D('',#9078,#3480,#3481);
#2802=AXIS2_PLACEMENT_3D('',#9079,#3482,#3483);
#2803=AXIS2_PLACEMENT_3D('',#9108,#3484,#3485);
#2804=AXIS2_PLACEMENT_3D('',#9111,#3487,#3488);
#2805=AXIS2_PLACEMENT_3D('',#9112,#3489,#3490);
#2806=AXIS2_PLACEMENT_3D('',#9114,#3492,#3493);
#2807=AXIS2_PLACEMENT_3D('',#9115,#3494,#3495);
#2808=AXIS2_PLACEMENT_3D('',#9118,#3497,#3498);
#2809=AXIS2_PLACEMENT_3D('',#9119,#3499,#3500);
#2810=AXIS2_PLACEMENT_3D('',#9120,#3501,#3502);
#2811=AXIS2_PLACEMENT_3D('',#9122,#3504,#3505);
#2812=AXIS2_PLACEMENT_3D('',#9123,#3506,#3507);
#2813=AXIS2_PLACEMENT_3D('',#9125,#3508,#3509);
#2814=AXIS2_PLACEMENT_3D('',#9127,#3511,#3512);
#2815=AXIS2_PLACEMENT_3D('',#9131,#3514,#3515);
#2816=AXIS2_PLACEMENT_3D('',#9133,#3517,#3518);
#2817=AXIS2_PLACEMENT_3D('',#9134,#3519,#3520);
#2818=AXIS2_PLACEMENT_3D('',#9135,#3521,#3522);
#2819=AXIS2_PLACEMENT_3D('',#9137,#3524,#3525);
#2820=AXIS2_PLACEMENT_3D('',#9139,#3527,#3528);
#2821=AXIS2_PLACEMENT_3D('',#9141,#3530,#3531);
#2822=AXIS2_PLACEMENT_3D('',#9143,#3533,#3534);
#2823=AXIS2_PLACEMENT_3D('',#9145,#3536,#3537);
#2824=AXIS2_PLACEMENT_3D('',#9147,#3539,#3540);
#2825=AXIS2_PLACEMENT_3D('',#9148,#3541,#3542);
#2826=AXIS2_PLACEMENT_3D('',#9149,#3543,#3544);
#2827=AXIS2_PLACEMENT_3D('',#9150,#3545,#3546);
#2828=AXIS2_PLACEMENT_3D('',#9151,#3547,#3548);
#2829=AXIS2_PLACEMENT_3D('',#9152,#3549,#3550);
#2830=AXIS2_PLACEMENT_3D('',#9153,#3551,#3552);
#2831=AXIS2_PLACEMENT_3D('',#9154,#3553,#3554);
#2832=AXIS2_PLACEMENT_3D('',#9155,#3555,#3556);
#2833=AXIS2_PLACEMENT_3D('',#9156,#3557,#3558);
#2834=AXIS2_PLACEMENT_3D('',#9157,#3559,#3560);
#2835=AXIS2_PLACEMENT_3D('',#9158,#3561,#3562);
#2836=AXIS2_PLACEMENT_3D('',#9162,#3564,#3565);
#2837=AXIS2_PLACEMENT_3D('',#9164,#3567,#3568);
#2838=AXIS2_PLACEMENT_3D('',#9167,#3570,#3571);
#2839=AXIS2_PLACEMENT_3D('',#9169,#3573,#3574);
#2840=AXIS2_PLACEMENT_3D('',#9170,#3575,#3576);
#2841=AXIS2_PLACEMENT_3D('',#9171,#3577,#3578);
#2842=AXIS2_PLACEMENT_3D('',#9172,#3579,#3580);
#2843=AXIS2_PLACEMENT_3D('',#9175,#3583,#3584);
#2844=AXIS2_PLACEMENT_3D('',#9176,#3585,#3586);
#2845=AXIS2_PLACEMENT_3D('',#9177,#3587,#3588);
#2846=AXIS2_PLACEMENT_3D('',#9178,#3589,#3590);
#2847=AXIS2_PLACEMENT_3D('',#9179,#3591,#3592);
#2848=AXIS2_PLACEMENT_3D('',#9182,#3595,#3596);
#2849=AXIS2_PLACEMENT_3D('',#9183,#3597,#3598);
#2850=DIRECTION('axis',(0.,0.,1.));
#2851=DIRECTION('refdir',(1.,0.,0.));
#2852=DIRECTION('center_axis',(0.740433196394488,1.49242831186544E-15,-0.672129958919435));
#2853=DIRECTION('ref_axis',(-0.475267651790568,0.707106781186549,-0.523565334186171));
#2854=DIRECTION('center_axis',(-0.740433196394483,0.,0.672129958919441));
#2855=DIRECTION('ref_axis',(0.,1.,0.));
#2856=DIRECTION('center_axis',(-0.740433196394483,0.,0.672129958919441));
#2857=DIRECTION('ref_axis',(0.,1.,0.));
#2858=DIRECTION('center_axis',(0.290664415036112,-0.435473211348,-0.851984319122116));
#2859=DIRECTION('ref_axis',(-0.946437147185044,6.93889390390723E-17,-0.32288810202334));
#2860=DIRECTION('center_axis',(0.290664415036112,-0.435473211348,-0.851984319122116));
#2861=DIRECTION('ref_axis',(-0.946437147185044,6.93889390390723E-17,-0.32288810202334));
#2862=DIRECTION('center_axis',(-0.87605359834381,-0.435473211347995,0.20710667547698));
#2863=DIRECTION('ref_axis',(-0.47526765179057,0.707106781186548,-0.523565334186171));
#2864=DIRECTION('center_axis',(0.740433196394483,0.,-0.672129958919441));
#2865=DIRECTION('ref_axis',(-0.672129958919441,0.,-0.740433196394483));
#2866=DIRECTION('center_axis',(0.740433196394483,0.,-0.672129958919441));
#2867=DIRECTION('ref_axis',(-0.672129958919441,0.,-0.740433196394483));
#2868=DIRECTION('center_axis',(-0.740433196394485,0.,0.672129958919438));
#2869=DIRECTION('ref_axis',(0.,1.,0.));
#2870=DIRECTION('center_axis',(-0.740433196394485,0.,0.672129958919438));
#2871=DIRECTION('ref_axis',(0.,1.,0.));
#2872=DIRECTION('center_axis',(0.74043319639448,-6.27304055506674E-15,-0.672129958919444));
#2873=DIRECTION('ref_axis',(-0.475267651790571,0.707106781186548,-0.52356533418617));
#2874=DIRECTION('center_axis',(-0.740433196394483,0.,0.672129958919441));
#2875=DIRECTION('ref_axis',(0.,1.,0.));
#2876=DIRECTION('center_axis',(-0.740433196394483,0.,0.672129958919441));
#2877=DIRECTION('ref_axis',(0.,1.,0.));
#2878=DIRECTION('center_axis',(0.290664415036081,-0.435473211348019,-0.851984319122117));
#2879=DIRECTION('ref_axis',(-0.946437147185055,1.2490009027033E-16,-0.322888102023309));
#2880=DIRECTION('center_axis',(0.290664415036081,-0.435473211348019,-0.851984319122117));
#2881=DIRECTION('ref_axis',(-0.946437147185055,1.2490009027033E-16,-0.322888102023309));
#2882=DIRECTION('center_axis',(0.876053598343813,-0.43547321134801,-0.207106675476936));
#2883=DIRECTION('ref_axis',(0.475267651790557,0.707106781186547,0.523565334186183));
#2884=DIRECTION('center_axis',(-0.740433196394502,0.,0.67212995891942));
#2885=DIRECTION('ref_axis',(0.67212995891942,0.,0.740433196394502));
#2886=DIRECTION('center_axis',(-0.740433196394502,0.,0.67212995891942));
#2887=DIRECTION('ref_axis',(0.67212995891942,0.,0.740433196394502));
#2888=DIRECTION('center_axis',(0.740433196394502,0.,-0.672129958919419));
#2889=DIRECTION('ref_axis',(0.,1.,0.));
#2890=DIRECTION('center_axis',(0.740433196394502,0.,-0.672129958919419));
#2891=DIRECTION('ref_axis',(0.,1.,0.));
#2892=DIRECTION('center_axis',(7.49855038018541E-16,-1.,2.29677749487581E-16));
#2893=DIRECTION('ref_axis',(0.,0.,-1.));
#2894=DIRECTION('center_axis',(-7.49855038018541E-16,1.,-2.29677749487581E-16));
#2895=DIRECTION('ref_axis',(-1.,-7.49855038018541E-16,-7.06700767654091E-17));
#2896=DIRECTION('center_axis',(-1.,-7.49855038018541E-16,0.));
#2897=DIRECTION('ref_axis',(0.,0.,1.));
#2898=DIRECTION('center_axis',(7.49855038018541E-16,-1.,2.29677749487581E-16));
#2899=DIRECTION('ref_axis',(-1.,-7.49855038018541E-16,-7.06700767654091E-17));
#2900=DIRECTION('center_axis',(-7.49855038018541E-16,1.,-2.29677749487581E-16));
#2901=DIRECTION('ref_axis',(-1.,-7.49855038018541E-16,-7.06700767654091E-17));
#2902=DIRECTION('center_axis',(-7.49855038018541E-16,1.,-2.29677749487581E-16));
#2903=DIRECTION('ref_axis',(-1.,-7.49855038018541E-16,-1.9300927853971E-32));
#2904=DIRECTION('',(0.67212995891944,6.74061066092718E-16,0.740433196394483));
#2905=DIRECTION('',(-0.740433196394482,-4.00844266304777E-16,0.672129958919441));
#2906=DIRECTION('center_axis',(7.49855038018541E-16,-1.,2.29677749487581E-16));
#2907=DIRECTION('ref_axis',(0.998832985976741,7.6007284967185E-16,0.0482976823956041));
#2908=DIRECTION('center_axis',(-7.49855038018541E-16,1.,-2.29677749487581E-16));
#2909=DIRECTION('ref_axis',(-0.672129958919441,-6.74061066092719E-16,-0.740433196394482));
#2910=DIRECTION('center_axis',(7.49855038018541E-16,-1.,2.29677749487581E-16));
#2911=DIRECTION('ref_axis',(-0.0482976823955906,1.93193451864146E-16,0.998832985976742));
#2912=DIRECTION('',(-0.740433196394482,-4.00844266304777E-16,0.672129958919441));
#2913=DIRECTION('center_axis',(7.49855038018541E-16,-1.,2.29677749487581E-16));
#2914=DIRECTION('ref_axis',(0.922059640352016,7.80307340297965E-16,0.387047826029176));
#2915=DIRECTION('center_axis',(-7.49855038018541E-16,1.,-2.29677749487581E-16));
#2916=DIRECTION('ref_axis',(-0.85461852902988,-7.6010164228823E-16,-0.51925636234793));
#2917=DIRECTION('center_axis',(7.49855038018541E-16,-1.,2.29677749487581E-16));
#2918=DIRECTION('ref_axis',(0.813250060790454,7.43472439058819E-16,0.581914373962633));
#2919=DIRECTION('center_axis',(-7.49855038018541E-16,1.,-2.29677749487581E-16));
#2920=DIRECTION('ref_axis',(1.07776577034083E-15,-2.2967774948758E-16,-1.));
#2921=DIRECTION('center_axis',(7.49855038018541E-16,-1.,2.29677749487581E-16));
#2922=DIRECTION('ref_axis',(-0.813250060790455,-4.76166871446396E-16,0.581914373962631));
#2923=DIRECTION('center_axis',(-7.49855038018541E-16,1.,-2.29677749487581E-16));
#2924=DIRECTION('ref_axis',(0.866025403784432,5.34554637336005E-16,-0.500000000000011));
#2925=DIRECTION('center_axis',(7.49855038018541E-16,-1.,2.29677749487581E-16));
#2926=DIRECTION('ref_axis',(-0.910577661074178,-5.87866699236796E-16,0.413338025292472));
#2927=DIRECTION('center_axis',(-7.49855038018541E-16,1.,-2.29677749487581E-16));
#2928=DIRECTION('ref_axis',(0.866025403784453,7.64232386823598E-16,0.499999999999976));
#2929=DIRECTION('center_axis',(7.49855038018541E-16,-1.,2.29677749487581E-16));
#2930=DIRECTION('ref_axis',(-0.0973276002837698,-3.01568922644063E-16,-0.995252399255085));
#2931=DIRECTION('center_axis',(-7.49855038018541E-16,1.,-2.29677749487581E-16));
#2932=DIRECTION('ref_axis',(0.233683844722402,3.98547586136977E-16,0.972312635275175));
#2933=DIRECTION('center_axis',(7.49855038018541E-16,-1.,2.29677749487581E-16));
#2934=DIRECTION('ref_axis',(-0.296279374078317,-4.41532103147671E-16,-0.955101320539219));
#2935=DIRECTION('',(0.740433196394501,4.00844266304796E-16,-0.67212995891942));
#2936=DIRECTION('',(0.67212995891944,6.74061066092718E-16,0.740433196394483));
#2937=DIRECTION('',(-0.740433196394493,-4.00844266304788E-16,0.672129958919429));
#2938=DIRECTION('center_axis',(7.49855038018541E-16,-1.,2.29677749487581E-16));
#2939=DIRECTION('ref_axis',(0.740433196394473,4.00844266304768E-16,-0.672129958919451));
#2940=DIRECTION('',(0.740433196394493,4.00844266304788E-16,-0.672129958919429));
#2941=DIRECTION('center_axis',(7.49855038018541E-16,-1.,2.29677749487581E-16));
#2942=DIRECTION('ref_axis',(-1.,-7.49855038018541E-16,-7.06700767654072E-17));
#2943=DIRECTION('center_axis',(7.49855038018541E-16,-1.,2.29677749487581E-16));
#2944=DIRECTION('ref_axis',(-1.,-7.49855038018541E-16,-7.06700767654085E-17));
#2945=DIRECTION('center_axis',(-5.55111512312578E-16,1.,-2.77555756156289E-16));
#2946=DIRECTION('ref_axis',(-1.,-5.55111512312578E-16,-7.33531143878313E-32));
#2947=DIRECTION('',(-5.55111512312578E-16,1.,-2.77555756156289E-16));
#2948=DIRECTION('center_axis',(8.1939395921138E-16,-1.,2.77555756156289E-16));
#2949=DIRECTION('ref_axis',(-1.,-8.1939395921138E-16,0.));
#2950=DIRECTION('center_axis',(7.49855038018541E-16,-1.,2.29677749487581E-16));
#2951=DIRECTION('ref_axis',(0.,0.,-1.));
#2952=DIRECTION('center_axis',(-7.49855038018541E-16,1.,-2.29677749487581E-16));
#2953=DIRECTION('ref_axis',(-1.,-7.49855038018541E-16,-7.06700767654072E-17));
#2954=DIRECTION('center_axis',(-1.,-7.49855038018541E-16,0.));
#2955=DIRECTION('ref_axis',(0.,0.,1.));
#2956=DIRECTION('center_axis',(-7.49855038018541E-16,1.,-2.29677749487581E-16));
#2957=DIRECTION('ref_axis',(-1.,-7.49855038018541E-16,-7.06700767654072E-17));
#2958=DIRECTION('center_axis',(-5.55111512312578E-16,1.,-2.77555756156289E-16));
#2959=DIRECTION('ref_axis',(-1.,-5.55111512312578E-16,-7.33531143878313E-32));
#2960=DIRECTION('',(-5.55111512312578E-16,1.,-2.77555756156289E-16));
#2961=DIRECTION('center_axis',(8.1939395921138E-16,-1.,2.77555756156289E-16));
#2962=DIRECTION('ref_axis',(-1.,-8.1939395921138E-16,0.));
#2963=DIRECTION('center_axis',(7.49855038018541E-16,-1.,2.29677749487581E-16));
#2964=DIRECTION('ref_axis',(0.,0.,-1.));
#2965=DIRECTION('center_axis',(-7.49855038018541E-16,1.,-2.29677749487581E-16));
#2966=DIRECTION('ref_axis',(-1.,-7.49855038018541E-16,-7.06700767654085E-17));
#2967=DIRECTION('center_axis',(-1.,-7.49855038018541E-16,-1.05735526154777E-16));
#2968=DIRECTION('ref_axis',(-1.05735526154777E-16,0.,1.));
#2969=DIRECTION('center_axis',(-7.49855038018541E-16,1.,-2.29677749487581E-16));
#2970=DIRECTION('ref_axis',(-1.,-7.49855038018541E-16,-7.06700767654085E-17));
#2971=DIRECTION('center_axis',(-5.55111512312578E-16,1.,-2.77555756156289E-16));
#2972=DIRECTION('ref_axis',(-1.,-5.55111512312578E-16,-7.33531143878312E-32));
#2973=DIRECTION('',(-5.55111512312578E-16,1.,-2.77555756156289E-16));
#2974=DIRECTION('center_axis',(8.1939395921138E-16,-1.,2.77555756156289E-16));
#2975=DIRECTION('ref_axis',(-1.,-8.1939395921138E-16,0.));
#2976=DIRECTION('center_axis',(-0.740433196394483,-2.24469452433797E-16,
0.67212995891944));
#2977=DIRECTION('ref_axis',(0.67212995891944,0.,0.740433196394484));
#2978=DIRECTION('center_axis',(-0.582081619068829,-0.499999999999995,-0.641233957882937));
#2979=DIRECTION('ref_axis',(0.336064979459717,-0.866025403784442,0.370216598197238));
#2980=DIRECTION('center_axis',(0.740433196394483,2.24469452433797E-16,-0.67212995891944));
#2981=DIRECTION('ref_axis',(-4.35434162178095E-15,1.,-4.46287149228909E-15));
#2982=DIRECTION('center_axis',(-0.582081619068825,0.5,-0.641233957882936));
#2983=DIRECTION('ref_axis',(-0.336064979459725,-0.866025403784439,-0.370216598197237));
#2984=DIRECTION('center_axis',(0.,0.,1.));
#2985=DIRECTION('ref_axis',(1.,0.,0.));
#2986=DIRECTION('center_axis',(0.,-1.,0.));
#2987=DIRECTION('ref_axis',(-0.672129958919431,0.,-0.740433196394492));
#2988=DIRECTION('center_axis',(-0.740433196394483,0.,0.672129958919441));
#2989=DIRECTION('ref_axis',(0.,-1.,0.));
#2990=DIRECTION('center_axis',(-0.672129958919441,-1.25460811101335E-14,
-0.740433196394483));
#2991=DIRECTION('ref_axis',(-0.740433196394483,0.,0.672129958919441));
#2992=DIRECTION('center_axis',(0.0278846799323418,-0.816496580927734,-0.576676493329139));
#2993=DIRECTION('ref_axis',(-0.0394348925427441,-0.577350269189614,0.815543717967849));
#2994=DIRECTION('center_axis',(0.,-1.,0.));
#2995=DIRECTION('ref_axis',(-0.740433196394485,0.,0.672129958919438));
#2996=DIRECTION('center_axis',(0.672129958919438,0.,0.740433196394485));
#2997=DIRECTION('ref_axis',(0.,-1.,0.));
#2998=DIRECTION('center_axis',(-0.740433196394492,-6.57636786267174E-15,
0.672129958919431));
#2999=DIRECTION('ref_axis',(0.672129958919431,3.94430452610506E-31,0.740433196394492));
#3000=DIRECTION('center_axis',(0.027884679932342,-0.81649658092774,-0.576676493329129));
#3001=DIRECTION('ref_axis',(-0.0394348925427509,-0.57735026918961,0.815543717967851));
#3002=DIRECTION('center_axis',(5.96971324746178E-15,-1.,6.57636786267163E-15));
#3003=DIRECTION('ref_axis',(-0.740433196394483,0.,0.672129958919441));
#3004=DIRECTION('center_axis',(0.672129958919446,0.,0.740433196394478));
#3005=DIRECTION('ref_axis',(0.,-1.,0.));
#3006=DIRECTION('center_axis',(-0.740433196394504,-1.25460811101335E-14,
0.672129958919417));
#3007=DIRECTION('ref_axis',(0.672129958919417,0.,0.740433196394504));
#3008=DIRECTION('center_axis',(0.67212995891944,6.74061066092718E-16,0.740433196394483));
#3009=DIRECTION('ref_axis',(-0.523565334186172,-0.707106781186544,0.475267651790575));
#3010=DIRECTION('',(-0.67212995891944,-6.74061066092718E-16,-0.740433196394483));
#3011=DIRECTION('center_axis',(0.,0.,1.));
#3012=DIRECTION('ref_axis',(1.,0.,0.));
#3013=DIRECTION('center_axis',(-0.740433196394487,0.,0.672129958919436));
#3014=DIRECTION('ref_axis',(0.,-1.,0.));
#3015=DIRECTION('center_axis',(-0.672129958919441,-1.25460811101335E-14,
-0.740433196394483));
#3016=DIRECTION('ref_axis',(-0.740433196394483,0.,0.672129958919441));
#3017=DIRECTION('center_axis',(0.,-1.,0.));
#3018=DIRECTION('ref_axis',(-0.67212995891944,0.,-0.740433196394483));
#3019=DIRECTION('center_axis',(0.67212995891944,6.74061066092718E-16,0.740433196394483));
#3020=DIRECTION('ref_axis',(-0.523565334186172,-0.707106781186544,0.475267651790575));
#3021=DIRECTION('',(-0.67212995891944,-6.74061066092718E-16,-0.740433196394483));
#3022=DIRECTION('center_axis',(-5.55111512312578E-16,1.,-2.77555756156289E-16));
#3023=DIRECTION('ref_axis',(-0.998832985976742,-5.67868989151142E-16,-0.0482976823955917));
#3024=DIRECTION('center_axis',(0.,-1.,0.));
#3025=DIRECTION('ref_axis',(-0.740433196394485,0.,0.672129958919438));
#3026=DIRECTION('',(5.55111512312578E-16,-1.,2.77555756156289E-16));
#3027=DIRECTION('',(-5.55111512312578E-16,1.,-2.77555756156289E-16));
#3028=DIRECTION('center_axis',(-0.740433196394482,-4.00844266304777E-16,
0.672129958919441));
#3029=DIRECTION('ref_axis',(-0.475267651790573,-0.707106781186547,-0.52356533418617));
#3030=DIRECTION('center_axis',(-0.740433196394484,0.,0.672129958919439));
#3031=DIRECTION('ref_axis',(-0.672129958919439,0.,-0.740433196394484));
#3032=DIRECTION('',(0.740433196394482,4.00844266304777E-16,-0.672129958919441));
#3033=DIRECTION('center_axis',(-7.49855038018541E-16,1.,-2.29677749487581E-16));
#3034=DIRECTION('ref_axis',(0.,0.,1.));
#3035=DIRECTION('center_axis',(0.672129958919432,0.,0.740433196394491));
#3036=DIRECTION('ref_axis',(-0.740433196394491,0.,0.672129958919432));
#3037=DIRECTION('center_axis',(-7.49855038018541E-16,1.,-2.29677749487581E-16));
#3038=DIRECTION('ref_axis',(0.998832985976741,7.6007284967185E-16,0.0482976823956041));
#3039=DIRECTION('center_axis',(-7.49855038018541E-16,1.,-2.29677749487581E-16));
#3040=DIRECTION('ref_axis',(-0.672129958919441,0.,-0.740433196394482));
#3041=DIRECTION('center_axis',(-0.672129958919448,0.,-0.740433196394476));
#3042=DIRECTION('ref_axis',(0.740433196394476,0.,-0.672129958919448));
#3043=DIRECTION('center_axis',(7.49855038018541E-16,-1.,2.29677749487581E-16));
#3044=DIRECTION('ref_axis',(-0.672129958919441,-6.74061066092719E-16,-0.740433196394482));
#3045=DIRECTION('center_axis',(-7.49855038018541E-16,1.,-2.29677749487581E-16));
#3046=DIRECTION('ref_axis',(0.,0.,1.));
#3047=DIRECTION('center_axis',(-0.740433196394483,0.,0.67212995891944));
#3048=DIRECTION('ref_axis',(-0.67212995891944,0.,-0.740433196394483));
#3049=DIRECTION('center_axis',(-7.49855038018541E-16,1.,-2.29677749487581E-16));
#3050=DIRECTION('ref_axis',(-0.0482976823955906,1.93193451864146E-16,0.998832985976742));
#3051=DIRECTION('center_axis',(-0.740433196394482,-4.00844266304777E-16,
0.672129958919441));
#3052=DIRECTION('ref_axis',(-0.475267651790573,-0.707106781186547,-0.52356533418617));
#3053=DIRECTION('center_axis',(-0.740433196394481,0.,0.672129958919442));
#3054=DIRECTION('ref_axis',(-0.672129958919442,0.,-0.740433196394481));
#3055=DIRECTION('',(0.740433196394482,4.00844266304777E-16,-0.672129958919441));
#3056=DIRECTION('center_axis',(7.49855038018541E-16,-1.,2.29677749487581E-16));
#3057=DIRECTION('ref_axis',(0.,0.,-1.));
#3058=DIRECTION('center_axis',(0.0388494317607791,0.,0.999245075870712));
#3059=DIRECTION('ref_axis',(-0.999245075870712,0.,0.0388494317607791));
#3060=DIRECTION('center_axis',(-7.49855038018541E-16,1.,-2.29677749487581E-16));
#3061=DIRECTION('ref_axis',(0.922059640352016,7.80307340297965E-16,0.387047826029176));
#3062=DIRECTION('center_axis',(-7.49855038018541E-16,1.,-2.29677749487581E-16));
#3063=DIRECTION('ref_axis',(0.,0.,1.));
#3064=DIRECTION('center_axis',(-0.904761904761905,0.,0.42591770999996));
#3065=DIRECTION('ref_axis',(-0.42591770999996,8.88178419700124E-15,-0.904761904761905));
#3066=DIRECTION('center_axis',(7.49855038018541E-16,-1.,2.29677749487581E-16));
#3067=DIRECTION('ref_axis',(-0.85461852902988,-7.6010164228823E-16,-0.51925636234793));
#3068=DIRECTION('center_axis',(7.49855038018541E-16,-1.,2.29677749487581E-16));
#3069=DIRECTION('ref_axis',(0.,0.,-1.));
#3070=DIRECTION('center_axis',(-0.11111111111108,0.,0.99380798999991));
#3071=DIRECTION('ref_axis',(-0.99380798999991,0.,-0.11111111111108));
#3072=DIRECTION('center_axis',(-7.49855038018541E-16,1.,-2.29677749487581E-16));
#3073=DIRECTION('ref_axis',(0.813250060790454,7.43472439058819E-16,0.581914373962633));
#3074=DIRECTION('center_axis',(-7.49855038018541E-16,1.,-2.29677749487581E-16));
#3075=DIRECTION('ref_axis',(1.03620815631681E-15,0.,-1.));
#3076=DIRECTION('center_axis',(-0.111111111111075,-6.16790569236007E-17,
-0.993807989999911));
#3077=DIRECTION('ref_axis',(0.993807989999911,6.93334779979405E-33,-0.111111111111075));
#3078=DIRECTION('center_axis',(7.49855038018541E-16,-1.,2.29677749487581E-16));
#3079=DIRECTION('ref_axis',(1.07776577034083E-15,-2.2967774948758E-16,-1.));
#3080=DIRECTION('center_axis',(7.49855038018541E-16,-1.,2.29677749487581E-16));
#3081=DIRECTION('ref_axis',(0.,0.,-1.));
#3082=DIRECTION('center_axis',(-0.904761904761903,-1.00448749847039E-15,
-0.425917709999964));
#3083=DIRECTION('ref_axis',(0.425917709999964,0.,-0.904761904761903));
#3084=DIRECTION('center_axis',(-7.49855038018541E-16,1.,-2.29677749487581E-16));
#3085=DIRECTION('ref_axis',(-0.813250060790455,-4.76166871446396E-16,0.581914373962631));
#3086=DIRECTION('center_axis',(-7.49855038018541E-16,1.,-2.29677749487581E-16));
#3087=DIRECTION('ref_axis',(0.,0.,1.));
#3088=DIRECTION('center_axis',(0.0835253955992622,0.,-0.996505648900189));
#3089=DIRECTION('ref_axis',(0.996505648900189,0.,0.0835253955992622));
#3090=DIRECTION('center_axis',(7.49855038018541E-16,-1.,2.29677749487581E-16));
#3091=DIRECTION('ref_axis',(0.866025403784432,5.34554637336005E-16,-0.500000000000011));
#3092=DIRECTION('center_axis',(7.49855038018541E-16,-1.,2.29677749487581E-16));
#3093=DIRECTION('ref_axis',(0.,0.,-1.));
#3094=DIRECTION('center_axis',(-0.805107410268338,0.,-0.593129039864859));
#3095=DIRECTION('ref_axis',(0.593129039864859,0.,-0.805107410268338));
#3096=DIRECTION('center_axis',(-7.49855038018541E-16,1.,-2.29677749487581E-16));
#3097=DIRECTION('ref_axis',(-0.910577661074178,-5.87866699236796E-16,0.413338025292472));
#3098=DIRECTION('center_axis',(-7.49855038018541E-16,1.,-2.29677749487581E-16));
#3099=DIRECTION('ref_axis',(0.,0.,1.));
#3100=DIRECTION('center_axis',(0.916218521379433,0.,0.400678950135));
#3101=DIRECTION('ref_axis',(-0.400678950135,0.,0.916218521379433));
#3102=DIRECTION('center_axis',(7.49855038018541E-16,-1.,2.29677749487581E-16));
#3103=DIRECTION('ref_axis',(0.866025403784453,7.64232386823598E-16,0.499999999999976));
#3104=DIRECTION('center_axis',(7.49855038018541E-16,-1.,2.29677749487581E-16));
#3105=DIRECTION('ref_axis',(0.,0.,-1.));
#3106=DIRECTION('center_axis',(0.821236509162595,0.,-0.570587938900249));
#3107=DIRECTION('ref_axis',(0.570587938900249,0.,0.821236509162595));
#3108=DIRECTION('center_axis',(-7.49855038018541E-16,1.,-2.29677749487581E-16));
#3109=DIRECTION('ref_axis',(-0.0973276002837698,-3.01568922644063E-16,-0.995252399255085));
#3110=DIRECTION('center_axis',(-7.49855038018541E-16,1.,-2.29677749487581E-16));
#3111=DIRECTION('ref_axis',(0.,0.,1.));
#3112=DIRECTION('center_axis',(0.990834969984548,1.10004779728063E-15,0.13507798582937));
#3113=DIRECTION('ref_axis',(-0.13507798582937,0.,0.990834969984548));
#3114=DIRECTION('center_axis',(7.49855038018541E-16,-1.,2.29677749487581E-16));
#3115=DIRECTION('ref_axis',(0.233683844722402,3.98547586136977E-16,0.972312635275175));
#3116=DIRECTION('center_axis',(7.49855038018541E-16,-1.,2.29677749487581E-16));
#3117=DIRECTION('ref_axis',(0.,0.,-1.));
#3118=DIRECTION('center_axis',(0.740433196394502,0.,-0.67212995891942));
#3119=DIRECTION('ref_axis',(0.67212995891942,0.,0.740433196394502));
#3120=DIRECTION('center_axis',(-7.49855038018541E-16,1.,-2.29677749487581E-16));
#3121=DIRECTION('ref_axis',(-0.296279374078317,-4.4153210314767E-16,-0.955101320539219));
#3122=DIRECTION('center_axis',(0.740433196394501,4.00844266304796E-16,-0.672129958919421));
#3123=DIRECTION('ref_axis',(0.475267651790561,-0.707106781186543,0.523565334186185));
#3124=DIRECTION('',(-0.740433196394501,-4.00844266304796E-16,0.67212995891942));
#3125=DIRECTION('center_axis',(-5.55111512312578E-16,1.,-2.77555756156289E-16));
#3126=DIRECTION('ref_axis',(-0.0482976823956093,2.50421245180799E-16,0.998832985976741));
#3127=DIRECTION('center_axis',(0.,-1.,0.));
#3128=DIRECTION('ref_axis',(0.672129958919422,0.,0.7404331963945));
#3129=DIRECTION('',(5.55111512312578E-16,-1.,2.77555756156289E-16));
#3130=DIRECTION('',(-5.55111512312578E-16,1.,-2.77555756156289E-16));
#3131=DIRECTION('center_axis',(0.740433196394493,4.00844266304788E-16,-0.672129958919429));
#3132=DIRECTION('ref_axis',(-0.475267651790565,-0.707106781186546,-0.523565334186178));
#3133=DIRECTION('center_axis',(-0.740433196394494,-8.2204598283397E-16,
0.672129958919429));
#3134=DIRECTION('ref_axis',(-0.672129958919429,0.,-0.740433196394494));
#3135=DIRECTION('',(0.740433196394493,4.00844266304788E-16,-0.672129958919429));
#3136=DIRECTION('center_axis',(-7.49855038018541E-16,1.,-2.29677749487581E-16));
#3137=DIRECTION('ref_axis',(0.740433196394474,0.,-0.67212995891945));
#3138=DIRECTION('center_axis',(0.740433196394473,1.64409196566789E-15,-0.672129958919452));
#3139=DIRECTION('ref_axis',(0.672129958919452,-9.86076131526264E-32,0.740433196394473));
#3140=DIRECTION('center_axis',(-7.49855038018541E-16,1.,-2.29677749487581E-16));
#3141=DIRECTION('ref_axis',(0.740433196394473,4.00844266304768E-16,-0.672129958919451));
#3142=DIRECTION('center_axis',(-0.740433196394493,-4.00844266304788E-16,
0.672129958919429));
#3143=DIRECTION('ref_axis',(0.475267651790564,-0.707106781186548,0.523565334186176));
#3144=DIRECTION('',(-0.740433196394493,-4.00844266304788E-16,0.672129958919429));
#3145=DIRECTION('center_axis',(-5.55111512312578E-16,1.,-2.77555756156289E-16));
#3146=DIRECTION('ref_axis',(-0.0482976823956099,2.50421245180799E-16,0.998832985976741));
#3147=DIRECTION('center_axis',(0.,-1.,0.));
#3148=DIRECTION('ref_axis',(0.672129958919429,0.,0.740433196394494));
#3149=DIRECTION('',(5.55111512312578E-16,-1.,2.77555756156289E-16));
#3150=DIRECTION('',(-5.55111512312578E-16,1.,-2.77555756156289E-16));
#3151=DIRECTION('center_axis',(-0.740433196394483,-2.24469452433797E-16,
0.67212995891944));
#3152=DIRECTION('ref_axis',(0.672129958919441,0.,0.740433196394483));
#3153=DIRECTION('center_axis',(-0.582081619068827,-0.499999999999992,-0.641233957882941));
#3154=DIRECTION('ref_axis',(0.336064979459719,-0.866025403784443,0.370216598197231));
#3155=DIRECTION('center_axis',(-0.740433196394483,-2.24469452433797E-16,
0.67212995891944));
#3156=DIRECTION('ref_axis',(-0.582081619068828,0.499999999999996,-0.641233957882936));
#3157=DIRECTION('center_axis',(0.740433196394483,2.24469452433797E-16,-0.67212995891944));
#3158=DIRECTION('ref_axis',(-0.582081619068828,0.499999999999996,-0.641233957882937));
#3159=DIRECTION('center_axis',(-0.582081619068827,-0.499999999999999,-0.641233957882936));
#3160=DIRECTION('ref_axis',(-0.285931508290892,-0.61237243569579,0.737050318883658));
#3161=DIRECTION('center_axis',(0.173960034152324,-0.965925826289069,0.191638212853026));
#3162=DIRECTION('ref_axis',(0.649227685942898,0.258819045102518,0.715203547039198));
#3163=DIRECTION('',(-0.582081619068827,-0.499999999999999,-0.641233957882936));
#3164=DIRECTION('',(0.582081619068827,0.499999999999999,0.641233957882936));
#3165=DIRECTION('center_axis',(-0.582081619068827,0.499999999999999,-0.641233957882935));
#3166=DIRECTION('ref_axis',(-0.761199160081457,-0.612372435695791,0.213484984697493));
#3167=DIRECTION('center_axis',(-0.173960034152323,-0.965925826289069,-0.191638212853027));
#3168=DIRECTION('ref_axis',(-0.649227685942898,0.258819045102518,-0.715203547039198));
#3169=DIRECTION('',(0.582081619068827,-0.499999999999999,0.641233957882935));
#3170=DIRECTION('center_axis',(-0.582081619068823,0.5,-0.641233957882938));
#3171=DIRECTION('ref_axis',(-0.336064979459706,-0.866025403784439,-0.370216598197254));
#3172=DIRECTION('',(-0.582081619068827,0.499999999999999,-0.641233957882935));
#3173=DIRECTION('center_axis',(-0.740433196394483,-2.24469452433797E-16,
0.67212995891944));
#3174=DIRECTION('ref_axis',(0.67212995891944,0.,0.740433196394484));
#3175=DIRECTION('center_axis',(5.96971324746182E-15,1.,6.57636786267168E-15));
#3176=DIRECTION('ref_axis',(-0.67212995891944,8.8817841970013E-15,-0.740433196394483));
#3177=DIRECTION('center_axis',(-0.740433196394483,-2.24469452433797E-16,
0.67212995891944));
#3178=DIRECTION('ref_axis',(0.582081619068824,0.500000000000005,0.641233957882933));
#3179=DIRECTION('center_axis',(0.740433196394483,2.24469452433797E-16,-0.67212995891944));
#3180=DIRECTION('ref_axis',(0.582081619068824,0.500000000000005,0.641233957882933));
#3181=DIRECTION('center_axis',(-5.55111512312578E-16,1.,-2.77555756156289E-16));
#3182=DIRECTION('ref_axis',(-0.998832985976742,-5.67868989151144E-16,-0.0482976823955986));
#3183=DIRECTION('',(5.55111512312578E-16,-1.,2.77555756156289E-16));
#3184=DIRECTION('',(-5.55111512312578E-16,1.,-2.77555756156289E-16));
#3185=DIRECTION('center_axis',(0.67212995891944,6.74061066092718E-16,0.740433196394483));
#3186=DIRECTION('ref_axis',(-0.523565334186168,0.70710678118655,0.47526765179057));
#3187=DIRECTION('',(0.67212995891944,6.74061066092718E-16,0.740433196394483));
#3188=DIRECTION('center_axis',(-0.672129958919441,0.,-0.740433196394483));
#3189=DIRECTION('ref_axis',(-0.740433196394483,0.,0.672129958919441));
#3190=DIRECTION('',(-0.67212995891944,-6.74061066092718E-16,-0.740433196394483));
#3191=DIRECTION('center_axis',(0.672129958919441,-3.28818393133589E-15,
0.740433196394483));
#3192=DIRECTION('ref_axis',(-1.18329135783152E-30,1.,4.44089209850072E-15));
#3193=DIRECTION('',(0.67212995891944,6.74061066092718E-16,0.740433196394483));
#3194=DIRECTION('center_axis',(0.,0.,1.));
#3195=DIRECTION('ref_axis',(1.,0.,0.));
#3196=DIRECTION('center_axis',(-0.740433196394482,-4.00844266304777E-16,
0.672129958919441));
#3197=DIRECTION('ref_axis',(-0.475267651790577,0.707106781186542,-0.523565334186173));
#3198=DIRECTION('center_axis',(-0.0278846799323419,-0.816496580927722,0.576676493329155));
#3199=DIRECTION('ref_axis',(-0.0394348925427507,0.577350269189636,0.815543717967833));
#3200=DIRECTION('center_axis',(-0.740433196394501,-4.00844266304796E-16,
0.672129958919421));
#3201=DIRECTION('ref_axis',(0.475267651790556,0.707106781186551,0.52356533418618));
#3202=DIRECTION('center_axis',(0.740433196394493,-3.20493781063927E-17,
-0.672129958919429));
#3203=DIRECTION('ref_axis',(-0.582081619068814,0.500000000000007,-0.641233957882941));
#3204=DIRECTION('',(0.740433196394493,-3.20493781063927E-17,-0.672129958919429));
#3205=DIRECTION('center_axis',(0.740433196394489,3.10478350405657E-15,-0.672129958919434));
#3206=DIRECTION('ref_axis',(-0.672129958919434,-1.97215226305253E-31,-0.740433196394489));
#3207=DIRECTION('',(-0.740433196394493,8.01234452659813E-18,0.672129958919429));
#3208=DIRECTION('center_axis',(0.672129958919429,5.78618573674847E-16,0.740433196394493));
#3209=DIRECTION('ref_axis',(0.740433196394493,3.09130646879528E-16,-0.672129958919429));
#3210=DIRECTION('',(-5.55111512312578E-16,1.,-2.77555756156289E-16));
#3211=DIRECTION('center_axis',(-5.55111512312578E-16,1.,-2.77555756156289E-16));
#3212=DIRECTION('ref_axis',(0.672129958919451,5.78618573674854E-16,0.740433196394473));
#3213=DIRECTION('',(-5.55111512312578E-16,1.,-2.77555756156289E-16));
#3214=DIRECTION('center_axis',(5.55111512312578E-16,-1.,2.77555756156289E-16));
#3215=DIRECTION('ref_axis',(0.740433196394473,2.24469452433788E-16,-0.672129958919451));
#3216=DIRECTION('center_axis',(-5.55111512312578E-16,1.,-2.77555756156289E-16));
#3217=DIRECTION('ref_axis',(0.813250060790454,6.12958155217097E-16,0.581914373962632));
#3218=DIRECTION('',(-5.55111512312578E-16,1.,-2.77555756156289E-16));
#3219=DIRECTION('center_axis',(7.49855038018541E-16,-1.,2.29677749487581E-16));
#3220=DIRECTION('ref_axis',(0.813250060790454,7.43472439058819E-16,0.581914373962632));
#3221=DIRECTION('',(5.55111512312578E-16,-1.,2.77555756156289E-16));
#3222=DIRECTION('center_axis',(-5.55111512312578E-16,1.,-2.77555756156289E-16));
#3223=DIRECTION('ref_axis',(-1.,-5.55111512312578E-16,-7.33531143878313E-32));
#3224=DIRECTION('',(5.55111512312578E-16,-1.,2.77555756156289E-16));
#3225=DIRECTION('center_axis',(-0.464089435252581,0.72335554414357,-0.511251164148993));
#3226=DIRECTION('ref_axis',(-0.486188932169368,-0.690475746682503,-0.535596457679894));
#3227=DIRECTION('center_axis',(-5.55111512312578E-16,1.,-2.77555756156289E-16));
#3228=DIRECTION('ref_axis',(-0.555137957541423,-5.39022771457759E-16,-0.831758287062255));
#3229=DIRECTION('center_axis',(-5.55111512312578E-16,1.,-2.77555756156289E-16));
#3230=DIRECTION('ref_axis',(0.922059640352016,6.19273273420375E-16,0.387047826029176));
#3231=DIRECTION('',(-5.55111512312578E-16,1.,-2.77555756156289E-16));
#3232=DIRECTION('center_axis',(0.510319108957102,-0.650791373455967,0.562178792972952));
#3233=DIRECTION('ref_axis',(0.437416379106086,0.759256602365298,0.481867536833957));
#3234=DIRECTION('center_axis',(-0.672129958919441,-5.7861857367485E-16,
-0.740433196394482));
#3235=DIRECTION('ref_axis',(-0.740433196394482,-3.09130646879516E-16,0.672129958919441));
#3236=DIRECTION('',(-5.55111512312578E-16,1.,-2.77555756156289E-16));
#3237=DIRECTION('',(-0.740433196394482,-4.00844266304777E-16,0.672129958919441));
#3238=DIRECTION('center_axis',(-5.55111512312578E-16,1.,-2.77555756156289E-16));
#3239=DIRECTION('ref_axis',(-0.740433196394474,-2.24469452433789E-16,0.672129958919451));
#3240=DIRECTION('',(-5.55111512312578E-16,1.,-2.77555756156289E-16));
#3241=DIRECTION('center_axis',(7.49855038018541E-16,-1.,2.29677749487581E-16));
#3242=DIRECTION('ref_axis',(-0.454978008780211,-1.36638902107301E-16,0.890502673508841));
#3243=DIRECTION('',(5.55111512312578E-16,-1.,2.77555756156289E-16));
#3244=DIRECTION('center_axis',(0.510319108957102,-0.650791373455967,0.562178792972952));
#3245=DIRECTION('ref_axis',(0.437416379106092,0.759256602365298,0.481867536833951));
#3246=DIRECTION('center_axis',(-5.55111512312578E-16,1.,-2.77555756156289E-16));
#3247=DIRECTION('ref_axis',(-1.,-5.55111512312578E-16,-7.33531143878313E-32));
#3248=DIRECTION('',(-5.55111512312578E-16,1.,-2.77555756156289E-16));
#3249=DIRECTION('center_axis',(-7.49855038018541E-16,1.,-2.29677749487581E-16));
#3250=DIRECTION('ref_axis',(-0.672129958919441,-6.74061066092719E-16,-0.740433196394482));
#3251=DIRECTION('center_axis',(-5.55111512312578E-16,1.,-2.77555756156289E-16));
#3252=DIRECTION('ref_axis',(0.672129958919441,5.7861857367485E-16,0.740433196394483));
#3253=DIRECTION('',(-5.55111512312578E-16,1.,-2.77555756156289E-16));
#3254=DIRECTION('center_axis',(0.510319108957101,-0.650791373455968,0.562178792972953));
#3255=DIRECTION('ref_axis',(0.437416379106086,0.759256602365297,0.481867536833958));
#3256=DIRECTION('',(-5.55111512312578E-16,1.,-2.77555756156289E-16));
#3257=DIRECTION('center_axis',(7.49855038018541E-16,-1.,2.29677749487581E-16));
#3258=DIRECTION('ref_axis',(0.930245660570806,6.13272052875317E-16,-0.36693733932265));
#3259=DIRECTION('center_axis',(-0.672129958919441,-5.7861857367485E-16,
-0.740433196394482));
#3260=DIRECTION('ref_axis',(-0.740433196394482,-3.09130646879516E-16,0.672129958919441));
#3261=DIRECTION('',(-0.740433196394482,-4.00844266304777E-16,0.672129958919441));
#3262=DIRECTION('center_axis',(-0.740433196394482,-4.00844266304777E-16,
0.672129958919441));
#3263=DIRECTION('ref_axis',(-0.47526765179058,0.707106781186538,-0.523565334186176));
#3264=DIRECTION('',(0.740433196394482,4.00844266304777E-16,-0.672129958919441));
#3265=DIRECTION('center_axis',(-7.49855038018541E-16,1.,-2.29677749487581E-16));
#3266=DIRECTION('ref_axis',(-1.,-7.49855038018541E-16,-1.9300927853971E-32));
#3267=DIRECTION('',(-0.740433196394501,-4.00844266304796E-16,0.67212995891942));
#3268=DIRECTION('',(-0.740433196394501,-4.00844266304796E-16,0.672129958919421));
#3269=DIRECTION('center_axis',(7.49855038018541E-16,-1.,2.29677749487581E-16));
#3270=DIRECTION('ref_axis',(0.740433196394477,4.00844266304771E-16,-0.672129958919448));
#3271=DIRECTION('',(0.740433196394482,4.00844266304777E-16,-0.672129958919441));
#3272=DIRECTION('',(0.740433196394482,4.00844266304777E-16,-0.672129958919441));
#3273=DIRECTION('',(0.740433196394482,4.00844266304777E-16,-0.672129958919441));
#3274=DIRECTION('center_axis',(-7.49855038018541E-16,1.,-2.29677749487581E-16));
#3275=DIRECTION('ref_axis',(0.672129958919442,6.74061066092719E-16,0.740433196394482));
#3276=DIRECTION('',(0.740433196394482,4.00844266304777E-16,-0.672129958919441));
#3277=DIRECTION('center_axis',(-0.740433196394483,-2.24469452433797E-16,
0.67212995891944));
#3278=DIRECTION('ref_axis',(0.67212995891944,6.786041250664E-16,0.740433196394483));
#3279=DIRECTION('center_axis',(-0.740433196394483,-2.24469452433797E-16,
0.67212995891944));
#3280=DIRECTION('ref_axis',(0.67212995891944,6.786041250664E-16,0.740433196394483));
#3281=DIRECTION('center_axis',(7.49855038018541E-16,-1.,2.29677749487581E-16));
#3282=DIRECTION('ref_axis',(0.,0.,-1.));
#3283=DIRECTION('center_axis',(0.672129958919448,0.,0.740433196394476));
#3284=DIRECTION('ref_axis',(0.740433196394476,0.,-0.672129958919448));
#3285=DIRECTION('center_axis',(-7.49855038018541E-16,1.,-2.29677749487581E-16));
#3286=DIRECTION('ref_axis',(-0.454978008780211,-1.36638902107301E-16,0.890502673508841));
#3287=DIRECTION('center_axis',(-7.49855038018541E-16,1.,-2.29677749487581E-16));
#3288=DIRECTION('ref_axis',(-0.672129958919442,0.,-0.740433196394482));
#3289=DIRECTION('center_axis',(-0.672129958919429,0.,-0.740433196394493));
#3290=DIRECTION('ref_axis',(-0.740433196394493,0.,0.672129958919429));
#3291=DIRECTION('center_axis',(7.49855038018541E-16,-1.,2.29677749487581E-16));
#3292=DIRECTION('ref_axis',(-0.672129958919441,-6.74061066092719E-16,-0.740433196394482));
#3293=DIRECTION('center_axis',(7.49855038018541E-16,-1.,2.29677749487581E-16));
#3294=DIRECTION('ref_axis',(0.,0.,-1.));
#3295=DIRECTION('center_axis',(-7.49855038018541E-16,1.,-2.29677749487581E-16));
#3296=DIRECTION('ref_axis',(0.930245660570806,6.13272052875317E-16,-0.36693733932265));
#3297=DIRECTION('center_axis',(0.749559900672061,-0.528264672377492,-0.398868889765035));
#3298=DIRECTION('ref_axis',(-0.469766103685996,1.38777878078145E-16,-0.882790919656335));
#3299=DIRECTION('center_axis',(0.749559900672063,0.528264672377486,0.398868889765039));
#3300=DIRECTION('ref_axis',(0.469766103685999,8.32667268468867E-17,-0.882790919656334));
#3301=DIRECTION('center_axis',(0.,1.,0.));
#3302=DIRECTION('ref_axis',(0.99380798999991,0.,-0.111111111111076));
#3303=DIRECTION('center_axis',(-5.19969996627833E-32,1.,6.39234689792728E-33));
#3304=DIRECTION('ref_axis',(0.99380798999991,5.23852944873328E-32,-0.111111111111076));
#3305=DIRECTION('center_axis',(-0.0293493590201556,-0.528264672377518,0.848572360522649));
#3306=DIRECTION('ref_axis',(0.999402414495614,3.29597460435593E-17,0.0345660801991904));
#3307=DIRECTION('center_axis',(-0.720210541651841,0.528264672377511,0.449703470757613));
#3308=DIRECTION('ref_axis',(0.529636310809605,-2.4980018054066E-16,0.848224839457081));
#3309=DIRECTION('center_axis',(0.,1.,0.));
#3310=DIRECTION('ref_axis',(-0.400678950135,0.,0.916218521379433));
#3311=DIRECTION('center_axis',(-6.65681422789335E-32,1.,-2.9111454023657E-32));
#3312=DIRECTION('ref_axis',(-0.400678950135,-1.64214663788065E-47,0.916218521379433));
#3313=DIRECTION('center_axis',(-7.49855038018541E-16,1.,-2.29677749487581E-16));
#3314=DIRECTION('ref_axis',(0.,0.,1.));
#3315=DIRECTION('center_axis',(0.292424579699297,2.36932395853077E-16,0.956288588862007));
#3316=DIRECTION('ref_axis',(0.956288588862007,-6.16297582203915E-32,-0.292424579699297));
#3317=DIRECTION('center_axis',(-7.49855038018541E-16,1.,-2.29677749487581E-16));
#3318=DIRECTION('ref_axis',(-0.910577661074178,-5.87866699236796E-16,0.413338025292472));
#3319=DIRECTION('center_axis',(-0.805107410268339,0.,-0.593129039864859));
#3320=DIRECTION('ref_axis',(0.,1.,0.));
#3321=DIRECTION('center_axis',(7.49855038018541E-16,-1.,2.29677749487581E-16));
#3322=DIRECTION('ref_axis',(-0.910577661074178,-5.87866699236796E-16,0.413338025292472));
#3323=DIRECTION('center_axis',(-7.49855038018541E-16,1.,-2.29677749487581E-16));
#3324=DIRECTION('ref_axis',(0.,0.,1.));
#3325=DIRECTION('center_axis',(0.916218521379433,0.,0.400678950134999));
#3326=DIRECTION('ref_axis',(0.,1.,0.));
#3327=DIRECTION('center_axis',(-7.49855038018541E-16,1.,-2.29677749487581E-16));
#3328=DIRECTION('ref_axis',(0.866025403784453,7.64232386823598E-16,0.499999999999976));
#3329=DIRECTION('center_axis',(7.49855038018541E-16,-1.,2.29677749487581E-16));
#3330=DIRECTION('ref_axis',(0.866025403784453,7.64232386823598E-16,0.499999999999976));
#3331=DIRECTION('center_axis',(-7.49855038018541E-16,1.,-2.29677749487581E-16));
#3332=DIRECTION('ref_axis',(0.0927215934774817,0.,-0.995692073938021));
#3333=DIRECTION('center_axis',(0.974447610421988,0.,-0.224614902762211));
#3334=DIRECTION('ref_axis',(0.,1.,0.));
#3335=DIRECTION('center_axis',(7.49855038018541E-16,-1.,2.29677749487581E-16));
#3336=DIRECTION('ref_axis',(-0.0973276002837696,-3.01568922644063E-16,-0.995252399255085));
#3337=DIRECTION('center_axis',(-7.49855038018541E-16,1.,-2.29677749487581E-16));
#3338=DIRECTION('ref_axis',(-0.0973276002837696,-3.01568922644063E-16,-0.995252399255085));
#3339=DIRECTION('center_axis',(-0.083525395599267,1.14289641748513E-15,
0.996505648900189));
#3340=DIRECTION('ref_axis',(0.996505648900189,-1.23259516440783E-32,0.083525395599267));
#3341=DIRECTION('center_axis',(-7.49855038018541E-16,1.,-2.29677749487581E-16));
#3342=DIRECTION('ref_axis',(0.,0.,1.));
#3343=DIRECTION('center_axis',(0.681957921454045,-1.29472198757479E-15,
-0.731391409141561));
#3344=DIRECTION('ref_axis',(-0.731391409141561,-8.88178419700124E-15,-0.681957921454045));
#3345=DIRECTION('center_axis',(-7.49855038018541E-16,1.,-2.29677749487581E-16));
#3346=DIRECTION('ref_axis',(0.813250060790454,7.43472439058819E-16,0.581914373962632));
#3347=DIRECTION('center_axis',(-0.111111111111076,0.,0.993807989999911));
#3348=DIRECTION('ref_axis',(0.,1.,0.));
#3349=DIRECTION('center_axis',(-7.49855038018541E-16,1.,-2.29677749487581E-16));
#3350=DIRECTION('ref_axis',(5.9211894646675E-16,0.,-1.));
#3351=DIRECTION('center_axis',(-0.111111111111075,-6.16790569235996E-17,
-0.993807989999911));
#3352=DIRECTION('ref_axis',(-5.55111512312575E-16,1.,-1.97215226305253E-31));
#3353=DIRECTION('center_axis',(-7.49855038018541E-16,1.,-2.29677749487581E-16));
#3354=DIRECTION('ref_axis',(1.14268027890949E-15,-2.2967774948758E-16,-1.));
#3355=DIRECTION('center_axis',(7.49855038018541E-16,-1.,2.29677749487581E-16));
#3356=DIRECTION('ref_axis',(1.14268027890949E-15,-2.2967774948758E-16,-1.));
#3357=DIRECTION('center_axis',(-7.49855038018541E-16,1.,-2.29677749487581E-16));
#3358=DIRECTION('ref_axis',(0.,0.,1.));
#3359=DIRECTION('center_axis',(-0.681957921454044,-3.02850154489519E-15,
-0.731391409141562));
#3360=DIRECTION('ref_axis',(-4.44089209850064E-15,1.,-4.33873497871557E-30));
#3361=DIRECTION('center_axis',(7.49855038018541E-16,-1.,2.29677749487581E-16));
#3362=DIRECTION('ref_axis',(-0.813250060790456,-4.76166871446397E-16,0.58191437396263));
#3363=DIRECTION('center_axis',(-7.49855038018541E-16,1.,-2.29677749487581E-16));
#3364=DIRECTION('ref_axis',(-0.813250060790456,-4.76166871446397E-16,0.58191437396263));
#3365=DIRECTION('center_axis',(0.904761904761903,5.90587622432506E-16,-0.425917709999964));
#3366=DIRECTION('ref_axis',(-0.425917709999964,0.,-0.904761904761903));
#3367=DIRECTION('center_axis',(0.876053598343813,-0.43547321134801,-0.207106675476936));
#3368=DIRECTION('ref_axis',(0.475267651790557,0.707106781186547,0.523565334186183));
#3369=DIRECTION('center_axis',(0.74043319639448,-6.27304055506674E-15,-0.672129958919444));
#3370=DIRECTION('ref_axis',(-0.475267651790571,0.707106781186548,-0.52356533418617));
#3371=DIRECTION('center_axis',(-0.87605359834381,-0.435473211347995,0.20710667547698));
#3372=DIRECTION('ref_axis',(-0.47526765179057,0.707106781186548,-0.523565334186171));
#3373=DIRECTION('center_axis',(0.740433196394488,1.49242831186544E-15,-0.672129958919435));
#3374=DIRECTION('ref_axis',(-0.475267651790568,0.707106781186549,-0.523565334186171));
#3375=DIRECTION('center_axis',(0.,0.,1.));
#3376=DIRECTION('ref_axis',(1.,0.,0.));
#3377=DIRECTION('center_axis',(-0.3799777193154,0.371755149287757,0.847003566581573));
#3378=DIRECTION('ref_axis',(-0.475267651790571,0.707106781186549,-0.523565334186168));
#3379=DIRECTION('center_axis',(-0.409312835095716,0.,0.912394105102563));
#3380=DIRECTION('ref_axis',(0.,1.,0.));
#3381=DIRECTION('center_axis',(-0.740433196394482,-4.00844266304777E-16,
0.672129958919441));
#3382=DIRECTION('ref_axis',(-0.257212999674696,0.923879532511289,-0.283351517033292));
#3383=DIRECTION('center_axis',(0.,0.,1.));
#3384=DIRECTION('ref_axis',(1.,0.,0.));
#3385=DIRECTION('center_axis',(0.947629065002751,0.,-0.319373065805512));
#3386=DIRECTION('ref_axis',(-0.319373065805512,0.,-0.947629065002751));
#3387=DIRECTION('center_axis',(0.879713265753142,0.371755149287758,-0.296483859655088));
#3388=DIRECTION('ref_axis',(-0.31937306580551,1.13797860024078E-15,-0.947629065002752));
#3389=DIRECTION('center_axis',(0.740433196394481,0.,-0.672129958919443));
#3390=DIRECTION('ref_axis',(-0.475267651790575,0.707106781186546,-0.523565334186169));
#3391=DIRECTION('center_axis',(-7.49855038018541E-16,1.,-2.29677749487581E-16));
#3392=DIRECTION('ref_axis',(0.,0.,1.));
#3393=DIRECTION('center_axis',(7.49855038018541E-16,-1.,2.29677749487581E-16));
#3394=DIRECTION('ref_axis',(0.672129958919442,6.74061066092719E-16,0.740433196394482));
#3395=DIRECTION('center_axis',(-0.740433196394482,-4.00844266304777E-16,
0.672129958919441));
#3396=DIRECTION('ref_axis',(-0.257212999674696,0.923879532511289,-0.283351517033291));
#3397=DIRECTION('',(-0.740433196394482,-4.40096577771871E-16,0.672129958919441));
#3398=DIRECTION('center_axis',(0.0114775553283622,0.599999999999997,0.799917661840072));
#3399=DIRECTION('ref_axis',(-0.475267651790574,0.707106781186545,-0.523565334186171));
#3400=DIRECTION('center_axis',(-0.475267651790574,0.707106781186546,-0.52356533418617));
#3401=DIRECTION('ref_axis',(0.475267651790571,0.707106781186549,0.523565334186169));
#3402=DIRECTION('center_axis',(-0.795078395374936,-0.600000000000021,-0.0886021738333284));
#3403=DIRECTION('ref_axis',(-0.475267651790579,0.707106781186536,-0.523565334186179));
#3404=DIRECTION('center_axis',(-0.300585655571599,0.894427190999917,-0.331131791987104));
#3405=DIRECTION('ref_axis',(-0.601171311143193,-0.447213595499956,-0.662263583974218));
#3406=DIRECTION('center_axis',(0.475267651790574,-0.707106781186546,0.52356533418617));
#3407=DIRECTION('ref_axis',(-0.475267651790563,-0.707106781186549,-0.523565334186175));
#3408=DIRECTION('center_axis',(-0.475267651790574,0.707106781186546,-0.52356533418617));
#3409=DIRECTION('ref_axis',(0.475267651790572,0.707106781186549,0.523565334186168));
#3410=DIRECTION('center_axis',(0.510319108957102,-0.650791373455967,0.562178792972952));
#3411=DIRECTION('ref_axis',(0.437416379106086,0.759256602365298,0.481867536833957));
#3412=DIRECTION('center_axis',(-0.740433196394482,-4.00844266304777E-16,
0.672129958919441));
#3413=DIRECTION('ref_axis',(-0.257212999674696,0.923879532511289,-0.283351517033291));
#3414=DIRECTION('',(-0.740433196394482,-4.40096577771871E-16,0.672129958919441));
#3415=DIRECTION('center_axis',(0.795078395374954,0.600000000000001,0.0886021738333068));
#3416=DIRECTION('ref_axis',(0.11075271729162,1.7950918529408E-14,-0.993847994218695));
#3417=DIRECTION('center_axis',(-0.475267651790574,0.707106781186546,-0.52356533418617));
#3418=DIRECTION('ref_axis',(0.475267651790578,0.707106781186549,0.523565334186163));
#3419=DIRECTION('center_axis',(-0.011477555328391,-0.600000000000018,-0.799917661840056));
#3420=DIRECTION('ref_axis',(-0.999897077300087,4.59701721133854E-17,0.014346944160489));
#3421=DIRECTION('center_axis',(0.475267651790574,-0.707106781186546,0.52356533418617));
#3422=DIRECTION('ref_axis',(-0.47526765179058,-0.707106781186549,-0.523565334186161));
#3423=DIRECTION('center_axis',(-0.300585655571605,0.894427190999917,-0.331131791987099));
#3424=DIRECTION('ref_axis',(-0.601171311143217,-0.447213595499957,-0.662263583974196));
#3425=DIRECTION('center_axis',(-0.475267651790574,0.707106781186546,-0.52356533418617));
#3426=DIRECTION('ref_axis',(0.475267651790572,0.707106781186549,0.523565334186168));
#3427=DIRECTION('center_axis',(0.510319108957102,-0.650791373455967,0.562178792972952));
#3428=DIRECTION('ref_axis',(0.437416379106086,0.759256602365298,0.481867536833957));
#3429=DIRECTION('center_axis',(-0.740433196394482,-4.00844266304777E-16,
0.672129958919441));
#3430=DIRECTION('ref_axis',(-0.47526765179058,0.707106781186538,-0.523565334186176));
#3431=DIRECTION('center_axis',(0.740433196394501,4.00844266304796E-16,-0.672129958919421));
#3432=DIRECTION('ref_axis',(0.257212999674693,0.923879532511285,0.283351517033306));
#3433=DIRECTION('center_axis',(-0.740433196394497,0.,0.672129958919425));
#3434=DIRECTION('ref_axis',(0.475267651790563,0.707106781186544,0.523565334186182));
#3435=DIRECTION('',(0.740433196394501,4.4009657777189E-16,-0.672129958919421));
#3436=DIRECTION('center_axis',(-7.49855038018541E-16,1.,-2.29677749487581E-16));
#3437=DIRECTION('ref_axis',(0.740433196394476,0.,-0.672129958919448));
#3438=DIRECTION('center_axis',(0.740433196394477,0.,-0.672129958919448));
#3439=DIRECTION('ref_axis',(-0.475267651790573,0.707106781186553,-0.523565334186161));
#3440=DIRECTION('center_axis',(-9.71246254430075E-16,1.,-1.06994630891019E-15));
#3441=DIRECTION('ref_axis',(0.740433196394477,2.85962078142617E-30,-0.672129958919448));
#3442=DIRECTION('center_axis',(-0.740433196394482,-4.00844266304777E-16,
0.672129958919441));
#3443=DIRECTION('ref_axis',(-0.257212999674695,0.923879532511289,-0.283351517033291));
#3444=DIRECTION('',(-0.740433196394482,-4.40096577771871E-16,0.672129958919441));
#3445=DIRECTION('center_axis',(0.0308412883693221,0.60809120994581,0.793267858493183));
#3446=DIRECTION('ref_axis',(-0.475267651790578,0.707106781186545,-0.523565334186168));
#3447=DIRECTION('center_axis',(-0.475267651790574,0.707106781186546,-0.52356533418617));
#3448=DIRECTION('ref_axis',(0.475267651790571,0.707106781186549,0.523565334186168));
#3449=DIRECTION('center_axis',(-0.267111238964821,0.451022718841284,0.851604422902849));
#3450=DIRECTION('ref_axis',(-0.475267651790575,0.707106781186548,-0.523565334186166));
#3451=DIRECTION('center_axis',(0.475267651790574,-0.707106781186546,0.52356533418617));
#3452=DIRECTION('ref_axis',(-0.475267651790571,-0.707106781186549,-0.523565334186168));
#3453=DIRECTION('center_axis',(-0.740433196394477,3.54352573459502E-15,
0.672129958919448));
#3454=DIRECTION('ref_axis',(-0.0882982839513072,0.991333294000898,-0.097271338309817));
#3455=DIRECTION('center_axis',(0.740433196394501,4.00844266304796E-16,-0.672129958919421));
#3456=DIRECTION('ref_axis',(0.475267651790557,0.70710678118655,0.523565334186181));
#3457=DIRECTION('',(0.740433196394501,4.00844266304796E-16,-0.67212995891942));
#3458=DIRECTION('center_axis',(-0.821039680772125,0.021892669483562,0.570451184257243));
#3459=DIRECTION('ref_axis',(0.57058793890025,1.90819582357449E-17,0.821236509162595));
#3460=DIRECTION('center_axis',(0.873403001937951,-0.451022718841142,-0.183700036186495));
#3461=DIRECTION('ref_axis',(0.475267651790473,0.707106781186668,0.523565334186096));
#3462=DIRECTION('center_axis',(0.786591351550979,-0.608091209945805,0.107233978065956));
#3463=DIRECTION('ref_axis',(0.475267651790559,0.707106781186548,0.523565334186181));
#3464=DIRECTION('center_axis',(0.464089435252565,0.723355544143573,0.511251164149004));
#3465=DIRECTION('ref_axis',(0.486188932169355,-0.6904757466825,0.535596457679909));
#3466=DIRECTION('center_axis',(-0.475267651790557,-0.707106781186548,-0.523565334186182));
#3467=DIRECTION('ref_axis',(0.475267651790558,-0.707106781186547,0.523565334186183));
#3468=DIRECTION('center_axis',(0.475267651790557,0.707106781186548,0.523565334186182));
#3469=DIRECTION('ref_axis',(-0.475267651790558,0.707106781186547,-0.523565334186183));
#3470=DIRECTION('center_axis',(-0.510319108957085,-0.650791373455969,-0.562178792972965));
#3471=DIRECTION('ref_axis',(-0.437416379106074,0.759256602365296,-0.481867536833971));
#3472=DIRECTION('center_axis',(-5.55111512312578E-16,1.,-2.77555756156289E-16));
#3473=DIRECTION('ref_axis',(0.,0.,1.));
#3474=DIRECTION('center_axis',(5.55111512312578E-16,-1.,2.77555756156289E-16));
#3475=DIRECTION('ref_axis',(-0.555137957541423,-5.39022771457759E-16,-0.831758287062255));
#3476=DIRECTION('center_axis',(-0.904761904761903,-1.87019413770292E-15,
-0.425917709999964));
#3477=DIRECTION('ref_axis',(0.0559531715532105,0.991333294000896,-0.118859340392205));
#3478=DIRECTION('center_axis',(-5.55111512312578E-16,1.,-2.77555756156289E-16));
#3479=DIRECTION('ref_axis',(0.,0.,1.));
#3480=DIRECTION('center_axis',(5.55111512312578E-16,-1.,2.77555756156289E-16));
#3481=DIRECTION('ref_axis',(0.866025403784432,3.41962793517739E-16,-0.500000000000012));
#3482=DIRECTION('center_axis',(-5.55111512312578E-16,1.,-2.77555756156289E-16));
#3483=DIRECTION('ref_axis',(0.866025403784432,3.41962793517739E-16,-0.500000000000012));
#3484=DIRECTION('center_axis',(-0.740433196394482,-4.00844266304777E-16,
0.672129958919441));
#3485=DIRECTION('ref_axis',(0.2572129996747,-0.923879532511286,0.283351517033296));
#3486=DIRECTION('',(0.740433196394482,4.40096577771871E-16,-0.672129958919441));
#3487=DIRECTION('center_axis',(-0.740433196394475,-8.22045982833944E-16,
0.672129958919449));
#3488=DIRECTION('ref_axis',(1.11022302462515E-15,-1.,-1.57772181044202E-30));
#3489=DIRECTION('center_axis',(-0.475267651790574,0.707106781186546,-0.52356533418617));
#3490=DIRECTION('ref_axis',(-0.740433196394482,2.77555756156289E-17,0.672129958919442));
#3491=DIRECTION('',(0.475267651790576,0.707106781186548,0.523565334186166));
#3492=DIRECTION('center_axis',(7.63278329429794E-16,-1.,2.77555756156289E-16));
#3493=DIRECTION('ref_axis',(0.672129958919448,7.18533727912239E-16,0.740433196394477));
#3494=DIRECTION('center_axis',(6.0189689795135E-16,-1.,1.36489451111088E-15));
#3495=DIRECTION('ref_axis',(0.740433196394477,-4.71722047632297E-16,-0.672129958919448));
#3496=DIRECTION('',(0.475267651790578,-0.707106781186547,0.523565334186165));
#3497=DIRECTION('center_axis',(6.0189689795135E-16,-1.,1.36489451111088E-15));
#3498=DIRECTION('ref_axis',(0.740433196394477,-4.71722047632297E-16,-0.672129958919448));
#3499=DIRECTION('center_axis',(6.0189689795135E-16,-1.,1.36489451111088E-15));
#3500=DIRECTION('ref_axis',(0.740433196394477,-4.71722047632297E-16,-0.672129958919448));
#3501=DIRECTION('center_axis',(0.475267651790557,0.707106781186548,0.523565334186182));
#3502=DIRECTION('ref_axis',(0.740433196394502,-2.77555756156289E-16,-0.67212995891942));
#3503=DIRECTION('',(-0.740433196394501,-4.4009657777189E-16,0.672129958919421));
#3504=DIRECTION('center_axis',(-7.49855038018541E-16,1.,-2.29677749487581E-16));
#3505=DIRECTION('ref_axis',(-1.,-7.49855038018541E-16,-1.9300927853971E-32));
#3506=DIRECTION('center_axis',(-7.49855038018541E-16,1.,-2.29677749487581E-16));
#3507=DIRECTION('ref_axis',(0.740433196394477,4.00844266304771E-16,-0.672129958919448));
#3508=DIRECTION('center_axis',(-7.49855038018541E-16,1.,-2.29677749487581E-16));
#3509=DIRECTION('ref_axis',(0.740433196394477,4.00844266304771E-16,-0.672129958919448));
#3510=DIRECTION('',(0.740433196394501,4.00844266304796E-16,-0.672129958919421));
#3511=DIRECTION('center_axis',(0.,1.,0.));
#3512=DIRECTION('ref_axis',(0.672129958919439,0.,0.740433196394485));
#3513=DIRECTION('',(0.,1.,0.));
#3514=DIRECTION('center_axis',(0.,1.,0.));
#3515=DIRECTION('ref_axis',(-1.,0.,0.));
#3516=DIRECTION('',(0.,-1.,0.));
#3517=DIRECTION('center_axis',(-5.55111512312578E-16,1.,-2.77555756156289E-16));
#3518=DIRECTION('ref_axis',(-0.672129958919454,-5.78618573674854E-16,-0.740433196394471));
#3519=DIRECTION('center_axis',(7.49855038018541E-16,-1.,2.29677749487581E-16));
#3520=DIRECTION('ref_axis',(-0.672129958919454,-6.74061066092726E-16,-0.740433196394471));
#3521=DIRECTION('center_axis',(-5.55111512312578E-16,1.,-2.77555756156289E-16));
#3522=DIRECTION('ref_axis',(-1.,-5.55111512312578E-16,-7.33531143878313E-32));
#3523=DIRECTION('',(-5.55111512312578E-16,1.,-2.77555756156289E-16));
#3524=DIRECTION('center_axis',(-5.55111512312578E-16,1.,-2.77555756156289E-16));
#3525=DIRECTION('ref_axis',(-0.813250060790455,-2.89930787050274E-16,0.581914373962631));
#3526=DIRECTION('',(5.55111512312578E-16,-1.,2.77555756156289E-16));
#3527=DIRECTION('center_axis',(-5.55111512312578E-16,1.,-2.77555756156289E-16));
#3528=DIRECTION('ref_axis',(0.866025403784432,3.41962793517739E-16,-0.500000000000012));
#3529=DIRECTION('',(-5.55111512312578E-16,1.,-2.77555756156289E-16));
#3530=DIRECTION('center_axis',(-5.55111512312578E-16,1.,-2.77555756156289E-16));
#3531=DIRECTION('ref_axis',(-0.910577661074178,-3.90747794358737E-16,0.413338025292472));
#3532=DIRECTION('',(5.55111512312578E-16,-1.,2.77555756156289E-16));
#3533=DIRECTION('center_axis',(-5.55111512312578E-16,1.,-2.77555756156289E-16));
#3534=DIRECTION('ref_axis',(0.866025403784453,6.19518549674036E-16,0.499999999999976));
#3535=DIRECTION('',(-5.55111512312578E-16,1.,-2.77555756156289E-16));
#3536=DIRECTION('center_axis',(-5.55111512312578E-16,1.,-2.77555756156289E-16));
#3537=DIRECTION('ref_axis',(-0.09732760028377,-3.30265703624884E-16,-0.995252399255085));
#3538=DIRECTION('',(5.55111512312578E-16,-1.,2.77555756156289E-16));
#3539=DIRECTION('center_axis',(-0.475267651790574,0.707106781186546,-0.52356533418617));
#3540=DIRECTION('ref_axis',(-0.740433196394482,2.77555756156289E-17,0.672129958919442));
#3541=DIRECTION('center_axis',(-0.475267651790574,0.707106781186546,-0.52356533418617));
#3542=DIRECTION('ref_axis',(-0.740433196394482,2.77555756156289E-17,0.672129958919442));
#3543=DIRECTION('center_axis',(0.,1.,0.));
#3544=DIRECTION('ref_axis',(-0.67212995891943,0.,-0.740433196394493));
#3545=DIRECTION('center_axis',(7.49855038018541E-16,-1.,2.29677749487581E-16));
#3546=DIRECTION('ref_axis',(-0.67212995891943,-6.74061066092713E-16,-0.740433196394493));
#3547=DIRECTION('center_axis',(-7.49855038018541E-16,1.,-2.29677749487581E-16));
#3548=DIRECTION('ref_axis',(0.,0.,1.));
#3549=DIRECTION('center_axis',(-7.49855038018541E-16,1.,-2.29677749487581E-16));
#3550=DIRECTION('ref_axis',(0.740433196394477,4.00844266304771E-16,-0.672129958919448));
#3551=DIRECTION('center_axis',(-7.49855038018541E-16,1.,-2.29677749487581E-16));
#3552=DIRECTION('ref_axis',(0.,0.,1.));
#3553=DIRECTION('center_axis',(-7.49855038018541E-16,1.,-2.29677749487581E-16));
#3554=DIRECTION('ref_axis',(0.740433196394477,4.00844266304771E-16,-0.672129958919448));
#3555=DIRECTION('center_axis',(0.740433196394501,4.00844266304796E-16,-0.672129958919421));
#3556=DIRECTION('ref_axis',(-0.25721299967469,-0.923879532511287,-0.283351517033302));
#3557=DIRECTION('center_axis',(0.740433196394501,4.11022991416988E-16,-0.672129958919421));
#3558=DIRECTION('ref_axis',(5.55111512312579E-16,-1.,1.4791141972894E-31));
#3559=DIRECTION('center_axis',(-7.49855038018541E-16,1.,-2.29677749487581E-16));
#3560=DIRECTION('ref_axis',(0.,0.,1.));
#3561=DIRECTION('center_axis',(-0.740433196394493,-1.60246890531964E-17,
0.672129958919429));
#3562=DIRECTION('ref_axis',(-1.18652117368861E-17,1.,1.07706735950215E-17));
#3563=DIRECTION('',(0.740433196394493,-5.60864116861873E-17,-0.672129958919429));
#3564=DIRECTION('center_axis',(-0.331131791986536,0.894427191000312,0.30058565557105));
#3565=DIRECTION('ref_axis',(0.662263583974509,0.447213595499167,-0.60117131114346));
#3566=DIRECTION('',(-0.740433196394493,-4.00617226329909E-17,0.672129958919429));
#3567=DIRECTION('center_axis',(5.55111512312578E-16,-1.,2.77555756156289E-16));
#3568=DIRECTION('ref_axis',(0.672129958919451,5.78618573674854E-16,0.740433196394473));
#3569=DIRECTION('',(0.582081619068819,0.499999999999995,0.641233957882946));
#3570=DIRECTION('center_axis',(0.,1.,0.));
#3571=DIRECTION('ref_axis',(0.740433196394473,0.,-0.672129958919451));
#3572=DIRECTION('',(0.582081619068817,-0.5,0.641233957882944));
#3573=DIRECTION('center_axis',(0.336064979459714,-0.866025403784439,0.370216598197246));
#3574=DIRECTION('ref_axis',(1.94289029309402E-16,-0.393078515431783,-0.919504910648087));
#3575=DIRECTION('center_axis',(5.55111512312578E-16,-1.,2.77555756156289E-16));
#3576=DIRECTION('ref_axis',(0.,0.,-1.));
#3577=DIRECTION('center_axis',(-0.740433196394473,1.68259235058776E-14,
0.672129958919451));
#3578=DIRECTION('ref_axis',(0.672129958919451,4.44089209850063E-15,0.740433196394473));
#3579=DIRECTION('center_axis',(-0.740433196394493,0.,0.672129958919429));
#3580=DIRECTION('ref_axis',(0.582081619068816,0.500000000000002,0.641233957882943));
#3581=DIRECTION('',(0.740433196394493,0.,-0.672129958919429));
#3582=DIRECTION('',(-0.740433196394493,0.,0.672129958919429));
#3583=DIRECTION('center_axis',(-0.672129958919429,-5.78618573674847E-16,
-0.740433196394493));
#3584=DIRECTION('ref_axis',(-0.740433196394493,-3.09130646879528E-16,0.672129958919429));
#3585=DIRECTION('center_axis',(-0.336064979459714,-0.866025403784439,-0.370216598197246));
#3586=DIRECTION('ref_axis',(-8.32667268468867E-17,0.393078515431783,-0.919504910648087));
#3587=DIRECTION('center_axis',(-7.49855038018541E-16,1.,-2.29677749487581E-16));
#3588=DIRECTION('ref_axis',(-1.,-7.49855038018541E-16,-1.9300927853971E-32));
#3589=DIRECTION('center_axis',(-7.49855038018541E-16,1.,-2.29677749487581E-16));
#3590=DIRECTION('ref_axis',(-1.,-7.49855038018541E-16,-1.9300927853971E-32));
#3591=DIRECTION('center_axis',(-5.55111512312578E-16,1.,-2.77555756156289E-16));
#3592=DIRECTION('ref_axis',(-0.296279374078317,-4.29561960639772E-16,-0.955101320539219));
#3593=DIRECTION('',(-5.55111512312578E-16,1.,-2.77555756156289E-16));
#3594=DIRECTION('',(5.55111512312578E-16,-1.,2.77555756156289E-16));
#3595=DIRECTION('center_axis',(-5.55111512312578E-16,1.,-2.77555756156289E-16));
#3596=DIRECTION('ref_axis',(-1.,-5.55111512312578E-16,-7.33531143878313E-32));
#3597=DIRECTION('center_axis',(0.672129958919421,5.78618573674844E-16,0.740433196394501));
#3598=DIRECTION('ref_axis',(0.740433196394501,3.09130646879537E-16,-0.672129958919421));
#3599=CARTESIAN_POINT('',(0.,0.,0.));
#3600=CARTESIAN_POINT('Ctrl Pts',(-23.8286391718462,43.1731308493869,7.53686681400389));
#3601=CARTESIAN_POINT('Ctrl Pts',(-23.8131437264017,43.1798609174782,7.52595251691386));
#3602=CARTESIAN_POINT('Ctrl Pts',(-23.7813130024396,43.1924734531144,7.50308824127894));
#3603=CARTESIAN_POINT('Ctrl Pts',(-23.7275139431205,43.209106425813,7.46147808243617));
#3604=CARTESIAN_POINT('Ctrl Pts',(-23.6644791001541,43.2235300026486,7.40880691820649));
#3605=CARTESIAN_POINT('Ctrl Pts',(-23.5918746326548,43.2356069807484,7.34475897481828));
#3606=CARTESIAN_POINT('Ctrl Pts',(-23.5116115718431,43.2449370253197,7.27164369278293));
#3607=CARTESIAN_POINT('Ctrl Pts',(-23.4243401035167,43.25092348496,7.19031287934926));
#3608=CARTESIAN_POINT('Ctrl Pts',(-23.3259223163731,43.2532537112157,7.09575575118686));
#3609=CARTESIAN_POINT('Ctrl Pts',(-23.2331936318146,43.2530026399055,7.00628610408188));
#3610=CARTESIAN_POINT('Ctrl Pts',(-23.1886626575838,43.2527497466887,6.9655655160665));
#3611=CARTESIAN_POINT('Ctrl Pts',(-23.1660956960027,43.2527497466887,6.94508030411995));
#3612=CARTESIAN_POINT('Ctrl Pts',(-23.8332059014081,43.1928784127234,7.58056006088143));
#3613=CARTESIAN_POINT('Ctrl Pts',(-23.8165327531545,43.1986864343543,7.5678426983392));
#3614=CARTESIAN_POINT('Ctrl Pts',(-23.7825700627996,43.2095817934203,7.54155062971639));
#3615=CARTESIAN_POINT('Ctrl Pts',(-23.7254816933767,43.2239391593211,7.49451106847759));
#3616=CARTESIAN_POINT('Ctrl Pts',(-23.6586840811164,43.2363363241428,7.43575031983867));
#3617=CARTESIAN_POINT('Ctrl Pts',(-23.5821622771996,43.2466080127809,7.36541998724567));
#3618=CARTESIAN_POINT('Ctrl Pts',(-23.4987755228506,43.254387529744,7.28710891302806));
#3619=CARTESIAN_POINT('Ctrl Pts',(-23.4098069836984,43.2592020247131,7.20267963801527));
#3620=CARTESIAN_POINT('Ctrl Pts',(-23.3108405488519,43.2609694892547,7.10711181274513));
#3621=CARTESIAN_POINT('Ctrl Pts',(-23.2186052593117,43.2608655093153,7.0187871001639));
#3622=CARTESIAN_POINT('Ctrl Pts',(-23.1747133635302,43.2609439955786,6.97962070485995));
#3623=CARTESIAN_POINT('Ctrl Pts',(-23.1525482951839,43.2610986040482,6.96000441984789));
#3624=CARTESIAN_POINT('Ctrl Pts',(-23.8331154765846,43.2275721038177,7.65885476903428));
#3625=CARTESIAN_POINT('Ctrl Pts',(-23.8144895219435,43.2317477525998,7.64305844357156));
#3626=CARTESIAN_POINT('Ctrl Pts',(-23.7767031825293,43.2395497494097,7.61050276370281));
#3627=CARTESIAN_POINT('Ctrl Pts',(-23.7126767624182,43.2497173105376,7.55229413036163));
#3628=CARTESIAN_POINT('Ctrl Pts',(-23.6370333632728,43.2583337337356,7.47999468219491));
#3629=CARTESIAN_POINT('Ctrl Pts',(-23.5508476487893,43.2652504267385,7.39532586242938));
#3630=CARTESIAN_POINT('Ctrl Pts',(-23.4603682106147,43.2702079689156,7.3061266514116));
#3631=CARTESIAN_POINT('Ctrl Pts',(-23.3690653175742,43.2730319315414,7.21725564318383));
#3632=CARTESIAN_POINT('Ctrl Pts',(-23.2715599746887,43.2740657872938,7.12300607937639));
#3633=CARTESIAN_POINT('Ctrl Pts',(-23.1843750335877,43.2744111250473,7.04131536507516));
#3634=CARTESIAN_POINT('Ctrl Pts',(-23.144825893312,43.2748921187217,7.00768780279664));
#3635=CARTESIAN_POINT('Ctrl Pts',(-23.1247179781724,43.2751540975828,6.99066291127213));
#3636=CARTESIAN_POINT('Ctrl Pts',(-23.8081690812482,43.2736191633113,7.79755406502581));
#3637=CARTESIAN_POINT('Ctrl Pts',(-23.7821651997244,43.2750898152224,7.77024974457766));
#3638=CARTESIAN_POINT('Ctrl Pts',(-23.7305712821899,43.2777975344746,7.71558923447809));
#3639=CARTESIAN_POINT('Ctrl Pts',(-23.6443868186325,43.2811361378153,7.62194088588238));
#3640=CARTESIAN_POINT('Ctrl Pts',(-23.5472057770804,43.283708058737,7.51444686832766));
#3641=CARTESIAN_POINT('Ctrl Pts',(-23.448151450065,43.2854830764671,7.40462575165253));
#3642=CARTESIAN_POINT('Ctrl Pts',(-23.3605713029472,43.2865150512572,7.30932028290601));
#3643=CARTESIAN_POINT('Ctrl Pts',(-23.2806009795524,43.2870128430347,7.22600898951769));
#3644=CARTESIAN_POINT('Ctrl Pts',(-23.1975752918596,43.2873077756065,7.14292536935967));
#3645=CARTESIAN_POINT('Ctrl Pts',(-23.126650178436,43.2876489408531,7.07581085787299));
#3646=CARTESIAN_POINT('Ctrl Pts',(-23.0959337121442,43.2878441624317,7.05014535681489));
#3647=CARTESIAN_POINT('Ctrl Pts',(-23.0814799130701,43.2879501138535,7.03829491803621));
#3648=CARTESIAN_POINT('Ctrl Pts',(-23.7473616409962,43.290809980433,7.8686186858483));
#3649=CARTESIAN_POINT('Ctrl Pts',(-23.7173000628355,43.290809980433,7.83150771649032));
#3650=CARTESIAN_POINT('Ctrl Pts',(-23.6592921507347,43.290809980433,7.75936577679484));
#3651=CARTESIAN_POINT('Ctrl Pts',(-23.5655314280486,43.290809980433,7.64278623877051));
#3652=CARTESIAN_POINT('Ctrl Pts',(-23.4657001423317,43.290809980433,7.51978965142553));
#3653=CARTESIAN_POINT('Ctrl Pts',(-23.3715303665512,43.2908099804331,7.40575591637257));
#3654=CARTESIAN_POINT('Ctrl Pts',(-23.2934405224435,43.290809980433,7.31458705988575));
#3655=CARTESIAN_POINT('Ctrl Pts',(-23.2193303934781,43.2908099804331,7.23380784025386));
#3656=CARTESIAN_POINT('Ctrl Pts',(-23.144284541043,43.290809980433,7.15660944990022));
#3657=CARTESIAN_POINT('Ctrl Pts',(-23.0849355807158,43.2908099804331,7.09893822645656));
#3658=CARTESIAN_POINT('Ctrl Pts',(-23.0626343809807,43.290809980433,7.0795713563865));
#3659=CARTESIAN_POINT('Ctrl Pts',(-23.0521527971459,43.290809980433,7.07060231617641));
#3660=CARTESIAN_POINT('Ctrl Pts',(-23.7179856721958,43.290809980433,7.90088191055672));
#3661=CARTESIAN_POINT('Ctrl Pts',(-23.68586619944,43.290809980433,7.85864476713887));
#3662=CARTESIAN_POINT('Ctrl Pts',(-23.6242999992949,43.290809980433,7.77747569469655));
#3663=CARTESIAN_POINT('Ctrl Pts',(-23.5255345471358,43.290809980433,7.64929866494296));
#3664=CARTESIAN_POINT('Ctrl Pts',(-23.423206393525,43.290809980433,7.51908427127577));
#3665=CARTESIAN_POINT('Ctrl Pts',(-23.3305386018023,43.2908099804331,7.40375336427069));
#3666=CARTESIAN_POINT('Ctrl Pts',(-23.2558724055988,43.290809980433,7.31443288084022));
#3667=CARTESIAN_POINT('Ctrl Pts',(-23.1848892715088,43.2908099804331,7.23539540308208));
#3668=CARTESIAN_POINT('Ctrl Pts',(-23.1160642762844,43.290809980433,7.16302245148099));
#3669=CARTESIAN_POINT('Ctrl Pts',(-23.0643940267797,43.2908099804331,7.11133514765174));
#3670=CARTESIAN_POINT('Ctrl Pts',(-23.0460594264802,43.290809980433,7.09453570916987));
#3671=CARTESIAN_POINT('Ctrl Pts',(-23.0374891961654,43.290809980433,7.0867560626366));
#3672=CARTESIAN_POINT('',(-23.8286391717739,43.1731308490741,7.53686681331191));
#3673=CARTESIAN_POINT('',(-23.1660956960027,43.2527497466887,6.94508030411995));
#3674=CARTESIAN_POINT('Ctrl Pts',(-23.8286391718462,43.1731308493869,7.53686681400389));
#3675=CARTESIAN_POINT('Ctrl Pts',(-23.8131437264017,43.1798609174782,7.52595251691386));
#3676=CARTESIAN_POINT('Ctrl Pts',(-23.7813130024396,43.1924734531144,7.50308824127894));
#3677=CARTESIAN_POINT('Ctrl Pts',(-23.7275139431205,43.209106425813,7.46147808243617));
#3678=CARTESIAN_POINT('Ctrl Pts',(-23.6644791001541,43.2235300026486,7.40880691820649));
#3679=CARTESIAN_POINT('Ctrl Pts',(-23.5918746326548,43.2356069807484,7.34475897481828));
#3680=CARTESIAN_POINT('Ctrl Pts',(-23.5116115718431,43.2449370253197,7.27164369278293));
#3681=CARTESIAN_POINT('Ctrl Pts',(-23.4243401035167,43.25092348496,7.19031287934926));
#3682=CARTESIAN_POINT('Ctrl Pts',(-23.3259223163731,43.2532537112157,7.09575575118686));
#3683=CARTESIAN_POINT('Ctrl Pts',(-23.2331936318146,43.2530026399055,7.00628610408188));
#3684=CARTESIAN_POINT('Ctrl Pts',(-23.1886626575838,43.2527497466887,6.9655655160665));
#3685=CARTESIAN_POINT('Ctrl Pts',(-23.1660956960027,43.2527497466887,6.94508030411995));
#3686=CARTESIAN_POINT('',(-23.7179856721958,43.290809980433,7.90088191055672));
#3687=CARTESIAN_POINT('Ctrl Pts',(-23.8286391718462,43.1731308493869,7.53686681400389));
#3688=CARTESIAN_POINT('Ctrl Pts',(-23.8332059014081,43.1928784127234,7.58056006088143));
#3689=CARTESIAN_POINT('Ctrl Pts',(-23.8331154765846,43.2275721038177,7.65885476903428));
#3690=CARTESIAN_POINT('Ctrl Pts',(-23.8081690812482,43.2736191633113,7.79755406502581));
#3691=CARTESIAN_POINT('Ctrl Pts',(-23.7473616409962,43.290809980433,7.8686186858483));
#3692=CARTESIAN_POINT('Ctrl Pts',(-23.7179856721958,43.290809980433,7.90088191055672));
#3693=CARTESIAN_POINT('',(-23.0374891961654,43.290809980433,7.0867560626366));
#3694=CARTESIAN_POINT('Ctrl Pts',(-23.7179856721958,43.290809980433,7.90088191055672));
#3695=CARTESIAN_POINT('Ctrl Pts',(-23.7076047102811,43.290809980433,7.88723093376326));
#3696=CARTESIAN_POINT('Ctrl Pts',(-23.697344637523,43.290809980433,7.87372796757735));
#3697=CARTESIAN_POINT('Ctrl Pts',(-23.6871541557398,43.290809980433,7.86032046226287));
#3698=CARTESIAN_POINT('Ctrl Pts',(-23.6722684567779,43.290809980433,7.84073551111042));
#3699=CARTESIAN_POINT('Ctrl Pts',(-23.6575290771665,43.290809980433,7.82135141403171));
#3700=CARTESIAN_POINT('Ctrl Pts',(-23.6426586207639,43.290809980433,7.80184961828767));
#3701=CARTESIAN_POINT('Ctrl Pts',(-23.6362108796426,43.290809980433,7.79339375607657));
#3702=CARTESIAN_POINT('Ctrl Pts',(-23.6297409006855,43.2908099804333,7.78491892384341));
#3703=CARTESIAN_POINT('Ctrl Pts',(-23.6232310100882,43.2908099804328,7.77640492958029));
#3704=CARTESIAN_POINT('Ctrl Pts',(-23.6200296257269,43.2908099804325,7.77221798239907));
#3705=CARTESIAN_POINT('Ctrl Pts',(-23.6168185941734,43.2908099804321,7.76802157067284));
#3706=CARTESIAN_POINT('Ctrl Pts',(-23.6135987610934,43.2908099804304,7.7638168280604));
#3707=CARTESIAN_POINT('Ctrl Pts',(-23.6033143543871,43.2908099804249,7.75038654082295));
#3708=CARTESIAN_POINT('Ctrl Pts',(-23.5929264692565,43.2908099804069,7.73685549237094));
#3709=CARTESIAN_POINT('Ctrl Pts',(-23.5824288356051,43.2908099804028,7.72322165945837));
#3710=CARTESIAN_POINT('Ctrl Pts',(-23.5711806597653,43.2908099803984,7.70861305764747));
#3711=CARTESIAN_POINT('Ctrl Pts',(-23.5598067452644,43.2908099804134,7.69388676015648));
#3712=CARTESIAN_POINT('Ctrl Pts',(-23.5483392720677,43.2908099804234,7.67908805041987));
#3713=CARTESIAN_POINT('Ctrl Pts',(-23.5405751373938,43.2908099804303,7.66906847824179));
#3714=CARTESIAN_POINT('Ctrl Pts',(-23.5327718189561,43.2908099804321,7.65901992402669));
#3715=CARTESIAN_POINT('Ctrl Pts',(-23.5249412912591,43.2908099804327,7.64895900772916));
#3716=CARTESIAN_POINT('Ctrl Pts',(-23.5199359281625,43.2908099804331,7.64252795466315));
#3717=CARTESIAN_POINT('Ctrl Pts',(-23.5149194557727,43.290809980433,7.63609185868357));
#3718=CARTESIAN_POINT('Ctrl Pts',(-23.5099007733122,43.290809980433,7.62966201366308));
#3719=CARTESIAN_POINT('Ctrl Pts',(-23.4928780244974,43.290809980433,7.60785277636546));
#3720=CARTESIAN_POINT('Ctrl Pts',(-23.4758052224916,43.290809980433,7.58608701544627));
#3721=CARTESIAN_POINT('Ctrl Pts',(-23.4589452454705,43.290809980433,7.56470097553113));
#3722=CARTESIAN_POINT('Ctrl Pts',(-23.4474402374167,43.290809980433,7.55010744665783));
#3723=CARTESIAN_POINT('Ctrl Pts',(-23.4360350936934,43.290809980433,7.5356916892714));
#3724=CARTESIAN_POINT('Ctrl Pts',(-23.4248164859358,43.290809980433,7.5215648521702));
#3725=CARTESIAN_POINT('Ctrl Pts',(-23.4221410643572,43.290809980433,7.51819587398371));
#3726=CARTESIAN_POINT('Ctrl Pts',(-23.4194762551644,43.290809980433,7.51484333267303));
#3727=CARTESIAN_POINT('Ctrl Pts',(-23.4168227872546,43.290809980433,7.51150820751891));
#3728=CARTESIAN_POINT('Ctrl Pts',(-23.4048986768982,43.290809980433,7.49652087707308));
#3729=CARTESIAN_POINT('Ctrl Pts',(-23.3932099686556,43.2908099804331,7.48189320108464));
#3730=CARTESIAN_POINT('Ctrl Pts',(-23.3818383252182,43.290809980433,7.46773256780919));
#3731=CARTESIAN_POINT('Ctrl Pts',(-23.3711774094956,43.2908099804328,7.45445697411345));
#3732=CARTESIAN_POINT('Ctrl Pts',(-23.3607957235734,43.290809980432,7.44159254957754));
#3733=CARTESIAN_POINT('Ctrl Pts',(-23.350731137162,43.2908099804322,7.4291929217257));
#3734=CARTESIAN_POINT('Ctrl Pts',(-23.3448948235453,43.2908099804323,7.42200255006849));
#3735=CARTESIAN_POINT('Ctrl Pts',(-23.3391608793947,43.2908099804329,7.4149633836739));
#3736=CARTESIAN_POINT('Ctrl Pts',(-23.3335392357489,43.290809980433,7.40808844824313));
#3737=CARTESIAN_POINT('Ctrl Pts',(-23.3300723858968,43.2908099804331,7.40384869731219));
#3738=CARTESIAN_POINT('Ctrl Pts',(-23.3266482664412,43.2908099804331,7.39967143407763));
#3739=CARTESIAN_POINT('Ctrl Pts',(-23.3232620351108,43.2908099804331,7.39555125034007));
#3740=CARTESIAN_POINT('Ctrl Pts',(-23.3145892861204,43.2908099804331,7.38499871689975));
#3741=CARTESIAN_POINT('Ctrl Pts',(-23.3061814023492,43.2908099804331,7.37484198853959));
#3742=CARTESIAN_POINT('Ctrl Pts',(-23.2980002732814,43.2908099804331,7.36504294875134));
#3743=CARTESIAN_POINT('Ctrl Pts',(-23.2908428454013,43.290809980433,7.35647005862867));
#3744=CARTESIAN_POINT('Ctrl Pts',(-23.2838580088523,43.290809980433,7.34816959572102));
#3745=CARTESIAN_POINT('Ctrl Pts',(-23.2769938912787,43.290809980433,7.34008318419347));
#3746=CARTESIAN_POINT('Ctrl Pts',(-23.2700615901852,43.290809980433,7.33191644770137));
#3747=CARTESIAN_POINT('Ctrl Pts',(-23.2632482886703,43.2908099804333,7.3239630411536));
#3748=CARTESIAN_POINT('Ctrl Pts',(-23.2564869648053,43.2908099804328,7.31614671838929));
#3749=CARTESIAN_POINT('Ctrl Pts',(-23.2562428405089,43.2908099804328,7.31586450231243));
#3750=CARTESIAN_POINT('Ctrl Pts',(-23.2559987841954,43.2908099804327,7.3155824653485));
#3751=CARTESIAN_POINT('Ctrl Pts',(-23.2557547949231,43.2908099804327,7.31530060604574));
#3752=CARTESIAN_POINT('Ctrl Pts',(-23.24860551821,43.2908099804321,7.30704167674647));
#3753=CARTESIAN_POINT('Ctrl Pts',(-23.2415128873194,43.2908099804258,7.2989333301523));
#3754=CARTESIAN_POINT('Ctrl Pts',(-23.2344389317628,43.2908099804233,7.29092846360131));
#3755=CARTESIAN_POINT('Ctrl Pts',(-23.2269578929086,43.2908099804206,7.28246294283127));
#3756=CARTESIAN_POINT('Ctrl Pts',(-23.219497991645,43.2908099804255,7.27411341073832));
#3757=CARTESIAN_POINT('Ctrl Pts',(-23.2120572283513,43.290809980429,7.26586832570313));
#3758=CARTESIAN_POINT('Ctrl Pts',(-23.2040204016793,43.2908099804328,7.25696274482282));
#3759=CARTESIAN_POINT('Ctrl Pts',(-23.1960062620293,43.2908099804331,7.24817938566263));
#3760=CARTESIAN_POINT('Ctrl Pts',(-23.1880556196539,43.2908099804331,7.23954913125214));
#3761=CARTESIAN_POINT('Ctrl Pts',(-23.1871190884682,43.2908099804331,7.23853254642617));
#3762=CARTESIAN_POINT('Ctrl Pts',(-23.1861835823793,43.2908099804331,7.23751824648556));
#3763=CARTESIAN_POINT('Ctrl Pts',(-23.1852490490056,43.2908099804331,7.23650615200989));
#3764=CARTESIAN_POINT('Ctrl Pts',(-23.1770833788875,43.2908099804331,7.22766277642932));
#3765=CARTESIAN_POINT('Ctrl Pts',(-23.1689920759259,43.2908099804328,7.21898771371338));
#3766=CARTESIAN_POINT('Ctrl Pts',(-23.1610578911896,43.2908099804326,7.21055491413726));
#3767=CARTESIAN_POINT('Ctrl Pts',(-23.1473447042666,43.2908099804321,7.19597993753716));
#3768=CARTESIAN_POINT('Ctrl Pts',(-23.134102993089,43.2908099804329,7.18213094229355));
#3769=CARTESIAN_POINT('Ctrl Pts',(-23.1218213821655,43.290809980433,7.16945697478395));
#3770=CARTESIAN_POINT('Ctrl Pts',(-23.1208493232983,43.290809980433,7.16845386187172));
#3771=CARTESIAN_POINT('Ctrl Pts',(-23.1198832970696,43.290809980433,7.16745813244371));
#3772=CARTESIAN_POINT('Ctrl Pts',(-23.1189235569326,43.290809980433,7.16647002252239));
#3773=CARTESIAN_POINT('Ctrl Pts',(-23.1186870353062,43.290809980433,7.16622650934974));
#3774=CARTESIAN_POINT('Ctrl Pts',(-23.1184508954725,43.290809980433,7.16598345895533));
#3775=CARTESIAN_POINT('Ctrl Pts',(-23.1182151390729,43.290809980433,7.16574087265784));
#3776=CARTESIAN_POINT('Ctrl Pts',(-23.1109184704378,43.2908099804331,7.15823281845183));
#3777=CARTESIAN_POINT('Ctrl Pts',(-23.1039902612344,43.2908099804331,7.15117072168843));
#3778=CARTESIAN_POINT('Ctrl Pts',(-23.0975154889643,43.290809980433,7.14463030610519));
#3779=CARTESIAN_POINT('Ctrl Pts',(-23.0916840841635,43.290809980433,7.1387397806565));
#3780=CARTESIAN_POINT('Ctrl Pts',(-23.0862209153806,43.290809980433,7.13327289044036));
#3781=CARTESIAN_POINT('Ctrl Pts',(-23.08115834574,43.290809980433,7.12825455875748));
#3782=CARTESIAN_POINT('Ctrl Pts',(-23.0765881305353,43.2908099804331,7.12372427919845));
#3783=CARTESIAN_POINT('Ctrl Pts',(-23.0723451369104,43.2908099804333,7.11955962900056));
#3784=CARTESIAN_POINT('Ctrl Pts',(-23.0684225115994,43.2908099804328,7.11574959203052));
#3785=CARTESIAN_POINT('Ctrl Pts',(-23.0682820685714,43.2908099804328,7.1156131800394));
#3786=CARTESIAN_POINT('Ctrl Pts',(-23.0681420394169,43.2908099804328,7.11547722611472));
#3787=CARTESIAN_POINT('Ctrl Pts',(-23.0680024189947,43.2908099804328,7.11534172479174));
#3788=CARTESIAN_POINT('Ctrl Pts',(-23.0642352182848,43.2908099804323,7.11168566451015));
#3789=CARTESIAN_POINT('Ctrl Pts',(-23.0607682674226,43.2908099804246,7.10835963669761));
#3790=CARTESIAN_POINT('Ctrl Pts',(-23.057564763745,43.2908099803982,7.10532054840772));
#3791=CARTESIAN_POINT('Ctrl Pts',(-23.0544598531833,43.2908099803726,7.10237499307859));
#3792=CARTESIAN_POINT('Ctrl Pts',(-23.0516026423636,43.2908099803413,7.09969921247488));
#3793=CARTESIAN_POINT('Ctrl Pts',(-23.0489268422093,43.2908099803524,7.09721939984736));
#3794=CARTESIAN_POINT('Ctrl Pts',(-23.0463552950834,43.2908099803631,7.09483620429181));
#3795=CARTESIAN_POINT('Ctrl Pts',(-23.043951392038,43.2908099804081,7.09263410280316));
#3796=CARTESIAN_POINT('Ctrl Pts',(-23.0416231189234,43.2908099804239,7.09051315986564));
#3797=CARTESIAN_POINT('Ctrl Pts',(-23.0402273152921,43.2908099804334,7.08924165102269));
#3798=CARTESIAN_POINT('Ctrl Pts',(-23.0388580475381,43.290809980433,7.08799864065901));
#3799=CARTESIAN_POINT('Ctrl Pts',(-23.0374891961654,43.290809980433,7.0867560626366));
#3800=CARTESIAN_POINT('Origin',(-23.0374891961654,42.790809980433,7.08675606263659));
#3801=CARTESIAN_POINT('Ctrl Pts',(-23.8286391718462,43.1731308493869,7.53686681400389));
#3802=CARTESIAN_POINT('Ctrl Pts',(-23.8332059014081,43.1928784127234,7.58056006088143));
#3803=CARTESIAN_POINT('Ctrl Pts',(-23.8331154765846,43.2275721038177,7.65885476903428));
#3804=CARTESIAN_POINT('Ctrl Pts',(-23.8081690812482,43.2736191633113,7.79755406502581));
#3805=CARTESIAN_POINT('Ctrl Pts',(-23.7473616409962,43.290809980433,7.8686186858483));
#3806=CARTESIAN_POINT('Ctrl Pts',(-23.7179856721958,43.290809980433,7.90088191055672));
#3807=CARTESIAN_POINT('Ctrl Pts',(-23.845656860478,43.1729833024078,7.56234552671976));
#3808=CARTESIAN_POINT('Ctrl Pts',(-23.8501502160033,43.1924142412665,7.60533134677609));
#3809=CARTESIAN_POINT('Ctrl Pts',(-23.8508260277641,43.2268644546118,7.68400168793823));
#3810=CARTESIAN_POINT('Ctrl Pts',(-23.8312685459183,43.2735240171404,7.82984513406486));
#3811=CARTESIAN_POINT('Ctrl Pts',(-23.7763352203124,43.290809980433,7.90692458945475));
#3812=CARTESIAN_POINT('Ctrl Pts',(-23.7501051449516,43.290809980433,7.94311905397457));
#3813=CARTESIAN_POINT('Ctrl Pts',(-23.881049475635,43.1721902115644,7.61458619633372));
#3814=CARTESIAN_POINT('Ctrl Pts',(-23.8857250405716,43.1911640427138,7.65671637953298));
#3815=CARTESIAN_POINT('Ctrl Pts',(-23.8885009457138,43.2253919035591,7.73710564302548));
#3816=CARTESIAN_POINT('Ctrl Pts',(-23.8806207625154,43.2734799097476,7.89832656159696));
#3817=CARTESIAN_POINT('Ctrl Pts',(-23.8372931638059,43.290809980433,7.98705132106473));
#3818=CARTESIAN_POINT('Ctrl Pts',(-23.8170516618858,43.290809980433,8.03093896530276));
#3819=CARTESIAN_POINT('Ctrl Pts',(-23.9408283425551,43.1696966718835,7.69955399048375));
#3820=CARTESIAN_POINT('Ctrl Pts',(-23.9467042621489,43.188488198446,7.74194460094858));
#3821=CARTESIAN_POINT('Ctrl Pts',(-23.9544653533208,43.2232803664856,7.8279754583551));
#3822=CARTESIAN_POINT('Ctrl Pts',(-23.9656516730151,43.2738815755989,8.01335014208665));
#3823=CARTESIAN_POINT('Ctrl Pts',(-23.9365072317679,43.2908099804331,8.11534839681577));
#3824=CARTESIAN_POINT('Ctrl Pts',(-23.9230495981501,43.2908099804331,8.16841187291527));
#3825=CARTESIAN_POINT('Ctrl Pts',(-24.0085999569662,43.1660471651963,7.79177273158027));
#3826=CARTESIAN_POINT('Ctrl Pts',(-24.0162027446736,43.1852141222634,7.83547670060417));
#3827=CARTESIAN_POINT('Ctrl Pts',(-24.0300848535408,43.2216825917444,7.92926741371045));
#3828=CARTESIAN_POINT('Ctrl Pts',(-24.0560968062109,43.2746470468599,8.13245058835648));
#3829=CARTESIAN_POINT('Ctrl Pts',(-24.0340530697071,43.290809980433,8.23928191799569));
#3830=CARTESIAN_POINT('Ctrl Pts',(-24.0234986071856,43.290809980433,8.29685713934423));
#3831=CARTESIAN_POINT('Ctrl Pts',(-24.0849693190537,43.161341454029,7.89059130223037));
#3832=CARTESIAN_POINT('Ctrl Pts',(-24.0941597637819,43.1815428049696,7.93579065623587));
#3833=CARTESIAN_POINT('Ctrl Pts',(-24.1135859424117,43.2210744981143,8.03667317022358));
#3834=CARTESIAN_POINT('Ctrl Pts',(-24.1432359661075,43.2755289673708,8.24245316922072));
#3835=CARTESIAN_POINT('Ctrl Pts',(-24.1197839236932,43.290809980433,8.34550675298995));
#3836=CARTESIAN_POINT('Ctrl Pts',(-24.1084679863819,43.290809980433,8.40294803363314));
#3837=CARTESIAN_POINT('Ctrl Pts',(-24.1718506781038,43.1561639151709,7.99494628162395));
#3838=CARTESIAN_POINT('Ctrl Pts',(-24.1815017991106,43.1782948394863,8.04056764732815));
#3839=CARTESIAN_POINT('Ctrl Pts',(-24.2013218866859,43.2213752560764,8.14532673447201));
#3840=CARTESIAN_POINT('Ctrl Pts',(-24.222689750453,43.2763854868461,8.33597374785114));
#3841=CARTESIAN_POINT('Ctrl Pts',(-24.1953237757958,43.290809980433,8.4346778475508));
#3842=CARTESIAN_POINT('Ctrl Pts',(-24.1830642777558,43.290809980433,8.49126004722571));
#3843=CARTESIAN_POINT('Ctrl Pts',(-24.2771199270284,43.1513467534232,8.11243948769375));
#3844=CARTESIAN_POINT('Ctrl Pts',(-24.2854760360797,43.175826946399,8.1570633444517));
#3845=CARTESIAN_POINT('Ctrl Pts',(-24.3037110114994,43.2226987980975,8.25687933299049));
#3846=CARTESIAN_POINT('Ctrl Pts',(-24.305528938168,43.2769182522422,8.42812166483738));
#3847=CARTESIAN_POINT('Ctrl Pts',(-24.274226920478,43.290809980433,8.52262045996393));
#3848=CARTESIAN_POINT('Ctrl Pts',(-24.2593269198545,43.290809980433,8.57597487418253));
#3849=CARTESIAN_POINT('Ctrl Pts',(-24.4064866179503,43.1477079995984,8.24105760315402));
#3850=CARTESIAN_POINT('Ctrl Pts',(-24.409738791275,43.1745957982853,8.28150294590553));
#3851=CARTESIAN_POINT('Ctrl Pts',(-24.4120880829082,43.2242590071031,8.37266197332947));
#3852=CARTESIAN_POINT('Ctrl Pts',(-24.388471877981,43.2773576423232,8.51515062074461));
#3853=CARTESIAN_POINT('Ctrl Pts',(-24.3487750994159,43.290809980433,8.60270428028323));
#3854=CARTESIAN_POINT('Ctrl Pts',(-24.3286118317952,43.290809980433,8.64930287101438));
#3855=CARTESIAN_POINT('Ctrl Pts',(-24.5348757247171,43.1453641154031,8.36408603517338));
#3856=CARTESIAN_POINT('Ctrl Pts',(-24.5278032671157,43.1743187086361,8.39724332248256));
#3857=CARTESIAN_POINT('Ctrl Pts',(-24.5079768287154,43.2262590606455,8.4697576360645));
#3858=CARTESIAN_POINT('Ctrl Pts',(-24.4540801751873,43.2780233169806,8.58399028899659));
#3859=CARTESIAN_POINT('Ctrl Pts',(-24.4043962958128,43.290809980433,8.66091735982415));
#3860=CARTESIAN_POINT('Ctrl Pts',(-24.3785237866017,43.290809980433,8.69951627767368));
#3861=CARTESIAN_POINT('Ctrl Pts',(-24.6059341765571,43.1443633710263,8.42859040136745));
#3862=CARTESIAN_POINT('Ctrl Pts',(-24.5901556796117,43.174645366361,8.45516510780513));
#3863=CARTESIAN_POINT('Ctrl Pts',(-24.5525266942929,43.2277783880943,8.51389574134085));
#3864=CARTESIAN_POINT('Ctrl Pts',(-24.4806871312801,43.278895549269,8.61308912471606));
#3865=CARTESIAN_POINT('Ctrl Pts',(-24.4248272109373,43.290809980433,8.6816648448715));
#3866=CARTESIAN_POINT('Ctrl Pts',(-24.3965940087284,43.290809980433,8.71605670248247));
#3867=CARTESIAN_POINT('Ctrl Pts',(-24.6427980649385,43.1443633710263,8.46205368192266));
#3868=CARTESIAN_POINT('Ctrl Pts',(-24.6220606015586,43.1752167247635,8.4848985292498));
#3869=CARTESIAN_POINT('Ctrl Pts',(-24.575127535186,43.2287969896005,8.53660103096052));
#3870=CARTESIAN_POINT('Ctrl Pts',(-24.4931430971497,43.2793215432044,8.62691689726623));
#3871=CARTESIAN_POINT('Ctrl Pts',(-24.4344914410043,43.290809980433,8.69152885609537));
#3872=CARTESIAN_POINT('Ctrl Pts',(-24.4051642390432,43.290809980433,8.72383634901574));
#3873=CARTESIAN_POINT('',(-24.6427980649385,43.1443633710263,8.46205368192266));
#3874=CARTESIAN_POINT('Ctrl Pts',(-23.8286391718462,43.1731308493869,7.53686681400389));
#3875=CARTESIAN_POINT('Ctrl Pts',(-23.845656860478,43.1729833024078,7.56234552671976));
#3876=CARTESIAN_POINT('Ctrl Pts',(-23.8810494756351,43.1721902115644,7.61458619633372));
#3877=CARTESIAN_POINT('Ctrl Pts',(-23.9408283425551,43.1696966718835,7.69955399048374));
#3878=CARTESIAN_POINT('Ctrl Pts',(-24.0085999569662,43.1660471651963,7.79177273158027));
#3879=CARTESIAN_POINT('Ctrl Pts',(-24.0849693190536,43.161341454029,7.89059130223037));
#3880=CARTESIAN_POINT('Ctrl Pts',(-24.1718506781038,43.1561639151709,7.99494628162395));
#3881=CARTESIAN_POINT('Ctrl Pts',(-24.2771199270284,43.1513467534232,8.11243948769375));
#3882=CARTESIAN_POINT('Ctrl Pts',(-24.4064866179503,43.1477079995984,8.24105760315402));
#3883=CARTESIAN_POINT('Ctrl Pts',(-24.5348757247171,43.1453641154031,8.36408603517338));
#3884=CARTESIAN_POINT('Ctrl Pts',(-24.6059341765571,43.1443633710263,8.42859040136745));
#3885=CARTESIAN_POINT('Ctrl Pts',(-24.6427980649385,43.1443633710263,8.46205368192266));
#3886=CARTESIAN_POINT('',(-24.4051642390432,43.290809980433,8.72383634901574));
#3887=CARTESIAN_POINT('Origin',(-24.4051642390432,42.790809980433,8.72383634901574));
#3888=CARTESIAN_POINT('Ctrl Pts',(-24.4051642390432,43.290809980433,8.72383634901574));
#3889=CARTESIAN_POINT('Ctrl Pts',(-24.4025008669021,43.290809980433,8.72141866675009));
#3890=CARTESIAN_POINT('Ctrl Pts',(-24.3998363049191,43.290809980433,8.71899339303911));
#3891=CARTESIAN_POINT('Ctrl Pts',(-24.3970076092459,43.290809980433,8.71639165543229));
#3892=CARTESIAN_POINT('Ctrl Pts',(-24.3945765353823,43.290809980433,8.71415563677679));
#3893=CARTESIAN_POINT('Ctrl Pts',(-24.3920273854762,43.290809980433,8.71179208275156));
#3894=CARTESIAN_POINT('Ctrl Pts',(-24.3892889417253,43.290809980433,8.70922172945471));
#3895=CARTESIAN_POINT('Ctrl Pts',(-24.3861709193905,43.290809980433,8.70629509676956));
#3896=CARTESIAN_POINT('Ctrl Pts',(-24.3828079845592,43.2908099804331,8.70310043897007));
#3897=CARTESIAN_POINT('Ctrl Pts',(-24.3791373227733,43.290809980433,8.69956096077559));
#3898=CARTESIAN_POINT('Ctrl Pts',(-24.3777117908047,43.2908099804329,8.69818637504347));
#3899=CARTESIAN_POINT('Ctrl Pts',(-24.3762422829625,43.2908099804329,8.69676231658985));
#3900=CARTESIAN_POINT('Ctrl Pts',(-24.3747228481455,43.2908099804329,8.69528223107332));
#3901=CARTESIAN_POINT('Ctrl Pts',(-24.3721546854495,43.2908099804329,8.69278057692675));
#3902=CARTESIAN_POINT('Ctrl Pts',(-24.369444097069,43.290809980433,8.69011909000631));
#3903=CARTESIAN_POINT('Ctrl Pts',(-24.3665917309757,43.290809980433,8.68729704747578));
#3904=CARTESIAN_POINT('Ctrl Pts',(-24.3617912956137,43.290809980433,8.682547645641));
#3905=CARTESIAN_POINT('Ctrl Pts',(-24.3565778656505,43.290809980433,8.67733241813386));
#3906=CARTESIAN_POINT('Ctrl Pts',(-24.3509540245976,43.290809980433,8.67164634909104));
#3907=CARTESIAN_POINT('Ctrl Pts',(-24.344881511795,43.290809980433,8.66550664373056));
#3908=CARTESIAN_POINT('Ctrl Pts',(-24.3383309389503,43.290809980433,8.65881814512586));
#3909=CARTESIAN_POINT('Ctrl Pts',(-24.3313493477811,43.290809980433,8.65161862949335));
#3910=CARTESIAN_POINT('Ctrl Pts',(-24.3293933920786,43.290809980433,8.64960162028792));
#3911=CARTESIAN_POINT('Ctrl Pts',(-24.3274044750913,43.290809980433,8.64754542981241));
#3912=CARTESIAN_POINT('Ctrl Pts',(-24.3253830564571,43.290809980433,8.6454503227518));
#3913=CARTESIAN_POINT('Ctrl Pts',(-24.3192052085508,43.290809980433,8.6390472687042));
#3914=CARTESIAN_POINT('Ctrl Pts',(-24.3127240405776,43.290809980433,8.63228101876875));
#3915=CARTESIAN_POINT('Ctrl Pts',(-24.3059952615056,43.290809980433,8.6252037643969));
#3916=CARTESIAN_POINT('Ctrl Pts',(-24.2910603110725,43.290809980433,8.60949535101114));
#3917=CARTESIAN_POINT('Ctrl Pts',(-24.2748971074527,43.2908099804328,8.59224605824339));
#3918=CARTESIAN_POINT('Ctrl Pts',(-24.2581640387246,43.290809980433,8.57407681492567));
#3919=CARTESIAN_POINT('Ctrl Pts',(-24.2570970787186,43.290809980433,8.57291827931719));
#3920=CARTESIAN_POINT('Ctrl Pts',(-24.2560278012754,43.290809980433,8.57175600194315));
#3921=CARTESIAN_POINT('Ctrl Pts',(-24.254956323881,43.290809980433,8.57059008752245));
#3922=CARTESIAN_POINT('Ctrl Pts',(-24.24566176316,43.290809980433,8.56047633016737));
#3923=CARTESIAN_POINT('Ctrl Pts',(-24.2362063001993,43.290809980433,8.55009334222154));
#3924=CARTESIAN_POINT('Ctrl Pts',(-24.2266820931461,43.290809980433,8.5395271665022));
#3925=CARTESIAN_POINT('Ctrl Pts',(-24.2179794597225,43.290809980433,8.52987244632856));
#3926=CARTESIAN_POINT('Ctrl Pts',(-24.2092198865519,43.2908099804331,8.52006547750261));
#3927=CARTESIAN_POINT('Ctrl Pts',(-24.2004479699162,43.290809980433,8.51014269912634));
#3928=CARTESIAN_POINT('Ctrl Pts',(-24.1947510020751,43.2908099804329,8.50369829801651));
#3929=CARTESIAN_POINT('Ctrl Pts',(-24.1890452199317,43.2908099804327,8.49720105701479));
#3930=CARTESIAN_POINT('Ctrl Pts',(-24.1833421258243,43.2908099804328,8.49065996533583));
#3931=CARTESIAN_POINT('Ctrl Pts',(-24.1808127047139,43.2908099804328,8.48775887777419));
#3932=CARTESIAN_POINT('Ctrl Pts',(-24.1782838205529,43.2908099804328,8.48484916820192));
#3933=CARTESIAN_POINT('Ctrl Pts',(-24.1757529756712,43.2908099804329,8.48192787674866));
#3934=CARTESIAN_POINT('Ctrl Pts',(-24.1679743521019,43.2908099804331,8.47294920456062));
#3935=CARTESIAN_POINT('Ctrl Pts',(-24.160193247234,43.290809980433,8.463878175314));
#3936=CARTESIAN_POINT('Ctrl Pts',(-24.1523847375818,43.290809980433,8.45468598432051));
#3937=CARTESIAN_POINT('Ctrl Pts',(-24.144769891468,43.290809980433,8.4457217743776));
#3938=CARTESIAN_POINT('Ctrl Pts',(-24.1371291913919,43.290809980433,8.43664285072913));
#3939=CARTESIAN_POINT('Ctrl Pts',(-24.1294072495047,43.290809980433,8.4273854569824));
#3940=CARTESIAN_POINT('Ctrl Pts',(-24.1219527755918,43.290809980433,8.41844871526706));
#3941=CARTESIAN_POINT('Ctrl Pts',(-24.1144187153345,43.2908099804355,8.40934110876704));
#3942=CARTESIAN_POINT('Ctrl Pts',(-24.1067394937162,43.2908099804305,8.39998309188543));
#3943=CARTESIAN_POINT('Ctrl Pts',(-24.1060575591251,43.2908099804301,8.39915207596566));
#3944=CARTESIAN_POINT('Ctrl Pts',(-24.1053744785098,43.2908099804295,8.39831908284832));
#3945=CARTESIAN_POINT('Ctrl Pts',(-24.104690224564,43.2908099804288,8.39748408224217));
#3946=CARTESIAN_POINT('Ctrl Pts',(-24.0962771168315,43.2908099804205,8.38721749905375));
#3947=CARTESIAN_POINT('Ctrl Pts',(-24.0876839416216,43.2908099803921,8.37664671474741));
#3948=CARTESIAN_POINT('Ctrl Pts',(-24.0788607746067,43.2908099803758,8.36572067693804));
#3949=CARTESIAN_POINT('Ctrl Pts',(-24.069655031762,43.2908099803589,8.35432088203282));
#3950=CARTESIAN_POINT('Ctrl Pts',(-24.0601990928778,43.2908099803687,8.34253456698898));
#3951=CARTESIAN_POINT('Ctrl Pts',(-24.0504736871772,43.2908099803913,8.33034697370033));
#3952=CARTESIAN_POINT('Ctrl Pts',(-24.0408799782019,43.2908099804135,8.31832441888661));
#3953=CARTESIAN_POINT('Ctrl Pts',(-24.0310247221508,43.2908099804308,8.30591221018369));
#3954=CARTESIAN_POINT('Ctrl Pts',(-24.0209188511413,43.2908099804323,8.29313048343184));
#3955=CARTESIAN_POINT('Ctrl Pts',(-24.0202156918205,43.2908099804324,8.29224113997077));
#3956=CARTESIAN_POINT('Ctrl Pts',(-24.0195113227544,43.2908099804325,8.29135001273218));
#3957=CARTESIAN_POINT('Ctrl Pts',(-24.0188057787627,43.2908099804325,8.29045714597235));
#3958=CARTESIAN_POINT('Ctrl Pts',(-24.0065030572596,43.2908099804335,8.27488803729236));
#3959=CARTESIAN_POINT('Ctrl Pts',(-23.9938334688545,43.290809980433,8.25878182447791));
#3960=CARTESIAN_POINT('Ctrl Pts',(-23.9808644997962,43.290809980433,8.24223297601337));
#3961=CARTESIAN_POINT('Ctrl Pts',(-23.9658555761088,43.2908099804331,8.22308107561147));
#3962=CARTESIAN_POINT('Ctrl Pts',(-23.9504463880049,43.2908099804331,8.20333706254959));
#3963=CARTESIAN_POINT('Ctrl Pts',(-23.9347941347268,43.2908099804331,8.18321176845845));
#3964=CARTESIAN_POINT('Ctrl Pts',(-23.9305871441487,43.2908099804331,8.1778025202742));
#3965=CARTESIAN_POINT('Ctrl Pts',(-23.9263629783905,43.2908099804331,8.17236622684456));
#3966=CARTESIAN_POINT('Ctrl Pts',(-23.9221248105401,43.2908099804331,8.16690714151309));
#3967=CARTESIAN_POINT('Ctrl Pts',(-23.9078548792597,43.290809980433,8.14852637527588));
#3968=CARTESIAN_POINT('Ctrl Pts',(-23.8934262113676,43.290809980433,8.12988721898754));
#3969=CARTESIAN_POINT('Ctrl Pts',(-23.8789742274002,43.2908099804329,8.11116934920625));
#3970=CARTESIAN_POINT('Ctrl Pts',(-23.8644241497338,43.2908099804328,8.09232443077285));
#3971=CARTESIAN_POINT('Ctrl Pts',(-23.8498512920229,43.2908099804325,8.0734007384435));
#3972=CARTESIAN_POINT('Ctrl Pts',(-23.8353800791075,43.2908099804327,8.05456440197231));
#3973=CARTESIAN_POINT('Ctrl Pts',(-23.8295627146364,43.2908099804328,8.04699227687173));
#3974=CARTESIAN_POINT('Ctrl Pts',(-23.8237598514669,43.2908099804329,8.03943174627677));
#3975=CARTESIAN_POINT('Ctrl Pts',(-23.8179814598722,43.290809980433,8.03189591817047));
#3976=CARTESIAN_POINT('Ctrl Pts',(-23.8107591318738,43.290809980433,8.02247699571939));
#3977=CARTESIAN_POINT('Ctrl Pts',(-23.8035750413539,43.290809980433,8.01309667288463));
#3978=CARTESIAN_POINT('Ctrl Pts',(-23.7964353931302,43.290809980433,8.00376437887372));
#3979=CARTESIAN_POINT('Ctrl Pts',(-23.7838674933267,43.290809980433,7.98733677174352));
#3980=CARTESIAN_POINT('Ctrl Pts',(-23.771445494289,43.290809980433,7.97106922418989));
#3981=CARTESIAN_POINT('Ctrl Pts',(-23.7592003156417,43.290809980433,7.95501045523538));
#3982=CARTESIAN_POINT('Ctrl Pts',(-23.7487422780335,43.290809980433,7.94129540750066));
#3983=CARTESIAN_POINT('Ctrl Pts',(-23.7384121388474,43.290809980433,7.92773125775775));
#3984=CARTESIAN_POINT('Ctrl Pts',(-23.7282047998088,43.290809980433,7.9143162963353));
#3985=CARTESIAN_POINT('Ctrl Pts',(-23.7247851701737,43.290809980433,7.9098220594475));
#3986=CARTESIAN_POINT('Ctrl Pts',(-23.7213790881283,43.290809980433,7.90534425638997));
#3987=CARTESIAN_POINT('Ctrl Pts',(-23.7179856721958,43.290809980433,7.90088191055672));
#3988=CARTESIAN_POINT('Ctrl Pts',(-23.8286391718462,43.1731308493869,7.53686681400389));
#3989=CARTESIAN_POINT('Ctrl Pts',(-23.845656860478,43.1729833024078,7.56234552671976));
#3990=CARTESIAN_POINT('Ctrl Pts',(-23.8810494756351,43.1721902115644,7.61458619633372));
#3991=CARTESIAN_POINT('Ctrl Pts',(-23.9408283425551,43.1696966718835,7.69955399048374));
#3992=CARTESIAN_POINT('Ctrl Pts',(-24.0085999569662,43.1660471651963,7.79177273158027));
#3993=CARTESIAN_POINT('Ctrl Pts',(-24.0849693190536,43.161341454029,7.89059130223037));
#3994=CARTESIAN_POINT('Ctrl Pts',(-24.1718506781038,43.1561639151709,7.99494628162395));
#3995=CARTESIAN_POINT('Ctrl Pts',(-24.2771199270284,43.1513467534232,8.11243948769375));
#3996=CARTESIAN_POINT('Ctrl Pts',(-24.4064866179503,43.1477079995984,8.24105760315402));
#3997=CARTESIAN_POINT('Ctrl Pts',(-24.5348757247171,43.1453641154031,8.36408603517338));
#3998=CARTESIAN_POINT('Ctrl Pts',(-24.6059341765571,43.1443633710263,8.42859040136745));
#3999=CARTESIAN_POINT('Ctrl Pts',(-24.6427980649385,43.1443633710263,8.46205368192266));
#4000=CARTESIAN_POINT('Ctrl Pts',(-23.8751255081797,43.152940645113,7.56960970527397));
#4001=CARTESIAN_POINT('Ctrl Pts',(-23.8916489064273,43.1526241421153,7.59419897911638));
#4002=CARTESIAN_POINT('Ctrl Pts',(-23.9264994300996,43.1515111401703,7.64503689777398));
#4003=CARTESIAN_POINT('Ctrl Pts',(-23.98476111312,43.1484530595177,7.72639008810077));
#4004=CARTESIAN_POINT('Ctrl Pts',(-24.0492911285369,43.1440427740486,7.81210183959684));
#4005=CARTESIAN_POINT('Ctrl Pts',(-24.1211256541441,43.1382829014827,7.90199379766716));
#4006=CARTESIAN_POINT('Ctrl Pts',(-24.204776629071,43.1317827190397,7.99817142467464));
#4007=CARTESIAN_POINT('Ctrl Pts',(-24.3090798234153,43.1254363903983,8.11024729942145));
#4008=CARTESIAN_POINT('Ctrl Pts',(-24.4330896251154,43.1202062207425,8.22925507191009));
#4009=CARTESIAN_POINT('Ctrl Pts',(-24.5541219895368,43.116257241372,8.342155876176));
#4010=CARTESIAN_POINT('Ctrl Pts',(-24.6258086611005,43.1140813756916,8.40573383721368));
#4011=CARTESIAN_POINT('Ctrl Pts',(-24.6635355283184,43.1135100172891,8.43920883459553));
#4012=CARTESIAN_POINT('Ctrl Pts',(-23.9610844773265,43.1064548476219,7.6266497728992));
#4013=CARTESIAN_POINT('Ctrl Pts',(-23.9768278034502,43.105888768456,7.64958926393709));
#4014=CARTESIAN_POINT('Ctrl Pts',(-24.0091174533149,43.1041671662076,7.69554210772256));
#4015=CARTESIAN_POINT('Ctrl Pts',(-24.0611007659608,43.0996272100944,7.76530649512494));
#4016=CARTESIAN_POINT('Ctrl Pts',(-24.1191583795622,43.0930013063218,7.83779397642894));
#4017=CARTESIAN_POINT('Ctrl Pts',(-24.1880021880533,43.0842284586172,7.91740985552465));
#4018=CARTESIAN_POINT('Ctrl Pts',(-24.2738184477941,43.074274696136,8.00894824249804));
#4019=CARTESIAN_POINT('Ctrl Pts',(-24.3732299068889,43.0645201318146,8.10965418998469));
#4020=CARTESIAN_POINT('Ctrl Pts',(-24.4837992535792,43.0562608612674,8.20921793451168));
#4021=CARTESIAN_POINT('Ctrl Pts',(-24.5908368561162,43.0494870842457,8.30507561838361));
#4022=CARTESIAN_POINT('Ctrl Pts',(-24.6615667546662,43.04530369662,8.36643395720342));
#4023=CARTESIAN_POINT('Ctrl Pts',(-24.6995484295222,43.0436826487129,8.39953622783859));
#4024=CARTESIAN_POINT('Ctrl Pts',(-24.0541739522208,42.9903124462213,7.66837337280088));
#4025=CARTESIAN_POINT('Ctrl Pts',(-24.0696591067856,42.9886130138128,7.68981766854724));
#4026=CARTESIAN_POINT('Ctrl Pts',(-24.1020672996682,42.9845592687081,7.73317159301173));
#4027=CARTESIAN_POINT('Ctrl Pts',(-24.1568174347419,42.9767556510387,7.80143298612325));
#4028=CARTESIAN_POINT('Ctrl Pts',(-24.2190823081452,42.9676436215861,7.87412602979629));
#4029=CARTESIAN_POINT('Ctrl Pts',(-24.2891722984608,42.957715903906,7.95095857892189));
#4030=CARTESIAN_POINT('Ctrl Pts',(-24.3661714789954,42.9487071684776,8.03010208890886));
#4031=CARTESIAN_POINT('Ctrl Pts',(-24.4501657744182,42.941071660058,8.10985697104583));
#4032=CARTESIAN_POINT('Ctrl Pts',(-24.5398032727317,42.9349057127118,8.18908586079089));
#4033=CARTESIAN_POINT('Ctrl Pts',(-24.6325699253879,42.9286125604879,8.27223962122909));
#4034=CARTESIAN_POINT('Ctrl Pts',(-24.6995244344488,42.9235721001698,8.33185329881788));
#4035=CARTESIAN_POINT('Ctrl Pts',(-24.7335074956604,42.9217055861696,8.36212617111729));
#4036=CARTESIAN_POINT('Ctrl Pts',(-24.0757962720302,42.8714945648162,7.66840419334143));
#4037=CARTESIAN_POINT('Ctrl Pts',(-24.094620521361,42.8712109605228,7.69406841672106));
#4038=CARTESIAN_POINT('Ctrl Pts',(-24.1334307746853,42.8702882455461,7.74528891778679));
#4039=CARTESIAN_POINT('Ctrl Pts',(-24.1955416909672,42.8676625376245,7.82194603400156));
#4040=CARTESIAN_POINT('Ctrl Pts',(-24.2618559754416,42.8636381067764,7.89846961729085));
#4041=CARTESIAN_POINT('Ctrl Pts',(-24.3327397666571,42.8583119096597,7.97465200721108));
#4042=CARTESIAN_POINT('Ctrl Pts',(-24.4081119622349,42.8528867030894,8.05051278249478));
#4043=CARTESIAN_POINT('Ctrl Pts',(-24.4888271551456,42.8475284875024,8.12468575370272));
#4044=CARTESIAN_POINT('Ctrl Pts',(-24.5717591390962,42.8425401212365,8.19973330431698));
#4045=CARTESIAN_POINT('Ctrl Pts',(-24.6558394746272,42.838112740397,8.27612117843962));
#4046=CARTESIAN_POINT('Ctrl Pts',(-24.7126520457389,42.8352512345348,8.32767875566952));
#4047=CARTESIAN_POINT('Ctrl Pts',(-24.741229218503,42.8344432117329,8.3536197508185));
#4048=CARTESIAN_POINT('Ctrl Pts',(-24.0816570756098,42.8148384785783,7.67633396139349));
#4049=CARTESIAN_POINT('Ctrl Pts',(-24.1025240517036,42.815044710537,7.70456779137887));
#4050=CARTESIAN_POINT('Ctrl Pts',(-24.1452479277672,42.8150069591727,7.76030261760965));
#4051=CARTESIAN_POINT('Ctrl Pts',(-24.2122259864353,42.813449004363,7.84158996941387));
#4052=CARTESIAN_POINT('Ctrl Pts',(-24.2819766015188,42.8102679648384,7.92046107259031));
#4053=CARTESIAN_POINT('Ctrl Pts',(-24.3544522789561,42.8058680039656,7.99676286412439));
#4054=CARTESIAN_POINT('Ctrl Pts',(-24.429448116044,42.801534798288,8.07060321120033));
#4055=CARTESIAN_POINT('Ctrl Pts',(-24.5073783253338,42.7976064855893,8.14133166042966));
#4056=CARTESIAN_POINT('Ctrl Pts',(-24.5853063686536,42.7942907826871,8.2120829528245));
#4057=CARTESIAN_POINT('Ctrl Pts',(-24.663261483906,42.7920529830673,8.28284363561333));
#4058=CARTESIAN_POINT('Ctrl Pts',(-24.7152389005942,42.790809980433,8.33002697919066));
#4059=CARTESIAN_POINT('Ctrl Pts',(-24.741229218503,42.790809980433,8.3536197508185));
#4060=CARTESIAN_POINT('',(-24.0816569906341,42.8148384879912,7.67633384641813));
#4061=CARTESIAN_POINT('Ctrl Pts',(-23.8286391718462,43.1731308493869,7.53686681400389));
#4062=CARTESIAN_POINT('Ctrl Pts',(-23.8751255081797,43.152940645113,7.56960970527397));
#4063=CARTESIAN_POINT('Ctrl Pts',(-23.9610844773265,43.1064548476219,7.6266497728992));
#4064=CARTESIAN_POINT('Ctrl Pts',(-24.0541739461438,42.9903124538032,7.66837337007711));
#4065=CARTESIAN_POINT('Ctrl Pts',(-24.0757962677956,42.8714945880859,7.66840419333539));
#4066=CARTESIAN_POINT('Ctrl Pts',(-24.0816570721664,42.8148385118655,7.6763339567345));
#4067=CARTESIAN_POINT('',(-24.4778655104738,42.7991236293342,8.11449478204682));
#4068=CARTESIAN_POINT('Ctrl Pts',(-24.0816570756098,42.8148384785783,7.67633396139349));
#4069=CARTESIAN_POINT('Ctrl Pts',(-24.0946945634224,42.8149673303408,7.69397418931549));
#4070=CARTESIAN_POINT('Ctrl Pts',(-24.1078734381552,42.8150068643942,7.71139742305534));
#4071=CARTESIAN_POINT('Ctrl Pts',(-24.1209866959713,42.8149566849252,7.72835618836181));
#4072=CARTESIAN_POINT('Ctrl Pts',(-24.1292777673408,42.8149249581366,7.73907864463206));
#4073=CARTESIAN_POINT('Ctrl Pts',(-24.1375416524441,42.81485761012,7.74961519920565));
#4074=CARTESIAN_POINT('Ctrl Pts',(-24.1457299685293,42.8147567378788,7.75991680301933));
#4075=CARTESIAN_POINT('Ctrl Pts',(-24.1476991589224,42.8147324793321,7.76239421339922));
#4076=CARTESIAN_POINT('Ctrl Pts',(-24.1496639674668,42.8147062891434,7.76485804585067));
#4077=CARTESIAN_POINT('Ctrl Pts',(-24.1516236951771,42.8146782135905,7.76730763937394));
#4078=CARTESIAN_POINT('Ctrl Pts',(-24.1608329769931,42.8145462790993,7.77881893095359));
#4079=CARTESIAN_POINT('Ctrl Pts',(-24.1699289609471,42.8143762792112,7.79001406609581));
#4080=CARTESIAN_POINT('Ctrl Pts',(-24.1788592292743,42.8141747593215,7.80085289297645));
#4081=CARTESIAN_POINT('Ctrl Pts',(-24.1872150902001,42.8139862014742,7.81099455128897));
#4082=CARTESIAN_POINT('Ctrl Pts',(-24.1954264566259,42.8137659363746,7.8208253327381));
#4083=CARTESIAN_POINT('Ctrl Pts',(-24.2034771995961,42.8135165277111,7.83034630235508));
#4084=CARTESIAN_POINT('Ctrl Pts',(-24.2065669896175,42.8134208073034,7.83400034981707));
#4085=CARTESIAN_POINT('Ctrl Pts',(-24.2096330915632,42.8133208522416,7.83760873114172));
#4086=CARTESIAN_POINT('Ctrl Pts',(-24.2126764866153,42.8132167299753,7.84117368467283));
#4087=CARTESIAN_POINT('Ctrl Pts',(-24.2171792017701,42.8130626806659,7.8464480476838));
#4088=CARTESIAN_POINT('Ctrl Pts',(-24.2216322039538,42.8128995229915,7.85162735587302));
#4089=CARTESIAN_POINT('Ctrl Pts',(-24.2260389653761,42.812728020914,7.85671867633833));
#4090=CARTESIAN_POINT('Ctrl Pts',(-24.2332823902863,42.8124461217365,7.86508731578801));
#4091=CARTESIAN_POINT('Ctrl Pts',(-24.2404003888804,42.8121414338422,7.87321806489865));
#4092=CARTESIAN_POINT('Ctrl Pts',(-24.2474423497451,42.8118172920588,7.88117773064177));
#4093=CARTESIAN_POINT('Ctrl Pts',(-24.2543651310352,42.8114986361168,7.88900268538668));
#4094=CARTESIAN_POINT('Ctrl Pts',(-24.2612203937807,42.811161189854,7.89666900448581));
#4095=CARTESIAN_POINT('Ctrl Pts',(-24.2680579357386,42.8108135742736,7.90423772960244));
#4096=CARTESIAN_POINT('Ctrl Pts',(-24.2728550646917,42.8105696917826,7.90954784698359));
#4097=CARTESIAN_POINT('Ctrl Pts',(-24.277643575968,42.8103205660972,7.91480988056245));
#4098=CARTESIAN_POINT('Ctrl Pts',(-24.2824307048265,42.81006500989,7.92003277350623));
#4099=CARTESIAN_POINT('Ctrl Pts',(-24.2848168159718,42.8099376296727,7.92263608823455));
#4100=CARTESIAN_POINT('Ctrl Pts',(-24.2872025886058,42.8098086502054,7.92522967638924));
#4101=CARTESIAN_POINT('Ctrl Pts',(-24.2895889207343,42.8096780622314,7.92781467407767));
#4102=CARTESIAN_POINT('Ctrl Pts',(-24.2981295599296,42.8092106902525,7.93706633369132));
#4103=CARTESIAN_POINT('Ctrl Pts',(-24.3066772400113,42.8087227553891,7.94620762804716));
#4104=CARTESIAN_POINT('Ctrl Pts',(-24.3152078153193,42.8082258923954,7.95522013424014));
#4105=CARTESIAN_POINT('Ctrl Pts',(-24.3228829695351,42.8077788533667,7.96332889272418));
#4106=CARTESIAN_POINT('Ctrl Pts',(-24.3305411253081,42.8073247794418,7.97132986052235));
#4107=CARTESIAN_POINT('Ctrl Pts',(-24.3381312479557,42.8068736217064,7.97917717712596));
#4108=CARTESIAN_POINT('Ctrl Pts',(-24.3437594596802,42.8065390801747,7.98499610276983));
#4109=CARTESIAN_POINT('Ctrl Pts',(-24.3493491020209,42.8062075820805,7.99072939124187));
#4110=CARTESIAN_POINT('Ctrl Pts',(-24.3548710262244,42.8058822656661,7.99635132193323));
#4111=CARTESIAN_POINT('Ctrl Pts',(-24.36071796039,42.805537801746,8.00230414877842));
#4112=CARTESIAN_POINT('Ctrl Pts',(-24.3664889993912,42.8052002478127,8.00813209009135));
#4113=CARTESIAN_POINT('Ctrl Pts',(-24.3721499279947,42.804870871999,8.01380396635078));
#4114=CARTESIAN_POINT('Ctrl Pts',(-24.3813410076792,42.8043360976603,8.02301282064154));
#4115=CARTESIAN_POINT('Ctrl Pts',(-24.3902390495239,42.8038231877018,8.03180672106395));
#4116=CARTESIAN_POINT('Ctrl Pts',(-24.3986954126226,42.803342266879,8.04006324919653));
#4117=CARTESIAN_POINT('Ctrl Pts',(-24.4057621141716,42.8029403773333,8.04696295530686));
#4118=CARTESIAN_POINT('Ctrl Pts',(-24.4125193666774,42.8025608012233,8.05348693979119));
#4119=CARTESIAN_POINT('Ctrl Pts',(-24.4189043955247,42.8022067271733,8.05959362462826));
#4120=CARTESIAN_POINT('Ctrl Pts',(-24.4227167700933,42.8019953165539,8.06323980548797));
#4121=CARTESIAN_POINT('Ctrl Pts',(-24.4263957758163,42.8017940706465,8.06673669245895));
#4122=CARTESIAN_POINT('Ctrl Pts',(-24.4299370988897,42.8016024744825,8.07008448646274));
#4123=CARTESIAN_POINT('Ctrl Pts',(-24.4318185033573,42.801500684877,8.07186307442688));
#4124=CARTESIAN_POINT('Ctrl Pts',(-24.4336610427284,42.8014016177516,8.07359958635671));
#4125=CARTESIAN_POINT('Ctrl Pts',(-24.4354638793359,42.8013051825023,8.07529427137666));
#4126=CARTESIAN_POINT('Ctrl Pts',(-24.4404717827057,42.8010373055309,8.08000175223577));
#4127=CARTESIAN_POINT('Ctrl Pts',(-24.445172966726,42.800789430306,8.0843867274718));
#4128=CARTESIAN_POINT('Ctrl Pts',(-24.4495887008322,42.8005592254837,8.08848599371876));
#4129=CARTESIAN_POINT('Ctrl Pts',(-24.4537132242275,42.8003442023069,8.09231491981181));
#4130=CARTESIAN_POINT('Ctrl Pts',(-24.4575900371661,42.8001445177028,8.09589570283383));
#4131=CARTESIAN_POINT('Ctrl Pts',(-24.4612753785952,42.7999565373326,8.09928889138584));
#4132=CARTESIAN_POINT('Ctrl Pts',(-24.4649601863075,42.799768584186,8.10268158853097));
#4133=CARTESIAN_POINT('Ctrl Pts',(-24.4684550780952,42.7995922448048,8.10588806663338));
#4134=CARTESIAN_POINT('Ctrl Pts',(-24.4718617033761,42.7994219695767,8.10900642668414));
#4135=CARTESIAN_POINT('Ctrl Pts',(-24.4738825557264,42.7993209602005,8.11085627652618));
#4136=CARTESIAN_POINT('Ctrl Pts',(-24.4758740012937,42.7992220092894,8.11267656051225));
#4137=CARTESIAN_POINT('Ctrl Pts',(-24.4778655104738,42.7991236293342,8.11449478204682));
#4138=CARTESIAN_POINT('',(-24.7412292185029,42.790809980433,8.3536197508185));
#4139=CARTESIAN_POINT('Ctrl Pts',(-24.4778829523768,42.7991227677243,8.11451070621863));
#4140=CARTESIAN_POINT('Ctrl Pts',(-24.4787948112147,42.7990777237219,8.11534321553662));
#4141=CARTESIAN_POINT('Ctrl Pts',(-24.4797117672152,42.7990325366578,8.11617997119051));
#4142=CARTESIAN_POINT('Ctrl Pts',(-24.4807667257734,42.7989807207146,8.11714208574107));
#4143=CARTESIAN_POINT('Ctrl Pts',(-24.48181295246,42.798929333651,8.11809623688807));
#4144=CARTESIAN_POINT('Ctrl Pts',(-24.4829924963674,42.7988715450685,8.11917146986599));
#4145=CARTESIAN_POINT('Ctrl Pts',(-24.4843895477778,42.7988034220694,8.12044404321824));
#4146=CARTESIAN_POINT('Ctrl Pts',(-24.4859301611147,42.7987282987059,8.12184738704939));
#4147=CARTESIAN_POINT('Ctrl Pts',(-24.4877326616231,42.7986407320258,8.12348829634896));
#4148=CARTESIAN_POINT('Ctrl Pts',(-24.4898539249321,42.798538434602,8.12541771136457));
#4149=CARTESIAN_POINT('Ctrl Pts',(-24.4916280120359,42.7984528796689,8.12703134899385));
#4150=CARTESIAN_POINT('Ctrl Pts',(-24.4936214984725,42.7983572005716,8.12884351469788));
#4151=CARTESIAN_POINT('Ctrl Pts',(-24.4958414716623,42.7982514579319,8.13086039414411));
#4152=CARTESIAN_POINT('Ctrl Pts',(-24.4986336926082,42.798118457761,8.13339716939031));
#4153=CARTESIAN_POINT('Ctrl Pts',(-24.5017839178792,42.7979695660332,8.13625741452298));
#4154=CARTESIAN_POINT('Ctrl Pts',(-24.5052566469961,42.7978153996923,8.13940983809462));
#4155=CARTESIAN_POINT('Ctrl Pts',(-24.5059494231046,42.7977846449879,8.14003871632283));
#4156=CARTESIAN_POINT('Ctrl Pts',(-24.506655113069,42.7977534114532,8.14067930148196));
#4157=CARTESIAN_POINT('Ctrl Pts',(-24.5073731792557,42.7977217152428,8.14133112423325));
#4158=CARTESIAN_POINT('Ctrl Pts',(-24.5106655877778,42.7975763848051,8.14431979967985));
#4159=CARTESIAN_POINT('Ctrl Pts',(-24.5142181851461,42.7974213220336,8.14754473558261));
#4160=CARTESIAN_POINT('Ctrl Pts',(-24.5179800182433,42.7972582094,8.15095968384639));
#4161=CARTESIAN_POINT('Ctrl Pts',(-24.5244069593659,42.796979538001,8.15679398612951));
#4162=CARTESIAN_POINT('Ctrl Pts',(-24.5314431460584,42.7966773801516,8.16318156575436));
#4163=CARTESIAN_POINT('Ctrl Pts',(-24.5387499759863,42.7963676704612,8.16981494885858));
#4164=CARTESIAN_POINT('Ctrl Pts',(-24.5443470952401,42.7961304291283,8.17489619977805));
#4165=CARTESIAN_POINT('Ctrl Pts',(-24.5500997703726,42.795888905355,8.18011872636429));
#4166=CARTESIAN_POINT('Ctrl Pts',(-24.5558608554671,42.7956504211995,8.18534888345458));
#4167=CARTESIAN_POINT('Ctrl Pts',(-24.5608106855617,42.7954455195134,8.18984254889093));
#4168=CARTESIAN_POINT('Ctrl Pts',(-24.5657660166823,42.7952428950599,8.19434120468751));
#4169=CARTESIAN_POINT('Ctrl Pts',(-24.5706573588472,42.7950464214372,8.19878172769738));
#4170=CARTESIAN_POINT('Ctrl Pts',(-24.5751613469803,42.794865506908,8.20287059784124));
#4171=CARTESIAN_POINT('Ctrl Pts',(-24.5796106621543,42.7946898340649,8.20690979949979));
#4172=CARTESIAN_POINT('Ctrl Pts',(-24.5839788965338,42.7945253885055,8.21087533035062));
#4173=CARTESIAN_POINT('Ctrl Pts',(-24.5844232554352,42.7945086602712,8.21127872421166));
#4174=CARTESIAN_POINT('Ctrl Pts',(-24.5848667577451,42.7944921006742,8.21168133978056));
#4175=CARTESIAN_POINT('Ctrl Pts',(-24.5853094197531,42.794475699601,8.21208319180817));
#4176=CARTESIAN_POINT('Ctrl Pts',(-24.5889749691772,42.7943398873029,8.21541080620001));
#4177=CARTESIAN_POINT('Ctrl Pts',(-24.5925829271516,42.7942149252329,8.21868608959901));
#4178=CARTESIAN_POINT('Ctrl Pts',(-24.5961423303635,42.7940946532053,8.22191725647724));
#4179=CARTESIAN_POINT('Ctrl Pts',(-24.6004956771107,42.7939475538717,8.22586915205686));
#4180=CARTESIAN_POINT('Ctrl Pts',(-24.6047744531481,42.7938075122985,8.22975329593977));
#4181=CARTESIAN_POINT('Ctrl Pts',(-24.6090463409659,42.7936715345802,8.23363114596923));
#4182=CARTESIAN_POINT('Ctrl Pts',(-24.6129335028504,42.7935478030063,8.23715975708234));
#4183=CARTESIAN_POINT('Ctrl Pts',(-24.6168205854273,42.7934272686868,8.24068826197426));
#4184=CARTESIAN_POINT('Ctrl Pts',(-24.6207655712241,42.7933078673025,8.24426930420517));
#4185=CARTESIAN_POINT('Ctrl Pts',(-24.6251732371051,42.793174462156,8.248270342098));
#4186=CARTESIAN_POINT('Ctrl Pts',(-24.6296500100847,42.7930425980225,8.25233408120187));
#4187=CARTESIAN_POINT('Ctrl Pts',(-24.6342187067735,42.7929113702928,8.25648124732738));
#4188=CARTESIAN_POINT('Ctrl Pts',(-24.6379745447563,42.7928034904914,8.25989055311324));
#4189=CARTESIAN_POINT('Ctrl Pts',(-24.6417887377393,42.7926961591009,8.26335281940445));
#4190=CARTESIAN_POINT('Ctrl Pts',(-24.645649761472,42.7925895036169,8.26685759506396));
#4191=CARTESIAN_POINT('Ctrl Pts',(-24.6507305081932,42.7924491549586,8.27146955258431));
#4192=CARTESIAN_POINT('Ctrl Pts',(-24.6558917999395,42.7923100355965,8.27615462249376));
#4193=CARTESIAN_POINT('Ctrl Pts',(-24.6610594762474,42.7921801425146,8.28084551339415));
#4194=CARTESIAN_POINT('Ctrl Pts',(-24.6617935399914,42.7921616913198,8.28151185020241));
#4195=CARTESIAN_POINT('Ctrl Pts',(-24.6625277066778,42.7921435238622,8.2821782809769));
#4196=CARTESIAN_POINT('Ctrl Pts',(-24.6632616821434,42.7921256106989,8.28284453878041));
#4197=CARTESIAN_POINT('Ctrl Pts',(-24.6689786061868,42.7919860853349,8.28803401095523));
#4198=CARTESIAN_POINT('Ctrl Pts',(-24.674684102723,42.7918620838756,8.29321314825074));
#4199=CARTESIAN_POINT('Ctrl Pts',(-24.6802380162455,42.7917464737678,8.29825471032883));
#4200=CARTESIAN_POINT('Ctrl Pts',(-24.6870108718114,42.7916054901968,8.30440276640555));
#4201=CARTESIAN_POINT('Ctrl Pts',(-24.6935530807089,42.7914770437199,8.31034148615508));
#4202=CARTESIAN_POINT('Ctrl Pts',(-24.6995936101819,42.7913646697957,8.31582480955134));
#4203=CARTESIAN_POINT('Ctrl Pts',(-24.7041769786999,42.7912794039082,8.3199853871862));
#4204=CARTESIAN_POINT('Ctrl Pts',(-24.708470537964,42.7912034122704,8.32388289251226));
#4205=CARTESIAN_POINT('Ctrl Pts',(-24.7123812710492,42.791137772349,8.32743288410904));
#4206=CARTESIAN_POINT('Ctrl Pts',(-24.7159107524824,42.7910785315676,8.33063679221419));
#4207=CARTESIAN_POINT('Ctrl Pts',(-24.7191279418195,42.7910277320825,8.33355721477933));
#4208=CARTESIAN_POINT('Ctrl Pts',(-24.7219964568862,42.790985557129,8.33616112539463));
#4209=CARTESIAN_POINT('Ctrl Pts',(-24.7246200652127,42.7909469829689,8.3385427205451));
#4210=CARTESIAN_POINT('Ctrl Pts',(-24.7269518396941,42.7909156267809,8.34065940120355));
#4211=CARTESIAN_POINT('Ctrl Pts',(-24.7289960588651,42.790891011965,8.34251505145544));
#4212=CARTESIAN_POINT('Ctrl Pts',(-24.7309532582279,42.7908674449705,8.34429170903792));
#4213=CARTESIAN_POINT('Ctrl Pts',(-24.7326466223909,42.7908500624156,8.34582886831405));
#4214=CARTESIAN_POINT('Ctrl Pts',(-24.7341137399574,42.7908377932101,8.34716065066023));
#4215=CARTESIAN_POINT('Ctrl Pts',(-24.7355354333888,42.7908259038774,8.34845119905027));
#4216=CARTESIAN_POINT('Ctrl Pts',(-24.7367444516242,42.790818820676,8.34954869004444));
#4217=CARTESIAN_POINT('Ctrl Pts',(-24.7378108553313,42.7908150434206,8.35051672169899));
#4218=CARTESIAN_POINT('Ctrl Pts',(-24.7388383196023,42.7908114040907,8.35144940594578));
#4219=CARTESIAN_POINT('Ctrl Pts',(-24.7397332804326,42.7908104377212,8.35226180928646));
#4220=CARTESIAN_POINT('Ctrl Pts',(-24.7405945555952,42.7908101036648,8.35304363401422));
#4221=CARTESIAN_POINT('Ctrl Pts',(-24.7408073631518,42.7908100211247,8.35323681061709));
#4222=CARTESIAN_POINT('Ctrl Pts',(-24.7410182972232,42.790809980433,8.35342828653543));
#4223=CARTESIAN_POINT('Ctrl Pts',(-24.7412292185029,42.790809980433,8.35361975081845));
#4224=CARTESIAN_POINT('Origin',(-24.4051642390432,42.790809980433,8.72383634901574));
#4225=CARTESIAN_POINT('Ctrl Pts',(-23.8286391718462,43.1731308493869,7.53686681400389));
#4226=CARTESIAN_POINT('Ctrl Pts',(-23.8751255081797,43.152940645113,7.56960970527397));
#4227=CARTESIAN_POINT('Ctrl Pts',(-23.9610844773265,43.1064548476219,7.6266497728992));
#4228=CARTESIAN_POINT('Ctrl Pts',(-24.0541739522208,42.9903124462213,7.66837337280088));
#4229=CARTESIAN_POINT('Ctrl Pts',(-24.0757962720302,42.8714945648162,7.66840419334143));
#4230=CARTESIAN_POINT('Ctrl Pts',(-24.0816570756098,42.8148384785783,7.67633396139349));
#4231=CARTESIAN_POINT('Ctrl Pts',(-23.8271169286589,43.1665483282748,7.52230239837804));
#4232=CARTESIAN_POINT('Ctrl Pts',(-23.8713905101642,43.1464221952593,7.55351260334673));
#4233=CARTESIAN_POINT('Ctrl Pts',(-23.9534794128951,43.1002490855048,7.60825647430157));
#4234=CARTESIAN_POINT('Ctrl Pts',(-24.0403286658232,42.9853034076333,7.64682601590798));
#4235=CARTESIAN_POINT('Ctrl Pts',(-24.0571890894986,42.8696797955452,7.64303366507483));
#4236=CARTESIAN_POINT('Ctrl Pts',(-24.060790099516,42.8146322466197,7.64810013140811));
#4237=CARTESIAN_POINT('Ctrl Pts',(-23.8229982663561,43.1528935909193,7.492292805375));
#4238=CARTESIAN_POINT('Ctrl Pts',(-23.8631972461108,43.1329675305372,7.52072337331133));
#4239=CARTESIAN_POINT('Ctrl Pts',(-23.9378095498233,43.0874809911613,7.57085424143441));
#4240=CARTESIAN_POINT('Ctrl Pts',(-24.0120817724415,42.9749862397366,7.60216865063257));
#4241=CARTESIAN_POINT('Ctrl Pts',(-24.0203963496011,42.8658924136429,7.59122216935394));
#4242=CARTESIAN_POINT('Ctrl Pts',(-24.0200451336152,42.8138633679064,7.590895476119));
#4243=CARTESIAN_POINT('Ctrl Pts',(-23.8129654277685,43.1303946773828,7.4427451905024));
#4244=CARTESIAN_POINT('Ctrl Pts',(-23.8477484477702,43.1108962218706,7.46746561673141));
#4245=CARTESIAN_POINT('Ctrl Pts',(-23.9116058628087,43.0664159782895,7.51027565337712));
#4246=CARTESIAN_POINT('Ctrl Pts',(-23.9672966536771,42.9578847809587,7.52889472431342));
#4247=CARTESIAN_POINT('Ctrl Pts',(-23.9664628865773,42.858590522061,7.50991360320429));
#4248=CARTESIAN_POINT('Ctrl Pts',(-23.9620082905317,42.8104416498904,7.50304617268135));
#4249=CARTESIAN_POINT('Ctrl Pts',(-23.7980858548271,43.1048585608306,7.38614238959333));
#4250=CARTESIAN_POINT('Ctrl Pts',(-23.827883589253,43.0858007825049,7.40730103136508));
#4251=CARTESIAN_POINT('Ctrl Pts',(-23.8811564513885,43.0420680886337,7.44208713994571));
#4252=CARTESIAN_POINT('Ctrl Pts',(-23.9197745968248,42.9379228176512,7.44806450046925));
#4253=CARTESIAN_POINT('Ctrl Pts',(-23.9139058346774,42.8480760136162,7.42472184924181));
#4254=CARTESIAN_POINT('Ctrl Pts',(-23.9071707159335,42.8033151486463,7.41334209949304));
#4255=CARTESIAN_POINT('Ctrl Pts',(-23.7768976625023,43.0751542538831,7.31905607707233));
#4256=CARTESIAN_POINT('Ctrl Pts',(-23.8019753459616,43.05651595643,7.33661552319338));
#4257=CARTESIAN_POINT('Ctrl Pts',(-23.8447973579401,43.013323855858,7.36276212552697));
#4258=CARTESIAN_POINT('Ctrl Pts',(-23.8698686353727,42.9148760425017,7.3591505136868));
#4259=CARTESIAN_POINT('Ctrl Pts',(-23.8629915892015,42.8339427779584,7.33558217992259));
#4260=CARTESIAN_POINT('Ctrl Pts',(-23.8556805483431,42.7922995916409,7.32209948649752));
#4261=CARTESIAN_POINT('Ctrl Pts',(-23.7475501779876,43.040023232222,7.23725060397092));
#4262=CARTESIAN_POINT('Ctrl Pts',(-23.7682046444146,43.021832063726,7.25129002151225));
#4263=CARTESIAN_POINT('Ctrl Pts',(-23.8014281088692,42.9793322163615,7.26935457963402));
#4264=CARTESIAN_POINT('Ctrl Pts',(-23.8188820601944,42.8886340928931,7.26279958585976));
#4265=CARTESIAN_POINT('Ctrl Pts',(-23.814083372271,42.8158173609037,7.24258667825617));
#4266=CARTESIAN_POINT('Ctrl Pts',(-23.807618254789,42.7774181251603,7.22952624757528));
#4267=CARTESIAN_POINT('Ctrl Pts',(-23.7085910029673,42.9992974451369,7.13707731213491));
#4268=CARTESIAN_POINT('Ctrl Pts',(-23.7255715562362,42.9818815292635,7.14832989358099));
#4269=CARTESIAN_POINT('Ctrl Pts',(-23.7518072535799,42.9412645081491,7.1614436997161));
#4270=CARTESIAN_POINT('Ctrl Pts',(-23.7687643066636,42.8605956618281,7.16031404172935));
#4271=CARTESIAN_POINT('Ctrl Pts',(-23.7675152631696,42.7944733872003,7.14579753949512));
#4272=CARTESIAN_POINT('Ctrl Pts',(-23.7629997993996,42.7591075583918,7.13574311434564));
#4273=CARTESIAN_POINT('Ctrl Pts',(-23.6619751055858,42.9532759698196,7.02102878011721));
#4274=CARTESIAN_POINT('Ctrl Pts',(-23.6768163812172,42.9366765767839,7.03113041336251));
#4275=CARTESIAN_POINT('Ctrl Pts',(-23.7004208187268,42.8982546077348,7.04444421395347));
#4276=CARTESIAN_POINT('Ctrl Pts',(-23.722068811368,42.8254181758817,7.05447975870801));
#4277=CARTESIAN_POINT('Ctrl Pts',(-23.7243589695952,42.7638954103037,7.04719502987762));
#4278=CARTESIAN_POINT('Ctrl Pts',(-23.7224603262655,42.7315594990039,7.04241533938768));
#4279=CARTESIAN_POINT('Ctrl Pts',(-23.6156314653982,42.9022778079955,6.90234658076795));
#4280=CARTESIAN_POINT('Ctrl Pts',(-23.6297032465267,42.8852224954555,6.91151667090441));
#4281=CARTESIAN_POINT('Ctrl Pts',(-23.6538268178089,42.8469952901687,6.92679532572287));
#4282=CARTESIAN_POINT('Ctrl Pts',(-23.6794948560082,42.7786928583361,6.94554458449335));
#4283=CARTESIAN_POINT('Ctrl Pts',(-23.6851829744632,42.7233293372873,6.94814463794135));
#4284=CARTESIAN_POINT('Ctrl Pts',(-23.6860753997132,42.6951539230262,6.95027053780088));
#4285=CARTESIAN_POINT('Ctrl Pts',(-23.5893866949986,42.8647026050774,6.82711641530683));
#4286=CARTESIAN_POINT('Ctrl Pts',(-23.6030922301685,42.8457296644795,6.83412906199401));
#4287=CARTESIAN_POINT('Ctrl Pts',(-23.6273581800804,42.8053104230315,6.84838309678105));
#4288=CARTESIAN_POINT('Ctrl Pts',(-23.6530231953985,42.7378422914284,6.86966173476739));
#4289=CARTESIAN_POINT('Ctrl Pts',(-23.6621180732166,42.6888462250908,6.88331410087705));
#4290=CARTESIAN_POINT('Ctrl Pts',(-23.6648060255194,42.6641817276893,6.89084618188974));
#4291=CARTESIAN_POINT('Ctrl Pts',(-23.5767703548912,42.8434110610243,6.78814056906054));
#4292=CARTESIAN_POINT('Ctrl Pts',(-23.5903143927311,42.8230848703543,6.79390915139152));
#4293=CARTESIAN_POINT('Ctrl Pts',(-23.6144106674892,42.7809447487529,6.8072274299309));
#4294=CARTESIAN_POINT('Ctrl Pts',(-23.6407621585172,42.7147011108445,6.83209630196385));
#4295=CARTESIAN_POINT('Ctrl Pts',(-23.6514034870804,42.6695161845477,6.85156117830579));
#4296=CARTESIAN_POINT('Ctrl Pts',(-23.6549323880876,42.6469236053532,6.86190495678821));
#4297=CARTESIAN_POINT('',(-23.5767703552108,42.8434110605446,6.78814056919669));
#4298=CARTESIAN_POINT('Ctrl Pts',(-23.8286391718462,43.1731308493869,7.53686681400389));
#4299=CARTESIAN_POINT('Ctrl Pts',(-23.8271169286589,43.1665483282748,7.52230239837804));
#4300=CARTESIAN_POINT('Ctrl Pts',(-23.8229982663561,43.1528935909193,7.492292805375));
#4301=CARTESIAN_POINT('Ctrl Pts',(-23.8129654277685,43.1303946773828,7.4427451905024));
#4302=CARTESIAN_POINT('Ctrl Pts',(-23.7980858548271,43.1048585608306,7.38614238959333));
#4303=CARTESIAN_POINT('Ctrl Pts',(-23.7768976625023,43.0751542538831,7.31905607707233));
#4304=CARTESIAN_POINT('Ctrl Pts',(-23.7475501779876,43.040023232222,7.23725060397092));
#4305=CARTESIAN_POINT('Ctrl Pts',(-23.7085910029673,42.9992974451369,7.13707731213491));
#4306=CARTESIAN_POINT('Ctrl Pts',(-23.6619751055858,42.9532759698196,7.02102878011721));
#4307=CARTESIAN_POINT('Ctrl Pts',(-23.6156314653982,42.9022778079955,6.90234658076795));
#4308=CARTESIAN_POINT('Ctrl Pts',(-23.5893866949986,42.8647026050774,6.82711641530683));
#4309=CARTESIAN_POINT('Ctrl Pts',(-23.5767703548912,42.8434110610243,6.78814056906054));
#4310=CARTESIAN_POINT('',(-23.6549323880876,42.6469236053532,6.86190495678821));
#4311=CARTESIAN_POINT('Origin',(-23.1817138144951,42.6469236053532,7.02334900779988));
#4312=CARTESIAN_POINT('Ctrl Pts',(-23.6549323880876,42.6469236053532,6.86190495678821));
#4313=CARTESIAN_POINT('Ctrl Pts',(-23.6561872471737,42.6491169724655,6.86558315132713));
#4314=CARTESIAN_POINT('Ctrl Pts',(-23.657450746814,42.6513121505551,6.86926370758888));
#4315=CARTESIAN_POINT('Ctrl Pts',(-23.6587720627857,42.6535532331901,6.87308703811998));
#4316=CARTESIAN_POINT('Ctrl Pts',(-23.6601125400413,42.6558268152587,6.87696581331628));
#4317=CARTESIAN_POINT('Ctrl Pts',(-23.6615124100883,42.6581474695105,6.88099105433607));
#4318=CARTESIAN_POINT('Ctrl Pts',(-23.6630062570463,42.6605404020216,6.88525409108825));
#4319=CARTESIAN_POINT('Ctrl Pts',(-23.6645809276003,42.6630628025544,6.88974777660803));
#4320=CARTESIAN_POINT('Ctrl Pts',(-23.6662599700704,42.6656654200664,6.89450541268137));
#4321=CARTESIAN_POINT('Ctrl Pts',(-23.6680665203707,42.6683566963207,6.8995783645753));
#4322=CARTESIAN_POINT('Ctrl Pts',(-23.6700060670759,42.6712461016094,6.90502478205379));
#4323=CARTESIAN_POINT('Ctrl Pts',(-23.6720925242594,42.6742375706535,6.91083426857175));
#4324=CARTESIAN_POINT('Ctrl Pts',(-23.6743358078219,42.6773195358343,6.91701284340636));
#4325=CARTESIAN_POINT('Ctrl Pts',(-23.6768366889845,42.6807554049296,6.92390090770359));
#4326=CARTESIAN_POINT('Ctrl Pts',(-23.6795307494277,42.6843253425659,6.9312425684073));
#4327=CARTESIAN_POINT('Ctrl Pts',(-23.6824119365988,42.687995208499,6.93898940901627));
#4328=CARTESIAN_POINT('Ctrl Pts',(-23.6838368888766,42.6898102186007,6.94282077349062));
#4329=CARTESIAN_POINT('Ctrl Pts',(-23.6853078907697,42.691640949921,6.94675197157268));
#4330=CARTESIAN_POINT('Ctrl Pts',(-23.6868222105901,42.6934784701883,6.95077191575423));
#4331=CARTESIAN_POINT('Ctrl Pts',(-23.6910326233132,42.6985875089845,6.96194896296716));
#4332=CARTESIAN_POINT('Ctrl Pts',(-23.6955794773386,42.7037460464974,6.97381400934131));
#4333=CARTESIAN_POINT('Ctrl Pts',(-23.7003884028603,42.7087922428958,6.98610831501459));
#4334=CARTESIAN_POINT('Ctrl Pts',(-23.7023200631347,42.7108192106822,6.99104672002057));
#4335=CARTESIAN_POINT('Ctrl Pts',(-23.7042940059969,42.7128287752786,6.9960547071339));
#4336=CARTESIAN_POINT('Ctrl Pts',(-23.7063050114477,42.7148128923692,7.00111587049259));
#4337=CARTESIAN_POINT('Ctrl Pts',(-23.7098751465518,42.7183352926057,7.01010094657353));
#4338=CARTESIAN_POINT('Ctrl Pts',(-23.7135614141039,42.7217763487765,7.01925185653225));
#4339=CARTESIAN_POINT('Ctrl Pts',(-23.7173523337623,42.7251674593564,7.02852558423347));
#4340=CARTESIAN_POINT('Ctrl Pts',(-23.7192620243031,42.7268757445169,7.03319726067728));
#4341=CARTESIAN_POINT('Ctrl Pts',(-23.7211977647154,42.7285581780136,7.03789893950784));
#4342=CARTESIAN_POINT('Ctrl Pts',(-23.7231601933043,42.730211486478,7.04263047946488));
#4343=CARTESIAN_POINT('Ctrl Pts',(-23.7246888483808,42.731499349074,7.0463161639354));
#4344=CARTESIAN_POINT('Ctrl Pts',(-23.7262336943234,42.7327695350859,7.05001995718784));
#4345=CARTESIAN_POINT('Ctrl Pts',(-23.7277950469585,42.7340199349384,7.0537419316033));
#4346=CARTESIAN_POINT('Ctrl Pts',(-23.7311223989603,42.7366846247457,7.06167372019676));
#4347=CARTESIAN_POINT('Ctrl Pts',(-23.7345243532068,42.7392600950321,7.06968756978363));
#4348=CARTESIAN_POINT('Ctrl Pts',(-23.7380212965741,42.7417477619315,7.07782326978533));
#4349=CARTESIAN_POINT('Ctrl Pts',(-23.7421773206346,42.7447042877892,7.08749233256495));
#4350=CARTESIAN_POINT('Ctrl Pts',(-23.7464668536354,42.7475362670885,7.09733305769579));
#4351=CARTESIAN_POINT('Ctrl Pts',(-23.7509636082415,42.750277585701,7.10749104419201));
#4352=CARTESIAN_POINT('Ctrl Pts',(-23.7547486171274,42.7525850087686,7.11604122593826));
#4353=CARTESIAN_POINT('Ctrl Pts',(-23.7586849585267,42.7548530785471,7.124825858704));
#4354=CARTESIAN_POINT('Ctrl Pts',(-23.7628049925329,42.7570945564256,7.13389543732187));
#4355=CARTESIAN_POINT('Ctrl Pts',(-23.7630956471461,42.7572526851898,7.13453526574582));
#4356=CARTESIAN_POINT('Ctrl Pts',(-23.7633871912383,42.7574104944219,7.13517645488613));
#4357=CARTESIAN_POINT('Ctrl Pts',(-23.7636796297755,42.7575679762886,7.13581900739092));
#4358=CARTESIAN_POINT('Ctrl Pts',(-23.7686559012765,42.7602477616987,7.1467529826072));
#4359=CARTESIAN_POINT('Ctrl Pts',(-23.7738917312926,42.762831825919,7.15808340217418));
#4360=CARTESIAN_POINT('Ctrl Pts',(-23.7794058856171,42.7653319219461,7.16981000209804));
#4361=CARTESIAN_POINT('Ctrl Pts',(-23.7839926300802,42.7674115339653,7.17956433868449));
#4362=CARTESIAN_POINT('Ctrl Pts',(-23.7887701289058,42.7694321592897,7.18958857553037));
#4363=CARTESIAN_POINT('Ctrl Pts',(-23.7937356223624,42.7714051489043,7.19985276240188));
#4364=CARTESIAN_POINT('Ctrl Pts',(-23.7983926634204,42.7732555780152,7.20947934636704));
#4365=CARTESIAN_POINT('Ctrl Pts',(-23.8032157980274,42.7750643769571,7.21931832310382));
#4366=CARTESIAN_POINT('Ctrl Pts',(-23.8081924015247,42.7768476713694,7.22932494780821));
#4367=CARTESIAN_POINT('Ctrl Pts',(-23.8103692919899,42.7776277288132,7.23370209497677));
#4368=CARTESIAN_POINT('Ctrl Pts',(-23.8125755175247,42.7784030513625,7.23811129110854));
#4369=CARTESIAN_POINT('Ctrl Pts',(-23.8148101952461,42.7791724776763,7.24254944667257));
#4370=CARTESIAN_POINT('Ctrl Pts',(-23.8239670273414,42.7823252846773,7.26073526600659));
#4371=CARTESIAN_POINT('Ctrl Pts',(-23.8335926372508,42.785357660376,7.27938429838286));
#4372=CARTESIAN_POINT('Ctrl Pts',(-23.8435410570906,42.7881920807237,7.29815423092264));
#4373=CARTESIAN_POINT('Ctrl Pts',(-23.8477255309202,42.7893842859139,7.30604918235818));
#4374=CARTESIAN_POINT('Ctrl Pts',(-23.8519659557646,42.7905403619299,7.31396412648686));
#4375=CARTESIAN_POINT('Ctrl Pts',(-23.8562518606825,42.791655273395,7.32187771550973));
#4376=CARTESIAN_POINT('Ctrl Pts',(-23.8607118096539,42.7928154597122,7.33011266329767));
#4377=CARTESIAN_POINT('Ctrl Pts',(-23.8652210137099,42.7939310583842,7.33834613981301));
#4378=CARTESIAN_POINT('Ctrl Pts',(-23.8697665485325,42.7949987406583,7.34655415401802));
#4379=CARTESIAN_POINT('Ctrl Pts',(-23.8770696899445,42.7967141459813,7.35974166457272));
#4380=CARTESIAN_POINT('Ctrl Pts',(-23.8844679663423,42.798311839209,7.37286568499805));
#4381=CARTESIAN_POINT('Ctrl Pts',(-23.8919274285119,42.7997946689382,7.38587010562837));
#4382=CARTESIAN_POINT('Ctrl Pts',(-23.8971696217049,42.8008367386928,7.39500906012094));
#4383=CARTESIAN_POINT('Ctrl Pts',(-23.9024406306427,42.801815502679,7.40408679837072));
#4384=CARTESIAN_POINT('Ctrl Pts',(-23.9077376154842,42.8027294889386,7.41310099390157));
#4385=CARTESIAN_POINT('Ctrl Pts',(-23.9095481370008,42.8030418915296,7.41618206652157));
#4386=CARTESIAN_POINT('Ctrl Pts',(-23.9113616940197,42.8033467248507,7.41925571840341));
#4387=CARTESIAN_POINT('Ctrl Pts',(-23.9131781644037,42.8036439620298,7.42232184761119));
#4388=CARTESIAN_POINT('Ctrl Pts',(-23.9196982917574,42.8047108796514,7.43332756127118));
#4389=CARTESIAN_POINT('Ctrl Pts',(-23.9262557932714,42.8056796748001,7.44423645242647));
#4390=CARTESIAN_POINT('Ctrl Pts',(-23.9328707522848,42.8065546493615,7.4550850538498));
#4391=CARTESIAN_POINT('Ctrl Pts',(-23.941999694202,42.8077621537367,7.4700566133222));
#4392=CARTESIAN_POINT('Ctrl Pts',(-23.9512379101183,42.8087905982024,7.48491527579501));
#4393=CARTESIAN_POINT('Ctrl Pts',(-23.9607203218989,42.8096734561511,7.49986870592518));
#4394=CARTESIAN_POINT('Ctrl Pts',(-23.9613268527077,42.8097299270741,7.50082518369482));
#4395=CARTESIAN_POINT('Ctrl Pts',(-23.9619344008491,42.8097859119946,7.50178206648324));
#4396=CARTESIAN_POINT('Ctrl Pts',(-23.9625429834567,42.8098414028056,7.50273937525318));
#4397=CARTESIAN_POINT('Ctrl Pts',(-23.96898301762,42.8104286077535,7.51286963712051));
#4398=CARTESIAN_POINT('Ctrl Pts',(-23.9755387008149,42.8109606224543,7.52304757323764));
#4399=CARTESIAN_POINT('Ctrl Pts',(-23.9822317534482,42.8114352191269,7.53329902665352));
#4400=CARTESIAN_POINT('Ctrl Pts',(-23.9903839464182,42.8120132817644,7.54578538094483));
#4401=CARTESIAN_POINT('Ctrl Pts',(-23.9987399883393,42.8125021978189,7.55838051515784));
#4402=CARTESIAN_POINT('Ctrl Pts',(-24.0073056343668,42.8129140103899,7.57107669322367));
#4403=CARTESIAN_POINT('Ctrl Pts',(-24.0116702650181,42.8131238497603,7.57754603923248));
#4404=CARTESIAN_POINT('Ctrl Pts',(-24.0160890809459,42.8133136912814,7.58404122825981));
#4405=CARTESIAN_POINT('Ctrl Pts',(-24.0205585679098,42.8134853012487,7.59055508936834));
#4406=CARTESIAN_POINT('Ctrl Pts',(-24.0282073298069,42.8137789823333,7.60170244767853));
#4407=CARTESIAN_POINT('Ctrl Pts',(-24.0360063334719,42.8140192005213,7.61290689224998));
#4408=CARTESIAN_POINT('Ctrl Pts',(-24.0439300986456,42.8142143968495,7.62412417595178));
#4409=CARTESIAN_POINT('Ctrl Pts',(-24.0539900770322,42.8144622172732,7.63836559138043));
#4410=CARTESIAN_POINT('Ctrl Pts',(-24.0642490848406,42.8146372838126,7.6526239258311));
#4411=CARTESIAN_POINT('Ctrl Pts',(-24.0746229674855,42.8147617008296,7.66677703206565));
#4412=CARTESIAN_POINT('Ctrl Pts',(-24.0769623063606,42.8147897572068,7.66996859618407));
#4413=CARTESIAN_POINT('Ctrl Pts',(-24.0793073124577,42.8148152552941,7.6731546395477));
#4414=CARTESIAN_POINT('Ctrl Pts',(-24.0816568238614,42.8148384760902,7.676333620768));
#4415=CARTESIAN_POINT('Ctrl Pts',(-23.8286391718462,43.1731308493869,7.53686681400389));
#4416=CARTESIAN_POINT('Ctrl Pts',(-23.8271169286589,43.1665483282748,7.52230239837804));
#4417=CARTESIAN_POINT('Ctrl Pts',(-23.8229982663561,43.1528935909193,7.492292805375));
#4418=CARTESIAN_POINT('Ctrl Pts',(-23.8129654277685,43.1303946773828,7.4427451905024));
#4419=CARTESIAN_POINT('Ctrl Pts',(-23.7980858548271,43.1048585608306,7.38614238959333));
#4420=CARTESIAN_POINT('Ctrl Pts',(-23.7768976625023,43.0751542538831,7.31905607707233));
#4421=CARTESIAN_POINT('Ctrl Pts',(-23.7475501779876,43.040023232222,7.23725060397092));
#4422=CARTESIAN_POINT('Ctrl Pts',(-23.7085910029673,42.9992974451369,7.13707731213491));
#4423=CARTESIAN_POINT('Ctrl Pts',(-23.6619751055858,42.9532759698196,7.02102878011721));
#4424=CARTESIAN_POINT('Ctrl Pts',(-23.6156314653982,42.9022778079955,6.90234658076795));
#4425=CARTESIAN_POINT('Ctrl Pts',(-23.5893866949986,42.8647026050774,6.82711641530683));
#4426=CARTESIAN_POINT('Ctrl Pts',(-23.5767703548912,42.8434110610243,6.78814056906054));
#4427=CARTESIAN_POINT('Ctrl Pts',(-23.7775861059508,43.1735734903243,7.46043067585626));
#4428=CARTESIAN_POINT('Ctrl Pts',(-23.7773638170099,43.167151009485,7.44812499106415));
#4429=CARTESIAN_POINT('Ctrl Pts',(-23.7755694037077,43.1537633407111,7.42198573981837));
#4430=CARTESIAN_POINT('Ctrl Pts',(-23.7684731537475,43.1312592588963,7.37686625174804));
#4431=CARTESIAN_POINT('Ctrl Pts',(-23.7562233123577,43.1054669298091,7.32380487705959));
#4432=CARTESIAN_POINT('Ctrl Pts',(-23.7376588202537,43.0757041401344,7.26000253278436));
#4433=CARTESIAN_POINT('Ctrl Pts',(-23.7114001797532,43.041053489313,7.18224751419239));
#4434=CARTESIAN_POINT('Ctrl Pts',(-23.6767583241489,43.0021451327757,7.08869319669477));
#4435=CARTESIAN_POINT('Ctrl Pts',(-23.6364580954523,42.9587762614638,6.98417456095497));
#4436=CARTESIAN_POINT('Ctrl Pts',(-23.5970414255346,42.9133321908828,6.8806158106302));
#4437=CARTESIAN_POINT('Ctrl Pts',(-23.5742793442611,42.8813098185583,6.81577311903673));
#4438=CARTESIAN_POINT('Ctrl Pts',(-23.5632263170512,42.8637372516943,6.78237198672956));
#4439=CARTESIAN_POINT('Ctrl Pts',(-23.6857158226646,43.1714226929173,7.31857927523581));
#4440=CARTESIAN_POINT('Ctrl Pts',(-23.6867568029741,43.1648812361471,7.30882096817601));
#4441=CARTESIAN_POINT('Ctrl Pts',(-23.6871875107241,43.1510132466122,7.28700942742774));
#4442=CARTESIAN_POINT('Ctrl Pts',(-23.6828186889837,43.1276063548696,7.24659752604359));
#4443=CARTESIAN_POINT('Ctrl Pts',(-23.6731322089226,43.1012360944571,7.19727384869829));
#4444=CARTESIAN_POINT('Ctrl Pts',(-23.6577235454325,43.0715168361463,7.13772471287876));
#4445=CARTESIAN_POINT('Ctrl Pts',(-23.6365001980991,43.0388804981764,7.06756755357807));
#4446=CARTESIAN_POINT('Ctrl Pts',(-23.6106996903618,43.0037156838968,6.98976065884971));
#4447=CARTESIAN_POINT('Ctrl Pts',(-23.5832879476875,42.9680399149047,6.91136515189434));
#4448=CARTESIAN_POINT('Ctrl Pts',(-23.5573387548827,42.935138495417,6.83952314992241));
#4449=CARTESIAN_POINT('Ctrl Pts',(-23.541264118186,42.913892685535,6.79533193765974));
#4450=CARTESIAN_POINT('Ctrl Pts',(-23.5331467187236,42.9029014751535,6.77261605446561));
#4451=CARTESIAN_POINT('Ctrl Pts',(-23.5124008067373,43.1339517016385,7.04271207331039));
#4452=CARTESIAN_POINT('Ctrl Pts',(-23.5149390130814,43.1273366554442,7.03556654254781));
#4453=CARTESIAN_POINT('Ctrl Pts',(-23.5190687332607,43.1136527040972,7.01978744338896));
#4454=CARTESIAN_POINT('Ctrl Pts',(-23.5225973254223,43.0919032850744,6.99197595513349));
#4455=CARTESIAN_POINT('Ctrl Pts',(-23.5235684411886,43.0692515748862,6.96055227127449));
#4456=CARTESIAN_POINT('Ctrl Pts',(-23.5221033230493,43.0462585471596,6.92654092284922));
#4457=CARTESIAN_POINT('Ctrl Pts',(-23.5183174703431,43.0237132719341,6.89159830670273));
#4458=CARTESIAN_POINT('Ctrl Pts',(-23.5122885152353,43.0029555530957,6.85759620164326));
#4459=CARTESIAN_POINT('Ctrl Pts',(-23.5040286008045,42.9850545648593,6.82575051260371));
#4460=CARTESIAN_POINT('Ctrl Pts',(-23.4932763694367,42.9697351938969,6.79528911904188));
#4461=CARTESIAN_POINT('Ctrl Pts',(-23.4844408017626,42.9604193870314,6.77407268539246));
#4462=CARTESIAN_POINT('Ctrl Pts',(-23.4800733392434,42.9558545702261,6.76365683844468));
#4463=CARTESIAN_POINT('Ctrl Pts',(-23.4330563201428,43.106180178144,6.91676899385089));
#4464=CARTESIAN_POINT('Ctrl Pts',(-23.4371206692399,43.1012837842467,6.91384553888405));
#4465=CARTESIAN_POINT('Ctrl Pts',(-23.4444628127489,43.0912644447559,6.90697866027761));
#4466=CARTESIAN_POINT('Ctrl Pts',(-23.4529920583213,43.0758490807625,6.89390171753072));
#4467=CARTESIAN_POINT('Ctrl Pts',(-23.458914989569,43.0603946488733,6.87840612331797));
#4468=CARTESIAN_POINT('Ctrl Pts',(-23.4621134884629,43.0453084582333,6.86093475146044));
#4469=CARTESIAN_POINT('Ctrl Pts',(-23.4624584376098,43.0310578742845,6.84200160075749));
#4470=CARTESIAN_POINT('Ctrl Pts',(-23.4600283056214,43.0180417847073,6.82221662331163));
#4471=CARTESIAN_POINT('Ctrl Pts',(-23.4551549436819,43.0064810368921,6.80217932562205));
#4472=CARTESIAN_POINT('Ctrl Pts',(-23.4483134693968,42.9962085735558,6.7820953757953));
#4473=CARTESIAN_POINT('Ctrl Pts',(-23.4429042879464,42.9897254533314,6.76842933113428));
#4474=CARTESIAN_POINT('Ctrl Pts',(-23.4401894580343,42.986495262523,6.76160236909331));
#4475=CARTESIAN_POINT('Ctrl Pts',(-23.3976265200587,43.0933151823104,6.86723255209322));
#4476=CARTESIAN_POINT('Ctrl Pts',(-23.4014992624771,43.0894406885648,6.86551530393462));
#4477=CARTESIAN_POINT('Ctrl Pts',(-23.4087404722839,43.0815060175948,6.86137227396924));
#4478=CARTESIAN_POINT('Ctrl Pts',(-23.4177797873219,43.0694091344519,6.85324015789567));
#4479=CARTESIAN_POINT('Ctrl Pts',(-23.424743102632,43.0574659766456,6.84343116363635));
#4480=CARTESIAN_POINT('Ctrl Pts',(-23.429414318441,43.0459993469734,6.83218509090081));
#4481=CARTESIAN_POINT('Ctrl Pts',(-23.4316000039781,43.0352966271889,6.81971447896828));
#4482=CARTESIAN_POINT('Ctrl Pts',(-23.4313413100586,43.0255104222775,6.80626278488786));
#4483=CARTESIAN_POINT('Ctrl Pts',(-23.4289047249897,43.016656776751,6.79209358312883));
#4484=CARTESIAN_POINT('Ctrl Pts',(-23.424696105733,43.0084942280551,6.77724918144945));
#4485=CARTESIAN_POINT('Ctrl Pts',(-23.4211358331451,43.0031560650073,6.76680782231852));
#4486=CARTESIAN_POINT('Ctrl Pts',(-23.4193476403904,43.0004769959465,6.76156634070679));
#4487=CARTESIAN_POINT('',(-23.3976265204267,43.0933151819422,6.86723255193004));
#4488=CARTESIAN_POINT('Ctrl Pts',(-23.8286391714122,43.1731308475104,7.53686680985199));
#4489=CARTESIAN_POINT('Ctrl Pts',(-23.7775861058875,43.1735734884935,7.46043067234826));
#4490=CARTESIAN_POINT('Ctrl Pts',(-23.6857158229614,43.1714226910525,7.318579272454));
#4491=CARTESIAN_POINT('Ctrl Pts',(-23.5124008074608,43.1339516997528,7.0427120712734));
#4492=CARTESIAN_POINT('Ctrl Pts',(-23.4330563213014,43.1061801767482,6.9167689930175));
#4493=CARTESIAN_POINT('Ctrl Pts',(-23.3976265211627,43.0933151812059,6.86723255160368));
#4494=CARTESIAN_POINT('',(-23.4193476403904,43.0004769959465,6.76156634070679));
#4495=CARTESIAN_POINT('Ctrl Pts',(-23.3976265204267,43.0933151819422,6.86723255193004));
#4496=CARTESIAN_POINT('Ctrl Pts',(-23.4014992453479,43.0894407056798,6.8655153115005));
#4497=CARTESIAN_POINT('Ctrl Pts',(-23.4051198801488,43.0854733596135,6.86344380936648));
#4498=CARTESIAN_POINT('Ctrl Pts',(-23.4084367572174,43.0814735476731,6.86105272330879));
#4499=CARTESIAN_POINT('Ctrl Pts',(-23.4100912535867,43.0794783955476,6.8598600221265));
#4500=CARTESIAN_POINT('Ctrl Pts',(-23.4116701714734,43.077475165672,6.8585878049085));
#4501=CARTESIAN_POINT('Ctrl Pts',(-23.4131682630329,43.0754710745708,6.85724105426612));
#4502=CARTESIAN_POINT('Ctrl Pts',(-23.4146735138335,43.0734574061035,6.85588786762695));
#4503=CARTESIAN_POINT('Ctrl Pts',(-23.4160971459977,43.0714428689799,6.85445941830747));
#4504=CARTESIAN_POINT('Ctrl Pts',(-23.4174338592214,43.06943476845,6.85296076112785));
#4505=CARTESIAN_POINT('Ctrl Pts',(-23.4204338847311,43.0649279283071,6.84959727994903));
#4506=CARTESIAN_POINT('Ctrl Pts',(-23.4229960484305,43.0604536019452,6.84588024052765));
#4507=CARTESIAN_POINT('Ctrl Pts',(-23.4250694006725,43.0560879488338,6.84186625119202));
#4508=CARTESIAN_POINT('Ctrl Pts',(-23.4266825205023,43.0526913616737,6.83874326723277));
#4509=CARTESIAN_POINT('Ctrl Pts',(-23.4279998542505,43.0493605172544,6.83544057233302));
#4510=CARTESIAN_POINT('Ctrl Pts',(-23.4290003989528,43.0461266583077,6.83198129621022));
#4511=CARTESIAN_POINT('Ctrl Pts',(-23.4292215913031,43.0454117428625,6.83121654735435));
#4512=CARTESIAN_POINT('Ctrl Pts',(-23.4294272985629,43.0447015675952,6.83044414376969));
#4513=CARTESIAN_POINT('Ctrl Pts',(-23.4296175722858,43.0439963079113,6.82966436914979));
#4514=CARTESIAN_POINT('Ctrl Pts',(-23.4304107663245,43.0410562919768,6.82641372281335));
#4515=CARTESIAN_POINT('Ctrl Pts',(-23.4309340227684,43.0382032246151,6.8230354693226));
#4516=CARTESIAN_POINT('Ctrl Pts',(-23.4311928852909,43.0354493419064,6.8195511665324));
#4517=CARTESIAN_POINT('Ctrl Pts',(-23.4312655382954,43.0346764302818,6.81857325337671));
#4518=CARTESIAN_POINT('Ctrl Pts',(-23.4313173583959,43.033911329716,6.8175869784131));
#4519=CARTESIAN_POINT('Ctrl Pts',(-23.4313488889375,43.0331540429781,6.81659283860443));
#4520=CARTESIAN_POINT('Ctrl Pts',(-23.4314802988851,43.029997896416,6.81244955867827));
#4521=CARTESIAN_POINT('Ctrl Pts',(-23.4312569477606,43.0269798825714,6.80817080018573));
#4522=CARTESIAN_POINT('Ctrl Pts',(-23.4307187092199,43.0240959294816,6.80378725910005));
#4523=CARTESIAN_POINT('Ctrl Pts',(-23.4302415711981,43.0215393610304,6.79990133498979));
#4524=CARTESIAN_POINT('Ctrl Pts',(-23.4295179886257,43.0190897737586,6.79593618484345));
#4525=CARTESIAN_POINT('Ctrl Pts',(-23.428589160865,43.0167202311433,6.79189282807012));
#4526=CARTESIAN_POINT('Ctrl Pts',(-23.4275895454589,43.014170101395,6.78754131975595));
#4527=CARTESIAN_POINT('Ctrl Pts',(-23.4263507305875,43.011709804571,6.78309400239071));
#4528=CARTESIAN_POINT('Ctrl Pts',(-23.4249507294455,43.0092794463242,6.77854080167838));
#4529=CARTESIAN_POINT('Ctrl Pts',(-23.4238874998046,43.0074337128827,6.77508287738611));
#4530=CARTESIAN_POINT('Ctrl Pts',(-23.4227312368121,43.0056045175285,6.77156283754413));
#4531=CARTESIAN_POINT('Ctrl Pts',(-23.4215337199218,43.0037740489657,6.76800362983442));
#4532=CARTESIAN_POINT('Ctrl Pts',(-23.4208148698201,43.0026752481694,6.76586709477185));
#4533=CARTESIAN_POINT('Ctrl Pts',(-23.4200813722427,43.0015762724642,6.76371702720391));
#4534=CARTESIAN_POINT('Ctrl Pts',(-23.4193476403904,43.0004769959465,6.76156634070679));
#4535=CARTESIAN_POINT('Origin',(-23.1817138144951,42.6469236053532,7.02334900779988));
#4536=CARTESIAN_POINT('Ctrl Pts',(-16.2270692075623,43.173449678577,0.637575747001145));
#4537=CARTESIAN_POINT('Ctrl Pts',(-16.240381702918,43.1675263676266,0.637758667215061));
#4538=CARTESIAN_POINT('Ctrl Pts',(-16.2677869760876,43.1551655124916,0.638905920409157));
#4539=CARTESIAN_POINT('Ctrl Pts',(-16.3126568680794,43.1346874738483,0.643298825482559));
#4540=CARTESIAN_POINT('Ctrl Pts',(-16.3631201088639,43.1118609992044,0.650886764099165));
#4541=CARTESIAN_POINT('Ctrl Pts',(-16.4215861371546,43.0861133494804,0.662443059518377));
#4542=CARTESIAN_POINT('Ctrl Pts',(-16.4911087834948,43.0568313520724,0.678996936244459));
#4543=CARTESIAN_POINT('Ctrl Pts',(-16.5748683902177,43.0232962290907,0.701560885055416));
#4544=CARTESIAN_POINT('Ctrl Pts',(-16.6742341551744,42.9855709582642,0.730278527185319));
#4545=CARTESIAN_POINT('Ctrl Pts',(-16.7842971504743,42.9433589270085,0.76260618817626));
#4546=CARTESIAN_POINT('Ctrl Pts',(-16.8942635654967,42.8974558354252,0.793223688793219));
#4547=CARTESIAN_POINT('Ctrl Pts',(-16.9637939219589,42.8625746962888,0.809967494903357));
#4548=CARTESIAN_POINT('Ctrl Pts',(-16.9998060932043,42.8434110610243,0.817885939003318));
#4549=CARTESIAN_POINT('Ctrl Pts',(-16.1902184751819,43.1532850153628,0.594592950752107));
#4550=CARTESIAN_POINT('Ctrl Pts',(-16.2050813003581,43.1474123201063,0.596607966067968));
#4551=CARTESIAN_POINT('Ctrl Pts',(-16.2353358892583,43.1351912081701,0.601163032235846));
#4552=CARTESIAN_POINT('Ctrl Pts',(-16.2840340021044,43.1149917229034,0.610135844710235));
#4553=CARTESIAN_POINT('Ctrl Pts',(-16.3381230246774,43.0924880372969,0.621951103826956));
#4554=CARTESIAN_POINT('Ctrl Pts',(-16.4001715539392,43.0671019021156,0.637507558672918));
#4555=CARTESIAN_POINT('Ctrl Pts',(-16.473271592153,43.0382506148311,0.657858804376027));
#4556=CARTESIAN_POINT('Ctrl Pts',(-16.5603192168536,43.0052797022825,0.68385665245153));
#4557=CARTESIAN_POINT('Ctrl Pts',(-16.6620078857942,42.9683905454661,0.715237289292936));
#4558=CARTESIAN_POINT('Ctrl Pts',(-16.7730295686427,42.9267613887925,0.749019564224967));
#4559=CARTESIAN_POINT('Ctrl Pts',(-16.8841392542394,42.8802379406274,0.780138053416724));
#4560=CARTESIAN_POINT('Ctrl Pts',(-16.9556166838983,42.8434666384913,0.797006455209465));
#4561=CARTESIAN_POINT('Ctrl Pts',(-16.9927576587448,42.8230848703543,0.804961656632897));
#4562=CARTESIAN_POINT('Ctrl Pts',(-16.1321765562372,43.1067806317953,0.518936519093113));
#4563=CARTESIAN_POINT('Ctrl Pts',(-16.1490467257108,43.1011850749862,0.523973426649803));
#4564=CARTESIAN_POINT('Ctrl Pts',(-16.1833236450632,43.0895334762767,0.534371127722849));
#4565=CARTESIAN_POINT('Ctrl Pts',(-16.2383489349952,43.070102231143,0.551735438841543));
#4566=CARTESIAN_POINT('Ctrl Pts',(-16.2993129688212,43.0482171986699,0.571765941771019));
#4567=CARTESIAN_POINT('Ctrl Pts',(-16.3688784133699,43.0232940523734,0.595431080331853));
#4568=CARTESIAN_POINT('Ctrl Pts',(-16.449657470731,42.9950110970906,0.623554413758372));
#4569=CARTESIAN_POINT('Ctrl Pts',(-16.5430246218349,42.9631602120304,0.656216217879316));
#4570=CARTESIAN_POINT('Ctrl Pts',(-16.6475116875066,42.9283890067595,0.691900030862477));
#4571=CARTESIAN_POINT('Ctrl Pts',(-16.757364579647,42.8885273509823,0.726974852036693));
#4572=CARTESIAN_POINT('Ctrl Pts',(-16.8667680892476,42.84193491141,0.757550344155353));
#4573=CARTESIAN_POINT('Ctrl Pts',(-16.9391820158275,42.8028757039017,0.774236684683483));
#4574=CARTESIAN_POINT('Ctrl Pts',(-16.9771766422778,42.780944748753,0.782262781631629));
#4575=CARTESIAN_POINT('Ctrl Pts',(-16.0761284716507,42.9909356670088,0.426613914197622));
#4576=CARTESIAN_POINT('Ctrl Pts',(-16.0967895996892,42.9864205115569,0.437254321739271));
#4577=CARTESIAN_POINT('Ctrl Pts',(-16.1393809098118,42.9767587189847,0.458841995215113));
#4578=CARTESIAN_POINT('Ctrl Pts',(-16.2082710637897,42.9601432886696,0.492559485718602));
#4579=CARTESIAN_POINT('Ctrl Pts',(-16.2831569214361,42.9415755283596,0.527803764986433));
#4580=CARTESIAN_POINT('Ctrl Pts',(-16.3646227497263,42.9212086081009,0.564436846518299));
#4581=CARTESIAN_POINT('Ctrl Pts',(-16.4525886394379,42.8994500220004,0.601839901870316));
#4582=CARTESIAN_POINT('Ctrl Pts',(-16.546068484254,42.8760222869351,0.638819623280238));
#4583=CARTESIAN_POINT('Ctrl Pts',(-16.6436504643046,42.8502803210887,0.673901785890223));
#4584=CARTESIAN_POINT('Ctrl Pts',(-16.7431571726115,42.8169694634101,0.705568714631398));
#4585=CARTESIAN_POINT('Ctrl Pts',(-16.8454929037199,42.7739190431053,0.733886467329057));
#4586=CARTESIAN_POINT('Ctrl Pts',(-16.9151618267332,42.735530340417,0.750710974156563));
#4587=CARTESIAN_POINT('Ctrl Pts',(-16.9498813304617,42.7147011108446,0.758433643408609));
#4588=CARTESIAN_POINT('Ctrl Pts',(-16.0754083268102,42.8722006801868,0.406062628779928));
#4589=CARTESIAN_POINT('Ctrl Pts',(-16.0997452414221,42.8705476611781,0.42052579167379));
#4590=CARTESIAN_POINT('Ctrl Pts',(-16.1492407950753,42.8665696836352,0.449023399926004));
#4591=CARTESIAN_POINT('Ctrl Pts',(-16.2262244407976,42.8585057806183,0.49046926760435));
#4592=CARTESIAN_POINT('Ctrl Pts',(-16.3061600420529,42.8485538979422,0.53052140226686));
#4593=CARTESIAN_POINT('Ctrl Pts',(-16.3891979075569,42.8366850044759,0.569038833725004));
#4594=CARTESIAN_POINT('Ctrl Pts',(-16.4753603630931,42.8228329614805,0.605808095790837));
#4595=CARTESIAN_POINT('Ctrl Pts',(-16.5645172200559,42.8063189296546,0.640549113663235));
#4596=CARTESIAN_POINT('Ctrl Pts',(-16.656106386414,42.7857448387432,0.672875028039707));
#4597=CARTESIAN_POINT('Ctrl Pts',(-16.7484857588639,42.7567010792317,0.702148053135108));
#4598=CARTESIAN_POINT('Ctrl Pts',(-16.8406812374024,42.7193676023156,0.728117701048126));
#4599=CARTESIAN_POINT('Ctrl Pts',(-16.9001024747785,42.6869152167958,0.742878038793728));
#4600=CARTESIAN_POINT('Ctrl Pts',(-16.9294805607979,42.6695161845477,0.749719982770192));
#4601=CARTESIAN_POINT('Ctrl Pts',(-16.0669505650382,42.8155445939833,0.400994129923581));
#4602=CARTESIAN_POINT('Ctrl Pts',(-16.0940482899585,42.8153380981642,0.417232884123322));
#4603=CARTESIAN_POINT('Ctrl Pts',(-16.1487517304582,42.8140167385504,0.448850228761793));
#4604=CARTESIAN_POINT('Ctrl Pts',(-16.2321959444974,42.8094556940077,0.493627205957023));
#4605=CARTESIAN_POINT('Ctrl Pts',(-16.3168877353029,42.8027011283373,0.535687066388437));
#4606=CARTESIAN_POINT('Ctrl Pts',(-16.402705608226,42.7938806717631,0.574989066297323));
#4607=CARTESIAN_POINT('Ctrl Pts',(-16.4894924129009,42.7829313715568,0.611484154982893));
#4608=CARTESIAN_POINT('Ctrl Pts',(-16.5771238816122,42.7693173459676,0.645132301566432));
#4609=CARTESIAN_POINT('Ctrl Pts',(-16.6650651398467,42.7513241869137,0.675792465165738));
#4610=CARTESIAN_POINT('Ctrl Pts',(-16.7520935901077,42.7252298890075,0.703155660606218));
#4611=CARTESIAN_POINT('Ctrl Pts',(-16.8376274234387,42.6916300814662,0.727232674361252));
#4612=CARTESIAN_POINT('Ctrl Pts',(-16.8920583462465,42.6624578061751,0.740873046396244));
#4613=CARTESIAN_POINT('Ctrl Pts',(-16.9188445618051,42.6469236053532,0.747205540279546));
#4614=CARTESIAN_POINT('',(-16.2270692075623,43.173449678577,0.637575747001145));
#4615=CARTESIAN_POINT('',(-16.9998060933656,42.8434110614894,0.817885939299055));
#4616=CARTESIAN_POINT('Ctrl Pts',(-16.2270692075623,43.173449678577,0.637575747001145));
#4617=CARTESIAN_POINT('Ctrl Pts',(-16.240381702918,43.1675263676266,0.637758667215061));
#4618=CARTESIAN_POINT('Ctrl Pts',(-16.2677869760876,43.1551655124916,0.638905920409157));
#4619=CARTESIAN_POINT('Ctrl Pts',(-16.3126568680794,43.1346874738483,0.643298825482559));
#4620=CARTESIAN_POINT('Ctrl Pts',(-16.3631201088639,43.1118609992044,0.650886764099165));
#4621=CARTESIAN_POINT('Ctrl Pts',(-16.4215861371546,43.0861133494804,0.662443059518377));
#4622=CARTESIAN_POINT('Ctrl Pts',(-16.4911087834948,43.0568313520724,0.678996936244459));
#4623=CARTESIAN_POINT('Ctrl Pts',(-16.5748683902177,43.0232962290907,0.701560885055416));
#4624=CARTESIAN_POINT('Ctrl Pts',(-16.6742341551744,42.9855709582642,0.730278527185319));
#4625=CARTESIAN_POINT('Ctrl Pts',(-16.7842971504743,42.9433589270085,0.76260618817626));
#4626=CARTESIAN_POINT('Ctrl Pts',(-16.8942635654967,42.8974558354252,0.793223688793219));
#4627=CARTESIAN_POINT('Ctrl Pts',(-16.9637939219589,42.8625746962888,0.809967494903357));
#4628=CARTESIAN_POINT('Ctrl Pts',(-16.9998060932043,42.8434110610243,0.817885939003318));
#4629=CARTESIAN_POINT('',(-16.0669515843249,42.8155546878179,0.400994740862713));
#4630=CARTESIAN_POINT('Ctrl Pts',(-16.2270692075623,43.173449678577,0.637575747001145));
#4631=CARTESIAN_POINT('Ctrl Pts',(-16.1902184751819,43.1532850153628,0.594592950752107));
#4632=CARTESIAN_POINT('Ctrl Pts',(-16.1321765562372,43.1067806317953,0.518936519093113));
#4633=CARTESIAN_POINT('Ctrl Pts',(-16.0761295705981,42.9909379384071,0.426615724387678));
#4634=CARTESIAN_POINT('Ctrl Pts',(-16.075408369202,42.8722076643416,0.406063837676401));
#4635=CARTESIAN_POINT('Ctrl Pts',(-16.0669520574533,42.8155545918289,0.400995024390394));
#4636=CARTESIAN_POINT('',(-16.9188445618051,42.6469236053532,0.747205540279539));
#4637=CARTESIAN_POINT('Ctrl Pts',(-16.0669520849998,42.8155547763771,0.400995040902138));
#4638=CARTESIAN_POINT('Ctrl Pts',(-16.0795969031365,42.8154547782728,0.408572644436612));
#4639=CARTESIAN_POINT('Ctrl Pts',(-16.092401322175,42.8152613292619,0.416119580133485));
#4640=CARTESIAN_POINT('Ctrl Pts',(-16.1054369257179,42.8149621146342,0.423669781738336));
#4641=CARTESIAN_POINT('Ctrl Pts',(-16.1189985680529,42.8146508254983,0.431524664205821));
#4642=CARTESIAN_POINT('Ctrl Pts',(-16.1328103626049,42.8142251013245,0.439382774135557));
#4643=CARTESIAN_POINT('Ctrl Pts',(-16.1469071643883,42.8136777432154,0.447251021833699));
#4644=CARTESIAN_POINT('Ctrl Pts',(-16.1475985471144,42.8136508978396,0.447636922878964));
#4645=CARTESIAN_POINT('Ctrl Pts',(-16.1482906150387,42.813623761005,0.448022847482819));
#4646=CARTESIAN_POINT('Ctrl Pts',(-16.1489833672187,42.813596331791,0.448408793458733));
#4647=CARTESIAN_POINT('Ctrl Pts',(-16.1631187596992,42.8130366472226,0.456283900897554));
#4648=CARTESIAN_POINT('Ctrl Pts',(-16.1775390935209,42.8123550537474,0.464167890899549));
#4649=CARTESIAN_POINT('Ctrl Pts',(-16.1922358989562,42.8115501840903,0.472042296408017));
#4650=CARTESIAN_POINT('Ctrl Pts',(-16.2054142879751,42.8108284704161,0.479103149158653));
#4651=CARTESIAN_POINT('Ctrl Pts',(-16.2188148590982,42.8100076025626,0.486156062816287));
#4652=CARTESIAN_POINT('Ctrl Pts',(-16.2324036676741,42.809091888044,0.493174246626545));
#4653=CARTESIAN_POINT('Ctrl Pts',(-16.2357403556018,42.8088670373102,0.494897538927266));
#4654=CARTESIAN_POINT('Ctrl Pts',(-16.2390883854915,42.8086364798794,0.49661874513816));
#4655=CARTESIAN_POINT('Ctrl Pts',(-16.2424472462075,42.8084002284286,0.49833749232983));
#4656=CARTESIAN_POINT('Ctrl Pts',(-16.2611002858557,42.8070882336628,0.507882353585584));
#4657=CARTESIAN_POINT('Ctrl Pts',(-16.2800873316715,42.8055991060821,0.51735015246604));
#4658=CARTESIAN_POINT('Ctrl Pts',(-16.2992650484228,42.8039405491622,0.526656742897061));
#4659=CARTESIAN_POINT('Ctrl Pts',(-16.3051856191205,42.8034285172229,0.529529886103615));
#4660=CARTESIAN_POINT('Ctrl Pts',(-16.3111241971373,42.8029004208555,0.532387688261049));
#4661=CARTESIAN_POINT('Ctrl Pts',(-16.3170754156558,42.8023568131867,0.535227422968016));
#4662=CARTESIAN_POINT('Ctrl Pts',(-16.3337576753213,42.8008329900807,0.543187673732586));
#4663=CARTESIAN_POINT('Ctrl Pts',(-16.3505395061825,42.7991868013645,0.551005311590376));
#4664=CARTESIAN_POINT('Ctrl Pts',(-16.3672990785037,42.7974285115871,0.558625958987553));
#4665=CARTESIAN_POINT('Ctrl Pts',(-16.3791830879792,42.7961817296302,0.56402966763486));
#4666=CARTESIAN_POINT('Ctrl Pts',(-16.3910547356642,42.7948788276405,0.569334003472618));
#4667=CARTESIAN_POINT('Ctrl Pts',(-16.4028670511187,42.7935260134566,0.574521227677898));
#4668=CARTESIAN_POINT('Ctrl Pts',(-16.4145744801788,42.7921852114649,0.579662392391608));
#4669=CARTESIAN_POINT('Ctrl Pts',(-16.426223617483,42.7907953323654,0.584688523014224));
#4670=CARTESIAN_POINT('Ctrl Pts',(-16.4377684605412,42.789359138046,0.589584734342851));
#4671=CARTESIAN_POINT('Ctrl Pts',(-16.4553484342404,42.7871721651929,0.597040467257466));
#4672=CARTESIAN_POINT('Ctrl Pts',(-16.4726858500049,42.7848772073449,0.604194196309379));
#4673=CARTESIAN_POINT('Ctrl Pts',(-16.4896324308326,42.7824894506401,0.611009359212327));
#4674=CARTESIAN_POINT('Ctrl Pts',(-16.4913290703826,42.7822503957828,0.611691672360813));
#4675=CARTESIAN_POINT('Ctrl Pts',(-16.4930217907618,42.7820104224416,0.61237060014978));
#4676=CARTESIAN_POINT('Ctrl Pts',(-16.4947104287136,42.7817695153751,0.613046107996924));
#4677=CARTESIAN_POINT('Ctrl Pts',(-16.5114970733379,42.7793746732431,0.619761289400256));
#4678=CARTESIAN_POINT('Ctrl Pts',(-16.5278804295967,42.7768900158035,0.626138200017476));
#4679=CARTESIAN_POINT('Ctrl Pts',(-16.5437533044805,42.7743071136137,0.632166855357938));
#4680=CARTESIAN_POINT('Ctrl Pts',(-16.5551667888904,42.7724498625428,0.636501795577954));
#4681=CARTESIAN_POINT('Ctrl Pts',(-16.5663153730267,42.7705425688449,0.640656481223347));
#4682=CARTESIAN_POINT('Ctrl Pts',(-16.5771755131994,42.7685874903902,0.644634304402393));
#4683=CARTESIAN_POINT('Ctrl Pts',(-16.5907412661052,42.7661453385573,0.649603132197593));
#4684=CARTESIAN_POINT('Ctrl Pts',(-16.6038501490637,42.7636287889245,0.654293798897433));
#4685=CARTESIAN_POINT('Ctrl Pts',(-16.6164972556898,42.7610162386591,0.658728113396863));
#4686=CARTESIAN_POINT('Ctrl Pts',(-16.619411750568,42.7604141828219,0.659749990358854));
#4687=CARTESIAN_POINT('Ctrl Pts',(-16.6223018184641,42.7598070956124,0.660758274202621));
#4688=CARTESIAN_POINT('Ctrl Pts',(-16.6251675000828,42.7591948376652,0.661753243261567));
#4689=CARTESIAN_POINT('Ctrl Pts',(-16.6369943455936,42.7566680112003,0.665859542185835));
#4690=CARTESIAN_POINT('Ctrl Pts',(-16.6484045403398,42.7540529223209,0.669738945196856));
#4691=CARTESIAN_POINT('Ctrl Pts',(-16.6594382955452,42.7513467695651,0.673421587179701));
#4692=CARTESIAN_POINT('Ctrl Pts',(-16.6612721065842,42.7508970067505,0.674033642585598));
#4693=CARTESIAN_POINT('Ctrl Pts',(-16.6630953798828,42.7504453781423,0.674640207575497));
#4694=CARTESIAN_POINT('Ctrl Pts',(-16.6649085739011,42.7499915490361,0.675241501199035));
#4695=CARTESIAN_POINT('Ctrl Pts',(-16.6736452943655,42.7478048122614,0.678138783151643));
#4696=CARTESIAN_POINT('Ctrl Pts',(-16.6821483367465,42.7455673193684,0.680913998222591));
#4697=CARTESIAN_POINT('Ctrl Pts',(-16.6904695579829,42.7432591609864,0.683590699467079));
#4698=CARTESIAN_POINT('Ctrl Pts',(-16.7003093055646,42.7405297904754,0.686755867637636));
#4699=CARTESIAN_POINT('Ctrl Pts',(-16.709894388874,42.7377012017469,0.689783381083656));
#4700=CARTESIAN_POINT('Ctrl Pts',(-16.7193545409461,42.734749683354,0.692721052252073));
#4701=CARTESIAN_POINT('Ctrl Pts',(-16.7258794359545,42.7327139499448,0.694747234896601));
#4702=CARTESIAN_POINT('Ctrl Pts',(-16.732351655027,42.7306180031927,0.696732587796145));
#4703=CARTESIAN_POINT('Ctrl Pts',(-16.7387926718817,42.7284622132157,0.698684742860065));
#4704=CARTESIAN_POINT('Ctrl Pts',(-16.7431597757129,42.7270005560146,0.700008332605458));
#4705=CARTESIAN_POINT('Ctrl Pts',(-16.7475121238561,42.7255112455195,0.701316497907487));
#4706=CARTESIAN_POINT('Ctrl Pts',(-16.7518418984684,42.7240029102013,0.702607192327568));
#4707=CARTESIAN_POINT('Ctrl Pts',(-16.7547821470011,42.7229786350132,0.703483672679214));
#4708=CARTESIAN_POINT('Ctrl Pts',(-16.7577119990393,42.7219455854853,0.704352103694285));
#4709=CARTESIAN_POINT('Ctrl Pts',(-16.7606288801498,42.720905893665,0.705211877978543));
#4710=CARTESIAN_POINT('Ctrl Pts',(-16.7705333829455,42.717375537044,0.708131310234978));
#4711=CARTESIAN_POINT('Ctrl Pts',(-16.7802890703012,42.7137370770636,0.710950573320069));
#4712=CARTESIAN_POINT('Ctrl Pts',(-16.7897027036915,42.7100534408615,0.71362278830415));
#4713=CARTESIAN_POINT('Ctrl Pts',(-16.7968666623556,42.7072501218463,0.715656396040278));
#4714=CARTESIAN_POINT('Ctrl Pts',(-16.8038279857931,42.7044231756441,0.717603771213201));
#4715=CARTESIAN_POINT('Ctrl Pts',(-16.8105214214454,42.7016093972266,0.719452253330231));
#4716=CARTESIAN_POINT('Ctrl Pts',(-16.8163781776412,42.6991473411113,0.721069675182632));
#4717=CARTESIAN_POINT('Ctrl Pts',(-16.8220298049026,42.6967135992894,0.722611495692458));
#4718=CARTESIAN_POINT('Ctrl Pts',(-16.8274777458624,42.6942948186402,0.724081954948459));
#4719=CARTESIAN_POINT('Ctrl Pts',(-16.8307147504265,42.6928576510829,0.72495565812517));
#4720=CARTESIAN_POINT('Ctrl Pts',(-16.8338799776231,42.6914258933093,0.725804210067121));
#4721=CARTESIAN_POINT('Ctrl Pts',(-16.8369863001179,42.6899955385886,0.726631741395885));
#4722=CARTESIAN_POINT('Ctrl Pts',(-16.8396887380408,42.6887511588286,0.727351676962424));
#4723=CARTESIAN_POINT('Ctrl Pts',(-16.8423465985565,42.6875078442134,0.728055700272589));
#4724=CARTESIAN_POINT('Ctrl Pts',(-16.8449687736125,42.6862635660657,0.728746520462291));
#4725=CARTESIAN_POINT('Ctrl Pts',(-16.8499441432425,42.6839026467618,0.730057297095557));
#4726=CARTESIAN_POINT('Ctrl Pts',(-16.8547942216082,42.6815364481717,0.731321368051799));
#4727=CARTESIAN_POINT('Ctrl Pts',(-16.8595285620759,42.6791738543667,0.732543180970285));
#4728=CARTESIAN_POINT('Ctrl Pts',(-16.8658928147413,42.6759978800102,0.734185632791461));
#4729=CARTESIAN_POINT('Ctrl Pts',(-16.8720459782663,42.6728295011174,0.735751034737849));
#4730=CARTESIAN_POINT('Ctrl Pts',(-16.8779121083339,42.669735387117,0.737225196481056));
#4731=CARTESIAN_POINT('Ctrl Pts',(-16.882588901176,42.6672685938406,0.738400477119081));
#4732=CARTESIAN_POINT('Ctrl Pts',(-16.8870790581438,42.6648509617235,0.739516761241318));
#4733=CARTESIAN_POINT('Ctrl Pts',(-16.8913474351897,42.6625131143065,0.740568382490588));
#4734=CARTESIAN_POINT('Ctrl Pts',(-16.895062344983,42.6604784083349,0.741483643264327));
#4735=CARTESIAN_POINT('Ctrl Pts',(-16.8986081428466,42.6585046515595,0.742349698560258));
#4736=CARTESIAN_POINT('Ctrl Pts',(-16.9019926216193,42.656596293096,0.743170417894068));
#4737=CARTESIAN_POINT('Ctrl Pts',(-16.9050063804937,42.6548969672497,0.74390123948927));
#4738=CARTESIAN_POINT('Ctrl Pts',(-16.9078919141241,42.6532496340099,0.744596067178685));
#4739=CARTESIAN_POINT('Ctrl Pts',(-16.9106893875596,42.6516402707116,0.745265627369702));
#4740=CARTESIAN_POINT('Ctrl Pts',(-16.9134673496109,42.650042132151,0.74593051761604));
#4741=CARTESIAN_POINT('Ctrl Pts',(-16.9161576927008,42.648481808458,0.746570341099169));
#4742=CARTESIAN_POINT('Ctrl Pts',(-16.9188445618051,42.6469236053532,0.747205540279546));
#4743=CARTESIAN_POINT('Origin',(-16.8038110766212,42.6469236053532,1.23379293971198));
#4744=CARTESIAN_POINT('Ctrl Pts',(-16.2270692075623,43.173449678577,0.637575747001145));
#4745=CARTESIAN_POINT('Ctrl Pts',(-16.1902184751819,43.1532850153628,0.594592950752107));
#4746=CARTESIAN_POINT('Ctrl Pts',(-16.1321765562372,43.1067806317953,0.518936519093113));
#4747=CARTESIAN_POINT('Ctrl Pts',(-16.0761284716507,42.9909356670088,0.426613914197622));
#4748=CARTESIAN_POINT('Ctrl Pts',(-16.0754083268102,42.8722006801868,0.406062628779928));
#4749=CARTESIAN_POINT('Ctrl Pts',(-16.0669505650382,42.8155445939833,0.400994129923581));
#4750=CARTESIAN_POINT('Ctrl Pts',(-16.1999939685959,43.1733095807838,0.623044903569336));
#4751=CARTESIAN_POINT('Ctrl Pts',(-16.1652160561399,43.1529776759783,0.581218138772158));
#4752=CARTESIAN_POINT('Ctrl Pts',(-16.1076623036004,43.1062346638167,0.50534462700807));
#4753=CARTESIAN_POINT('Ctrl Pts',(-16.0532071829803,42.9892580501312,0.41322336883494));
#4754=CARTESIAN_POINT('Ctrl Pts',(-16.0480540601388,42.8719389944112,0.389804725606884));
#4755=CARTESIAN_POINT('Ctrl Pts',(-16.0368419817934,42.8157740337822,0.382951069701648));
#4756=CARTESIAN_POINT('Ctrl Pts',(-16.1457951905,43.1724168641026,0.593654996646374));
#4757=CARTESIAN_POINT('Ctrl Pts',(-16.1145040763408,43.1517481657242,0.553568887143103));
#4758=CARTESIAN_POINT('Ctrl Pts',(-16.0573837091574,43.1043737634181,0.47663073207935));
#4759=CARTESIAN_POINT('Ctrl Pts',(-16.0071057335028,42.984857809062,0.38529327285225));
#4760=CARTESIAN_POINT('Ctrl Pts',(-15.9933322996294,42.8705324879773,0.35611733999439));
#4761=CARTESIAN_POINT('Ctrl Pts',(-15.9772492509799,42.8151953103725,0.345803581519322));
#4762=CARTESIAN_POINT('Ctrl Pts',(-16.0590388850031,43.1695914530855,0.544662992941628));
#4763=CARTESIAN_POINT('Ctrl Pts',(-16.0300142016648,43.1483096666722,0.504705972267546));
#4764=CARTESIAN_POINT('Ctrl Pts',(-15.9801985262952,43.0993577187505,0.429756990757809));
#4765=CARTESIAN_POINT('Ctrl Pts',(-15.9346948334855,42.9761362584494,0.337975161001555));
#4766=CARTESIAN_POINT('Ctrl Pts',(-15.9110687762982,42.8668415741056,0.301707961711668));
#4767=CARTESIAN_POINT('Ctrl Pts',(-15.8899108397698,42.8125374919346,0.286999360222836));
#4768=CARTESIAN_POINT('Ctrl Pts',(-15.9622564580232,43.165629679368,0.486986643160798));
#4769=CARTESIAN_POINT('Ctrl Pts',(-15.9374330092266,43.143548099434,0.447908655726302));
#4770=CARTESIAN_POINT('Ctrl Pts',(-15.9001108735642,43.0922984838314,0.377444475501793));
#4771=CARTESIAN_POINT('Ctrl Pts',(-15.8573161156041,42.9664230734784,0.283700874723816));
#4772=CARTESIAN_POINT('Ctrl Pts',(-15.8285300094902,42.8623752638596,0.243102740401307));
#4773=CARTESIAN_POINT('Ctrl Pts',(-15.8047002056653,42.8090434850224,0.225197377904754));
#4774=CARTESIAN_POINT('Ctrl Pts',(-15.8545698298085,43.1609538805748,0.41905742881538));
#4775=CARTESIAN_POINT('Ctrl Pts',(-15.8375191101676,43.1378391186638,0.382665005258195));
#4776=CARTESIAN_POINT('Ctrl Pts',(-15.8145551149065,43.0836396276735,0.317022022768213));
#4777=CARTESIAN_POINT('Ctrl Pts',(-15.7742549710236,42.9569320648205,0.221441039959551));
#4778=CARTESIAN_POINT('Ctrl Pts',(-15.7458538141582,42.857666117624,0.179895229719946));
#4779=CARTESIAN_POINT('Ctrl Pts',(-15.7217511911036,42.8053095592721,0.160414347014016));
#4780=CARTESIAN_POINT('Ctrl Pts',(-15.7382536619167,43.156038361055,0.339935294154198));
#4781=CARTESIAN_POINT('Ctrl Pts',(-15.7316453040874,43.1316422301417,0.307454639343736));
#4782=CARTESIAN_POINT('Ctrl Pts',(-15.7178970546697,43.0740962696972,0.242460868997833));
#4783=CARTESIAN_POINT('Ctrl Pts',(-15.6874291798049,42.9485640811364,0.151942618726232));
#4784=CARTESIAN_POINT('Ctrl Pts',(-15.6630735635398,42.852839024929,0.112180976724407));
#4785=CARTESIAN_POINT('Ctrl Pts',(-15.6410178519248,42.8015275760173,0.0928842070452862));
#4786=CARTESIAN_POINT('Ctrl Pts',(-15.612875753146,43.1513962823742,0.248055069976532));
#4787=CARTESIAN_POINT('Ctrl Pts',(-15.6133217492628,43.1254884440314,0.216999064507551));
#4788=CARTESIAN_POINT('Ctrl Pts',(-15.6080963035439,43.0645713726084,0.153170633000679));
#4789=CARTESIAN_POINT('Ctrl Pts',(-15.5999613978716,42.9411045414287,0.0760529601553282));
#4790=CARTESIAN_POINT('Ctrl Pts',(-15.5814662478629,42.8475383925552,0.0390090145531447));
#4791=CARTESIAN_POINT('Ctrl Pts',(-15.5631097883111,42.7976060639699,0.0221514026962558));
#4792=CARTESIAN_POINT('Ctrl Pts',(-15.4747278662273,43.1477042143202,0.133380042697121));
#4793=CARTESIAN_POINT('Ctrl Pts',(-15.4836865662261,43.1202001108545,0.105491873683851));
#4794=CARTESIAN_POINT('Ctrl Pts',(-15.4982117078959,43.056247498234,0.0525343308441426));
#4795=CARTESIAN_POINT('Ctrl Pts',(-15.5124302843138,42.9348951493575,-0.00553324436380908));
#4796=CARTESIAN_POINT('Ctrl Pts',(-15.498778656139,42.842536232351,-0.0362861025821018));
#4797=CARTESIAN_POINT('Ctrl Pts',(-15.485180323609,42.7942897463214,-0.0485777568728142));
#4798=CARTESIAN_POINT('Ctrl Pts',(-15.3391464143982,43.1453667459408,0.0166229138822522));
#4799=CARTESIAN_POINT('Ctrl Pts',(-15.3589389625275,43.1162601847608,-0.00480516748676533));
#4800=CARTESIAN_POINT('Ctrl Pts',(-15.392120510064,43.0494904561478,-0.0450817060238667));
#4801=CARTESIAN_POINT('Ctrl Pts',(-15.4207518673093,42.9286151077859,-0.089809661834775));
#4802=CARTESIAN_POINT('Ctrl Pts',(-15.4146451963773,42.8381134228482,-0.11259438784509));
#4803=CARTESIAN_POINT('Ctrl Pts',(-15.4072385684767,42.7920528794618,-0.119332701894709));
#4804=CARTESIAN_POINT('Ctrl Pts',(-15.2677107987928,43.1443633710263,-0.0482036238607388));
#4805=CARTESIAN_POINT('Ctrl Pts',(-15.2885428172838,43.1140813756916,-0.0701909843429452));
#4806=CARTESIAN_POINT('Ctrl Pts',(-15.324208617234,43.0453036966199,-0.109574644097642));
#4807=CARTESIAN_POINT('Ctrl Pts',(-15.3549651257157,42.9235721001697,-0.15069218250731));
#4808=CARTESIAN_POINT('Ctrl Pts',(-15.357853914582,42.8352512345347,-0.164161040562913));
#4809=CARTESIAN_POINT('Ctrl Pts',(-15.3552672486064,42.790809980433,-0.166509092628077));
#4810=CARTESIAN_POINT('Ctrl Pts',(-15.2308491769676,43.1443633710263,-0.0816648469443171));
#4811=CARTESIAN_POINT('Ctrl Pts',(-15.2515866403476,43.1135100172891,-0.10450969427145));
#4812=CARTESIAN_POINT('Ctrl Pts',(-15.2875995415514,43.0436826487129,-0.144182301028385));
#4813=CARTESIAN_POINT('Ctrl Pts',(-15.3215586076895,42.9217055861696,-0.181592357749683));
#4814=CARTESIAN_POINT('Ctrl Pts',(-15.3292803305321,42.8344432117329,-0.190098778048474));
#4815=CARTESIAN_POINT('Ctrl Pts',(-15.3292803305321,42.790809980433,-0.190098778048474));
#4816=CARTESIAN_POINT('',(-15.2308491769676,43.1443633710263,-0.0816648469443171));
#4817=CARTESIAN_POINT('Ctrl Pts',(-16.2270692075623,43.173449678577,0.637575747001145));
#4818=CARTESIAN_POINT('Ctrl Pts',(-16.1999939685959,43.1733095807838,0.623044903569336));
#4819=CARTESIAN_POINT('Ctrl Pts',(-16.1457951905,43.1724168641026,0.593654996646374));
#4820=CARTESIAN_POINT('Ctrl Pts',(-16.0590388850031,43.1695914530855,0.544662992941628));
#4821=CARTESIAN_POINT('Ctrl Pts',(-15.9622564580232,43.165629679368,0.486986643160799));
#4822=CARTESIAN_POINT('Ctrl Pts',(-15.8545698298085,43.1609538805748,0.419057428815379));
#4823=CARTESIAN_POINT('Ctrl Pts',(-15.7382536619167,43.156038361055,0.3399352941542));
#4824=CARTESIAN_POINT('Ctrl Pts',(-15.612875753146,43.1513962823743,0.248055069976532));
#4825=CARTESIAN_POINT('Ctrl Pts',(-15.4747278662273,43.1477042143202,0.133380042697122));
#4826=CARTESIAN_POINT('Ctrl Pts',(-15.3391464143982,43.1453667459409,0.0166229138822504));
#4827=CARTESIAN_POINT('Ctrl Pts',(-15.2677107987928,43.1443633710263,-0.0482036238607386));
#4828=CARTESIAN_POINT('Ctrl Pts',(-15.2308491769676,43.1443633710263,-0.0816648469443169));
#4829=CARTESIAN_POINT('',(-15.3292803305321,42.790809980433,-0.190098778048474));
#4830=CARTESIAN_POINT('Origin',(-14.9932153510724,42.790809980433,0.18011782014877));
#4831=CARTESIAN_POINT('',(-15.5926972824806,42.7991169340822,0.0489623142001515));
#4832=CARTESIAN_POINT('Ctrl Pts',(-15.3292803305321,42.7908099804331,-0.190098778048474));
#4833=CARTESIAN_POINT('Ctrl Pts',(-15.3301428580679,42.7908099804331,-0.189315816668511));
#4834=CARTESIAN_POINT('Ctrl Pts',(-15.3310088339928,42.7908106032438,-0.188529725358023));
#4835=CARTESIAN_POINT('Ctrl Pts',(-15.3319898209138,42.7908129131953,-0.187639233058498));
#4836=CARTESIAN_POINT('Ctrl Pts',(-15.3330053820121,42.7908153045594,-0.186717355999459));
#4837=CARTESIAN_POINT('Ctrl Pts',(-15.3341440651304,42.7908206721528,-0.18568371521552));
#4838=CARTESIAN_POINT('Ctrl Pts',(-15.3354865293929,42.7908306148087,-0.184465092523594));
#4839=CARTESIAN_POINT('Ctrl Pts',(-15.336886246138,42.790840981492,-0.183194498858313));
#4840=CARTESIAN_POINT('Ctrl Pts',(-15.3385073199336,42.7908563180502,-0.181722968798951));
#4841=CARTESIAN_POINT('Ctrl Pts',(-15.3403974980366,42.7908779111703,-0.180007159903854));
#4842=CARTESIAN_POINT('Ctrl Pts',(-15.3423896560477,42.790900669294,-0.178198778762107));
#4843=CARTESIAN_POINT('Ctrl Pts',(-15.3446805132739,42.7909303727581,-0.176119254062667));
#4844=CARTESIAN_POINT('Ctrl Pts',(-15.3472814740903,42.7909676688928,-0.173758233710441));
#4845=CARTESIAN_POINT('Ctrl Pts',(-15.3500731669767,42.7910077000048,-0.171224076455889));
#4846=CARTESIAN_POINT('Ctrl Pts',(-15.3532217935878,42.7910564717405,-0.168365913716061));
#4847=CARTESIAN_POINT('Ctrl Pts',(-15.3566955935247,42.7911139029171,-0.165212575928606));
#4848=CARTESIAN_POINT('Ctrl Pts',(-15.3605661687601,42.7911778938476,-0.161699065832953));
#4849=CARTESIAN_POINT('Ctrl Pts',(-15.3648399059755,42.7912526243785,-0.157819587091348));
#4850=CARTESIAN_POINT('Ctrl Pts',(-15.3694241746217,42.7913370541014,-0.153658221016563));
#4851=CARTESIAN_POINT('Ctrl Pts',(-15.3758663238348,42.7914557009163,-0.14781036539259));
#4852=CARTESIAN_POINT('Ctrl Pts',(-15.3829202355097,42.7915934682252,-0.141407178484414));
#4853=CARTESIAN_POINT('Ctrl Pts',(-15.3902450126335,42.7917459190301,-0.134758075148198));
#4854=CARTESIAN_POINT('Ctrl Pts',(-15.3958039596201,42.7918616175596,-0.129711913015185));
#4855=CARTESIAN_POINT('Ctrl Pts',(-15.4015156162263,42.791985679828,-0.124527104594212));
#4856=CARTESIAN_POINT('Ctrl Pts',(-15.4072375929445,42.7921249031795,-0.119332890777705));
#4857=CARTESIAN_POINT('Ctrl Pts',(-15.4072753832306,42.7921258226678,-0.119298586054676));
#4858=CARTESIAN_POINT('Ctrl Pts',(-15.4073131739746,42.792126742813,-0.119264280914522));
#4859=CARTESIAN_POINT('Ctrl Pts',(-15.4073509651356,42.7921276636192,-0.11922997539421));
#4860=CARTESIAN_POINT('Ctrl Pts',(-15.4123017023013,42.7922482915428,-0.114735865931763));
#4861=CARTESIAN_POINT('Ctrl Pts',(-15.4172590253274,42.7923810012396,-0.110235751898142));
#4862=CARTESIAN_POINT('Ctrl Pts',(-15.4221519699976,42.7925150114778,-0.105794075752047));
#4863=CARTESIAN_POINT('Ctrl Pts',(-15.4269780535228,42.7926471904919,-0.101413094253533));
#4864=CARTESIAN_POINT('Ctrl Pts',(-15.4317408190557,42.7927805819458,-0.0970895880173421));
#4865=CARTESIAN_POINT('Ctrl Pts',(-15.4364093089404,42.7929147206677,-0.0928516780347036));
#4866=CARTESIAN_POINT('Ctrl Pts',(-15.4405799912173,42.7930345559901,-0.0890656623225644));
#4867=CARTESIAN_POINT('Ctrl Pts',(-15.4446771376614,42.7931550183552,-0.0853464126100861));
#4868=CARTESIAN_POINT('Ctrl Pts',(-15.4487117689305,42.7932766091324,-0.0816839352678671));
#4869=CARTESIAN_POINT('Ctrl Pts',(-15.4527324540616,42.793397779618,-0.0780341176734627));
#4870=CARTESIAN_POINT('Ctrl Pts',(-15.4566923348637,42.7935200834508,-0.0744395189496172));
#4871=CARTESIAN_POINT('Ctrl Pts',(-15.46064567008,42.7936454623494,-0.0708508953727195));
#4872=CARTESIAN_POINT('Ctrl Pts',(-15.4641088938881,42.7937552975045,-0.0677071683853582));
#4873=CARTESIAN_POINT('Ctrl Pts',(-15.4675710570174,42.7938676153898,-0.0645644297491823));
#4874=CARTESIAN_POINT('Ctrl Pts',(-15.4710741084418,42.7939841541494,-0.0613846093501097));
#4875=CARTESIAN_POINT('Ctrl Pts',(-15.4751469114084,42.7941196472803,-0.0576876091106962));
#4876=CARTESIAN_POINT('Ctrl Pts',(-15.4792747422688,42.7942608402607,-0.0539407044234573));
#4877=CARTESIAN_POINT('Ctrl Pts',(-15.4834803145723,42.7944130409372,-0.0501232946273782));
#4878=CARTESIAN_POINT('Ctrl Pts',(-15.4840454078038,42.7944334917976,-0.0496103579134108));
#4879=CARTESIAN_POINT('Ctrl Pts',(-15.484611918348,42.7944542049672,-0.0490961358020233));
#4880=CARTESIAN_POINT('Ctrl Pts',(-15.4851798027133,42.7944751618393,-0.0485806678007968));
#4881=CARTESIAN_POINT('Ctrl Pts',(-15.4891141091962,42.7946203511819,-0.0450095022204883));
#4882=CARTESIAN_POINT('Ctrl Pts',(-15.4931143928485,42.7947772630338,-0.0413785028906402));
#4883=CARTESIAN_POINT('Ctrl Pts',(-15.4971659209721,42.7949388593208,-0.0377010219125517));
#4884=CARTESIAN_POINT('Ctrl Pts',(-15.5022465777806,42.7951415026817,-0.0330894239673902));
#4885=CARTESIAN_POINT('Ctrl Pts',(-15.5074072924072,42.7953514960379,-0.0284052106266336));
#4886=CARTESIAN_POINT('Ctrl Pts',(-15.5125749494473,42.7955646415836,-0.0237147073899115));
#4887=CARTESIAN_POINT('Ctrl Pts',(-15.5190350794398,42.7958310965596,-0.0178510712384186));
#4888=CARTESIAN_POINT('Ctrl Pts',(-15.5255051724421,42.7961024273194,-0.0119784093869412));
#4889=CARTESIAN_POINT('Ctrl Pts',(-15.5317802577296,42.7963683891657,-0.00628268701103164));
#4890=CARTESIAN_POINT('Ctrl Pts',(-15.5385327733912,42.7966545863169,-0.000153614211896924));
#4891=CARTESIAN_POINT('Ctrl Pts',(-15.5450543797939,42.7969343546977,0.00576594715202913));
#4892=CARTESIAN_POINT('Ctrl Pts',(-15.5510761967489,42.7971950290749,0.0112320066834838));
#4893=CARTESIAN_POINT('Ctrl Pts',(-15.5553679381821,42.7973808113783,0.0151276604940948));
#4894=CARTESIAN_POINT('Ctrl Pts',(-15.5594049626694,42.7975568730195,0.018792186572278));
#4895=CARTESIAN_POINT('Ctrl Pts',(-15.5631108676562,42.7977196781295,0.0221562280222734));
#4896=CARTESIAN_POINT('Ctrl Pts',(-15.5633587231304,42.7977305667351,0.0223812192435125));
#4897=CARTESIAN_POINT('Ctrl Pts',(-15.5636050975129,42.7977413960695,0.022604866384936));
#4898=CARTESIAN_POINT('Ctrl Pts',(-15.5638499683614,42.7977521650514,0.0228271482521408));
#4899=CARTESIAN_POINT('Ctrl Pts',(-15.5673759274853,42.7979072304266,0.0260278427515638));
#4900=CARTESIAN_POINT('Ctrl Pts',(-15.5705924141484,42.7980569528791,0.0289473312245537));
#4901=CARTESIAN_POINT('Ctrl Pts',(-15.5734613745801,42.7981928810441,0.0315498692893211));
#4902=CARTESIAN_POINT('Ctrl Pts',(-15.5762253648397,42.7983238358386,0.0340571851036741));
#4903=CARTESIAN_POINT('Ctrl Pts',(-15.5786658744765,42.79844035798,0.0362695678446328));
#4904=CARTESIAN_POINT('Ctrl Pts',(-15.5807878285562,42.7985420393128,0.038191865971322));
#4905=CARTESIAN_POINT('Ctrl Pts',(-15.5827438922624,42.7986357713906,0.0399638824508964));
#4906=CARTESIAN_POINT('Ctrl Pts',(-15.5844306451708,42.7987169648798,0.0414907077025034));
#4907=CARTESIAN_POINT('Ctrl Pts',(-15.5858875114958,42.7987872368183,0.0428086921355449));
#4908=CARTESIAN_POINT('Ctrl Pts',(-15.5873646539322,42.7988584867749,0.0441450197746626));
#4909=CARTESIAN_POINT('Ctrl Pts',(-15.5886071719667,42.7989185946134,0.0452682255007297));
#4910=CARTESIAN_POINT('Ctrl Pts',(-15.5897008524351,42.7989715720106,0.0462564091443686));
#4911=CARTESIAN_POINT('Ctrl Pts',(-15.5907364207153,42.7990217344792,0.0471920861230789));
#4912=CARTESIAN_POINT('Ctrl Pts',(-15.5916411193421,42.7990656316277,0.0480090401202974));
#4913=CARTESIAN_POINT('Ctrl Pts',(-15.5925325313362,42.7991089308885,0.0488136168007646));
#4914=CARTESIAN_POINT('Ctrl Pts',(-15.5925825540171,42.7991113606798,0.0488587666111499));
#4915=CARTESIAN_POINT('Ctrl Pts',(-15.5926325494307,42.7991137893145,0.0489038904843878));
#4916=CARTESIAN_POINT('Ctrl Pts',(-15.5926825424166,42.7991162179979,0.0489490108352816));
#4917=CARTESIAN_POINT('Ctrl Pts',(-15.5926972824806,42.7991169340822,0.0489623142001515));
#4918=CARTESIAN_POINT('Ctrl Pts',(-15.5965238629167,42.7993028337176,0.0524159116818425));
#4919=CARTESIAN_POINT('Ctrl Pts',(-15.6003578558544,42.7994900576091,0.05586866253429));
#4920=CARTESIAN_POINT('Ctrl Pts',(-15.6043391523556,42.7996850284828,0.0594422284263937));
#4921=CARTESIAN_POINT('Ctrl Pts',(-15.6084246476471,42.7998851021487,0.0631093219526557));
#4922=CARTESIAN_POINT('Ctrl Pts',(-15.6126650796291,42.8000933530395,0.066903621058111));
#4923=CARTESIAN_POINT('Ctrl Pts',(-15.6171734086457,42.800314924458,0.0709174628911428));
#4924=CARTESIAN_POINT('Ctrl Pts',(-15.6218955626996,42.8005470047628,0.0751216767836743));
#4925=CARTESIAN_POINT('Ctrl Pts',(-15.6269115521851,42.8007938368742,0.0795669147040522));
#4926=CARTESIAN_POINT('Ctrl Pts',(-15.6323113351623,42.8010574460231,0.0843153341828901));
#4927=CARTESIAN_POINT('Ctrl Pts',(-15.6352534083383,42.8012010735373,0.0869025117854276));
#4928=CARTESIAN_POINT('Ctrl Pts',(-15.638309581981,42.8013500351166,0.0895796615332736));
#4929=CARTESIAN_POINT('Ctrl Pts',(-15.641488749886,42.8015043652261,0.0923504458938568));
#4930=CARTESIAN_POINT('Ctrl Pts',(-15.6443618252345,42.8016438363225,0.094854457157323));
#4931=CARTESIAN_POINT('Ctrl Pts',(-15.6473353795983,42.8017876853822,0.0974349102078292));
#4932=CARTESIAN_POINT('Ctrl Pts',(-15.6504154909406,42.8019360804342,0.100094993004437));
#4933=CARTESIAN_POINT('Ctrl Pts',(-15.657825010975,42.8022930597733,0.10649409179801));
#4934=CARTESIAN_POINT('Ctrl Pts',(-15.6658513672388,42.8026763388382,0.113354272371007));
#4935=CARTESIAN_POINT('Ctrl Pts',(-15.6745220049635,42.8030861593202,0.120667702640887));
#4936=CARTESIAN_POINT('Ctrl Pts',(-15.6821978832301,42.8034489621764,0.127142082293863));
#4937=CARTESIAN_POINT('Ctrl Pts',(-15.6903759164426,42.8038324219026,0.133969035328547));
#4938=CARTESIAN_POINT('Ctrl Pts',(-15.6990411293018,42.8042353453888,0.141114771658018));
#4939=CARTESIAN_POINT('Ctrl Pts',(-15.7063927814375,42.8045771896523,0.147177284905117));
#4940=CARTESIAN_POINT('Ctrl Pts',(-15.7140949597483,42.8049330364398,0.153469048498288));
#4941=CARTESIAN_POINT('Ctrl Pts',(-15.7221206358106,42.8053019149207,0.159956629381184));
#4942=CARTESIAN_POINT('Ctrl Pts',(-15.7253033390474,42.8054481992619,0.162529377709765));
#4943=CARTESIAN_POINT('Ctrl Pts',(-15.7285368972709,42.8055965361467,0.165132938696412));
#4944=CARTESIAN_POINT('Ctrl Pts',(-15.7318197430518,42.8057467917652,0.167765091670861));
#4945=CARTESIAN_POINT('Ctrl Pts',(-15.7451835215747,42.8063584509599,0.17848003587974));
#4946=CARTESIAN_POINT('Ctrl Pts',(-15.7593627895437,42.8070003880817,0.189666688750468));
#4947=CARTESIAN_POINT('Ctrl Pts',(-15.7741930157783,42.8076576302308,0.201135128925355));
#4948=CARTESIAN_POINT('Ctrl Pts',(-15.7842118454628,42.808101642146,0.208882842752579));
#4949=CARTESIAN_POINT('Ctrl Pts',(-15.7945265317984,42.8085520971477,0.216758390318329));
#4950=CARTESIAN_POINT('Ctrl Pts',(-15.8050777246518,42.8090048242036,0.224700974833057));
#4951=CARTESIAN_POINT('Ctrl Pts',(-15.8140767590538,42.8093909517636,0.231475146462937));
#4952=CARTESIAN_POINT('Ctrl Pts',(-15.8232478191006,42.8097787496347,0.238298095322552));
#4953=CARTESIAN_POINT('Ctrl Pts',(-15.832551604129,42.8101631885876,0.245134999305539));
#4954=CARTESIAN_POINT('Ctrl Pts',(-15.8487521809497,42.8108326078369,0.257040023750259));
#4955=CARTESIAN_POINT('Ctrl Pts',(-15.8653518012572,42.8114896891471,0.268983553441415));
#4956=CARTESIAN_POINT('Ctrl Pts',(-15.8821564479581,42.8121050634464,0.280811921910916));
#4957=CARTESIAN_POINT('Ctrl Pts',(-15.8848543505809,42.812203858736,0.282710907761998));
#4958=CARTESIAN_POINT('Ctrl Pts',(-15.8875575581353,42.8123015830646,0.284606991045971));
#4959=CARTESIAN_POINT('Ctrl Pts',(-15.8902654692874,42.8123981271889,0.286499733385903));
#4960=CARTESIAN_POINT('Ctrl Pts',(-15.901232481389,42.8127891298916,0.294165320246491));
#4961=CARTESIAN_POINT('Ctrl Pts',(-15.9122767603207,42.8131607268522,0.301775942996016));
#4962=CARTESIAN_POINT('Ctrl Pts',(-15.9233579482314,42.813502673155,0.309303152422225));
#4963=CARTESIAN_POINT('Ctrl Pts',(-15.9364404294604,42.8139063759101,0.318189796780088));
#4964=CARTESIAN_POINT('Ctrl Pts',(-15.9495741319568,42.8142687182785,0.326960166339163));
#4965=CARTESIAN_POINT('Ctrl Pts',(-15.9627277549313,42.8145773677172,0.335595209079996));
#4966=CARTESIAN_POINT('Ctrl Pts',(-15.9676797374789,42.8146935658656,0.338846068636557));
#4967=CARTESIAN_POINT('Ctrl Pts',(-15.9726345275975,42.8148023093989,0.342077770647071));
#4968=CARTESIAN_POINT('Ctrl Pts',(-15.9775926243291,42.8149026342241,0.345290782040073));
#4969=CARTESIAN_POINT('Ctrl Pts',(-15.9852675534159,42.8150579329124,0.350264391054042));
#4970=CARTESIAN_POINT('Ctrl Pts',(-15.9929503947463,42.8151930586311,0.35519321364232));
#4971=CARTESIAN_POINT('Ctrl Pts',(-16.0006428679747,42.8153033442628,0.360078935483033));
#4972=CARTESIAN_POINT('Ctrl Pts',(-16.0130210621727,42.8154808082496,0.367940700086676));
#4973=CARTESIAN_POINT('Ctrl Pts',(-16.0254237659459,42.8155943709566,0.375690937192653));
#4974=CARTESIAN_POINT('Ctrl Pts',(-16.0379035632599,42.8156278916266,0.383363010769606));
#4975=CARTESIAN_POINT('Ctrl Pts',(-16.0475241540346,42.8156537324828,0.389277360051096));
#4976=CARTESIAN_POINT('Ctrl Pts',(-16.0571916697381,42.8156319573978,0.395145953035244));
#4977=CARTESIAN_POINT('Ctrl Pts',(-16.0669506242949,42.815554787522,0.400994165551487));
#4978=CARTESIAN_POINT('Ctrl Pts',(-16.2270692075623,43.173449678577,0.637575747001145));
#4979=CARTESIAN_POINT('Ctrl Pts',(-16.1999939685959,43.1733095807838,0.623044903569336));
#4980=CARTESIAN_POINT('Ctrl Pts',(-16.1457951905,43.1724168641026,0.593654996646374));
#4981=CARTESIAN_POINT('Ctrl Pts',(-16.0590388850031,43.1695914530855,0.544662992941628));
#4982=CARTESIAN_POINT('Ctrl Pts',(-15.9622564580232,43.165629679368,0.486986643160799));
#4983=CARTESIAN_POINT('Ctrl Pts',(-15.8545698298085,43.1609538805748,0.419057428815379));
#4984=CARTESIAN_POINT('Ctrl Pts',(-15.7382536619167,43.156038361055,0.3399352941542));
#4985=CARTESIAN_POINT('Ctrl Pts',(-15.612875753146,43.1513962823743,0.248055069976532));
#4986=CARTESIAN_POINT('Ctrl Pts',(-15.4747278662273,43.1477042143202,0.133380042697122));
#4987=CARTESIAN_POINT('Ctrl Pts',(-15.3391464143982,43.1453667459409,0.0166229138822504));
#4988=CARTESIAN_POINT('Ctrl Pts',(-15.2677107987928,43.1443633710263,-0.0482036238607386));
#4989=CARTESIAN_POINT('Ctrl Pts',(-15.2308491769676,43.1443633710263,-0.0816648469443169));
#4990=CARTESIAN_POINT('Ctrl Pts',(-16.1826942230435,43.1931940484115,0.636966012954756));
#4991=CARTESIAN_POINT('Ctrl Pts',(-16.1563273348081,43.1926260529934,0.622438710978574));
#4992=CARTESIAN_POINT('Ctrl Pts',(-16.1031969391936,43.1911237141394,0.592940814732054));
#4993=CARTESIAN_POINT('Ctrl Pts',(-16.0165984952773,43.1881483247025,0.543123446933853));
#4994=CARTESIAN_POINT('Ctrl Pts',(-15.9184629296178,43.1847515614237,0.4839168866731));
#4995=CARTESIAN_POINT('Ctrl Pts',(-15.8087024360758,43.1813445346046,0.414248750326524));
#4996=CARTESIAN_POINT('Ctrl Pts',(-15.6914002150362,43.1782973584869,0.334363178599234));
#4997=CARTESIAN_POINT('Ctrl Pts',(-15.5676081939024,43.1758639254998,0.244073674208687));
#4998=CARTESIAN_POINT('Ctrl Pts',(-15.4343414033264,43.1745943805853,0.134225128384525));
#4999=CARTESIAN_POINT('Ctrl Pts',(-15.3068729217656,43.1743205016291,0.0269017605813193));
#5000=CARTESIAN_POINT('Ctrl Pts',(-15.2427830445435,43.1746453663609,-0.0299341770544853));
#5001=CARTESIAN_POINT('Ctrl Pts',(-15.2101117135877,43.1752167247635,-0.058819999617184));
#5002=CARTESIAN_POINT('Ctrl Pts',(-16.1038752716182,43.2271217050606,0.643955261465015));
#5003=CARTESIAN_POINT('Ctrl Pts',(-16.0770437059427,43.2263959557242,0.628700167912924));
#5004=CARTESIAN_POINT('Ctrl Pts',(-16.0224783239168,43.2249375644942,0.597613470398779));
#5005=CARTESIAN_POINT('Ctrl Pts',(-15.9309415483753,43.2230240180738,0.54414857619052));
#5006=CARTESIAN_POINT('Ctrl Pts',(-15.8247649963544,43.2216628959704,0.47975226082451));
#5007=CARTESIAN_POINT('Ctrl Pts',(-15.7063693585448,43.2211133631343,0.404494020526472));
#5008=CARTESIAN_POINT('Ctrl Pts',(-15.5839780043842,43.2214131162979,0.323888234975707));
#5009=CARTESIAN_POINT('Ctrl Pts',(-15.4665270923701,43.2226869799252,0.235701286574768));
#5010=CARTESIAN_POINT('Ctrl Pts',(-15.3437784124356,43.2242640569774,0.14106162026917));
#5011=CARTESIAN_POINT('Ctrl Pts',(-15.2366793819812,43.2262575728081,0.0536900081848075));
#5012=CARTESIAN_POINT('Ctrl Pts',(-15.1879579316614,43.2277783880943,0.0131866316261198));
#5013=CARTESIAN_POINT('Ctrl Pts',(-15.1631786472151,43.2287969896005,-0.00711749790645505));
#5014=CARTESIAN_POINT('Ctrl Pts',(-15.9644181152527,43.2736504831647,0.67980911908734));
#5015=CARTESIAN_POINT('Ctrl Pts',(-15.9299703543178,43.2735740048568,0.659884330497422));
#5016=CARTESIAN_POINT('Ctrl Pts',(-15.8615805731727,43.2735530418593,0.620371134530327));
#5017=CARTESIAN_POINT('Ctrl Pts',(-15.7484058761583,43.2739320730159,0.552952119082732));
#5018=CARTESIAN_POINT('Ctrl Pts',(-15.6225649207783,43.2746516487103,0.475011785200311));
#5019=CARTESIAN_POINT('Ctrl Pts',(-15.496988304127,43.2755167995028,0.393517141669556));
#5020=CARTESIAN_POINT('Ctrl Pts',(-15.3899266037462,43.2763748816736,0.319604246379906));
#5021=CARTESIAN_POINT('Ctrl Pts',(-15.2968165551491,43.2769217156562,0.251329861389457));
#5022=CARTESIAN_POINT('Ctrl Pts',(-15.2047143295358,43.2773561787434,0.178743986980897));
#5023=CARTESIAN_POINT('Ctrl Pts',(-15.1281531633876,43.2780237283989,0.118330882347852));
#5024=CARTESIAN_POINT('Ctrl Pts',(-15.0961592711697,43.2788955492691,0.0942620977686166));
#5025=CARTESIAN_POINT('Ctrl Pts',(-15.0811942091788,43.2793215432044,0.0831983683992554));
#5026=CARTESIAN_POINT('Ctrl Pts',(-15.8984775607778,43.290809980433,0.746538784523462));
#5027=CARTESIAN_POINT('Ctrl Pts',(-15.8575549196138,43.290809980433,0.721396231160603));
#5028=CARTESIAN_POINT('Ctrl Pts',(-15.7783017259958,43.290809980433,0.672667937123634));
#5029=CARTESIAN_POINT('Ctrl Pts',(-15.6512356905019,43.290809980433,0.592797607097263));
#5030=CARTESIAN_POINT('Ctrl Pts',(-15.5178155175648,43.290809980433,0.506826740253133));
#5031=CARTESIAN_POINT('Ctrl Pts',(-15.3942723533357,43.290809980433,0.425177568230044));
#5032=CARTESIAN_POINT('Ctrl Pts',(-15.2951886411613,43.290809980433,0.357163207998338));
#5033=CARTESIAN_POINT('Ctrl Pts',(-15.2066860091975,43.290809980433,0.292265315672092));
#5034=CARTESIAN_POINT('Ctrl Pts',(-15.1212565867459,43.290809980433,0.226529255185737));
#5035=CARTESIAN_POINT('Ctrl Pts',(-15.0562585844759,43.2908099804331,0.175101243404283));
#5036=CARTESIAN_POINT('Ctrl Pts',(-15.0332929757657,43.290809980433,0.156477764640408));
#5037=CARTESIAN_POINT('Ctrl Pts',(-15.0225425530335,43.290809980433,0.147810327228396));
#5038=CARTESIAN_POINT('Ctrl Pts',(-15.869199125656,43.290809980433,0.778890545655791));
#5039=CARTESIAN_POINT('Ctrl Pts',(-15.8240600611268,43.290809980433,0.750996071873758));
#5040=CARTESIAN_POINT('Ctrl Pts',(-15.7373296000575,43.290809980433,0.697548504630987));
#5041=CARTESIAN_POINT('Ctrl Pts',(-15.6002214074979,43.290809980433,0.611610683907248));
#5042=CARTESIAN_POINT('Ctrl Pts',(-15.4607416171769,43.290809980433,0.522323353161476));
#5043=CARTESIAN_POINT('Ctrl Pts',(-15.3370079342956,43.290809980433,0.441215317471722));
#5044=CARTESIAN_POINT('Ctrl Pts',(-15.2409001691201,43.290809980433,0.375515339629855));
#5045=CARTESIAN_POINT('Ctrl Pts',(-15.1553827875202,43.290809980433,0.312489109691475));
#5046=CARTESIAN_POINT('Ctrl Pts',(-15.0767070627775,43.290809980433,0.250967939128996));
#5047=CARTESIAN_POINT('Ctrl Pts',(-15.0202756154856,43.2908099804331,0.204525675860492));
#5048=CARTESIAN_POINT('Ctrl Pts',(-15.0017855813872,43.290809980433,0.187897466682042));
#5049=CARTESIAN_POINT('Ctrl Pts',(-14.9932153510724,43.290809980433,0.18011782014877));
#5050=CARTESIAN_POINT('',(-15.869199125656,43.290809980433,0.778890545655791));
#5051=CARTESIAN_POINT('Ctrl Pts',(-16.2270692075623,43.173449678577,0.637575747001145));
#5052=CARTESIAN_POINT('Ctrl Pts',(-16.1826942230435,43.1931940484115,0.636966012954756));
#5053=CARTESIAN_POINT('Ctrl Pts',(-16.1038752716182,43.2271217050606,0.643955261465015));
#5054=CARTESIAN_POINT('Ctrl Pts',(-15.9644181152527,43.2736504831647,0.67980911908734));
#5055=CARTESIAN_POINT('Ctrl Pts',(-15.8984775607778,43.290809980433,0.746538784523462));
#5056=CARTESIAN_POINT('Ctrl Pts',(-15.869199125656,43.290809980433,0.778890545655791));
#5057=CARTESIAN_POINT('',(-14.9932153510724,43.290809980433,0.18011782014877));
#5058=CARTESIAN_POINT('Ctrl Pts',(-15.869199125656,43.290809980433,0.778890545655791));
#5059=CARTESIAN_POINT('Ctrl Pts',(-15.8552032410643,43.290809980433,0.770241544178406));
#5060=CARTESIAN_POINT('Ctrl Pts',(-15.8413543342245,43.2908099804316,0.761689300141601));
#5061=CARTESIAN_POINT('Ctrl Pts',(-15.8276007842463,43.2908099804294,0.753194491553022));
#5062=CARTESIAN_POINT('Ctrl Pts',(-15.806076421952,43.2908099804258,0.739900081166516));
#5063=CARTESIAN_POINT('Ctrl Pts',(-15.7847874138408,43.2908099804298,0.726747501379102));
#5064=CARTESIAN_POINT('Ctrl Pts',(-15.7633615641027,43.2908099804313,0.713468877439672));
#5065=CARTESIAN_POINT('Ctrl Pts',(-15.7543229357228,43.2908099804319,0.70786720709043));
#5066=CARTESIAN_POINT('Ctrl Pts',(-15.7452632241077,43.2908099804326,0.702245352495026));
#5067=CARTESIAN_POINT('Ctrl Pts',(-15.7361611499843,43.2908099804329,0.696587241977223));
#5068=CARTESIAN_POINT('Ctrl Pts',(-15.7316850250975,43.290809980433,0.69380475427635));
#5069=CARTESIAN_POINT('Ctrl Pts',(-15.7271986614616,43.290809980433,0.691013503036127));
#5070=CARTESIAN_POINT('Ctrl Pts',(-15.7227033264122,43.290809980433,0.688214169697227));
#5071=CARTESIAN_POINT('Ctrl Pts',(-15.7083448124654,43.290809980433,0.679272841331973));
#5072=CARTESIAN_POINT('Ctrl Pts',(-15.6938763510177,43.290809980433,0.670238152373486));
#5073=CARTESIAN_POINT('Ctrl Pts',(-15.6792937577351,43.290809980433,0.661104814553328));
#5074=CARTESIAN_POINT('Ctrl Pts',(-15.6636685626785,43.290809980433,0.651318476678323));
#5075=CARTESIAN_POINT('Ctrl Pts',(-15.647912683038,43.290809980433,0.641419035988374));
#5076=CARTESIAN_POINT('Ctrl Pts',(-15.6320750952608,43.290809980433,0.631433582747575));
#5077=CARTESIAN_POINT('Ctrl Pts',(-15.6213521083518,43.290809980433,0.624672838252378));
#5078=CARTESIAN_POINT('Ctrl Pts',(-15.6105966263294,43.290809980433,0.617875605339217));
#5079=CARTESIAN_POINT('Ctrl Pts',(-15.5998265717901,43.2908099804328,0.611052267430854));
#5080=CARTESIAN_POINT('Ctrl Pts',(-15.5929422869385,43.2908099804327,0.60669074803196));
#5081=CARTESIAN_POINT('Ctrl Pts',(-15.5860520557444,43.2908099804324,0.602318569595853));
#5082=CARTESIAN_POINT('Ctrl Pts',(-15.5791680257146,43.290809980432,0.59794351518162));
#5083=CARTESIAN_POINT('Ctrl Pts',(-15.5558181302019,43.2908099804309,0.583103797314016));
#5084=CARTESIAN_POINT('Ctrl Pts',(-15.5325066123524,43.290809980432,0.568211109063915));
#5085=CARTESIAN_POINT('Ctrl Pts',(-15.5095936523966,43.2908099804326,0.553493584003672));
#5086=CARTESIAN_POINT('Ctrl Pts',(-15.4939581821843,43.290809980433,0.543450559221093));
#5087=CARTESIAN_POINT('Ctrl Pts',(-15.4785093438985,43.290809980433,0.533489752860174));
#5088=CARTESIAN_POINT('Ctrl Pts',(-15.4633660207456,43.290809980433,0.523686553948415));
#5089=CARTESIAN_POINT('Ctrl Pts',(-15.4597546216316,43.290809980433,0.521348674507639));
#5090=CARTESIAN_POINT('Ctrl Pts',(-15.456160603901,43.290809980433,0.519019761868205));
#5091=CARTESIAN_POINT('Ctrl Pts',(-15.4525850117094,43.290809980433,0.516700445214817));
#5092=CARTESIAN_POINT('Ctrl Pts',(-15.4365171053925,43.290809980433,0.506277958334519));
#5093=CARTESIAN_POINT('Ctrl Pts',(-15.4208299177545,43.290809980433,0.496055136874756));
#5094=CARTESIAN_POINT('Ctrl Pts',(-15.4056385690962,43.290809980433,0.486102708079774));
#5095=CARTESIAN_POINT('Ctrl Pts',(-15.3913966797291,43.290809980433,0.476772306084478));
#5096=CARTESIAN_POINT('Ctrl Pts',(-15.3775912176069,43.290809980433,0.467680079002125));
#5097=CARTESIAN_POINT('Ctrl Pts',(-15.3642782333771,43.290809980433,0.458858834534925));
#5098=CARTESIAN_POINT('Ctrl Pts',(-15.3565582609636,43.290809980433,0.453743545373345));
#5099=CARTESIAN_POINT('Ctrl Pts',(-15.348998295549,43.2908099804331,0.448715598720768));
#5100=CARTESIAN_POINT('Ctrl Pts',(-15.3416127064669,43.2908099804328,0.443783196832366));
#5101=CARTESIAN_POINT('Ctrl Pts',(-15.3370579722415,43.2908099804327,0.440741356913447));
#5102=CARTESIAN_POINT('Ctrl Pts',(-15.3325695874218,43.2908099804324,0.437735873282307));
#5103=CARTESIAN_POINT('Ctrl Pts',(-15.3281417963941,43.2908099804309,0.434762345572141));
#5104=CARTESIAN_POINT('Ctrl Pts',(-15.3172597283239,43.2908099804274,0.42745438303538));
#5105=CARTESIAN_POINT('Ctrl Pts',(-15.30676397811,43.2908099804208,0.420354428220652));
#5106=CARTESIAN_POINT('Ctrl Pts',(-15.2966179872547,43.2908099804212,0.413432900719605));
#5107=CARTESIAN_POINT('Ctrl Pts',(-15.2869405968262,43.2908099804216,0.406831049313977));
#5108=CARTESIAN_POINT('Ctrl Pts',(-15.2775815392329,43.2908099804264,0.400391615850871));
#5109=CARTESIAN_POINT('Ctrl Pts',(-15.2684683814888,43.290809980429,0.394061025133269));
#5110=CARTESIAN_POINT('Ctrl Pts',(-15.2596709978742,43.2908099804316,0.387949791616441));
#5111=CARTESIAN_POINT('Ctrl Pts',(-15.2510973800087,43.2908099804321,0.38193600865963));
#5112=CARTESIAN_POINT('Ctrl Pts',(-15.2426658643833,43.2908099804327,0.375960751710911));
#5113=CARTESIAN_POINT('Ctrl Pts',(-15.2423614359421,43.2908099804327,0.375745008985689));
#5114=CARTESIAN_POINT('Ctrl Pts',(-15.2420571931662,43.2908099804327,0.37552931667251));
#5115=CARTESIAN_POINT('Ctrl Pts',(-15.2417531345497,43.2908099804327,0.375313673994838));
#5116=CARTESIAN_POINT('Ctrl Pts',(-15.232843735906,43.2908099804333,0.368995002279381));
#5117=CARTESIAN_POINT('Ctrl Pts',(-15.2240907904592,43.290809980433,0.362717101729856));
#5118=CARTESIAN_POINT('Ctrl Pts',(-15.2154412103794,43.290809980433,0.356448295645594));
#5119=CARTESIAN_POINT('Ctrl Pts',(-15.2062938748995,43.290809980433,0.349818740016029));
#5120=CARTESIAN_POINT('Ctrl Pts',(-15.1972627023465,43.290809980433,0.343199497088194));
#5121=CARTESIAN_POINT('Ctrl Pts',(-15.1883371395512,43.290809980433,0.336589326792391));
#5122=CARTESIAN_POINT('Ctrl Pts',(-15.178696569317,43.290809980433,0.329449630119195));
#5123=CARTESIAN_POINT('Ctrl Pts',(-15.1691798710051,43.290809980433,0.322320744207392));
#5124=CARTESIAN_POINT('Ctrl Pts',(-15.1598227099191,43.290809980433,0.315239817717411));
#5125=CARTESIAN_POINT('Ctrl Pts',(-15.1587205021306,43.290809980433,0.314405734360799));
#5126=CARTESIAN_POINT('Ctrl Pts',(-15.1576206743191,43.290809980433,0.31357245035081));
#5127=CARTESIAN_POINT('Ctrl Pts',(-15.156523141296,43.290809980433,0.312739921340193));
#5128=CARTESIAN_POINT('Ctrl Pts',(-15.1469332134019,43.290809980433,0.30546552228887));
#5129=CARTESIAN_POINT('Ctrl Pts',(-15.1375184324638,43.290809980433,0.298248886760459));
#5130=CARTESIAN_POINT('Ctrl Pts',(-15.1283596378061,43.290809980433,0.291165244724741));
#5131=CARTESIAN_POINT('Ctrl Pts',(-15.1125458521936,43.290809980433,0.278934465381476));
#5132=CARTESIAN_POINT('Ctrl Pts',(-15.0974976973961,43.290809980433,0.2671025308822));
#5133=CARTESIAN_POINT('Ctrl Pts',(-15.0837090153834,43.290809980433,0.256110445621815));
#5134=CARTESIAN_POINT('Ctrl Pts',(-15.082602644326,43.290809980433,0.255228466837897));
#5135=CARTESIAN_POINT('Ctrl Pts',(-15.0815044067944,43.290809980433,0.25435191156192));
#5136=CARTESIAN_POINT('Ctrl Pts',(-15.0804145728356,43.290809980433,0.253481017897524));
#5137=CARTESIAN_POINT('Ctrl Pts',(-15.0801493717671,43.290809980433,0.253269093935622));
#5138=CARTESIAN_POINT('Ctrl Pts',(-15.0798846683278,43.290809980433,0.253057505234741));
#5139=CARTESIAN_POINT('Ctrl Pts',(-15.0796204639975,43.290809980433,0.252846253297141));
#5140=CARTESIAN_POINT('Ctrl Pts',(-15.0714433321488,43.290809980433,0.246307999569491));
#5141=CARTESIAN_POINT('Ctrl Pts',(-15.0637457189273,43.290809980433,0.240093634200684));
#5142=CARTESIAN_POINT('Ctrl Pts',(-15.0566112129537,43.290809980433,0.234280088125073));
#5143=CARTESIAN_POINT('Ctrl Pts',(-15.0501856290655,43.290809980433,0.229044206602922));
#5144=CARTESIAN_POINT('Ctrl Pts',(-15.0442171777876,43.2908099804331,0.224133941439942));
#5145=CARTESIAN_POINT('Ctrl Pts',(-15.0387337130798,43.2908099804331,0.219579167928197));
#5146=CARTESIAN_POINT('Ctrl Pts',(-15.0337835365331,43.290809980433,0.215467363765274));
#5147=CARTESIAN_POINT('Ctrl Pts',(-15.0292292344519,43.2908099804325,0.211645366002231));
#5148=CARTESIAN_POINT('Ctrl Pts',(-15.0250587255054,43.2908099804328,0.208108698302445));
#5149=CARTESIAN_POINT('Ctrl Pts',(-15.0249094073708,43.2908099804328,0.207982073799199));
#5150=CARTESIAN_POINT('Ctrl Pts',(-15.0247605849852,43.2908099804329,0.207855817887673));
#5151=CARTESIAN_POINT('Ctrl Pts',(-15.0246122523899,43.2908099804329,0.207729926034084));
#5152=CARTESIAN_POINT('Ctrl Pts',(-15.0206099834162,43.2908099804333,0.204333146932537));
#5153=CARTESIAN_POINT('Ctrl Pts',(-15.0169670222057,43.2908099804331,0.201201507319023));
#5154=CARTESIAN_POINT('Ctrl Pts',(-15.0136346429086,43.290809980433,0.198304614956397));
#5155=CARTESIAN_POINT('Ctrl Pts',(-15.010165739101,43.290809980433,0.195289039581852));
#5156=CARTESIAN_POINT('Ctrl Pts',(-15.0070335194454,43.290809980433,0.192528281136283));
#5157=CARTESIAN_POINT('Ctrl Pts',(-15.0041377429936,43.290809980433,0.18995073689461));
#5158=CARTESIAN_POINT('Ctrl Pts',(-15.0017461798676,43.290809980433,0.187821995306089));
#5159=CARTESIAN_POINT('Ctrl Pts',(-14.9995133300186,43.290809980433,0.185816090545607));
#5160=CARTESIAN_POINT('Ctrl Pts',(-14.9973558486958,43.290809980433,0.183867782348204));
#5161=CARTESIAN_POINT('Ctrl Pts',(-14.9959544959058,43.290809980433,0.182602294160937));
#5162=CARTESIAN_POINT('Ctrl Pts',(-14.9945842024521,43.290809980433,0.181360398177536));
#5163=CARTESIAN_POINT('Ctrl Pts',(-14.9932153510724,43.290809980433,0.180117820148769));
#5164=CARTESIAN_POINT('Origin',(-14.9932153510724,42.790809980433,0.18011782014877));
#5165=CARTESIAN_POINT('Ctrl Pts',(-16.2270692075623,43.173449678577,0.637575747001145));
#5166=CARTESIAN_POINT('Ctrl Pts',(-16.1826942230435,43.1931940484115,0.636966012954756));
#5167=CARTESIAN_POINT('Ctrl Pts',(-16.1038752716182,43.2271217050606,0.643955261465015));
#5168=CARTESIAN_POINT('Ctrl Pts',(-15.9644181152527,43.2736504831647,0.67980911908734));
#5169=CARTESIAN_POINT('Ctrl Pts',(-15.8984775607778,43.290809980433,0.746538784523462));
#5170=CARTESIAN_POINT('Ctrl Pts',(-15.869199125656,43.290809980433,0.778890545655791));
#5171=CARTESIAN_POINT('Ctrl Pts',(-16.2454945737525,43.1835320101841,0.659067145125663));
#5172=CARTESIAN_POINT('Ctrl Pts',(-16.2039821482731,43.2018826271731,0.659941530241676));
#5173=CARTESIAN_POINT('Ctrl Pts',(-16.1300079476522,43.2334326473479,0.669368905417116));
#5174=CARTESIAN_POINT('Ctrl Pts',(-16.0088397682013,43.2758414830811,0.714620780253601));
#5175=CARTESIAN_POINT('Ctrl Pts',(-15.9582349427948,43.290809980433,0.786049934630657));
#5176=CARTESIAN_POINT('Ctrl Pts',(-15.9369077224497,43.290809980433,0.820732256328841));
#5177=CARTESIAN_POINT('Ctrl Pts',(-16.2880104918517,43.2017905661675,0.705767164900089));
#5178=CARTESIAN_POINT('Ctrl Pts',(-16.2523345878068,43.2176370336402,0.709518300842674));
#5179=CARTESIAN_POINT('Ctrl Pts',(-16.1894631784482,43.2448159740115,0.724428530131146));
#5180=CARTESIAN_POINT('Ctrl Pts',(-16.1089191340795,43.2797123706051,0.790714538708373));
#5181=CARTESIAN_POINT('Ctrl Pts',(-16.0880511147982,43.2908099804331,0.870969962711738));
#5182=CARTESIAN_POINT('Ctrl Pts',(-16.0817195813977,43.2908099804331,0.910630958582215));
#5183=CARTESIAN_POINT('Ctrl Pts',(-16.3750487283612,43.2241666520729,0.791408030181924));
#5184=CARTESIAN_POINT('Ctrl Pts',(-16.3493345042566,43.2368880067854,0.800079880296632));
#5185=CARTESIAN_POINT('Ctrl Pts',(-16.3086202491535,43.2584863419841,0.826668209898065));
#5186=CARTESIAN_POINT('Ctrl Pts',(-16.2890582022241,43.2838666373777,0.923472832616942));
#5187=CARTESIAN_POINT('Ctrl Pts',(-16.2935777882312,43.290809980433,1.00597214387061));
#5188=CARTESIAN_POINT('Ctrl Pts',(-16.298624869236,43.290809980433,1.04813002337267));
#5189=CARTESIAN_POINT('Ctrl Pts',(-16.4803131914788,43.2413262648097,0.88970061392227));
#5190=CARTESIAN_POINT('Ctrl Pts',(-16.4636090342791,43.2514604723784,0.902712102404187));
#5191=CARTESIAN_POINT('Ctrl Pts',(-16.4434807157851,43.2683422728572,0.940199822493966));
#5192=CARTESIAN_POINT('Ctrl Pts',(-16.4491099832575,43.2862241894578,1.04269521311398));
#5193=CARTESIAN_POINT('Ctrl Pts',(-16.4520052717233,43.290809980433,1.11329914551997));
#5194=CARTESIAN_POINT('Ctrl Pts',(-16.4568594961948,43.290809980433,1.15223890752718));
#5195=CARTESIAN_POINT('Ctrl Pts',(-16.6091959462695,43.2517603763052,1.00530478426021));
#5196=CARTESIAN_POINT('Ctrl Pts',(-16.5987678402892,43.2599066462212,1.02125759341321));
#5197=CARTESIAN_POINT('Ctrl Pts',(-16.5896278503421,43.2733962105109,1.06415430439778));
#5198=CARTESIAN_POINT('Ctrl Pts',(-16.5920464336477,43.287049370165,1.15488319804565));
#5199=CARTESIAN_POINT('Ctrl Pts',(-16.5920847634151,43.290809980433,1.21780298111104));
#5200=CARTESIAN_POINT('Ctrl Pts',(-16.5950812471447,43.290809980433,1.25319898493552));
#5201=CARTESIAN_POINT('Ctrl Pts',(-16.7767460517132,43.2535755075255,1.14692128750757));
#5202=CARTESIAN_POINT('Ctrl Pts',(-16.7670155304855,43.2611649600901,1.16311144699295));
#5203=CARTESIAN_POINT('Ctrl Pts',(-16.7530698365867,43.274225859119,1.20256993384137));
#5204=CARTESIAN_POINT('Ctrl Pts',(-16.7319355107965,43.2874666280686,1.27007977552443));
#5205=CARTESIAN_POINT('Ctrl Pts',(-16.7186032637354,43.290809980433,1.31970535748811));
#5206=CARTESIAN_POINT('Ctrl Pts',(-16.7110441018731,43.290809980433,1.34454765192141));
#5207=CARTESIAN_POINT('Ctrl Pts',(-16.8493710656737,43.2527497466887,1.21105880567476));
#5208=CARTESIAN_POINT('Ctrl Pts',(-16.8371791380857,43.2608666913438,1.226457194264));
#5209=CARTESIAN_POINT('Ctrl Pts',(-16.8135154960862,43.2747611292911,1.25981198282907));
#5210=CARTESIAN_POINT('Ctrl Pts',(-16.7788211853296,43.2877911867208,1.31513672893029));
#5211=CARTESIAN_POINT('Ctrl Pts',(-16.7543708779353,43.290809980433,1.35295764497702));
#5212=CARTESIAN_POINT('Ctrl Pts',(-16.7417596627357,43.290809980433,1.37179291231133));
#5213=CARTESIAN_POINT('Ctrl Pts',(-16.8832215080453,43.2527497466887,1.24178662359459));
#5214=CARTESIAN_POINT('Ctrl Pts',(-16.8696741072265,43.2610986040482,1.25671073932254));
#5215=CARTESIAN_POINT('Ctrl Pts',(-16.8418437902149,43.2751540975828,1.28736923074677));
#5216=CARTESIAN_POINT('Ctrl Pts',(-16.7986057251127,43.2879501138535,1.33500123751086));
#5217=CARTESIAN_POINT('Ctrl Pts',(-16.7692786091885,43.290809980433,1.36730863565105));
#5218=CARTESIAN_POINT('Ctrl Pts',(-16.7546150082079,43.290809980433,1.38346238211124));
#5219=CARTESIAN_POINT('',(-16.8832215080453,43.2527497466887,1.24178662359459));
#5220=CARTESIAN_POINT('Ctrl Pts',(-16.2270692075623,43.173449678577,0.637575747001145));
#5221=CARTESIAN_POINT('Ctrl Pts',(-16.2454945737525,43.1835320101841,0.659067145125663));
#5222=CARTESIAN_POINT('Ctrl Pts',(-16.2880104918517,43.2017905661675,0.705767164900089));
#5223=CARTESIAN_POINT('Ctrl Pts',(-16.3750487283612,43.2241666520729,0.791408030181924));
#5224=CARTESIAN_POINT('Ctrl Pts',(-16.4803131914788,43.2413262648097,0.88970061392227));
#5225=CARTESIAN_POINT('Ctrl Pts',(-16.6091959462695,43.2517603763052,1.00530478426021));
#5226=CARTESIAN_POINT('Ctrl Pts',(-16.7767460517132,43.2535755075255,1.14692128750757));
#5227=CARTESIAN_POINT('Ctrl Pts',(-16.8493710656737,43.2527497466887,1.21105880567476));
#5228=CARTESIAN_POINT('Ctrl Pts',(-16.8832215080453,43.2527497466887,1.24178662359459));
#5229=CARTESIAN_POINT('',(-16.7546150082079,43.290809980433,1.38346238211124));
#5230=CARTESIAN_POINT('Origin',(-16.7546150082079,42.790809980433,1.38346238211124));
#5231=CARTESIAN_POINT('Ctrl Pts',(-16.7546150082079,43.290809980433,1.38346238211124));
#5232=CARTESIAN_POINT('Ctrl Pts',(-16.7521766961283,43.290809980433,1.38124899864069));
#5233=CARTESIAN_POINT('Ctrl Pts',(-16.7497347174497,43.290809980417,1.37903275865465));
#5234=CARTESIAN_POINT('Ctrl Pts',(-16.7471439051519,43.290809980209,1.37670502970798));
#5235=CARTESIAN_POINT('Ctrl Pts',(-16.7444726186062,43.2908099799946,1.37430499824972));
#5236=CARTESIAN_POINT('Ctrl Pts',(-16.7416432425335,43.2908099796448,1.37178654828275));
#5237=CARTESIAN_POINT('Ctrl Pts',(-16.7385423188853,43.2908099795342,1.36906618036974));
#5238=CARTESIAN_POINT('Ctrl Pts',(-16.7353276486153,43.2908099794195,1.36624602520116));
#5239=CARTESIAN_POINT('Ctrl Pts',(-16.7318213029099,43.2908099795776,1.36320899088594));
#5240=CARTESIAN_POINT('Ctrl Pts',(-16.7279429954674,43.2908099798008,1.35989798184038));
#5241=CARTESIAN_POINT('Ctrl Pts',(-16.7238910753321,43.290809980034,1.35643875525284));
#5242=CARTESIAN_POINT('Ctrl Pts',(-16.7194333428236,43.290809980267,1.3526806288526));
#5243=CARTESIAN_POINT('Ctrl Pts',(-16.7145250054976,43.2908099803562,1.34859492976934));
#5244=CARTESIAN_POINT('Ctrl Pts',(-16.7098854383088,43.2908099804405,1.34473295489858));
#5245=CARTESIAN_POINT('Ctrl Pts',(-16.7048459028231,43.2908099804329,1.34058029442868));
#5246=CARTESIAN_POINT('Ctrl Pts',(-16.699395883411,43.290809980433,1.33613406915453));
#5247=CARTESIAN_POINT('Ctrl Pts',(-16.6987493442473,43.290809980433,1.33560661070846));
#5248=CARTESIAN_POINT('Ctrl Pts',(-16.6980970754928,43.290809980433,1.33507505480297));
#5249=CARTESIAN_POINT('Ctrl Pts',(-16.6974393313553,43.290809980433,1.33453960541072));
#5250=CARTESIAN_POINT('Ctrl Pts',(-16.6914458797382,43.290809980433,1.32966051969489));
#5251=CARTESIAN_POINT('Ctrl Pts',(-16.6849767149289,43.2908099804323,1.3244426857247));
#5252=CARTESIAN_POINT('Ctrl Pts',(-16.6780651164457,43.2908099804239,1.31891791204282));
#5253=CARTESIAN_POINT('Ctrl Pts',(-16.6772537547076,43.290809980423,1.3182693515125));
#5254=CARTESIAN_POINT('Ctrl Pts',(-16.6764362486788,43.2908099804219,1.31761652724825));
#5255=CARTESIAN_POINT('Ctrl Pts',(-16.6756126165768,43.2908099804209,1.316959465431));
#5256=CARTESIAN_POINT('Ctrl Pts',(-16.6667036797219,43.2908099804093,1.30985226037528));
#5257=CARTESIAN_POINT('Ctrl Pts',(-16.6570852691405,43.2908099803975,1.30225493600707));
#5258=CARTESIAN_POINT('Ctrl Pts',(-16.6468744929412,43.2908099804013,1.29427239262619));
#5259=CARTESIAN_POINT('Ctrl Pts',(-16.6297984528859,43.2908099804078,1.2809227483039));
#5260=CARTESIAN_POINT('Ctrl Pts',(-16.6110688602148,43.2908099804326,1.26649833216162));
#5261=CARTESIAN_POINT('Ctrl Pts',(-16.591371416638,43.290809980433,1.25159676301565));
#5262=CARTESIAN_POINT('Ctrl Pts',(-16.5901153740365,43.290809980433,1.25064653789615));
#5263=CARTESIAN_POINT('Ctrl Pts',(-16.5888554105364,43.290809980433,1.24969438706067));
#5264=CARTESIAN_POINT('Ctrl Pts',(-16.5875915128195,43.290809980433,1.24874032205596));
#5265=CARTESIAN_POINT('Ctrl Pts',(-16.5766283177159,43.290809980433,1.24046465176354));
#5266=CARTESIAN_POINT('Ctrl Pts',(-16.5653821437369,43.2908099804388,1.23205547121838));
#5267=CARTESIAN_POINT('Ctrl Pts',(-16.5539464373094,43.2908099804212,1.22359512710946));
#5268=CARTESIAN_POINT('Ctrl Pts',(-16.5434971935641,43.2908099804051,1.21586458607789));
#5269=CARTESIAN_POINT('Ctrl Pts',(-16.5328902952656,43.2908099803564,1.20809227799978));
#5270=CARTESIAN_POINT('Ctrl Pts',(-16.522167097846,43.2908099803098,1.20031878984784));
#5271=CARTESIAN_POINT('Ctrl Pts',(-16.5121141002651,43.290809980266,1.1930311447054));
#5272=CARTESIAN_POINT('Ctrl Pts',(-16.5019592293702,43.2908099802416,1.18574272951977));
#5273=CARTESIAN_POINT('Ctrl Pts',(-16.491702838815,43.2908099802773,1.17846074420354));
#5274=CARTESIAN_POINT('Ctrl Pts',(-16.4820173760837,43.290809980311,1.17158411474885));
#5275=CARTESIAN_POINT('Ctrl Pts',(-16.4722415736024,43.2908099803899,1.16471337047639));
#5276=CARTESIAN_POINT('Ctrl Pts',(-16.4623409619226,43.2908099804188,1.15782722029869));
#5277=CARTESIAN_POINT('Ctrl Pts',(-16.4594138196847,43.2908099804273,1.15579131164041));
#5278=CARTESIAN_POINT('Ctrl Pts',(-16.4564750211733,43.2908099804299,1.15375309296637));
#5279=CARTESIAN_POINT('Ctrl Pts',(-16.4535238091935,43.2908099804313,1.15171234198456));
#5280=CARTESIAN_POINT('Ctrl Pts',(-16.4467405674374,43.2908099804346,1.14702175812677));
#5281=CARTESIAN_POINT('Ctrl Pts',(-16.4398918198725,43.290809980433,1.14231781696517));
#5282=CARTESIAN_POINT('Ctrl Pts',(-16.4329500885923,43.290809980433,1.13758187573071));
#5283=CARTESIAN_POINT('Ctrl Pts',(-16.4222863999026,43.290809980433,1.13030665850642));
#5284=CARTESIAN_POINT('Ctrl Pts',(-16.4114011041243,43.290809980433,1.12295437079265));
#5285=CARTESIAN_POINT('Ctrl Pts',(-16.4001852008178,43.290809980433,1.11544691009774));
#5286=CARTESIAN_POINT('Ctrl Pts',(-16.3882142609686,43.290809980433,1.10743405924269));
#5287=CARTESIAN_POINT('Ctrl Pts',(-16.3758671960029,43.290809980433,1.09924505455153));
#5288=CARTESIAN_POINT('Ctrl Pts',(-16.363073490167,43.290809980433,1.09082653735743));
#5289=CARTESIAN_POINT('Ctrl Pts',(-16.3519662005965,43.290809980433,1.08351771617393));
#5290=CARTESIAN_POINT('Ctrl Pts',(-16.3405250373313,43.290809980433,1.07603777139915));
#5291=CARTESIAN_POINT('Ctrl Pts',(-16.3287380546101,43.290809980433,1.06837283839856));
#5292=CARTESIAN_POINT('Ctrl Pts',(-16.3158466481044,43.290809980433,1.0599897119033));
#5293=CARTESIAN_POINT('Ctrl Pts',(-16.3025425986426,43.2908099804377,1.05138599777048));
#5294=CARTESIAN_POINT('Ctrl Pts',(-16.288846235055,43.2908099804285,1.042562473447));
#5295=CARTESIAN_POINT('Ctrl Pts',(-16.2878932677055,43.2908099804279,1.04194854913534));
#5296=CARTESIAN_POINT('Ctrl Pts',(-16.2869384111377,43.2908099804271,1.04133356643907));
#5297=CARTESIAN_POINT('Ctrl Pts',(-16.2859817339743,43.2908099804262,1.04071756734892));
#5298=CARTESIAN_POINT('Ctrl Pts',(-16.2692996895377,43.2908099804105,1.0299760919713));
#5299=CARTESIAN_POINT('Ctrl Pts',(-16.2520460171721,43.2908099803846,1.01891961469136));
#5300=CARTESIAN_POINT('Ctrl Pts',(-16.2343226493365,43.2908099803876,1.00760795330381));
#5301=CARTESIAN_POINT('Ctrl Pts',(-16.2138114834811,43.2908099803911,0.994517023579119));
#5302=CARTESIAN_POINT('Ctrl Pts',(-16.1926721079407,43.2908099804191,0.981084921485281));
#5303=CARTESIAN_POINT('Ctrl Pts',(-16.1711303235188,43.2908099804278,0.967447448433579));
#5304=CARTESIAN_POINT('Ctrl Pts',(-16.1458454950264,43.290809980438,0.95144036376371));
#5305=CARTESIAN_POINT('Ctrl Pts',(-16.1200107047867,43.2908099804331,0.935151588877006));
#5306=CARTESIAN_POINT('Ctrl Pts',(-16.094038249901,43.2908099804331,0.918838159887446));
#5307=CARTESIAN_POINT('Ctrl Pts',(-16.0899178655608,43.2908099804331,0.916250125847575));
#5308=CARTESIAN_POINT('Ctrl Pts',(-16.0857935332662,43.2908099804331,0.913661034492227));
#5309=CARTESIAN_POINT('Ctrl Pts',(-16.0816675880734,43.2908099804328,0.911072366271378));
#5310=CARTESIAN_POINT('Ctrl Pts',(-16.0656053781718,43.2908099804319,0.90099474032491));
#5311=CARTESIAN_POINT('Ctrl Pts',(-16.0495187787178,43.2908099804224,0.890923573548331));
#5312=CARTESIAN_POINT('Ctrl Pts',(-16.0334911591211,43.2908099803886,0.88090957669346));
#5313=CARTESIAN_POINT('Ctrl Pts',(-16.0152714212794,43.2908099803502,0.869525952547534));
#5314=CARTESIAN_POINT('Ctrl Pts',(-15.9971316269795,43.2908099802886,0.858218733840234));
#5315=CARTESIAN_POINT('Ctrl Pts',(-15.9791720294216,43.2908099802771,0.847046972077781));
#5316=CARTESIAN_POINT('Ctrl Pts',(-15.9623501317409,43.2908099802664,0.836582916150312));
#5317=CARTESIAN_POINT('Ctrl Pts',(-15.9456868188529,43.2908099803078,0.826238034702199));
#5318=CARTESIAN_POINT('Ctrl Pts',(-15.9292271777007,43.2908099803548,0.816035819409402));
#5319=CARTESIAN_POINT('Ctrl Pts',(-15.9138257787923,43.2908099803988,0.806489536715848));
#5320=CARTESIAN_POINT('Ctrl Pts',(-15.8986029212537,43.2908099804287,0.797068312786723));
#5321=CARTESIAN_POINT('Ctrl Pts',(-15.883557073965,43.2908099804321,0.78776553498631));
#5322=CARTESIAN_POINT('Ctrl Pts',(-15.8787537069135,43.2908099804332,0.784795635351132));
#5323=CARTESIAN_POINT('Ctrl Pts',(-15.8739680588894,43.290809980433,0.781837591289875));
#5324=CARTESIAN_POINT('Ctrl Pts',(-15.869199125656,43.290809980433,0.778890545655793));
#5325=CARTESIAN_POINT('Ctrl Pts',(-16.2270692075623,43.173449678577,0.637575747001145));
#5326=CARTESIAN_POINT('Ctrl Pts',(-16.2454945737525,43.1835320101841,0.659067145125663));
#5327=CARTESIAN_POINT('Ctrl Pts',(-16.2880104918517,43.2017905661675,0.705767164900089));
#5328=CARTESIAN_POINT('Ctrl Pts',(-16.3750487283612,43.2241666520729,0.791408030181924));
#5329=CARTESIAN_POINT('Ctrl Pts',(-16.4803131914788,43.2413262648097,0.88970061392227));
#5330=CARTESIAN_POINT('Ctrl Pts',(-16.6091959462695,43.2517603763052,1.00530478426021));
#5331=CARTESIAN_POINT('Ctrl Pts',(-16.7767460517132,43.2535755075255,1.14692128750757));
#5332=CARTESIAN_POINT('Ctrl Pts',(-16.8493710656737,43.2527497466887,1.21105880567476));
#5333=CARTESIAN_POINT('Ctrl Pts',(-16.8832215080453,43.2527497466887,1.24178662359459));
#5334=CARTESIAN_POINT('Ctrl Pts',(-16.3082949244615,43.1738699719567,0.681168277296571));
#5335=CARTESIAN_POINT('Ctrl Pts',(-16.3254563187132,43.1829390353772,0.701187229023158));
#5336=CARTESIAN_POINT('Ctrl Pts',(-16.3662977500482,43.1995589639241,0.745703569952996));
#5337=CARTESIAN_POINT('Ctrl Pts',(-16.4450227691249,43.2200949404221,0.824615966839757));
#5338=CARTESIAN_POINT('Ctrl Pts',(-16.5350154400066,43.2356801778323,0.911615714954797));
#5339=CARTESIAN_POINT('Ctrl Pts',(-16.6557163983841,43.2446312615593,1.02028336694854));
#5340=CARTESIAN_POINT('Ctrl Pts',(-16.8014827302649,43.2457143354227,1.14350447453631));
#5341=CARTESIAN_POINT('Ctrl Pts',(-16.8653241535252,43.2446328020336,1.19907461907661));
#5342=CARTESIAN_POINT('Ctrl Pts',(-16.8967689088641,43.2444008893292,1.22686250786665));
#5343=CARTESIAN_POINT('Ctrl Pts',(-16.4653047607979,43.1706028978499,0.76342337098749));
#5344=CARTESIAN_POINT('Ctrl Pts',(-16.4798639469217,43.1781628476735,0.781197331323286));
#5345=CARTESIAN_POINT('Ctrl Pts',(-16.5120121481441,43.1919817013863,0.818819595174632));
#5346=CARTESIAN_POINT('Ctrl Pts',(-16.5689967614289,43.2086792398432,0.881307037870854));
#5347=CARTESIAN_POINT('Ctrl Pts',(-16.6469680533704,43.2206244808398,0.958128120950696));
#5348=CARTESIAN_POINT('Ctrl Pts',(-16.7516921575468,43.2266167806569,1.05165523140729));
#5349=CARTESIAN_POINT('Ctrl Pts',(-16.8509412895231,43.2270136829774,1.13659238093028));
#5350=CARTESIAN_POINT('Ctrl Pts',(-16.8979021545376,43.2257476787393,1.17660375272439));
#5351=CARTESIAN_POINT('Ctrl Pts',(-16.9231280361525,43.2250610513976,1.19782471151005));
#5352=CARTESIAN_POINT('Ctrl Pts',(-16.7511499671336,43.134069985622,0.905784682300734));
#5353=CARTESIAN_POINT('Ctrl Pts',(-16.7560478201224,43.1408090022655,0.917961638303826));
#5354=CARTESIAN_POINT('Ctrl Pts',(-16.7691901585813,43.1533199561002,0.944298882333209));
#5355=CARTESIAN_POINT('Ctrl Pts',(-16.8005439776555,43.1689807733653,0.990520810149504));
#5356=CARTESIAN_POINT('Ctrl Pts',(-16.839781328086,43.1810082850407,1.03982757483136));
#5357=CARTESIAN_POINT('Ctrl Pts',(-16.8798495928259,43.1885296367676,1.08544467251003));
#5358=CARTESIAN_POINT('Ctrl Pts',(-16.9168902112749,43.1911015423158,1.12271000227883));
#5359=CARTESIAN_POINT('Ctrl Pts',(-16.9453631344628,43.189506117922,1.14585297280757));
#5360=CARTESIAN_POINT('Ctrl Pts',(-16.959783497797,43.1886210800663,1.15744424599057));
#5361=CARTESIAN_POINT('Ctrl Pts',(-16.8855681638042,43.1064308849559,0.973609961865707));
#5362=CARTESIAN_POINT('Ctrl Pts',(-16.8847200347832,43.1130653086287,0.981800262865554));
#5363=CARTESIAN_POINT('Ctrl Pts',(-16.8855656519173,43.1254752023287,0.999328188913197));
#5364=CARTESIAN_POINT('Ctrl Pts',(-16.8941315198899,43.1408480918235,1.02786589641502));
#5365=CARTESIAN_POINT('Ctrl Pts',(-16.909303157306,43.1522663826387,1.05705908082875));
#5366=CARTESIAN_POINT('Ctrl Pts',(-16.9301070868742,43.158940213387,1.08495731010175));
#5367=CARTESIAN_POINT('Ctrl Pts',(-16.9544912877127,43.1609829836604,1.1098510105341));
#5368=CARTESIAN_POINT('Ctrl Pts',(-16.9726710222591,43.1602185666968,1.12532131538552));
#5369=CARTESIAN_POINT('Ctrl Pts',(-16.9818801024133,43.1597900478949,1.13310213868172));
#5370=CARTESIAN_POINT('Ctrl Pts',(-16.9382918621305,43.0935658891224,1.00409506365006));
#5371=CARTESIAN_POINT('Ctrl Pts',(-16.9362877362178,43.0993824524889,1.01013143576433));
#5372=CARTESIAN_POINT('Ctrl Pts',(-16.9340038675944,43.110512418857,1.0230899442304));
#5373=CARTESIAN_POINT('Ctrl Pts',(-16.9359477619471,43.1246003757331,1.04388116021381));
#5374=CARTESIAN_POINT('Ctrl Pts',(-16.943175085957,43.1352206461442,1.06478510060489));
#5375=CARTESIAN_POINT('Ctrl Pts',(-16.9555720760781,43.1416911869467,1.08477735559215));
#5376=CARTESIAN_POINT('Ctrl Pts',(-16.9720404373216,43.1443135336096,1.10326818730474));
#5377=CARTESIAN_POINT('Ctrl Pts',(-16.9854160199953,43.1443633710263,1.11547721209416));
#5378=CARTESIAN_POINT('Ctrl Pts',(-16.9922488341032,43.1443633710263,1.12167971501815));
#5379=CARTESIAN_POINT('',(-16.9382918621305,43.0935658891224,1.00409506365006));
#5380=CARTESIAN_POINT('Ctrl Pts',(-16.2270692075623,43.173449678577,0.637575747001145));
#5381=CARTESIAN_POINT('Ctrl Pts',(-16.3082949244615,43.1738699719567,0.681168277296571));
#5382=CARTESIAN_POINT('Ctrl Pts',(-16.4653047607979,43.1706028978499,0.76342337098749));
#5383=CARTESIAN_POINT('Ctrl Pts',(-16.7511499671336,43.134069985622,0.905784682300734));
#5384=CARTESIAN_POINT('Ctrl Pts',(-16.8855681638042,43.1064308849559,0.973609961865707));
#5385=CARTESIAN_POINT('Ctrl Pts',(-16.9382918621305,43.0935658891224,1.00409506365006));
#5386=CARTESIAN_POINT('',(-16.9922488341032,43.1443633710263,1.12167971501816));
#5387=CARTESIAN_POINT('Ctrl Pts',(-16.9382918621305,43.0935658891224,1.00409506365007));
#5388=CARTESIAN_POINT('Ctrl Pts',(-16.9363883273286,43.0990905074738,1.00982845810605));
#5389=CARTESIAN_POINT('Ctrl Pts',(-16.93526207468,43.104388419,1.01596125091174));
#5390=CARTESIAN_POINT('Ctrl Pts',(-16.9349425014867,43.1093022141987,1.02230753644315));
#5391=CARTESIAN_POINT('Ctrl Pts',(-16.9346033866681,43.1145164837392,1.02904189186589));
#5392=CARTESIAN_POINT('Ctrl Pts',(-16.9351721293416,43.119297833769,1.03601567295228));
#5393=CARTESIAN_POINT('Ctrl Pts',(-16.9366383904629,43.1234969735897,1.04301786825144));
#5394=CARTESIAN_POINT('Ctrl Pts',(-16.9379173922906,43.1271598324264,1.04912579845229));
#5395=CARTESIAN_POINT('Ctrl Pts',(-16.9398773707776,43.1303807009178,1.05525495199887));
#5396=CARTESIAN_POINT('Ctrl Pts',(-16.942504962929,43.1330803472569,1.06128619123239));
#5397=CARTESIAN_POINT('Ctrl Pts',(-16.9429925149124,43.1335812689569,1.06240529285903));
#5398=CARTESIAN_POINT('Ctrl Pts',(-16.9435025732345,43.1340646098193,1.06352108067792));
#5399=CARTESIAN_POINT('Ctrl Pts',(-16.9440353324103,43.1345297088103,1.0646328384972));
#5400=CARTESIAN_POINT('Ctrl Pts',(-16.9456587683623,43.1359469690989,1.06802061236518));
#5401=CARTESIAN_POINT('Ctrl Pts',(-16.9474933345715,43.1371947835817,1.07137119342949));
#5402=CARTESIAN_POINT('Ctrl Pts',(-16.9495213403248,43.1382750646409,1.07467110556715));
#5403=CARTESIAN_POINT('Ctrl Pts',(-16.9515729701717,43.1393679298166,1.07800945814449));
#5404=CARTESIAN_POINT('Ctrl Pts',(-16.9538244624109,43.1402888400916,1.08129700062973));
#5405=CARTESIAN_POINT('Ctrl Pts',(-16.9562493825212,43.1410506624864,1.08452711491202));
#5406=CARTESIAN_POINT('Ctrl Pts',(-16.9568417285808,43.1412367562434,1.08531614934622));
#5407=CARTESIAN_POINT('Ctrl Pts',(-16.9574444609308,43.1414133436941,1.08610177311752));
#5408=CARTESIAN_POINT('Ctrl Pts',(-16.9580574590975,43.141580896925,1.08688451444555));
#5409=CARTESIAN_POINT('Ctrl Pts',(-16.9608057839025,43.1423321074925,1.09039386818362));
#5410=CARTESIAN_POINT('Ctrl Pts',(-16.9637586397625,43.1428958037168,1.0938356359552));
#5411=CARTESIAN_POINT('Ctrl Pts',(-16.9668878417017,43.1433076249819,1.09723236593453));
#5412=CARTESIAN_POINT('Ctrl Pts',(-16.9687427507794,43.1435517418583,1.09924585863831));
#5413=CARTESIAN_POINT('Ctrl Pts',(-16.970659180328,43.1437432301247,1.10124411855674));
#5414=CARTESIAN_POINT('Ctrl Pts',(-16.972638176487,43.1438902754,1.10323915051381));
#5415=CARTESIAN_POINT('Ctrl Pts',(-16.9741902733104,43.1440056007904,1.1048038239716));
#5416=CARTESIAN_POINT('Ctrl Pts',(-16.9757808833092,43.1440935618808,1.10636650071228));
#5417=CARTESIAN_POINT('Ctrl Pts',(-16.9774047282238,43.144160806353,1.10793136749619));
#5418=CARTESIAN_POINT('Ctrl Pts',(-16.9800447391315,43.1442701309189,1.11047549307206));
#5419=CARTESIAN_POINT('Ctrl Pts',(-16.9827788634944,43.1443220136721,1.11302747163098));
#5420=CARTESIAN_POINT('Ctrl Pts',(-16.9855735786951,43.144344992592,1.11559541523644));
#5421=CARTESIAN_POINT('Ctrl Pts',(-16.9877732193626,43.1443630786448,1.11761657044576));
#5422=CARTESIAN_POINT('Ctrl Pts',(-16.9900101443382,43.1443633710263,1.11964753916876));
#5423=CARTESIAN_POINT('Ctrl Pts',(-16.9922488341032,43.1443633710263,1.12167971501815));
#5424=CARTESIAN_POINT('Origin',(-16.7546150082079,42.790809980433,1.38346238211124));
#5425=CARTESIAN_POINT('Ctrl Pts',(-13.3754710556734,43.173130849389,-1.95202089486406));
#5426=CARTESIAN_POINT('Ctrl Pts',(-13.359975610229,43.1798609174804,-1.96293519195397));
#5427=CARTESIAN_POINT('Ctrl Pts',(-13.3281448862668,43.1924734531167,-1.98579946758874));
#5428=CARTESIAN_POINT('Ctrl Pts',(-13.2743458269468,43.2091064258154,-2.02740962643206));
#5429=CARTESIAN_POINT('Ctrl Pts',(-13.2113109839796,43.223530002651,-2.08008079066207));
#5430=CARTESIAN_POINT('Ctrl Pts',(-13.1387065164798,43.2356069807506,-2.14412873404995));
#5431=CARTESIAN_POINT('Ctrl Pts',(-13.0584434556681,43.2449370253215,-2.21724401608422));
#5432=CARTESIAN_POINT('Ctrl Pts',(-12.9711719873409,43.2509234849612,-2.29857482951736));
#5433=CARTESIAN_POINT('Ctrl Pts',(-12.8727542001963,43.2532537112162,-2.39313195767969));
#5434=CARTESIAN_POINT('Ctrl Pts',(-12.7800255156376,43.2530026399056,-2.48260160478426));
#5435=CARTESIAN_POINT('Ctrl Pts',(-12.7354945414068,43.2527497466887,-2.52332219279956));
#5436=CARTESIAN_POINT('Ctrl Pts',(-12.7129275798258,43.2527497466887,-2.54380740474612));
#5437=CARTESIAN_POINT('Ctrl Pts',(-13.3800377852348,43.1928784127252,-1.90832764798623));
#5438=CARTESIAN_POINT('Ctrl Pts',(-13.3633646369812,43.1986864343562,-1.92104501052833));
#5439=CARTESIAN_POINT('Ctrl Pts',(-13.3294019466264,43.2095817934223,-1.947337079151));
#5440=CARTESIAN_POINT('Ctrl Pts',(-13.2723135772027,43.2239391593232,-1.99437664039046));
#5441=CARTESIAN_POINT('Ctrl Pts',(-13.2055159649416,43.236336324145,-2.0531373890298));
#5442=CARTESIAN_POINT('Ctrl Pts',(-13.1289941610244,43.2466080127829,-2.12346772162248));
#5443=CARTESIAN_POINT('Ctrl Pts',(-13.0456074066755,43.2543875297456,-2.20177879583892));
#5444=CARTESIAN_POINT('Ctrl Pts',(-12.9566388675225,43.2592020247141,-2.28620807085126));
#5445=CARTESIAN_POINT('Ctrl Pts',(-12.857672432675,43.2609694892551,-2.38177589612141));
#5446=CARTESIAN_POINT('Ctrl Pts',(-12.7654371431347,43.2608655093153,-2.47010060870225));
#5447=CARTESIAN_POINT('Ctrl Pts',(-12.7215452473533,43.2609439955786,-2.50926700400611));
#5448=CARTESIAN_POINT('Ctrl Pts',(-12.6993801790069,43.2610986040482,-2.52888328901818));
#5449=CARTESIAN_POINT('Ctrl Pts',(-13.3799473604118,43.2275721038205,-1.83003293983312));
#5450=CARTESIAN_POINT('Ctrl Pts',(-13.3613214057709,43.2317477526027,-1.84582926529569));
#5451=CARTESIAN_POINT('Ctrl Pts',(-13.3235350663567,43.2395497494125,-1.87838494516425));
#5452=CARTESIAN_POINT('Ctrl Pts',(-13.2595086462444,43.2497173105401,-1.93659357850626));
#5453=CARTESIAN_POINT('Ctrl Pts',(-13.1838652470979,43.2583337337379,-2.00889302667349));
#5454=CARTESIAN_POINT('Ctrl Pts',(-13.0976795326139,43.2652504267403,-2.09356184643855));
#5455=CARTESIAN_POINT('Ctrl Pts',(-13.0072000944396,43.2702079689169,-2.18276105745489));
#5456=CARTESIAN_POINT('Ctrl Pts',(-12.9158972013982,43.2730319315421,-2.2716320656824));
#5457=CARTESIAN_POINT('Ctrl Pts',(-12.8183918585116,43.2740657872941,-2.36588162949007));
#5458=CARTESIAN_POINT('Ctrl Pts',(-12.7312069174107,43.2744111250472,-2.44757234379098));
#5459=CARTESIAN_POINT('Ctrl Pts',(-12.6916577771351,43.2748921187217,-2.48119990606942));
#5460=CARTESIAN_POINT('Ctrl Pts',(-12.6715498619954,43.2751540975828,-2.49822479759393));
#5461=CARTESIAN_POINT('Ctrl Pts',(-13.3550009650724,43.2736191633114,-1.6913336438396));
#5462=CARTESIAN_POINT('Ctrl Pts',(-13.3289970835486,43.2750898152222,-1.71863796428731));
#5463=CARTESIAN_POINT('Ctrl Pts',(-13.2774031660141,43.2777975344742,-1.77329847438661));
#5464=CARTESIAN_POINT('Ctrl Pts',(-13.1912187024552,43.2811361378152,-1.86694682298417));
#5465=CARTESIAN_POINT('Ctrl Pts',(-13.0940376609026,43.283708058737,-1.97444084053979));
#5466=CARTESIAN_POINT('Ctrl Pts',(-12.9949833338879,43.2854830764672,-2.08426195721413));
#5467=CARTESIAN_POINT('Ctrl Pts',(-12.9074031867713,43.2865150512572,-2.17956742595901));
#5468=CARTESIAN_POINT('Ctrl Pts',(-12.8274328633755,43.2870128430346,-2.26287871934806));
#5469=CARTESIAN_POINT('Ctrl Pts',(-12.7444071756823,43.2873077756065,-2.34596233950668));
#5470=CARTESIAN_POINT('Ctrl Pts',(-12.673482062259,43.2876489408531,-2.41307685099315));
#5471=CARTESIAN_POINT('Ctrl Pts',(-12.6427655959672,43.2878441624317,-2.43874235205118));
#5472=CARTESIAN_POINT('Ctrl Pts',(-12.6283117968931,43.2879501138535,-2.45059279082986));
#5473=CARTESIAN_POINT('Ctrl Pts',(-13.2941935248202,43.290809980433,-1.62026902301656));
#5474=CARTESIAN_POINT('Ctrl Pts',(-13.2641319466598,43.290809980433,-1.65737999237411));
#5475=CARTESIAN_POINT('Ctrl Pts',(-13.2061240345591,43.290809980433,-1.72952193206955));
#5476=CARTESIAN_POINT('Ctrl Pts',(-13.1123633118711,43.290809980433,-1.84610147009613));
#5477=CARTESIAN_POINT('Ctrl Pts',(-13.0125320261538,43.290809980433,-1.96909805744176));
#5478=CARTESIAN_POINT('Ctrl Pts',(-12.9183622503743,43.290809980433,-2.08313179249361));
#5479=CARTESIAN_POINT('Ctrl Pts',(-12.8402724062675,43.290809980433,-2.17430064897922));
#5480=CARTESIAN_POINT('Ctrl Pts',(-12.7661622773011,43.290809980433,-2.25507986861215));
#5481=CARTESIAN_POINT('Ctrl Pts',(-12.6911164248658,43.290809980433,-2.33227825896614));
#5482=CARTESIAN_POINT('Ctrl Pts',(-12.6317674645388,43.2908099804331,-2.38994948240956));
#5483=CARTESIAN_POINT('Ctrl Pts',(-12.6094662648037,43.290809980433,-2.40931635247957));
#5484=CARTESIAN_POINT('Ctrl Pts',(-12.598984680969,43.290809980433,-2.41828539268966));
#5485=CARTESIAN_POINT('Ctrl Pts',(-13.2648175560198,43.290809980433,-1.58800579830814));
#5486=CARTESIAN_POINT('Ctrl Pts',(-13.2326980832643,43.290809980433,-1.63024294172553));
#5487=CARTESIAN_POINT('Ctrl Pts',(-13.1711318831192,43.290809980433,-1.71141201416792));
#5488=CARTESIAN_POINT('Ctrl Pts',(-13.0723664309582,43.290809980433,-1.83958904392384));
#5489=CARTESIAN_POINT('Ctrl Pts',(-12.9700382773471,43.290809980433,-1.96980343759147));
#5490=CARTESIAN_POINT('Ctrl Pts',(-12.8773704856255,43.290809980433,-2.08513434459526));
#5491=CARTESIAN_POINT('Ctrl Pts',(-12.8027042894227,43.290809980433,-2.17445482802484));
#5492=CARTESIAN_POINT('Ctrl Pts',(-12.7317211553317,43.290809980433,-2.25349230578401));
#5493=CARTESIAN_POINT('Ctrl Pts',(-12.6628961601071,43.290809980433,-2.32586525738537));
#5494=CARTESIAN_POINT('Ctrl Pts',(-12.6112259106027,43.2908099804331,-2.37755256121437));
#5495=CARTESIAN_POINT('Ctrl Pts',(-12.5928913103033,43.290809980433,-2.3943519996962));
#5496=CARTESIAN_POINT('Ctrl Pts',(-12.5843210799884,43.290809980433,-2.40213164622948));
#5497=CARTESIAN_POINT('',(-13.3754710556011,43.1731308490762,-1.95202089555604));
#5498=CARTESIAN_POINT('',(-12.7129275798258,43.2527497466887,-2.54380740474612));
#5499=CARTESIAN_POINT('Ctrl Pts',(-13.3754710556734,43.173130849389,-1.95202089486406));
#5500=CARTESIAN_POINT('Ctrl Pts',(-13.359975610229,43.1798609174804,-1.96293519195397));
#5501=CARTESIAN_POINT('Ctrl Pts',(-13.3281448862668,43.1924734531167,-1.98579946758874));
#5502=CARTESIAN_POINT('Ctrl Pts',(-13.2743458269468,43.2091064258154,-2.02740962643206));
#5503=CARTESIAN_POINT('Ctrl Pts',(-13.2113109839796,43.223530002651,-2.08008079066207));
#5504=CARTESIAN_POINT('Ctrl Pts',(-13.1387065164798,43.2356069807506,-2.14412873404995));
#5505=CARTESIAN_POINT('Ctrl Pts',(-13.0584434556681,43.2449370253215,-2.21724401608422));
#5506=CARTESIAN_POINT('Ctrl Pts',(-12.9711719873409,43.2509234849612,-2.29857482951736));
#5507=CARTESIAN_POINT('Ctrl Pts',(-12.8727542001963,43.2532537112162,-2.39313195767969));
#5508=CARTESIAN_POINT('Ctrl Pts',(-12.7800255156376,43.2530026399056,-2.48260160478426));
#5509=CARTESIAN_POINT('Ctrl Pts',(-12.7354945414068,43.2527497466887,-2.52332219279956));
#5510=CARTESIAN_POINT('Ctrl Pts',(-12.7129275798258,43.2527497466887,-2.54380740474612));
#5511=CARTESIAN_POINT('',(-13.2648175560198,43.290809980433,-1.58800579830814));
#5512=CARTESIAN_POINT('Ctrl Pts',(-13.3754710556734,43.173130849389,-1.95202089486406));
#5513=CARTESIAN_POINT('Ctrl Pts',(-13.3800377852348,43.1928784127252,-1.90832764798623));
#5514=CARTESIAN_POINT('Ctrl Pts',(-13.3799473604118,43.2275721038205,-1.83003293983312));
#5515=CARTESIAN_POINT('Ctrl Pts',(-13.3550009650724,43.2736191633114,-1.6913336438396));
#5516=CARTESIAN_POINT('Ctrl Pts',(-13.2941935248202,43.290809980433,-1.62026902301656));
#5517=CARTESIAN_POINT('Ctrl Pts',(-13.2648175560198,43.290809980433,-1.58800579830814));
#5518=CARTESIAN_POINT('',(-12.5843210799884,43.290809980433,-2.40213164622947));
#5519=CARTESIAN_POINT('Ctrl Pts',(-13.2648175560198,43.290809980433,-1.58800579830814));
#5520=CARTESIAN_POINT('Ctrl Pts',(-13.2548585451601,43.290809980433,-1.60110190898156));
#5521=CARTESIAN_POINT('Ctrl Pts',(-13.2450107836021,43.290809980433,-1.61406181225849));
#5522=CARTESIAN_POINT('Ctrl Pts',(-13.2352290120416,43.290809980433,-1.62693186296417));
#5523=CARTESIAN_POINT('Ctrl Pts',(-13.2199204993086,43.290809980433,-1.64707354526398));
#5524=CARTESIAN_POINT('Ctrl Pts',(-13.2047747455706,43.290809980433,-1.66699363883475));
#5525=CARTESIAN_POINT('Ctrl Pts',(-13.1894905046453,43.290809980433,-1.68703809050187));
#5526=CARTESIAN_POINT('Ctrl Pts',(-13.183042763505,43.290809980433,-1.69549395273794));
#5527=CARTESIAN_POINT('Ctrl Pts',(-13.1765727845288,43.2908099804333,-1.70396878499615));
#5528=CARTESIAN_POINT('Ctrl Pts',(-13.1700628939122,43.2908099804328,-1.71248277928456));
#5529=CARTESIAN_POINT('Ctrl Pts',(-13.1668615095707,43.2908099804325,-1.71666972643994));
#5530=CARTESIAN_POINT('Ctrl Pts',(-13.163650478037,43.2908099804321,-1.7208661381402));
#5531=CARTESIAN_POINT('Ctrl Pts',(-13.160430644977,43.2908099804304,-1.72507088072658));
#5532=CARTESIAN_POINT('Ctrl Pts',(-13.1501462382717,43.2908099804249,-1.73850116796285));
#5533=CARTESIAN_POINT('Ctrl Pts',(-13.1397583531421,43.2908099804069,-1.75203221641362));
#5534=CARTESIAN_POINT('Ctrl Pts',(-13.1292607194917,43.2908099804028,-1.76566604932496));
#5535=CARTESIAN_POINT('Ctrl Pts',(-13.1180125436535,43.2908099803984,-1.78027465113404));
#5536=CARTESIAN_POINT('Ctrl Pts',(-13.1066386291542,43.2908099804134,-1.79500094862322));
#5537=CARTESIAN_POINT('Ctrl Pts',(-13.0951711559589,43.2908099804234,-1.80979965835811));
#5538=CARTESIAN_POINT('Ctrl Pts',(-13.0874070212624,43.2908099804303,-1.81981923056551));
#5539=CARTESIAN_POINT('Ctrl Pts',(-13.0796037028018,43.2908099804321,-1.82986778481018));
#5540=CARTESIAN_POINT('Ctrl Pts',(-13.0717731750818,43.2908099804327,-1.83992870113733));
#5541=CARTESIAN_POINT('Ctrl Pts',(-13.0667678120104,43.2908099804331,-1.84635975417083));
#5542=CARTESIAN_POINT('Ctrl Pts',(-13.0617513396461,43.290809980433,-1.85279585011783));
#5543=CARTESIAN_POINT('Ctrl Pts',(-13.056732657211,43.290809980433,-1.85922569510585));
#5544=CARTESIAN_POINT('Ctrl Pts',(-13.0397099084226,43.290809980433,-1.88103493236998));
#5545=CARTESIAN_POINT('Ctrl Pts',(-13.022637106443,43.290809980433,-1.90280069325619));
#5546=CARTESIAN_POINT('Ctrl Pts',(-13.0057771294467,43.290809980433,-1.92418673314053));
#5547=CARTESIAN_POINT('Ctrl Pts',(-12.9942721213408,43.290809980433,-1.93878026208055));
#5548=CARTESIAN_POINT('Ctrl Pts',(-12.9828669775658,43.290809980433,-1.95319601953255));
#5549=CARTESIAN_POINT('Ctrl Pts',(-12.9716483697582,43.290809980433,-1.96732285669676));
#5550=CARTESIAN_POINT('Ctrl Pts',(-12.9689729482184,43.290809980433,-1.97069183483432));
#5551=CARTESIAN_POINT('Ctrl Pts',(-12.9663081390641,43.290809980433,-1.97404437609654));
#5552=CARTESIAN_POINT('Ctrl Pts',(-12.9636546711926,43.290809980433,-1.97737950120274));
#5553=CARTESIAN_POINT('Ctrl Pts',(-12.9517305608322,43.290809980433,-1.99236683165384));
#5554=CARTESIAN_POINT('Ctrl Pts',(-12.9400418525857,43.2908099804331,-2.00699450764777));
#5555=CARTESIAN_POINT('Ctrl Pts',(-12.9286702091442,43.2908099804329,-2.02115514092877));
#5556=CARTESIAN_POINT('Ctrl Pts',(-12.9180092934177,43.2908099804327,-2.03443073462971));
#5557=CARTESIAN_POINT('Ctrl Pts',(-12.9076276074916,43.2908099804319,-2.04729515917088));
#5558=CARTESIAN_POINT('Ctrl Pts',(-12.8975630210765,43.2908099804321,-2.05969478702788));
#5559=CARTESIAN_POINT('Ctrl Pts',(-12.8917267074283,43.2908099804323,-2.06688515872421));
#5560=CARTESIAN_POINT('Ctrl Pts',(-12.8859927632472,43.2908099804328,-2.07392432515629));
#5561=CARTESIAN_POINT('Ctrl Pts',(-12.880371119572,43.2908099804329,-2.08079926062289));
#5562=CARTESIAN_POINT('Ctrl Pts',(-12.8769042697476,43.290809980433,-2.08503901152009));
#5563=CARTESIAN_POINT('Ctrl Pts',(-12.8734801503188,43.290809980433,-2.08921627472192));
#5564=CARTESIAN_POINT('Ctrl Pts',(-12.8700939190147,43.290809980433,-2.09333645842766));
#5565=CARTESIAN_POINT('Ctrl Pts',(-12.861421170021,43.290809980433,-2.10388899187252));
#5566=CARTESIAN_POINT('Ctrl Pts',(-12.8530132862466,43.290809980433,-2.11404572023702));
#5567=CARTESIAN_POINT('Ctrl Pts',(-12.8448321571758,43.290809980433,-2.1238447600293));
#5568=CARTESIAN_POINT('Ctrl Pts',(-12.8376747293008,43.290809980433,-2.13241765014634));
#5569=CARTESIAN_POINT('Ctrl Pts',(-12.8306898927567,43.290809980433,-2.14071811304871));
#5570=CARTESIAN_POINT('Ctrl Pts',(-12.8238257751879,43.290809980433,-2.14880452457105));
#5571=CARTESIAN_POINT('Ctrl Pts',(-12.8168934740649,43.290809980433,-2.15697126109851));
#5572=CARTESIAN_POINT('Ctrl Pts',(-12.8100801725217,43.2908099804333,-2.16492466767957));
#5573=CARTESIAN_POINT('Ctrl Pts',(-12.8033188486289,43.2908099804327,-2.17274099047609));
#5574=CARTESIAN_POINT('Ctrl Pts',(-12.8030747243562,43.2908099804327,-2.17302320652559));
#5575=CARTESIAN_POINT('Ctrl Pts',(-12.8028306680664,43.2908099804327,-2.17330524346219));
#5576=CARTESIAN_POINT('Ctrl Pts',(-12.8025866788177,43.2908099804327,-2.17358710273765));
#5577=CARTESIAN_POINT('Ctrl Pts',(-12.7954374021052,43.290809980432,-2.18184603203682));
#5578=CARTESIAN_POINT('Ctrl Pts',(-12.7883447712153,43.2908099804257,-2.18995437863074));
#5579=CARTESIAN_POINT('Ctrl Pts',(-12.7812708156595,43.2908099804232,-2.19795924518141));
#5580=CARTESIAN_POINT('Ctrl Pts',(-12.7737897768064,43.2908099804206,-2.20642476595072));
#5581=CARTESIAN_POINT('Ctrl Pts',(-12.7663298755441,43.2908099804254,-2.21477429804288));
#5582=CARTESIAN_POINT('Ctrl Pts',(-12.7588891122515,43.2908099804289,-2.22301938307735));
#5583=CARTESIAN_POINT('Ctrl Pts',(-12.7508522855815,43.2908099804327,-2.23192496395607));
#5584=CARTESIAN_POINT('Ctrl Pts',(-12.7428381459334,43.290809980433,-2.24070832311476));
#5585=CARTESIAN_POINT('Ctrl Pts',(-12.7348875035597,43.290809980433,-2.24933857752401));
#5586=CARTESIAN_POINT('Ctrl Pts',(-12.7339509723464,43.290809980433,-2.25035516238005));
#5587=CARTESIAN_POINT('Ctrl Pts',(-12.7330154662299,43.290809980433,-2.25136946235059));
#5588=CARTESIAN_POINT('Ctrl Pts',(-12.7320809328286,43.290809980433,-2.25238155685608));
#5589=CARTESIAN_POINT('Ctrl Pts',(-12.7239152627441,43.290809980433,-2.26122493240029));
#5590=CARTESIAN_POINT('Ctrl Pts',(-12.7158239598154,43.2908099804328,-2.26989999508131));
#5591=CARTESIAN_POINT('Ctrl Pts',(-12.7078897751105,43.2908099804325,-2.27833279462478));
#5592=CARTESIAN_POINT('Ctrl Pts',(-12.6941765881813,43.2908099804321,-2.29290777123246));
#5593=CARTESIAN_POINT('Ctrl Pts',(-12.6809348769967,43.2908099804329,-2.30675676648426));
#5594=CARTESIAN_POINT('Ctrl Pts',(-12.6686532660658,43.290809980433,-2.31943073400232));
#5595=CARTESIAN_POINT('Ctrl Pts',(-12.6676812071724,43.290809980433,-2.32043384694162));
#5596=CARTESIAN_POINT('Ctrl Pts',(-12.6667151809179,43.290809980433,-2.3214295763963));
#5597=CARTESIAN_POINT('Ctrl Pts',(-12.6657554407554,43.290809980433,-2.32241768634389));
#5598=CARTESIAN_POINT('Ctrl Pts',(-12.6655189191506,43.290809980433,-2.32266119949424));
#5599=CARTESIAN_POINT('Ctrl Pts',(-12.6652827793386,43.290809980433,-2.32290424986643));
#5600=CARTESIAN_POINT('Ctrl Pts',(-12.6650470229604,43.290809980433,-2.3231468361418));
#5601=CARTESIAN_POINT('Ctrl Pts',(-12.6577503543203,43.290809980433,-2.33065489035335));
#5602=CARTESIAN_POINT('Ctrl Pts',(-12.6508221451119,43.2908099804331,-2.33771698712224));
#5603=CARTESIAN_POINT('Ctrl Pts',(-12.644347372837,43.290809980433,-2.34425740271066));
#5604=CARTESIAN_POINT('Ctrl Pts',(-12.6385159680328,43.290809980433,-2.35014792816304));
#5605=CARTESIAN_POINT('Ctrl Pts',(-12.6330527992466,43.290809980433,-2.3556148183828));
#5606=CARTESIAN_POINT('Ctrl Pts',(-12.6279902296028,43.290809980433,-2.36063315006911));
#5607=CARTESIAN_POINT('Ctrl Pts',(-12.6234200143829,43.2908099804331,-2.36516342964345));
#5608=CARTESIAN_POINT('Ctrl Pts',(-12.6191770207448,43.2908099804333,-2.36932807985449));
#5609=CARTESIAN_POINT('Ctrl Pts',(-12.6152543954224,43.2908099804328,-2.37313811683562));
#5610=CARTESIAN_POINT('Ctrl Pts',(-12.6151139524051,43.2908099804328,-2.37327452881633));
#5611=CARTESIAN_POINT('Ctrl Pts',(-12.6149739232612,43.2908099804328,-2.37341048273066));
#5612=CARTESIAN_POINT('Ctrl Pts',(-12.6148343028496,43.2908099804328,-2.37354598404336));
#5613=CARTESIAN_POINT('Ctrl Pts',(-12.6110671021377,43.2908099804323,-2.37720204432716));
#5614=CARTESIAN_POINT('Ctrl Pts',(-12.6076001512736,43.2908099804246,-2.38052807214179));
#5615=CARTESIAN_POINT('Ctrl Pts',(-12.6043966475943,43.2908099803982,-2.38356716043352));
#5616=CARTESIAN_POINT('Ctrl Pts',(-12.6012917370309,43.2908099803726,-2.38651271576442));
#5617=CARTESIAN_POINT('Ctrl Pts',(-12.5984345262097,43.2908099803414,-2.3891884963697));
#5618=CARTESIAN_POINT('Ctrl Pts',(-12.5957587260542,43.2908099803524,-2.3916683089985));
#5619=CARTESIAN_POINT('Ctrl Pts',(-12.5931871789272,43.2908099803631,-2.39405150455518));
#5620=CARTESIAN_POINT('Ctrl Pts',(-12.590783275881,43.2908099804081,-2.3962536060447));
#5621=CARTESIAN_POINT('Ctrl Pts',(-12.5884550027659,43.2908099804239,-2.39837454898276));
#5622=CARTESIAN_POINT('Ctrl Pts',(-12.5870591991279,43.2908099804334,-2.39964605783186));
#5623=CARTESIAN_POINT('Ctrl Pts',(-12.5856899313675,43.290809980433,-2.40088906820131));
#5624=CARTESIAN_POINT('Ctrl Pts',(-12.5843210799884,43.290809980433,-2.40213164622948));
#5625=CARTESIAN_POINT('Origin',(-12.5843210799884,42.790809980433,-2.40213164622947));
#5626=CARTESIAN_POINT('Ctrl Pts',(-13.3754710556734,43.173130849389,-1.95202089486406));
#5627=CARTESIAN_POINT('Ctrl Pts',(-13.3800377852348,43.1928784127252,-1.90832764798623));
#5628=CARTESIAN_POINT('Ctrl Pts',(-13.3799473604118,43.2275721038205,-1.83003293983312));
#5629=CARTESIAN_POINT('Ctrl Pts',(-13.3550009650724,43.2736191633114,-1.6913336438396));
#5630=CARTESIAN_POINT('Ctrl Pts',(-13.2941935248202,43.290809980433,-1.62026902301656));
#5631=CARTESIAN_POINT('Ctrl Pts',(-13.2648175560198,43.290809980433,-1.58800579830814));
#5632=CARTESIAN_POINT('Ctrl Pts',(-13.392488744305,43.1729833024097,-1.9265421821482));
#5633=CARTESIAN_POINT('Ctrl Pts',(-13.3969820998298,43.1924142412681,-1.88355636209159));
#5634=CARTESIAN_POINT('Ctrl Pts',(-13.3976579115911,43.2268644546145,-1.80488602092923));
#5635=CARTESIAN_POINT('Ctrl Pts',(-13.3781004297426,43.2735240171408,-1.65904257480096));
#5636=CARTESIAN_POINT('Ctrl Pts',(-13.323167104136,43.290809980433,-1.58196311941055));
#5637=CARTESIAN_POINT('Ctrl Pts',(-13.2969370287752,43.290809980433,-1.54576865489075));
#5638=CARTESIAN_POINT('Ctrl Pts',(-13.4278813594616,43.172190211566,-1.87430151253437));
#5639=CARTESIAN_POINT('Ctrl Pts',(-13.4325569243975,43.1911640427151,-1.83217132933489));
#5640=CARTESIAN_POINT('Ctrl Pts',(-13.4353328295395,43.2253919035609,-1.75178206584214));
#5641=CARTESIAN_POINT('Ctrl Pts',(-13.4274526463405,43.2734799097497,-1.59056114727024));
#5642=CARTESIAN_POINT('Ctrl Pts',(-13.3841250476285,43.290809980433,-1.50183638780184));
#5643=CARTESIAN_POINT('Ctrl Pts',(-13.3638835457084,43.290809980433,-1.45794874356391));
#5644=CARTESIAN_POINT('Ctrl Pts',(-13.4876602263809,43.1696966718848,-1.78933371838436));
#5645=CARTESIAN_POINT('Ctrl Pts',(-13.4935361459755,43.1884881984486,-1.74694310791961));
#5646=CARTESIAN_POINT('Ctrl Pts',(-13.5012972371404,43.2232803664814,-1.66091225051149));
#5647=CARTESIAN_POINT('Ctrl Pts',(-13.5124835568423,43.273881575604,-1.47553756678233));
#5648=CARTESIAN_POINT('Ctrl Pts',(-13.4833391155899,43.290809980433,-1.3735393120516));
#5649=CARTESIAN_POINT('Ctrl Pts',(-13.4698814819721,43.290809980433,-1.32047583595211));
#5650=CARTESIAN_POINT('Ctrl Pts',(-13.555431840794,43.1660471652001,-1.69711497728807));
#5651=CARTESIAN_POINT('Ctrl Pts',(-13.5630346284999,43.185214122266,-1.65341100826393));
#5652=CARTESIAN_POINT('Ctrl Pts',(-13.5769167373637,43.2216825917431,-1.5596202951567));
#5653=CARTESIAN_POINT('Ctrl Pts',(-13.6029286900315,43.2746470468594,-1.35643712050918));
#5654=CARTESIAN_POINT('Ctrl Pts',(-13.5808849535298,43.290809980433,-1.24960579087093));
#5655=CARTESIAN_POINT('Ctrl Pts',(-13.5703304910084,43.290809980433,-1.19203056952221));
#5656=CARTESIAN_POINT('Ctrl Pts',(-13.6318012028721,43.1613414540221,-1.59829640663487));
#5657=CARTESIAN_POINT('Ctrl Pts',(-13.6409916475984,43.1815428049604,-1.55309705262866));
#5658=CARTESIAN_POINT('Ctrl Pts',(-13.6604178262546,43.2210744981363,-1.45221453864826));
#5659=CARTESIAN_POINT('Ctrl Pts',(-13.6900678499274,43.2755289673649,-1.24643453964418));
#5660=CARTESIAN_POINT('Ctrl Pts',(-13.6666158075171,43.290809980433,-1.14338095587513));
#5661=CARTESIAN_POINT('Ctrl Pts',(-13.6552998702059,43.290809980433,-1.08593967523183));
#5662=CARTESIAN_POINT('Ctrl Pts',(-13.7186825619402,43.1561639151844,-1.49394142724546));
#5663=CARTESIAN_POINT('Ctrl Pts',(-13.7283336829533,43.178294839508,-1.44832006154279));
#5664=CARTESIAN_POINT('Ctrl Pts',(-13.7481537704934,43.2213752560609,-1.34356097438729));
#5665=CARTESIAN_POINT('Ctrl Pts',(-13.7695216342811,43.2763854868505,-1.15291396101545));
#5666=CARTESIAN_POINT('Ctrl Pts',(-13.7421556596194,43.290809980433,-1.05420986131453));
#5667=CARTESIAN_POINT('Ctrl Pts',(-13.7298961615793,43.290809980433,-0.997627661639764));
#5668=CARTESIAN_POINT('Ctrl Pts',(-13.823951810845,43.151346753418,-1.37644822116902));
#5669=CARTESIAN_POINT('Ctrl Pts',(-13.8323079198964,43.175826946393,-1.33182436441143));
#5670=CARTESIAN_POINT('Ctrl Pts',(-13.8505428953282,43.2226987981019,-1.232008375878));
#5671=CARTESIAN_POINT('Ctrl Pts',(-13.8523608219894,43.276918252241,-1.06076604402809));
#5672=CARTESIAN_POINT('Ctrl Pts',(-13.8210588043008,43.290809980433,-0.966267248902262));
#5673=CARTESIAN_POINT('Ctrl Pts',(-13.8061588036773,43.290809980433,-0.912912834683694));
#5674=CARTESIAN_POINT('Ctrl Pts',(-13.9533185017745,43.1477079996,-1.24783010571362));
#5675=CARTESIAN_POINT('Ctrl Pts',(-13.9565706750993,43.1745957982872,-1.20738476296185));
#5676=CARTESIAN_POINT('Ctrl Pts',(-13.9589199667293,43.2242590071019,-1.11622573553636));
#5677=CARTESIAN_POINT('Ctrl Pts',(-13.9353037618041,43.2773576423233,-0.973737088121882));
#5678=CARTESIAN_POINT('Ctrl Pts',(-13.8956069832387,43.290809980433,-0.886183428583096));
#5679=CARTESIAN_POINT('Ctrl Pts',(-13.8754437156179,43.290809980433,-0.839584837851925));
#5680=CARTESIAN_POINT('Ctrl Pts',(-14.081707608542,43.1453641154021,-1.12480167369024));
#5681=CARTESIAN_POINT('Ctrl Pts',(-14.0746351509399,43.1743187086347,-1.09164438638167));
#5682=CARTESIAN_POINT('Ctrl Pts',(-14.0548087125396,43.2262590606459,-1.0191300728011));
#5683=CARTESIAN_POINT('Ctrl Pts',(-14.0009120590103,43.2780233169814,-0.90489741986949));
#5684=CARTESIAN_POINT('Ctrl Pts',(-13.9512281796359,43.290809980433,-0.827970349041906));
#5685=CARTESIAN_POINT('Ctrl Pts',(-13.9253556704248,43.290809980433,-0.789371431192365));
#5686=CARTESIAN_POINT('Ctrl Pts',(-14.1527660603751,43.1443633710263,-1.06029730750331));
#5687=CARTESIAN_POINT('Ctrl Pts',(-14.1369875634311,43.174645366361,-1.03372260106432));
#5688=CARTESIAN_POINT('Ctrl Pts',(-14.0993585781144,43.2277783880943,-0.974991967526563));
#5689=CARTESIAN_POINT('Ctrl Pts',(-14.0275190151033,43.278895549269,-0.875798584149921));
#5690=CARTESIAN_POINT('Ctrl Pts',(-13.9716590947604,43.290809980433,-0.807222863994524));
#5691=CARTESIAN_POINT('Ctrl Pts',(-13.9434258925515,43.290809980433,-0.772831006383546));
#5692=CARTESIAN_POINT('Ctrl Pts',(-14.1896299487616,43.1443633710263,-1.02683402694335));
#5693=CARTESIAN_POINT('Ctrl Pts',(-14.1688924853817,43.1752167247635,-1.00398917961622));
#5694=CARTESIAN_POINT('Ctrl Pts',(-14.1219594190091,43.2287969896005,-0.95228667790549));
#5695=CARTESIAN_POINT('Ctrl Pts',(-14.0399749809728,43.2793215432044,-0.861970811599776));
#5696=CARTESIAN_POINT('Ctrl Pts',(-13.9813233248274,43.290809980433,-0.797358852770646));
#5697=CARTESIAN_POINT('Ctrl Pts',(-13.9519961228663,43.290809980433,-0.765051359850273));
#5698=CARTESIAN_POINT('',(-14.1896299487616,43.1443633710263,-1.02683402694335));
#5699=CARTESIAN_POINT('Ctrl Pts',(-13.3754710556734,43.173130849389,-1.95202089486406));
#5700=CARTESIAN_POINT('Ctrl Pts',(-13.392488744305,43.1729833024097,-1.9265421821482));
#5701=CARTESIAN_POINT('Ctrl Pts',(-13.4278813594616,43.172190211566,-1.87430151253437));
#5702=CARTESIAN_POINT('Ctrl Pts',(-13.4876602263809,43.1696966718848,-1.78933371838436));
#5703=CARTESIAN_POINT('Ctrl Pts',(-13.555431840794,43.1660471652001,-1.69711497728807));
#5704=CARTESIAN_POINT('Ctrl Pts',(-13.6318012028721,43.1613414540221,-1.59829640663487));
#5705=CARTESIAN_POINT('Ctrl Pts',(-13.7186825619402,43.1561639151844,-1.49394142724546));
#5706=CARTESIAN_POINT('Ctrl Pts',(-13.823951810845,43.1513467534181,-1.37644822116903));
#5707=CARTESIAN_POINT('Ctrl Pts',(-13.9533185017745,43.1477079996,-1.24783010571362));
#5708=CARTESIAN_POINT('Ctrl Pts',(-14.081707608542,43.1453641154021,-1.12480167369025));
#5709=CARTESIAN_POINT('Ctrl Pts',(-14.1527660603751,43.1443633710263,-1.06029730750331));
#5710=CARTESIAN_POINT('Ctrl Pts',(-14.1896299487616,43.1443633710263,-1.02683402694335));
#5711=CARTESIAN_POINT('',(-13.9519961228663,43.290809980433,-0.765051359850267));
#5712=CARTESIAN_POINT('Origin',(-13.9519961228663,42.790809980433,-0.765051359850267));
#5713=CARTESIAN_POINT('Ctrl Pts',(-13.9519961228663,43.290809980433,-0.765051359850273));
#5714=CARTESIAN_POINT('Ctrl Pts',(-13.9495578107867,43.290809980433,-0.767264743320827));
#5715=CARTESIAN_POINT('Ctrl Pts',(-13.9471187425941,43.290809980433,-0.769484301759335));
#5716=CARTESIAN_POINT('Ctrl Pts',(-13.944553210077,43.290809980433,-0.771840140294506));
#5717=CARTESIAN_POINT('Ctrl Pts',(-13.9419079885373,43.290809980433,-0.774269154464343));
#5718=CARTESIAN_POINT('Ctrl Pts',(-13.9391285210136,43.290809980433,-0.776842901539994));
#5719=CARTESIAN_POINT('Ctrl Pts',(-13.9361208255485,43.290809980433,-0.779665979411211));
#5720=CARTESIAN_POINT('Ctrl Pts',(-13.9330028032137,43.290809980433,-0.782592612096345));
#5721=CARTESIAN_POINT('Ctrl Pts',(-13.9296398683825,43.2908099804331,-0.785787269895767));
#5722=CARTESIAN_POINT('Ctrl Pts',(-13.9259692065966,43.290809980433,-0.789326748090225));
#5723=CARTESIAN_POINT('Ctrl Pts',(-13.924543674628,43.2908099804329,-0.790701333822433));
#5724=CARTESIAN_POINT('Ctrl Pts',(-13.9230741667856,43.2908099804329,-0.792125392276148));
#5725=CARTESIAN_POINT('Ctrl Pts',(-13.9215547319685,43.2908099804329,-0.793605477792769));
#5726=CARTESIAN_POINT('Ctrl Pts',(-13.9189865692726,43.2908099804329,-0.796107131939232));
#5727=CARTESIAN_POINT('Ctrl Pts',(-13.9162759808922,43.290809980433,-0.798768618859538));
#5728=CARTESIAN_POINT('Ctrl Pts',(-13.9134236147991,43.290809980433,-0.801590661389906));
#5729=CARTESIAN_POINT('Ctrl Pts',(-13.9086231794371,43.290809980433,-0.806340063224627));
#5730=CARTESIAN_POINT('Ctrl Pts',(-13.903409749474,43.290809980433,-0.811555290731742));
#5731=CARTESIAN_POINT('Ctrl Pts',(-13.8977859084211,43.290809980433,-0.817241359774541));
#5732=CARTESIAN_POINT('Ctrl Pts',(-13.8917133956185,43.290809980433,-0.823381065134989));
#5733=CARTESIAN_POINT('Ctrl Pts',(-13.8851628227739,43.290809980433,-0.830069563739583));
#5734=CARTESIAN_POINT('Ctrl Pts',(-13.8781812316047,43.290809980433,-0.837269079372044));
#5735=CARTESIAN_POINT('Ctrl Pts',(-13.876225275902,43.290809980433,-0.839286088577753));
#5736=CARTESIAN_POINT('Ctrl Pts',(-13.8742363589144,43.290809980433,-0.841342279053548));
#5737=CARTESIAN_POINT('Ctrl Pts',(-13.8722149402799,43.290809980433,-0.843437386114462));
#5738=CARTESIAN_POINT('Ctrl Pts',(-13.8660370923738,43.290809980433,-0.849840440161828));
#5739=CARTESIAN_POINT('Ctrl Pts',(-13.8595559244009,43.290809980433,-0.856606690097008));
#5740=CARTESIAN_POINT('Ctrl Pts',(-13.8528271453291,43.290809980433,-0.863683944468543));
#5741=CARTESIAN_POINT('Ctrl Pts',(-13.8378921948959,43.290809980433,-0.879392357854512));
#5742=CARTESIAN_POINT('Ctrl Pts',(-13.8217289912758,43.2908099804328,-0.896641650622495));
#5743=CARTESIAN_POINT('Ctrl Pts',(-13.8049959225475,43.290809980433,-0.914810893940443));
#5744=CARTESIAN_POINT('Ctrl Pts',(-13.8039289625453,43.290809980433,-0.915969429544724));
#5745=CARTESIAN_POINT('Ctrl Pts',(-13.8028596851061,43.290809980433,-0.917131706914533));
#5746=CARTESIAN_POINT('Ctrl Pts',(-13.8017882077155,43.290809980433,-0.918297621330973));
#5747=CARTESIAN_POINT('Ctrl Pts',(-13.7924936469946,43.290809980433,-0.928411378685937));
#5748=CARTESIAN_POINT('Ctrl Pts',(-13.7830381840339,43.290809980433,-0.938794366631679));
#5749=CARTESIAN_POINT('Ctrl Pts',(-13.7735139769807,43.290809980433,-0.949360542350996));
#5750=CARTESIAN_POINT('Ctrl Pts',(-13.7648113435569,43.290809980433,-0.959015262524718));
#5751=CARTESIAN_POINT('Ctrl Pts',(-13.7560517703863,43.2908099804331,-0.968822231350708));
#5752=CARTESIAN_POINT('Ctrl Pts',(-13.7472798537503,43.290809980433,-0.978745009727079));
#5753=CARTESIAN_POINT('Ctrl Pts',(-13.7415828859057,43.2908099804329,-0.985189410840865));
#5754=CARTESIAN_POINT('Ctrl Pts',(-13.7358771037587,43.2908099804327,-0.991686651846595));
#5755=CARTESIAN_POINT('Ctrl Pts',(-13.7301740096478,43.2908099804328,-0.99822774352963));
#5756=CARTESIAN_POINT('Ctrl Pts',(-13.7276445885408,43.2908099804328,-1.00112883108738));
#5757=CARTESIAN_POINT('Ctrl Pts',(-13.7251157043831,43.2908099804328,-1.00403854065574));
#5758=CARTESIAN_POINT('Ctrl Pts',(-13.7225848595049,43.2908099804329,-1.00695983210505));
#5759=CARTESIAN_POINT('Ctrl Pts',(-13.7148062359357,43.2908099804331,-1.01593850429291));
#5760=CARTESIAN_POINT('Ctrl Pts',(-13.7070251310679,43.290809980433,-1.02500953353934));
#5761=CARTESIAN_POINT('Ctrl Pts',(-13.6992166214158,43.290809980433,-1.03420172453265));
#5762=CARTESIAN_POINT('Ctrl Pts',(-13.6916017753021,43.290809980433,-1.04316593447547));
#5763=CARTESIAN_POINT('Ctrl Pts',(-13.6839610752259,43.290809980433,-1.05224485812387));
#5764=CARTESIAN_POINT('Ctrl Pts',(-13.6762391333388,43.290809980433,-1.06150225187043));
#5765=CARTESIAN_POINT('Ctrl Pts',(-13.6687846594226,43.290809980433,-1.07043899358968));
#5766=CARTESIAN_POINT('Ctrl Pts',(-13.6612505991619,43.2908099804355,-1.07954660009387));
#5767=CARTESIAN_POINT('Ctrl Pts',(-13.6535713775399,43.2908099804305,-1.08890461697987));
#5768=CARTESIAN_POINT('Ctrl Pts',(-13.6528894429522,43.2908099804301,-1.08973563289551));
#5769=CARTESIAN_POINT('Ctrl Pts',(-13.6522063623403,43.2908099804295,-1.0905686260087));
#5770=CARTESIAN_POINT('Ctrl Pts',(-13.651522108398,43.2908099804288,-1.09140362661067));
#5771=CARTESIAN_POINT('Ctrl Pts',(-13.6431090006656,43.2908099804205,-1.10167020979882));
#5772=CARTESIAN_POINT('Ctrl Pts',(-13.6345158254559,43.2908099803921,-1.11224099410487));
#5773=CARTESIAN_POINT('Ctrl Pts',(-13.6256926584412,43.2908099803758,-1.12316703191395));
#5774=CARTESIAN_POINT('Ctrl Pts',(-13.6164869155967,43.2908099803589,-1.13456682681883));
#5775=CARTESIAN_POINT('Ctrl Pts',(-13.6070309767128,43.2908099803687,-1.14635314186234));
#5776=CARTESIAN_POINT('Ctrl Pts',(-13.5973055710124,43.2908099803913,-1.15854073515066));
#5777=CARTESIAN_POINT('Ctrl Pts',(-13.5877118620331,43.2908099804135,-1.17056328996919));
#5778=CARTESIAN_POINT('Ctrl Pts',(-13.577856605978,43.2908099804308,-1.18297549867727));
#5779=CARTESIAN_POINT('Ctrl Pts',(-13.5677507349641,43.2908099804323,-1.19575722543452));
#5780=CARTESIAN_POINT('Ctrl Pts',(-13.5670475756477,43.2908099804324,-1.19664656889008));
#5781=CARTESIAN_POINT('Ctrl Pts',(-13.566343206586,43.2908099804325,-1.19753769612313));
#5782=CARTESIAN_POINT('Ctrl Pts',(-13.5656376625987,43.2908099804325,-1.19843056287741));
#5783=CARTESIAN_POINT('Ctrl Pts',(-13.5533349410958,43.2908099804335,-1.21399967155696));
#5784=CARTESIAN_POINT('Ctrl Pts',(-13.540665352691,43.290809980433,-1.23010588437107));
#5785=CARTESIAN_POINT('Ctrl Pts',(-13.527696383633,43.290809980433,-1.24665473283524));
#5786=CARTESIAN_POINT('Ctrl Pts',(-13.5126874599458,43.290809980433,-1.26580663323676));
#5787=CARTESIAN_POINT('Ctrl Pts',(-13.4972782718421,43.290809980433,-1.28555064629833));
#5788=CARTESIAN_POINT('Ctrl Pts',(-13.4816260185642,43.290809980433,-1.30567594038915));
#5789=CARTESIAN_POINT('Ctrl Pts',(-13.4774190279811,43.290809980433,-1.31108518857984));
#5790=CARTESIAN_POINT('Ctrl Pts',(-13.4731948622179,43.290809980433,-1.316521482016));
#5791=CARTESIAN_POINT('Ctrl Pts',(-13.4689566943623,43.290809980433,-1.32198056735403));
#5792=CARTESIAN_POINT('Ctrl Pts',(-13.4546867630877,43.290809980433,-1.34036133358384));
#5793=CARTESIAN_POINT('Ctrl Pts',(-13.4402580952015,43.2908099804329,-1.35900048986453));
#5794=CARTESIAN_POINT('Ctrl Pts',(-13.42580611124,43.2908099804329,-1.37771835963812));
#5795=CARTESIAN_POINT('Ctrl Pts',(-13.4112560335739,43.2908099804328,-1.39656327807113));
#5796=CARTESIAN_POINT('Ctrl Pts',(-13.3966831758632,43.2908099804325,-1.41548697040011));
#5797=CARTESIAN_POINT('Ctrl Pts',(-13.3822119629481,43.2908099804327,-1.43432330687096));
#5798=CARTESIAN_POINT('Ctrl Pts',(-13.376394598471,43.2908099804328,-1.4418954319793));
#5799=CARTESIAN_POINT('Ctrl Pts',(-13.3705917352955,43.2908099804329,-1.449455962582));
#5800=CARTESIAN_POINT('Ctrl Pts',(-13.3648133436949,43.2908099804329,-1.45699179069598));
#5801=CARTESIAN_POINT('Ctrl Pts',(-13.3575910157028,43.290809980433,-1.46641071313896));
#5802=CARTESIAN_POINT('Ctrl Pts',(-13.350406925189,43.290809980433,-1.47579103596567));
#5803=CARTESIAN_POINT('Ctrl Pts',(-13.3432672769714,43.290809980433,-1.48512332996862));
#5804=CARTESIAN_POINT('Ctrl Pts',(-13.3298185199195,43.290809980433,-1.5027023129882));
#5805=CARTESIAN_POINT('Ctrl Pts',(-13.3165372040358,43.290809980433,-1.52009752681616));
#5806=CARTESIAN_POINT('Ctrl Pts',(-13.3034600678513,43.290809980433,-1.53725077746373));
#5807=CARTESIAN_POINT('Ctrl Pts',(-13.2918395244411,43.290809980433,-1.55249341858672));
#5808=CARTESIAN_POINT('Ctrl Pts',(-13.2803782859137,43.290809980433,-1.56754748249417));
#5809=CARTESIAN_POINT('Ctrl Pts',(-13.2690650525998,43.290809980433,-1.58242097275234));
#5810=CARTESIAN_POINT('Ctrl Pts',(-13.2676469800263,43.290809980433,-1.5842853105611));
#5811=CARTESIAN_POINT('Ctrl Pts',(-13.2662311687002,43.290809980433,-1.58614689601631));
#5812=CARTESIAN_POINT('Ctrl Pts',(-13.2648175560198,43.290809980433,-1.58800579830814));
#5813=CARTESIAN_POINT('Ctrl Pts',(-13.3754710556734,43.173130849389,-1.95202089486406));
#5814=CARTESIAN_POINT('Ctrl Pts',(-13.392488744305,43.1729833024097,-1.9265421821482));
#5815=CARTESIAN_POINT('Ctrl Pts',(-13.4278813594616,43.172190211566,-1.87430151253437));
#5816=CARTESIAN_POINT('Ctrl Pts',(-13.4876602263809,43.1696966718848,-1.78933371838436));
#5817=CARTESIAN_POINT('Ctrl Pts',(-13.555431840794,43.1660471652001,-1.69711497728807));
#5818=CARTESIAN_POINT('Ctrl Pts',(-13.6318012028721,43.1613414540221,-1.59829640663487));
#5819=CARTESIAN_POINT('Ctrl Pts',(-13.7186825619402,43.1561639151844,-1.49394142724546));
#5820=CARTESIAN_POINT('Ctrl Pts',(-13.823951810845,43.1513467534181,-1.37644822116903));
#5821=CARTESIAN_POINT('Ctrl Pts',(-13.9533185017745,43.1477079996,-1.24783010571362));
#5822=CARTESIAN_POINT('Ctrl Pts',(-14.081707608542,43.1453641154021,-1.12480167369025));
#5823=CARTESIAN_POINT('Ctrl Pts',(-14.1527660603751,43.1443633710263,-1.06029730750331));
#5824=CARTESIAN_POINT('Ctrl Pts',(-14.1896299487616,43.1443633710263,-1.02683402694335));
#5825=CARTESIAN_POINT('Ctrl Pts',(-13.4219573920069,43.152940645115,-1.91927800359431));
#5826=CARTESIAN_POINT('Ctrl Pts',(-13.4384807902542,43.152624142117,-1.89468872975198));
#5827=CARTESIAN_POINT('Ctrl Pts',(-13.4733313139258,43.1515111401717,-1.84385081109447));
#5828=CARTESIAN_POINT('Ctrl Pts',(-13.5315929969458,43.1484530595188,-1.76249762076732));
#5829=CARTESIAN_POINT('Ctrl Pts',(-13.5961230123651,43.1440427740527,-1.67678586927119));
#5830=CARTESIAN_POINT('Ctrl Pts',(-13.6679575379618,43.1382829014742,-1.5868939111975));
#5831=CARTESIAN_POINT('Ctrl Pts',(-13.7516085129093,43.1317827190562,-1.49071628419524));
#5832=CARTESIAN_POINT('Ctrl Pts',(-13.8559117072311,43.1254363903922,-1.37864040944128));
#5833=CARTESIAN_POINT('Ctrl Pts',(-13.9799215089398,43.1202062207444,-1.25963263695764));
#5834=CARTESIAN_POINT('Ctrl Pts',(-14.100953873362,43.1162572413707,-1.14673183268723));
#5835=CARTESIAN_POINT('Ctrl Pts',(-14.1726405449177,43.1140813756916,-1.08315387165785));
#5836=CARTESIAN_POINT('Ctrl Pts',(-14.2103674121415,43.1135100172891,-1.04967887427048));
#5837=CARTESIAN_POINT('Ctrl Pts',(-13.5079163611536,43.1064548476232,-1.86223793596938));
#5838=CARTESIAN_POINT('Ctrl Pts',(-13.5236596872771,43.105888768457,-1.83929844493125));
#5839=CARTESIAN_POINT('Ctrl Pts',(-13.5559493371414,43.1041671662083,-1.79334560114528));
#5840=CARTESIAN_POINT('Ctrl Pts',(-13.6079326497872,43.0996272100951,-1.72358121374212));
#5841=CARTESIAN_POINT('Ctrl Pts',(-13.6659902633912,43.0930013063264,-1.6510937324382));
#5842=CARTESIAN_POINT('Ctrl Pts',(-13.7348340718682,43.084228458605,-1.57147785333974));
#5843=CARTESIAN_POINT('Ctrl Pts',(-13.8206503316367,43.0742746961593,-1.47993946637276));
#5844=CARTESIAN_POINT('Ctrl Pts',(-13.9200617907044,43.0645201318084,-1.37923351887816));
#5845=CARTESIAN_POINT('Ctrl Pts',(-14.0306311374035,43.0562608612695,-1.27966977435608));
#5846=CARTESIAN_POINT('Ctrl Pts',(-14.1376687399422,43.049487084244,-1.18381209047891));
#5847=CARTESIAN_POINT('Ctrl Pts',(-14.2083986384818,43.04530369662,-1.12245375166957));
#5848=CARTESIAN_POINT('Ctrl Pts',(-14.2463803133453,43.0436826487129,-1.08935148102742));
#5849=CARTESIAN_POINT('Ctrl Pts',(-13.6010058360473,42.9903124462214,-1.82051433606597));
#5850=CARTESIAN_POINT('Ctrl Pts',(-13.6164909906116,42.9886130138126,-1.7990700403195));
#5851=CARTESIAN_POINT('Ctrl Pts',(-13.6488991834931,42.9845592687071,-1.75571611585481));
#5852=CARTESIAN_POINT('Ctrl Pts',(-13.7036493185676,42.9767556510398,-1.68745472274334));
#5853=CARTESIAN_POINT('Ctrl Pts',(-13.765914191972,42.9676436215906,-1.61476167907035));
#5854=CARTESIAN_POINT('Ctrl Pts',(-13.8360041822721,42.9577159038868,-1.53792912994312));
#5855=CARTESIAN_POINT('Ctrl Pts',(-13.913003362845,42.9487071685188,-1.45878561995972));
#5856=CARTESIAN_POINT('Ctrl Pts',(-13.9969976582378,42.9410716600455,-1.37903073782177));
#5857=CARTESIAN_POINT('Ctrl Pts',(-14.0866351565547,42.9349057127158,-1.29980184807565));
#5858=CARTESIAN_POINT('Ctrl Pts',(-14.1794018092149,42.9286125604848,-1.21664808763324));
#5859=CARTESIAN_POINT('Ctrl Pts',(-14.2463563182631,42.9235721001698,-1.1570344100563));
#5860=CARTESIAN_POINT('Ctrl Pts',(-14.2803393794835,42.9217055861696,-1.12676153774872));
#5861=CARTESIAN_POINT('Ctrl Pts',(-13.6226281558531,42.8714945648159,-1.82048351552452));
#5862=CARTESIAN_POINT('Ctrl Pts',(-13.6414524051838,42.8712109605222,-1.79481929214488));
#5863=CARTESIAN_POINT('Ctrl Pts',(-13.6802626585074,42.8702882455444,-1.74359879107913));
#5864=CARTESIAN_POINT('Ctrl Pts',(-13.7423735747924,42.8676625376278,-1.6669416748645));
#5865=CARTESIAN_POINT('Ctrl Pts',(-13.8086878592638,42.8636381067754,-1.59041809157497));
#5866=CARTESIAN_POINT('Ctrl Pts',(-13.8795716504741,42.8583119096485,-1.514235701655));
#5867=CARTESIAN_POINT('Ctrl Pts',(-13.9549438460784,42.852886703125,-1.43837492637146));
#5868=CARTESIAN_POINT('Ctrl Pts',(-14.0356590389636,42.8475284874918,-1.36420195516292));
#5869=CARTESIAN_POINT('Ctrl Pts',(-14.1185910229198,42.8425401212398,-1.28915440455002));
#5870=CARTESIAN_POINT('Ctrl Pts',(-14.2026713584538,42.8381127403943,-1.21276653042286));
#5871=CARTESIAN_POINT('Ctrl Pts',(-14.259483929554,42.8352512345348,-1.161208953204));
#5872=CARTESIAN_POINT('Ctrl Pts',(-14.2880611023261,42.8344432117329,-1.13526795804751));
#5873=CARTESIAN_POINT('Ctrl Pts',(-13.6284889594327,42.8148384785781,-1.81255374747251));
#5874=CARTESIAN_POINT('Ctrl Pts',(-13.6493559355263,42.8150447105364,-1.78431991748713));
#5875=CARTESIAN_POINT('Ctrl Pts',(-13.6920798115891,42.8150069591707,-1.72858509125636));
#5876=CARTESIAN_POINT('Ctrl Pts',(-13.7590578702611,42.8134490043678,-1.64729773945209));
#5877=CARTESIAN_POINT('Ctrl Pts',(-13.8288084853384,42.8102679648326,-1.56842663627576));
#5878=CARTESIAN_POINT('Ctrl Pts',(-13.9012841627791,42.8058680039653,-1.49212484474148));
#5879=CARTESIAN_POINT('Ctrl Pts',(-13.9762799998793,42.8015347983099,-1.41828449766588));
#5880=CARTESIAN_POINT('Ctrl Pts',(-14.0542102091539,42.7976064855828,-1.34755604843587));
#5881=CARTESIAN_POINT('Ctrl Pts',(-14.1321382524766,42.7942907826891,-1.27680475604248));
#5882=CARTESIAN_POINT('Ctrl Pts',(-14.2100933677325,42.7920529830659,-1.20604407324935));
#5883=CARTESIAN_POINT('Ctrl Pts',(-14.2620707844097,42.790809980433,-1.15886072968247));
#5884=CARTESIAN_POINT('Ctrl Pts',(-14.2880611023261,42.790809980433,-1.13526795804751));
#5885=CARTESIAN_POINT('',(-13.628488874457,42.814838487991,-1.81255386244787));
#5886=CARTESIAN_POINT('Ctrl Pts',(-13.3754710556734,43.173130849389,-1.95202089486406));
#5887=CARTESIAN_POINT('Ctrl Pts',(-13.4219573920069,43.152940645115,-1.91927800359431));
#5888=CARTESIAN_POINT('Ctrl Pts',(-13.5079163611536,43.1064548476232,-1.86223793596938));
#5889=CARTESIAN_POINT('Ctrl Pts',(-13.6010058299703,42.9903124538033,-1.82051433878974));
#5890=CARTESIAN_POINT('Ctrl Pts',(-13.6226281516185,42.8714945880856,-1.82048351553056));
#5891=CARTESIAN_POINT('Ctrl Pts',(-13.6284889559893,42.8148385118653,-1.81255375213149));
#5892=CARTESIAN_POINT('',(-14.0246973942962,42.7991236293397,-1.37439292682264));
#5893=CARTESIAN_POINT('Ctrl Pts',(-13.6284889594327,42.8148384785781,-1.81255374747251));
#5894=CARTESIAN_POINT('Ctrl Pts',(-13.6415264472468,42.8149673303404,-1.79491351954834));
#5895=CARTESIAN_POINT('Ctrl Pts',(-13.6547053219811,42.8150068643934,-1.77749028580631));
#5896=CARTESIAN_POINT('Ctrl Pts',(-13.6678185797987,42.8149566849244,-1.76053152049797));
#5897=CARTESIAN_POINT('Ctrl Pts',(-13.6761096511666,42.8149249581357,-1.74980906422979));
#5898=CARTESIAN_POINT('Ctrl Pts',(-13.6843735362684,42.8148576101192,-1.73927250965825));
#5899=CARTESIAN_POINT('Ctrl Pts',(-13.6925618523521,42.8147567378783,-1.72897090584667));
#5900=CARTESIAN_POINT('Ctrl Pts',(-13.6945310427452,42.8147324793317,-1.72649349546681));
#5901=CARTESIAN_POINT('Ctrl Pts',(-13.6964958512895,42.814706289143,-1.7240296630154));
#5902=CARTESIAN_POINT('Ctrl Pts',(-13.6984555789999,42.8146782135902,-1.72158006949217));
#5903=CARTESIAN_POINT('Ctrl Pts',(-13.7076648608159,42.8145462790995,-1.71006877791278));
#5904=CARTESIAN_POINT('Ctrl Pts',(-13.7167608447702,42.8143762792112,-1.69887364277064));
#5905=CARTESIAN_POINT('Ctrl Pts',(-13.7256911130976,42.8141747593215,-1.68803481589012));
#5906=CARTESIAN_POINT('Ctrl Pts',(-13.7340469740235,42.8139862014742,-1.67789315757772));
#5907=CARTESIAN_POINT('Ctrl Pts',(-13.7422583404494,42.8137659363747,-1.66806237612869));
#5908=CARTESIAN_POINT('Ctrl Pts',(-13.7503090834195,42.8135165277112,-1.65854140651174));
#5909=CARTESIAN_POINT('Ctrl Pts',(-13.7533988734414,42.8134208073034,-1.65488735904925));
#5910=CARTESIAN_POINT('Ctrl Pts',(-13.7564649753875,42.8133208522416,-1.65127897772409));
#5911=CARTESIAN_POINT('Ctrl Pts',(-13.75950837044,42.8132167299753,-1.64771402419247));
#5912=CARTESIAN_POINT('Ctrl Pts',(-13.7640110855943,42.8130626806659,-1.64243966118198));
#5913=CARTESIAN_POINT('Ctrl Pts',(-13.7684640877775,42.8128995229915,-1.63726035299319));
#5914=CARTESIAN_POINT('Ctrl Pts',(-13.7728708491993,42.812728020914,-1.63216903252825));
#5915=CARTESIAN_POINT('Ctrl Pts',(-13.7801142741094,42.8124461217366,-1.62380039307839));
#5916=CARTESIAN_POINT('Ctrl Pts',(-13.7872322727032,42.8121414338421,-1.61566964396757));
#5917=CARTESIAN_POINT('Ctrl Pts',(-13.7942742335678,42.8118172920588,-1.60770997822425));
#5918=CARTESIAN_POINT('Ctrl Pts',(-13.8011970148577,42.8114986361168,-1.59988502347916));
#5919=CARTESIAN_POINT('Ctrl Pts',(-13.8080522776029,42.811161189854,-1.59221870437985));
#5920=CARTESIAN_POINT('Ctrl Pts',(-13.8148898195613,42.8108135742722,-1.5846499792625));
#5921=CARTESIAN_POINT('Ctrl Pts',(-13.819686948514,42.8105696917802,-1.57933986188154));
#5922=CARTESIAN_POINT('Ctrl Pts',(-13.8244754597897,42.8103205660943,-1.57407782830307));
#5923=CARTESIAN_POINT('Ctrl Pts',(-13.8292625886477,42.8100650098869,-1.5688549353598));
#5924=CARTESIAN_POINT('Ctrl Pts',(-13.8316486997937,42.8099376296695,-1.5662516206307));
#5925=CARTESIAN_POINT('Ctrl Pts',(-13.8340344724283,42.8098086502021,-1.56365803247528));
#5926=CARTESIAN_POINT('Ctrl Pts',(-13.8364208045574,42.809678062228,-1.56107303478614));
#5927=CARTESIAN_POINT('Ctrl Pts',(-13.8449614437626,42.8092106902484,-1.5518213751617));
#5928=CARTESIAN_POINT('Ctrl Pts',(-13.8535091238543,42.8087227553846,-1.54268008079555));
#5929=CARTESIAN_POINT('Ctrl Pts',(-13.8620396991721,42.808225892391,-1.53366757459283));
#5930=CARTESIAN_POINT('Ctrl Pts',(-13.869714853378,42.8077788533634,-1.52555881611984));
#5931=CARTESIAN_POINT('Ctrl Pts',(-13.8773730091409,42.8073247794399,-1.51755784833279));
#5932=CARTESIAN_POINT('Ctrl Pts',(-13.8849631317786,42.8068736217061,-1.50971053173999));
#5933=CARTESIAN_POINT('Ctrl Pts',(-13.8905913435037,42.8065390801752,-1.503891606096));
#5934=CARTESIAN_POINT('Ctrl Pts',(-13.8961809858453,42.8062075820811,-1.4981583176236));
#5935=CARTESIAN_POINT('Ctrl Pts',(-13.9017029100498,42.8058822656665,-1.49253638693185));
#5936=CARTESIAN_POINT('Ctrl Pts',(-13.9075498442151,42.8055378017462,-1.48658356008759));
#5937=CARTESIAN_POINT('Ctrl Pts',(-13.9133208832161,42.8052002478127,-1.4807556187755));
#5938=CARTESIAN_POINT('Ctrl Pts',(-13.9189818118194,42.804870871999,-1.47508374251704));
#5939=CARTESIAN_POINT('Ctrl Pts',(-13.9281728915044,42.8043360976603,-1.46587488822686));
#5940=CARTESIAN_POINT('Ctrl Pts',(-13.9370709333496,42.8038231877018,-1.45708098780493));
#5941=CARTESIAN_POINT('Ctrl Pts',(-13.9455272964488,42.803342266879,-1.4488244596727));
#5942=CARTESIAN_POINT('Ctrl Pts',(-13.9525939979981,42.8029403773333,-1.44192475356267));
#5943=CARTESIAN_POINT('Ctrl Pts',(-13.959351250504,42.8025608012234,-1.43540076907861));
#5944=CARTESIAN_POINT('Ctrl Pts',(-13.9657362793513,42.8022067271733,-1.42929408424161));
#5945=CARTESIAN_POINT('Ctrl Pts',(-13.9695486539235,42.8019953165537,-1.4256479033786));
#5946=CARTESIAN_POINT('Ctrl Pts',(-13.9732276596473,42.8017940706522,-1.42215101640689));
#5947=CARTESIAN_POINT('Ctrl Pts',(-13.976768982722,42.8016024744921,-1.41880322240178));
#5948=CARTESIAN_POINT('Ctrl Pts',(-13.9786503871854,42.8015006848888,-1.41702463444166));
#5949=CARTESIAN_POINT('Ctrl Pts',(-13.9804929265525,42.8014016177652,-1.41528812251548));
#5950=CARTESIAN_POINT('Ctrl Pts',(-13.9822957631569,42.8013051825159,-1.41359343749833));
#5951=CARTESIAN_POINT('Ctrl Pts',(-13.9873036665366,42.8010373055436,-1.40888595662965));
#5952=CARTESIAN_POINT('Ctrl Pts',(-13.9920048505656,42.8007894303175,-1.40450098138523));
#5953=CARTESIAN_POINT('Ctrl Pts',(-13.9964205846794,42.800559225494,-1.40040171513082));
#5954=CARTESIAN_POINT('Ctrl Pts',(-14.0005451080603,42.8003442023173,-1.39657278905082));
#5955=CARTESIAN_POINT('Ctrl Pts',(-14.0044219209863,42.800144517713,-1.39299200604002));
#5956=CARTESIAN_POINT('Ctrl Pts',(-14.008107262404,42.7999565373425,-1.38959881749815));
#5957=CARTESIAN_POINT('Ctrl Pts',(-14.0117920701155,42.7997685841952,-1.38620612035323));
#5958=CARTESIAN_POINT('Ctrl Pts',(-14.0152869619026,42.7995922448132,-1.38299964225096));
#5959=CARTESIAN_POINT('Ctrl Pts',(-14.0186935871827,42.7994219695844,-1.37988128220048));
#5960=CARTESIAN_POINT('Ctrl Pts',(-14.0207144395384,42.7993209602074,-1.37803143235322));
#5961=CARTESIAN_POINT('Ctrl Pts',(-14.0227058851109,42.7992220092955,-1.37621114836218));
#5962=CARTESIAN_POINT('Ctrl Pts',(-14.0246973942962,42.7991236293397,-1.37439292682264));
#5963=CARTESIAN_POINT('',(-14.2880611023261,42.790809980433,-1.13526795804751));
#5964=CARTESIAN_POINT('Ctrl Pts',(-14.0247148362015,42.7991227677296,-1.37437700264875));
#5965=CARTESIAN_POINT('Ctrl Pts',(-14.0256266950392,42.799077723727,-1.3735444933308));
#5966=CARTESIAN_POINT('Ctrl Pts',(-14.0265436510396,42.7990325366627,-1.37270773767682));
#5967=CARTESIAN_POINT('Ctrl Pts',(-14.0275986095979,42.7989807207193,-1.37174562312613));
#5968=CARTESIAN_POINT('Ctrl Pts',(-14.0286448362833,42.7989293336555,-1.37079147198013));
#5969=CARTESIAN_POINT('Ctrl Pts',(-14.0298243801891,42.7988715450728,-1.36971623900355));
#5970=CARTESIAN_POINT('Ctrl Pts',(-14.0312214315973,42.7988034220735,-1.36844366565315));
#5971=CARTESIAN_POINT('Ctrl Pts',(-14.0327620449362,42.7987282987096,-1.36704032181991));
#5972=CARTESIAN_POINT('Ctrl Pts',(-14.0345645454476,42.7986407320289,-1.36539941251741));
#5973=CARTESIAN_POINT('Ctrl Pts',(-14.0366858087607,42.7985384346044,-1.36346999749795));
#5974=CARTESIAN_POINT('Ctrl Pts',(-14.0384598958631,42.7984528796711,-1.36185635986973));
#5975=CARTESIAN_POINT('Ctrl Pts',(-14.0404533822978,42.7983572005734,-1.3600441941672));
#5976=CARTESIAN_POINT('Ctrl Pts',(-14.0426733554853,42.7982514579334,-1.35802731472285));
#5977=CARTESIAN_POINT('Ctrl Pts',(-14.0454655764314,42.798118457762,-1.35549053947627));
#5978=CARTESIAN_POINT('Ctrl Pts',(-14.0486158017024,42.7979695660336,-1.35263029434324));
#5979=CARTESIAN_POINT('Ctrl Pts',(-14.0520885308193,42.7978153996925,-1.34947787077135));
#5980=CARTESIAN_POINT('Ctrl Pts',(-14.0527813069277,42.797784644988,-1.34884899254316));
#5981=CARTESIAN_POINT('Ctrl Pts',(-14.053486996892,42.7977534114533,-1.34820840738406));
#5982=CARTESIAN_POINT('Ctrl Pts',(-14.0542050630786,42.7977217152429,-1.3475565846328));
#5983=CARTESIAN_POINT('Ctrl Pts',(-14.0574974716007,42.7975763848052,-1.34456790918603));
#5984=CARTESIAN_POINT('Ctrl Pts',(-14.0610500689689,42.7974213220336,-1.34134297328314));
#5985=CARTESIAN_POINT('Ctrl Pts',(-14.0648119020661,42.7972582094,-1.33792802501929));
#5986=CARTESIAN_POINT('Ctrl Pts',(-14.0712388431885,42.7969795380009,-1.3320937227361));
#5987=CARTESIAN_POINT('Ctrl Pts',(-14.0782750298808,42.7966773801516,-1.32570614311127));
#5988=CARTESIAN_POINT('Ctrl Pts',(-14.0855818598087,42.7963676704612,-1.31907276000711));
#5989=CARTESIAN_POINT('Ctrl Pts',(-14.0911789790625,42.7961304291283,-1.31399150908764));
#5990=CARTESIAN_POINT('Ctrl Pts',(-14.0969316541951,42.795888905355,-1.30876898250145));
#5991=CARTESIAN_POINT('Ctrl Pts',(-14.1026927392896,42.7956504211995,-1.30353882541123));
#5992=CARTESIAN_POINT('Ctrl Pts',(-14.1076425693843,42.7954455195134,-1.29904515997493));
#5993=CARTESIAN_POINT('Ctrl Pts',(-14.112597900505,42.7952428950599,-1.29454650417843));
#5994=CARTESIAN_POINT('Ctrl Pts',(-14.1174892426699,42.7950464214372,-1.29010598116862));
#5995=CARTESIAN_POINT('Ctrl Pts',(-14.1219932308031,42.794865506908,-1.28601711102483));
#5996=CARTESIAN_POINT('Ctrl Pts',(-14.1264425459772,42.7946898340649,-1.28197790936629));
#5997=CARTESIAN_POINT('Ctrl Pts',(-14.1308107803567,42.7945253885056,-1.27801237851555));
#5998=CARTESIAN_POINT('Ctrl Pts',(-14.1312551392582,42.7945086602713,-1.27760898465447));
#5999=CARTESIAN_POINT('Ctrl Pts',(-14.1316986415682,42.7944921006743,-1.27720636908552));
#6000=CARTESIAN_POINT('Ctrl Pts',(-14.1321413035762,42.7944756996011,-1.27680451705786));
#6001=CARTESIAN_POINT('Ctrl Pts',(-14.1358068530003,42.7943398873031,-1.27347690266614));
#6002=CARTESIAN_POINT('Ctrl Pts',(-14.1394148109746,42.7942149252331,-1.27020161926719));
#6003=CARTESIAN_POINT('Ctrl Pts',(-14.1429742141865,42.7940946532055,-1.26697045238905));
#6004=CARTESIAN_POINT('Ctrl Pts',(-14.1473275609469,42.7939475538716,-1.26301855679757));
#6005=CARTESIAN_POINT('Ctrl Pts',(-14.1516063369968,42.7938075122981,-1.25913441290322));
#6006=CARTESIAN_POINT('Ctrl Pts',(-14.1558782248276,42.7936715345794,-1.25525656286208));
#6007=CARTESIAN_POINT('Ctrl Pts',(-14.1597653867094,42.7935478030055,-1.25172795175137));
#6008=CARTESIAN_POINT('Ctrl Pts',(-14.1636524692838,42.7934272686861,-1.24819944686167));
#6009=CARTESIAN_POINT('Ctrl Pts',(-14.1675974550782,42.7933078673018,-1.24461840463293));
#6010=CARTESIAN_POINT('Ctrl Pts',(-14.1720051209603,42.7931744621552,-1.24061736673912));
#6011=CARTESIAN_POINT('Ctrl Pts',(-14.1764818939411,42.7930425980216,-1.23655362763413));
#6012=CARTESIAN_POINT('Ctrl Pts',(-14.1810505906311,42.7929113702918,-1.2324064615075));
#6013=CARTESIAN_POINT('Ctrl Pts',(-14.1848064286027,42.7928034904907,-1.22899715573184));
#6014=CARTESIAN_POINT('Ctrl Pts',(-14.188620621574,42.7926961591005,-1.22553488945119));
#6015=CARTESIAN_POINT('Ctrl Pts',(-14.1924816452948,42.7925895036167,-1.22203011380249));
#6016=CARTESIAN_POINT('Ctrl Pts',(-14.1975623920159,42.7924491549583,-1.21741815628211));
#6017=CARTESIAN_POINT('Ctrl Pts',(-14.2027236837622,42.7923100355961,-1.21273308637269));
#6018=CARTESIAN_POINT('Ctrl Pts',(-14.2078913600701,42.7921801425143,-1.2080421954723));
#6019=CARTESIAN_POINT('Ctrl Pts',(-14.2086254238142,42.7921616913196,-1.20737585866391));
#6020=CARTESIAN_POINT('Ctrl Pts',(-14.2093595905008,42.7921435238621,-1.20670942788929));
#6021=CARTESIAN_POINT('Ctrl Pts',(-14.2100935659666,42.7921256106988,-1.20604317008565));
#6022=CARTESIAN_POINT('Ctrl Pts',(-14.2158104900096,42.7919860853348,-1.20085369791111));
#6023=CARTESIAN_POINT('Ctrl Pts',(-14.2215159865454,42.7918620838756,-1.19567456061589));
#6024=CARTESIAN_POINT('Ctrl Pts',(-14.2270699000677,42.7917464737679,-1.19063299853803));
#6025=CARTESIAN_POINT('Ctrl Pts',(-14.2338427556338,42.7916054901968,-1.18448494246116));
#6026=CARTESIAN_POINT('Ctrl Pts',(-14.2403849645314,42.79147704372,-1.17854622271153));
#6027=CARTESIAN_POINT('Ctrl Pts',(-14.2464254940046,42.7913646697957,-1.17306289931517));
#6028=CARTESIAN_POINT('Ctrl Pts',(-14.2510088625226,42.7912794039081,-1.16890232168032));
#6029=CARTESIAN_POINT('Ctrl Pts',(-14.2553024217866,42.7912034122704,-1.16500481635425));
#6030=CARTESIAN_POINT('Ctrl Pts',(-14.2592131548719,42.791137772349,-1.16145482475745));
#6031=CARTESIAN_POINT('Ctrl Pts',(-14.2627426363051,42.7910785315676,-1.15825091665226));
#6032=CARTESIAN_POINT('Ctrl Pts',(-14.2659598256422,42.7910277320825,-1.1553304940871));
#6033=CARTESIAN_POINT('Ctrl Pts',(-14.268828340709,42.7909855571289,-1.15272658347176));
#6034=CARTESIAN_POINT('Ctrl Pts',(-14.2714519490356,42.7909469829689,-1.15034498832123));
#6035=CARTESIAN_POINT('Ctrl Pts',(-14.273783723517,42.7909156267809,-1.14822830766276));
#6036=CARTESIAN_POINT('Ctrl Pts',(-14.2758279426881,42.790891011965,-1.14637265741081));
#6037=CARTESIAN_POINT('Ctrl Pts',(-14.2777851420508,42.7908674449705,-1.1445959998283));
#6038=CARTESIAN_POINT('Ctrl Pts',(-14.2794785062138,42.7908500624156,-1.14305884055216));
#6039=CARTESIAN_POINT('Ctrl Pts',(-14.2809456237804,42.7908377932102,-1.14172705820595));
#6040=CARTESIAN_POINT('Ctrl Pts',(-14.2823673172118,42.7908259038775,-1.14043650981586));
#6041=CARTESIAN_POINT('Ctrl Pts',(-14.2835763354472,42.790818820676,-1.13933901882167));
#6042=CARTESIAN_POINT('Ctrl Pts',(-14.2846427391543,42.7908150434206,-1.13837098716711));
#6043=CARTESIAN_POINT('Ctrl Pts',(-14.2856702034253,42.7908114040907,-1.13743830292032));
#6044=CARTESIAN_POINT('Ctrl Pts',(-14.2865651642556,42.7908104377212,-1.13662589957964));
#6045=CARTESIAN_POINT('Ctrl Pts',(-14.2874264394182,42.7908101036648,-1.13584407485185));
#6046=CARTESIAN_POINT('Ctrl Pts',(-14.2876392469749,42.7908100211247,-1.13565089824894));
#6047=CARTESIAN_POINT('Ctrl Pts',(-14.2878501810463,42.7908099804331,-1.13545942233059));
#6048=CARTESIAN_POINT('Ctrl Pts',(-14.2880611023261,42.7908099804331,-1.13526795804751));
#6049=CARTESIAN_POINT('Origin',(-13.9519961228663,42.790809980433,-0.765051359850267));
#6050=CARTESIAN_POINT('Ctrl Pts',(-13.3754710556734,43.173130849389,-1.95202089486406));
#6051=CARTESIAN_POINT('Ctrl Pts',(-13.4219573920069,43.152940645115,-1.91927800359431));
#6052=CARTESIAN_POINT('Ctrl Pts',(-13.5079163611536,43.1064548476232,-1.86223793596938));
#6053=CARTESIAN_POINT('Ctrl Pts',(-13.6010058360473,42.9903124462214,-1.82051433606597));
#6054=CARTESIAN_POINT('Ctrl Pts',(-13.6226281558531,42.8714945648159,-1.82048351552452));
#6055=CARTESIAN_POINT('Ctrl Pts',(-13.6284889594327,42.8148384785781,-1.81255374747251));
#6056=CARTESIAN_POINT('Ctrl Pts',(-13.3739488124863,43.166548328277,-1.96658531049));
#6057=CARTESIAN_POINT('Ctrl Pts',(-13.4182223939917,43.1464221952613,-1.93537510552163));
#6058=CARTESIAN_POINT('Ctrl Pts',(-13.5003112967224,43.1002490855062,-1.88063123456707));
#6059=CARTESIAN_POINT('Ctrl Pts',(-13.58716054965,42.9853034076336,-1.84206169295895));
#6060=CARTESIAN_POINT('Ctrl Pts',(-13.6040209733218,42.8696797955452,-1.84585404379111));
#6061=CARTESIAN_POINT('Ctrl Pts',(-13.6076219833391,42.8146322466197,-1.84078757745789));
#6062=CARTESIAN_POINT('Ctrl Pts',(-13.3698301501839,43.1528935909217,-1.99659490349322));
#6063=CARTESIAN_POINT('Ctrl Pts',(-13.4100291299386,43.1329675305394,-1.96816433555717));
#6064=CARTESIAN_POINT('Ctrl Pts',(-13.4846414336512,43.0874809911629,-1.91803346743437));
#6065=CARTESIAN_POINT('Ctrl Pts',(-13.5589136562687,42.9749862397371,-1.88671905823449));
#6066=CARTESIAN_POINT('Ctrl Pts',(-13.5672282334244,42.8658924136432,-1.89766553951203));
#6067=CARTESIAN_POINT('Ctrl Pts',(-13.5668770174384,42.8138633679067,-1.89799223274703));
#6068=CARTESIAN_POINT('Ctrl Pts',(-13.3597973115966,43.1303946773853,-2.04614251836606));
#6069=CARTESIAN_POINT('Ctrl Pts',(-13.3945803315985,43.1108962218728,-2.02142209213726));
#6070=CARTESIAN_POINT('Ctrl Pts',(-13.4584377466372,43.0664159782912,-1.97861205549178));
#6071=CARTESIAN_POINT('Ctrl Pts',(-13.5141285375042,42.9578847809589,-1.95999298455377));
#6072=CARTESIAN_POINT('Ctrl Pts',(-13.5132947704003,42.8585905220609,-1.97897410566167));
#6073=CARTESIAN_POINT('Ctrl Pts',(-13.5088401743547,42.8104416498903,-1.98584153618467));
#6074=CARTESIAN_POINT('Ctrl Pts',(-13.3449177386556,43.1048585608331,-2.10274531927541));
#6075=CARTESIAN_POINT('Ctrl Pts',(-13.3747154730818,43.0858007825071,-2.08158667750384));
#6076=CARTESIAN_POINT('Ctrl Pts',(-13.4279883352176,43.0420680886352,-2.04680056892336));
#6077=CARTESIAN_POINT('Ctrl Pts',(-13.4666064806521,42.9379228176513,-2.04082320839802));
#6078=CARTESIAN_POINT('Ctrl Pts',(-13.4607377185005,42.8480760136162,-2.0641658596241));
#6079=CARTESIAN_POINT('Ctrl Pts',(-13.4540025997566,42.8033151486463,-2.07554560937289));
#6080=CARTESIAN_POINT('Ctrl Pts',(-13.3237295463314,43.0751542538857,-2.1698316317964));
#6081=CARTESIAN_POINT('Ctrl Pts',(-13.348807229791,43.0565159564324,-2.15227218567545));
#6082=CARTESIAN_POINT('Ctrl Pts',(-13.3916292417699,43.0133238558598,-2.1261255833418));
#6083=CARTESIAN_POINT('Ctrl Pts',(-13.4167005192002,42.9148760425021,-2.12973719518018));
#6084=CARTESIAN_POINT('Ctrl Pts',(-13.4098234730247,42.8339427779585,-2.15330552894322));
#6085=CARTESIAN_POINT('Ctrl Pts',(-13.4025124321662,42.7922995916409,-2.16678822236849));
#6086=CARTESIAN_POINT('Ctrl Pts',(-13.2943820618166,43.040023232224,-2.25163710489909));
#6087=CARTESIAN_POINT('Ctrl Pts',(-13.3150365282439,43.0218320637277,-2.23759768735801));
#6088=CARTESIAN_POINT('Ctrl Pts',(-13.3482599926987,42.9793322163621,-2.21953312923646));
#6089=CARTESIAN_POINT('Ctrl Pts',(-13.3657139440209,42.8886340928921,-2.22608812300945));
#6090=CARTESIAN_POINT('Ctrl Pts',(-13.3609152560935,42.8158173609028,-2.24630103061145));
#6091=CARTESIAN_POINT('Ctrl Pts',(-13.3544501386116,42.7774181251596,-2.259361461292));
#6092=CARTESIAN_POINT('Ctrl Pts',(-13.2554228867974,42.9992974451407,-2.35181039673158));
#6093=CARTESIAN_POINT('Ctrl Pts',(-13.2724034400668,42.9818815292674,-2.34055781528501));
#6094=CARTESIAN_POINT('Ctrl Pts',(-13.2986391374111,42.9412645081529,-2.3274440091485));
#6095=CARTESIAN_POINT('Ctrl Pts',(-13.3155961904924,42.8605956618317,-2.32857366713193));
#6096=CARTESIAN_POINT('Ctrl Pts',(-13.3143471469947,42.7944733872038,-2.34309016936507));
#6097=CARTESIAN_POINT('Ctrl Pts',(-13.3098316832244,42.7591075583949,-2.35314459451514));
#6098=CARTESIAN_POINT('Ctrl Pts',(-13.2088069894113,42.9532759698165,-2.46785892875959));
#6099=CARTESIAN_POINT('Ctrl Pts',(-13.2236482650426,42.9366765767796,-2.45775729551582));
#6100=CARTESIAN_POINT('Ctrl Pts',(-13.247252702551,42.8982546077278,-2.44444349492778));
#6101=CARTESIAN_POINT('Ctrl Pts',(-13.2689006951881,42.8254181758713,-2.43440795017634));
#6102=CARTESIAN_POINT('Ctrl Pts',(-13.2711908534124,42.7638954102935,-2.4416926790055));
#6103=CARTESIAN_POINT('Ctrl Pts',(-13.2692922100831,42.7315594989943,-2.44647236949445));
#6104=CARTESIAN_POINT('Ctrl Pts',(-13.1624633492339,42.9022778080125,-2.58654112807278));
#6105=CARTESIAN_POINT('Ctrl Pts',(-13.1765351303642,42.8852224954752,-2.57737103793161));
#6106=CARTESIAN_POINT('Ctrl Pts',(-13.2006587016496,42.8469952901938,-2.56209238310346));
#6107=CARTESIAN_POINT('Ctrl Pts',(-13.2263267398508,42.7786928583666,-2.54334312432218));
#6108=CARTESIAN_POINT('Ctrl Pts',(-13.2320148583029,42.7233293373163,-2.54074307087603));
#6109=CARTESIAN_POINT('Ctrl Pts',(-13.2329072835519,42.6951539230537,-2.53861717101921));
#6110=CARTESIAN_POINT('Ctrl Pts',(-13.1362185788071,42.8647026050503,-2.66177129360575));
#6111=CARTESIAN_POINT('Ctrl Pts',(-13.1499241139746,42.8457296644479,-2.65475864692607));
#6112=CARTESIAN_POINT('Ctrl Pts',(-13.1741900638817,42.8053104229912,-2.64050461215311));
#6113=CARTESIAN_POINT('Ctrl Pts',(-13.1998550791954,42.7378422913813,-2.61922597417794));
#6114=CARTESIAN_POINT('Ctrl Pts',(-13.2089499570149,42.6888462250473,-2.60557360806181));
#6115=CARTESIAN_POINT('Ctrl Pts',(-13.2116379093189,42.6641817276482,-2.59804152704525));
#6116=CARTESIAN_POINT('Ctrl Pts',(-13.1236022387142,42.8434110610243,-2.70074713980552));
#6117=CARTESIAN_POINT('Ctrl Pts',(-13.1371462765542,42.8230848703543,-2.69497855747454));
#6118=CARTESIAN_POINT('Ctrl Pts',(-13.1612425513122,42.7809447487529,-2.68166027893516));
#6119=CARTESIAN_POINT('Ctrl Pts',(-13.1875940423403,42.7147011108446,-2.65679140690221));
#6120=CARTESIAN_POINT('Ctrl Pts',(-13.1982353709035,42.6695161845477,-2.63732653056027));
#6121=CARTESIAN_POINT('Ctrl Pts',(-13.2017642719107,42.6469236053532,-2.62698275207785));
#6122=CARTESIAN_POINT('',(-13.1236022390219,42.8434110605625,-2.70074713967447));
#6123=CARTESIAN_POINT('Ctrl Pts',(-13.3754710556734,43.173130849389,-1.95202089486406));
#6124=CARTESIAN_POINT('Ctrl Pts',(-13.3739488124863,43.166548328277,-1.96658531049));
#6125=CARTESIAN_POINT('Ctrl Pts',(-13.3698301501839,43.1528935909217,-1.99659490349322));
#6126=CARTESIAN_POINT('Ctrl Pts',(-13.3597973115966,43.1303946773853,-2.04614251836606));
#6127=CARTESIAN_POINT('Ctrl Pts',(-13.3449177386556,43.1048585608331,-2.10274531927541));
#6128=CARTESIAN_POINT('Ctrl Pts',(-13.3237295463314,43.0751542538857,-2.1698316317964));
#6129=CARTESIAN_POINT('Ctrl Pts',(-13.2943820618166,43.040023232224,-2.25163710489909));
#6130=CARTESIAN_POINT('Ctrl Pts',(-13.2554228867974,42.9992974451407,-2.35181039673158));
#6131=CARTESIAN_POINT('Ctrl Pts',(-13.2088069894113,42.9532759698165,-2.46785892875959));
#6132=CARTESIAN_POINT('Ctrl Pts',(-13.1624633492339,42.9022778080125,-2.58654112807278));
#6133=CARTESIAN_POINT('Ctrl Pts',(-13.1362185788071,42.8647026050503,-2.66177129360575));
#6134=CARTESIAN_POINT('Ctrl Pts',(-13.1236022387142,42.8434110610243,-2.70074713980552));
#6135=CARTESIAN_POINT('',(-13.2017642719107,42.6469236053532,-2.62698275207785));
#6136=CARTESIAN_POINT('Origin',(-12.7285456983182,42.6469236053532,-2.4655387010662));
#6137=CARTESIAN_POINT('Ctrl Pts',(-13.2017642719107,42.6469236053532,-2.62698275207785));
#6138=CARTESIAN_POINT('Ctrl Pts',(-13.2030191309968,42.6491169724655,-2.62330455753892));
#6139=CARTESIAN_POINT('Ctrl Pts',(-13.2042826306371,42.6513121505551,-2.61962400127719));
#6140=CARTESIAN_POINT('Ctrl Pts',(-13.2056039466089,42.6535532331901,-2.6158006707461));
#6141=CARTESIAN_POINT('Ctrl Pts',(-13.2069444238645,42.6558268152587,-2.61192189554981));
#6142=CARTESIAN_POINT('Ctrl Pts',(-13.2083442939116,42.6581474695105,-2.60789665453005));
#6143=CARTESIAN_POINT('Ctrl Pts',(-13.2098381408697,42.6605404020216,-2.60363361777788));
#6144=CARTESIAN_POINT('Ctrl Pts',(-13.2114128114236,42.6630628025543,-2.59913993225813));
#6145=CARTESIAN_POINT('Ctrl Pts',(-13.2130918538938,42.6656654200663,-2.59438229618481));
#6146=CARTESIAN_POINT('Ctrl Pts',(-13.2148984041941,42.6683566963207,-2.58930934429091));
#6147=CARTESIAN_POINT('Ctrl Pts',(-13.2168379508994,42.6712461016094,-2.58386292681245));
#6148=CARTESIAN_POINT('Ctrl Pts',(-13.2189244080828,42.6742375706534,-2.5780534402945));
#6149=CARTESIAN_POINT('Ctrl Pts',(-13.2211676916453,42.6773195358342,-2.57187486545986));
#6150=CARTESIAN_POINT('Ctrl Pts',(-13.2236685728079,42.6807554049296,-2.56498680116259));
#6151=CARTESIAN_POINT('Ctrl Pts',(-13.226362633251,42.684325342565,-2.55764514045874));
#6152=CARTESIAN_POINT('Ctrl Pts',(-13.2292438204219,42.6879952084988,-2.54989829984982));
#6153=CARTESIAN_POINT('Ctrl Pts',(-13.2306687727004,42.6898102186019,-2.54606693537335));
#6154=CARTESIAN_POINT('Ctrl Pts',(-13.2321397745943,42.6916409499237,-2.54213573728887));
#6155=CARTESIAN_POINT('Ctrl Pts',(-13.2336540944155,42.6934784701924,-2.53811579310493));
#6156=CARTESIAN_POINT('Ctrl Pts',(-13.2378645071432,42.6985875089956,-2.52693874587907));
#6157=CARTESIAN_POINT('Ctrl Pts',(-13.2424113611739,42.7037460465148,-2.51507369949082));
#6158=CARTESIAN_POINT('Ctrl Pts',(-13.2472202867018,42.7087922429185,-2.50277939380259));
#6159=CARTESIAN_POINT('Ctrl Pts',(-13.249151946969,42.7108192106969,-2.49784098881521));
#6160=CARTESIAN_POINT('Ctrl Pts',(-13.2511258898237,42.7128287752854,-2.49283300172108));
#6161=CARTESIAN_POINT('Ctrl Pts',(-13.2531368952667,42.714812892368,-2.487771838382));
#6162=CARTESIAN_POINT('Ctrl Pts',(-13.2567070303711,42.7183352926043,-2.47878676230076));
#6163=CARTESIAN_POINT('Ctrl Pts',(-13.2603932979234,42.7217763487746,-2.46963585234182));
#6164=CARTESIAN_POINT('Ctrl Pts',(-13.264184217582,42.725167459354,-2.46036212464041));
#6165=CARTESIAN_POINT('Ctrl Pts',(-13.2660939081237,42.7268757445149,-2.45569044819471));
#6166=CARTESIAN_POINT('Ctrl Pts',(-13.2680296485368,42.7285581780122,-2.45098876936228));
#6167=CARTESIAN_POINT('Ctrl Pts',(-13.2699920771267,42.7302114864772,-2.44625722940328));
#6168=CARTESIAN_POINT('Ctrl Pts',(-13.2715207322025,42.7314993490726,-2.4425715449346));
#6169=CARTESIAN_POINT('Ctrl Pts',(-13.2730655781443,42.7327695350839,-2.43886775168397));
#6170=CARTESIAN_POINT('Ctrl Pts',(-13.2746269307787,42.7340199349358,-2.43514577727039));
#6171=CARTESIAN_POINT('Ctrl Pts',(-13.2779542827805,42.7366846247432,-2.42721398867689));
#6172=CARTESIAN_POINT('Ctrl Pts',(-13.2813562370271,42.7392600950298,-2.41920013908996));
#6173=CARTESIAN_POINT('Ctrl Pts',(-13.2848531803944,42.7417477619292,-2.4110644390882));
#6174=CARTESIAN_POINT('Ctrl Pts',(-13.2890092044548,42.744704287787,-2.40139537630851));
#6175=CARTESIAN_POINT('Ctrl Pts',(-13.2932987374556,42.7475362670864,-2.3915546511776));
#6176=CARTESIAN_POINT('Ctrl Pts',(-13.2977954920616,42.750277585699,-2.38139666468131));
#6177=CARTESIAN_POINT('Ctrl Pts',(-13.3015805009472,42.7525850087666,-2.37284648293526));
#6178=CARTESIAN_POINT('Ctrl Pts',(-13.3055168423463,42.754853078545,-2.36406185016981));
#6179=CARTESIAN_POINT('Ctrl Pts',(-13.3096368763523,42.7570945564238,-2.35499227155211));
#6180=CARTESIAN_POINT('Ctrl Pts',(-13.3099275309667,42.7572526851887,-2.35435244312532));
#6181=CARTESIAN_POINT('Ctrl Pts',(-13.3102190750603,42.7574104944215,-2.35371125398216));
#6182=CARTESIAN_POINT('Ctrl Pts',(-13.3105115135987,42.7575679762889,-2.3530687014745));
#6183=CARTESIAN_POINT('Ctrl Pts',(-13.3154877850999,42.7602477616995,-2.34213472625777));
#6184=CARTESIAN_POINT('Ctrl Pts',(-13.320723615116,42.76283182592,-2.33080430669038));
#6185=CARTESIAN_POINT('Ctrl Pts',(-13.3262377694408,42.7653319219471,-2.31907770676615));
#6186=CARTESIAN_POINT('Ctrl Pts',(-13.330824513902,42.7674115339655,-2.30932337018355));
#6187=CARTESIAN_POINT('Ctrl Pts',(-13.3356020127257,42.7694321592891,-2.29929913334179));
#6188=CARTESIAN_POINT('Ctrl Pts',(-13.3405675061802,42.7714051489027,-2.28903494647459));
#6189=CARTESIAN_POINT('Ctrl Pts',(-13.3452245472399,42.7732555780142,-2.27940836250606));
#6190=CARTESIAN_POINT('Ctrl Pts',(-13.3500476818486,42.7750643769566,-2.2695693857658));
#6191=CARTESIAN_POINT('Ctrl Pts',(-13.3550242853478,42.7768476713695,-2.25956276105776));
#6192=CARTESIAN_POINT('Ctrl Pts',(-13.3572011758108,42.7776277288124,-2.25518561389361));
#6193=CARTESIAN_POINT('Ctrl Pts',(-13.3594074013433,42.778403051361,-2.25077641776629));
#6194=CARTESIAN_POINT('Ctrl Pts',(-13.3616420790625,42.779172477674,-2.24633826220678));
#6195=CARTESIAN_POINT('Ctrl Pts',(-13.3707989111586,42.7823252846755,-2.22815244287106));
#6196=CARTESIAN_POINT('Ctrl Pts',(-13.3804245210689,42.7853576603742,-2.20950341049294));
#6197=CARTESIAN_POINT('Ctrl Pts',(-13.3903729409097,42.7881920807224,-2.19073347795113));
#6198=CARTESIAN_POINT('Ctrl Pts',(-13.3945574147406,42.789384285913,-2.18283852651308));
#6199=CARTESIAN_POINT('Ctrl Pts',(-13.3987978395863,42.7905403619294,-2.17492358238187));
#6200=CARTESIAN_POINT('Ctrl Pts',(-13.4030837445055,42.7916552733949,-2.16700999335647));
#6201=CARTESIAN_POINT('Ctrl Pts',(-13.4075436934757,42.7928154597118,-2.15877504557074));
#6202=CARTESIAN_POINT('Ctrl Pts',(-13.4120528975305,42.7939310583836,-2.15054156905761));
#6203=CARTESIAN_POINT('Ctrl Pts',(-13.4165984323519,42.7949987406574,-2.14233355485476));
#6204=CARTESIAN_POINT('Ctrl Pts',(-13.4239015737639,42.7967141459805,-2.12914604429984));
#6205=CARTESIAN_POINT('Ctrl Pts',(-13.4312998501618,42.7983118392083,-2.11602202387426));
#6206=CARTESIAN_POINT('Ctrl Pts',(-13.4387593123315,42.7997946689375,-2.10301760324372));
#6207=CARTESIAN_POINT('Ctrl Pts',(-13.4440015055256,42.8008367386924,-2.09387864874908));
#6208=CARTESIAN_POINT('Ctrl Pts',(-13.4492725144646,42.8018155026788,-2.08480091049723));
#6209=CARTESIAN_POINT('Ctrl Pts',(-13.4545694993073,42.8027294889386,-2.07578671496437));
#6210=CARTESIAN_POINT('Ctrl Pts',(-13.4563800208228,42.8030418915294,-2.07270564234615));
#6211=CARTESIAN_POINT('Ctrl Pts',(-13.4581935778407,42.8033467248504,-2.06963199046608));
#6212=CARTESIAN_POINT('Ctrl Pts',(-13.4600100482236,42.8036439620293,-2.06656586126006));
#6213=CARTESIAN_POINT('Ctrl Pts',(-13.4665301755772,42.8047108796509,-2.05556014760023));
#6214=CARTESIAN_POINT('Ctrl Pts',(-13.4730876770911,42.8056796747997,-2.04465125644507));
#6215=CARTESIAN_POINT('Ctrl Pts',(-13.4797026361044,42.8065546493611,-2.03380265502187));
#6216=CARTESIAN_POINT('Ctrl Pts',(-13.4888315780235,42.8077621537366,-2.01883109554634));
#6217=CARTESIAN_POINT('Ctrl Pts',(-13.4980697939416,42.8087905982025,-2.00397243307052));
#6218=CARTESIAN_POINT('Ctrl Pts',(-13.5075522057242,42.8096734561513,-1.98901900293724));
#6219=CARTESIAN_POINT('Ctrl Pts',(-13.5081587365322,42.8097299270743,-1.98806252516879));
#6220=CARTESIAN_POINT('Ctrl Pts',(-13.5087662846729,42.8097859119947,-1.98710564238156));
#6221=CARTESIAN_POINT('Ctrl Pts',(-13.5093748672798,42.8098414028056,-1.98614833361281));
#6222=CARTESIAN_POINT('Ctrl Pts',(-13.5158149014439,42.8104286077536,-1.97601807174422));
#6223=CARTESIAN_POINT('Ctrl Pts',(-13.5223705846396,42.8109606224545,-1.96584013562583));
#6224=CARTESIAN_POINT('Ctrl Pts',(-13.5290636372738,42.8114352191272,-1.95558868220864));
#6225=CARTESIAN_POINT('Ctrl Pts',(-13.5372158302437,42.8120132817647,-1.94310232791745));
#6226=CARTESIAN_POINT('Ctrl Pts',(-13.5455718721649,42.8125021978191,-1.93050719370457));
#6227=CARTESIAN_POINT('Ctrl Pts',(-13.5541375181922,42.8129140103901,-1.91781101563885));
#6228=CARTESIAN_POINT('Ctrl Pts',(-13.5585021488428,42.8131238497605,-1.9113416696312));
#6229=CARTESIAN_POINT('Ctrl Pts',(-13.5629209647698,42.8133136912816,-1.90484648060503));
#6230=CARTESIAN_POINT('Ctrl Pts',(-13.567390451733,42.8134853012489,-1.89833261949769));
#6231=CARTESIAN_POINT('Ctrl Pts',(-13.5750392136288,42.8137789823335,-1.88718526118936));
#6232=CARTESIAN_POINT('Ctrl Pts',(-13.5828382172924,42.8140192005213,-1.87598081661978));
#6233=CARTESIAN_POINT('Ctrl Pts',(-13.5907619824647,42.8142143968495,-1.86476353291985));
#6234=CARTESIAN_POINT('Ctrl Pts',(-13.6008219608455,42.814462217273,-1.8505221174994));
#6235=CARTESIAN_POINT('Ctrl Pts',(-13.6110809686478,42.8146372838123,-1.83626378305693));
#6236=CARTESIAN_POINT('Ctrl Pts',(-13.6214548512864,42.8147617008292,-1.82211067683037));
#6237=CARTESIAN_POINT('Ctrl Pts',(-13.6237941901688,42.8147897572065,-1.81891911270191));
#6238=CARTESIAN_POINT('Ctrl Pts',(-13.6261391962732,42.8148152552938,-1.81573306932827));
#6239=CARTESIAN_POINT('Ctrl Pts',(-13.6284887076843,42.81483847609,-1.81255408809798));
#6240=CARTESIAN_POINT('Ctrl Pts',(-13.3754710556734,43.173130849389,-1.95202089486406));
#6241=CARTESIAN_POINT('Ctrl Pts',(-13.3739488124863,43.166548328277,-1.96658531049));
#6242=CARTESIAN_POINT('Ctrl Pts',(-13.3698301501839,43.1528935909217,-1.99659490349322));
#6243=CARTESIAN_POINT('Ctrl Pts',(-13.3597973115966,43.1303946773853,-2.04614251836606));
#6244=CARTESIAN_POINT('Ctrl Pts',(-13.3449177386556,43.1048585608331,-2.10274531927541));
#6245=CARTESIAN_POINT('Ctrl Pts',(-13.3237295463314,43.0751542538857,-2.1698316317964));
#6246=CARTESIAN_POINT('Ctrl Pts',(-13.2943820618166,43.040023232224,-2.25163710489909));
#6247=CARTESIAN_POINT('Ctrl Pts',(-13.2554228867974,42.9992974451407,-2.35181039673158));
#6248=CARTESIAN_POINT('Ctrl Pts',(-13.2088069894113,42.9532759698165,-2.46785892875959));
#6249=CARTESIAN_POINT('Ctrl Pts',(-13.1624633492339,42.9022778080125,-2.58654112807278));
#6250=CARTESIAN_POINT('Ctrl Pts',(-13.1362185788071,42.8647026050503,-2.66177129360575));
#6251=CARTESIAN_POINT('Ctrl Pts',(-13.1236022387142,42.8434110610243,-2.70074713980552));
#6252=CARTESIAN_POINT('Ctrl Pts',(-13.3244179897787,43.173573490327,-2.02845703301163));
#6253=CARTESIAN_POINT('Ctrl Pts',(-13.324195700838,43.1671510094878,-2.04076271780385));
#6254=CARTESIAN_POINT('Ctrl Pts',(-13.3224012875358,43.1537633407138,-2.06690196904982));
#6255=CARTESIAN_POINT('Ctrl Pts',(-13.3153050375757,43.131259258899,-2.1120214571204));
#6256=CARTESIAN_POINT('Ctrl Pts',(-13.3030551961863,43.1054669298119,-2.1650828318091));
#6257=CARTESIAN_POINT('Ctrl Pts',(-13.2844907040826,43.0757041401372,-2.22888517608444));
#6258=CARTESIAN_POINT('Ctrl Pts',(-13.2582320635819,43.0410534893152,-2.30664019467753));
#6259=CARTESIAN_POINT('Ctrl Pts',(-13.2235902079785,43.0021451327797,-2.40019451217157));
#6260=CARTESIAN_POINT('Ctrl Pts',(-13.1832899792774,42.9587762614611,-2.50471314792099));
#6261=CARTESIAN_POINT('Ctrl Pts',(-13.143873309368,42.9133321908969,-2.60827189821544));
#6262=CARTESIAN_POINT('Ctrl Pts',(-13.1211112280737,42.8813098185388,-2.67311458986319));
#6263=CARTESIAN_POINT('Ctrl Pts',(-13.1100582008743,42.8637372516943,-2.7065157221365));
#6264=CARTESIAN_POINT('Ctrl Pts',(-13.2325477064911,43.1714226929205,-2.17030843363366));
#6265=CARTESIAN_POINT('Ctrl Pts',(-13.2335886868007,43.1648812361503,-2.18006674069342));
#6266=CARTESIAN_POINT('Ctrl Pts',(-13.234019394551,43.1510132466155,-2.2018782814416));
#6267=CARTESIAN_POINT('Ctrl Pts',(-13.2296505728109,43.127606354873,-2.2422901828257));
#6268=CARTESIAN_POINT('Ctrl Pts',(-13.2199640927499,43.1012360944603,-2.29161386017109));
#6269=CARTESIAN_POINT('Ctrl Pts',(-13.2045554292598,43.0715168361494,-2.35116299599057));
#6270=CARTESIAN_POINT('Ctrl Pts',(-13.1833320819264,43.0388804981795,-2.42132015529038));
#6271=CARTESIAN_POINT('Ctrl Pts',(-13.1575315741886,43.0037156838996,-2.49912705001822));
#6272=CARTESIAN_POINT('Ctrl Pts',(-13.130119831512,42.9680399149045,-2.57752255697676));
#6273=CARTESIAN_POINT('Ctrl Pts',(-13.1041706387104,42.9351384954235,-2.64936455893512));
#6274=CARTESIAN_POINT('Ctrl Pts',(-13.0880960020049,42.9138926855272,-2.69355577122012));
#6275=CARTESIAN_POINT('Ctrl Pts',(-13.0799786025467,42.9029014751535,-2.71627165440046));
#6276=CARTESIAN_POINT('Ctrl Pts',(-13.0592326905608,43.1339517016396,-2.44617563555621));
#6277=CARTESIAN_POINT('Ctrl Pts',(-13.061770896905,43.1273366554453,-2.45332116631882));
#6278=CARTESIAN_POINT('Ctrl Pts',(-13.0659006170842,43.1136527040982,-2.46910026547772));
#6279=CARTESIAN_POINT('Ctrl Pts',(-13.0694292092457,43.0919032850753,-2.49691175373316));
#6280=CARTESIAN_POINT('Ctrl Pts',(-13.0704003250119,43.0692515748871,-2.52833543759198));
#6281=CARTESIAN_POINT('Ctrl Pts',(-13.0689352068725,43.0462585471603,-2.56234678601709));
#6282=CARTESIAN_POINT('Ctrl Pts',(-13.0651493541662,43.0237132719345,-2.59728940216375));
#6283=CARTESIAN_POINT('Ctrl Pts',(-13.0591203990581,43.0029555530956,-2.63129150722351));
#6284=CARTESIAN_POINT('Ctrl Pts',(-13.050860484628,42.9850545648602,-2.66313719626108));
#6285=CARTESIAN_POINT('Ctrl Pts',(-13.0401082532592,42.9697351938961,-2.69359858982574));
#6286=CARTESIAN_POINT('Ctrl Pts',(-13.0312726855857,42.9604193870316,-2.71481502347328));
#6287=CARTESIAN_POINT('Ctrl Pts',(-13.0269052230664,42.9558545702261,-2.72523087042139));
#6288=CARTESIAN_POINT('Ctrl Pts',(-12.9798882039659,43.106180178144,-2.57211871501518));
#6289=CARTESIAN_POINT('Ctrl Pts',(-12.983952553063,43.1012837842467,-2.57504216998201));
#6290=CARTESIAN_POINT('Ctrl Pts',(-12.9912946965719,43.0912644447559,-2.58190904858846));
#6291=CARTESIAN_POINT('Ctrl Pts',(-12.9998239421443,43.0758490807625,-2.59498599133534));
#6292=CARTESIAN_POINT('Ctrl Pts',(-13.0057468733921,43.0603946488733,-2.6104815855481));
#6293=CARTESIAN_POINT('Ctrl Pts',(-13.008945372286,43.0453084582333,-2.62795295740564));
#6294=CARTESIAN_POINT('Ctrl Pts',(-13.0092903214329,43.0310578742845,-2.64688610810859));
#6295=CARTESIAN_POINT('Ctrl Pts',(-13.0068601894444,43.0180417847073,-2.66667108555444));
#6296=CARTESIAN_POINT('Ctrl Pts',(-13.001986827505,43.0064810368921,-2.68670838324402));
#6297=CARTESIAN_POINT('Ctrl Pts',(-12.9951453532199,42.9962085735558,-2.70679233307077));
#6298=CARTESIAN_POINT('Ctrl Pts',(-12.9897361717694,42.9897254533314,-2.72045837773179));
#6299=CARTESIAN_POINT('Ctrl Pts',(-12.9870213418574,42.986495262523,-2.72728533977276));
#6300=CARTESIAN_POINT('Ctrl Pts',(-12.9444584038818,43.0933151823104,-2.62165515677285));
#6301=CARTESIAN_POINT('Ctrl Pts',(-12.9483311463002,43.0894406885648,-2.62337240493145));
#6302=CARTESIAN_POINT('Ctrl Pts',(-12.9555723561069,43.0815060175948,-2.62751543489683));
#6303=CARTESIAN_POINT('Ctrl Pts',(-12.9646116711449,43.0694091344519,-2.63564755097039));
#6304=CARTESIAN_POINT('Ctrl Pts',(-12.9715749864551,43.0574659766456,-2.64545654522972));
#6305=CARTESIAN_POINT('Ctrl Pts',(-12.9762462022641,43.0459993469734,-2.65670261796527));
#6306=CARTESIAN_POINT('Ctrl Pts',(-12.9784318878011,43.0352966271889,-2.6691732298978));
#6307=CARTESIAN_POINT('Ctrl Pts',(-12.9781731938816,43.0255104222775,-2.68262492397821));
#6308=CARTESIAN_POINT('Ctrl Pts',(-12.9757366088128,43.016656776751,-2.69679412573724));
#6309=CARTESIAN_POINT('Ctrl Pts',(-12.9715279895561,43.0084942280551,-2.71163852741662));
#6310=CARTESIAN_POINT('Ctrl Pts',(-12.9679677169682,43.0031560650073,-2.72207988654755));
#6311=CARTESIAN_POINT('Ctrl Pts',(-12.9661795242135,43.0004769959465,-2.72732136815928));
#6312=CARTESIAN_POINT('',(-12.9444584042498,43.0933151819422,-2.62165515693603));
#6313=CARTESIAN_POINT('Ctrl Pts',(-13.3754710552395,43.1731308475125,-1.95202089901595));
#6314=CARTESIAN_POINT('Ctrl Pts',(-13.3244179897153,43.1735734884961,-2.02845703651963));
#6315=CARTESIAN_POINT('Ctrl Pts',(-13.2325477067879,43.1714226910557,-2.17030843641548));
#6316=CARTESIAN_POINT('Ctrl Pts',(-13.0592326912844,43.1339516997538,-2.44617563759319));
#6317=CARTESIAN_POINT('Ctrl Pts',(-12.9798882051245,43.1061801767482,-2.57211871584857));
#6318=CARTESIAN_POINT('Ctrl Pts',(-12.9444584049858,43.0933151812059,-2.62165515726239));
#6319=CARTESIAN_POINT('',(-12.9661795242135,43.0004769959465,-2.72732136815928));
#6320=CARTESIAN_POINT('Ctrl Pts',(-12.9444584042498,43.0933151819422,-2.62165515693603));
#6321=CARTESIAN_POINT('Ctrl Pts',(-12.948331129171,43.0894407056799,-2.62337239736557));
#6322=CARTESIAN_POINT('Ctrl Pts',(-12.9519517639718,43.0854733596135,-2.62544389949959));
#6323=CARTESIAN_POINT('Ctrl Pts',(-12.9552686410404,43.0814735476731,-2.62783498555727));
#6324=CARTESIAN_POINT('Ctrl Pts',(-12.9569231374097,43.0794783955476,-2.62902768673954));
#6325=CARTESIAN_POINT('Ctrl Pts',(-12.9585020552964,43.0774751656721,-2.63029990395753));
#6326=CARTESIAN_POINT('Ctrl Pts',(-12.9600001468559,43.0754710745708,-2.6316466545999));
#6327=CARTESIAN_POINT('Ctrl Pts',(-12.9615053976565,43.0734574061035,-2.63299984123908));
#6328=CARTESIAN_POINT('Ctrl Pts',(-12.9629290298207,43.0714428689799,-2.63442829055857));
#6329=CARTESIAN_POINT('Ctrl Pts',(-12.9642657430444,43.06943476845,-2.63592694773821));
#6330=CARTESIAN_POINT('Ctrl Pts',(-12.9672657685542,43.064927928307,-2.63929042891713));
#6331=CARTESIAN_POINT('Ctrl Pts',(-12.9698279322537,43.0604536019449,-2.64300746833863));
#6332=CARTESIAN_POINT('Ctrl Pts',(-12.9719012844958,43.0560879488334,-2.64702145767444));
#6333=CARTESIAN_POINT('Ctrl Pts',(-12.9735144043254,43.0526913616734,-2.65014444163361));
#6334=CARTESIAN_POINT('Ctrl Pts',(-12.9748317380736,43.0493605172543,-2.6534471365332));
#6335=CARTESIAN_POINT('Ctrl Pts',(-12.9758322827758,43.0461266583077,-2.65690641265586));
#6336=CARTESIAN_POINT('Ctrl Pts',(-12.9760534751262,43.0454117428625,-2.65767116151171));
#6337=CARTESIAN_POINT('Ctrl Pts',(-12.976259182386,43.0447015675952,-2.65844356509637));
#6338=CARTESIAN_POINT('Ctrl Pts',(-12.9764494561089,43.0439963079113,-2.65922333971626));
#6339=CARTESIAN_POINT('Ctrl Pts',(-12.9772426501476,43.0410562919768,-2.66247398605271));
#6340=CARTESIAN_POINT('Ctrl Pts',(-12.9777659065915,43.0382032246151,-2.66585223954347));
#6341=CARTESIAN_POINT('Ctrl Pts',(-12.978024769114,43.0354493419064,-2.66933654233367));
#6342=CARTESIAN_POINT('Ctrl Pts',(-12.9780974221185,43.0346764302818,-2.67031445548938));
#6343=CARTESIAN_POINT('Ctrl Pts',(-12.978149242219,43.0339113297159,-2.671300730453));
#6344=CARTESIAN_POINT('Ctrl Pts',(-12.9781807727606,43.0331540429781,-2.67229487026168));
#6345=CARTESIAN_POINT('Ctrl Pts',(-12.9783121827081,43.0299978964159,-2.67643815018784));
#6346=CARTESIAN_POINT('Ctrl Pts',(-12.9780888315836,43.0269798825714,-2.68071690868035));
#6347=CARTESIAN_POINT('Ctrl Pts',(-12.977550593043,43.0240959294816,-2.68510044976602));
#6348=CARTESIAN_POINT('Ctrl Pts',(-12.9770734550212,43.0215393610303,-2.68898637387641));
#6349=CARTESIAN_POINT('Ctrl Pts',(-12.9763498724487,43.0190897737584,-2.69295152402292));
#6350=CARTESIAN_POINT('Ctrl Pts',(-12.975421044688,43.0167202311431,-2.69699488079639));
#6351=CARTESIAN_POINT('Ctrl Pts',(-12.974421429282,43.0141701013948,-2.70134638911048));
#6352=CARTESIAN_POINT('Ctrl Pts',(-12.9731826144105,43.0117098045709,-2.70579370647566));
#6353=CARTESIAN_POINT('Ctrl Pts',(-12.9717826132685,43.0092794463241,-2.71034690718792));
#6354=CARTESIAN_POINT('Ctrl Pts',(-12.9707193836276,43.0074337128825,-2.71380483148024));
#6355=CARTESIAN_POINT('Ctrl Pts',(-12.9695631206351,43.0056045175283,-2.71732487132226));
#6356=CARTESIAN_POINT('Ctrl Pts',(-12.9683656037448,43.0037740489655,-2.72088407903202));
#6357=CARTESIAN_POINT('Ctrl Pts',(-12.9676467536431,43.0026752481693,-2.72302061409446));
#6358=CARTESIAN_POINT('Ctrl Pts',(-12.9669132560658,43.0015762724642,-2.72517068166227));
#6359=CARTESIAN_POINT('Ctrl Pts',(-12.9661795242135,43.0004769959465,-2.72732136815928));
#6360=CARTESIAN_POINT('Origin',(-12.7285456983182,42.6469236053532,-2.4655387010662));
#6361=CARTESIAN_POINT('Ctrl Pts',(-5.32471271823344,43.1734496785773,6.92225587366811));
#6362=CARTESIAN_POINT('Ctrl Pts',(-5.31140022287781,43.1675263676269,6.92207295345416));
#6363=CARTESIAN_POINT('Ctrl Pts',(-5.28399494970822,43.1551655124913,6.92092570025989));
#6364=CARTESIAN_POINT('Ctrl Pts',(-5.23912505771655,43.1346874738465,6.91653279518608));
#6365=CARTESIAN_POINT('Ctrl Pts',(-5.18866181693205,43.1118609992048,6.9089448565702));
#6366=CARTESIAN_POINT('Ctrl Pts',(-5.13019578864131,43.0861133494865,6.89738856115259));
#6367=CARTESIAN_POINT('Ctrl Pts',(-5.06067314230122,43.0568313520731,6.88083468442412));
#6368=CARTESIAN_POINT('Ctrl Pts',(-4.97691353557856,43.0232962290715,6.85827073560583));
#6369=CARTESIAN_POINT('Ctrl Pts',(-4.87754777062174,42.9855709582559,6.82955309349289));
#6370=CARTESIAN_POINT('Ctrl Pts',(-4.76748477532176,42.9433589270138,6.79722543250418));
#6371=CARTESIAN_POINT('Ctrl Pts',(-4.65751836029924,42.8974558354233,6.76660793187119));
#6372=CARTESIAN_POINT('Ctrl Pts',(-4.58798800383709,42.8625746962888,6.74986412576636));
#6373=CARTESIAN_POINT('Ctrl Pts',(-4.55197583259159,42.8434110610243,6.7419456816665));
#6374=CARTESIAN_POINT('Ctrl Pts',(-5.36156345061355,43.1532850153632,6.96523866991695));
#6375=CARTESIAN_POINT('Ctrl Pts',(-5.34670062543739,43.1474123201066,6.96322365460107));
#6376=CARTESIAN_POINT('Ctrl Pts',(-5.31644603653725,43.1351912081697,6.95866858843301));
#6377=CARTESIAN_POINT('Ctrl Pts',(-5.26774792369135,43.1149917229013,6.94969577595819));
#6378=CARTESIAN_POINT('Ctrl Pts',(-5.21365890111839,43.0924880372975,6.93788051684238));
#6379=CARTESIAN_POINT('Ctrl Pts',(-5.15161037185656,43.0671019021228,6.92232406199825));
#6380=CARTESIAN_POINT('Ctrl Pts',(-5.07851033364295,43.0382506148311,6.90197281629209));
#6381=CARTESIAN_POINT('Ctrl Pts',(-4.99146270894267,43.0052797022598,6.87597496820851));
#6382=CARTESIAN_POINT('Ctrl Pts',(-4.88977404000194,42.9683905454575,6.84459433138766));
#6383=CARTESIAN_POINT('Ctrl Pts',(-4.77875235715333,42.9267613887983,6.81081205645637));
#6384=CARTESIAN_POINT('Ctrl Pts',(-4.66764267155652,42.8802379406252,6.77969356724712));
#6385=CARTESIAN_POINT('Ctrl Pts',(-4.59616524189772,42.8434666384913,6.76282516546026));
#6386=CARTESIAN_POINT('Ctrl Pts',(-4.55902426705102,42.8230848703543,6.75486996403693));
#6387=CARTESIAN_POINT('Ctrl Pts',(-5.41960536955954,43.1067806317958,7.0408951015768));
#6388=CARTESIAN_POINT('Ctrl Pts',(-5.40273520008586,43.1011850749866,7.03585819402002));
#6389=CARTESIAN_POINT('Ctrl Pts',(-5.36845828073341,43.0895334762762,7.02546049294662));
#6390=CARTESIAN_POINT('Ctrl Pts',(-5.31343299080126,43.0701022311401,7.0080961818272));
#6391=CARTESIAN_POINT('Ctrl Pts',(-5.25246895697518,43.0482171986712,6.98806567889892));
#6392=CARTESIAN_POINT('Ctrl Pts',(-5.18290351242626,43.023294052383,6.96440054034029));
#6393=CARTESIAN_POINT('Ctrl Pts',(-5.10212445506531,42.9950110970886,6.93627720690883));
#6394=CARTESIAN_POINT('Ctrl Pts',(-5.00875730396158,42.9631602119994,6.90361540277826));
#6395=CARTESIAN_POINT('Ctrl Pts',(-4.90427023828958,42.9283890067515,6.8679315898245));
#6396=CARTESIAN_POINT('Ctrl Pts',(-4.79441734614903,42.8885273509889,6.83285676864569));
#6397=CARTESIAN_POINT('Ctrl Pts',(-4.68501383654823,42.8419349114074,6.80228127650766));
#6398=CARTESIAN_POINT('Ctrl Pts',(-4.61259990996859,42.8028757039018,6.78559493598625));
#6399=CARTESIAN_POINT('Ctrl Pts',(-4.57460528351803,42.780944748753,6.7775688390382));
#6400=CARTESIAN_POINT('Ctrl Pts',(-5.4756534541453,42.9909356670098,7.13321770647202));
#6401=CARTESIAN_POINT('Ctrl Pts',(-5.45499232610686,42.9864205115576,7.12257729893031));
#6402=CARTESIAN_POINT('Ctrl Pts',(-5.4124010159843,42.9767587189833,7.10098962545394));
#6403=CARTESIAN_POINT('Ctrl Pts',(-5.34351086200651,42.9601432886646,7.06727213494962));
#6404=CARTESIAN_POINT('Ctrl Pts',(-5.26862500436003,42.9415755283647,7.03202785568479));
#6405=CARTESIAN_POINT('Ctrl Pts',(-5.1871591760698,42.9212086081172,6.99539477415567));
#6406=CARTESIAN_POINT('Ctrl Pts',(-5.09919328635834,42.8994500219858,6.95799171879172));
#6407=CARTESIAN_POINT('Ctrl Pts',(-5.00571344154223,42.8760222868899,6.92101199737689));
#6408=CARTESIAN_POINT('Ctrl Pts',(-4.90813146149135,42.8502803210883,6.8859298348118));
#6409=CARTESIAN_POINT('Ctrl Pts',(-4.80862475318454,42.8169694634152,6.85426290604652));
#6410=CARTESIAN_POINT('Ctrl Pts',(-4.70628902207593,42.773919043103,6.82594515333508));
#6411=CARTESIAN_POINT('Ctrl Pts',(-4.63662009906287,42.7355303404171,6.80912064651323));
#6412=CARTESIAN_POINT('Ctrl Pts',(-4.60190059533421,42.7147011108446,6.80139797726122));
#6413=CARTESIAN_POINT('Ctrl Pts',(-5.47637359898577,42.8722006801878,7.15376899189011));
#6414=CARTESIAN_POINT('Ctrl Pts',(-5.4520366843739,42.8705476611788,7.13930582899617));
#6415=CARTESIAN_POINT('Ctrl Pts',(-5.40254113072065,42.866569683633,7.11080822074325));
#6416=CARTESIAN_POINT('Ctrl Pts',(-5.32555748499842,42.8585057806129,7.06936235306425));
#6417=CARTESIAN_POINT('Ctrl Pts',(-5.24562188374301,42.8485538979514,7.02931021840587));
#6418=CARTESIAN_POINT('Ctrl Pts',(-5.16258401823907,42.8366850044902,6.99079278694828));
#6419=CARTESIAN_POINT('Ctrl Pts',(-5.07642156270288,42.8228329614539,6.95402352486735));
#6420=CARTESIAN_POINT('Ctrl Pts',(-4.98726470574001,42.8063189296147,6.9192825070024));
#6421=CARTESIAN_POINT('Ctrl Pts',(-4.89567553938193,42.7857448387498,6.88695659266623));
#6422=CARTESIAN_POINT('Ctrl Pts',(-4.80329616693203,42.7567010792335,6.85768356753599));
#6423=CARTESIAN_POINT('Ctrl Pts',(-4.71110068839334,42.7193676023143,6.83171391961879));
#6424=CARTESIAN_POINT('Ctrl Pts',(-4.65167945101756,42.6869152167959,6.81695358187613));
#6425=CARTESIAN_POINT('Ctrl Pts',(-4.62230136499801,42.6695161845477,6.81011163789963));
#6426=CARTESIAN_POINT('Ctrl Pts',(-5.48483136075775,42.8155445939843,7.15883749074641));
#6427=CARTESIAN_POINT('Ctrl Pts',(-5.45773363583745,42.815338098165,7.1425987365466));
#6428=CARTESIAN_POINT('Ctrl Pts',(-5.40303019533771,42.8140167385478,7.11098139190733));
#6429=CARTESIAN_POINT('Ctrl Pts',(-5.31958598129851,42.8094556940028,7.06620441471171));
#6430=CARTESIAN_POINT('Ctrl Pts',(-5.23489419049306,42.8027011283488,7.02414455428485));
#6431=CARTESIAN_POINT('Ctrl Pts',(-5.14907631756994,42.7938806717737,6.98484255437443));
#6432=CARTESIAN_POINT('Ctrl Pts',(-5.06228951289503,42.7829313715245,6.94834746567391));
#6433=CARTESIAN_POINT('Ctrl Pts',(-4.97465804418372,42.7693173459334,6.91469931910515));
#6434=CARTESIAN_POINT('Ctrl Pts',(-4.8867167859492,42.7513241869222,6.88403915553926));
#6435=CARTESIAN_POINT('Ctrl Pts',(-4.79968833568815,42.7252298890079,6.85667596006191));
#6436=CARTESIAN_POINT('Ctrl Pts',(-4.71415450235702,42.6916300814654,6.83259894630686));
#6437=CARTESIAN_POINT('Ctrl Pts',(-4.65972357954953,42.6624578061751,6.81895857427362));
#6438=CARTESIAN_POINT('Ctrl Pts',(-4.63293736399073,42.6469236053532,6.81262608039028));
#6439=CARTESIAN_POINT('',(-5.32471271823344,43.1734496785773,6.92225587366811));
#6440=CARTESIAN_POINT('',(-4.55197583243433,42.8434110614778,6.74194568137815));
#6441=CARTESIAN_POINT('Ctrl Pts',(-5.32471271823344,43.1734496785773,6.92225587366811));
#6442=CARTESIAN_POINT('Ctrl Pts',(-5.31140022287781,43.1675263676269,6.92207295345416));
#6443=CARTESIAN_POINT('Ctrl Pts',(-5.28399494970822,43.1551655124913,6.92092570025989));
#6444=CARTESIAN_POINT('Ctrl Pts',(-5.23912505771655,43.1346874738465,6.91653279518608));
#6445=CARTESIAN_POINT('Ctrl Pts',(-5.18866181693205,43.1118609992048,6.9089448565702));
#6446=CARTESIAN_POINT('Ctrl Pts',(-5.13019578864131,43.0861133494865,6.89738856115259));
#6447=CARTESIAN_POINT('Ctrl Pts',(-5.06067314230122,43.0568313520731,6.88083468442412));
#6448=CARTESIAN_POINT('Ctrl Pts',(-4.97691353557856,43.0232962290715,6.85827073560583));
#6449=CARTESIAN_POINT('Ctrl Pts',(-4.87754777062174,42.9855709582559,6.82955309349289));
#6450=CARTESIAN_POINT('Ctrl Pts',(-4.76748477532176,42.9433589270138,6.79722543250418));
#6451=CARTESIAN_POINT('Ctrl Pts',(-4.65751836029924,42.8974558354233,6.76660793187119));
#6452=CARTESIAN_POINT('Ctrl Pts',(-4.58798800383709,42.8625746962888,6.74986412576636));
#6453=CARTESIAN_POINT('Ctrl Pts',(-4.55197583259159,42.8434110610243,6.7419456816665));
#6454=CARTESIAN_POINT('',(-5.48483034147116,42.8155546878179,7.15883687980733));
#6455=CARTESIAN_POINT('Ctrl Pts',(-5.32471271823344,43.1734496785773,6.92225587366811));
#6456=CARTESIAN_POINT('Ctrl Pts',(-5.36156345061355,43.1532850153632,6.96523866991695));
#6457=CARTESIAN_POINT('Ctrl Pts',(-5.41960536955954,43.1067806317958,7.0408951015768));
#6458=CARTESIAN_POINT('Ctrl Pts',(-5.47565235519802,42.9909379384078,7.13321589628214));
#6459=CARTESIAN_POINT('Ctrl Pts',(-5.47637355659395,42.8722076643419,7.15376778299376));
#6460=CARTESIAN_POINT('Ctrl Pts',(-5.48482986834283,42.815554591829,7.15883659627968));
#6461=CARTESIAN_POINT('',(-4.63293736399073,42.6469236053532,6.81262608039028));
#6462=CARTESIAN_POINT('Ctrl Pts',(-5.48482984079632,42.8155547763771,7.15883657976794));
#6463=CARTESIAN_POINT('Ctrl Pts',(-5.47218502265949,42.8154547782728,7.15125897623336));
#6464=CARTESIAN_POINT('Ctrl Pts',(-5.45938060362101,42.8152613292619,7.1437120405364));
#6465=CARTESIAN_POINT('Ctrl Pts',(-5.44634500007816,42.8149621146342,7.13616183893145));
#6466=CARTESIAN_POINT('Ctrl Pts',(-5.4327833577432,42.8146508254983,7.12830695646387));
#6467=CARTESIAN_POINT('Ctrl Pts',(-5.41897156319125,42.8142251013245,7.12044884653398));
#6468=CARTESIAN_POINT('Ctrl Pts',(-5.40487476140791,42.8136777432154,7.11258059883573));
#6469=CARTESIAN_POINT('Ctrl Pts',(-5.40418337868172,42.8136508978396,7.1121946977904));
#6470=CARTESIAN_POINT('Ctrl Pts',(-5.40349131075728,42.813623761005,7.11180877318648));
#6471=CARTESIAN_POINT('Ctrl Pts',(-5.40279855857721,42.8135963317911,7.11142282721051));
#6472=CARTESIAN_POINT('Ctrl Pts',(-5.38866316609691,42.8130366472227,7.10354771977165));
#6473=CARTESIAN_POINT('Ctrl Pts',(-5.3742428322753,42.8123550537475,7.09566372976965));
#6474=CARTESIAN_POINT('Ctrl Pts',(-5.35954602684017,42.8115501840904,7.08778932426128));
#6475=CARTESIAN_POINT('Ctrl Pts',(-5.34636763782127,42.8108284704161,7.08072847151066));
#6476=CARTESIAN_POINT('Ctrl Pts',(-5.33296706669806,42.8100076025626,7.07367555785312));
#6477=CARTESIAN_POINT('Ctrl Pts',(-5.31937825812211,42.8090918880443,7.06665737404314));
#6478=CARTESIAN_POINT('Ctrl Pts',(-5.31604157019424,42.8088670373106,7.06493408174246));
#6479=CARTESIAN_POINT('Ctrl Pts',(-5.31269354030447,42.8086364798798,7.06321287553162));
#6480=CARTESIAN_POINT('Ctrl Pts',(-5.30933467958841,42.8084002284292,7.06149412834001));
#6481=CARTESIAN_POINT('Ctrl Pts',(-5.29068163994004,42.807088233664,7.05194926708474));
#6482=CARTESIAN_POINT('Ctrl Pts',(-5.2716945941244,42.8055991060864,7.04248146820522));
#6483=CARTESIAN_POINT('Ctrl Pts',(-5.25251687737355,42.803940549169,7.03317487777497));
#6484=CARTESIAN_POINT('Ctrl Pts',(-5.24659630667574,42.8034285172303,7.03030173456852));
#6485=CARTESIAN_POINT('Ctrl Pts',(-5.24065772865882,42.8029004208636,7.02744393241118));
#6486=CARTESIAN_POINT('Ctrl Pts',(-5.23470651014012,42.8023568131953,7.02460419770426));
#6487=CARTESIAN_POINT('Ctrl Pts',(-5.2180242504753,42.8008329900909,7.01664394694029));
#6488=CARTESIAN_POINT('Ctrl Pts',(-5.20124241961479,42.7991868013753,7.00882630908274));
#6489=CARTESIAN_POINT('Ctrl Pts',(-5.18448284729381,42.7974285115966,7.00120566168503));
#6490=CARTESIAN_POINT('Ctrl Pts',(-5.17259883781804,42.7961817296388,6.99580195303714));
#6491=CARTESIAN_POINT('Ctrl Pts',(-5.16072719013255,42.7948788276472,6.99049761719838));
#6492=CARTESIAN_POINT('Ctrl Pts',(-5.14891487467754,42.7935260134613,6.98531039299177));
#6493=CARTESIAN_POINT('Ctrl Pts',(-5.13720744561752,42.7921852114677,6.98016922827698));
#6494=CARTESIAN_POINT('Ctrl Pts',(-5.12555830831356,42.7907953323661,6.97514309765296));
#6495=CARTESIAN_POINT('Ctrl Pts',(-5.114013465256,42.7893591380465,6.97024688632324));
#6496=CARTESIAN_POINT('Ctrl Pts',(-5.09643349155971,42.7871721651932,6.9627911534078));
#6497=CARTESIAN_POINT('Ctrl Pts',(-5.07909607579801,42.7848772073452,6.95563742435522));
#6498=CARTESIAN_POINT('Ctrl Pts',(-5.06214949496797,42.7824894506282,6.94882226145132));
#6499=CARTESIAN_POINT('Ctrl Pts',(-5.06045285541534,42.7822503957694,6.94813994830176));
#6500=CARTESIAN_POINT('Ctrl Pts',(-5.05876013503344,42.7820104224264,6.94746102051173));
#6501=CARTESIAN_POINT('Ctrl Pts',(-5.0570714970789,42.7817695153581,6.94678551266352));
#6502=CARTESIAN_POINT('Ctrl Pts',(-5.04028485244924,42.7793746732112,6.94007033125837));
#6503=CARTESIAN_POINT('Ctrl Pts',(-5.02390149618917,42.7768900157699,6.93369342064265));
#6504=CARTESIAN_POINT('Ctrl Pts',(-5.00802862130461,42.7743071135806,6.92766476530491));
#6505=CARTESIAN_POINT('Ctrl Pts',(-4.99661513689819,42.7724498625107,6.92332982508838));
#6506=CARTESIAN_POINT('Ctrl Pts',(-4.98546655276553,42.7705425688149,6.91917513944702));
#6507=CARTESIAN_POINT('Ctrl Pts',(-4.97460641259652,42.7685874903634,6.9151973162723));
#6508=CARTESIAN_POINT('Ctrl Pts',(-4.96104065972375,42.7661453385396,6.9102284884929));
#6509=CARTESIAN_POINT('Ctrl Pts',(-4.94793177679623,42.7636287889177,6.90553782180812));
#6510=CARTESIAN_POINT('Ctrl Pts',(-4.93528467019912,42.7610162386637,6.90110350732177));
#6511=CARTESIAN_POINT('Ctrl Pts',(-4.93237017528594,42.7604141828206,6.9000816303482));
#6512=CARTESIAN_POINT('Ctrl Pts',(-4.92948010735548,42.759807095605,6.89907334649314));
#6513=CARTESIAN_POINT('Ctrl Pts',(-4.92661442570299,42.7591948376515,6.89807837742315));
#6514=CARTESIAN_POINT('Ctrl Pts',(-4.91478758019272,42.7566680111907,6.89397207850195));
#6515=CARTESIAN_POINT('Ctrl Pts',(-4.90337738544725,42.7540529223151,6.89009267549311));
#6516=CARTESIAN_POINT('Ctrl Pts',(-4.8923436302426,42.7513467695622,6.88641003351086));
#6517=CARTESIAN_POINT('Ctrl Pts',(-4.89050981920636,42.7508970067487,6.88579797810594));
#6518=CARTESIAN_POINT('Ctrl Pts',(-4.88868654591048,42.7504453781415,6.88519141311695));
#6519=CARTESIAN_POINT('Ctrl Pts',(-4.88687335189484,42.7499915490363,6.88459011949427));
#6520=CARTESIAN_POINT('Ctrl Pts',(-4.87813663142826,42.7478048122627,6.88169283754077));
#6521=CARTESIAN_POINT('Ctrl Pts',(-4.86963358904513,42.745567319369,6.87891762246793));
#6522=CARTESIAN_POINT('Ctrl Pts',(-4.86131236780687,42.7432591609863,6.87624092122116));
#6523=CARTESIAN_POINT('Ctrl Pts',(-4.85147262022944,42.7405297904764,6.87307575305002));
#6524=CARTESIAN_POINT('Ctrl Pts',(-4.84188753692427,42.737701201749,6.87004823960266));
#6525=CARTESIAN_POINT('Ctrl Pts',(-4.83242738485644,42.7347496833572,6.86711056843284));
#6526=CARTESIAN_POINT('Ctrl Pts',(-4.8259024898489,42.7327139499482,6.8650843857867));
#6527=CARTESIAN_POINT('Ctrl Pts',(-4.81943027077723,42.7306180031963,6.86309903288555));
#6528=CARTESIAN_POINT('Ctrl Pts',(-4.81298925392336,42.7284622132195,6.86114687782015));
#6529=CARTESIAN_POINT('Ctrl Pts',(-4.80862215008905,42.7270005560173,6.85982328807264));
#6530=CARTESIAN_POINT('Ctrl Pts',(-4.80426980194276,42.725511245521,6.8585151227686));
#6531=CARTESIAN_POINT('Ctrl Pts',(-4.7999400273273,42.7240029102018,6.85722442834667));
#6532=CARTESIAN_POINT('Ctrl Pts',(-4.79699977879888,42.722978635015,6.85634794799567));
#6533=CARTESIAN_POINT('Ctrl Pts',(-4.79406992676492,42.7219455854887,6.85547951698128));
#6534=CARTESIAN_POINT('Ctrl Pts',(-4.7911530456586,42.7209058936699,6.85461974269773));
#6535=CARTESIAN_POINT('Ctrl Pts',(-4.78124854285934,42.717375537048,6.8517003104385));
#6536=CARTESIAN_POINT('Ctrl Pts',(-4.77149285549986,42.713737077066,6.84888104735127));
#6537=CARTESIAN_POINT('Ctrl Pts',(-4.76207922210598,42.7100534408623,6.84620883236556));
#6538=CARTESIAN_POINT('Ctrl Pts',(-4.75491526344188,42.7072501218469,6.84417522462897));
#6539=CARTESIAN_POINT('Ctrl Pts',(-4.74795394000435,42.7044231756446,6.84222784945581));
#6540=CARTESIAN_POINT('Ctrl Pts',(-4.74126050435199,42.7016093972271,6.84037936733866));
#6541=CARTESIAN_POINT('Ctrl Pts',(-4.73540374815617,42.6991473411117,6.83876194548616));
#6542=CARTESIAN_POINT('Ctrl Pts',(-4.72975212089466,42.6967135992899,6.83722012497632));
#6543=CARTESIAN_POINT('Ctrl Pts',(-4.72430417993487,42.6942948186406,6.83574966572035));
#6544=CARTESIAN_POINT('Ctrl Pts',(-4.72106717537025,42.6928576510831,6.83487596254354));
#6545=CARTESIAN_POINT('Ctrl Pts',(-4.71790194817317,42.6914258933093,6.8340274106015));
#6546=CARTESIAN_POINT('Ctrl Pts',(-4.71479562567787,42.6899955385883,6.83319987927266));
#6547=CARTESIAN_POINT('Ctrl Pts',(-4.71209318775516,42.6887511588285,6.8324799437062));
#6548=CARTESIAN_POINT('Ctrl Pts',(-4.7094353272395,42.6875078442133,6.8317759203961));
#6549=CARTESIAN_POINT('Ctrl Pts',(-4.70681315218366,42.6862635660656,6.83108510020648));
#6550=CARTESIAN_POINT('Ctrl Pts',(-4.70183778255356,42.6839026467617,6.82977432357328));
#6551=CARTESIAN_POINT('Ctrl Pts',(-4.69698770418782,42.6815364481716,6.82851025261713));
#6552=CARTESIAN_POINT('Ctrl Pts',(-4.69225336372012,42.6791738543666,6.82728843969872));
#6553=CARTESIAN_POINT('Ctrl Pts',(-4.68588911105465,42.6759978800101,6.82564598787766));
#6554=CARTESIAN_POINT('Ctrl Pts',(-4.67973594752974,42.6728295011174,6.82408058593141));
#6555=CARTESIAN_POINT('Ctrl Pts',(-4.67386981746204,42.669735387117,6.82260642418831));
#6556=CARTESIAN_POINT('Ctrl Pts',(-4.66919302461994,42.6672685938406,6.82143114355036));
#6557=CARTESIAN_POINT('Ctrl Pts',(-4.66470286765215,42.6648509617235,6.82031485942822));
#6558=CARTESIAN_POINT('Ctrl Pts',(-4.66043449060621,42.6625131143065,6.81926323817902));
#6559=CARTESIAN_POINT('Ctrl Pts',(-4.65671958081297,42.6604784083349,6.81834797740533));
#6560=CARTESIAN_POINT('Ctrl Pts',(-4.65317378294931,42.6585046515594,6.81748192210944));
#6561=CARTESIAN_POINT('Ctrl Pts',(-4.64978930417651,42.6565962930959,6.81666120277566));
#6562=CARTESIAN_POINT('Ctrl Pts',(-4.64677554530212,42.6548969672495,6.81593038118048));
#6563=CARTESIAN_POINT('Ctrl Pts',(-4.64389001167176,42.6532496340099,6.81523555349109));
#6564=CARTESIAN_POINT('Ctrl Pts',(-4.64109253823623,42.6516402707115,6.8145659933001));
#6565=CARTESIAN_POINT('Ctrl Pts',(-4.638314576185,42.650042132151,6.81390110305378));
#6566=CARTESIAN_POINT('Ctrl Pts',(-4.63562423309509,42.648481808458,6.81326127957067));
#6567=CARTESIAN_POINT('Ctrl Pts',(-4.63293736399073,42.6469236053532,6.81262608039028));
#6568=CARTESIAN_POINT('Origin',(-4.74797084917467,42.6469236053532,6.32603868095783));
#6569=CARTESIAN_POINT('Ctrl Pts',(-5.32471271823344,43.1734496785773,6.92225587366811));
#6570=CARTESIAN_POINT('Ctrl Pts',(-5.36156345061355,43.1532850153632,6.96523866991695));
#6571=CARTESIAN_POINT('Ctrl Pts',(-5.41960536955954,43.1067806317958,7.0408951015768));
#6572=CARTESIAN_POINT('Ctrl Pts',(-5.4756534541453,42.9909356670098,7.13321770647202));
#6573=CARTESIAN_POINT('Ctrl Pts',(-5.47637359898577,42.8722006801878,7.15376899189011));
#6574=CARTESIAN_POINT('Ctrl Pts',(-5.48483136075775,42.8155445939843,7.15883749074641));
#6575=CARTESIAN_POINT('Ctrl Pts',(-5.35178795719974,43.1733095807842,6.93678671709988));
#6576=CARTESIAN_POINT('Ctrl Pts',(-5.38656586965555,43.1529776759788,6.97861348189694));
#6577=CARTESIAN_POINT('Ctrl Pts',(-5.44411962219642,43.1062346638173,7.05448699366199));
#6578=CARTESIAN_POINT('Ctrl Pts',(-5.49857474281568,42.9892580501323,7.14660825183477));
#6579=CARTESIAN_POINT('Ctrl Pts',(-5.50372786565718,42.8719389944125,7.17002689506323));
#6580=CARTESIAN_POINT('Ctrl Pts',(-5.51493994400253,42.8157740337836,7.17688055096843));
#6581=CARTESIAN_POINT('Ctrl Pts',(-5.40598673529548,43.1724168641027,6.96617662402274));
#6582=CARTESIAN_POINT('Ctrl Pts',(-5.43727784945513,43.1517481657244,7.00626273352629));
#6583=CARTESIAN_POINT('Ctrl Pts',(-5.4943982166394,43.1043737634182,7.0832008885906));
#6584=CARTESIAN_POINT('Ctrl Pts',(-5.54467619229324,42.9848578090622,7.17453834781732));
#6585=CARTESIAN_POINT('Ctrl Pts',(-5.55844962616673,42.8705324879771,7.20371428067545));
#6586=CARTESIAN_POINT('Ctrl Pts',(-5.57453267481619,42.8151953103721,7.21402803915039));
#6587=CARTESIAN_POINT('Ctrl Pts',(-5.49274304079288,43.1695914530853,7.01516862772785));
#6588=CARTESIAN_POINT('Ctrl Pts',(-5.52176772413175,43.1483096666719,7.05512564840225));
#6589=CARTESIAN_POINT('Ctrl Pts',(-5.57158339950104,43.0993577187502,7.1300746299118));
#6590=CARTESIAN_POINT('Ctrl Pts',(-5.61708709231024,42.9761362584488,7.22185645966781));
#6591=CARTESIAN_POINT('Ctrl Pts',(-5.64071314949738,42.8668415741051,7.25812365895794));
#6592=CARTESIAN_POINT('Ctrl Pts',(-5.66187108602551,42.8125374919342,7.272832260447));
#6593=CARTESIAN_POINT('Ctrl Pts',(-5.58952546777314,43.165629679368,7.07284497750877));
#6594=CARTESIAN_POINT('Ctrl Pts',(-5.61434891656977,43.143548099434,7.11192296494329));
#6595=CARTESIAN_POINT('Ctrl Pts',(-5.65167105223131,43.0922984838314,7.18238714516727));
#6596=CARTESIAN_POINT('Ctrl Pts',(-5.69446581019186,42.9664230734786,7.27613074594621));
#6597=CARTESIAN_POINT('Ctrl Pts',(-5.7232519163061,42.8623752638598,7.31672888026916));
#6598=CARTESIAN_POINT('Ctrl Pts',(-5.74708172013161,42.8090434850227,7.33463424276508));
#6599=CARTESIAN_POINT('Ctrl Pts',(-5.69721209598835,43.1609538805749,7.14077419185556));
#6600=CARTESIAN_POINT('Ctrl Pts',(-5.71426281562906,43.1378391186639,7.17716661541266));
#6601=CARTESIAN_POINT('Ctrl Pts',(-5.73722681089009,43.0836396276736,7.24280959790267));
#6602=CARTESIAN_POINT('Ctrl Pts',(-5.77752695477331,42.9569320648205,7.3383905807099));
#6603=CARTESIAN_POINT('Ctrl Pts',(-5.80592811163807,42.857666117624,7.37993639094756));
#6604=CARTESIAN_POINT('Ctrl Pts',(-5.83003073469135,42.8053095592721,7.39941727365501));
#6605=CARTESIAN_POINT('Ctrl Pts',(-5.81352826387827,43.1560383610551,7.21989632651306));
#6606=CARTESIAN_POINT('Ctrl Pts',(-5.82013662170712,43.1316422301418,7.25237698132305));
#6607=CARTESIAN_POINT('Ctrl Pts',(-5.83388487112401,43.0740962696973,7.31737075166812));
#6608=CARTESIAN_POINT('Ctrl Pts',(-5.86435274599062,42.9485640811363,7.40788900194554));
#6609=CARTESIAN_POINT('Ctrl Pts',(-5.88870836225593,42.8528390249289,7.44765064395314));
#6610=CARTESIAN_POINT('Ctrl Pts',(-5.91076407387322,42.8015275760173,7.46694741362768));
#6611=CARTESIAN_POINT('Ctrl Pts',(-5.9389061726508,43.1513962823741,7.31177655069722));
#6612=CARTESIAN_POINT('Ctrl Pts',(-5.93846017653466,43.1254884440313,7.34283255616731));
#6613=CARTESIAN_POINT('Ctrl Pts',(-5.94368562225695,43.0645713726081,7.4066609876784));
#6614=CARTESIAN_POINT('Ctrl Pts',(-5.95182052791776,42.9411045414293,7.48377866050526));
#6615=CARTESIAN_POINT('Ctrl Pts',(-5.97031567792781,42.8475383925555,7.52082260609045));
#6616=CARTESIAN_POINT('Ctrl Pts',(-5.98867213748092,42.7976060639701,7.5376802179614));
#6617=CARTESIAN_POINT('Ctrl Pts',(-6.07705405956793,43.1477042143202,7.42645157797436));
#6618=CARTESIAN_POINT('Ctrl Pts',(-6.06809535956898,43.1202001108546,7.45433974698661));
#6619=CARTESIAN_POINT('Ctrl Pts',(-6.05357021789808,43.0562474982341,7.50729728982235));
#6620=CARTESIAN_POINT('Ctrl Pts',(-6.03935164148308,42.9348951493574,7.56536486503211));
#6621=CARTESIAN_POINT('Ctrl Pts',(-6.05300326965748,42.8425362323509,7.59611772325739));
#6622=CARTESIAN_POINT('Ctrl Pts',(-6.0666016021871,42.7942897463213,7.60840937754489));
#6623=CARTESIAN_POINT('Ctrl Pts',(-6.21263551140027,43.1453667459408,7.54320870678924));
#6624=CARTESIAN_POINT('Ctrl Pts',(-6.19284296327135,43.1162601847608,7.56463678815885));
#6625=CARTESIAN_POINT('Ctrl Pts',(-6.15966141573579,43.0494904561477,7.60491332669767));
#6626=CARTESIAN_POINT('Ctrl Pts',(-6.13103005849012,42.9286151077859,7.64964128250858));
#6627=CARTESIAN_POINT('Ctrl Pts',(-6.13713672942202,42.8381134228482,7.6724260085166));
#6628=CARTESIAN_POINT('Ctrl Pts',(-6.14454335732252,42.7920528794618,7.67916432256697));
#6629=CARTESIAN_POINT('Ctrl Pts',(-6.28407112699805,43.1443633710263,7.60803524452594));
#6630=CARTESIAN_POINT('Ctrl Pts',(-6.26323910850624,43.1140813756917,7.6300226050074));
#6631=CARTESIAN_POINT('Ctrl Pts',(-6.2275733085544,43.04530369662,7.66940626476069));
#6632=CARTESIAN_POINT('Ctrl Pts',(-6.19681680007155,42.9235721001697,7.71052380316917));
#6633=CARTESIAN_POINT('Ctrl Pts',(-6.19392801120584,42.8352512345348,7.72399266122545));
#6634=CARTESIAN_POINT('Ctrl Pts',(-6.19651467718186,42.790809980433,7.726340713291));
#6635=CARTESIAN_POINT('Ctrl Pts',(-6.3209327488283,43.1443633710263,7.64149646761415));
#6636=CARTESIAN_POINT('Ctrl Pts',(-6.30019528544838,43.1135100172891,7.66434131494128));
#6637=CARTESIAN_POINT('Ctrl Pts',(-6.26418238424459,43.0436826487129,7.70401392169821));
#6638=CARTESIAN_POINT('Ctrl Pts',(-6.23022331810641,42.9217055861696,7.74142397841952));
#6639=CARTESIAN_POINT('Ctrl Pts',(-6.22250159526387,42.8344432117329,7.74993039871831));
#6640=CARTESIAN_POINT('Ctrl Pts',(-6.22250159526387,42.790809980433,7.74993039871831));
#6641=CARTESIAN_POINT('',(-6.3209327488283,43.1443633710263,7.64149646761415));
#6642=CARTESIAN_POINT('Ctrl Pts',(-5.32471271823344,43.1734496785773,6.92225587366811));
#6643=CARTESIAN_POINT('Ctrl Pts',(-5.35178795719974,43.1733095807842,6.93678671709988));
#6644=CARTESIAN_POINT('Ctrl Pts',(-5.40598673529548,43.1724168641027,6.96617662402274));
#6645=CARTESIAN_POINT('Ctrl Pts',(-5.49274304079288,43.1695914530853,7.01516862772784));
#6646=CARTESIAN_POINT('Ctrl Pts',(-5.58952546777314,43.165629679368,7.07284497750877));
#6647=CARTESIAN_POINT('Ctrl Pts',(-5.69721209598835,43.1609538805749,7.14077419185556));
#6648=CARTESIAN_POINT('Ctrl Pts',(-5.81352826387828,43.1560383610551,7.21989632651306));
#6649=CARTESIAN_POINT('Ctrl Pts',(-5.9389061726508,43.1513962823742,7.31177655069722));
#6650=CARTESIAN_POINT('Ctrl Pts',(-6.07705405956793,43.1477042143202,7.42645157797436));
#6651=CARTESIAN_POINT('Ctrl Pts',(-6.21263551140027,43.1453667459408,7.54320870678924));
#6652=CARTESIAN_POINT('Ctrl Pts',(-6.28407112699805,43.1443633710263,7.60803524452594));
#6653=CARTESIAN_POINT('Ctrl Pts',(-6.3209327488283,43.1443633710263,7.64149646761415));
#6654=CARTESIAN_POINT('',(-6.22250159526387,42.790809980433,7.74993039871831));
#6655=CARTESIAN_POINT('Origin',(-6.55856657472358,42.790809980433,7.37971380052106));
#6656=CARTESIAN_POINT('',(-5.95908464331742,42.7991169340821,7.5108693064674));
#6657=CARTESIAN_POINT('Ctrl Pts',(-6.22250159526386,42.790809980433,7.7499303987183));
#6658=CARTESIAN_POINT('Ctrl Pts',(-6.22163906772801,42.790809980433,7.74914743733832));
#6659=CARTESIAN_POINT('Ctrl Pts',(-6.2207730918032,42.7908106032438,7.74836134602784));
#6660=CARTESIAN_POINT('Ctrl Pts',(-6.21979210488211,42.7908129131953,7.7474708537283));
#6661=CARTESIAN_POINT('Ctrl Pts',(-6.21877654378377,42.7908153045594,7.74654897666925));
#6662=CARTESIAN_POINT('Ctrl Pts',(-6.21763786066559,42.7908206721528,7.74551533588536));
#6663=CARTESIAN_POINT('Ctrl Pts',(-6.21629539640305,42.7908306148086,7.74429671319342));
#6664=CARTESIAN_POINT('Ctrl Pts',(-6.21489567965796,42.790840981492,7.74302611952814));
#6665=CARTESIAN_POINT('Ctrl Pts',(-6.21327460586229,42.7908563180502,7.74155458946878));
#6666=CARTESIAN_POINT('Ctrl Pts',(-6.21138442775936,42.7908779111702,7.7398387805737));
#6667=CARTESIAN_POINT('Ctrl Pts',(-6.20939226974826,42.790900669294,7.73803039943198));
#6668=CARTESIAN_POINT('Ctrl Pts',(-6.20710141252212,42.7909303727581,7.73595087473258));
#6669=CARTESIAN_POINT('Ctrl Pts',(-6.20450045170571,42.7909676688927,7.73358985438037));
#6670=CARTESIAN_POINT('Ctrl Pts',(-6.20170875881937,42.7910077000048,7.73105569712579));
#6671=CARTESIAN_POINT('Ctrl Pts',(-6.19856013220825,42.7910564717404,7.72819753438592));
#6672=CARTESIAN_POINT('Ctrl Pts',(-6.19508633227124,42.791113902917,7.72504419659844));
#6673=CARTESIAN_POINT('Ctrl Pts',(-6.19121575703587,42.7911778938475,7.72153068650278));
#6674=CARTESIAN_POINT('Ctrl Pts',(-6.18694201982045,42.7912526243784,7.71765120776117));
#6675=CARTESIAN_POINT('Ctrl Pts',(-6.18235775117429,42.7913370541014,7.71348984168637));
#6676=CARTESIAN_POINT('Ctrl Pts',(-6.17591560196123,42.7914557009162,7.70764198606243));
#6677=CARTESIAN_POINT('Ctrl Pts',(-6.16886169028635,42.7915934682252,7.7012387991543));
#6678=CARTESIAN_POINT('Ctrl Pts',(-6.16153691316267,42.7917459190301,7.69458969581814));
#6679=CARTESIAN_POINT('Ctrl Pts',(-6.15597796617601,42.7918616175596,7.68954353368509));
#6680=CARTESIAN_POINT('Ctrl Pts',(-6.1502663095697,42.791985679828,7.68435872526411));
#6681=CARTESIAN_POINT('Ctrl Pts',(-6.14454433285148,42.7921249031795,7.6791645114476));
#6682=CARTESIAN_POINT('Ctrl Pts',(-6.14450654256536,42.7921258226678,7.6791302067246));
#6683=CARTESIAN_POINT('Ctrl Pts',(-6.14446875182145,42.792126742813,7.67909590158448));
#6684=CARTESIAN_POINT('Ctrl Pts',(-6.14443096066046,42.7921276636192,7.67906159606421));
#6685=CARTESIAN_POINT('Ctrl Pts',(-6.13948022349479,42.7922482915427,7.6745674866018));
#6686=CARTESIAN_POINT('Ctrl Pts',(-6.1345229004686,42.7923810012396,7.6700673725682));
#6687=CARTESIAN_POINT('Ctrl Pts',(-6.12962995579841,42.7925150114778,7.66562569642217));
#6688=CARTESIAN_POINT('Ctrl Pts',(-6.12480387227305,42.7926471904919,7.66124471492366));
#6689=CARTESIAN_POINT('Ctrl Pts',(-6.12004110674009,42.7927805819458,7.65692120868746));
#6690=CARTESIAN_POINT('Ctrl Pts',(-6.11537261685528,42.7929147206678,7.65268329870479));
#6691=CARTESIAN_POINT('Ctrl Pts',(-6.1112019345768,42.7930345559901,7.64889728299123));
#6692=CARTESIAN_POINT('Ctrl Pts',(-6.10710478813117,42.7931550183553,7.6451780332774));
#6693=CARTESIAN_POINT('Ctrl Pts',(-6.10307015686056,42.7932766091325,7.64151555593385));
#6694=CARTESIAN_POINT('Ctrl Pts',(-6.09904947173486,42.7933977796179,7.6378657383444));
#6695=CARTESIAN_POINT('Ctrl Pts',(-6.09508959093805,42.7935200834506,7.6342711396253));
#6696=CARTESIAN_POINT('Ctrl Pts',(-6.09113625572705,42.793645462349,7.63068251605321));
#6697=CARTESIAN_POINT('Ctrl Pts',(-6.08767303191529,42.7937552975042,7.62753878906246));
#6698=CARTESIAN_POINT('Ctrl Pts',(-6.08421086878234,42.7938676153897,7.62439605042293));
#6699=CARTESIAN_POINT('Ctrl Pts',(-6.0807078173542,42.7939841541493,7.62121623002038));
#6700=CARTESIAN_POINT('Ctrl Pts',(-6.07663501438756,42.7941196472803,7.61751922978088));
#6701=CARTESIAN_POINT('Ctrl Pts',(-6.07250718352723,42.7942608402607,7.61377232509353));
#6702=CARTESIAN_POINT('Ctrl Pts',(-6.06830161122379,42.7944130409372,7.60995491529732));
#6703=CARTESIAN_POINT('Ctrl Pts',(-6.06773651799221,42.7944334917976,7.60944197858327));
#6704=CARTESIAN_POINT('Ctrl Pts',(-6.06717000744795,42.7944542049672,7.6089277564718));
#6705=CARTESIAN_POINT('Ctrl Pts',(-6.06660212308261,42.7944751618393,7.60841228847049));
#6706=CARTESIAN_POINT('Ctrl Pts',(-6.06266781659989,42.7946203511819,7.60484112289008));
#6707=CARTESIAN_POINT('Ctrl Pts',(-6.05866753294773,42.7947772630338,7.60121012356011));
#6708=CARTESIAN_POINT('Ctrl Pts',(-6.05461600482429,42.7949388593208,7.59753264258187));
#6709=CARTESIAN_POINT('Ctrl Pts',(-6.04953534801587,42.7951415026817,7.59292104463643));
#6710=CARTESIAN_POINT('Ctrl Pts',(-6.0443746333894,42.7953514960379,7.58823683129534));
#6711=CARTESIAN_POINT('Ctrl Pts',(-6.03920697634936,42.7955646415836,7.58354632805828));
#6712=CARTESIAN_POINT('Ctrl Pts',(-6.03274684635705,42.7958310965596,7.57768269190636));
#6713=CARTESIAN_POINT('Ctrl Pts',(-6.0262767533549,42.7961024273194,7.57181003005446));
#6714=CARTESIAN_POINT('Ctrl Pts',(-6.02000166806753,42.7963683891657,7.56611430767818));
#6715=CARTESIAN_POINT('Ctrl Pts',(-6.01324915240632,42.7966545863169,7.55998523487893));
#6716=CARTESIAN_POINT('Ctrl Pts',(-6.00672754600407,42.7969343546977,7.55406567351496));
#6717=CARTESIAN_POINT('Ctrl Pts',(-6.00070572904932,42.7971950290748,7.54859961398351));
#6718=CARTESIAN_POINT('Ctrl Pts',(-5.99641398761437,42.7973808113784,7.54470396017115));
#6719=CARTESIAN_POINT('Ctrl Pts',(-5.99237696312552,42.7975568730197,7.54103943409148));
#6720=CARTESIAN_POINT('Ctrl Pts',(-5.98867105813747,42.7977196781297,7.53767539264031));
#6721=CARTESIAN_POINT('Ctrl Pts',(-5.9884232026649,42.7977305667352,7.53745040142053));
#6722=CARTESIAN_POINT('Ctrl Pts',(-5.98817682828396,42.7977413960696,7.53722675428056));
#6723=CARTESIAN_POINT('Ctrl Pts',(-5.98793195743707,42.7977521650514,7.53700447241479));
#6724=CARTESIAN_POINT('Ctrl Pts',(-5.98440599831314,42.7979072304266,7.53380377791533));
#6725=CARTESIAN_POINT('Ctrl Pts',(-5.98118951165,42.798056952879,7.53088428944239));
#6726=CARTESIAN_POINT('Ctrl Pts',(-5.97832055121829,42.798192881044,7.52828175137766));
#6727=CARTESIAN_POINT('Ctrl Pts',(-5.9755565609622,42.7983238358384,7.52577443556651));
#6728=CARTESIAN_POINT('Ctrl Pts',(-5.97311605132795,42.7984403579796,7.52356205282797));
#6729=CARTESIAN_POINT('Ctrl Pts',(-5.97099409725007,42.7985420393124,7.52163975470304));
#6730=CARTESIAN_POINT('Ctrl Pts',(-5.96903803354024,42.7986357713903,7.51986773822028));
#6731=CARTESIAN_POINT('Ctrl Pts',(-5.96735128062915,42.7987169648797,7.51834091296628));
#6732=CARTESIAN_POINT('Ctrl Pts',(-5.96589441430204,42.7987872368183,7.51702292853139));
#6733=CARTESIAN_POINT('Ctrl Pts',(-5.9644172718657,42.7988584867749,7.51568660089243));
#6734=CARTESIAN_POINT('Ctrl Pts',(-5.96317475383117,42.7989185946133,7.51456339516643));
#6735=CARTESIAN_POINT('Ctrl Pts',(-5.9620810733628,42.7989715720106,7.5135752115229));
#6736=CARTESIAN_POINT('Ctrl Pts',(-5.96104550508684,42.799021734479,7.5126395345481));
#6737=CARTESIAN_POINT('Ctrl Pts',(-5.96014080646319,42.7990656316273,7.51182258055375));
#6738=CARTESIAN_POINT('Ctrl Pts',(-5.95924939447263,42.7991089308879,7.51101800387655));
#6739=CARTESIAN_POINT('Ctrl Pts',(-5.95919937178816,42.7991113606794,7.5109728540629));
#6740=CARTESIAN_POINT('Ctrl Pts',(-5.95914937637093,42.7991137893143,7.51092773018641));
#6741=CARTESIAN_POINT('Ctrl Pts',(-5.95909938338144,42.7991162179979,7.51088260983225));
#6742=CARTESIAN_POINT('Ctrl Pts',(-5.95908464331742,42.7991169340821,7.5108693064674));
#6743=CARTESIAN_POINT('Ctrl Pts',(-5.95525806288124,42.7993028337176,7.50741570898585));
#6744=CARTESIAN_POINT('Ctrl Pts',(-5.95142406994336,42.7994900576091,7.50396295813355));
#6745=CARTESIAN_POINT('Ctrl Pts',(-5.94744277344198,42.7996850284827,7.50038939224162));
#6746=CARTESIAN_POINT('Ctrl Pts',(-5.94335727815038,42.7998851021487,7.49672229871554));
#6747=CARTESIAN_POINT('Ctrl Pts',(-5.93911684616815,42.8000933530395,7.49292799961026));
#6748=CARTESIAN_POINT('Ctrl Pts',(-5.93460851715136,42.800314924458,7.48891415777739));
#6749=CARTESIAN_POINT('Ctrl Pts',(-5.92988636309724,42.8005470047628,7.48470994388505));
#6750=CARTESIAN_POINT('Ctrl Pts',(-5.92487037361158,42.8007938368742,7.4802647059649));
#6751=CARTESIAN_POINT('Ctrl Pts',(-5.91947059063418,42.8010574460232,7.47551628648626));
#6752=CARTESIAN_POINT('Ctrl Pts',(-5.91652851745816,42.8012010735374,7.47292910888392));
#6753=CARTESIAN_POINT('Ctrl Pts',(-5.91347234381552,42.8013500351167,7.47025195913628));
#6754=CARTESIAN_POINT('Ctrl Pts',(-5.91029317591053,42.8015043652262,7.4674811747759));
#6755=CARTESIAN_POINT('Ctrl Pts',(-5.90742010056176,42.8016438363225,7.46497716351242));
#6756=CARTESIAN_POINT('Ctrl Pts',(-5.90444654619776,42.8017876853822,7.46239671046188));
#6757=CARTESIAN_POINT('Ctrl Pts',(-5.90136643485527,42.8019360804343,7.45973662766523));
#6758=CARTESIAN_POINT('Ctrl Pts',(-5.89395691482258,42.8022930597733,7.45333752887342));
#6759=CARTESIAN_POINT('Ctrl Pts',(-5.88593055856093,42.8026763388381,7.44647734830238));
#6760=CARTESIAN_POINT('Ctrl Pts',(-5.87725992083864,42.80308615932,7.43916391803459));
#6761=CARTESIAN_POINT('Ctrl Pts',(-5.86958404257002,42.8034489621762,7.43268953837998));
#6762=CARTESIAN_POINT('Ctrl Pts',(-5.86140600935537,42.8038324219025,7.42586258534343));
#6763=CARTESIAN_POINT('Ctrl Pts',(-5.85274079649369,42.8042353453888,7.41871684901185));
#6764=CARTESIAN_POINT('Ctrl Pts',(-5.84538914435805,42.8045771896523,7.41265433576475));
#6765=CARTESIAN_POINT('Ctrl Pts',(-5.83768696604737,42.8049330364399,7.40636257217155));
#6766=CARTESIAN_POINT('Ctrl Pts',(-5.82966128998521,42.8053019149208,7.39987499128864));
#6767=CARTESIAN_POINT('Ctrl Pts',(-5.82647858674834,42.805448199262,7.39730224295995));
#6768=CARTESIAN_POINT('Ctrl Pts',(-5.82324502852478,42.8055965361467,7.3946986819732));
#6769=CARTESIAN_POINT('Ctrl Pts',(-5.81996218274377,42.8057467917652,7.39206652899864));
#6770=CARTESIAN_POINT('Ctrl Pts',(-5.80659840422087,42.8063584509599,7.38135158478957));
#6771=CARTESIAN_POINT('Ctrl Pts',(-5.79241913625183,42.8070003880817,7.37016493191868));
#6772=CARTESIAN_POINT('Ctrl Pts',(-5.7775889100171,42.8076576302308,7.35869649174366));
#6773=CARTESIAN_POINT('Ctrl Pts',(-5.76757008033291,42.808101642146,7.35094877791663));
#6774=CARTESIAN_POINT('Ctrl Pts',(-5.7572553939977,42.8085520971477,7.34307323035113));
#6775=CARTESIAN_POINT('Ctrl Pts',(-5.7467042011446,42.8090048242037,7.33513064583667));
#6776=CARTESIAN_POINT('Ctrl Pts',(-5.73770516674233,42.8093909517636,7.32835647420663));
#6777=CARTESIAN_POINT('Ctrl Pts',(-5.72853410669516,42.8097787496348,7.32153352534685));
#6778=CARTESIAN_POINT('Ctrl Pts',(-5.71923032166646,42.8101631885877,7.31469662136372));
#6779=CARTESIAN_POINT('Ctrl Pts',(-5.70302974477,42.81083260784,7.3027915968634));
#6780=CARTESIAN_POINT('Ctrl Pts',(-5.68643012438299,42.8114896891531,7.29084806711642));
#6781=CARTESIAN_POINT('Ctrl Pts',(-5.66962547760151,42.8121050634548,7.27901969859271));
#6782=CARTESIAN_POINT('Ctrl Pts',(-5.66692757505708,42.8122038587414,7.27712071279719));
#6783=CARTESIAN_POINT('Ctrl Pts',(-5.66422436758143,42.8123015830672,7.27522462956863));
#6784=CARTESIAN_POINT('Ctrl Pts',(-5.66151645650831,42.8123981271886,7.27333188728391));
#6785=CARTESIAN_POINT('Ctrl Pts',(-5.65054944440666,42.8127891298912,7.26566630042333));
#6786=CARTESIAN_POINT('Ctrl Pts',(-5.63950516547503,42.8131607268519,7.2580556776738));
#6787=CARTESIAN_POINT('Ctrl Pts',(-5.62842397756426,42.8135026731547,7.25052846824754));
#6788=CARTESIAN_POINT('Ctrl Pts',(-5.61534149633522,42.8139063759097,7.24164182388965));
#6789=CARTESIAN_POINT('Ctrl Pts',(-5.60220779383882,42.8142687182783,7.23287145433049));
#6790=CARTESIAN_POINT('Ctrl Pts',(-5.58905417086429,42.8145773677171,7.22423641158962));
#6791=CARTESIAN_POINT('Ctrl Pts',(-5.58410218831684,42.8146935658655,7.22098555203313));
#6792=CARTESIAN_POINT('Ctrl Pts',(-5.57914739819833,42.8148023093988,7.21775385002269));
#6793=CARTESIAN_POINT('Ctrl Pts',(-5.57418930146684,42.814902634224,7.21454083862977));
#6794=CARTESIAN_POINT('Ctrl Pts',(-5.56651437237987,42.8150579329124,7.2095672296157));
#6795=CARTESIAN_POINT('Ctrl Pts',(-5.55883153104933,42.8151930586311,7.20463840702734));
#6796=CARTESIAN_POINT('Ctrl Pts',(-5.55113905782079,42.8153033442629,7.19975268518656));
#6797=CARTESIAN_POINT('Ctrl Pts',(-5.53876086362283,42.8154808082496,7.19189092058296));
#6798=CARTESIAN_POINT('Ctrl Pts',(-5.52635815984959,42.8155943709566,7.18414068347706));
#6799=CARTESIAN_POINT('Ctrl Pts',(-5.5138783625356,42.8156278916266,7.17646860990013));
#6800=CARTESIAN_POINT('Ctrl Pts',(-5.50425777176105,42.8156537324828,7.17055426061873));
#6801=CARTESIAN_POINT('Ctrl Pts',(-5.49459025605764,42.8156319573978,7.16468566763467));
#6802=CARTESIAN_POINT('Ctrl Pts',(-5.48483130150103,42.815554787522,7.15883745511849));
#6803=CARTESIAN_POINT('Ctrl Pts',(-5.32471271823344,43.1734496785773,6.92225587366811));
#6804=CARTESIAN_POINT('Ctrl Pts',(-5.35178795719974,43.1733095807842,6.93678671709988));
#6805=CARTESIAN_POINT('Ctrl Pts',(-5.40598673529548,43.1724168641027,6.96617662402274));
#6806=CARTESIAN_POINT('Ctrl Pts',(-5.49274304079288,43.1695914530853,7.01516862772784));
#6807=CARTESIAN_POINT('Ctrl Pts',(-5.58952546777314,43.165629679368,7.07284497750877));
#6808=CARTESIAN_POINT('Ctrl Pts',(-5.69721209598835,43.1609538805749,7.14077419185556));
#6809=CARTESIAN_POINT('Ctrl Pts',(-5.81352826387828,43.1560383610551,7.21989632651306));
#6810=CARTESIAN_POINT('Ctrl Pts',(-5.9389061726508,43.1513962823742,7.31177655069722));
#6811=CARTESIAN_POINT('Ctrl Pts',(-6.07705405956793,43.1477042143202,7.42645157797436));
#6812=CARTESIAN_POINT('Ctrl Pts',(-6.21263551140027,43.1453667459408,7.54320870678924));
#6813=CARTESIAN_POINT('Ctrl Pts',(-6.28407112699805,43.1443633710263,7.60803524452594));
#6814=CARTESIAN_POINT('Ctrl Pts',(-6.3209327488283,43.1443633710263,7.64149646761415));
#6815=CARTESIAN_POINT('Ctrl Pts',(-5.36908770275222,43.193194048412,6.92286560771459));
#6816=CARTESIAN_POINT('Ctrl Pts',(-5.39545459098748,43.1926260529936,6.93739290969062));
#6817=CARTESIAN_POINT('Ctrl Pts',(-5.44858498660184,43.1911237141389,6.9668908059369));
#6818=CARTESIAN_POINT('Ctrl Pts',(-5.53518343051858,43.1881483247024,7.01670817373558));
#6819=CARTESIAN_POINT('Ctrl Pts',(-5.63331899617878,43.1847515614239,7.07591473399664));
#6820=CARTESIAN_POINT('Ctrl Pts',(-5.74307948972098,43.1813445346046,7.14558287034496));
#6821=CARTESIAN_POINT('Ctrl Pts',(-5.86038171075867,43.178297358487,7.22546844206607));
#6822=CARTESIAN_POINT('Ctrl Pts',(-5.98417373189385,43.1758639254997,7.31575794646966));
#6823=CARTESIAN_POINT('Ctrl Pts',(-6.11744052246919,43.1745943805854,7.42560649227773));
#6824=CARTESIAN_POINT('Ctrl Pts',(-6.24490900403215,43.1743205016291,7.5329298600923));
#6825=CARTESIAN_POINT('Ctrl Pts',(-6.30899888124878,43.174645366361,7.58976579772096));
#6826=CARTESIAN_POINT('Ctrl Pts',(-6.34167021220822,43.1752167247635,7.61865162028701));
#6827=CARTESIAN_POINT('Ctrl Pts',(-5.4479066541772,43.2271217050602,6.91587635920396));
#6828=CARTESIAN_POINT('Ctrl Pts',(-5.47473821985256,43.2263959557241,6.93113145275601));
#6829=CARTESIAN_POINT('Ctrl Pts',(-5.52930360187832,43.2249375644945,6.9622181502703));
#6830=CARTESIAN_POINT('Ctrl Pts',(-5.62084037742103,43.2230240180739,7.01568304448001));
#6831=CARTESIAN_POINT('Ctrl Pts',(-5.72701692944221,43.2216628959704,7.08007935984524));
#6832=CARTESIAN_POINT('Ctrl Pts',(-5.84541256725128,43.2211133631344,7.15533760014176));
#6833=CARTESIAN_POINT('Ctrl Pts',(-5.96780392141176,43.2214131162978,7.23594338569856));
#6834=CARTESIAN_POINT('Ctrl Pts',(-6.08525483342524,43.2226869799254,7.32413033409834));
#6835=CARTESIAN_POINT('Ctrl Pts',(-6.20800351336049,43.2242640569774,7.41877000040221));
#6836=CARTESIAN_POINT('Ctrl Pts',(-6.31510254381553,43.2262575728081,7.50614161248532));
#6837=CARTESIAN_POINT('Ctrl Pts',(-6.36382399413306,43.2277783880943,7.54664498904236));
#6838=CARTESIAN_POINT('Ctrl Pts',(-6.38860327858082,43.2287969896005,7.56694911857628));
#6839=CARTESIAN_POINT('Ctrl Pts',(-5.58736381054227,43.2736504831648,6.88002250158188));
#6840=CARTESIAN_POINT('Ctrl Pts',(-5.6218115714768,43.2735740048569,6.89994729017148));
#6841=CARTESIAN_POINT('Ctrl Pts',(-5.69020135262156,43.2735530418592,6.93946048613822));
#6842=CARTESIAN_POINT('Ctrl Pts',(-5.80337604963779,43.273932073016,7.00687950158618));
#6843=CARTESIAN_POINT('Ctrl Pts',(-5.92921700501872,43.2746516487103,7.08481983547282));
#6844=CARTESIAN_POINT('Ctrl Pts',(-6.05479362166959,43.2755167995029,7.16631447899701));
#6845=CARTESIAN_POINT('Ctrl Pts',(-6.16185532204852,43.2763748816737,7.24022737429024));
#6846=CARTESIAN_POINT('Ctrl Pts',(-6.25496537064673,43.2769217156562,7.30850175927864));
#6847=CARTESIAN_POINT('Ctrl Pts',(-6.34706759626048,43.2773561787435,7.38108763368904));
#6848=CARTESIAN_POINT('Ctrl Pts',(-6.42362876240837,43.2780237283988,7.44150073832209));
#6849=CARTESIAN_POINT('Ctrl Pts',(-6.45562265462629,43.2788955492691,7.46556952290124));
#6850=CARTESIAN_POINT('Ctrl Pts',(-6.47058771661714,43.2793215432044,7.47663325227058));
#6851=CARTESIAN_POINT('Ctrl Pts',(-5.65330436501692,43.2908099804331,6.81329283614565));
#6852=CARTESIAN_POINT('Ctrl Pts',(-5.69422700618047,43.2908099804331,6.83843538950823));
#6853=CARTESIAN_POINT('Ctrl Pts',(-5.7734801997985,43.2908099804331,6.88716368354519));
#6854=CARTESIAN_POINT('Ctrl Pts',(-5.90054623529462,43.2908099804331,6.96703401357301));
#6855=CARTESIAN_POINT('Ctrl Pts',(-6.03396640823239,43.2908099804331,7.0530048804175));
#6856=CARTESIAN_POINT('Ctrl Pts',(-6.15750957246032,43.2908099804331,7.13465405243978));
#6857=CARTESIAN_POINT('Ctrl Pts',(-6.2565932846335,43.2908099804331,7.20266841267074));
#6858=CARTESIAN_POINT('Ctrl Pts',(-6.34509591659839,43.2908099804331,7.26756630499781));
#6859=CARTESIAN_POINT('Ctrl Pts',(-6.43052533905038,43.290809980433,7.3333023654844));
#6860=CARTESIAN_POINT('Ctrl Pts',(-6.49552334132012,43.2908099804331,7.38473037726559));
#6861=CARTESIAN_POINT('Ctrl Pts',(-6.51848895003026,43.2908099804331,7.40335385602942));
#6862=CARTESIAN_POINT('Ctrl Pts',(-6.52923937276249,43.2908099804331,7.41202129344143));
#6863=CARTESIAN_POINT('Ctrl Pts',(-5.68258280013874,43.2908099804331,6.78094107501332));
#6864=CARTESIAN_POINT('Ctrl Pts',(-5.72772186466744,43.2908099804331,6.80883554879506));
#6865=CARTESIAN_POINT('Ctrl Pts',(-5.81445232573684,43.2908099804331,6.86228311603789));
#6866=CARTESIAN_POINT('Ctrl Pts',(-5.95156051829872,43.2908099804331,6.94822093676313));
#6867=CARTESIAN_POINT('Ctrl Pts',(-6.09104030862023,43.2908099804331,7.03750826750912));
#6868=CARTESIAN_POINT('Ctrl Pts',(-6.21477399150019,43.2908099804331,7.11861630319794));
#6869=CARTESIAN_POINT('Ctrl Pts',(-6.31088175667488,43.2908099804331,7.1843162810393));
#6870=CARTESIAN_POINT('Ctrl Pts',(-6.39639913827576,43.2908099804331,7.24734251097849));
#6871=CARTESIAN_POINT('Ctrl Pts',(-6.47507486301872,43.290809980433,7.30886368154112));
#6872=CARTESIAN_POINT('Ctrl Pts',(-6.53150631031035,43.2908099804331,7.35530594480937));
#6873=CARTESIAN_POINT('Ctrl Pts',(-6.54999634440873,43.2908099804331,7.37193415398778));
#6874=CARTESIAN_POINT('Ctrl Pts',(-6.55856657472358,43.2908099804331,7.37971380052106));
#6875=CARTESIAN_POINT('',(-5.68258280013874,43.2908099804331,6.78094107501332));
#6876=CARTESIAN_POINT('Ctrl Pts',(-5.32471271823344,43.1734496785773,6.92225587366811));
#6877=CARTESIAN_POINT('Ctrl Pts',(-5.36908770275222,43.193194048412,6.92286560771459));
#6878=CARTESIAN_POINT('Ctrl Pts',(-5.4479066541772,43.2271217050602,6.91587635920396));
#6879=CARTESIAN_POINT('Ctrl Pts',(-5.58736381054227,43.2736504831648,6.88002250158188));
#6880=CARTESIAN_POINT('Ctrl Pts',(-5.65330436501692,43.2908099804331,6.81329283614565));
#6881=CARTESIAN_POINT('Ctrl Pts',(-5.68258280013874,43.2908099804331,6.78094107501332));
#6882=CARTESIAN_POINT('',(-6.55856657472358,43.2908099804331,7.37971380052106));
#6883=CARTESIAN_POINT('Ctrl Pts',(-5.68258280013874,43.2908099804331,6.78094107501332));
#6884=CARTESIAN_POINT('Ctrl Pts',(-5.6965786847274,43.2908099804331,6.7895900764888));
#6885=CARTESIAN_POINT('Ctrl Pts',(-5.71042759156412,43.2908099804317,6.79814232052375));
#6886=CARTESIAN_POINT('Ctrl Pts',(-5.7241811415394,43.2908099804294,6.80663712911052));
#6887=CARTESIAN_POINT('Ctrl Pts',(-5.74570550381196,43.2908099804259,6.81993153948358));
#6888=CARTESIAN_POINT('Ctrl Pts',(-5.76699451190194,43.2908099804299,6.83308411925787));
#6889=CARTESIAN_POINT('Ctrl Pts',(-5.78842036161828,43.2908099804314,6.84636274318374));
#6890=CARTESIAN_POINT('Ctrl Pts',(-5.79745899002262,43.290809980432,6.85196441354808));
#6891=CARTESIAN_POINT('Ctrl Pts',(-5.80651870166225,43.2908099804327,6.85758626815869));
#6892=CARTESIAN_POINT('Ctrl Pts',(-5.81562077581045,43.290809980433,6.86324437869189));
#6893=CARTESIAN_POINT('Ctrl Pts',(-5.82009690067194,43.2908099804331,6.86602686637704));
#6894=CARTESIAN_POINT('Ctrl Pts',(-5.82458326428237,43.2908099804331,6.86881811760144));
#6895=CARTESIAN_POINT('Ctrl Pts',(-5.82907859930624,43.2908099804331,6.87161745092443));
#6896=CARTESIAN_POINT('Ctrl Pts',(-5.84343711325183,43.2908099804331,6.88055877928884));
#6897=CARTESIAN_POINT('Ctrl Pts',(-5.85790557469824,43.2908099804331,6.88959346824642));
#6898=CARTESIAN_POINT('Ctrl Pts',(-5.87248816797964,43.2908099804331,6.8987268060657));
#6899=CARTESIAN_POINT('Ctrl Pts',(-5.88811336303442,43.2908099804331,6.90851314393947));
#6900=CARTESIAN_POINT('Ctrl Pts',(-5.90386924267309,43.2908099804331,6.91841258462815));
#6901=CARTESIAN_POINT('Ctrl Pts',(-5.91970683044854,43.2908099804331,6.92839803786774));
#6902=CARTESIAN_POINT('Ctrl Pts',(-5.93042981738637,43.2908099804331,6.93515878238102));
#6903=CARTESIAN_POINT('Ctrl Pts',(-5.94118529943785,43.2908099804331,6.9419560153125));
#6904=CARTESIAN_POINT('Ctrl Pts',(-5.9519553540062,43.2908099804329,6.94877935323931));
#6905=CARTESIAN_POINT('Ctrl Pts',(-5.95883963882578,43.2908099804328,6.95314087261791));
#6906=CARTESIAN_POINT('Ctrl Pts',(-5.96572986998778,43.2908099804325,6.95751305103361));
#6907=CARTESIAN_POINT('Ctrl Pts',(-5.97261389998558,43.2908099804321,6.96188810542743));
#6908=CARTESIAN_POINT('Ctrl Pts',(-5.99596379546559,43.290809980431,6.97672782327405));
#6909=CARTESIAN_POINT('Ctrl Pts',(-6.01927531328295,43.2908099804321,6.99162051150326));
#6910=CARTESIAN_POINT('Ctrl Pts',(-6.04218827320867,43.2908099804327,7.00633803654372));
#6911=CARTESIAN_POINT('Ctrl Pts',(-6.0578237434864,43.290809980433,7.01638106136801));
#6912=CARTESIAN_POINT('Ctrl Pts',(-6.07327258183652,43.2908099804331,7.02634186777022));
#6913=CARTESIAN_POINT('Ctrl Pts',(-6.08841590505123,43.2908099804331,7.03614506672199));
#6914=CARTESIAN_POINT('Ctrl Pts',(-6.09202730411715,43.2908099804331,7.03848294613165));
#6915=CARTESIAN_POINT('Ctrl Pts',(-6.09562132180018,43.2908099804331,7.0408118587402));
#6916=CARTESIAN_POINT('Ctrl Pts',(-6.09919691394465,43.2908099804331,7.04313117536298));
#6917=CARTESIAN_POINT('Ctrl Pts',(-6.11526482026671,43.2908099804331,7.05355366224633));
#6918=CARTESIAN_POINT('Ctrl Pts',(-6.13095200791013,43.2908099804331,7.06377648370929));
#6919=CARTESIAN_POINT('Ctrl Pts',(-6.14614335657379,43.2908099804331,7.07372891250751));
#6920=CARTESIAN_POINT('Ctrl Pts',(-6.16038524594597,43.2908099804331,7.08305931450584));
#6921=CARTESIAN_POINT('Ctrl Pts',(-6.17419070807334,43.2908099804331,7.09215154159129));
#6922=CARTESIAN_POINT('Ctrl Pts',(-6.1875036923082,43.2908099804331,7.10097278606152));
#6923=CARTESIAN_POINT('Ctrl Pts',(-6.1952236647601,43.2908099804331,7.1060880752484));
#6924=CARTESIAN_POINT('Ctrl Pts',(-6.20278363021164,43.2908099804332,7.11111602192542));
#6925=CARTESIAN_POINT('Ctrl Pts',(-6.21016921932898,43.2908099804329,7.11604842383737));
#6926=CARTESIAN_POINT('Ctrl Pts',(-6.21472395352118,43.2908099804328,7.11909026373411));
#6927=CARTESIAN_POINT('Ctrl Pts',(-6.21921233830864,43.2908099804324,7.1220957473436));
#6928=CARTESIAN_POINT('Ctrl Pts',(-6.22364012930496,43.290809980431,7.12506927503259));
#6929=CARTESIAN_POINT('Ctrl Pts',(-6.23452219737937,43.2908099804275,7.13237723757184));
#6930=CARTESIAN_POINT('Ctrl Pts',(-6.24501794759719,43.2908099804209,7.13947719238895));
#6931=CARTESIAN_POINT('Ctrl Pts',(-6.25516393845618,43.2908099804213,7.1463987198922));
#6932=CARTESIAN_POINT('Ctrl Pts',(-6.26484132887943,43.2908099804217,7.15300057129392));
#6933=CARTESIAN_POINT('Ctrl Pts',(-6.27420038646786,43.2908099804265,7.15944000475327));
#6934=CARTESIAN_POINT('Ctrl Pts',(-6.28331354420704,43.2908099804291,7.16577059546704));
#6935=CARTESIAN_POINT('Ctrl Pts',(-6.29211092785641,43.2908099804317,7.17188182900762));
#6936=CARTESIAN_POINT('Ctrl Pts',(-6.30068454575474,43.2908099804322,7.17789561198722));
#6937=CARTESIAN_POINT('Ctrl Pts',(-6.30911606141198,43.2908099804328,7.18387086895847));
#6938=CARTESIAN_POINT('Ctrl Pts',(-6.30942048982622,43.2908099804328,7.18408661166457));
#6939=CARTESIAN_POINT('Ctrl Pts',(-6.30972473257514,43.2908099804328,7.18430230395863));
#6940=CARTESIAN_POINT('Ctrl Pts',(-6.31002879116473,43.2908099804328,7.1845179466172));
#6941=CARTESIAN_POINT('Ctrl Pts',(-6.31893818980834,43.2908099804334,7.19083661833215));
#6942=CARTESIAN_POINT('Ctrl Pts',(-6.32769113525481,43.2908099804331,7.19711451888103));
#6943=CARTESIAN_POINT('Ctrl Pts',(-6.33634071533421,43.2908099804331,7.20338332496462));
#6944=CARTESIAN_POINT('Ctrl Pts',(-6.3454880508133,43.2908099804331,7.21001288059317));
#6945=CARTESIAN_POINT('Ctrl Pts',(-6.35451922336539,43.2908099804331,7.21663212351993));
#6946=CARTESIAN_POINT('Ctrl Pts',(-6.36344478615999,43.2908099804331,7.22324229381473));
#6947=CARTESIAN_POINT('Ctrl Pts',(-6.37308535639258,43.2908099804331,7.23038199048628));
#6948=CARTESIAN_POINT('Ctrl Pts',(-6.38260205470292,43.2908099804331,7.23751087639648));
#6949=CARTESIAN_POINT('Ctrl Pts',(-6.39195921578771,43.2908099804331,7.24459180288506));
#6950=CARTESIAN_POINT('Ctrl Pts',(-6.39306142360602,43.2908099804331,7.24542588626417));
#6951=CARTESIAN_POINT('Ctrl Pts',(-6.39416125144721,43.2908099804331,7.24625917029663));
#6952=CARTESIAN_POINT('Ctrl Pts',(-6.39525878449981,43.2908099804331,7.24709169932967));
#6953=CARTESIAN_POINT('Ctrl Pts',(-6.40484871235795,43.2908099804331,7.25436609835366));
#6954=CARTESIAN_POINT('Ctrl Pts',(-6.41426349326134,43.2908099804331,7.26158273385523));
#6955=CARTESIAN_POINT('Ctrl Pts',(-6.42342228788657,43.2908099804331,7.26866637586534));
#6956=CARTESIAN_POINT('Ctrl Pts',(-6.43923607351352,43.290809980433,7.28089715521893));
#6957=CARTESIAN_POINT('Ctrl Pts',(-6.45428422832549,43.2908099804331,7.2927290897289));
#6958=CARTESIAN_POINT('Ctrl Pts',(-6.46807291035145,43.290809980433,7.30372117499942));
#6959=CARTESIAN_POINT('Ctrl Pts',(-6.46917928142963,43.290809980433,7.30460315379981));
#6960=CARTESIAN_POINT('Ctrl Pts',(-6.47027751898164,43.290809980433,7.30547970909207));
#6961=CARTESIAN_POINT('Ctrl Pts',(-6.47136735296053,43.290809980433,7.30635060277253));
#6962=CARTESIAN_POINT('Ctrl Pts',(-6.47163255400686,43.290809980433,7.3065625267167));
#6963=CARTESIAN_POINT('Ctrl Pts',(-6.47189725742408,43.290809980433,7.30677411539991));
#6964=CARTESIAN_POINT('Ctrl Pts',(-6.47216146173231,43.290809980433,7.3069853673199));
#6965=CARTESIAN_POINT('Ctrl Pts',(-6.48033859358641,43.290809980433,7.31352362105155));
#6966=CARTESIAN_POINT('Ctrl Pts',(-6.48803620681324,43.290809980433,7.31973798642437));
#6967=CARTESIAN_POINT('Ctrl Pts',(-6.49517071279197,43.290809980433,7.32555153250386));
#6968=CARTESIAN_POINT('Ctrl Pts',(-6.50159629668384,43.2908099804331,7.33078741402873));
#6969=CARTESIAN_POINT('Ctrl Pts',(-6.50756474796531,43.2908099804331,7.33569767919442));
#6970=CARTESIAN_POINT('Ctrl Pts',(-6.51304821267657,43.2908099804331,7.34025245270874));
#6971=CARTESIAN_POINT('Ctrl Pts',(-6.51799838923854,43.290809980433,7.34436425688418));
#6972=CARTESIAN_POINT('Ctrl Pts',(-6.5225526913329,43.2908099804325,7.34818625465822));
#6973=CARTESIAN_POINT('Ctrl Pts',(-6.52672320029059,43.2908099804329,7.35172292236745));
#6974=CARTESIAN_POINT('Ctrl Pts',(-6.52687251841467,43.2908099804329,7.35184954686177));
#6975=CARTESIAN_POINT('Ctrl Pts',(-6.52702134078986,43.2908099804329,7.35197580276442));
#6976=CARTESIAN_POINT('Ctrl Pts',(-6.52716967337473,43.2908099804329,7.35210169460918));
#6977=CARTESIAN_POINT('Ctrl Pts',(-6.53117194235062,43.2908099804333,7.35549847371241));
#6978=CARTESIAN_POINT('Ctrl Pts',(-6.53481490356324,43.2908099804331,7.35863011332752));
#6979=CARTESIAN_POINT('Ctrl Pts',(-6.53814728286221,43.2908099804331,7.36152700569158));
#6980=CARTESIAN_POINT('Ctrl Pts',(-6.54147638655714,43.2908099804331,7.36442105051895));
#6981=CARTESIAN_POINT('Ctrl Pts',(-6.54449548534038,43.2908099804331,7.36708048077351));
#6982=CARTESIAN_POINT('Ctrl Pts',(-6.54729292364817,43.2908099804331,7.36956836016931));
#6983=CARTESIAN_POINT('Ctrl Pts',(-6.55015888437564,43.2908099804331,7.37211717943127));
#6984=CARTESIAN_POINT('Ctrl Pts',(-6.55279288622167,43.2908099804331,7.37448625056015));
#6985=CARTESIAN_POINT('Ctrl Pts',(-6.55533907817365,43.2908099804331,7.37678893288721));
#6986=CARTESIAN_POINT('Ctrl Pts',(-6.55642521465803,43.2908099804331,7.37777119476476));
#6987=CARTESIAN_POINT('Ctrl Pts',(-6.55749634480503,43.2908099804331,7.37874229681932));
#6988=CARTESIAN_POINT('Ctrl Pts',(-6.55856657472358,43.2908099804331,7.37971380052106));
#6989=CARTESIAN_POINT('Origin',(-6.55856657472358,42.790809980433,7.37971380052106));
#6990=CARTESIAN_POINT('Ctrl Pts',(-5.32471271823344,43.1734496785773,6.92225587366811));
#6991=CARTESIAN_POINT('Ctrl Pts',(-5.36908770275222,43.193194048412,6.92286560771459));
#6992=CARTESIAN_POINT('Ctrl Pts',(-5.4479066541772,43.2271217050602,6.91587635920396));
#6993=CARTESIAN_POINT('Ctrl Pts',(-5.58736381054227,43.2736504831648,6.88002250158188));
#6994=CARTESIAN_POINT('Ctrl Pts',(-5.65330436501692,43.2908099804331,6.81329283614565));
#6995=CARTESIAN_POINT('Ctrl Pts',(-5.68258280013874,43.2908099804331,6.78094107501332));
#6996=CARTESIAN_POINT('Ctrl Pts',(-5.30628735204339,43.1835320101844,6.90076447554369));
#6997=CARTESIAN_POINT('Ctrl Pts',(-5.34779977752281,43.2018826271737,6.89989009042778));
#6998=CARTESIAN_POINT('Ctrl Pts',(-5.42177397814344,43.2334326473476,6.890462715252));
#6999=CARTESIAN_POINT('Ctrl Pts',(-5.54294215759421,43.2758414830812,6.84521084041601));
#7000=CARTESIAN_POINT('Ctrl Pts',(-5.59354698300059,43.2908099804331,6.77378168603887));
#7001=CARTESIAN_POINT('Ctrl Pts',(-5.61487420334571,43.2908099804331,6.73909936434071));
#7002=CARTESIAN_POINT('Ctrl Pts',(-5.26377143394479,43.2017905661677,6.85406445576963));
#7003=CARTESIAN_POINT('Ctrl Pts',(-5.29944733798973,43.2176370336407,6.85031331982718));
#7004=CARTESIAN_POINT('Ctrl Pts',(-5.36231874734829,43.2448159740112,6.83540309053855));
#7005=CARTESIAN_POINT('Ctrl Pts',(-5.44286279171766,43.2797123706052,6.76911708196234));
#7006=CARTESIAN_POINT('Ctrl Pts',(-5.46373081099925,43.2908099804331,6.6888616579591));
#7007=CARTESIAN_POINT('Ctrl Pts',(-5.47006234439985,43.2908099804331,6.64920066208871));
#7008=CARTESIAN_POINT('Ctrl Pts',(-5.17673319743542,43.2241666520732,6.76842359048795));
#7009=CARTESIAN_POINT('Ctrl Pts',(-5.20244742154013,43.2368880067857,6.75975174037335));
#7010=CARTESIAN_POINT('Ctrl Pts',(-5.24316167664321,43.2584863419838,6.73316341077186));
#7011=CARTESIAN_POINT('Ctrl Pts',(-5.26272372357288,43.2838666373778,6.63635878805352));
#7012=CARTESIAN_POINT('Ctrl Pts',(-5.25820413756532,43.2908099804331,6.55385947679957));
#7013=CARTESIAN_POINT('Ctrl Pts',(-5.2531570565603,43.2908099804331,6.51170159729734));
#7014=CARTESIAN_POINT('Ctrl Pts',(-5.07146873431665,43.2413262648099,6.67013100674693));
#7015=CARTESIAN_POINT('Ctrl Pts',(-5.08817289151629,43.2514604723786,6.65711951826498));
#7016=CARTESIAN_POINT('Ctrl Pts',(-5.10830121000998,43.268342272857,6.61963179817498));
#7017=CARTESIAN_POINT('Ctrl Pts',(-5.10267194253683,43.2862241894578,6.51713640755479));
#7018=CARTESIAN_POINT('Ctrl Pts',(-5.09977665407106,43.2908099804331,6.44653247514883));
#7019=CARTESIAN_POINT('Ctrl Pts',(-5.09492242959964,43.2908099804331,6.40759271314171));
#7020=CARTESIAN_POINT('Ctrl Pts',(-4.94258597952634,43.2517603763053,6.55452683640948));
#7021=CARTESIAN_POINT('Ctrl Pts',(-4.95301408550664,43.2599066462212,6.53857402725652));
#7022=CARTESIAN_POINT('Ctrl Pts',(-4.96215407545375,43.2733962105108,6.49567731627203));
#7023=CARTESIAN_POINT('Ctrl Pts',(-4.9597354921484,43.287049370165,6.40494842262451));
#7024=CARTESIAN_POINT('Ctrl Pts',(-4.95969716238116,43.2908099804331,6.34202863955921));
#7025=CARTESIAN_POINT('Ctrl Pts',(-4.9567006786516,43.2908099804331,6.30663263573475));
#7026=CARTESIAN_POINT('Ctrl Pts',(-4.77503587408291,43.2535755075255,6.41291033316241));
#7027=CARTESIAN_POINT('Ctrl Pts',(-4.7847663953106,43.2611649600901,6.39672017367705));
#7028=CARTESIAN_POINT('Ctrl Pts',(-4.79871208920942,43.274225859119,6.35726168682866));
#7029=CARTESIAN_POINT('Ctrl Pts',(-4.81984641499965,43.2874666280686,6.2897518451456));
#7030=CARTESIAN_POINT('Ctrl Pts',(-4.83317866206058,43.2908099804331,6.24012626318183));
#7031=CARTESIAN_POINT('Ctrl Pts',(-4.84073782392293,43.2908099804331,6.2152839687485));
#7032=CARTESIAN_POINT('Ctrl Pts',(-4.70241086012214,43.2527497466887,6.34877281499504));
#7033=CARTESIAN_POINT('Ctrl Pts',(-4.71460278771011,43.2608666913438,6.3333744264058));
#7034=CARTESIAN_POINT('Ctrl Pts',(-4.73826642970967,43.2747611292912,6.30001963784073));
#7035=CARTESIAN_POINT('Ctrl Pts',(-4.77296074046623,43.2877911867208,6.24469489173951));
#7036=CARTESIAN_POINT('Ctrl Pts',(-4.79741104786059,43.2908099804331,6.20687397569277));
#7037=CARTESIAN_POINT('Ctrl Pts',(-4.81002226306018,43.2908099804331,6.18803870835847));
#7038=CARTESIAN_POINT('Ctrl Pts',(-4.66856041775056,43.2527497466887,6.31804499707521));
#7039=CARTESIAN_POINT('Ctrl Pts',(-4.6821078185694,43.2610986040482,6.30312088134726));
#7040=CARTESIAN_POINT('Ctrl Pts',(-4.70993813558091,43.2751540975828,6.27246238992304));
#7041=CARTESIAN_POINT('Ctrl Pts',(-4.75317620068319,43.2879501138535,6.22483038315893));
#7042=CARTESIAN_POINT('Ctrl Pts',(-4.78250331660736,43.2908099804331,6.19252298501874));
#7043=CARTESIAN_POINT('Ctrl Pts',(-4.79716691758791,43.2908099804331,6.17636923855856));
#7044=CARTESIAN_POINT('',(-4.66856041775056,43.2527497466887,6.31804499707521));
#7045=CARTESIAN_POINT('Ctrl Pts',(-5.32471271823344,43.1734496785773,6.92225587366811));
#7046=CARTESIAN_POINT('Ctrl Pts',(-5.30628735204339,43.1835320101844,6.90076447554369));
#7047=CARTESIAN_POINT('Ctrl Pts',(-5.26377143394479,43.2017905661677,6.85406445576963));
#7048=CARTESIAN_POINT('Ctrl Pts',(-5.17673319743542,43.2241666520732,6.76842359048795));
#7049=CARTESIAN_POINT('Ctrl Pts',(-5.07146873431665,43.2413262648099,6.67013100674693));
#7050=CARTESIAN_POINT('Ctrl Pts',(-4.94258597952634,43.2517603763053,6.55452683640948));
#7051=CARTESIAN_POINT('Ctrl Pts',(-4.77503587408291,43.2535755075255,6.41291033316241));
#7052=CARTESIAN_POINT('Ctrl Pts',(-4.70241086012214,43.2527497466887,6.34877281499504));
#7053=CARTESIAN_POINT('Ctrl Pts',(-4.66856041775056,43.2527497466887,6.31804499707521));
#7054=CARTESIAN_POINT('',(-4.79716691758791,43.2908099804331,6.17636923855856));
#7055=CARTESIAN_POINT('Origin',(-4.79716691758791,42.7908099804331,6.17636923855856));
#7056=CARTESIAN_POINT('Ctrl Pts',(-4.79716691758791,43.2908099804331,6.17636923855856));
#7057=CARTESIAN_POINT('Ctrl Pts',(-4.79960522966757,43.2908099804331,6.1785826220291));
#7058=CARTESIAN_POINT('Ctrl Pts',(-4.80204720834609,43.2908099804171,6.18079886201511));
#7059=CARTESIAN_POINT('Ctrl Pts',(-4.80463802064392,43.2908099802091,6.18312659096176));
#7060=CARTESIAN_POINT('Ctrl Pts',(-4.80730930718961,43.2908099799947,6.18552662242));
#7061=CARTESIAN_POINT('Ctrl Pts',(-4.81013868326223,43.2908099796449,6.18804507238695));
#7062=CARTESIAN_POINT('Ctrl Pts',(-4.81323960691036,43.2908099795343,6.19076544029994));
#7063=CARTESIAN_POINT('Ctrl Pts',(-4.81645427718044,43.2908099794196,6.1935855954685));
#7064=CARTESIAN_POINT('Ctrl Pts',(-4.81996062288573,43.2908099795777,6.19662262978368));
#7065=CARTESIAN_POINT('Ctrl Pts',(-4.82383893032822,43.2908099798009,6.19993363882922));
#7066=CARTESIAN_POINT('Ctrl Pts',(-4.82789085046346,43.290809980034,6.20339286541673));
#7067=CARTESIAN_POINT('Ctrl Pts',(-4.83234858297196,43.2908099802671,6.20715099181694));
#7068=CARTESIAN_POINT('Ctrl Pts',(-4.83725692029786,43.2908099803563,6.21123669090016));
#7069=CARTESIAN_POINT('Ctrl Pts',(-4.84189648748681,43.2908099804406,6.21509866577105));
#7070=CARTESIAN_POINT('Ctrl Pts',(-4.8469360229727,43.2908099804329,6.2192513262411));
#7071=CARTESIAN_POINT('Ctrl Pts',(-4.85238604238508,43.2908099804331,6.22369755151541));
#7072=CARTESIAN_POINT('Ctrl Pts',(-4.85303258154852,43.2908099804331,6.22422500996129));
#7073=CARTESIAN_POINT('Ctrl Pts',(-4.85368485030279,43.2908099804331,6.22475656586659));
#7074=CARTESIAN_POINT('Ctrl Pts',(-4.85434259444003,43.2908099804331,6.22529201525864));
#7075=CARTESIAN_POINT('Ctrl Pts',(-4.86033604605679,43.2908099804331,6.23017110097424));
#7076=CARTESIAN_POINT('Ctrl Pts',(-4.86680521086572,43.2908099804324,6.23538893494415));
#7077=CARTESIAN_POINT('Ctrl Pts',(-4.87371680934849,43.290809980424,6.24091370862572));
#7078=CARTESIAN_POINT('Ctrl Pts',(-4.87452817108703,43.2908099804231,6.24156226915632));
#7079=CARTESIAN_POINT('Ctrl Pts',(-4.87534567711612,43.290809980422,6.24221509342087));
#7080=CARTESIAN_POINT('Ctrl Pts',(-4.8761693092185,43.2908099804209,6.2428721552384));
#7081=CARTESIAN_POINT('Ctrl Pts',(-4.88507824607349,43.2908099804094,6.24997936029421));
#7082=CARTESIAN_POINT('Ctrl Pts',(-4.89469665665504,43.2908099803976,6.25757668466251));
#7083=CARTESIAN_POINT('Ctrl Pts',(-4.90490743285445,43.2908099804014,6.26555922804349));
#7084=CARTESIAN_POINT('Ctrl Pts',(-4.92198347290987,43.2908099804079,6.27890887236589));
#7085=CARTESIAN_POINT('Ctrl Pts',(-4.94071306558108,43.2908099804327,6.29333328850828));
#7086=CARTESIAN_POINT('Ctrl Pts',(-4.96041050915794,43.290809980433,6.30823485765433));
#7087=CARTESIAN_POINT('Ctrl Pts',(-4.96166655175471,43.2908099804331,6.30918508277025));
#7088=CARTESIAN_POINT('Ctrl Pts',(-4.96292651525008,43.2908099804331,6.31013723360213));
#7089=CARTESIAN_POINT('Ctrl Pts',(-4.96419041296217,43.2908099804331,6.31109129860323));
#7090=CARTESIAN_POINT('Ctrl Pts',(-4.9751536080657,43.2908099804331,6.31936696889567));
#7091=CARTESIAN_POINT('Ctrl Pts',(-4.98639978204466,43.2908099804389,6.3277761494409));
#7092=CARTESIAN_POINT('Ctrl Pts',(-4.99783548847218,43.2908099804213,6.3362364935499));
#7093=CARTESIAN_POINT('Ctrl Pts',(-5.00828473221753,43.2908099804052,6.3439670345816));
#7094=CARTESIAN_POINT('Ctrl Pts',(-5.01889163051612,43.2908099803565,6.35173934265986));
#7095=CARTESIAN_POINT('Ctrl Pts',(-5.02961482793587,43.2908099803099,6.35951283081195));
#7096=CARTESIAN_POINT('Ctrl Pts',(-5.03966782551689,43.2908099802661,6.36680047595453));
#7097=CARTESIAN_POINT('Ctrl Pts',(-5.04982269641197,43.2908099802417,6.37408889114031));
#7098=CARTESIAN_POINT('Ctrl Pts',(-5.06007908696727,43.2908099802774,6.3813708764567));
#7099=CARTESIAN_POINT('Ctrl Pts',(-5.06976454969843,43.2908099803111,6.38824750591133));
#7100=CARTESIAN_POINT('Ctrl Pts',(-5.07954035217948,43.29080998039,6.39511825018372));
#7101=CARTESIAN_POINT('Ctrl Pts',(-5.08944096385919,43.2908099804189,6.40200440036137));
#7102=CARTESIAN_POINT('Ctrl Pts',(-5.09236810610144,43.2908099804274,6.40404030902272));
#7103=CARTESIAN_POINT('Ctrl Pts',(-5.0953069046173,43.29080998043,6.40607852769985));
#7104=CARTESIAN_POINT('Ctrl Pts',(-5.0982581166016,43.2908099804314,6.40811927868475));
#7105=CARTESIAN_POINT('Ctrl Pts',(-5.10504135835322,43.2908099804347,6.41280986253947));
#7106=CARTESIAN_POINT('Ctrl Pts',(-5.11189010591359,43.2908099804331,6.41751380369798));
#7107=CARTESIAN_POINT('Ctrl Pts',(-5.11883183718925,43.2908099804331,6.42224974492933));
#7108=CARTESIAN_POINT('Ctrl Pts',(-5.12949552586398,43.2908099804331,6.42952496214352));
#7109=CARTESIAN_POINT('Ctrl Pts',(-5.14038082162674,43.2908099804331,6.4368772498469));
#7110=CARTESIAN_POINT('Ctrl Pts',(-5.15159672491659,43.2908099804331,6.44438471053091));
#7111=CARTESIAN_POINT('Ctrl Pts',(-5.16356766476346,43.2908099804331,6.45239756138462));
#7112=CARTESIAN_POINT('Ctrl Pts',(-5.17591472972659,43.2908099804331,6.46058656607433));
#7113=CARTESIAN_POINT('Ctrl Pts',(-5.18870843555976,43.2908099804331,6.46900508326686));
#7114=CARTESIAN_POINT('Ctrl Pts',(-5.19981572514691,43.2908099804331,6.47631390446153));
#7115=CARTESIAN_POINT('Ctrl Pts',(-5.21125688842991,43.2908099804331,6.48379384924801));
#7116=CARTESIAN_POINT('Ctrl Pts',(-5.2230438711699,43.2908099804331,6.49145878226087));
#7117=CARTESIAN_POINT('Ctrl Pts',(-5.2359352776806,43.2908099804331,6.49984190875945));
#7118=CARTESIAN_POINT('Ctrl Pts',(-5.24923932714787,43.2908099804378,6.5084456228958));
#7119=CARTESIAN_POINT('Ctrl Pts',(-5.26293569074116,43.2908099804286,6.51726914722297));
#7120=CARTESIAN_POINT('Ctrl Pts',(-5.26388865808496,43.2908099804279,6.51788307153096));
#7121=CARTESIAN_POINT('Ctrl Pts',(-5.26484351464712,43.2908099804272,6.51849805422354));
#7122=CARTESIAN_POINT('Ctrl Pts',(-5.26580019180477,43.2908099804263,6.51911405331));
#7123=CARTESIAN_POINT('Ctrl Pts',(-5.28248223624088,43.2908099804106,6.52985552868735));
#7124=CARTESIAN_POINT('Ctrl Pts',(-5.29973590860599,43.2908099803847,6.54091200596703));
#7125=CARTESIAN_POINT('Ctrl Pts',(-5.31745927644109,43.2908099803877,6.55222366735432));
#7126=CARTESIAN_POINT('Ctrl Pts',(-5.33797044229616,43.2908099803911,6.56531459707885));
#7127=CARTESIAN_POINT('Ctrl Pts',(-5.35910981783626,43.2908099804192,6.57874669917253));
#7128=CARTESIAN_POINT('Ctrl Pts',(-5.38065160225791,43.2908099804279,6.59238417222408));
#7129=CARTESIAN_POINT('Ctrl Pts',(-5.40593643074943,43.2908099804381,6.60839125689344));
#7130=CARTESIAN_POINT('Ctrl Pts',(-5.4317712209882,43.2908099804331,6.62468003177962));
#7131=CARTESIAN_POINT('Ctrl Pts',(-5.45774367587301,43.2908099804331,6.64099346076868));
#7132=CARTESIAN_POINT('Ctrl Pts',(-5.46186406022077,43.2908099804331,6.64358149481332));
#7133=CARTESIAN_POINT('Ctrl Pts',(-5.46598839252302,43.2908099804331,6.64617058617344));
#7134=CARTESIAN_POINT('Ctrl Pts',(-5.47011433772344,43.2908099804329,6.64875925439906));
#7135=CARTESIAN_POINT('Ctrl Pts',(-5.48617654761712,43.2908099804319,6.65883688034056));
#7136=CARTESIAN_POINT('Ctrl Pts',(-5.50226314706311,43.2908099804224,6.66890804711215));
#7137=CARTESIAN_POINT('Ctrl Pts',(-5.51829076665197,43.2908099803886,6.67892204396211));
#7138=CARTESIAN_POINT('Ctrl Pts',(-5.5365105044934,43.2908099803502,6.6903056681079));
#7139=CARTESIAN_POINT('Ctrl Pts',(-5.55465029879306,43.2908099802887,6.70161288681508));
#7140=CARTESIAN_POINT('Ctrl Pts',(-5.57260989635077,43.2908099802772,6.71278464857741));
#7141=CARTESIAN_POINT('Ctrl Pts',(-5.58943179403111,43.2908099802665,6.72324870450468));
#7142=CARTESIAN_POINT('Ctrl Pts',(-5.60609510691873,43.2908099803079,6.73359358595262));
#7143=CARTESIAN_POINT('Ctrl Pts',(-5.62255474807069,43.2908099803549,6.74379580124524));
#7144=CARTESIAN_POINT('Ctrl Pts',(-5.6379561469789,43.2908099803989,6.75334208393868));
#7145=CARTESIAN_POINT('Ctrl Pts',(-5.65317900451726,43.2908099804288,6.7627633078677));
#7146=CARTESIAN_POINT('Ctrl Pts',(-5.66822485180586,43.2908099804322,6.77206608566801));
#7147=CARTESIAN_POINT('Ctrl Pts',(-5.67302821886538,43.2908099804333,6.77503598530816));
#7148=CARTESIAN_POINT('Ctrl Pts',(-5.67781386689743,43.2908099804331,6.77799402937435));
#7149=CARTESIAN_POINT('Ctrl Pts',(-5.68258280013874,43.2908099804331,6.78094107501332));
#7150=CARTESIAN_POINT('Ctrl Pts',(-5.32471271823344,43.1734496785773,6.92225587366811));
#7151=CARTESIAN_POINT('Ctrl Pts',(-5.30628735204339,43.1835320101844,6.90076447554369));
#7152=CARTESIAN_POINT('Ctrl Pts',(-5.26377143394479,43.2017905661677,6.85406445576963));
#7153=CARTESIAN_POINT('Ctrl Pts',(-5.17673319743542,43.2241666520732,6.76842359048795));
#7154=CARTESIAN_POINT('Ctrl Pts',(-5.07146873431665,43.2413262648099,6.67013100674693));
#7155=CARTESIAN_POINT('Ctrl Pts',(-4.94258597952634,43.2517603763053,6.55452683640948));
#7156=CARTESIAN_POINT('Ctrl Pts',(-4.77503587408291,43.2535755075255,6.41291033316241));
#7157=CARTESIAN_POINT('Ctrl Pts',(-4.70241086012214,43.2527497466887,6.34877281499504));
#7158=CARTESIAN_POINT('Ctrl Pts',(-4.66856041775056,43.2527497466887,6.31804499707521));
#7159=CARTESIAN_POINT('Ctrl Pts',(-5.24348700133456,43.1738699719568,6.87866334337278));
#7160=CARTESIAN_POINT('Ctrl Pts',(-5.22632560708321,43.1829390353773,6.85864439164639));
#7161=CARTESIAN_POINT('Ctrl Pts',(-5.18548417574851,43.1995589639242,6.81412805071683));
#7162=CARTESIAN_POINT('Ctrl Pts',(-5.10675915667141,43.2200949404222,6.73521565382983));
#7163=CARTESIAN_POINT('Ctrl Pts',(-5.01676648578873,43.2356801778324,6.64821590571431));
#7164=CARTESIAN_POINT('Ctrl Pts',(-4.89606552741197,43.2446312615594,6.53954825372131));
#7165=CARTESIAN_POINT('Ctrl Pts',(-4.75029919553109,43.2457143354227,6.41632714613358));
#7166=CARTESIAN_POINT('Ctrl Pts',(-4.68645777227065,43.2446328020336,6.36075700159319));
#7167=CARTESIAN_POINT('Ctrl Pts',(-4.65501301693172,43.2444008893292,6.33296911280315));
#7168=CARTESIAN_POINT('Ctrl Pts',(-5.08647716499871,43.1706028978505,6.79640824968252));
#7169=CARTESIAN_POINT('Ctrl Pts',(-5.07191797887476,43.1781628476734,6.77863428934641));
#7170=CARTESIAN_POINT('Ctrl Pts',(-5.03976977765198,43.1919817013854,6.74101202549452));
#7171=CARTESIAN_POINT('Ctrl Pts',(-4.98278516436653,43.2086792398422,6.67852458279799));
#7172=CARTESIAN_POINT('Ctrl Pts',(-4.9048138724256,43.2206244808391,6.60170349971889));
#7173=CARTESIAN_POINT('Ctrl Pts',(-4.8000897682492,43.2266167806568,6.50817638926249));
#7174=CARTESIAN_POINT('Ctrl Pts',(-4.70084063627276,43.2270136829774,6.42323923973956));
#7175=CARTESIAN_POINT('Ctrl Pts',(-4.65387977125823,43.2257476787393,6.38322786794541));
#7176=CARTESIAN_POINT('Ctrl Pts',(-4.62865388964338,43.2250610513976,6.36200690915975));
#7177=CARTESIAN_POINT('Ctrl Pts',(-4.80063195866207,43.1340699856214,6.65404693836828));
#7178=CARTESIAN_POINT('Ctrl Pts',(-4.79573410567329,43.1408090022657,6.64186998236556));
#7179=CARTESIAN_POINT('Ctrl Pts',(-4.78259176721452,43.1533199561013,6.61553273833672));
#7180=CARTESIAN_POINT('Ctrl Pts',(-4.75123794814045,43.1689807733662,6.56931081052066));
#7181=CARTESIAN_POINT('Ctrl Pts',(-4.71200059770984,43.1810082850411,6.52000404583859));
#7182=CARTESIAN_POINT('Ctrl Pts',(-4.67193233296999,43.1885296367676,6.4743869481598));
#7183=CARTESIAN_POINT('Ctrl Pts',(-4.63489171452098,43.1911015423158,6.43712161839098));
#7184=CARTESIAN_POINT('Ctrl Pts',(-4.60641879133305,43.1895061179221,6.41397864786223));
#7185=CARTESIAN_POINT('Ctrl Pts',(-4.59199842799888,43.1886210800663,6.40238737467922));
#7186=CARTESIAN_POINT('Ctrl Pts',(-4.66621376199171,43.1064308849559,6.5862216588041));
#7187=CARTESIAN_POINT('Ctrl Pts',(-4.66706189101268,43.1130653086287,6.57803135780425));
#7188=CARTESIAN_POINT('Ctrl Pts',(-4.66621627387859,43.1254752023288,6.5605034317566));
#7189=CARTESIAN_POINT('Ctrl Pts',(-4.65765040590599,43.1408480918235,6.5319657242548));
#7190=CARTESIAN_POINT('Ctrl Pts',(-4.64247876848991,43.1522663826387,6.50277253984107));
#7191=CARTESIAN_POINT('Ctrl Pts',(-4.62167483892167,43.158940213387,6.47487431056803));
#7192=CARTESIAN_POINT('Ctrl Pts',(-4.59729063808315,43.1609829836604,6.44998061013572));
#7193=CARTESIAN_POINT('Ctrl Pts',(-4.57911090353673,43.1602185666968,6.43451030528428));
#7194=CARTESIAN_POINT('Ctrl Pts',(-4.56990182338259,43.1597900478949,6.42672948198808));
#7195=CARTESIAN_POINT('Ctrl Pts',(-4.61349006366535,43.0935658891224,6.55573655701975));
#7196=CARTESIAN_POINT('Ctrl Pts',(-4.61549418957804,43.0993824524889,6.54970018490547));
#7197=CARTESIAN_POINT('Ctrl Pts',(-4.61777805820148,43.110512418857,6.53674167643939));
#7198=CARTESIAN_POINT('Ctrl Pts',(-4.61583416384875,43.1246003757331,6.51595046045601));
#7199=CARTESIAN_POINT('Ctrl Pts',(-4.60860683983885,43.1352206461442,6.49504652006493));
#7200=CARTESIAN_POINT('Ctrl Pts',(-4.59620984971775,43.1416911869468,6.47505426507763));
#7201=CARTESIAN_POINT('Ctrl Pts',(-4.57974148847426,43.1443135336097,6.45656343336508));
#7202=CARTESIAN_POINT('Ctrl Pts',(-4.56636590580054,43.1443633710263,6.44435440857564));
#7203=CARTESIAN_POINT('Ctrl Pts',(-4.55953309169263,43.1443633710263,6.43815190565165));
#7204=CARTESIAN_POINT('',(-4.61349006366535,43.0935658891224,6.55573655701975));
#7205=CARTESIAN_POINT('Ctrl Pts',(-5.32471271823344,43.1734496785773,6.92225587366811));
#7206=CARTESIAN_POINT('Ctrl Pts',(-5.24348700133456,43.1738699719568,6.87866334337278));
#7207=CARTESIAN_POINT('Ctrl Pts',(-5.08647716499871,43.1706028978505,6.79640824968252));
#7208=CARTESIAN_POINT('Ctrl Pts',(-4.80063195866207,43.1340699856214,6.65404693836828));
#7209=CARTESIAN_POINT('Ctrl Pts',(-4.66621376199171,43.1064308849559,6.5862216588041));
#7210=CARTESIAN_POINT('Ctrl Pts',(-4.61349006366535,43.0935658891224,6.55573655701975));
#7211=CARTESIAN_POINT('',(-4.55953309169263,43.1443633710263,6.43815190565165));
#7212=CARTESIAN_POINT('Ctrl Pts',(-4.61349006366535,43.0935658891224,6.55573655701975));
#7213=CARTESIAN_POINT('Ctrl Pts',(-4.61539359846728,43.0990905074738,6.55000316256379));
#7214=CARTESIAN_POINT('Ctrl Pts',(-4.6165198511158,43.1043884189999,6.54387036975821));
#7215=CARTESIAN_POINT('Ctrl Pts',(-4.61683942430912,43.1093022141984,6.53752408422691));
#7216=CARTESIAN_POINT('Ctrl Pts',(-4.61717853912781,43.1145164837389,6.53078972880429));
#7217=CARTESIAN_POINT('Ctrl Pts',(-4.61660979645433,43.1192978337688,6.52381594771797));
#7218=CARTESIAN_POINT('Ctrl Pts',(-4.61514353533304,43.1234969735894,6.51681375241889));
#7219=CARTESIAN_POINT('Ctrl Pts',(-4.61386453350526,43.1271598324265,6.51070582221743));
#7220=CARTESIAN_POINT('Ctrl Pts',(-4.61190455501802,43.1303807009182,6.50457666867025));
#7221=CARTESIAN_POINT('Ctrl Pts',(-4.60927696286634,43.1330803472575,6.49854542943615));
#7222=CARTESIAN_POINT('Ctrl Pts',(-4.6087894108831,43.1335812689573,6.49742632780993));
#7223=CARTESIAN_POINT('Ctrl Pts',(-4.60827935256114,43.1340646098195,6.49631053999147));
#7224=CARTESIAN_POINT('Ctrl Pts',(-4.60774659338553,43.1345297088103,6.49519878217261));
#7225=CARTESIAN_POINT('Ctrl Pts',(-4.60612315743329,43.1359469690991,6.49181100830416));
#7226=CARTESIAN_POINT('Ctrl Pts',(-4.60428859122387,43.1371947835821,6.4884604272394));
#7227=CARTESIAN_POINT('Ctrl Pts',(-4.60226058547016,43.1382750646414,6.48516051510128));
#7228=CARTESIAN_POINT('Ctrl Pts',(-4.60020895562353,43.1393679298169,6.48182216252441));
#7229=CARTESIAN_POINT('Ctrl Pts',(-4.59795746338464,43.1402888400918,6.47853462003962));
#7230=CARTESIAN_POINT('Ctrl Pts',(-4.59553254327461,43.1410506624865,6.47530450575777));
#7231=CARTESIAN_POINT('Ctrl Pts',(-4.59494019721474,43.1412367562435,6.47451547132324));
#7232=CARTESIAN_POINT('Ctrl Pts',(-4.59433746486451,43.1414133436943,6.47372984755162));
#7233=CARTESIAN_POINT('Ctrl Pts',(-4.59372446669756,43.1415808969253,6.47294710622327));
#7234=CARTESIAN_POINT('Ctrl Pts',(-4.59097614189271,43.1423321074927,6.46943775248542));
#7235=CARTESIAN_POINT('Ctrl Pts',(-4.58802328603281,43.142895803717,6.46599598471402));
#7236=CARTESIAN_POINT('Ctrl Pts',(-4.58489408409382,43.1433076249821,6.46259925473491));
#7237=CARTESIAN_POINT('Ctrl Pts',(-4.58303917501622,43.1435517418584,6.46058576203126));
#7238=CARTESIAN_POINT('Ctrl Pts',(-4.58112274546774,43.1437432301248,6.45858750211296));
#7239=CARTESIAN_POINT('Ctrl Pts',(-4.57914374930878,43.1438902754,6.45659247015601));
#7240=CARTESIAN_POINT('Ctrl Pts',(-4.57759165248513,43.1440056007904,6.45502779669799));
#7241=CARTESIAN_POINT('Ctrl Pts',(-4.57600104248614,43.1440935618808,6.45346511995708));
#7242=CARTESIAN_POINT('Ctrl Pts',(-4.57437719757126,43.1441608063531,6.45190025317292));
#7243=CARTESIAN_POINT('Ctrl Pts',(-4.57173718666365,43.1442701309189,6.4493561275971));
#7244=CARTESIAN_POINT('Ctrl Pts',(-4.5690030623008,43.1443220136721,6.44680414903821));
#7245=CARTESIAN_POINT('Ctrl Pts',(-4.56620834710013,43.144344992592,6.44423620543278));
#7246=CARTESIAN_POINT('Ctrl Pts',(-4.56400870643282,43.1443630786448,6.44221505022365));
#7247=CARTESIAN_POINT('Ctrl Pts',(-4.56177178145747,43.1443633710263,6.44018408150087));
#7248=CARTESIAN_POINT('Ctrl Pts',(-4.55953309169263,43.1443633710263,6.43815190565165));
#7249=CARTESIAN_POINT('Origin',(-4.79716691758791,42.7908099804331,6.17636923855856));
#7250=CARTESIAN_POINT('Origin',(-22.0516446512758,37.790809980433,1.86046089720159));
#7251=CARTESIAN_POINT('',(-20.4266446512758,37.790809980433,1.86046089720159));
#7252=CARTESIAN_POINT('',(-22.0516446512758,37.790809980433,3.48546089720159));
#7253=CARTESIAN_POINT('Origin',(-22.0516446512758,37.790809980433,1.86046089720159));
#7254=CARTESIAN_POINT('',(-22.0516446512758,37.290809980433,3.98546089720159));
#7255=CARTESIAN_POINT('Origin',(-22.0516446512758,37.790809980433,3.98546089720159));
#7256=CARTESIAN_POINT('Origin',(-22.0516446512758,37.290809980433,1.86046089720159));
#7257=CARTESIAN_POINT('Origin',(-22.0516446512758,37.790809980433,1.86046089720159));
#7258=CARTESIAN_POINT('Origin',(-12.1805460332244,37.290809980433,4.02435966478113));
#7259=CARTESIAN_POINT('',(-34.9954706829295,37.290809980433,18.3372116943335));
#7260=CARTESIAN_POINT('',(-34.32334072399,37.290809980433,19.07764489075));
#7261=CARTESIAN_POINT('',(-33.5716024863522,37.290809980433,19.9057763239046));
#7262=CARTESIAN_POINT('',(-24.1417889734247,37.290809980433,8.48475683809891));
#7263=CARTESIAN_POINT('',(-19.7530681896316,37.290809980433,4.50088532277027));
#7264=CARTESIAN_POINT('',(-23.902727642262,37.290809980433,3.54078579450017));
#7265=CARTESIAN_POINT('Origin',(-26.4942438296428,37.290809980433,5.89324065071818));
#7266=CARTESIAN_POINT('',(-20.2005616602896,37.290809980433,0.18013599990296));
#7267=CARTESIAN_POINT('Origin',(-22.0516446512758,37.290809980433,1.86046089720159));
#7268=CARTESIAN_POINT('',(-15.2565906166909,37.290809980433,0.419197331065572));
#7269=CARTESIAN_POINT('Origin',(-17.609045472909,37.290809980433,-2.17231885631512));
#7270=CARTESIAN_POINT('',(-13.6886208572478,37.290809980433,-1.0041308707671));
#7271=CARTESIAN_POINT('',(-19.7530681896316,37.290809980433,4.50088532277027));
#7272=CARTESIAN_POINT('',(-12.5437179479184,37.290809980433,-3.73162006931051));
#7273=CARTESIAN_POINT('Origin',(-16.0410757134659,37.290809980433,-3.59564705814778));
#7274=CARTESIAN_POINT('',(-6.52378060627548,37.290809980433,-13.6395391027987));
#7275=CARTESIAN_POINT('Origin',(-2.05164465127589,37.2908099804331,-4.13953910279869));
#7276=CARTESIAN_POINT('',(-4.53616462627566,37.2908099804331,-16.4173168805766));
#7277=CARTESIAN_POINT('Origin',(-8.01449259127535,37.290809980433,-16.8062057694654));
#7278=CARTESIAN_POINT('',(0.432875323723892,37.2908099804331,-16.4173168805766));
#7279=CARTESIAN_POINT('Origin',(-2.05164465127588,37.2908099804331,-16.1395391027989));
#7280=CARTESIAN_POINT('',(2.42049130372371,37.2908099804331,-13.6395391027987));
#7281=CARTESIAN_POINT('Origin',(3.91120328872358,37.2908099804331,-16.8062057694653));
#7282=CARTESIAN_POINT('',(8.41166466217609,37.2908099804331,-3.2625224490064));
#7283=CARTESIAN_POINT('Origin',(-2.05164465127589,37.2908099804331,-4.13953910279869));
#7284=CARTESIAN_POINT('',(9.82348279379974,37.2908099804331,-0.152307628469793));
#7285=CARTESIAN_POINT('Origin',(11.8994344333267,37.2908099804331,-2.97018356440898));
#7286=CARTESIAN_POINT('',(7.3389628188001,37.2908099804331,4.15100720064963));
#7287=CARTESIAN_POINT('Origin',(8.34066019413759,37.2908099804331,1.86046089720105));
#7288=CARTESIAN_POINT('',(3.93952870717672,37.2908099804331,4.48344424340857));
#7289=CARTESIAN_POINT('Origin',(5.93658649332759,37.2908099804331,7.35777202547765));
#7290=CARTESIAN_POINT('',(-3.46996350248428,37.2908099804331,6.26422808203907));
#7291=CARTESIAN_POINT('Origin',(-2.05164465127589,37.2908099804331,-4.13953910279869));
#7292=CARTESIAN_POINT('',(-6.29519130910505,37.2908099804331,7.14063428960423));
#7293=CARTESIAN_POINT('Origin',(-3.94273645288708,37.2908099804331,9.73215047698499));
#7294=CARTESIAN_POINT('',(-27.6020411347872,37.290809980433,26.4819768547042));
#7295=CARTESIAN_POINT('',(-17.9715877953402,37.290809980433,17.7399104009884));
#7296=CARTESIAN_POINT('',(-28.2741710937267,37.290809980433,25.7415436582875));
#7297=CARTESIAN_POINT('',(-33.5716024863522,37.290809980433,19.9057763239046));
#7298=CARTESIAN_POINT('',(0.972940163855808,37.2908099804331,-0.807589719029955));
#7299=CARTESIAN_POINT('',(-3.83505382638991,37.2908099804331,3.55687802618303));
#7300=CARTESIAN_POINT('',(-5.0762294664076,37.290809980433,-7.4714884865674));
#7301=CARTESIAN_POINT('Origin',(-2.05164465127589,37.2908099804331,-4.13953910279869));
#7302=CARTESIAN_POINT('',(-24.692887384543,37.290809980433,10.3355784370341));
#7303=CARTESIAN_POINT('',(8.34066019413759,37.2908099804331,3.98546089720105));
#7304=CARTESIAN_POINT('Origin',(8.34066019413759,37.2908099804331,1.86046089720105));
#7305=CARTESIAN_POINT('',(-2.05164465127588,37.2908099804331,-14.0145391027989));
#7306=CARTESIAN_POINT('Origin',(-2.05164465127588,37.2908099804331,-16.1395391027989));
#7307=CARTESIAN_POINT('Origin',(-22.0516446512758,37.290809980433,1.86046089720159));
#7308=CARTESIAN_POINT('',(-20.4266446512758,39.290809980433,1.86046089720159));
#7309=CARTESIAN_POINT('',(-20.4266446512758,37.290809980433,1.86046089720159));
#7310=CARTESIAN_POINT('Origin',(-22.0516446512758,39.290809980433,1.86046089720159));
#7311=CARTESIAN_POINT('Origin',(8.34066019413759,37.7908099804331,1.86046089720105));
#7312=CARTESIAN_POINT('',(9.96566019413759,37.7908099804331,1.86046089720105));
#7313=CARTESIAN_POINT('',(8.34066019413759,37.7908099804331,3.48546089720105));
#7314=CARTESIAN_POINT('Origin',(8.34066019413759,37.7908099804331,1.86046089720105));
#7315=CARTESIAN_POINT('Origin',(8.34066019413759,37.7908099804331,3.98546089720105));
#7316=CARTESIAN_POINT('Origin',(8.34066019413759,37.7908099804331,1.86046089720105));
#7317=CARTESIAN_POINT('Origin',(8.34066019413759,37.2908099804331,1.86046089720105));
#7318=CARTESIAN_POINT('',(9.96566019413759,39.2908099804331,1.86046089720105));
#7319=CARTESIAN_POINT('',(9.96566019413759,37.2908099804331,1.86046089720105));
#7320=CARTESIAN_POINT('Origin',(8.34066019413759,39.2908099804331,1.86046089720105));
#7321=CARTESIAN_POINT('Origin',(-2.05164465127588,37.790809980433,-16.1395391027989));
#7322=CARTESIAN_POINT('',(-0.426644651275883,37.790809980433,-16.1395391027989));
#7323=CARTESIAN_POINT('',(-2.05164465127588,37.790809980433,-14.5145391027989));
#7324=CARTESIAN_POINT('Origin',(-2.05164465127588,37.790809980433,-16.1395391027989));
#7325=CARTESIAN_POINT('Origin',(-2.05164465127588,37.790809980433,-14.0145391027989));
#7326=CARTESIAN_POINT('Origin',(-2.05164465127588,37.790809980433,-16.1395391027989));
#7327=CARTESIAN_POINT('Origin',(-2.05164465127588,37.2908099804331,-16.1395391027989));
#7328=CARTESIAN_POINT('',(-0.426644651275884,39.2908099804331,-16.1395391027989));
#7329=CARTESIAN_POINT('',(-0.42664465127588,37.2908099804331,-16.1395391027989));
#7330=CARTESIAN_POINT('Origin',(-2.05164465127588,39.2908099804331,-16.1395391027989));
#7331=CARTESIAN_POINT('Origin',(-31.2987559088584,41.5361094420488,22.4095942745188));
#7332=CARTESIAN_POINT('',(-32.1646666737936,42.8145704111338,22.1987511916505));
#7333=CARTESIAN_POINT('',(-31.1724418327256,42.8145704111329,23.2918079745905));
#7334=CARTESIAN_POINT('Ctrl Pts',(-32.1646666737935,42.8145704111331,22.1987511916507));
#7335=CARTESIAN_POINT('Ctrl Pts',(-32.0905026664355,42.8437269528045,22.2783881446608));
#7336=CARTESIAN_POINT('Ctrl Pts',(-32.013596667868,42.8668860894934,22.3577800296349));
#7337=CARTESIAN_POINT('Ctrl Pts',(-31.8426498389867,42.9033111594015,22.5358809227407));
#7338=CARTESIAN_POINT('Ctrl Pts',(-31.7494963379484,42.9134597112408,22.6342241974151));
#7339=CARTESIAN_POINT('Ctrl Pts',(-31.5658264835728,42.9134597112408,22.8365589625181));
#7340=CARTESIAN_POINT('Ctrl Pts',(-31.4769297083423,42.9033111594016,22.9387662899608));
#7341=CARTESIAN_POINT('Ctrl Pts',(-31.3161531153841,42.8668860893871,23.126099239391));
#7342=CARTESIAN_POINT('Ctrl Pts',(-31.2445517134126,42.8437269526008,23.2103063843362));
#7343=CARTESIAN_POINT('Ctrl Pts',(-31.1724418327255,42.8145704111332,23.2918079745905));
#7344=CARTESIAN_POINT('',(-31.6348208883181,42.4021348458332,22.0393776763215));
#7345=CARTESIAN_POINT('Origin',(-31.8028533780479,42.8351475477255,21.8542693772229));
#7346=CARTESIAN_POINT('',(-30.9626909293987,42.4021348458332,22.7798108727161));
#7347=CARTESIAN_POINT('Origin',(-31.2987559088584,41.5361094420488,22.4095942745188));
#7348=CARTESIAN_POINT('Origin',(-30.7946584396689,42.8351475477255,22.9649191718147));
#7349=CARTESIAN_POINT('Origin',(-28.2741710937267,37.790809980433,25.7415436582875));
#7350=CARTESIAN_POINT('',(-28.6102360731864,37.790809980433,25.3713270600903));
#7351=CARTESIAN_POINT('',(-28.644387691924,37.790809980433,26.0776086377473));
#7352=CARTESIAN_POINT('Origin',(-28.2741710937267,37.790809980433,25.7415436582875));
#7353=CARTESIAN_POINT('Origin',(-28.2741710937267,37.790809980433,25.7415436582875));
#7354=CARTESIAN_POINT('Origin',(-28.2741710937267,37.790809980433,25.7415436582875));
#7355=CARTESIAN_POINT('Origin',(-34.32334072399,37.790809980433,19.07764489075));
#7356=CARTESIAN_POINT('',(-34.6935573221873,37.790809980433,19.4137098702098));
#7357=CARTESIAN_POINT('',(-33.9872757445303,37.790809980433,19.4478614889473));
#7358=CARTESIAN_POINT('Origin',(-34.32334072399,37.790809980433,19.07764489075));
#7359=CARTESIAN_POINT('Origin',(-34.32334072399,37.790809980433,19.07764489075));
#7360=CARTESIAN_POINT('Origin',(-34.32334072399,37.790809980433,19.07764489075));
#7361=CARTESIAN_POINT('Origin',(-27.6020411347872,37.790809980433,26.4819768547042));
#7362=CARTESIAN_POINT('',(-27.9722577329844,37.790809980433,26.8180418341639));
#7363=CARTESIAN_POINT('',(-27.2659761553274,37.790809980433,26.8521934529014));
#7364=CARTESIAN_POINT('Origin',(-27.6020411347872,37.790809980433,26.4819768547042));
#7365=CARTESIAN_POINT('Origin',(-27.6020411347872,37.790809980433,26.4819768547042));
#7366=CARTESIAN_POINT('Origin',(-27.6020411347872,37.790809980433,26.4819768547042));
#7367=CARTESIAN_POINT('Origin',(-33.5716024863522,37.790809980433,19.9057763239046));
#7368=CARTESIAN_POINT('',(-33.9418190845495,37.790809980433,20.2418413033644));
#7369=CARTESIAN_POINT('Origin',(-34.9954706829295,37.790809980433,18.3372116943335));
#7370=CARTESIAN_POINT('',(-35.3315356623892,37.790809980433,17.9669950961363));
#7371=CARTESIAN_POINT('Origin',(-34.9954706829295,37.790809980433,18.3372116943335));
#7372=CARTESIAN_POINT('',(-35.3656872811267,37.790809980433,18.6732766737932));
#7373=CARTESIAN_POINT('Origin',(-34.9954706829295,37.790809980433,18.3372116943335));
#7374=CARTESIAN_POINT('Origin',(-34.9954706829295,37.790809980433,18.3372116943335));
#7375=CARTESIAN_POINT('Origin',(-33.5716024863522,37.790809980433,19.9057763239046));
#7376=CARTESIAN_POINT('',(-33.9418190845495,37.790809980433,20.2418413033644));
#7377=CARTESIAN_POINT('Origin',(-34.9954706829295,37.290809980433,18.3372116943335));
#7378=CARTESIAN_POINT('',(-35.3656872811267,42.790809980433,18.6732766737932));
#7379=CARTESIAN_POINT('',(-35.3315356623892,42.790809980433,17.9669950961363));
#7380=CARTESIAN_POINT('Origin',(-34.9954706829295,42.790809980433,18.3372116943335));
#7381=CARTESIAN_POINT('',(-35.3315356623892,37.290809980433,17.9669950961363));
#7382=CARTESIAN_POINT('',(-35.3656872811267,37.290809980433,18.6732766737932));
#7383=CARTESIAN_POINT('Origin',(-19.7530681896316,37.790809980433,4.50088532277027));
#7384=CARTESIAN_POINT('',(-24.4778539528844,37.790809980433,8.11454023990163));
#7385=CARTESIAN_POINT('Origin',(-24.1417889734247,37.790809980433,8.48475683809891));
#7386=CARTESIAN_POINT('',(-20.0891331690914,37.790809980433,4.13066872457303));
#7387=CARTESIAN_POINT('Origin',(-26.4942438296428,37.790809980433,5.89324065071818));
#7388=CARTESIAN_POINT('',(-24.2729442404593,37.790809980433,3.87685077395988));
#7389=CARTESIAN_POINT('Origin',(-23.902727642262,37.790809980433,3.54078579450017));
#7390=CARTESIAN_POINT('Origin',(-26.4942438296428,37.790809980433,5.89324065071818));
#7391=CARTESIAN_POINT('Origin',(-22.0516446512758,37.790809980433,1.86046089720159));
#7392=CARTESIAN_POINT('',(-19.8303450620924,37.790809980433,-0.155928979556766));
#7393=CARTESIAN_POINT('Origin',(-20.2005616602896,37.790809980433,0.18013599990296));
#7394=CARTESIAN_POINT('Origin',(-22.0516446512758,37.790809980433,1.86046089720159));
#7395=CARTESIAN_POINT('Origin',(-17.609045472909,37.790809980433,-2.17231885631512));
#7396=CARTESIAN_POINT('',(-15.5926555961506,37.790809980433,0.0489807328683299));
#7397=CARTESIAN_POINT('Origin',(-15.2565906166909,37.790809980433,0.419197331065572));
#7398=CARTESIAN_POINT('Origin',(-17.609045472909,37.790809980433,-2.17231885631512));
#7399=CARTESIAN_POINT('Origin',(-19.7530681896316,37.790809980433,4.50088532277027));
#7400=CARTESIAN_POINT('',(-14.0246858367075,37.790809980433,-1.37434746896434));
#7401=CARTESIAN_POINT('Origin',(-13.6886208572478,37.790809980433,-1.0041308707671));
#7402=CARTESIAN_POINT('',(-20.0891331690914,37.790809980433,4.13066872457303));
#7403=CARTESIAN_POINT('Origin',(-16.0410757134659,37.790809980433,-3.59564705814778));
#7404=CARTESIAN_POINT('',(-13.0433404858537,37.790809980433,-3.71219535343012));
#7405=CARTESIAN_POINT('Origin',(-12.5437179479184,37.790809980433,-3.73162006931051));
#7406=CARTESIAN_POINT('Origin',(-16.0410757134659,37.790809980433,-3.59564705814778));
#7407=CARTESIAN_POINT('Origin',(-2.05164465127589,37.790809980433,-4.13953910279869));
#7408=CARTESIAN_POINT('',(-6.73673946127546,37.790809980433,-14.0919200551796));
#7409=CARTESIAN_POINT('Origin',(-6.52378060627548,37.790809980433,-13.6395391027987));
#7410=CARTESIAN_POINT('Origin',(-2.05164465127589,37.790809980433,-4.13953910279869));
#7411=CARTESIAN_POINT('Origin',(-8.01449259127535,37.790809980433,-16.8062057694654));
#7412=CARTESIAN_POINT('',(-5.03306862127561,37.790809980433,-16.4728724361321));
#7413=CARTESIAN_POINT('Origin',(-4.53616462627566,37.790809980433,-16.4173168805766));
#7414=CARTESIAN_POINT('Origin',(-8.01449259127535,37.790809980433,-16.8062057694654));
#7415=CARTESIAN_POINT('Origin',(-2.05164465127588,37.790809980433,-16.1395391027989));
#7416=CARTESIAN_POINT('',(0.929779318723847,37.790809980433,-16.4728724361321));
#7417=CARTESIAN_POINT('Origin',(0.432875323723892,37.790809980433,-16.4173168805766));
#7418=CARTESIAN_POINT('Origin',(-2.05164465127588,37.790809980433,-16.1395391027989));
#7419=CARTESIAN_POINT('Origin',(3.91120328872358,37.790809980433,-16.8062057694653));
#7420=CARTESIAN_POINT('',(2.63345015872369,37.790809980433,-14.0919200551796));
#7421=CARTESIAN_POINT('Origin',(2.42049130372371,37.790809980433,-13.6395391027987));
#7422=CARTESIAN_POINT('Origin',(3.91120328872358,37.790809980433,-16.8062057694653));
#7423=CARTESIAN_POINT('Origin',(-2.05164465127589,37.790809980433,-4.13953910279869));
#7424=CARTESIAN_POINT('',(8.90991748662618,37.7908099804331,-3.22075975120677));
#7425=CARTESIAN_POINT('Origin',(8.41166466217609,37.7908099804331,-3.2625224490064));
#7426=CARTESIAN_POINT('Origin',(-2.05164465127589,37.790809980433,-4.13953910279869));
#7427=CARTESIAN_POINT('Origin',(11.8994344333267,37.7908099804331,-2.97018356440898));
#7428=CARTESIAN_POINT('',(10.1200473137322,37.7908099804331,-0.554861333603963));
#7429=CARTESIAN_POINT('Origin',(9.82348279379974,37.7908099804331,-0.152307628469793));
#7430=CARTESIAN_POINT('Origin',(11.8994344333267,37.7908099804331,-2.97018356440898));
#7431=CARTESIAN_POINT('Origin',(8.34066019413759,37.7908099804331,1.86046089720105));
#7432=CARTESIAN_POINT('',(7.1386233437326,37.7908099804331,4.60911646133935));
#7433=CARTESIAN_POINT('Origin',(7.3389628188001,37.7908099804331,4.15100720064963));
#7434=CARTESIAN_POINT('Origin',(8.34066019413759,37.7908099804331,1.86046089720105));
#7435=CARTESIAN_POINT('Origin',(5.93658649332759,37.7908099804331,7.35777202547765));
#7436=CARTESIAN_POINT('',(4.22482267662685,37.7908099804331,4.89406249798986));
#7437=CARTESIAN_POINT('Origin',(3.93952870717672,37.7908099804331,4.48344424340857));
#7438=CARTESIAN_POINT('Origin',(5.93658649332759,37.7908099804331,7.35777202547765));
#7439=CARTESIAN_POINT('Origin',(-2.05164465127589,37.790809980433,-4.13953910279869));
#7440=CARTESIAN_POINT('',(-3.53750249539897,37.790809980433,6.75964556703135));
#7441=CARTESIAN_POINT('Origin',(-3.46996350248428,37.790809980433,6.26422808203907));
#7442=CARTESIAN_POINT('Origin',(-2.05164465127589,37.790809980433,-4.13953910279869));
#7443=CARTESIAN_POINT('Origin',(-3.94273645288708,37.790809980433,9.73215047698499));
#7444=CARTESIAN_POINT('',(-5.95912632964534,37.790809980433,7.51085088780149));
#7445=CARTESIAN_POINT('Origin',(-6.29519130910505,37.790809980433,7.14063428960423));
#7446=CARTESIAN_POINT('Origin',(-3.94273645288708,37.790809980433,9.73215047698499));
#7447=CARTESIAN_POINT('Origin',(-17.9715877953402,37.790809980433,17.7399104009884));
#7448=CARTESIAN_POINT('',(-17.6355228158804,37.790809980433,18.1101269991857));
#7449=CARTESIAN_POINT('Origin',(-27.6020411347872,37.290809980433,26.4819768547042));
#7450=CARTESIAN_POINT('',(-27.2659761553274,42.790809980433,26.8521934529014));
#7451=CARTESIAN_POINT('',(-27.9722577329844,42.790809980433,26.8180418341639));
#7452=CARTESIAN_POINT('Origin',(-27.6020411347872,42.790809980433,26.4819768547042));
#7453=CARTESIAN_POINT('',(-27.9722577329844,37.290809980433,26.8180418341639));
#7454=CARTESIAN_POINT('',(-27.2659761553274,37.290809980433,26.8521934529014));
#7455=CARTESIAN_POINT('Origin',(-3.83505382638991,37.790809980433,3.55687802618303));
#7456=CARTESIAN_POINT('',(0.636875184396091,37.7908099804331,-1.1778063172272));
#7457=CARTESIAN_POINT('Origin',(0.972940163855808,37.7908099804331,-0.807589719029955));
#7458=CARTESIAN_POINT('',(-4.17111880584963,37.790809980433,3.18666142798578));
#7459=CARTESIAN_POINT('Origin',(-2.05164465127589,37.790809980433,-4.13953910279869));
#7460=CARTESIAN_POINT('',(-4.74016448694788,37.790809980433,-7.10127188837017));
#7461=CARTESIAN_POINT('Origin',(-5.07622946640761,37.790809980433,-7.4714884865674));
#7462=CARTESIAN_POINT('Origin',(-2.05164465127589,37.790809980433,-4.13953910279869));
#7463=CARTESIAN_POINT('Origin',(-24.692887384543,37.790809980433,10.3355784370341));
#7464=CARTESIAN_POINT('',(-24.3568224050833,37.790809980433,10.7057950352313));
#7465=CARTESIAN_POINT('Origin',(-34.32334072399,37.290809980433,19.07764489075));
#7466=CARTESIAN_POINT('',(-33.9872757445303,39.8040586344849,19.4478614889473));
#7467=CARTESIAN_POINT('',(-34.6935573221873,39.8040586344849,19.4137098702098));
#7468=CARTESIAN_POINT('Origin',(-34.32334072399,39.8040586344849,19.07764489075));
#7469=CARTESIAN_POINT('',(-34.6935573221873,37.290809980433,19.4137098702098));
#7470=CARTESIAN_POINT('',(-33.9872757445303,37.290809980433,19.4478614889473));
#7471=CARTESIAN_POINT('Origin',(-33.3151457856109,39.8040586344849,20.1882946853418));
#7472=CARTESIAN_POINT('',(-33.6512107650706,40.6700840382694,19.8180780871445));
#7473=CARTESIAN_POINT('',(-34.1894598529977,41.1030967401616,19.9690347675056));
#7474=CARTESIAN_POINT('Origin',(-33.8192432548005,41.1030967401616,19.6329697880459));
#7475=CARTESIAN_POINT('Origin',(-33.6853623838081,39.8040586344849,20.5243596648015));
#7476=CARTESIAN_POINT('Origin',(-33.3151457856109,39.8040586344849,20.1882946853418));
#7477=CARTESIAN_POINT('Origin',(-34.437020950821,40.5724343074526,18.9524122439943));
#7478=CARTESIAN_POINT('',(-32.2246861421555,42.790809980433,22.133472849167));
#7479=CARTESIAN_POINT('Origin',(-31.8544695439582,42.790809980433,21.7974078697073));
#7480=CARTESIAN_POINT('',(-34.8072375490182,40.5724343074526,19.2884772234541));
#7481=CARTESIAN_POINT('',(-34.2689884610911,40.1394216055604,19.137520543093));
#7482=CARTESIAN_POINT('Origin',(-31.1850756820437,43.1705105188149,22.5348269212565));
#7483=CARTESIAN_POINT('',(-31.1132588719557,42.790809980433,23.35784565879));
#7484=CARTESIAN_POINT('Origin',(-30.7430422737585,42.790809980433,23.0217806793303));
#7485=CARTESIAN_POINT('',(-28.9463010526461,40.6700840382694,25.001110461893));
#7486=CARTESIAN_POINT('',(-31.3531081717736,42.7374978169227,22.3497186221579));
#7487=CARTESIAN_POINT('',(-29.1484851611135,41.1030967401616,25.5222837404514));
#7488=CARTESIAN_POINT('Origin',(-28.7782685629163,41.1030967401616,25.1862187609917));
#7489=CARTESIAN_POINT('',(-31.555292280241,43.1705105188149,22.8708919007162));
#7490=CARTESIAN_POINT('Origin',(-29.282366032106,39.8040586344849,24.6308938636959));
#7491=CARTESIAN_POINT('',(-28.6102360731865,39.8040586344849,25.3713270600904));
#7492=CARTESIAN_POINT('',(-28.644387691924,39.8040586344849,26.0776086377473));
#7493=CARTESIAN_POINT('Origin',(-28.2741710937268,39.8040586344849,25.7415436582876));
#7494=CARTESIAN_POINT('Origin',(-29.6525826303031,39.8040586344849,24.9669588431555));
#7495=CARTESIAN_POINT('Origin',(-29.282366032106,39.8040586344849,24.6308938636959));
#7496=CARTESIAN_POINT('Origin',(-28.2741710937267,37.290809980433,25.7415436582875));
#7497=CARTESIAN_POINT('',(-28.6102360731864,37.290809980433,25.3713270600903));
#7498=CARTESIAN_POINT('',(-28.644387691924,37.290809980433,26.0776086377473));
#7499=CARTESIAN_POINT('Origin',(-33.2867354580129,42.790809980433,20.2195921292286));
#7500=CARTESIAN_POINT('',(-33.6569520562102,42.790809980433,20.5556571086883));
#7501=CARTESIAN_POINT('',(-27.6020411347872,43.290809980433,26.4819768547042));
#7502=CARTESIAN_POINT('Origin',(-27.6020411347872,42.790809980433,26.4819768547042));
#7503=CARTESIAN_POINT('',(-34.9954706829295,43.290809980433,18.3372116943335));
#7504=CARTESIAN_POINT('',(-33.2867354580129,43.290809980433,20.2195921292286));
#7505=CARTESIAN_POINT('Origin',(-34.9954706829295,42.790809980433,18.3372116943335));
#7506=CARTESIAN_POINT('',(-33.6569520562102,42.790809980433,20.5556571086883));
#7507=CARTESIAN_POINT('Origin',(-34.9954706829295,42.790809980433,18.3372116943335));
#7508=CARTESIAN_POINT('Origin',(-34.9954706829295,42.790809980433,18.3372116943335));
#7509=CARTESIAN_POINT('Origin',(-27.6020411347872,42.790809980433,26.4819768547042));
#7510=CARTESIAN_POINT('Origin',(-27.6020411347872,42.790809980433,26.4819768547042));
#7511=CARTESIAN_POINT('Origin',(-29.8287314904992,39.8040586344849,17.0234939871016));
#7512=CARTESIAN_POINT('',(-4.74016448694788,39.8040586344849,-7.10127188837017));
#7513=CARTESIAN_POINT('',(-30.5008614494186,39.8040586344849,16.2830607907071));
#7514=CARTESIAN_POINT('',(-4.40409950748814,40.6700840382694,-6.73105529017289));
#7515=CARTESIAN_POINT('Origin',(-4.06803452802841,39.8040586344849,-6.36083869197565));
#7516=CARTESIAN_POINT('',(-30.1647964699589,40.6700840382694,16.6532773889043));
#7517=CARTESIAN_POINT('Origin',(-34.3574923427275,37.290809980433,19.783926468407));
#7518=CARTESIAN_POINT('',(-4.74016448694788,37.2908099804331,-7.10127188837017));
#7519=CARTESIAN_POINT('Origin',(-2.05164465127589,37.2908099804331,-4.13953910279869));
#7520=CARTESIAN_POINT('',(0.63687518439609,39.8040586344856,-1.1778063172272));
#7521=CARTESIAN_POINT('',(0.636875184396092,37.2908099804331,-1.1778063172272));
#7522=CARTESIAN_POINT('Origin',(-2.0516446512759,39.8040586344856,-4.13953910279869));
#7523=CARTESIAN_POINT('Origin',(-8.01449259127535,37.290809980433,-16.8062057694654));
#7524=CARTESIAN_POINT('',(-6.73673946127546,38.8124767454308,-14.0919200551796));
#7525=CARTESIAN_POINT('',(-6.73673946127546,37.2908099804331,-14.0919200551796));
#7526=CARTESIAN_POINT('',(-5.82031836385066,38.790809980433,-14.7603320051032));
#7527=CARTESIAN_POINT('Ctrl Pts',(-5.82031836385066,38.7908099804331,-14.7603320051032));
#7528=CARTESIAN_POINT('Ctrl Pts',(-6.07976708163843,38.7908099804331,-14.4820764744714));
#7529=CARTESIAN_POINT('Ctrl Pts',(-6.39252744063026,38.8124767454308,-14.2539582608292));
#7530=CARTESIAN_POINT('Ctrl Pts',(-6.73673946127546,38.8124767454308,-14.0919200551796));
#7531=CARTESIAN_POINT('',(-5.03306862127561,38.7908099804331,-16.4728724361321));
#7532=CARTESIAN_POINT('Origin',(-8.01449259127535,38.790809980433,-16.8062057694654));
#7533=CARTESIAN_POINT('',(-5.03306862127561,37.2908099804331,-16.4728724361321));
#7534=CARTESIAN_POINT('Origin',(-2.05164465127589,37.2908099804331,-4.13953910279869));
#7535=CARTESIAN_POINT('',(-13.0433404858537,41.8337031992519,-3.71219535343012));
#7536=CARTESIAN_POINT('',(-13.0433404858537,37.290809980433,-3.71219535343012));
#7537=CARTESIAN_POINT('',(-12.5474628932195,39.5230430274667,-7.43162042501486));
#7538=CARTESIAN_POINT('Origin',(-2.0516446512759,48.5837031992683,-4.13953910279869));
#7539=CARTESIAN_POINT('',(-9.44507419938982,38.8124767454308,-12.2843042631379));
#7540=CARTESIAN_POINT('Ctrl Pts',(-9.44507419938982,38.8124767454308,-12.2843042631379));
#7541=CARTESIAN_POINT('Ctrl Pts',(-10.0715726830689,38.8124767454308,-11.715598805105));
#7542=CARTESIAN_POINT('Ctrl Pts',(-11.0060383133324,38.8226101475868,-10.6449372592906));
#7543=CARTESIAN_POINT('Ctrl Pts',(-11.9971614858531,38.9936498405009,-8.93774673503966));
#7544=CARTESIAN_POINT('Ctrl Pts',(-12.3967900285595,39.2801931346491,-7.91199586130546));
#7545=CARTESIAN_POINT('Ctrl Pts',(-12.5474628932195,39.5230430274667,-7.43162042501485));
#7546=CARTESIAN_POINT('Origin',(-2.0516446512759,38.8124767454308,-4.13953910279869));
#7547=CARTESIAN_POINT('Origin',(-16.0410757134659,37.290809980433,-3.59564705814778));
#7548=CARTESIAN_POINT('',(-14.0246858367075,37.290809980433,-1.37434746896434));
#7549=CARTESIAN_POINT('Origin',(-16.0410757134659,39.5837031992465,-3.59564705814778));
#7550=CARTESIAN_POINT('Origin',(-24.4778539528844,37.290809980433,8.11454023990167));
#7551=CARTESIAN_POINT('',(-15.5926555961506,37.290809980433,0.04898073286833));
#7552=CARTESIAN_POINT('',(-22.2220764087786,42.790809980433,6.06685291924369));
#7553=CARTESIAN_POINT('Origin',(-17.609045472909,37.290809980433,-2.17231885631512));
#7554=CARTESIAN_POINT('',(-19.8303450620924,38.790809980433,-0.155928979556766));
#7555=CARTESIAN_POINT('',(-19.8303450620924,37.290809980433,-0.155928979556766));
#7556=CARTESIAN_POINT('',(-17.9413036247838,38.790809980433,0.809225126340967));
#7557=CARTESIAN_POINT('Origin',(-17.609045472909,38.790809980433,-2.17231885631512));
#7558=CARTESIAN_POINT('',(-17.9413036247838,41.898735596428,0.809225126340967));
#7559=CARTESIAN_POINT('',(-17.9413036247838,37.290809980433,0.809225126340968));
#7560=CARTESIAN_POINT('Origin',(-17.609045472909,39.5837031992465,-2.17231885631512));
#7561=CARTESIAN_POINT('Origin',(-22.0516446512758,37.290809980433,1.86046089720159));
#7562=CARTESIAN_POINT('',(-24.2729442404593,38.790809980433,3.87685077395988));
#7563=CARTESIAN_POINT('',(-24.2729442404593,37.290809980433,3.87685077395988));
#7564=CARTESIAN_POINT('Origin',(-22.0516446512758,38.790809980433,1.86046089720159));
#7565=CARTESIAN_POINT('Origin',(-26.4942438296428,37.290809980433,5.89324065071818));
#7566=CARTESIAN_POINT('',(-24.4778539528844,37.290809980433,8.11454023990163));
#7567=CARTESIAN_POINT('',(-23.4945525977425,41.898735596428,5.85019981823682));
#7568=CARTESIAN_POINT('Origin',(-26.4942438296428,39.5837031992465,5.89324065071818));
#7569=CARTESIAN_POINT('',(-23.4945525977425,38.790809980433,5.85019981823682));
#7570=CARTESIAN_POINT('',(-23.4945525977425,39.290809980433,5.85019981823682));
#7571=CARTESIAN_POINT('Origin',(-26.4942438296428,38.790809980433,5.89324065071818));
#7572=CARTESIAN_POINT('Origin',(-24.4778539528844,37.290809980433,8.11454023990167));
#7573=CARTESIAN_POINT('',(-22.2220764087786,42.790809980433,6.06685291924369));
#7574=CARTESIAN_POINT('Origin',(-21.8860114293189,42.790809980433,6.43706951744093));
#7575=CARTESIAN_POINT('',(-21.8860114293189,43.290809980433,6.43706951744093));
#7576=CARTESIAN_POINT('Origin',(-15.8766984559203,43.290809980433,8.52435966477035));
#7577=CARTESIAN_POINT('',(-20.1045310350274,43.290809980433,19.676094595659));
#7578=CARTESIAN_POINT('',(1.84193242992456,43.2908099804331,0.149711339595338));
#7579=CARTESIAN_POINT('',(-14.9073337590765,43.290809980433,15.3538967412796));
#7580=CARTESIAN_POINT('',(-5.94522173247636,43.2908099804331,-8.42878954519273));
#7581=CARTESIAN_POINT('Origin',(-2.0516446512759,43.2908099804331,-4.13953910279869));
#7582=CARTESIAN_POINT('',(-19.8885133445512,43.290809980433,4.22826589756829));
#7583=CARTESIAN_POINT('',(-21.8860114293189,43.290809980433,6.43706951744093));
#7584=CARTESIAN_POINT('',(-18.8582652834168,43.290809980433,3.29305582003661));
#7585=CARTESIAN_POINT('',(-19.8885133445512,43.290809980433,4.22826589756829));
#7586=CARTESIAN_POINT('',(-20.9338389209565,43.290809980433,5.17716262471123));
#7587=CARTESIAN_POINT('Origin',(-22.0516446512758,43.290809980433,1.8604608972016));
#7588=CARTESIAN_POINT('',(-19.8885133445512,43.290809980433,4.22826589756829));
#7589=CARTESIAN_POINT('Origin',(-35.7017522605864,37.290809980433,18.303060075596));
#7590=CARTESIAN_POINT('Origin',(-35.7017522605864,37.290809980433,18.303060075596));
#7591=CARTESIAN_POINT('Origin',(-17.609045472909,38.790809980433,-2.17231885631512));
#7592=CARTESIAN_POINT('',(-20.2005616602896,39.290809980433,0.18013599990296));
#7593=CARTESIAN_POINT('Origin',(-20.2005616602896,38.790809980433,0.18013599990296));
#7594=CARTESIAN_POINT('',(-18.7859962816992,39.290809980433,1.12385874716562));
#7595=CARTESIAN_POINT('Origin',(-17.609045472909,39.290809980433,-2.17231885631512));
#7596=CARTESIAN_POINT('Ctrl Pts',(-17.9413036247838,38.790809980433,0.809225126340971));
#7597=CARTESIAN_POINT('Ctrl Pts',(-17.9425607498351,38.7918427724819,0.80908503447962));
#7598=CARTESIAN_POINT('Ctrl Pts',(-17.9438181442379,38.792875567443,0.808947327441993));
#7599=CARTESIAN_POINT('Ctrl Pts',(-18.0311467228004,38.8645892838492,0.799550944106149));
#7600=CARTESIAN_POINT('Ctrl Pts',(-18.1196013737015,38.9361887897135,0.8013394231663));
#7601=CARTESIAN_POINT('Ctrl Pts',(-18.2908554327395,39.0648577890422,0.82839902531328));
#7602=CARTESIAN_POINT('Ctrl Pts',(-18.3758305320331,39.1242723270759,0.852509626823756));
#7603=CARTESIAN_POINT('Ctrl Pts',(-18.5304283971817,39.2150072329525,0.921490880246449));
#7604=CARTESIAN_POINT('Ctrl Pts',(-18.6013943236507,39.2498394227613,0.963134754515437));
#7605=CARTESIAN_POINT('Ctrl Pts',(-18.7099832176943,39.2835019907281,1.04815274010498));
#7606=CARTESIAN_POINT('Ctrl Pts',(-18.7494709720416,39.290809980433,1.08439052532738));
#7607=CARTESIAN_POINT('Ctrl Pts',(-18.7859962816992,39.290809980433,1.12385874716563));
#7608=CARTESIAN_POINT('Origin',(-22.0516446512758,38.790809980433,1.86046089720159));
#7609=CARTESIAN_POINT('',(-23.902727642262,39.290809980433,3.54078579450017));
#7610=CARTESIAN_POINT('Origin',(-23.902727642262,38.790809980433,3.54078579450017));
#7611=CARTESIAN_POINT('Origin',(-22.0516446512758,39.290809980433,1.86046089720159));
#7612=CARTESIAN_POINT('Origin',(-26.4942438296428,38.790809980433,5.89324065071818));
#7613=CARTESIAN_POINT('',(-23.0998886726012,39.290809980433,5.03980461452932));
#7614=CARTESIAN_POINT('Ctrl Pts',(-23.0998886726012,39.290809980433,5.0398046145293));
#7615=CARTESIAN_POINT('Ctrl Pts',(-23.1426968202514,39.290809980433,5.07235152337518));
#7616=CARTESIAN_POINT('Ctrl Pts',(-23.1825754268204,39.2835019907281,5.10815873716423));
#7617=CARTESIAN_POINT('Ctrl Pts',(-23.2776737180678,39.2498394227613,5.20803826852654));
#7618=CARTESIAN_POINT('Ctrl Pts',(-23.3259702895249,39.2150072329525,5.27465520458046));
#7619=CARTESIAN_POINT('Ctrl Pts',(-23.4095457321308,39.1242723270758,5.42187632611388));
#7620=CARTESIAN_POINT('Ctrl Pts',(-23.4417424713036,39.064857789042,5.50412873393169));
#7621=CARTESIAN_POINT('Ctrl Pts',(-23.4851988745782,38.9361887896839,5.67197305416193));
#7622=CARTESIAN_POINT('Ctrl Pts',(-23.495513347726,38.8645892839099,5.7598424772088));
#7623=CARTESIAN_POINT('Ctrl Pts',(-23.4945864931503,38.7928755674444,5.84767022709344));
#7624=CARTESIAN_POINT('Ctrl Pts',(-23.4945707452893,38.7918427724818,5.84893504165946));
#7625=CARTESIAN_POINT('Ctrl Pts',(-23.4945525977425,38.790809980433,5.85019981823682));
#7626=CARTESIAN_POINT('Origin',(-26.4942438296428,39.290809980433,5.89324065071818));
#7627=CARTESIAN_POINT('Ctrl Pts',(0.609780614783898,38.7908331332731,-14.7550491774933));
#7628=CARTESIAN_POINT('Ctrl Pts',(0.310029035001646,38.7875778364092,-14.1786693966539));
#7629=CARTESIAN_POINT('Ctrl Pts',(-0.162503742410419,39.128042592059,-13.7447719960753));
#7630=CARTESIAN_POINT('Ctrl Pts',(-0.649274060000537,39.5287424995118,-13.4874922951476));
#7631=CARTESIAN_POINT('Ctrl Pts',(0.609524589090892,38.9217989141381,-14.7545622205279));
#7632=CARTESIAN_POINT('Ctrl Pts',(0.327733880413426,38.9140437245964,-14.2125701228568));
#7633=CARTESIAN_POINT('Ctrl Pts',(-0.121304348303311,39.2198032582883,-13.7757298921502));
#7634=CARTESIAN_POINT('Ctrl Pts',(-0.611069291624448,39.5980560500821,-13.5076916085646));
#7635=CARTESIAN_POINT('Ctrl Pts',(0.705422997865539,39.1828819483958,-14.7034578655917));
#7636=CARTESIAN_POINT('Ctrl Pts',(0.440428277094555,39.166548946612,-14.2119947284291));
#7637=CARTESIAN_POINT('Ctrl Pts',(-0.00185962281757338,39.4031813697158,
-13.7835374404439));
#7638=CARTESIAN_POINT('Ctrl Pts',(-0.515501823779408,39.7367530060607,-13.5119510905674));
#7639=CARTESIAN_POINT('Ctrl Pts',(0.937054893145073,39.2911689087665,-14.5824456713326));
#7640=CARTESIAN_POINT('Ctrl Pts',(0.647419265380455,39.2811583170273,-14.0761624374867));
#7641=CARTESIAN_POINT('Ctrl Pts',(0.150199590077928,39.5257536524675,-13.6823801873382));
#7642=CARTESIAN_POINT('Ctrl Pts',(-0.404209175119549,39.8427847066309,-13.4429122472739));
#7643=CARTESIAN_POINT('Ctrl Pts',(1.05349612677129,39.2908270534434,-14.52188095475));
#7644=CARTESIAN_POINT('Ctrl Pts',(0.746389457339676,39.288270873268,-13.9919057909956));
#7645=CARTESIAN_POINT('Ctrl Pts',(0.222007101274621,39.5608227996958,-13.6122044186286));
#7646=CARTESIAN_POINT('Ctrl Pts',(-0.351116238713252,39.8814054865473,-13.3940205726631));
#7647=CARTESIAN_POINT('',(1.04836011696892,39.2908099804331,-14.5147405193209));
#7648=CARTESIAN_POINT('',(-0.351737783859742,39.291563681803,-13.6679482568741));
#7649=CARTESIAN_POINT('Ctrl Pts',(-0.351066493382198,39.290809980433,-13.6690810267032));
#7650=CARTESIAN_POINT('Ctrl Pts',(-0.25394570832905,39.290809980433,-13.736405415767));
#7651=CARTESIAN_POINT('Ctrl Pts',(-0.149430858014569,39.290809980433,-13.801724941345));
#7652=CARTESIAN_POINT('Ctrl Pts',(0.0963733740602016,39.290809980433,-13.9486384965057));
#7653=CARTESIAN_POINT('Ctrl Pts',(0.226578514793115,39.2908099803882,-14.021298766079));
#7654=CARTESIAN_POINT('Ctrl Pts',(0.609425009446741,39.2908099803882,-14.2341756233874));
#7655=CARTESIAN_POINT('Ctrl Pts',(0.840713677973893,39.290809980433,-14.3618349209056));
#7656=CARTESIAN_POINT('Ctrl Pts',(1.04538657798844,39.290809980433,-14.5125440939282));
#7657=CARTESIAN_POINT('Ctrl Pts',(1.04687390850645,39.2908099804331,-14.513641565838));
#7658=CARTESIAN_POINT('Ctrl Pts',(1.04836011696453,39.2908099804331,-14.5147405193157));
#7659=CARTESIAN_POINT('',(-0.642346340217867,39.5230430274667,-13.4911663438299));
#7660=CARTESIAN_POINT('Ctrl Pts',(-0.352052451778466,39.2919169798899,-13.6674172701605));
#7661=CARTESIAN_POINT('Ctrl Pts',(-0.41294541177995,39.3385345638002,-13.6255531522774));
#7662=CARTESIAN_POINT('Ctrl Pts',(-0.474592265139682,39.3870951914768,-13.5864881566077));
#7663=CARTESIAN_POINT('Ctrl Pts',(-0.536612586102258,39.4370033548437,-13.5501998354382));
#7664=CARTESIAN_POINT('Ctrl Pts',(-0.571759867033895,39.4652866047755,-13.529635030244));
#7665=CARTESIAN_POINT('Ctrl Pts',(-0.607027157656803,39.494002623288,-13.5099610033667));
#7666=CARTESIAN_POINT('Ctrl Pts',(-0.642346340217865,39.5230430274667,-13.4911663438299));
#7667=CARTESIAN_POINT('',(-0.343306164657433,39.87659641806,-13.3974544520292));
#7668=CARTESIAN_POINT('Origin',(-0.407463288374869,39.5230430274667,-13.0497708840017));
#7669=CARTESIAN_POINT('Ctrl Pts',(-0.34330616465744,39.87659641806,-13.3974544520292));
#7670=CARTESIAN_POINT('Ctrl Pts',(-0.272418327271379,39.8369639142799,-13.4246753137731));
#7671=CARTESIAN_POINT('Ctrl Pts',(-0.202608277980701,39.7980574861709,-13.4540675444487));
#7672=CARTESIAN_POINT('Ctrl Pts',(-0.133998313141204,39.7603057904456,-13.4858035426456));
#7673=CARTESIAN_POINT('Ctrl Pts',(-0.0711353878787123,39.725716324725,-13.5148812092418));
#7674=CARTESIAN_POINT('Ctrl Pts',(-0.00927985810903283,39.6920968493657,
-13.545926193779));
#7675=CARTESIAN_POINT('Ctrl Pts',(0.051443459379276,39.6597907690082,-13.5790360077473));
#7676=CARTESIAN_POINT('Ctrl Pts',(0.110765120955693,39.6282303990366,-13.611381559017));
#7677=CARTESIAN_POINT('Ctrl Pts',(0.169006496194113,39.5979239016117,-13.6456977790865));
#7678=CARTESIAN_POINT('Ctrl Pts',(0.226017818951857,39.5691981223539,-13.6820413744786));
#7679=CARTESIAN_POINT('Ctrl Pts',(0.281875803634365,39.5410534651146,-13.7176497395632));
#7680=CARTESIAN_POINT('Ctrl Pts',(0.33655317910434,39.5144266154756,-13.7552043159532));
#7681=CARTESIAN_POINT('Ctrl Pts',(0.38987343064496,39.4896255483896,-13.794724501224));
#7682=CARTESIAN_POINT('Ctrl Pts',(0.442261248372738,39.4652581880637,-13.8335535802833));
#7683=CARTESIAN_POINT('Ctrl Pts',(0.493339095548408,39.4426536966493,-13.874280139433));
#7684=CARTESIAN_POINT('Ctrl Pts',(0.542902701385149,39.4220989799118,-13.9168890957917));
#7685=CARTESIAN_POINT('Ctrl Pts',(0.592516375127865,39.4015234993174,-13.9595410946447));
#7686=CARTESIAN_POINT('Ctrl Pts',(0.64061288540573,39.3830023583233,-14.004079398675));
#7687=CARTESIAN_POINT('Ctrl Pts',(0.686948104015547,39.3668120464179,-14.0504539908815));
#7688=CARTESIAN_POINT('Ctrl Pts',(0.731755398362169,39.3511556171861,-14.0952993604632));
#7689=CARTESIAN_POINT('Ctrl Pts',(0.774915478950248,39.3376791324391,-14.1418618024059));
#7690=CARTESIAN_POINT('Ctrl Pts',(0.816171486169267,39.3266168965898,-14.1900638420252));
#7691=CARTESIAN_POINT('Ctrl Pts',(0.857079366820786,39.3156480061333,-14.237859143045));
#7692=CARTESIAN_POINT('Ctrl Pts',(0.896115079753501,39.3070531298791,-14.2872665056973));
#7693=CARTESIAN_POINT('Ctrl Pts',(0.932993806101937,39.3010401799058,-14.3381786238113));
#7694=CARTESIAN_POINT('Ctrl Pts',(0.969528847718444,39.2950832665504,-14.3886162754944));
#7695=CARTESIAN_POINT('Ctrl Pts',(1.00394674470114,39.2916606871934,-14.4405307733017));
#7696=CARTESIAN_POINT('Ctrl Pts',(1.0359386479497,39.2909495988773,-14.4937862939481));
#7697=CARTESIAN_POINT('Ctrl Pts',(1.04012088274147,39.2908566397847,-14.5007482770965));
#7698=CARTESIAN_POINT('Ctrl Pts',(1.04426161509537,39.2908099804331,-14.5077331334861));
#7699=CARTESIAN_POINT('Ctrl Pts',(1.04836011696765,39.2908099804331,-14.5147405193216));
#7700=CARTESIAN_POINT('Ctrl Pts',(-0.624175470276781,39.5079857348975,-13.5009202869023));
#7701=CARTESIAN_POINT('Ctrl Pts',(-0.962409692656907,39.7904462690805,-13.317775850402));
#7702=CARTESIAN_POINT('Ctrl Pts',(-1.65648371180554,40.1673952561182,-13.0892292627044));
#7703=CARTESIAN_POINT('Ctrl Pts',(-2.74471730693477,40.0267163771553,-13.1735392054753));
#7704=CARTESIAN_POINT('Ctrl Pts',(-3.25121776036412,39.6979013870965,-13.3777702356467));
#7705=CARTESIAN_POINT('Ctrl Pts',(-3.47913007993115,39.5079886047392,-13.5009188649446));
#7706=CARTESIAN_POINT('Ctrl Pts',(-0.54677601130839,39.647892571181,-13.542822614753));
#7707=CARTESIAN_POINT('Ctrl Pts',(-0.897730269096205,39.9257791887814,-13.3393816416542));
#7708=CARTESIAN_POINT('Ctrl Pts',(-1.6312087853302,40.2971680876427,-13.0821349953351));
#7709=CARTESIAN_POINT('Ctrl Pts',(-2.78850811700651,40.1585365165351,-13.1772500531041));
#7710=CARTESIAN_POINT('Ctrl Pts',(-3.3200143909992,39.8347323646168,-13.4060272064617));
#7711=CARTESIAN_POINT('Ctrl Pts',(-3.55653147488292,39.6478954163284,-13.5428209351842));
#7712=CARTESIAN_POINT('Ctrl Pts',(-0.428668232794585,39.7856588397246,-13.5066661830637));
#7713=CARTESIAN_POINT('Ctrl Pts',(-0.810012089170453,40.0599130128551,-13.2932641170137));
#7714=CARTESIAN_POINT('Ctrl Pts',(-1.60019347036433,40.4264619260918,-13.0257606929425));
#7715=CARTESIAN_POINT('Ctrl Pts',(-2.84314951568137,40.2896386309023,-13.1245196886252));
#7716=CARTESIAN_POINT('Ctrl Pts',(-3.41766077387081,39.9700562447732,-13.3631711374694));
#7717=CARTESIAN_POINT('Ctrl Pts',(-3.67464011581733,39.7856616509098,-13.5066644913538));
#7718=CARTESIAN_POINT('Ctrl Pts',(-0.320468445953927,39.8621908502454,-13.4078626236048));
#7719=CARTESIAN_POINT('Ctrl Pts',(-0.728634031068849,40.1447214183236,-13.1967030239066));
#7720=CARTESIAN_POINT('Ctrl Pts',(-1.57077583819649,40.5217591548936,-12.9346801193754));
#7721=CARTESIAN_POINT('Ctrl Pts',(-2.8947199471901,40.3810473744582,-13.0312322120536));
#7722=CARTESIAN_POINT('Ctrl Pts',(-3.50779003727444,40.052153595715,-13.2658738363641));
#7723=CARTESIAN_POINT('Ctrl Pts',(-3.78284113061333,39.8621937205875,-13.4078610155172));
#7724=CARTESIAN_POINT('',(-3.46094296233385,39.5230430274667,-13.4911663438299));
#7725=CARTESIAN_POINT('',(-3.75998313789429,39.87659641806,-13.3974544520292));
#7726=CARTESIAN_POINT('Origin',(-3.69582601417685,39.5230430274667,-13.0497708840017));
#7727=CARTESIAN_POINT('Ctrl Pts',(-3.75998313789429,39.87659641806,-13.3974544520292));
#7728=CARTESIAN_POINT('Ctrl Pts',(-3.69262131925278,39.9225083674943,-13.3631974840442));
#7729=CARTESIAN_POINT('Ctrl Pts',(-3.62305307934334,39.9669261399503,-13.3302845077735));
#7730=CARTESIAN_POINT('Ctrl Pts',(-3.55137643270287,40.0092952591811,-13.299087132314));
#7731=CARTESIAN_POINT('Ctrl Pts',(-3.48575711724094,40.0480838009303,-13.2705262199694));
#7732=CARTESIAN_POINT('Ctrl Pts',(-3.41837046832913,40.0851553182071,-13.2434032361673));
#7733=CARTESIAN_POINT('Ctrl Pts',(-3.34924338847167,40.1200843644716,-13.2179996463534));
#7734=CARTESIAN_POINT('Ctrl Pts',(-3.28174957671695,40.1541881408527,-13.1931962681068));
#7735=CARTESIAN_POINT('Ctrl Pts',(-3.2125968212805,40.1862494907007,-13.1700321258222));
#7736=CARTESIAN_POINT('Ctrl Pts',(-3.14176136005574,40.2158724167108,-13.1487642274746));
#7737=CARTESIAN_POINT('Ctrl Pts',(-3.07307665653294,40.2445959099344,-13.1281420804977));
#7738=CARTESIAN_POINT('Ctrl Pts',(-3.00280997835876,40.271026805739,-13.1093029356861));
#7739=CARTESIAN_POINT('Ctrl Pts',(-2.93089104495233,40.2948040933734,-13.0924742471863));
#7740=CARTESIAN_POINT('Ctrl Pts',(-2.9040120630823,40.3036906167542,-13.086184693217));
#7741=CARTESIAN_POINT('Ctrl Pts',(-2.87690178594085,40.3122064799413,-13.080175880253));
#7742=CARTESIAN_POINT('Ctrl Pts',(-2.8495546805579,40.3203328365147,-13.0744593472734));
#7743=CARTESIAN_POINT('Ctrl Pts',(-2.78281913822882,40.3401637036389,-13.0605092080066));
#7744=CARTESIAN_POINT('Ctrl Pts',(-2.71468859463659,40.3576235747359,-13.0483465152526));
#7745=CARTESIAN_POINT('Ctrl Pts',(-2.64559716968518,40.3726029496802,-13.0379455359548));
#7746=CARTESIAN_POINT('Ctrl Pts',(-2.57546635358592,40.3878076699511,-13.0273880873727));
#7747=CARTESIAN_POINT('Ctrl Pts',(-2.50434517989576,40.4004567009862,-13.0186455285334));
#7748=CARTESIAN_POINT('Ctrl Pts',(-2.4326577258362,40.41043552608,-13.0117360960427));
#7749=CARTESIAN_POINT('Ctrl Pts',(-2.36028420329454,40.4205098512508,-13.0047605383991));
#7750=CARTESIAN_POINT('Ctrl Pts',(-2.28733307493699,40.427862616718,-12.9996532487194));
#7751=CARTESIAN_POINT('Ctrl Pts',(-2.21421640096318,40.4323759863415,-12.9964811966743));
#7752=CARTESIAN_POINT('Ctrl Pts',(-2.13972469758812,40.4369742342232,-12.9932494911387));
#7753=CARTESIAN_POINT('Ctrl Pts',(-2.0650606569292,40.4386252869271,-12.9920263690609));
#7754=CARTESIAN_POINT('Ctrl Pts',(-1.99064201507449,40.4372045344404,-12.9929343877768));
#7755=CARTESIAN_POINT('Ctrl Pts',(-1.92104803501604,40.4358758912703,-12.9937835384041));
#7756=CARTESIAN_POINT('Ctrl Pts',(-1.85166806820524,40.431860830408,-12.9964969992803));
#7757=CARTESIAN_POINT('Ctrl Pts',(-1.78283644989323,40.425057440459,-13.0012155949367));
#7758=CARTESIAN_POINT('Ctrl Pts',(-1.70576473440387,40.4174395905905,-13.0064990717873));
#7759=CARTESIAN_POINT('Ctrl Pts',(-1.62961347861917,40.4063530727459,-13.0142795144566));
#7760=CARTESIAN_POINT('Ctrl Pts',(-1.55441588326989,40.3921320326657,-13.0243144387729));
#7761=CARTESIAN_POINT('Ctrl Pts',(-1.47962674312825,40.3779882378465,-13.0342948557997));
#7762=CARTESIAN_POINT('Ctrl Pts',(-1.40578090991358,40.3607438802488,-13.0465051838361));
#7763=CARTESIAN_POINT('Ctrl Pts',(-1.33296073808262,40.3407276901379,-13.0607198787028));
#7764=CARTESIAN_POINT('Ctrl Pts',(-1.2602646037058,40.3207455943885,-13.0749103611224));
#7765=CARTESIAN_POINT('Ctrl Pts',(-1.18859065095049,40.2980011008259,-13.0910982702049));
#7766=CARTESIAN_POINT('Ctrl Pts',(-1.11807058660876,40.2728212627577,-13.1090742065984));
#7767=CARTESIAN_POINT('Ctrl Pts',(-1.04718242425738,40.247509991907,-13.1271439731162));
#7768=CARTESIAN_POINT('Ctrl Pts',(-0.977460239883089,40.219737886356,-13.1470203925524));
#7769=CARTESIAN_POINT('Ctrl Pts',(-0.909088055952648,40.1898371476136,-13.1685075339428));
#7770=CARTESIAN_POINT('Ctrl Pts',(-0.840266586692011,40.159739925996,-13.1901358710193));
#7771=CARTESIAN_POINT('Ctrl Pts',(-0.772812974859357,40.1274860040456,-13.2133961372233));
#7772=CARTESIAN_POINT('Ctrl Pts',(-0.706965164882334,40.0934141752578,-13.2381063898131));
#7773=CARTESIAN_POINT('Ctrl Pts',(-0.639886532201729,40.0587054782062,-13.2632785247329));
#7774=CARTESIAN_POINT('Ctrl Pts',(-0.574474306991748,40.0221102787846,-13.2899553744056));
#7775=CARTESIAN_POINT('Ctrl Pts',(-0.511031642671096,39.9839867259265,-13.3179632948235));
#7776=CARTESIAN_POINT('Ctrl Pts',(-0.453410262202242,39.9493612610665,-13.3434013033911));
#7777=CARTESIAN_POINT('Ctrl Pts',(-0.397414335321101,39.9134750482038,-13.3699376493725));
#7778=CARTESIAN_POINT('Ctrl Pts',(-0.343306164657435,39.87659641806,-13.3974544520292));
#7779=CARTESIAN_POINT('Ctrl Pts',(-0.642346340217867,39.5230430274667,-13.4911663438299));
#7780=CARTESIAN_POINT('Ctrl Pts',(-0.977377322671547,39.7985147240726,-13.312883813123));
#7781=CARTESIAN_POINT('Ctrl Pts',(-1.66482132662517,40.1663174302623,-13.0898752120956));
#7782=CARTESIAN_POINT('Ctrl Pts',(-2.73637969211514,40.0277942030112,-13.1728932560841));
#7783=CARTESIAN_POINT('Ctrl Pts',(-3.2375889740314,39.706690825204,-13.3723113233586));
#7784=CARTESIAN_POINT('Ctrl Pts',(-3.46094296233385,39.5230430274667,-13.4911663438299));
#7785=CARTESIAN_POINT('Ctrl Pts',(-3.45401519452641,39.528742539044,-13.4874922697721));
#7786=CARTESIAN_POINT('Ctrl Pts',(-3.94078522536406,39.1280428645715,-13.7447718059405));
#7787=CARTESIAN_POINT('Ctrl Pts',(-4.4133182721541,38.7875778083393,-14.1786692325742));
#7788=CARTESIAN_POINT('Ctrl Pts',(-4.71306995228778,38.790833133656,-14.7550492447111));
#7789=CARTESIAN_POINT('Ctrl Pts',(-3.49221996260512,39.598056087401,-13.5076915821278));
#7790=CARTESIAN_POINT('Ctrl Pts',(-3.9819846194193,39.2198035143257,-13.7757296950844));
#7791=CARTESIAN_POINT('Ctrl Pts',(-4.4310231220019,38.9140436976343,-14.2125699707699));
#7792=CARTESIAN_POINT('Ctrl Pts',(-4.71281392450082,38.9217989150458,-14.7545622837368));
#7793=CARTESIAN_POINT('Ctrl Pts',(-3.58778774796406,39.7367523794801,-13.5119495904714));
#7794=CARTESIAN_POINT('Ctrl Pts',(-4.10142959289768,39.4031809962311,-13.7835357860735));
#7795=CARTESIAN_POINT('Ctrl Pts',(-4.5437238573645,39.1665417772103,-14.2119912865485));
#7796=CARTESIAN_POINT('Ctrl Pts',(-4.80871860661977,39.1828748680321,-14.7034546337488));
#7797=CARTESIAN_POINT('Ctrl Pts',(-3.69908007370621,39.842784740919,-13.4429122258004));
#7798=CARTESIAN_POINT('Ctrl Pts',(-4.2534885160972,39.5257538692821,-13.6823800126951));
#7799=CARTESIAN_POINT('Ctrl Pts',(-4.75070849758652,39.2811583111978,-14.0761622994234));
#7800=CARTESIAN_POINT('Ctrl Pts',(-5.04034421939961,39.2911689268299,-14.5824457356609));
#7801=CARTESIAN_POINT('Ctrl Pts',(-3.75217300967161,39.8814055198999,-13.3940205489444));
#7802=CARTESIAN_POINT('Ctrl Pts',(-4.32529601524484,39.5608230192996,-13.6122042534356));
#7803=CARTESIAN_POINT('Ctrl Pts',(-4.84967870070726,39.2882708510839,-13.9919056348377));
#7804=CARTESIAN_POINT('Ctrl Pts',(-5.15678547038863,39.2908270536794,-14.5218810138214));
#7805=CARTESIAN_POINT('',(-3.75155151826214,39.2915636843669,-13.6679482582669));
#7806=CARTESIAN_POINT('',(-5.15164942033099,39.2908099804331,-14.5147405199698));
#7807=CARTESIAN_POINT('Ctrl Pts',(-5.15164941955566,39.2908099804331,-14.5147405193857));
#7808=CARTESIAN_POINT('Ctrl Pts',(-5.15016325679795,39.2908099804331,-14.5136415756351));
#7809=CARTESIAN_POINT('Ctrl Pts',(-5.14867596943379,39.290809980433,-14.5125441114369));
#7810=CARTESIAN_POINT('Ctrl Pts',(-4.94401849878961,39.290809980433,-14.3618429721987));
#7811=CARTESIAN_POINT('Ctrl Pts',(-4.71409840633545,39.2908099803892,-14.2349403078748));
#7812=CARTESIAN_POINT('Ctrl Pts',(-4.33070789986377,39.2908099803892,-14.0217612462991));
#7813=CARTESIAN_POINT('Ctrl Pts',(-4.19938732582303,39.290809980433,-13.9484810498476));
#7814=CARTESIAN_POINT('Ctrl Pts',(-3.95361776393843,39.290809980433,-13.8015739136029));
#7815=CARTESIAN_POINT('Ctrl Pts',(-3.84923486589546,39.290809980433,-13.7363300578755));
#7816=CARTESIAN_POINT('Ctrl Pts',(-3.75222280885466,39.290809980433,-13.669081035149));
#7817=CARTESIAN_POINT('Ctrl Pts',(-5.15164942000872,39.2908099804331,-14.5147405201583));
#7818=CARTESIAN_POINT('Ctrl Pts',(-5.12028597904634,39.2908099804045,-14.4611170892112));
#7819=CARTESIAN_POINT('Ctrl Pts',(-5.0864520169278,39.2935446710785,-14.4088155911947));
#7820=CARTESIAN_POINT('Ctrl Pts',(-5.05046073620869,39.298840320253,-14.3579761628227));
#7821=CARTESIAN_POINT('Ctrl Pts',(-5.01416535691364,39.3041807135805,-14.3067071804737));
#7822=CARTESIAN_POINT('Ctrl Pts',(-4.97567623237442,39.3121252101884,-14.2569250676391));
#7823=CARTESIAN_POINT('Ctrl Pts',(-4.93528205961399,39.3224692858192,-14.2087411035997));
#7824=CARTESIAN_POINT('Ctrl Pts',(-4.89420331258512,39.3329886661419,-14.1597405489562));
#7825=CARTESIAN_POINT('Ctrl Pts',(-4.85115455642912,39.3459893271281,-14.112392799357));
#7826=CARTESIAN_POINT('Ctrl Pts',(-4.80640325918282,39.3612338257201,-14.0667812796728));
#7827=CARTESIAN_POINT('Ctrl Pts',(-4.76107405638086,39.3766751874416,-14.0205807457645));
#7828=CARTESIAN_POINT('Ctrl Pts',(-4.71399810786313,39.3944183455186,-13.9761615697707));
#7829=CARTESIAN_POINT('Ctrl Pts',(-4.66541501951333,39.4141990918272,-13.9335760966875));
#7830=CARTESIAN_POINT('Ctrl Pts',(-4.61608970814689,39.4342820364047,-13.8903400285234));
#7831=CARTESIAN_POINT('Ctrl Pts',(-4.56521083346127,39.4564649148246,-13.8489941134137));
#7832=CARTESIAN_POINT('Ctrl Pts',(-4.51298960185753,39.4804591256835,-13.8095579978825));
#7833=CARTESIAN_POINT('Ctrl Pts',(-4.45983698130219,39.5048812839923,-13.7694185216459));
#7834=CARTESIAN_POINT('Ctrl Pts',(-4.40529359552265,39.5311795558097,-13.731257561898));
#7835=CARTESIAN_POINT('Ctrl Pts',(-4.34954237106957,39.5590432726207,-13.6950598410442));
#7836=CARTESIAN_POINT('Ctrl Pts',(-4.29203440434687,39.5877849857374,-13.6577215162501));
#7837=CARTESIAN_POINT('Ctrl Pts',(-4.23324116306907,39.6181919128723,-13.6224721367548));
#7838=CARTESIAN_POINT('Ctrl Pts',(-4.17332297998847,39.6499229435756,-13.5892567059487));
#7839=CARTESIAN_POINT('Ctrl Pts',(-4.11215791884017,39.6823142867954,-13.5553500727387));
#7840=CARTESIAN_POINT('Ctrl Pts',(-4.04982030886757,39.7160849572768,-13.523562836342));
#7841=CARTESIAN_POINT('Ctrl Pts',(-3.98644253297503,39.7508789252287,-13.4937977478857));
#7842=CARTESIAN_POINT('Ctrl Pts',(-3.92101762180948,39.7867967565235,-13.4630712315215));
#7843=CARTESIAN_POINT('Ctrl Pts',(-3.85448390290838,39.8238045629995,-13.43449952117));
#7844=CARTESIAN_POINT('Ctrl Pts',(-3.78695176153544,39.8615253268205,-13.4079359452946));
#7845=CARTESIAN_POINT('Ctrl Pts',(-3.77797981398778,39.8665366992956,-13.404406855226));
#7846=CARTESIAN_POINT('Ctrl Pts',(-3.76899019953044,39.871560682488,-13.4009131550812));
#7847=CARTESIAN_POINT('Ctrl Pts',(-3.75998313789428,39.87659641806,-13.3974544520292));
#7848=CARTESIAN_POINT('Ctrl Pts',(-3.46094296233385,39.5230430274667,-13.4911663438299));
#7849=CARTESIAN_POINT('Ctrl Pts',(-3.52326647844161,39.4717989168626,-13.5243310204006));
#7850=CARTESIAN_POINT('Ctrl Pts',(-3.58542895791036,39.421564852144,-13.560236693021));
#7851=CARTESIAN_POINT('Ctrl Pts',(-3.64705407323464,39.3729363402324,-13.5989350847896));
#7852=CARTESIAN_POINT('Ctrl Pts',(-3.68197758530222,39.3453781212556,-13.620865814571));
#7853=CARTESIAN_POINT('Ctrl Pts',(-3.71672832262538,39.3183355402938,-13.6436925392278));
#7854=CARTESIAN_POINT('Ctrl Pts',(-3.75123685187029,39.2919169818808,-13.6674172709147));
#7855=CARTESIAN_POINT('Origin',(-2.05164465127586,39.290809980433,-16.1395391027989));
#7856=CARTESIAN_POINT('Origin',(-2.05164465127586,39.290809980433,-16.1395391027989));
#7857=CARTESIAN_POINT('Ctrl Pts',(5.81094089148563,38.7908331019312,3.47307277210666));
#7858=CARTESIAN_POINT('Ctrl Pts',(5.46165063113771,38.7875800319924,2.92527745031596));
#7859=CARTESIAN_POINT('Ctrl Pts',(5.32216165556765,39.1280418874373,2.29912349833176));
#7860=CARTESIAN_POINT('Ctrl Pts',(5.34273479199983,39.5287386358277,1.74893135505327));
#7861=CARTESIAN_POINT('Ctrl Pts',(5.81064737925028,38.9217988413991,3.47260787103414));
#7862=CARTESIAN_POINT('Ctrl Pts',(5.48215752731425,38.9140455744732,2.95756161142799));
#7863=CARTESIAN_POINT('Ctrl Pts',(5.32837234023166,39.2198026947917,2.3502820087445));
#7864=CARTESIAN_POINT('Ctrl Pts',(5.34112560181267,39.5980524028328,1.79211738865799));
#7865=CARTESIAN_POINT('Ctrl Pts',(5.71845178370911,39.1828944893019,3.53009958565563));
#7866=CARTESIAN_POINT('Ctrl Pts',(5.42532394705438,39.1665629298812,3.05486415809084));
#7867=CARTESIAN_POINT('Ctrl Pts',(5.27541407974502,39.4031820412802,2.45762862508128));
#7868=CARTESIAN_POINT('Ctrl Pts',(5.2970332448436,39.7367508896474,1.87701197625025));
#7869=CARTESIAN_POINT('Ctrl Pts',(5.49782554302513,39.2911686296849,3.67019907285309));
#7870=CARTESIAN_POINT('Ctrl Pts',(5.20418390237386,39.281159505583,3.1662134297299));
#7871=CARTESIAN_POINT('Ctrl Pts',(5.11177719583656,39.5257530749141,2.53873631649978));
#7872=CARTESIAN_POINT('Ctrl Pts',(5.18159458368005,39.8427814923991,1.93887413395424));
#7873=CARTESIAN_POINT('Ctrl Pts',(5.38715441979047,39.2908270303966,3.74075741301595));
#7874=CARTESIAN_POINT('Ctrl Pts',(5.08173052195494,39.2882726011405,3.20979497326642));
#7875=CARTESIAN_POINT('Ctrl Pts',(5.01509957161757,39.5608220815786,2.56583565543326));
#7876=CARTESIAN_POINT('Ctrl Pts',(5.11270655367811,39.8814022265171,1.96040817986297));
#7877=CARTESIAN_POINT('',(5.38354096069644,39.2908099804331,3.7327444866343));
#7878=CARTESIAN_POINT('',(5.35024602523554,39.2915631291493,2.09682731799037));
#7879=CARTESIAN_POINT('Ctrl Pts',(5.3508907026707,39.290809980433,2.09797422350825));
#7880=CARTESIAN_POINT('Ctrl Pts',(5.3606329274231,39.290809980433,2.2157252011484));
#7881=CARTESIAN_POINT('Ctrl Pts',(5.36494439074941,39.290809980433,2.33887599756488));
#7882=CARTESIAN_POINT('Ctrl Pts',(5.36927778527616,39.290809980433,2.62523704769424));
#7883=CARTESIAN_POINT('Ctrl Pts',(5.36709507827801,39.2908099803881,2.774748728362));
#7884=CARTESIAN_POINT('Ctrl Pts',(5.35998386678205,39.2908099803881,3.21565512182032));
#7885=CARTESIAN_POINT('Ctrl Pts',(5.35495462876057,39.290809980433,3.47654004238664));
#7886=CARTESIAN_POINT('Ctrl Pts',(5.38312557302482,39.290809980433,3.72907087119214));
#7887=CARTESIAN_POINT('Ctrl Pts',(5.38333234458891,39.2908099804331,3.73090779392056));
#7888=CARTESIAN_POINT('Ctrl Pts',(5.38354096068864,39.2908099804331,3.73274448660916));
#7889=CARTESIAN_POINT('',(5.34245295065078,39.5230430274667,1.75676265660349));
#7890=CARTESIAN_POINT('Ctrl Pts',(5.34994375134672,39.2919162626373,2.09628956132001));
#7891=CARTESIAN_POINT('Ctrl Pts',(5.34413434569533,39.3385382713984,2.02261622279961));
#7892=CARTESIAN_POINT('Ctrl Pts',(5.34112647658944,39.3871036941742,1.94968957428883));
#7893=CARTESIAN_POINT('Ctrl Pts',(5.34071046310577,39.4370168509077,1.87782785669169));
#7894=CARTESIAN_POINT('Ctrl Pts',(5.34047476573661,39.4652957413539,1.83711374898534));
#7895=CARTESIAN_POINT('Ctrl Pts',(5.34107023203143,39.4940072440642,1.79674093353791));
#7896=CARTESIAN_POINT('Ctrl Pts',(5.34245295065078,39.5230430274667,1.75676265660349));
#7897=CARTESIAN_POINT('',(5.11177598393445,39.87659641806,1.96888309949067));
#7898=CARTESIAN_POINT('Origin',(4.84275174340297,39.5230430274667,1.7394796165039));
#7899=CARTESIAN_POINT('Ctrl Pts',(5.11177598393444,39.87659641806,1.96888309949066));
#7900=CARTESIAN_POINT('Ctrl Pts',(5.09990602879372,39.8369639335426,2.04388416190539));
#7901=CARTESIAN_POINT('Ctrl Pts',(5.0904553200405,39.798057702974,2.11903736013052));
#7902=CARTESIAN_POINT('Ctrl Pts',(5.0836343312653,39.7603062749428,2.19432301352565));
#7903=CARTESIAN_POINT('Ctrl Pts',(5.07738428754895,39.7257147980579,2.26330694539254));
#7904=CARTESIAN_POINT('Ctrl Pts',(5.07334190643352,39.6920934967104,2.33240201644152));
#7905=CARTESIAN_POINT('Ctrl Pts',(5.07165410115819,39.6597857735485,2.40154891478497));
#7906=CARTESIAN_POINT('Ctrl Pts',(5.07000526643273,39.6282240189854,2.46909924704991));
#7907=CARTESIAN_POINT('Ctrl Pts',(5.07060345529842,39.5979162941739,2.53669929779962));
#7908=CARTESIAN_POINT('Ctrl Pts',(5.07357271542488,39.5691894542742,2.60424774742457));
#7909=CARTESIAN_POINT('Ctrl Pts',(5.07648188519959,39.5410439733125,2.67042918643918));
#7910=CARTESIAN_POINT('Ctrl Pts',(5.08166706832761,39.5144164366868,2.73656126365198));
#7911=CARTESIAN_POINT('Ctrl Pts',(5.08923337285232,39.489614840413,2.80250084099981));
#7912=CARTESIAN_POINT('Ctrl Pts',(5.09666730054797,39.4652471622639,2.86728676769428));
#7913=CARTESIAN_POINT('Ctrl Pts',(5.10639972358747,39.4426424760449,2.93188696942828));
#7914=CARTESIAN_POINT('Ctrl Pts',(5.11851976229889,39.4220877201951,2.99611703090114));
#7915=CARTESIAN_POINT('Ctrl Pts',(5.13065085338348,39.4015142202771,3.06040566434929));
#7916=CARTESIAN_POINT('Ctrl Pts',(5.14517393651396,39.3829948123003,3.12432365316166));
#7917=CARTESIAN_POINT('Ctrl Pts',(5.16216778201047,39.3668059591809,3.18763466449367));
#7918=CARTESIAN_POINT('Ctrl Pts',(5.17860249319918,39.3511497543774,3.24886260648717));
#7919=CARTESIAN_POINT('Ctrl Pts',(5.19734804443386,39.3376735681514,3.3095226592378));
#7920=CARTESIAN_POINT('Ctrl Pts',(5.21846580322329,39.3266117596555,3.36935367482162));
#7921=CARTESIAN_POINT('Ctrl Pts',(5.23940516356246,39.3156433990257,3.4286792503839));
#7922=CARTESIAN_POINT('Ctrl Pts',(5.26267688277215,39.30704913336,3.48718966549183));
#7923=CARTESIAN_POINT('Ctrl Pts',(5.28833046448586,39.3010369428082,3.54458464248946));
#7924=CARTESIAN_POINT('Ctrl Pts',(5.31374460515667,39.2950808678193,3.6014439160012));
#7925=CARTESIAN_POINT('Ctrl Pts',(5.34149644583393,39.2916591997369,3.65720832917008));
#7926=CARTESIAN_POINT('Ctrl Pts',(5.37162279794792,39.290949174305,3.71154253784431));
#7927=CARTESIAN_POINT('Ctrl Pts',(5.37555505963078,39.2908564977742,3.71863454573262));
#7928=CARTESIAN_POINT('Ctrl Pts',(5.37952775854891,39.290809980433,3.72570212819601));
#7929=CARTESIAN_POINT('Ctrl Pts',(5.38354096070144,39.2908099804331,3.73274448663146));
#7930=CARTESIAN_POINT('Ctrl Pts',(5.34181477173476,39.5079883223367,1.77737254224071));
#7931=CARTESIAN_POINT('Ctrl Pts',(5.35232482476127,39.7904508697278,1.39287736106994));
#7932=CARTESIAN_POINT('Ctrl Pts',(5.50143257476415,40.1673825250354,0.677539008323088));
#7933=CARTESIAN_POINT('Ctrl Pts',(6.11854930697147,40.0267140435968,-0.222730714599911));
#7934=CARTESIAN_POINT('Ctrl Pts',(6.54868082816714,39.6979049747815,-0.55928198439307));
#7935=CARTESIAN_POINT('Ctrl Pts',(6.76928772475313,39.5079911938618,-0.695085986453357));
#7936=CARTESIAN_POINT('Ctrl Pts',(5.33940342534013,39.6478950508988,1.86535337156329));
#7937=CARTESIAN_POINT('Ctrl Pts',(5.33869598100527,39.9257835664097,1.45969366707892));
#7938=CARTESIAN_POINT('Ctrl Pts',(5.48265921167437,40.2971593787577,0.69588842278615));
#7939=CARTESIAN_POINT('Ctrl Pts',(6.14366280523758,40.1585368151133,-0.258793022970546));
#7940=CARTESIAN_POINT('Ctrl Pts',(6.60754991749756,39.8347357561815,-0.604733220371762));
#7941=CARTESIAN_POINT('Ctrl Pts',(6.84427642820056,39.6478978983781,-0.741166487887471));
#7942=CARTESIAN_POINT('Ctrl Pts',(5.24903729461447,39.7856612209021,1.949559165766));
#7943=CARTESIAN_POINT('Ctrl Pts',(5.25489816935726,40.0599172378859,1.5126005259547));
#7944=CARTESIAN_POINT('Ctrl Pts',(5.41832981163025,40.4264546313446,0.69456126579111));
#7945=CARTESIAN_POINT('Ctrl Pts',(6.12531638015234,40.2896397956337,-0.33247750079663));
#7946=CARTESIAN_POINT('Ctrl Pts',(6.61925840724032,39.970059500359,-0.710725155324887));
#7947=CARTESIAN_POINT('Ctrl Pts',(6.87201813911426,39.785664034628,-0.861529500932275));
#7948=CARTESIAN_POINT('Ctrl Pts',(5.10937126016797,39.8621933264844,1.99386096194275));
#7949=CARTESIAN_POINT('Ctrl Pts',(5.13058535981793,40.1447258971544,1.53479516536315));
#7950=CARTESIAN_POINT('Ctrl Pts',(5.32473382136189,40.5217462370946,0.674493079652552));
#7951=CARTESIAN_POINT('Ctrl Pts',(6.07030537761031,40.3810448763938,-0.423784205258631));
#7952=CARTESIAN_POINT('Ctrl Pts',(6.5800612068889,40.0521570651632,-0.837427565535476));
#7953=CARTESIAN_POINT('Ctrl Pts',(6.84055228618774,39.8621961985025,-1.00463575287521));
#7954=CARTESIAN_POINT('',(6.75175126170881,39.5230430274667,-0.684213621170183));
#7955=CARTESIAN_POINT('',(6.82011447055293,39.87659641806,-0.990045955858048));
#7956=CARTESIAN_POINT('Origin',(6.48693310630401,39.5230430274667,-1.10832604089872));
#7957=CARTESIAN_POINT('Ctrl Pts',(6.82011447055293,39.87659641806,-0.990045955858048));
#7958=CARTESIAN_POINT('Ctrl Pts',(6.75676551583552,39.9225088319639,-0.948836976774326));
#7959=CARTESIAN_POINT('Ctrl Pts',(6.69347708340313,39.966926937641,-0.9050442756705));
#7960=CARTESIAN_POINT('Ctrl Pts',(6.63062010141472,40.0092962635624,-0.858567350245879));
#7961=CARTESIAN_POINT('Ctrl Pts',(6.57307805483532,40.0480830084646,-0.816020328052801));
#7962=CARTESIAN_POINT('Ctrl Pts',(6.51589750292135,40.0851527986836,-0.771223604777899));
#7963=CARTESIAN_POINT('Ctrl Pts',(6.45933570235403,40.1200802566468,-0.724060060663935));
#7964=CARTESIAN_POINT('Ctrl Pts',(6.40410911424486,40.1541832080254,-0.678009871341369));
#7965=CARTESIAN_POINT('Ctrl Pts',(6.34947263054896,40.186243778218,-0.629703407908755));
#7966=CARTESIAN_POINT('Ctrl Pts',(6.29563702588909,40.2158660088339,-0.578991856921219));
#7967=CARTESIAN_POINT('Ctrl Pts',(6.24343447648247,40.244589675393,-0.52981859579342));
#7968=CARTESIAN_POINT('Ctrl Pts',(6.19198514365096,40.2710206884479,-0.478383952279216));
#7969=CARTESIAN_POINT('Ctrl Pts',(6.14145097638546,40.2947980407651,-0.42451355039155));
#7970=CARTESIAN_POINT('Ctrl Pts',(6.12256001588978,40.3036866214545,-0.404375420310186));
#7971=CARTESIAN_POINT('Ctrl Pts',(6.10379662128595,40.3122043649797,-0.383896507080261));
#7972=CARTESIAN_POINT('Ctrl Pts',(6.08516803041446,40.3203324121658,-0.36306625286845));
#7973=CARTESIAN_POINT('Ctrl Pts',(6.03971697178555,40.3401636678815,-0.312243455161031));
#7974=CARTESIAN_POINT('Ctrl Pts',(5.99511665417906,40.3576236903937,-0.259319050557292));
#7975=CARTESIAN_POINT('Ctrl Pts',(5.9515618313439,40.3726030025153,-0.204681837544608));
#7976=CARTESIAN_POINT('Ctrl Pts',(5.90735398234375,40.3878069024577,-0.149225437875748));
#7977=CARTESIAN_POINT('Ctrl Pts',(5.86422284259446,40.4004551467822,-0.092004295600743));
#7978=CARTESIAN_POINT('Ctrl Pts',(5.82239619045912,40.4104332598623,-0.0333764754383183));
#7979=CARTESIAN_POINT('Ctrl Pts',(5.78016687040032,40.4205074328915,0.0258157585941273));
#7980=CARTESIAN_POINT('Ctrl Pts',(5.73926695992024,40.4278598161503,0.0864422046511296));
#7981=CARTESIAN_POINT('Ctrl Pts',(5.6999604731185,40.4323725958883,0.14817950874165));
#7982=CARTESIAN_POINT('Ctrl Pts',(5.65991480026784,40.4369702416139,0.211077826130351));
#7983=CARTESIAN_POINT('Ctrl Pts',(5.62152268254616,40.4386204781093,0.275129550874968));
#7984=CARTESIAN_POINT('Ctrl Pts',(5.58509911432614,40.4371987191338,0.340034205579018));
#7985=CARTESIAN_POINT('Ctrl Pts',(5.55104289351943,40.4358693672891,0.400720386532864));
#7986=CARTESIAN_POINT('Ctrl Pts',(5.51870781749397,40.4318543711015,0.46215301721944));
#7987=CARTESIAN_POINT('Ctrl Pts',(5.48838285005686,40.425051892076,0.524113088435157));
#7988=CARTESIAN_POINT('Ctrl Pts',(5.45442177979672,40.417433764584,0.593502456659325));
#7989=CARTESIAN_POINT('Ctrl Pts',(5.42308351166501,40.4063468423095,0.66334310572598));
#7990=CARTESIAN_POINT('Ctrl Pts',(5.39417465137138,40.3921252569686,0.733485083508296));
#7991=CARTESIAN_POINT('Ctrl Pts',(5.3654227973565,40.3779809101688,0.803246114729462));
#7992=CARTESIAN_POINT('Ctrl Pts',(5.33907389739464,40.3607358570406,0.8733051563326));
#7993=CARTESIAN_POINT('Ctrl Pts',(5.31497380200581,40.3407188147275,0.943478154559383));
#7994=CARTESIAN_POINT('Ctrl Pts',(5.2909147549041,40.3207358662753,1.01353163121035));
#7995=CARTESIAN_POINT('Ctrl Pts',(5.26909676207436,40.2979903633317,1.08369860789621));
#7996=CARTESIAN_POINT('Ctrl Pts',(5.24940433013323,40.2728093462451,1.15376036064307));
#7997=CARTESIAN_POINT('Ctrl Pts',(5.22960913538735,40.2474969247717,1.22418772299265));
#7998=CARTESIAN_POINT('Ctrl Pts',(5.21196167214909,40.2197235039033,1.29450870523028));
#7999=CARTESIAN_POINT('Ctrl Pts',(5.19638426748301,40.1898212706254,1.36446601068705));
#8000=CARTESIAN_POINT('Ctrl Pts',(5.18070452165376,40.159722584254,1.43488292492762));
#8001=CARTESIAN_POINT('Ctrl Pts',(5.16712212504543,40.1274670216443,1.50493130360836));
#8002=CARTESIAN_POINT('Ctrl Pts',(5.15559847841284,40.0933933601432,1.57431414672908));
#8003=CARTESIAN_POINT('Ctrl Pts',(5.14385949171241,40.0586829709801,1.64499353308999));
#8004=CARTESIAN_POINT('Ctrl Pts',(5.13425693710196,40.0220858991549,1.71498227415243));
#8005=CARTESIAN_POINT('Ctrl Pts',(5.12679200507035,39.9839602711174,1.78393105269463));
#8006=CARTESIAN_POINT('Ctrl Pts',(5.12001402928682,39.9493431329471,1.84653485796485));
#8007=CARTESIAN_POINT('Ctrl Pts',(5.1149990126972,39.9134658230704,1.90828081117887));
#8008=CARTESIAN_POINT('Ctrl Pts',(5.11177598393446,39.87659641806,1.96888309949067));
#8009=CARTESIAN_POINT('Ctrl Pts',(5.34245295065078,39.5230430274667,1.75676265660349));
#8010=CARTESIAN_POINT('Ctrl Pts',(5.35557137394604,39.7985175108898,1.37747221232673));
#8011=CARTESIAN_POINT('Ctrl Pts',(5.50615983109975,40.1663049720614,0.67064273484787));
#8012=CARTESIAN_POINT('Ctrl Pts',(6.11382205063587,40.0277915965708,-0.215834441124692));
#8013=CARTESIAN_POINT('Ctrl Pts',(6.53714062936966,39.7066926830821,-0.550209547857054));
#8014=CARTESIAN_POINT('Ctrl Pts',(6.75175126170881,39.5230430274667,-0.684213621170183));
#8015=CARTESIAN_POINT('Ctrl Pts',(6.74510556770436,39.52874251208,-0.680051055000886));
#8016=CARTESIAN_POINT('Ctrl Pts',(7.21130143894134,39.1280426385675,-0.97296664186938));
#8017=CARTESIAN_POINT('Ctrl Pts',(7.82333406471877,38.7875778276414,-1.16524336902387));
#8018=CARTESIAN_POINT('Ctrl Pts',(8.47236940444265,38.7908331333953,-1.13664595507938));
#8019=CARTESIAN_POINT('Ctrl Pts',(6.78170107011104,39.5980560619465,-0.703037698338889));
#8020=CARTESIAN_POINT('Ctrl Pts',(7.25871145961047,39.219803301832,-0.993167416519904));
#8021=CARTESIAN_POINT('Ctrl Pts',(7.8615453778068,38.9140437166466,-1.16362585125293));
#8022=CARTESIAN_POINT('Ctrl Pts',(8.47181967306924,38.9217989144254,-1.13666770886889));
#8023=CARTESIAN_POINT('Ctrl Pts',(6.8331753180008,39.7367540195632,-0.783670273987432));
#8024=CARTESIAN_POINT('Ctrl Pts',(7.32519707190241,39.403182315721,-1.09270435905678));
#8025=CARTESIAN_POINT('Ctrl Pts',(7.91739381086264,39.1665597897937,-1.26149892423));
#8026=CARTESIAN_POINT('Ctrl Pts',(8.47551076701546,39.1828927037382,-1.24525959997828));
#8027=CARTESIAN_POINT('Ctrl Pts',(6.82903055193304,39.8427847149165,-0.914573496640872));
#8028=CARTESIAN_POINT('Ctrl Pts',(7.31362020881544,39.5257536873193,-1.27497157254328));
#8029=CARTESIAN_POINT('Ctrl Pts',(7.90325555046716,39.2811582877575,-1.50868538434693));
#8030=CARTESIAN_POINT('Ctrl Pts',(8.48652752108706,39.2911688864615,-1.50637557260153));
#8031=CARTESIAN_POINT('Ctrl Pts',(6.81323559163527,39.8814054971592,-0.984999161847462));
#8032=CARTESIAN_POINT('Ctrl Pts',(7.28874997023767,39.5608228374141,-1.37224657986797));
#8033=CARTESIAN_POINT('Ctrl Pts',(7.87977224854771,39.2882708664268,-1.63652438598359));
#8034=CARTESIAN_POINT('Ctrl Pts',(8.49229755492126,39.2908270536096,-1.63749897476358));
#8035=CARTESIAN_POINT('',(7.05015316896962,39.2915636831537,-0.847497057035665));
#8036=CARTESIAN_POINT('',(8.48354572981379,39.2908099804331,-1.63662127603378));
#8037=CARTESIAN_POINT('Ctrl Pts',(8.4835457290016,39.2908099804331,-1.63662127568898));
#8038=CARTESIAN_POINT('Ctrl Pts',(8.48185085684076,39.2908099804331,-1.63588360581372));
#8039=CARTESIAN_POINT('Ctrl Pts',(8.48015670709522,39.290809980433,-1.63514422339697));
#8040=CARTESIAN_POINT('Ctrl Pts',(8.247372440272,39.290809980433,-1.5332731200313));
#8041=CARTESIAN_POINT('Ctrl Pts',(8.02123195426818,39.2908099803875,-1.39684404400114));
#8042=CARTESIAN_POINT('Ctrl Pts',(7.64506930587636,39.2908099803875,-1.17150043938083));
#8043=CARTESIAN_POINT('Ctrl Pts',(7.51745326530403,39.290809980433,-1.095317478746));
#8044=CARTESIAN_POINT('Ctrl Pts',(7.26728677674898,39.290809980433,-0.95587790333097));
#8045=CARTESIAN_POINT('Ctrl Pts',(7.15839437738824,39.290809980433,-0.897986998535755));
#8046=CARTESIAN_POINT('Ctrl Pts',(7.05146982448116,39.290809980433,-0.847512025826485));
#8047=CARTESIAN_POINT('Ctrl Pts',(8.4835457298157,39.2908099804331,-1.6366212756943));
#8048=CARTESIAN_POINT('Ctrl Pts',(8.42142473306867,39.2908099804071,-1.6362714544137));
#8049=CARTESIAN_POINT('Ctrl Pts',(8.35921330251239,39.2935446730908,-1.63312113137145));
#8050=CARTESIAN_POINT('Ctrl Pts',(8.29718940134473,39.2988403263407,-1.62737147907532));
#8051=CARTESIAN_POINT('Ctrl Pts',(8.2346414476285,39.3041807236414,-1.6215732467982));
#8052=CARTESIAN_POINT('Ctrl Pts',(8.17228428727382,39.3121252261902,-1.61313173903998));
#8053=CARTESIAN_POINT('Ctrl Pts',(8.1103586394054,39.3224693098158,-1.60224133462114));
#8054=CARTESIAN_POINT('Ctrl Pts',(8.04738351977228,39.3329886976016,-1.59116636738645));
#8055=CARTESIAN_POINT('Ctrl Pts',(7.98485476578658,39.3459893678607,-1.57755891782119));
#8056=CARTESIAN_POINT('Ctrl Pts',(7.92297835939398,39.3612338776819,-1.56160890708215));
#8057=CARTESIAN_POINT('Ctrl Pts',(7.86030290163891,39.37667525004,-1.54545292320156));
#8058=CARTESIAN_POINT('Ctrl Pts',(7.79829677106633,39.3944184205411,-1.52689353198691));
#8059=CARTESIAN_POINT('Ctrl Pts',(7.73712510254445,39.414199181262,-1.50611206518557));
#8060=CARTESIAN_POINT('Ctrl Pts',(7.67501889384413,39.4342821393253,-1.48501311291813));
#8061=CARTESIAN_POINT('Ctrl Pts',(7.61377282257031,39.4564650330409,-1.4616236562502));
#8062=CARTESIAN_POINT('Ctrl Pts',(7.55350950610451,39.4804592612704,-1.43611678146529));
#8063=CARTESIAN_POINT('Ctrl Pts',(7.4921713706181,39.504881435627,-1.41015498193041));
#8064=CARTESIAN_POINT('Ctrl Pts',(7.43185129618005,39.5311797253915,-1.38199948318152));
#8065=CARTESIAN_POINT('Ctrl Pts',(7.37262751503705,39.559043462388,-1.35181634245337));
#8066=CARTESIAN_POINT('Ctrl Pts',(7.31153757807531,39.5877851925475,-1.32068212358379));
#8067=CARTESIAN_POINT('Ctrl Pts',(7.25161408096505,39.61819213867,-1.28739034843192));
#8068=CARTESIAN_POINT('Ctrl Pts',(7.19288956133187,39.6499231907981,-1.25210736683464));
#8069=CARTESIAN_POINT('Ctrl Pts',(7.13294300807784,39.6823145533514,-1.21609016058938));
#8070=CARTESIAN_POINT('Ctrl Pts',(7.07424562872167,39.7160852454913,-1.17799779510724));
#8071=CARTESIAN_POINT('Ctrl Pts',(7.0167793944112,39.7508792380013,-1.13799354101641));
#8072=CARTESIAN_POINT('Ctrl Pts',(6.95745697929762,39.7867970894476,-1.09669713459687));
#8073=CARTESIAN_POINT('Ctrl Pts',(6.89944627297564,39.8238049188514,-1.05336306526946));
#8074=CARTESIAN_POINT('Ctrl Pts',(6.84267544646963,39.8615257091156,-1.00816026434578));
#8075=CARTESIAN_POINT('Ctrl Pts',(6.83513338403192,39.8665369547303,-1.00215502595297));
#8076=CARTESIAN_POINT('Ctrl Pts',(6.82761313549929,39.8715608104682,-0.996116794231807));
#8077=CARTESIAN_POINT('Ctrl Pts',(6.82011447055292,39.87659641806,-0.990045955858054));
#8078=CARTESIAN_POINT('Ctrl Pts',(6.75175126170881,39.5230430274667,-0.684213621170186));
#8079=CARTESIAN_POINT('Ctrl Pts',(6.81163457407127,39.4717988296718,-0.721605094708046));
#8080=CARTESIAN_POINT('Ctrl Pts',(6.87381114091979,39.4215646873183,-0.757486598771081));
#8081=CARTESIAN_POINT('Ctrl Pts',(6.93813759144864,39.3729361079938,-0.791506362956298));
#8082=CARTESIAN_POINT('Ctrl Pts',(6.97459181995985,39.345377967784,-0.810785590199673));
#8083=CARTESIAN_POINT('Ctrl Pts',(7.01173560957349,39.3183354644949,-0.829467194775352));
#8084=CARTESIAN_POINT('Ctrl Pts',(7.04953598652823,39.2919169814015,-0.847490040413032));
#8085=CARTESIAN_POINT('Origin',(8.34066019413762,39.290809980433,1.86046089720106));
#8086=CARTESIAN_POINT('Origin',(8.34066019413762,39.290809980433,1.86046089720106));
#8087=CARTESIAN_POINT('Origin',(11.8994344333267,38.7908099804331,-2.97018356440898));
#8088=CARTESIAN_POINT('',(9.03056866674073,38.7908099804331,-2.09290982531109));
#8089=CARTESIAN_POINT('',(8.55242437230972,39.2908099804331,-1.94669753546144));
#8090=CARTESIAN_POINT('Origin',(8.55242437230972,38.7908099804331,-1.94669753546144));
#8091=CARTESIAN_POINT('',(9.82348279379974,39.2908099804331,-0.152307628469794));
#8092=CARTESIAN_POINT('Origin',(11.8994344333267,39.2908099804331,-2.97018356440898));
#8093=CARTESIAN_POINT('',(10.1200473137322,38.7908099804331,-0.554861333603963));
#8094=CARTESIAN_POINT('Origin',(9.82348279379974,38.7908099804331,-0.152307628469794));
#8095=CARTESIAN_POINT('Origin',(11.8994344333267,38.7908099804331,-2.97018356440898));
#8096=CARTESIAN_POINT('Origin',(8.34066019413759,38.7908099804331,1.86046089720105));
#8097=CARTESIAN_POINT('',(7.33896281880009,39.2908099804331,4.15100720064963));
#8098=CARTESIAN_POINT('',(7.13862334373259,38.7908099804331,4.60911646133935));
#8099=CARTESIAN_POINT('Origin',(7.33896281880009,38.7908099804331,4.15100720064963));
#8100=CARTESIAN_POINT('Origin',(8.34066019413759,38.7908099804331,1.86046089720105));
#8101=CARTESIAN_POINT('Origin',(8.34066019413759,39.2908099804331,1.86046089720105));
#8102=CARTESIAN_POINT('Origin',(5.93658649332759,38.7908099804331,7.35777202547765));
#8103=CARTESIAN_POINT('',(5.15043433365986,39.2908099804331,3.94720538900069));
#8104=CARTESIAN_POINT('',(5.26274178504096,38.7908099804331,4.43442919421169));
#8105=CARTESIAN_POINT('Origin',(5.15043433365986,38.7908099804331,3.94720538900069));
#8106=CARTESIAN_POINT('Origin',(5.93658649332759,38.7908099804331,7.35777202547765));
#8107=CARTESIAN_POINT('Origin',(5.93658649332759,39.2908099804331,7.35777202547765));
#8108=CARTESIAN_POINT('Ctrl Pts',(8.47712055919275,39.3081433924313,-3.25703604790205));
#8109=CARTESIAN_POINT('Ctrl Pts',(8.43981525072668,39.3081433924313,-2.81196242264487));
#8110=CARTESIAN_POINT('Ctrl Pts',(8.46435932745625,39.2908099804331,-2.36252194985829));
#8111=CARTESIAN_POINT('Ctrl Pts',(8.55242437230972,39.2908099804331,-1.94669753546144));
#8112=CARTESIAN_POINT('Ctrl Pts',(8.595586218822,39.2923893493268,-3.24710645934791));
#8113=CARTESIAN_POINT('Ctrl Pts',(8.55957091848163,39.2923893493268,-2.81742336741503));
#8114=CARTESIAN_POINT('Ctrl Pts',(8.58847177535819,39.2808023090542,-2.38303850706008));
#8115=CARTESIAN_POINT('Ctrl Pts',(8.67760225587142,39.2908099804331,-1.98497582343279));
#8116=CARTESIAN_POINT('Ctrl Pts',(8.82001253935582,39.1715352722615,-3.22829542980064));
#8117=CARTESIAN_POINT('Ctrl Pts',(8.78660456402604,39.1715352722615,-2.82971921360206));
#8118=CARTESIAN_POINT('Ctrl Pts',(8.82673497426953,39.1640841900977,-2.42612305924035));
#8119=CARTESIAN_POINT('Ctrl Pts',(8.92689035024983,39.1823925866688,-2.06120591450749));
#8120=CARTESIAN_POINT('Ctrl Pts',(8.90991748662618,38.9323971319979,-3.22075975120677));
#8121=CARTESIAN_POINT('Ctrl Pts',(8.87792337985512,38.9323971319979,-2.83905179400237));
#8122=CARTESIAN_POINT('Ctrl Pts',(8.92073010048843,38.9154182136646,-2.45140993219709));
#8123=CARTESIAN_POINT('Ctrl Pts',(9.03056866674073,38.9217096743326,-2.09290982531109));
#8124=CARTESIAN_POINT('Ctrl Pts',(8.90991748662618,38.8124767454308,-3.22075975120677));
#8125=CARTESIAN_POINT('Ctrl Pts',(8.87814029823841,38.8124767454308,-2.84163975414021));
#8126=CARTESIAN_POINT('Ctrl Pts',(8.91931651510413,38.7908099804331,-2.4567272691314));
#8127=CARTESIAN_POINT('Ctrl Pts',(9.03056866674073,38.7908099804331,-2.09290982531109));
#8128=CARTESIAN_POINT('',(8.90991748662618,38.8124767454308,-3.22075975120677));
#8129=CARTESIAN_POINT('',(8.47712055919275,39.3081433924313,-3.25703604790205));
#8130=CARTESIAN_POINT('Origin',(8.41166466217609,38.8124767454308,-3.26252244900641));
#8131=CARTESIAN_POINT('Ctrl Pts',(8.47712055919275,39.3081433924313,-3.25703604790205));
#8132=CARTESIAN_POINT('Ctrl Pts',(8.43981525072668,39.3081433924313,-2.81196242264487));
#8133=CARTESIAN_POINT('Ctrl Pts',(8.46435932745625,39.2908099804331,-2.36252194985829));
#8134=CARTESIAN_POINT('Ctrl Pts',(8.55242437230972,39.2908099804331,-1.94669753546144));
#8135=CARTESIAN_POINT('Ctrl Pts',(9.03056866674073,38.7908099804331,-2.09290982531109));
#8136=CARTESIAN_POINT('Ctrl Pts',(8.91931651510413,38.7908099804331,-2.4567272691314));
#8137=CARTESIAN_POINT('Ctrl Pts',(8.87814029823841,38.8124767454308,-2.84163975414021));
#8138=CARTESIAN_POINT('Ctrl Pts',(8.90991748662618,38.8124767454308,-3.22075975120677));
#8139=CARTESIAN_POINT('Origin',(-8.01449259127535,38.790809980433,-16.8062057694654));
#8140=CARTESIAN_POINT('',(-5.45462265927987,39.290809980433,-14.4193530443762));
#8141=CARTESIAN_POINT('Origin',(-5.45462265927988,38.7908099804331,-14.4193530443762));
#8142=CARTESIAN_POINT('',(-4.53616462627566,39.2908099804331,-16.4173168805766));
#8143=CARTESIAN_POINT('Origin',(-8.01449259127535,39.290809980433,-16.8062057694654));
#8144=CARTESIAN_POINT('Origin',(-4.53616462627566,38.7908099804331,-16.4173168805766));
#8145=CARTESIAN_POINT('Origin',(-2.05164465127588,38.7908099804331,-16.1395391027989));
#8146=CARTESIAN_POINT('',(0.432875323723891,39.2908099804331,-16.4173168805766));
#8147=CARTESIAN_POINT('',(0.929779318723846,38.7908099804331,-16.4728724361321));
#8148=CARTESIAN_POINT('Origin',(0.432875323723892,38.7908099804331,-16.4173168805766));
#8149=CARTESIAN_POINT('Origin',(-2.05164465127588,38.7908099804331,-16.1395391027989));
#8150=CARTESIAN_POINT('Origin',(-2.05164465127588,39.2908099804331,-16.1395391027989));
#8151=CARTESIAN_POINT('Origin',(3.91120328872358,38.7908099804331,-16.8062057694653));
#8152=CARTESIAN_POINT('',(1.3513333567281,39.2908099804331,-14.4193530443762));
#8153=CARTESIAN_POINT('',(1.71702906129888,38.7908099804331,-14.7603320051032));
#8154=CARTESIAN_POINT('Origin',(1.3513333567281,38.7908099804331,-14.4193530443762));
#8155=CARTESIAN_POINT('Origin',(3.91120328872358,38.7908099804331,-16.8062057694653));
#8156=CARTESIAN_POINT('Origin',(3.91120328872358,39.2908099804331,-16.8062057694653));
#8157=CARTESIAN_POINT('Ctrl Pts',(-6.55175719205209,39.3081433924313,-13.6989687729948));
#8158=CARTESIAN_POINT('Ctrl Pts',(-6.14766431098266,39.3081433924313,-13.8891959627411));
#8159=CARTESIAN_POINT('Ctrl Pts',(-5.77070421064454,39.2908099804331,-14.1351746600766));
#8160=CARTESIAN_POINT('Ctrl Pts',(-5.45462265927988,39.2908099804331,-14.4193530443762));
#8161=CARTESIAN_POINT('Ctrl Pts',(-6.6023907459297,39.2923893493268,-13.8065278379869));
#8162=CARTESIAN_POINT('Ctrl Pts',(-6.21227129442176,39.2923893493268,-13.9901770196535));
#8163=CARTESIAN_POINT('Ctrl Pts',(-5.8505283161115,39.2808023227507,-14.2324009033931));
#8164=CARTESIAN_POINT('Ctrl Pts',(-5.55036157085729,39.2908099804331,-14.5086211275469));
#8165=CARTESIAN_POINT('Ctrl Pts',(-6.69830803056609,39.1715248909793,-14.0102815282178));
#8166=CARTESIAN_POINT('Ctrl Pts',(-6.33643124796328,39.1715248909793,-14.1806354409292));
#8167=CARTESIAN_POINT('Ctrl Pts',(-6.00696090979553,39.1640686703995,-14.417189999864));
#8168=CARTESIAN_POINT('Ctrl Pts',(-5.74101144414972,39.1823770419138,-14.6863853037335));
#8169=CARTESIAN_POINT('Ctrl Pts',(-6.73673946127546,38.9323971319978,-14.0919200551796));
#8170=CARTESIAN_POINT('Ctrl Pts',(-6.3901777703536,38.9323971319978,-14.2550643708214));
#8171=CARTESIAN_POINT('Ctrl Pts',(-6.07586893080001,38.9154182222751,-14.4859593384777));
#8172=CARTESIAN_POINT('Ctrl Pts',(-5.82031836385066,38.9217096743326,-14.7603320051032));
#8173=CARTESIAN_POINT('Ctrl Pts',(-6.73673946127546,38.8124767454308,-14.0919200551796));
#8174=CARTESIAN_POINT('Ctrl Pts',(-6.39252744063026,38.8124767454308,-14.2539582608292));
#8175=CARTESIAN_POINT('Ctrl Pts',(-6.07976708163843,38.7908099804331,-14.4820764744714));
#8176=CARTESIAN_POINT('Ctrl Pts',(-5.82031836385066,38.7908099804331,-14.7603320051032));
#8177=CARTESIAN_POINT('',(-6.55175719205209,39.3081433924313,-13.6989687729948));
#8178=CARTESIAN_POINT('Origin',(-6.52378060627548,38.8124767454308,-13.6395391027987));
#8179=CARTESIAN_POINT('Ctrl Pts',(-6.55175719205209,39.3081433924313,-13.6989687729948));
#8180=CARTESIAN_POINT('Ctrl Pts',(-6.14766431098266,39.3081433924313,-13.8891959627411));
#8181=CARTESIAN_POINT('Ctrl Pts',(-5.77070421064454,39.2908099804331,-14.1351746600766));
#8182=CARTESIAN_POINT('Ctrl Pts',(-5.45462265927988,39.2908099804331,-14.4193530443762));
#8183=CARTESIAN_POINT('Ctrl Pts',(-5.32471271823344,43.1734496785773,6.92225587366811));
#8184=CARTESIAN_POINT('Ctrl Pts',(-5.24348700133456,43.1738699719568,6.87866334337278));
#8185=CARTESIAN_POINT('Ctrl Pts',(-5.0864771649987,43.1706028978505,6.79640824968252));
#8186=CARTESIAN_POINT('Ctrl Pts',(-4.80063195866207,43.1340699856214,6.65404693836828));
#8187=CARTESIAN_POINT('Ctrl Pts',(-4.66621376199171,43.1064308849559,6.5862216588041));
#8188=CARTESIAN_POINT('Ctrl Pts',(-4.61349006366535,43.0935658891224,6.55573655701974));
#8189=CARTESIAN_POINT('Ctrl Pts',(-5.31140022287781,43.1675263676269,6.92207295345416));
#8190=CARTESIAN_POINT('Ctrl Pts',(-5.23232811701916,43.1679909770649,6.8794595083896));
#8191=CARTESIAN_POINT('Ctrl Pts',(-5.07810277210957,43.1646343436172,6.79835968834995));
#8192=CARTESIAN_POINT('Ctrl Pts',(-4.79428216796834,43.1281561181313,6.65683101624932));
#8193=CARTESIAN_POINT('Ctrl Pts',(-4.66394742796825,43.1020213975578,6.59011966934453));
#8194=CARTESIAN_POINT('Ctrl Pts',(-4.61228758811773,43.0900759511024,6.55935838028831));
#8195=CARTESIAN_POINT('Ctrl Pts',(-5.28399494970823,43.1551655124913,6.92092570025989));
#8196=CARTESIAN_POINT('Ctrl Pts',(-5.20868170338555,43.1556162957078,6.88009688899938));
#8197=CARTESIAN_POINT('Ctrl Pts',(-5.05936380792282,43.1521621914256,6.80111803774744));
#8198=CARTESIAN_POINT('Ctrl Pts',(-4.78032967860314,43.1159194625903,6.66178729625093));
#8199=CARTESIAN_POINT('Ctrl Pts',(-4.6585238710459,43.0929930853962,6.59738970679886));
#8200=CARTESIAN_POINT('Ctrl Pts',(-4.60926386676315,43.0829163612094,6.56628305115424));
#8201=CARTESIAN_POINT('Ctrl Pts',(-5.23912505771655,43.1346874738465,6.91653279518608));
#8202=CARTESIAN_POINT('Ctrl Pts',(-5.1682366327051,43.1351202649474,6.87802161256509));
#8203=CARTESIAN_POINT('Ctrl Pts',(-5.02465919781706,43.131494338247,6.80181418332754));
#8204=CARTESIAN_POINT('Ctrl Pts',(-4.75590133798176,43.0964684951473,6.66750617081071));
#8205=CARTESIAN_POINT('Ctrl Pts',(-4.64789693728464,43.0790454626921,6.60658019445497));
#8206=CARTESIAN_POINT('Ctrl Pts',(-4.60298517707689,43.0719185788925,6.57543672890524));
#8207=CARTESIAN_POINT('Ctrl Pts',(-5.18866181693205,43.1118609992048,6.9089448565702));
#8208=CARTESIAN_POINT('Ctrl Pts',(-5.1213635647515,43.112322868261,6.87253675433951));
#8209=CARTESIAN_POINT('Ctrl Pts',(-4.98245482207897,43.1085861755354,6.79892317548971));
#8210=CARTESIAN_POINT('Ctrl Pts',(-4.7283448948219,43.0761460354653,6.67153681748113));
#8211=CARTESIAN_POINT('Ctrl Pts',(-4.63503604604987,43.0649834955033,6.61389723118156));
#8212=CARTESIAN_POINT('Ctrl Pts',(-4.59514213468554,43.0609759862177,6.58309582488051));
#8213=CARTESIAN_POINT('Ctrl Pts',(-5.13019578864131,43.0861133494865,6.89738856115259));
#8214=CARTESIAN_POINT('Ctrl Pts',(-5.06608078872872,43.0867127493637,6.86302244656585));
#8215=CARTESIAN_POINT('Ctrl Pts',(-4.93176109239346,43.0831695638945,6.79221764669531));
#8216=CARTESIAN_POINT('Ctrl Pts',(-4.69835860174164,43.0553966278915,6.67384196355346));
#8217=CARTESIAN_POINT('Ctrl Pts',(-4.62033460226778,43.0512017987963,6.61916497973825));
#8218=CARTESIAN_POINT('Ctrl Pts',(-4.5860027172703,43.050446150312,6.58902068032363));
#8219=CARTESIAN_POINT('Ctrl Pts',(-5.06067314230122,43.0568313520731,6.88083468442412));
#8220=CARTESIAN_POINT('Ctrl Pts',(-4.9999888366153,43.057876331849,6.84868222101564));
#8221=CARTESIAN_POINT('Ctrl Pts',(-4.87201354382309,43.0551012769487,6.78154743440533));
#8222=CARTESIAN_POINT('Ctrl Pts',(-4.66703944092965,43.0348838117917,6.67436537948354));
#8223=CARTESIAN_POINT('Ctrl Pts',(-4.60419422871661,43.0380692512803,6.62224982103825));
#8224=CARTESIAN_POINT('Ctrl Pts',(-4.57574808840325,43.0405690862002,6.59305159202124));
#8225=CARTESIAN_POINT('Ctrl Pts',(-4.97691353557856,43.0232962290715,6.85827073560583));
#8226=CARTESIAN_POINT('Ctrl Pts',(-4.9210240158567,43.0252630194346,6.82887812319293));
#8227=CARTESIAN_POINT('Ctrl Pts',(-4.80403623801411,43.0248841063029,6.76718770007611));
#8228=CARTESIAN_POINT('Ctrl Pts',(-4.63570795381885,43.015317185085,6.67306403406768));
#8229=CARTESIAN_POINT('Ctrl Pts',(-4.58695863622872,43.0258434299043,6.62311588607726));
#8230=CARTESIAN_POINT('Ctrl Pts',(-4.56445136223858,43.0314283595117,6.59514206905959));
#8231=CARTESIAN_POINT('Ctrl Pts',(-4.87754777062174,42.9855709582559,6.82955309349289));
#8232=CARTESIAN_POINT('Ctrl Pts',(-4.82948306548035,42.9893235929803,6.80394883792006));
#8233=CARTESIAN_POINT('Ctrl Pts',(-4.73151960151169,42.9930701695481,6.75029689116197));
#8234=CARTESIAN_POINT('Ctrl Pts',(-4.60541145874893,42.9976009445653,6.66983265723374));
#8235=CARTESIAN_POINT('Ctrl Pts',(-4.56893989960604,43.0146684435398,6.6218518337008));
#8236=CARTESIAN_POINT('Ctrl Pts',(-4.55215279781666,43.0229937065156,6.59536952968288));
#8237=CARTESIAN_POINT('Ctrl Pts',(-4.76748477532176,42.9433589270138,6.79722543250419));
#8238=CARTESIAN_POINT('Ctrl Pts',(-4.73138898489292,42.9499455571212,6.77650320185805));
#8239=CARTESIAN_POINT('Ctrl Pts',(-4.66014066130146,42.9616803273968,6.73266505132683));
#8240=CARTESIAN_POINT('Ctrl Pts',(-4.57648494347735,42.9820700824289,6.66456764351261));
#8241=CARTESIAN_POINT('Ctrl Pts',(-4.55038885619561,43.0045348367836,6.61869813219142));
#8242=CARTESIAN_POINT('Ctrl Pts',(-4.53891470631518,43.0151464931674,6.59395075949008));
#8243=CARTESIAN_POINT('Ctrl Pts',(-4.65751836029924,42.8974558354232,6.76660793187118));
#8244=CARTESIAN_POINT('Ctrl Pts',(-4.63577323614736,42.9091466182901,6.75062403437641));
#8245=CARTESIAN_POINT('Ctrl Pts',(-4.59441553360533,42.9321960890296,6.71587392915864));
#8246=CARTESIAN_POINT('Ctrl Pts',(-4.54779185159797,42.9683497032706,6.65714910042282));
#8247=CARTESIAN_POINT('Ctrl Pts',(-4.53148092025031,42.9952546736608,6.61406783319328));
#8248=CARTESIAN_POINT('Ctrl Pts',(-4.52488199066705,43.0077098690111,6.59125614173729));
#8249=CARTESIAN_POINT('Ctrl Pts',(-4.58798800383709,42.8625746962889,6.74986412576636));
#8250=CARTESIAN_POINT('Ctrl Pts',(-4.57580941341585,42.8795534612792,6.73602325895027));
#8251=CARTESIAN_POINT('Ctrl Pts',(-4.55336918315542,42.9127939218512,6.70532290785865));
#8252=CARTESIAN_POINT('Ctrl Pts',(-4.52798650227251,42.9599628955689,6.65106996719498));
#8253=CARTESIAN_POINT('Ctrl Pts',(-4.51873509844878,42.9894024342506,6.61040158850459));
#8254=CARTESIAN_POINT('Ctrl Pts',(-4.51518762539869,43.0028881581012,6.58896807249893));
#8255=CARTESIAN_POINT('Ctrl Pts',(-4.55197583259159,42.8434110610243,6.7419456816665));
#8256=CARTESIAN_POINT('Ctrl Pts',(-4.54492739813217,42.8637372516943,6.72902139929608));
#8257=CARTESIAN_POINT('Ctrl Pts',(-4.53231482157773,42.9029014751535,6.70002341035639));
#8258=CARTESIAN_POINT('Ctrl Pts',(-4.51827674368827,42.9558545702261,6.64806204460901));
#8259=CARTESIAN_POINT('Ctrl Pts',(-4.51238375710029,42.986495262523,6.60856245557715));
#8260=CARTESIAN_POINT('Ctrl Pts',(-4.51033702327939,43.0004769959465,6.58782134805092));
#8261=CARTESIAN_POINT('',(-4.51033702327939,43.0004769959465,6.58782134805092));
#8262=CARTESIAN_POINT('Origin',(-4.74797084917467,42.6469236053532,6.32603868095783));
#8263=CARTESIAN_POINT('Ctrl Pts',(-4.51033702327939,43.0004769959465,6.58782134805092));
#8264=CARTESIAN_POINT('Ctrl Pts',(-4.51527271215978,43.0029304534644,6.58898818774787));
#8265=CARTESIAN_POINT('Ctrl Pts',(-4.52020490666392,43.0053836228797,6.5901522445167));
#8266=CARTESIAN_POINT('Ctrl Pts',(-4.52504772932938,43.0078725482368,6.59118688321994));
#8267=CARTESIAN_POINT('Ctrl Pts',(-4.53039154753743,43.0106189557681,6.59232855648015));
#8268=CARTESIAN_POINT('Ctrl Pts',(-4.53562696326757,43.0134091829405,6.59331264605221));
#8269=CARTESIAN_POINT('Ctrl Pts',(-4.5406882135486,43.0162914778184,6.59401429350378));
#8270=CARTESIAN_POINT('Ctrl Pts',(-4.54456325081797,43.0184982448133,6.59455149476312));
#8271=CARTESIAN_POINT('Ctrl Pts',(-4.54833762261698,43.0207587828651,6.59492469562977));
#8272=CARTESIAN_POINT('Ctrl Pts',(-4.55199634843145,43.0230915453542,6.59509537509546));
#8273=CARTESIAN_POINT('Ctrl Pts',(-4.5532217249975,43.0238728316908,6.59515253888094));
#8274=CARTESIAN_POINT('Ctrl Pts',(-4.55443413355231,43.0246622212287,6.59518698705845));
#8275=CARTESIAN_POINT('Ctrl Pts',(-4.55563335265556,43.0254601815248,6.59519788715114));
#8276=CARTESIAN_POINT('Ctrl Pts',(-4.55859940852291,43.0274337948634,6.59522484659815));
#8277=CARTESIAN_POINT('Ctrl Pts',(-4.56148439354839,43.0294600477318,6.5951071209179));
#8278=CARTESIAN_POINT('Ctrl Pts',(-4.56428468942212,43.0315459648483,6.59483193827236));
#8279=CARTESIAN_POINT('Ctrl Pts',(-4.5660942478749,43.0328938898963,6.59465411453347));
#8280=CARTESIAN_POINT('Ctrl Pts',(-4.56786844549236,43.0342667308225,6.5944105415071));
#8281=CARTESIAN_POINT('Ctrl Pts',(-4.56960670447183,43.035664966772,6.59410004757711));
#8282=CARTESIAN_POINT('Ctrl Pts',(-4.5716459771797,43.0373053347751,6.59373578551671));
#8283=CARTESIAN_POINT('Ctrl Pts',(-4.57363563920941,43.0389806629276,6.59327927344269));
#8284=CARTESIAN_POINT('Ctrl Pts',(-4.57557469456228,43.040691783984,6.59272848254929));
#8285=CARTESIAN_POINT('Ctrl Pts',(-4.5777703260826,43.042629320899,6.59210481090173));
#8286=CARTESIAN_POINT('Ctrl Pts',(-4.57990107250506,43.0446127493832,6.59136026030438));
#8287=CARTESIAN_POINT('Ctrl Pts',(-4.5819642312453,43.0466389624455,6.59049657365966));
#8288=CARTESIAN_POINT('Ctrl Pts',(-4.5832761912624,43.0479274287531,6.58994735642151));
#8289=CARTESIAN_POINT('Ctrl Pts',(-4.58456061767194,43.049232989402,6.58935005854082));
#8290=CARTESIAN_POINT('Ctrl Pts',(-4.58581693608784,43.050554947536,6.5887050997639));
#8291=CARTESIAN_POINT('Ctrl Pts',(-4.58824676231811,43.053111726541,6.58745769485941));
#8292=CARTESIAN_POINT('Ctrl Pts',(-4.59057146680298,43.0557298357074,6.58603203533789));
#8293=CARTESIAN_POINT('Ctrl Pts',(-4.59277900481145,43.0583932849624,6.58443878313107));
#8294=CARTESIAN_POINT('Ctrl Pts',(-4.59350772614567,43.0592725052918,6.58391284116792));
#8295=CARTESIAN_POINT('Ctrl Pts',(-4.59422356583945,43.0601565380058,6.58336870644783));
#8296=CARTESIAN_POINT('Ctrl Pts',(-4.59492607268887,43.0610447790633,6.58280678518373));
#8297=CARTESIAN_POINT('Ctrl Pts',(-4.59775671388247,43.0646238071246,6.58054261156174));
#8298=CARTESIAN_POINT('Ctrl Pts',(-4.60037090760545,43.0682711513157,6.57798969216182));
#8299=CARTESIAN_POINT('Ctrl Pts',(-4.60272452426484,43.0719277886759,6.57518768233612));
#8300=CARTESIAN_POINT('Ctrl Pts',(-4.60335076173571,43.0729007267808,6.57444213885961));
#8301=CARTESIAN_POINT('Ctrl Pts',(-4.603958550007,43.0738743232743,6.5736789588855));
#8302=CARTESIAN_POINT('Ctrl Pts',(-4.60454733434074,43.0748476049547,6.57289895321694));
#8303=CARTESIAN_POINT('Ctrl Pts',(-4.60617142252628,43.0775322811388,6.57074740481737));
#8304=CARTESIAN_POINT('Ctrl Pts',(-4.60765076796252,43.0802144242833,6.56846788687378));
#8305=CARTESIAN_POINT('Ctrl Pts',(-4.60897357540479,43.0828733413185,6.56607763947267));
#8306=CARTESIAN_POINT('Ctrl Pts',(-4.61021578766391,43.0853702575223,6.56383302356781));
#8307=CARTESIAN_POINT('Ctrl Pts',(-4.61131995579771,43.0878466914619,6.56149076032843));
#8308=CARTESIAN_POINT('Ctrl Pts',(-4.61227990130679,43.0902873021905,6.55906596008741));
#8309=CARTESIAN_POINT('Ctrl Pts',(-4.61271279235867,43.0913879048139,6.55797248726315));
#8310=CARTESIAN_POINT('Ctrl Pts',(-4.61311633387805,43.0924812152623,6.55686222085754));
#8311=CARTESIAN_POINT('Ctrl Pts',(-4.61349006366535,43.0935658891224,6.55573655701975));
#8312=CARTESIAN_POINT('Ctrl Pts',(-13.3754710556734,43.173130849389,-1.95202089486406));
#8313=CARTESIAN_POINT('Ctrl Pts',(-13.3244179897787,43.173573490327,-2.02845703301163));
#8314=CARTESIAN_POINT('Ctrl Pts',(-13.2325477064911,43.1714226929205,-2.17030843363366));
#8315=CARTESIAN_POINT('Ctrl Pts',(-13.0592326905609,43.1339517016396,-2.44617563555621));
#8316=CARTESIAN_POINT('Ctrl Pts',(-12.9798882039659,43.106180178144,-2.57211871501517));
#8317=CARTESIAN_POINT('Ctrl Pts',(-12.9444584038818,43.0933151823104,-2.62165515677285));
#8318=CARTESIAN_POINT('Ctrl Pts',(-13.359975610229,43.1798609174804,-1.96293519195397));
#8319=CARTESIAN_POINT('Ctrl Pts',(-13.3108366342519,43.1796251494315,-2.03756499047094));
#8320=CARTESIAN_POINT('Ctrl Pts',(-13.2196708628218,43.1763770118829,-2.17896949698932));
#8321=CARTESIAN_POINT('Ctrl Pts',(-13.0507857346365,43.1384446432746,-2.44872844272664));
#8322=CARTESIAN_POINT('Ctrl Pts',(-12.9745116400508,43.1106000907141,-2.5710299430764));
#8323=CARTESIAN_POINT('Ctrl Pts',(-12.9405856614633,43.0971896760561,-2.61993790861425));
#8324=CARTESIAN_POINT('Ctrl Pts',(-13.3281448862668,43.1924734531167,-1.98579946758874));
#8325=CARTESIAN_POINT('Ctrl Pts',(-13.2822426645731,43.1910569646321,-2.05742453971833));
#8326=CARTESIAN_POINT('Ctrl Pts',(-13.1920302047106,43.1857276836679,-2.19855400842642));
#8327=CARTESIAN_POINT('Ctrl Pts',(-13.0331149264794,43.1470119380743,-2.45490479336032));
#8328=CARTESIAN_POINT('Ctrl Pts',(-12.9631095418458,43.1190896716292,-2.56991452966578));
#8329=CARTESIAN_POINT('Ctrl Pts',(-12.9323356253666,43.104752849518,-2.61721237301024));
#8330=CARTESIAN_POINT('Ctrl Pts',(-13.2743458269468,43.2091064258154,-2.02740962643205));
#8331=CARTESIAN_POINT('Ctrl Pts',(-13.2307835327027,43.2062723694732,-2.09730928901314));
#8332=CARTESIAN_POINT('Ctrl Pts',(-13.1470433597625,43.1980686838582,-2.23212535355264));
#8333=CARTESIAN_POINT('Ctrl Pts',(-13.0035948008935,43.1585740515697,-2.46828207334452));
#8334=CARTESIAN_POINT('Ctrl Pts',(-12.9444056215957,43.1305605519075,-2.57140093637523));
#8335=CARTESIAN_POINT('Ctrl Pts',(-12.9188302045676,43.1151750293556,-2.61539616336802));
#8336=CARTESIAN_POINT('Ctrl Pts',(-13.2113109839796,43.223530002651,-2.08008079066207));
#8337=CARTESIAN_POINT('Ctrl Pts',(-13.1714506262306,43.2195005557108,-2.1464654089932));
#8338=CARTESIAN_POINT('Ctrl Pts',(-13.0983362175133,43.2085893818086,-2.27016993154923));
#8339=CARTESIAN_POINT('Ctrl Pts',(-12.9710067760649,43.1687102652672,-2.48611299098992));
#8340=CARTESIAN_POINT('Ctrl Pts',(-12.9245904881039,43.1405088779803,-2.5759523514163));
#8341=CARTESIAN_POINT('Ctrl Pts',(-12.9046663545571,43.1243182351814,-2.61590497645441));
#8342=CARTESIAN_POINT('Ctrl Pts',(-13.1387065164798,43.2356069807506,-2.14412873404995));
#8343=CARTESIAN_POINT('Ctrl Pts',(-13.1053780967777,43.2305004700517,-2.20357368009446));
#8344=CARTESIAN_POINT('Ctrl Pts',(-13.0450618958716,43.2170071422101,-2.31390642744621));
#8345=CARTESIAN_POINT('Ctrl Pts',(-12.9361554118004,43.1771797433411,-2.50801166856576));
#8346=CARTESIAN_POINT('Ctrl Pts',(-12.9043891565828,43.1486284710635,-2.58332415358412));
#8347=CARTESIAN_POINT('Ctrl Pts',(-12.890429278133,43.1318440720147,-2.61866461603937));
#8348=CARTESIAN_POINT('Ctrl Pts',(-13.0584434556681,43.2449370253215,-2.21724401608422));
#8349=CARTESIAN_POINT('Ctrl Pts',(-13.0341314798176,43.2388119329044,-2.26695059144838));
#8350=CARTESIAN_POINT('Ctrl Pts',(-12.9840934472986,43.2229494201201,-2.36737712227666));
#8351=CARTESIAN_POINT('Ctrl Pts',(-12.9016775303701,43.1837191275442,-2.53165775262959));
#8352=CARTESIAN_POINT('Ctrl Pts',(-12.8844373441409,43.1546798072255,-2.59326276080859));
#8353=CARTESIAN_POINT('Ctrl Pts',(-12.8764367914435,43.1375474618319,-2.6236635540997));
#8354=CARTESIAN_POINT('Ctrl Pts',(-12.9711719873409,43.2509234849612,-2.29857482951735));
#8355=CARTESIAN_POINT('Ctrl Pts',(-12.9541313667378,43.2438832736562,-2.34094223231259));
#8356=CARTESIAN_POINT('Ctrl Pts',(-12.9165955182371,43.22620241397,-2.43000028759876));
#8357=CARTESIAN_POINT('Ctrl Pts',(-12.8700484477406,43.1881412518296,-2.55486359312839));
#8358=CARTESIAN_POINT('Ctrl Pts',(-12.8651366839957,43.1585774385652,-2.60551899218097));
#8359=CARTESIAN_POINT('Ctrl Pts',(-12.8627218521055,43.1413995310013,-2.63091086887507));
#8360=CARTESIAN_POINT('Ctrl Pts',(-12.8727542001963,43.2532537112162,-2.3931319576797));
#8361=CARTESIAN_POINT('Ctrl Pts',(-12.865760911298,43.2455925501421,-2.42591863849567));
#8362=CARTESIAN_POINT('Ctrl Pts',(-12.8523112211149,43.2270506335983,-2.49136733733707));
#8363=CARTESIAN_POINT('Ctrl Pts',(-12.8416933866969,43.1903619225691,-2.57765758575971));
#8364=CARTESIAN_POINT('Ctrl Pts',(-12.8466611122531,43.1604363404843,-2.61977967553327));
#8365=CARTESIAN_POINT('Ctrl Pts',(-12.8491682408969,43.1435532093966,-2.64030551755289));
#8366=CARTESIAN_POINT('Ctrl Pts',(-12.7800255156376,43.2530026399056,-2.48260160478425));
#8367=CARTESIAN_POINT('Ctrl Pts',(-12.7867313860829,43.2450588519972,-2.50242264956399));
#8368=CARTESIAN_POINT('Ctrl Pts',(-12.7984837703416,43.2263692735655,-2.54336305749788));
#8369=CARTESIAN_POINT('Ctrl Pts',(-12.8156968033199,43.1903941370013,-2.60132192557385));
#8370=CARTESIAN_POINT('Ctrl Pts',(-12.8289102252411,43.1606250657838,-2.63563819959165));
#8371=CARTESIAN_POINT('Ctrl Pts',(-12.8356133603987,43.144357023583,-2.65152439202589));
#8372=CARTESIAN_POINT('Ctrl Pts',(-12.7354945414068,43.2527497466887,-2.52332219279956));
#8373=CARTESIAN_POINT('Ctrl Pts',(-12.7469363952847,43.2445554977988,-2.53965351625374));
#8374=CARTESIAN_POINT('Ctrl Pts',(-12.7685379849544,43.2255188029587,-2.57239548987065));
#8375=CARTESIAN_POINT('Ctrl Pts',(-12.798108576723,43.1892111053035,-2.61932662838395));
#8376=CARTESIAN_POINT('Ctrl Pts',(-12.8173415338636,43.1600757270962,-2.64688162139991));
#8377=CARTESIAN_POINT('Ctrl Pts',(-12.826510115289,43.1443633710263,-2.65977931137323));
#8378=CARTESIAN_POINT('Ctrl Pts',(-12.7129275798258,43.2527497466887,-2.54380740474612));
#8379=CARTESIAN_POINT('Ctrl Pts',(-12.7264749806446,43.2444008893292,-2.55873152047406));
#8380=CARTESIAN_POINT('Ctrl Pts',(-12.7528341079329,43.2250610513976,-2.58776931683066));
#8381=CARTESIAN_POINT('Ctrl Pts',(-12.7894895695775,43.1886210800663,-2.62814978235014));
#8382=CARTESIAN_POINT('Ctrl Pts',(-12.8115861741937,43.1597900478949,-2.65249188965899));
#8383=CARTESIAN_POINT('Ctrl Pts',(-12.8219549058837,43.1443633710263,-2.66391431332256));
#8384=CARTESIAN_POINT('',(-12.8219549058837,43.1443633710263,-2.66391431332256));
#8385=CARTESIAN_POINT('Origin',(-12.5843210799884,42.790809980433,-2.40213164622947));
#8386=CARTESIAN_POINT('Ctrl Pts',(-12.8219549058837,43.1443633710263,-2.66391431332256));
#8387=CARTESIAN_POINT('Ctrl Pts',(-12.8258332602374,43.1443633710263,-2.66039372812311));
#8388=CARTESIAN_POINT('Ctrl Pts',(-12.8297098062592,43.1443617103915,-2.65687702722798));
#8389=CARTESIAN_POINT('Ctrl Pts',(-12.8335742498229,43.1442770574041,-2.65348339858197));
#8390=CARTESIAN_POINT('Ctrl Pts',(-12.8376437840142,43.1441879117818,-2.64990966601738));
#8391=CARTESIAN_POINT('Ctrl Pts',(-12.8417006539318,43.1440058572372,-2.64647290861545));
#8392=CARTESIAN_POINT('Ctrl Pts',(-12.8457523353867,43.1436599174368,-2.64326219804758));
#8393=CARTESIAN_POINT('Ctrl Pts',(-12.8468910577627,43.1435626912862,-2.64235982997964));
#8394=CARTESIAN_POINT('Ctrl Pts',(-12.8480295174918,43.1434527417043,-2.64147488409638));
#8395=CARTESIAN_POINT('Ctrl Pts',(-12.8491679847678,43.1433285464627,-2.64060917099085));
#8396=CARTESIAN_POINT('Ctrl Pts',(-12.8524879445753,43.142966372495,-2.63808460768053));
#8397=CARTESIAN_POINT('Ctrl Pts',(-12.8558080334219,43.1424830499604,-2.63572354573083));
#8398=CARTESIAN_POINT('Ctrl Pts',(-12.8591386290523,43.1418545177903,-2.6335490606574));
#8399=CARTESIAN_POINT('Ctrl Pts',(-12.8603404947302,43.1416277081362,-2.63276438450124));
#8400=CARTESIAN_POINT('Ctrl Pts',(-12.8615436967122,43.1413821522335,-2.63200381325896));
#8401=CARTESIAN_POINT('Ctrl Pts',(-12.8627487794748,43.1411167326274,-2.63126836187166));
#8402=CARTESIAN_POINT('Ctrl Pts',(-12.8662610690377,43.1403431504789,-2.6291248425119));
#8403=CARTESIAN_POINT('Ctrl Pts',(-12.869789389651,43.1394008555636,-2.6271946277659));
#8404=CARTESIAN_POINT('Ctrl Pts',(-12.8733431802168,43.1382770148778,-2.62548648120127));
#8405=CARTESIAN_POINT('Ctrl Pts',(-12.8743876451029,43.1379467162537,-2.62498445411946));
#8406=CARTESIAN_POINT('Ctrl Pts',(-12.8754342099843,43.1376008445431,-2.62450155316124));
#8407=CARTESIAN_POINT('Ctrl Pts',(-12.8764831322257,43.1372390840025,-2.62403797113371));
#8408=CARTESIAN_POINT('Ctrl Pts',(-12.8802035631102,43.1359559525797,-2.62239368824548));
#8409=CARTESIAN_POINT('Ctrl Pts',(-12.8839536877265,43.1344729738079,-2.62099235678472));
#8410=CARTESIAN_POINT('Ctrl Pts',(-12.8877316883748,43.1327915401458,-2.61983374617345));
#8411=CARTESIAN_POINT('Ctrl Pts',(-12.8886430232177,43.1323859422582,-2.61955426442697));
#8412=CARTESIAN_POINT('Ctrl Pts',(-12.8895558260254,43.1319688919297,-2.61928891734889));
#8413=CARTESIAN_POINT('Ctrl Pts',(-12.8904701065601,43.1315404069681,-2.61903767202732));
#8414=CARTESIAN_POINT('Ctrl Pts',(-12.8941401236255,43.1298204238098,-2.61802914720054));
#8415=CARTESIAN_POINT('Ctrl Pts',(-12.8978339513335,43.1279162920495,-2.61724771207835));
#8416=CARTESIAN_POINT('Ctrl Pts',(-12.9015297278474,43.1258422920483,-2.61669392529871));
#8417=CARTESIAN_POINT('Ctrl Pts',(-12.9025714882485,43.1252576757803,-2.61653782464287));
#8418=CARTESIAN_POINT('Ctrl Pts',(-12.9036131543406,43.1246596903558,-2.616399865454));
#8419=CARTESIAN_POINT('Ctrl Pts',(-12.9046541778568,43.1240486962037,-2.61628005864158));
#8420=CARTESIAN_POINT('Ctrl Pts',(-12.91013879435,43.1208296828464,-2.61564885828046));
#8421=CARTESIAN_POINT('Ctrl Pts',(-12.9156050927638,43.1172496039027,-2.61552192720146));
#8422=CARTESIAN_POINT('Ctrl Pts',(-12.9209052253438,43.113395232425,-2.61591628227047));
#8423=CARTESIAN_POINT('Ctrl Pts',(-12.9247548546459,43.1105956984214,-2.61620271299765));
#8424=CARTESIAN_POINT('Ctrl Pts',(-12.9285177790706,43.1076518448319,-2.61676276264508));
#8425=CARTESIAN_POINT('Ctrl Pts',(-12.9321473420554,43.1045991378253,-2.61759088460088));
#8426=CARTESIAN_POINT('Ctrl Pts',(-12.9339086772552,43.1031177362549,-2.61799275125993));
#8427=CARTESIAN_POINT('Ctrl Pts',(-12.9356386086835,43.1016107001184,-2.61845774580421));
#8428=CARTESIAN_POINT('Ctrl Pts',(-12.9373328191324,43.1000821785058,-2.61898418359093));
#8429=CARTESIAN_POINT('Ctrl Pts',(-12.9397876299844,43.0978674409894,-2.61974696084361));
#8430=CARTESIAN_POINT('Ctrl Pts',(-12.9421670471678,43.0956075752192,-2.6206391253221));
#8431=CARTESIAN_POINT('Ctrl Pts',(-12.9444584038818,43.0933151823104,-2.62165515677285));
#8432=CARTESIAN_POINT('Ctrl Pts',(-16.2270692075623,43.173449678577,0.637575747001145));
#8433=CARTESIAN_POINT('Ctrl Pts',(-16.3082949244615,43.1738699719567,0.681168277296571));
#8434=CARTESIAN_POINT('Ctrl Pts',(-16.4653047607979,43.1706028978499,0.76342337098749));
#8435=CARTESIAN_POINT('Ctrl Pts',(-16.7511499671336,43.134069985622,0.905784682300735));
#8436=CARTESIAN_POINT('Ctrl Pts',(-16.8855681638041,43.1064308849559,0.973609961865708));
#8437=CARTESIAN_POINT('Ctrl Pts',(-16.9382918621305,43.0935658891223,1.00409506365006));
#8438=CARTESIAN_POINT('Ctrl Pts',(-16.240381702918,43.1675263676266,0.637758667215061));
#8439=CARTESIAN_POINT('Ctrl Pts',(-16.3194538087769,43.1679909770653,0.680372112279624));
#8440=CARTESIAN_POINT('Ctrl Pts',(-16.473679153687,43.1646343436153,0.761471932320462));
#8441=CARTESIAN_POINT('Ctrl Pts',(-16.7574997578274,43.1281561181329,0.903000604419379));
#8442=CARTESIAN_POINT('Ctrl Pts',(-16.8878344978276,43.1020213975578,0.969711951325279));
#8443=CARTESIAN_POINT('Ctrl Pts',(-16.9394943376781,43.0900759511024,1.0004732403815));
#8444=CARTESIAN_POINT('Ctrl Pts',(-16.2677869760876,43.1551655124916,0.638905920409157));
#8445=CARTESIAN_POINT('Ctrl Pts',(-16.3431002224106,43.1556162957097,0.6797347316694));
#8446=CARTESIAN_POINT('Ctrl Pts',(-16.4924181178737,43.1521621914201,0.758713582923983));
#8447=CARTESIAN_POINT('Ctrl Pts',(-16.7714522471927,43.1159194625942,0.898044324417082));
#8448=CARTESIAN_POINT('Ctrl Pts',(-16.89325805475,43.0929930853962,0.96244191387094));
#8449=CARTESIAN_POINT('Ctrl Pts',(-16.9425180590327,43.0829163612093,0.993548569515569));
#8450=CARTESIAN_POINT('Ctrl Pts',(-16.3126568680794,43.1346874738483,0.643298825482558));
#8451=CARTESIAN_POINT('Ctrl Pts',(-16.3835452930911,43.1351202649494,0.681810008103664));
#8452=CARTESIAN_POINT('Ctrl Pts',(-16.5271227279793,43.131494338239,0.758017437344291));
#8453=CARTESIAN_POINT('Ctrl Pts',(-16.7958805878141,43.0964684951534,0.892325449856981));
#8454=CARTESIAN_POINT('Ctrl Pts',(-16.9038849885112,43.0790454626921,0.953251426214846));
#8455=CARTESIAN_POINT('Ctrl Pts',(-16.948796748719,43.0719185788925,0.984394891764579));
#8456=CARTESIAN_POINT('Ctrl Pts',(-16.3631201088639,43.1118609992044,0.650886764099166));
#8457=CARTESIAN_POINT('Ctrl Pts',(-16.4304183610445,43.1123228682566,0.687294866331182));
#8458=CARTESIAN_POINT('Ctrl Pts',(-16.5693271037175,43.1085861755361,0.760908445178359));
#8459=CARTESIAN_POINT('Ctrl Pts',(-16.8234370309739,43.0761460354689,0.888294803188413));
#8460=CARTESIAN_POINT('Ctrl Pts',(-16.916745879746,43.0649834955033,0.945934389488271));
#8461=CARTESIAN_POINT('Ctrl Pts',(-16.9566397911103,43.0609759862178,0.976735795789321));
#8462=CARTESIAN_POINT('Ctrl Pts',(-16.4215861371546,43.0861133494804,0.662443059518378));
#8463=CARTESIAN_POINT('Ctrl Pts',(-16.4857011370673,43.0867127493565,0.696809174105363));
#8464=CARTESIAN_POINT('Ctrl Pts',(-16.6200208334031,43.083169563909,0.767613973967827));
#8465=CARTESIAN_POINT('Ctrl Pts',(-16.8534233240542,43.0553966278896,0.885989657119241));
#8466=CARTESIAN_POINT('Ctrl Pts',(-16.9314473235281,43.0512017987963,0.940666640931567));
#8467=CARTESIAN_POINT('Ctrl Pts',(-16.9657792085255,43.050446150312,0.970810940346186));
#8468=CARTESIAN_POINT('Ctrl Pts',(-16.4911087834948,43.0568313520724,0.678996936244459));
#8469=CARTESIAN_POINT('Ctrl Pts',(-16.5517930891809,43.0578763318576,0.711149399649376));
#8470=CARTESIAN_POINT('Ctrl Pts',(-16.6797683819733,43.0551012769631,0.778284186261148));
#8471=CARTESIAN_POINT('Ctrl Pts',(-16.8847424848661,43.0348838117878,0.885466241189579));
#8472=CARTESIAN_POINT('Ctrl Pts',(-16.9475876970793,43.0380692512803,0.937581799631573));
#8473=CARTESIAN_POINT('Ctrl Pts',(-16.9760338373926,43.0405690862002,0.96678002864858));
#8474=CARTESIAN_POINT('Ctrl Pts',(-16.5748683902177,43.0232962290907,0.701560885055417));
#8475=CARTESIAN_POINT('Ctrl Pts',(-16.6307579099396,43.0252630194549,0.730953497470076));
#8476=CARTESIAN_POINT('Ctrl Pts',(-16.747745687782,43.0248841063005,0.792643920604179));
#8477=CARTESIAN_POINT('Ctrl Pts',(-16.916073971977,43.0153171850851,0.886767586601033));
#8478=CARTESIAN_POINT('Ctrl Pts',(-16.9648232895671,43.0258434299043,0.936715734592558));
#8479=CARTESIAN_POINT('Ctrl Pts',(-16.9873305635573,43.0314283595117,0.964689551610222));
#8480=CARTESIAN_POINT('Ctrl Pts',(-16.6742341551744,42.9855709582642,0.730278527185319));
#8481=CARTESIAN_POINT('Ctrl Pts',(-16.7222988603157,42.9893235929789,0.75588278276414));
#8482=CARTESIAN_POINT('Ctrl Pts',(-16.8202623242843,42.9930701695449,0.809534729514049));
#8483=CARTESIAN_POINT('Ctrl Pts',(-16.9463704670469,42.9976009445661,0.889998963434398));
#8484=CARTESIAN_POINT('Ctrl Pts',(-16.9828420261898,43.0146684435398,0.937979786969015));
#8485=CARTESIAN_POINT('Ctrl Pts',(-16.9996291279792,43.0229937065156,0.964462090986932));
#8486=CARTESIAN_POINT('Ctrl Pts',(-16.7842971504743,42.9433589270085,0.76260618817626));
#8487=CARTESIAN_POINT('Ctrl Pts',(-16.8203929409031,42.9499455571191,0.783328418814631));
#8488=CARTESIAN_POINT('Ctrl Pts',(-16.8916412644945,42.961680327398,0.827166569339442));
#8489=CARTESIAN_POINT('Ctrl Pts',(-16.9752969823185,42.9820700824287,0.895263977157745));
#8490=CARTESIAN_POINT('Ctrl Pts',(-17.0013930696002,43.0045348367835,0.941133488478391));
#8491=CARTESIAN_POINT('Ctrl Pts',(-17.0128672194807,43.0151464931674,0.965880861179725));
#8492=CARTESIAN_POINT('Ctrl Pts',(-16.8942635654967,42.8974558354252,0.793223688793219));
#8493=CARTESIAN_POINT('Ctrl Pts',(-16.9160086896485,42.9091466182911,0.809207586290715));
#8494=CARTESIAN_POINT('Ctrl Pts',(-16.9573663921906,42.9321960890293,0.843957691511703));
#8495=CARTESIAN_POINT('Ctrl Pts',(-17.0039900741979,42.9683497032706,0.902682520246863));
#8496=CARTESIAN_POINT('Ctrl Pts',(-17.0203010055456,42.9952546736608,0.94576378747654));
#8497=CARTESIAN_POINT('Ctrl Pts',(-17.0268999351288,43.0077098690111,0.968575478932531));
#8498=CARTESIAN_POINT('Ctrl Pts',(-16.9637939219589,42.8625746962888,0.809967494903356));
#8499=CARTESIAN_POINT('Ctrl Pts',(-16.9759725123801,42.8795534612792,0.823808361719466));
#8500=CARTESIAN_POINT('Ctrl Pts',(-16.9984127426405,42.9127939218512,0.854508712811121));
#8501=CARTESIAN_POINT('Ctrl Pts',(-17.0237954235233,42.9599628955689,0.90876165347484));
#8502=CARTESIAN_POINT('Ctrl Pts',(-17.0330468273471,42.9894024342506,0.949430032165232));
#8503=CARTESIAN_POINT('Ctrl Pts',(-17.0365943003972,43.0028881581012,0.970863548170884));
#8504=CARTESIAN_POINT('Ctrl Pts',(-16.9998060932043,42.8434110610243,0.817885939003318));
#8505=CARTESIAN_POINT('Ctrl Pts',(-17.0068545276637,42.8637372516943,0.830810221373739));
#8506=CARTESIAN_POINT('Ctrl Pts',(-17.0194671042181,42.9029014751535,0.859808210313434));
#8507=CARTESIAN_POINT('Ctrl Pts',(-17.0335051821076,42.9558545702261,0.911769576060813));
#8508=CARTESIAN_POINT('Ctrl Pts',(-17.0393981686956,42.986495262523,0.951269165092671));
#8509=CARTESIAN_POINT('Ctrl Pts',(-17.0414449025165,43.0004769959465,0.972010272618897));
#8510=CARTESIAN_POINT('',(-17.0414449025165,43.0004769959465,0.972010272618897));
#8511=CARTESIAN_POINT('Origin',(-16.8038110766212,42.6469236053532,1.23379293971198));
#8512=CARTESIAN_POINT('Ctrl Pts',(-17.0414449025165,43.0004769959465,0.972010272618897));
#8513=CARTESIAN_POINT('Ctrl Pts',(-17.0365092136362,43.0029304534643,0.970843432921963));
#8514=CARTESIAN_POINT('Ctrl Pts',(-17.0315770191321,43.0053836228797,0.96967937615315));
#8515=CARTESIAN_POINT('Ctrl Pts',(-17.0267341964667,43.0078725482366,0.968644737449936));
#8516=CARTESIAN_POINT('Ctrl Pts',(-17.0213903782587,43.010618955768,0.967503064189725));
#8517=CARTESIAN_POINT('Ctrl Pts',(-17.0161549625285,43.0134091829403,0.966518974617635));
#8518=CARTESIAN_POINT('Ctrl Pts',(-17.0110937122475,43.0162914778183,0.965817327166065));
#8519=CARTESIAN_POINT('Ctrl Pts',(-17.007218674978,43.0184982448133,0.965280125906719));
#8520=CARTESIAN_POINT('Ctrl Pts',(-17.0034443031789,43.0207587828651,0.964906925040048));
#8521=CARTESIAN_POINT('Ctrl Pts',(-16.9997855773644,43.0230915453542,0.964736245574351));
#8522=CARTESIAN_POINT('Ctrl Pts',(-16.9985602007985,43.0238728316907,0.964679081788881));
#8523=CARTESIAN_POINT('Ctrl Pts',(-16.9973477922438,43.0246622212286,0.964644633611371));
#8524=CARTESIAN_POINT('Ctrl Pts',(-16.9961485731406,43.0254601815246,0.964633733518681));
#8525=CARTESIAN_POINT('Ctrl Pts',(-16.9931825172732,43.0274337948632,0.96460677407166));
#8526=CARTESIAN_POINT('Ctrl Pts',(-16.9902975322476,43.0294600477317,0.964724499751902));
#8527=CARTESIAN_POINT('Ctrl Pts',(-16.9874972363737,43.0315459648483,0.96499968239744));
#8528=CARTESIAN_POINT('Ctrl Pts',(-16.985687677921,43.0328938898962,0.965177506136326));
#8529=CARTESIAN_POINT('Ctrl Pts',(-16.9839134803036,43.0342667308224,0.965421079162686));
#8530=CARTESIAN_POINT('Ctrl Pts',(-16.9821752213242,43.0356649667719,0.965731573092656));
#8531=CARTESIAN_POINT('Ctrl Pts',(-16.9801359486163,43.037305334775,0.966095835153067));
#8532=CARTESIAN_POINT('Ctrl Pts',(-16.9781462865865,43.0389806629275,0.966552347227105));
#8533=CARTESIAN_POINT('Ctrl Pts',(-16.9762072312336,43.040691783984,0.967103138120521));
#8534=CARTESIAN_POINT('Ctrl Pts',(-16.9740115997133,43.042629320899,0.967726809768063));
#8535=CARTESIAN_POINT('Ctrl Pts',(-16.971880853291,43.044612749383,0.968471360365383));
#8536=CARTESIAN_POINT('Ctrl Pts',(-16.9698176945508,43.0466389624453,0.969335047010046));
#8537=CARTESIAN_POINT('Ctrl Pts',(-16.9685057345336,43.0479274287529,0.969884264248227));
#8538=CARTESIAN_POINT('Ctrl Pts',(-16.967221308124,43.0492329894019,0.970481562128949));
#8539=CARTESIAN_POINT('Ctrl Pts',(-16.965964989708,43.050554947536,0.971126520905917));
#8540=CARTESIAN_POINT('Ctrl Pts',(-16.9635351634778,43.0531117265409,0.972373925810356));
#8541=CARTESIAN_POINT('Ctrl Pts',(-16.961210458993,43.0557298357072,0.973799585331811));
#8542=CARTESIAN_POINT('Ctrl Pts',(-16.9590029209847,43.0583932849622,0.975392837538549));
#8543=CARTESIAN_POINT('Ctrl Pts',(-16.9582741996503,43.0592725052916,0.975918779501769));
#8544=CARTESIAN_POINT('Ctrl Pts',(-16.9575583599565,43.0601565380057,0.976462914221927));
#8545=CARTESIAN_POINT('Ctrl Pts',(-16.956855853107,43.0610447790634,0.9770248354861));
#8546=CARTESIAN_POINT('Ctrl Pts',(-16.9540252119134,43.0646238071247,0.979289009108086));
#8547=CARTESIAN_POINT('Ctrl Pts',(-16.9514110181904,43.0682711513157,0.981841928507993));
#8548=CARTESIAN_POINT('Ctrl Pts',(-16.949057401531,43.0719277886759,0.984643938333706));
#8549=CARTESIAN_POINT('Ctrl Pts',(-16.9484311640619,43.0729007267781,0.985389481808132));
#8550=CARTESIAN_POINT('Ctrl Pts',(-16.9478233757923,43.0738743232688,0.986152661780063));
#8551=CARTESIAN_POINT('Ctrl Pts',(-16.9472345914601,43.0748476049465,0.986932667446354));
#8552=CARTESIAN_POINT('Ctrl Pts',(-16.9456105032726,43.0775322811334,0.989084215847853));
#8553=CARTESIAN_POINT('Ctrl Pts',(-16.9441311578347,43.0802144242806,0.991363733793632));
#8554=CARTESIAN_POINT('Ctrl Pts',(-16.9428083503911,43.0828733413185,0.99375398119715));
#8555=CARTESIAN_POINT('Ctrl Pts',(-16.9415661381332,43.0853702575197,0.995998597099691));
#8556=CARTESIAN_POINT('Ctrl Pts',(-16.9404619700004,43.0878466914567,0.998340860336552));
#8557=CARTESIAN_POINT('Ctrl Pts',(-16.939502024492,43.090287302183,1.00076566057491));
#8558=CARTESIAN_POINT('Ctrl Pts',(-16.939069133439,43.0913879048089,1.00185913340159));
#8559=CARTESIAN_POINT('Ctrl Pts',(-16.9386655919186,43.0924812152598,1.00296939980971));
#8560=CARTESIAN_POINT('Ctrl Pts',(-16.9382918621305,43.0935658891223,1.00409506365005));
#8561=CARTESIAN_POINT('Ctrl Pts',(-23.8286391718462,43.1731308493869,7.53686681400389));
#8562=CARTESIAN_POINT('Ctrl Pts',(-23.7775861059508,43.1735734903243,7.46043067585626));
#8563=CARTESIAN_POINT('Ctrl Pts',(-23.6857158226646,43.1714226929172,7.31857927523581));
#8564=CARTESIAN_POINT('Ctrl Pts',(-23.5124008067373,43.1339517016385,7.04271207331039));
#8565=CARTESIAN_POINT('Ctrl Pts',(-23.4330563201428,43.106180178144,6.91676899385089));
#8566=CARTESIAN_POINT('Ctrl Pts',(-23.3976265200587,43.0933151823104,6.86723255209322));
#8567=CARTESIAN_POINT('Ctrl Pts',(-23.8131437264017,43.1798609174782,7.52595251691386));
#8568=CARTESIAN_POINT('Ctrl Pts',(-23.7640047504242,43.1796251494288,7.45132271839691));
#8569=CARTESIAN_POINT('Ctrl Pts',(-23.6728389789956,43.1763770118797,7.30991821188019));
#8570=CARTESIAN_POINT('Ctrl Pts',(-23.5039538508129,43.1384446432737,7.04015926613979));
#8571=CARTESIAN_POINT('Ctrl Pts',(-23.4276797562278,43.1106000907141,6.91785776578966));
#8572=CARTESIAN_POINT('Ctrl Pts',(-23.3937537776403,43.0971896760561,6.86894980025181));
#8573=CARTESIAN_POINT('Ctrl Pts',(-23.7813130024396,43.1924734531144,7.50308824127894));
#8574=CARTESIAN_POINT('Ctrl Pts',(-23.7354107807461,43.1910569646293,7.43146316914994));
#8575=CARTESIAN_POINT('Ctrl Pts',(-23.6451983208848,43.1857276836648,7.29033370044282));
#8576=CARTESIAN_POINT('Ctrl Pts',(-23.486283042656,43.1470119380736,7.03398291550588));
#8577=CARTESIAN_POINT('Ctrl Pts',(-23.4162776580228,43.1190896716292,6.91897317920027));
#8578=CARTESIAN_POINT('Ctrl Pts',(-23.3855037415436,43.104752849518,6.87167533585582));
#8579=CARTESIAN_POINT('Ctrl Pts',(-23.7275139431205,43.209106425813,7.46147808243617));
#8580=CARTESIAN_POINT('Ctrl Pts',(-23.6839516488767,43.2062723694705,7.39157841985567));
#8581=CARTESIAN_POINT('Ctrl Pts',(-23.6002114759371,43.1980686838554,7.25676235531578));
#8582=CARTESIAN_POINT('Ctrl Pts',(-23.4567629170704,43.1585740515694,7.02060563552154));
#8583=CARTESIAN_POINT('Ctrl Pts',(-23.3975737377726,43.1305605519075,6.91748677249084));
#8584=CARTESIAN_POINT('Ctrl Pts',(-23.3719983207446,43.1151750293556,6.87349154549805));
#8585=CARTESIAN_POINT('Ctrl Pts',(-23.6644791001541,43.2235300026486,7.40880691820648));
#8586=CARTESIAN_POINT('Ctrl Pts',(-23.6246187424053,43.2195005557082,7.34242229987544));
#8587=CARTESIAN_POINT('Ctrl Pts',(-23.5515043336882,43.2085893818063,7.21871777731831));
#8588=CARTESIAN_POINT('Ctrl Pts',(-23.4241748922419,43.1687102652672,7.00277471787614));
#8589=CARTESIAN_POINT('Ctrl Pts',(-23.3777586042809,43.1405088779803,6.91293535744976));
#8590=CARTESIAN_POINT('Ctrl Pts',(-23.357834470734,43.1243182351814,6.87298273241165));
#8591=CARTESIAN_POINT('Ctrl Pts',(-23.5918746326548,43.2356069807484,7.34475897481828));
#8592=CARTESIAN_POINT('Ctrl Pts',(-23.5585462129526,43.2305004700495,7.28531402877341));
#8593=CARTESIAN_POINT('Ctrl Pts',(-23.498230012047,43.2170071422084,7.17498128142063));
#8594=CARTESIAN_POINT('Ctrl Pts',(-23.3893235279776,43.1771797433412,6.98087604030033));
#8595=CARTESIAN_POINT('Ctrl Pts',(-23.3575572727597,43.1486284710634,6.90556355528194));
#8596=CARTESIAN_POINT('Ctrl Pts',(-23.3435973943099,43.1318440720146,6.87022309282669));
#8597=CARTESIAN_POINT('Ctrl Pts',(-23.5116115718431,43.2449370253197,7.27164369278292));
#8598=CARTESIAN_POINT('Ctrl Pts',(-23.4872995959927,43.2388119329027,7.22193711741843));
#8599=CARTESIAN_POINT('Ctrl Pts',(-23.437261563475,43.2229494201191,7.12151058659013));
#8600=CARTESIAN_POINT('Ctrl Pts',(-23.3548456465471,43.1837191275443,6.95722995623639));
#8601=CARTESIAN_POINT('Ctrl Pts',(-23.3376054603178,43.1546798072255,6.89562494805748));
#8602=CARTESIAN_POINT('Ctrl Pts',(-23.3296049076204,43.1375474618319,6.86522415476636));
#8603=CARTESIAN_POINT('Ctrl Pts',(-23.4243401035167,43.2509234849601,7.19031287934926));
#8604=CARTESIAN_POINT('Ctrl Pts',(-23.407299482914,43.2438832736552,7.14794547655415));
#8605=CARTESIAN_POINT('Ctrl Pts',(-23.3697636344139,43.2262024139695,7.0588874212677));
#8606=CARTESIAN_POINT('Ctrl Pts',(-23.3232165639176,43.1881412518298,6.93402411573761));
#8607=CARTESIAN_POINT('Ctrl Pts',(-23.3183048001727,43.1585774385652,6.8833687166851));
#8608=CARTESIAN_POINT('Ctrl Pts',(-23.3158899682824,43.1413995310013,6.857976839991));
#8609=CARTESIAN_POINT('Ctrl Pts',(-23.3259223163731,43.2532537112157,7.09575575118685));
#8610=CARTESIAN_POINT('Ctrl Pts',(-23.3189290274748,43.2455925501417,7.06296907037079));
#8611=CARTESIAN_POINT('Ctrl Pts',(-23.3054793372919,43.2270506335982,6.99752037152912));
#8612=CARTESIAN_POINT('Ctrl Pts',(-23.2948615028739,43.1903619225691,6.91123012310633));
#8613=CARTESIAN_POINT('Ctrl Pts',(-23.29982922843,43.1604363404843,6.86910803333279));
#8614=CARTESIAN_POINT('Ctrl Pts',(-23.3023363570739,43.1435532093966,6.84858219131317));
#8615=CARTESIAN_POINT('Ctrl Pts',(-23.2331936318146,43.2530026399056,7.00628610408189));
#8616=CARTESIAN_POINT('Ctrl Pts',(-23.2398995022599,43.2450588519972,6.98646505930211));
#8617=CARTESIAN_POINT('Ctrl Pts',(-23.2516518865186,43.2263692735655,6.94552465136817));
#8618=CARTESIAN_POINT('Ctrl Pts',(-23.2688649194968,43.1903941370013,6.88756578329221));
#8619=CARTESIAN_POINT('Ctrl Pts',(-23.282078341418,43.1606250657838,6.85324950927442));
#8620=CARTESIAN_POINT('Ctrl Pts',(-23.2887814765756,43.144357023583,6.83736331684018));
#8621=CARTESIAN_POINT('Ctrl Pts',(-23.1886626575838,43.2527497466887,6.9655655160665));
#8622=CARTESIAN_POINT('Ctrl Pts',(-23.2001045114616,43.2445554977988,6.94923419261232));
#8623=CARTESIAN_POINT('Ctrl Pts',(-23.2217061011313,43.2255188029587,6.91649221899542));
#8624=CARTESIAN_POINT('Ctrl Pts',(-23.2512766928999,43.1892111053035,6.86956108048212));
#8625=CARTESIAN_POINT('Ctrl Pts',(-23.2705096500405,43.1600757270962,6.84200608746616));
#8626=CARTESIAN_POINT('Ctrl Pts',(-23.2796782314659,43.1443633710263,6.82910839749284));
#8627=CARTESIAN_POINT('Ctrl Pts',(-23.1660956960027,43.2527497466887,6.94508030411995));
#8628=CARTESIAN_POINT('Ctrl Pts',(-23.1796430968215,43.2444008893292,6.930156188392));
#8629=CARTESIAN_POINT('Ctrl Pts',(-23.2060022241099,43.2250610513976,6.9011183920354));
#8630=CARTESIAN_POINT('Ctrl Pts',(-23.2426576857544,43.1886210800663,6.86073792651593));
#8631=CARTESIAN_POINT('Ctrl Pts',(-23.2647542903707,43.1597900478949,6.83639581920708));
#8632=CARTESIAN_POINT('Ctrl Pts',(-23.2751230220606,43.1443633710263,6.82497339554351));
#8633=CARTESIAN_POINT('',(-23.2751230220606,43.1443633710263,6.82497339554351));
#8634=CARTESIAN_POINT('Origin',(-23.0374891961654,42.790809980433,7.08675606263659));
#8635=CARTESIAN_POINT('Ctrl Pts',(-23.2751230220606,43.1443633710263,6.82497339554351));
#8636=CARTESIAN_POINT('Ctrl Pts',(-23.2790013764143,43.1443633710263,6.82849398074296));
#8637=CARTESIAN_POINT('Ctrl Pts',(-23.2828779224362,43.1443617103915,6.83201068163811));
#8638=CARTESIAN_POINT('Ctrl Pts',(-23.2867423659999,43.1442770574041,6.83540431028413));
#8639=CARTESIAN_POINT('Ctrl Pts',(-23.2908119001911,43.1441879117818,6.83897804284867));
#8640=CARTESIAN_POINT('Ctrl Pts',(-23.2948687701087,43.1440058572372,6.84241480025057));
#8641=CARTESIAN_POINT('Ctrl Pts',(-23.2989204515636,43.1436599174369,6.8456255108184));
#8642=CARTESIAN_POINT('Ctrl Pts',(-23.3000591739396,43.1435626912862,6.84652787888637));
#8643=CARTESIAN_POINT('Ctrl Pts',(-23.3011976336687,43.1434527417043,6.84741282476966));
#8644=CARTESIAN_POINT('Ctrl Pts',(-23.3023361009448,43.1433285464627,6.84827853787522));
#8645=CARTESIAN_POINT('Ctrl Pts',(-23.3056560607522,43.142966372495,6.8508031011855));
#8646=CARTESIAN_POINT('Ctrl Pts',(-23.3089761495987,43.1424830499604,6.8531641631352));
#8647=CARTESIAN_POINT('Ctrl Pts',(-23.312306745229,43.1418545177903,6.85533864820859));
#8648=CARTESIAN_POINT('Ctrl Pts',(-23.313508610907,43.1416277081363,6.85612332436478));
#8649=CARTESIAN_POINT('Ctrl Pts',(-23.3147118128891,43.1413821522336,6.8568838956071));
#8650=CARTESIAN_POINT('Ctrl Pts',(-23.3159168956517,43.1411167326274,6.85761934699443));
#8651=CARTESIAN_POINT('Ctrl Pts',(-23.3194291852146,43.1403431504789,6.85976286635418));
#8652=CARTESIAN_POINT('Ctrl Pts',(-23.3229575058279,43.1394008555637,6.8616930811002));
#8653=CARTESIAN_POINT('Ctrl Pts',(-23.3265112963937,43.1382770148778,6.8634012276648));
#8654=CARTESIAN_POINT('Ctrl Pts',(-23.3275557612798,43.1379467162538,6.8639032547466));
#8655=CARTESIAN_POINT('Ctrl Pts',(-23.3286023261612,43.1376008445431,6.86438615570483));
#8656=CARTESIAN_POINT('Ctrl Pts',(-23.3296512484026,43.1372390840025,6.86484973773236));
#8657=CARTESIAN_POINT('Ctrl Pts',(-23.3333716792871,43.1359559525797,6.8664940206206));
#8658=CARTESIAN_POINT('Ctrl Pts',(-23.3371218039035,43.1344729738079,6.86789535208139));
#8659=CARTESIAN_POINT('Ctrl Pts',(-23.3408998045517,43.1327915401457,6.86905396269264));
#8660=CARTESIAN_POINT('Ctrl Pts',(-23.3418111393946,43.1323859422581,6.86933344443911));
#8661=CARTESIAN_POINT('Ctrl Pts',(-23.3427239422024,43.1319688919296,6.86959879151718));
#8662=CARTESIAN_POINT('Ctrl Pts',(-23.343638222737,43.131540406968,6.86985003683875));
#8663=CARTESIAN_POINT('Ctrl Pts',(-23.3473082398024,43.1298204238097,6.87085856166553));
#8664=CARTESIAN_POINT('Ctrl Pts',(-23.3510020675105,43.1279162920494,6.87163999678773));
#8665=CARTESIAN_POINT('Ctrl Pts',(-23.3546978440245,43.1258422920482,6.87219378356737));
#8666=CARTESIAN_POINT('Ctrl Pts',(-23.3557396044255,43.1252576757803,6.8723498842232));
#8667=CARTESIAN_POINT('Ctrl Pts',(-23.3567812705176,43.1246596903558,6.87248784341207));
#8668=CARTESIAN_POINT('Ctrl Pts',(-23.3578222940338,43.1240486962037,6.87260765022448));
#8669=CARTESIAN_POINT('Ctrl Pts',(-23.363306910527,43.1208296828464,6.87323885058562));
#8670=CARTESIAN_POINT('Ctrl Pts',(-23.3687732089409,43.1172496039026,6.87336578166461));
#8671=CARTESIAN_POINT('Ctrl Pts',(-23.374073341521,43.1133952324249,6.87297142659557));
#8672=CARTESIAN_POINT('Ctrl Pts',(-23.3779229708231,43.1105956984213,6.87268499586838));
#8673=CARTESIAN_POINT('Ctrl Pts',(-23.3816858952476,43.1076518448318,6.87212494622096));
#8674=CARTESIAN_POINT('Ctrl Pts',(-23.3853154582324,43.1045991378253,6.87129682426516));
#8675=CARTESIAN_POINT('Ctrl Pts',(-23.3870767934323,43.1031177362549,6.8708949576061));
#8676=CARTESIAN_POINT('Ctrl Pts',(-23.3888067248606,43.1016107001182,6.8704299630618));
#8677=CARTESIAN_POINT('Ctrl Pts',(-23.3905009353096,43.1000821785056,6.86990352527505));
#8678=CARTESIAN_POINT('Ctrl Pts',(-23.3929557461615,43.0978674409892,6.86914074802237));
#8679=CARTESIAN_POINT('Ctrl Pts',(-23.3953351633448,43.0956075752191,6.86824858354394));
#8680=CARTESIAN_POINT('Ctrl Pts',(-23.3976265200587,43.0933151823104,6.86723255209322));
#8681=CARTESIAN_POINT('Origin',(-18.8582652834168,42.790809980433,3.29305582003661));
#8682=CARTESIAN_POINT('',(-19.0958991093121,43.1443633710263,3.03127315294352));
#8683=CARTESIAN_POINT('',(-19.3144623359681,42.790809980433,3.08839940248875));
#8684=CARTESIAN_POINT('Origin',(-18.8582652834168,42.790809980433,3.29305582003661));
#8685=CARTESIAN_POINT('Origin',(-18.8582652834168,42.790809980433,3.29305582003661));
#8686=CARTESIAN_POINT('Origin',(-18.8582652834168,42.790809980433,3.29305582003661));
#8687=CARTESIAN_POINT('Origin',(-20.9338389209565,42.790809980433,5.17716262471123));
#8688=CARTESIAN_POINT('',(-21.0935254538592,42.790809980433,4.70334809220985));
#8689=CARTESIAN_POINT('Origin',(-20.9338389209565,42.790809980433,5.17716262471123));
#8690=CARTESIAN_POINT('',(-21.1714727468518,43.1443633710263,4.91537995761815));
#8691=CARTESIAN_POINT('Origin',(-20.9338389209565,42.790809980433,5.17716262471123));
#8692=CARTESIAN_POINT('Origin',(-20.9338389209565,42.790809980433,5.17716262471123));
#8693=CARTESIAN_POINT('Origin',(-22.0516446512758,42.790809980433,1.8604608972016));
#8694=CARTESIAN_POINT('Origin',(-22.0516446512758,42.790809980433,1.8604608972016));
#8695=CARTESIAN_POINT('Origin',(-19.8885133445512,42.790809980433,4.22826589756829));
#8696=CARTESIAN_POINT('',(-20.1261471704465,43.1443633710263,3.9664832304752));
#8697=CARTESIAN_POINT('Ctrl Pts',(-23.4195360851902,43.0007592111952,6.76211855074576));
#8698=CARTESIAN_POINT('Ctrl Pts',(-23.2900897661218,42.8069775035541,6.38289938806369));
#8699=CARTESIAN_POINT('Ctrl Pts',(-23.2264299881858,42.5524237930861,5.98132183070289));
#8700=CARTESIAN_POINT('Ctrl Pts',(-23.232246305226,42.2518513455315,5.58066026114355));
#8701=CARTESIAN_POINT('Ctrl Pts',(-23.4909831815238,42.9528184973482,6.76222808462994));
#8702=CARTESIAN_POINT('Ctrl Pts',(-23.3687921930199,42.7613316459158,6.39261767702882));
#8703=CARTESIAN_POINT('Ctrl Pts',(-23.3115674761463,42.5097649279584,6.00117140505396));
#8704=CARTESIAN_POINT('Ctrl Pts',(-23.3230885140065,42.2132254468065,5.61095560469097));
#8705=CARTESIAN_POINT('Ctrl Pts',(-23.596972046312,42.8408681695325,6.7832559940039));
#8706=CARTESIAN_POINT('Ctrl Pts',(-23.4852055924895,42.6501659397007,6.43284426598228));
#8707=CARTESIAN_POINT('Ctrl Pts',(-23.4366191005438,42.3998450843695,6.06211243449757));
#8708=CARTESIAN_POINT('Ctrl Pts',(-23.4541807277033,42.1048540242445,5.6941574826637));
#8709=CARTESIAN_POINT('Ctrl Pts',(-23.6460344549679,42.7052544770981,6.83580765453082));
#8710=CARTESIAN_POINT('Ctrl Pts',(-23.5361083320277,42.5123917916587,6.50380204465159));
#8711=CARTESIAN_POINT('Ctrl Pts',(-23.4848420753282,42.2591096793532,6.1525397298507));
#8712=CARTESIAN_POINT('Ctrl Pts',(-23.4952479831093,41.9602008080659,5.80327089322751));
#8713=CARTESIAN_POINT('Ctrl Pts',(-23.6551044978636,42.6471380275541,6.86240930875269));
#8714=CARTESIAN_POINT('Ctrl Pts',(-23.5441493105081,42.4533552466159,6.53737244164859));
#8715=CARTESIAN_POINT('Ctrl Pts',(-23.4895799344399,42.1988000510935,6.19317134428524));
#8716=CARTESIAN_POINT('Ctrl Pts',(-23.4945590197087,41.8982256606988,5.84975396853429));
#8717=CARTESIAN_POINT('',(-23.2322378849877,42.2522889870213,5.5812436790635));
#8718=CARTESIAN_POINT('Origin',(-22.9946040590924,41.898735596428,5.84302634615659));
#8719=CARTESIAN_POINT('Origin',(-26.731877655538,39.9372565898397,5.63145798362509));
#8720=CARTESIAN_POINT('Ctrl Pts',(-23.2313676446543,42.253324508329,5.58185414781098));
#8721=CARTESIAN_POINT('Ctrl Pts',(-23.2334523317196,42.1621644195236,5.46062515636118));
#8722=CARTESIAN_POINT('Ctrl Pts',(-23.1597286666176,42.0620607597488,5.25850638020312));
#8723=CARTESIAN_POINT('Ctrl Pts',(-22.9214860125529,42.0978003670918,5.09050953804155));
#8724=CARTESIAN_POINT('Ctrl Pts',(-22.7567961536249,42.1924793314436,5.06888290297154));
#8725=CARTESIAN_POINT('Ctrl Pts',(-22.6763893310943,42.2533244916767,5.07807126833501));
#8726=CARTESIAN_POINT('Ctrl Pts',(-23.3226766680477,42.2147819693329,5.61228463395718));
#8727=CARTESIAN_POINT('Ctrl Pts',(-23.312606806442,42.1149781392389,5.46884635888315));
#8728=CARTESIAN_POINT('Ctrl Pts',(-23.2124055711842,42.0073902717515,5.23262329670974));
#8729=CARTESIAN_POINT('Ctrl Pts',(-22.9277567974303,42.0457173784076,5.02598063566229));
#8730=CARTESIAN_POINT('Ctrl Pts',(-22.7332358410644,42.1481669967219,4.98758057964096));
#8731=CARTESIAN_POINT('Ctrl Pts',(-22.6372910783446,42.2147819538504,4.99012424627718));
#8732=CARTESIAN_POINT('Ctrl Pts',(-23.4542304141658,42.1063218650919,5.69589214008498));
#8733=CARTESIAN_POINT('Ctrl Pts',(-23.4313207071552,42.0031980346867,5.50510413122001));
#8734=CARTESIAN_POINT('Ctrl Pts',(-23.2919167029309,41.893211146889,5.2010992119219));
#8735=CARTESIAN_POINT('Ctrl Pts',(-22.9236907257277,41.9323298944815,4.92976367426643));
#8736=CARTESIAN_POINT('Ctrl Pts',(-22.6696102655739,42.0374906829552,4.87018763865618));
#8737=CARTESIAN_POINT('Ctrl Pts',(-22.5413809781396,42.1063218504558,4.86725091855871));
#8738=CARTESIAN_POINT('Ctrl Pts',(-23.4952768665025,41.9613834322601,5.80544472462727));
#8739=CARTESIAN_POINT('Ctrl Pts',(-23.4876660508546,41.8666021770504,5.57495972439463));
#8740=CARTESIAN_POINT('Ctrl Pts',(-23.3378161337611,41.7634918132559,5.19947027391725));
#8741=CARTESIAN_POINT('Ctrl Pts',(-22.8915067327018,41.800259875855,4.87952196118753));
#8742=CARTESIAN_POINT('Ctrl Pts',(-22.5819967439677,41.8981210692792,4.82718435925048));
#8743=CARTESIAN_POINT('Ctrl Pts',(-22.4283792234766,41.9613834161884,4.83696587017594));
#8744=CARTESIAN_POINT('Ctrl Pts',(-23.4945251828877,41.8994086766633,5.85199300380967));
#8745=CARTESIAN_POINT('Ctrl Pts',(-23.4984666803901,41.8081676577598,5.60911783272289));
#8746=CARTESIAN_POINT('Ctrl Pts',(-23.3505225641284,41.7079939324066,5.20423981678321));
#8747=CARTESIAN_POINT('Ctrl Pts',(-22.873166060033,41.7437577627406,4.86752078793189));
#8748=CARTESIAN_POINT('Ctrl Pts',(-22.5432261182375,41.8385094780147,4.82395292909771));
#8749=CARTESIAN_POINT('Ctrl Pts',(-22.3821206305062,41.899408660022,4.84220513500869));
#8750=CARTESIAN_POINT('',(-22.6769129876919,42.2522889870213,5.07714620987393));
#8751=CARTESIAN_POINT('',(-22.3839028031507,41.898735596428,4.84200487985767));
#8752=CARTESIAN_POINT('Origin',(-22.4392791617966,41.898735596428,5.33892887696702));
#8753=CARTESIAN_POINT('Origin',(-22.4946555204424,42.2294545103111,5.83585287407636));
#8754=CARTESIAN_POINT('Origin',(-22.7322893463377,42.5830079009044,5.57407020698328));
#8755=CARTESIAN_POINT('Ctrl Pts',(-21.0921031345435,42.7912843577669,4.70286838189332));
#8756=CARTESIAN_POINT('Ctrl Pts',(-21.5061194555951,42.5873416508646,4.842635772225));
#8757=CARTESIAN_POINT('Ctrl Pts',(-21.9509007226016,42.279826291548,4.89044675998177));
#8758=CARTESIAN_POINT('Ctrl Pts',(-22.3851651215487,41.897282772471,4.8418640074476));
#8759=CARTESIAN_POINT('Ctrl Pts',(-21.1211534054422,42.867902804903,4.71263790966618));
#8760=CARTESIAN_POINT('Ctrl Pts',(-21.546761964836,42.6652290561868,4.85155913614447));
#8761=CARTESIAN_POINT('Ctrl Pts',(-22.0035641258024,42.359630147543,4.89372918452563));
#8762=CARTESIAN_POINT('Ctrl Pts',(-22.4468072667938,41.9799593099606,4.83490926564935));
#8763=CARTESIAN_POINT('Ctrl Pts',(-21.1602456233617,43.0018149055898,4.76431801399887));
#8764=CARTESIAN_POINT('Ctrl Pts',(-21.6096570931105,42.8013010735411,4.90800488127911));
#8765=CARTESIAN_POINT('Ctrl Pts',(-22.0924259688803,42.4991130465398,4.94804295828163));
#8766=CARTESIAN_POINT('Ctrl Pts',(-22.5608398709516,42.1242532039025,4.88039501618443));
#8767=CARTESIAN_POINT('Ctrl Pts',(-21.1708573241616,43.1078191013766,4.86546609274905));
#8768=CARTESIAN_POINT('Ctrl Pts',(-21.6443148024412,42.9056395914423,5.02217952183484));
#8769=CARTESIAN_POINT('Ctrl Pts',(-22.1531330873165,42.6008041637201,5.07242351495237));
#8770=CARTESIAN_POINT('Ctrl Pts',(-22.6493537235012,42.2220807195281,5.0113309644536));
#8771=CARTESIAN_POINT('Ctrl Pts',(-21.1698977874905,43.1450286147663,4.91484873666167));
#8772=CARTESIAN_POINT('Ctrl Pts',(-21.6529505243197,42.9410890689328,5.07790824144245));
#8773=CARTESIAN_POINT('Ctrl Pts',(-22.1718969458563,42.6335784838127,5.13367134346149));
#8774=CARTESIAN_POINT('Ctrl Pts',(-22.6785648527688,42.2510421207055,5.07696172556093));
#8775=CARTESIAN_POINT('Origin',(-22.2892784771711,39.9372565898398,1.59867823010851));
#8776=CARTESIAN_POINT('Origin',(-22.0516446512758,39.5837031992466,1.8604608972016));
#8777=CARTESIAN_POINT('Origin',(-19.8885133445512,42.790809980433,4.22826589756829));
#8778=CARTESIAN_POINT('',(-20.1261471704465,43.1443633710263,3.9664832304752));
#8779=CARTESIAN_POINT('Ctrl Pts',(-16.9183258258469,42.6471380818331,0.747082863616258));
#8780=CARTESIAN_POINT('Ctrl Pts',(-17.2525516105395,42.4533552559382,0.826160057957628));
#8781=CARTESIAN_POINT('Ctrl Pts',(-17.6004119769689,42.1988000380938,0.847265329205461));
#8782=CARTESIAN_POINT('Ctrl Pts',(-17.94174688704,41.8982255314383,0.809175705312175));
#8783=CARTESIAN_POINT('Ctrl Pts',(-16.9547925474784,42.7246192035812,0.755696756858674));
#8784=CARTESIAN_POINT('Ctrl Pts',(-17.2981370970571,42.5320767609109,0.832478202898058));
#8785=CARTESIAN_POINT('Ctrl Pts',(-17.6549447102869,42.2791703118083,0.848403591638816));
#8786=CARTESIAN_POINT('Ctrl Pts',(-18.0033406304249,41.9808512371601,0.802281830168176));
#8787=CARTESIAN_POINT('Ctrl Pts',(-17.009362273977,42.8600372762878,0.809490988325705));
#8788=CARTESIAN_POINT('Ctrl Pts',(-17.3720371478623,42.6696003742444,0.887810939807096));
#8789=CARTESIAN_POINT('Ctrl Pts',(-17.7491033012314,42.4196201769508,0.900842916576691));
#8790=CARTESIAN_POINT('Ctrl Pts',(-18.1172777189848,42.1250774957974,0.847796112249971));
#8791=CARTESIAN_POINT('Ctrl Pts',(-17.0356251317595,42.9648037633698,0.918548515254388));
#8792=CARTESIAN_POINT('Ctrl Pts',(-17.4178624596721,42.772731650711,1.00610637733728));
#8793=CARTESIAN_POINT('Ctrl Pts',(-17.8156842489272,42.5204587721717,1.02657241574059));
#8794=CARTESIAN_POINT('Ctrl Pts',(-18.2057048104997,42.2228817692878,0.978680281652828));
#8795=CARTESIAN_POINT('Ctrl Pts',(-17.0408769432731,43.0007592826553,0.971875951636912));
#8796=CARTESIAN_POINT('Ctrl Pts',(-17.4308163366874,42.8069775423146,1.06413033524453));
#8797=CARTESIAN_POINT('Ctrl Pts',(-17.836662567209,42.5524237674525,1.08874786384094));
#8798=CARTESIAN_POINT('Ctrl Pts',(-18.2348938398538,42.2518512346906,1.04430176931272));
#8799=CARTESIAN_POINT('',(-18.2343138093249,42.2522889870213,1.04436645635722));
#8800=CARTESIAN_POINT('Origin',(-17.9966799834296,41.898735596428,1.3061491234503));
#8801=CARTESIAN_POINT('Origin',(-17.8466792988043,39.9372565898397,-2.4341015234082));
#8802=CARTESIAN_POINT('Ctrl Pts',(-18.7887711929531,42.2533212741323,1.54907248952938));
#8803=CARTESIAN_POINT('Ctrl Pts',(-18.7908547616998,42.1621621424816,1.42784378973966));
#8804=CARTESIAN_POINT('Ctrl Pts',(-18.7171412330998,42.0620484545448,1.22572086753714));
#8805=CARTESIAN_POINT('Ctrl Pts',(-18.4788921486041,42.0977932936925,1.05772519789836));
#8806=CARTESIAN_POINT('Ctrl Pts',(-18.3141981693658,42.1924769586475,1.03610102619805));
#8807=CARTESIAN_POINT('Ctrl Pts',(-18.2337917855758,42.2533212575909,1.04528861728872));
#8808=CARTESIAN_POINT('Ctrl Pts',(-18.8800787208155,42.2147784490874,1.57950250864875));
#8809=CARTESIAN_POINT('Ctrl Pts',(-18.8700079742385,42.1149759008062,1.43606486250069));
#8810=CARTESIAN_POINT('Ctrl Pts',(-18.7698224998111,42.0073857351494,1.19983191468472));
#8811=CARTESIAN_POINT('Ctrl Pts',(-18.485166093822,42.0457157611322,0.99319230789371));
#8812=CARTESIAN_POINT('Ctrl Pts',(-18.2906381666351,42.1481645727462,0.954799995011273));
#8813=CARTESIAN_POINT('Ctrl Pts',(-18.1946941419693,42.2147784337341,0.957343038680867));
#8814=CARTESIAN_POINT('Ctrl Pts',(-19.0116382977514,42.1063156295835,1.66311100029139));
#8815=CARTESIAN_POINT('Ctrl Pts',(-18.9887274200215,42.003193118265,1.47232260070241));
#8816=CARTESIAN_POINT('Ctrl Pts',(-18.8493275367303,41.8931960632001,1.16831335321245));
#8817=CARTESIAN_POINT('Ctrl Pts',(-18.4810961321843,41.9323197815856,0.896978075106786));
#8818=CARTESIAN_POINT('Ctrl Pts',(-18.2270116244205,42.0374855835351,0.837401444087719));
#8819=CARTESIAN_POINT('Ctrl Pts',(-18.0987824982445,42.1063156150381,0.834464002445883));
#8820=CARTESIAN_POINT('Ctrl Pts',(-19.0526805847879,41.9613703961078,1.77266785284393));
#8821=CARTESIAN_POINT('Ctrl Pts',(-19.0450696574912,41.866591033184,1.54218175374189));
#8822=CARTESIAN_POINT('Ctrl Pts',(-18.8952351051096,41.7634709515566,1.1666815023583));
#8823=CARTESIAN_POINT('Ctrl Pts',(-18.4489128072634,41.8002440274789,0.846733714103913));
#8824=CARTESIAN_POINT('Ctrl Pts',(-18.1393945578237,41.8981095289618,0.794402012747905));
#8825=CARTESIAN_POINT('Ctrl Pts',(-17.9857768973811,41.9613703801396,0.804183511812695));
#8826=CARTESIAN_POINT('Ctrl Pts',(-19.0519258980638,41.8993903059164,1.81921986243551));
#8827=CARTESIAN_POINT('Ctrl Pts',(-19.0558689043339,41.8081514278495,1.57634332997146));
#8828=CARTESIAN_POINT('Ctrl Pts',(-18.907947214543,41.7079687348948,1.17145119816215));
#8829=CARTESIAN_POINT('Ctrl Pts',(-18.4305723928123,41.7437374366483,0.834732407768125));
#8830=CARTESIAN_POINT('Ctrl Pts',(-18.1006205411873,41.8384927589608,0.791172855115404));
#8831=CARTESIAN_POINT('Ctrl Pts',(-17.9395148812072,41.899390289386,0.809426125789177));
#8832=CARTESIAN_POINT('',(-19.0519534193755,41.898735596428,1.81742006472015));
#8833=CARTESIAN_POINT('',(-18.7896387066208,42.2522889870213,1.54846392554682));
#8834=CARTESIAN_POINT('Origin',(-18.5520048807255,41.898735596428,1.8102465926399));
#8835=CARTESIAN_POINT('Origin',(-18.2896901679707,42.5830079009044,1.54129045346658));
#8836=CARTESIAN_POINT('Origin',(-18.0520563420754,42.2294545103111,1.80307312055966));
#8837=CARTESIAN_POINT('Ctrl Pts',(-19.0519718427629,41.8972827724921,1.81615004373253));
#8838=CARTESIAN_POINT('Ctrl Pts',(-19.0455147191256,42.279826291555,2.25307584702143));
#8839=CARTESIAN_POINT('Ctrl Pts',(-19.1360163221068,42.5873416508613,2.69116913146633));
#8840=CARTESIAN_POINT('Ctrl Pts',(-19.3150770373863,42.7912843577607,3.0897688024766));
#8841=CARTESIAN_POINT('Ctrl Pts',(-19.0529467404956,41.979959309334,1.75412446821873));
#8842=CARTESIAN_POINT('Ctrl Pts',(-19.0371665030037,42.3596301469018,2.20097483353787));
#8843=CARTESIAN_POINT('Ctrl Pts',(-19.1232132917588,42.6652290559301,2.65157718302006));
#8844=CARTESIAN_POINT('Ctrl Pts',(-19.3025502405386,42.8679028046424,3.0617966508488));
#8845=CARTESIAN_POINT('Ctrl Pts',(-18.9966722731985,42.1242538837289,1.64501195663736));
#8846=CARTESIAN_POINT('Ctrl Pts',(-18.9745337412574,42.499113727256,2.11776740365794));
#8847=CARTESIAN_POINT('Ctrl Pts',(-19.0609630541259,42.8013013391882,2.59442119314681));
#8848=CARTESIAN_POINT('Ctrl Pts',(-19.2473399796749,43.0018151721369,3.02787272088389));
#8849=CARTESIAN_POINT('Ctrl Pts',(-18.8578058925266,42.2220807195452,1.56954458822648));
#8850=CARTESIAN_POINT('Ctrl Pts',(-18.844875034415,42.6008041637236,2.06934456061075));
#8851=CARTESIAN_POINT('Ctrl Pts',(-18.9439767523063,42.905639591436,2.57094136618496));
#8852=CARTESIAN_POINT('Ctrl Pts',(-19.1456394870123,43.1078191013674,3.02706988317381));
#8853=CARTESIAN_POINT('Ctrl Pts',(-18.7896629539548,42.2510421207228,1.54680196745955));
#8854=CARTESIAN_POINT('Ctrl Pts',(-18.7821025608299,42.6335784838162,2.05657759368887));
#8855=CARTESIAN_POINT('Ctrl Pts',(-18.8876748284752,42.9410890689265,2.56772278662275));
#8856=CARTESIAN_POINT('Ctrl Pts',(-19.0965798081686,43.145028614757,3.03278951097637));
#8857=CARTESIAN_POINT('Origin',(-22.2892784771711,39.9372565898398,1.59867823010851));
#8858=CARTESIAN_POINT('Origin',(-22.0516446512758,39.5837031992466,1.8604608972016));
#8859=CARTESIAN_POINT('Origin',(-21.8860114293189,42.790809980433,6.43706951744093));
#8860=CARTESIAN_POINT('Origin',(-14.9073337590765,42.7908099804331,15.3538967412796));
#8861=CARTESIAN_POINT('',(2.07956625581984,43.1443633710263,0.411494006688429));
#8862=CARTESIAN_POINT('Origin',(1.84193242992456,42.7908099804331,0.149711339595338));
#8863=CARTESIAN_POINT('',(-14.6696999331812,43.1443633710263,15.6156794083727));
#8864=CARTESIAN_POINT('Origin',(-2.0516446512759,42.7908099804331,-4.13953910279869));
#8865=CARTESIAN_POINT('',(-6.18285555837164,43.1443633710263,-8.6905722122858));
#8866=CARTESIAN_POINT('Origin',(-5.94522173247636,42.7908099804331,-8.42878954519273));
#8867=CARTESIAN_POINT('Origin',(-2.0516446512759,43.1443633710263,-4.13953910279869));
#8868=CARTESIAN_POINT('Origin',(-19.8885133445512,42.790809980433,4.22826589756829));
#8869=CARTESIAN_POINT('',(-20.1261471704465,43.1443633710263,3.9664832304752));
#8870=CARTESIAN_POINT('Ctrl Pts',(-12.9664230088084,43.0008415961505,-2.72660792973244));
#8871=CARTESIAN_POINT('Ctrl Pts',(-12.82768167201,42.7931938803651,-3.13299155252703));
#8872=CARTESIAN_POINT('Ctrl Pts',(-12.7646051857917,42.5156647451196,-3.56506933198647));
#8873=CARTESIAN_POINT('Ctrl Pts',(-12.7813811422062,42.1866791038922,-3.99415600702854));
#8874=CARTESIAN_POINT('Ctrl Pts',(-13.0378670204059,42.9528999066623,-2.72650248110225));
#8875=CARTESIAN_POINT('Ctrl Pts',(-12.9069011033374,42.7477112603554,-3.12258903068584));
#8876=CARTESIAN_POINT('Ctrl Pts',(-12.8506652971663,42.4734396461638,-3.54377313566026));
#8877=CARTESIAN_POINT('Ctrl Pts',(-12.87341742657,42.1489193290147,-3.96160708030344));
#8878=CARTESIAN_POINT('Ctrl Pts',(-13.1438585006198,42.8409446118029,-2.70548277240016));
#8879=CARTESIAN_POINT('Ctrl Pts',(-13.0240651308293,42.6365967136448,-3.08099451206835));
#8880=CARTESIAN_POINT('Ctrl Pts',(-12.9769482931885,42.3636894770512,-3.47985717984592));
#8881=CARTESIAN_POINT('Ctrl Pts',(-13.0057997691087,42.0409007252111,-3.87361277605147));
#8882=CARTESIAN_POINT('Ctrl Pts',(-13.192917853348,42.7053232711004,-2.65293378431526));
#8883=CARTESIAN_POINT('Ctrl Pts',(-13.0750977084693,42.4986600951929,-3.0087200028551));
#8884=CARTESIAN_POINT('Ctrl Pts',(-13.0247524422981,42.2225189039724,-3.38663441344197));
#8885=CARTESIAN_POINT('Ctrl Pts',(-13.0452477220423,41.8953796686066,-3.76049813133028));
#8886=CARTESIAN_POINT('Ctrl Pts',(-13.2019866480698,42.6472006188788,-2.62633114824774));
#8887=CARTESIAN_POINT('Ctrl Pts',(-13.0830638420863,42.4395514172185,-2.97464871231221));
#8888=CARTESIAN_POINT('Ctrl Pts',(-13.0289926695699,42.1620201872873,-3.34498968100775));
#8889=CARTESIAN_POINT('Ctrl Pts',(-13.0433628325957,41.8330317594477,-3.7127690891479));
#8890=CARTESIAN_POINT('',(-12.7813517738137,42.1872565898452,-3.9934027364036));
#8891=CARTESIAN_POINT('Origin',(-12.5437179479184,41.8337031992519,-3.73162006931051));
#8892=CARTESIAN_POINT('Origin',(-16.2787095393611,39.9372565898398,-3.85742972524087));
#8893=CARTESIAN_POINT('Ctrl Pts',(-12.780524514088,42.1948653219357,-3.98387711223582));
#8894=CARTESIAN_POINT('Ctrl Pts',(-12.8285371726749,41.2701904947173,-5.18912402063637));
#8895=CARTESIAN_POINT('Ctrl Pts',(-12.6668009838853,40.4805191898889,-6.40243820184573));
#8896=CARTESIAN_POINT('Ctrl Pts',(-12.3047558387864,39.8719328531788,-7.55301878326588));
#8897=CARTESIAN_POINT('Ctrl Pts',(-12.8727970557392,42.1571479593335,-3.95126802341696));
#8898=CARTESIAN_POINT('Ctrl Pts',(-12.9152003545125,41.2282702820849,-5.16706214328612));
#8899=CARTESIAN_POINT('Ctrl Pts',(-12.7471119047696,40.4354735386999,-6.39061730359039));
#8900=CARTESIAN_POINT('Ctrl Pts',(-12.3778663424025,39.8244579922782,-7.55091350306702));
#8901=CARTESIAN_POINT('Ctrl Pts',(-13.0053938197538,42.0490974808952,-3.86309558275984));
#8902=CARTESIAN_POINT('Ctrl Pts',(-13.0420804235237,41.1185907896463,-5.10146150313376));
#8903=CARTESIAN_POINT('Ctrl Pts',(-12.8656043455348,40.3244737407766,-6.34603735069817));
#8904=CARTESIAN_POINT('Ctrl Pts',(-12.4861654653165,39.7126230965155,-7.5258387234499));
#8905=CARTESIAN_POINT('Ctrl Pts',(-13.0448417286311,41.9034565689413,-3.74979161879227));
#8906=CARTESIAN_POINT('Ctrl Pts',(-13.0893736844564,40.9770291461022,-5.00679358422632));
#8907=CARTESIAN_POINT('Ctrl Pts',(-12.9162620832586,40.1860116775067,-6.27093575506079));
#8908=CARTESIAN_POINT('Ctrl Pts',(-12.5355917099089,39.5764428679876,-7.46936145613162));
#8909=CARTESIAN_POINT('Ctrl Pts',(-13.0429413404916,41.8411292788166,-3.70205071798986));
#8910=CARTESIAN_POINT('Ctrl Pts',(-13.0932119067543,40.916434145037,-4.96474380941771));
#8911=CARTESIAN_POINT('Ctrl Pts',(-12.9237418138166,40.1267477388019,-6.23588677276038));
#8912=CARTESIAN_POINT('Ctrl Pts',(-12.5444199428287,39.5181496655553,-7.44130615669371));
#8913=CARTESIAN_POINT('',(-12.3080140717537,39.87659641806,-7.5437630320072));
#8914=CARTESIAN_POINT('Origin',(-12.0703802458584,39.5230430274667,-7.28198036491412));
#8915=CARTESIAN_POINT('Origin',(-2.28927847717119,48.9372565898615,-4.40132176989177));
#8916=CARTESIAN_POINT('Ctrl Pts',(-9.44507419938982,38.8124767454308,-12.2843042631379));
#8917=CARTESIAN_POINT('Ctrl Pts',(-10.0715726830689,38.8124767454308,-11.715598805105));
#8918=CARTESIAN_POINT('Ctrl Pts',(-11.0060383133324,38.8226101475868,-10.6449372592906));
#8919=CARTESIAN_POINT('Ctrl Pts',(-11.9971614858531,38.9936498405009,-8.93774673503966));
#8920=CARTESIAN_POINT('Ctrl Pts',(-12.3967900285595,39.2801931346491,-7.91199586130546));
#8921=CARTESIAN_POINT('Ctrl Pts',(-12.5474628932195,39.5230430274667,-7.43162042501485));
#8922=CARTESIAN_POINT('Ctrl Pts',(-9.44507419938982,38.9323971319978,-12.2843042631379));
#8923=CARTESIAN_POINT('Ctrl Pts',(-10.070708415108,38.9323971319978,-11.7163833463598));
#8924=CARTESIAN_POINT('Ctrl Pts',(-11.0036937168965,38.9374670459149,-10.6475478705465));
#8925=CARTESIAN_POINT('Ctrl Pts',(-11.9894885996527,39.0898538910675,-8.9517875055805));
#8926=CARTESIAN_POINT('Ctrl Pts',(-12.3869759170722,39.3594348256704,-7.93817559794686));
#8927=CARTESIAN_POINT('Ctrl Pts',(-12.5371759851844,39.591060871375,-7.46441715949364));
#8928=CARTESIAN_POINT('Ctrl Pts',(-9.38442579700584,39.1715239338206,-12.2174926445849));
#8929=CARTESIAN_POINT('Ctrl Pts',(-10.0030582478587,39.1715239338206,-11.6559275961744));
#8930=CARTESIAN_POINT('Ctrl Pts',(-10.9309348955818,39.1664438778423,-10.6053165477259));
#8931=CARTESIAN_POINT('Ctrl Pts',(-11.9217528461302,39.2821612300831,-8.95617417829814));
#8932=CARTESIAN_POINT('Ctrl Pts',(-12.3274319318434,39.5177873199075,-7.97624788355637));
#8933=CARTESIAN_POINT('Ctrl Pts',(-12.4827565316342,39.7270358546811,-7.5193625751645));
#8934=CARTESIAN_POINT('Ctrl Pts',(-9.23306189183341,39.2923893493267,-12.050746826104));
#8935=CARTESIAN_POINT('Ctrl Pts',(-9.83798158847745,39.2923893493267,-11.5016295622714));
#8936=CARTESIAN_POINT('Ctrl Pts',(-10.7572829562683,39.2933120715632,-10.4869444418918));
#8937=CARTESIAN_POINT('Ctrl Pts',(-11.7712607325437,39.4133164496646,-8.90924791669055));
#8938=CARTESIAN_POINT('Ctrl Pts',(-12.2028095826012,39.6385978060605,-7.97618214129755));
#8939=CARTESIAN_POINT('Ctrl Pts',(-12.3719015681866,39.8350935216517,-7.54182119045869));
#8940=CARTESIAN_POINT('Ctrl Pts',(-9.15315836190575,39.3081433924313,-11.9627233340956));
#8941=CARTESIAN_POINT('Ctrl Pts',(-9.75117964178131,39.3081433924313,-11.419868124155));
#8942=CARTESIAN_POINT('Ctrl Pts',(-10.6642994400468,39.3162501141561,-10.4211501526906));
#8943=CARTESIAN_POINT('Ctrl Pts',(-11.6870911377738,39.4530818684874,-8.87607517857379));
#8944=CARTESIAN_POINT('Ctrl Pts',(-12.1315446359726,39.6823165038059,-7.96634039671711));
#8945=CARTESIAN_POINT('Ctrl Pts',(-12.3080140717537,39.87659641806,-7.5437630320072));
#8946=CARTESIAN_POINT('',(-9.15315836190575,39.3081433924312,-11.9627233340956));
#8947=CARTESIAN_POINT('Ctrl Pts',(-12.3080140717537,39.87659641806,-7.5437630320072));
#8948=CARTESIAN_POINT('Ctrl Pts',(-12.1315446359726,39.6823165038059,-7.96634039671711));
#8949=CARTESIAN_POINT('Ctrl Pts',(-11.6870911377738,39.4530818684874,-8.87607517857379));
#8950=CARTESIAN_POINT('Ctrl Pts',(-10.6642994400468,39.3162501141561,-10.4211501526906));
#8951=CARTESIAN_POINT('Ctrl Pts',(-9.75117964178131,39.3081433924313,-11.419868124155));
#8952=CARTESIAN_POINT('Ctrl Pts',(-9.15315836190575,39.3081433924313,-11.9627233340956));
#8953=CARTESIAN_POINT('Origin',(-9.1090092199301,38.8124767454308,-11.9140876649407));
#8954=CARTESIAN_POINT('Origin',(-20.1045310350274,42.790809980433,19.676094595659));
#8955=CARTESIAN_POINT('',(-19.7684660555677,42.790809980433,20.0463111938563));
#8956=CARTESIAN_POINT('Ctrl Pts',(0.21241380004066,39.5230430274666,6.62494134583524));
#8957=CARTESIAN_POINT('Ctrl Pts',(0.960093751988107,39.1544933053896,6.46768423322639));
#8958=CARTESIAN_POINT('Ctrl Pts',(2.39917535110274,38.8991981328373,6.00712472277433));
#8959=CARTESIAN_POINT('Ctrl Pts',(3.69768481360247,38.8392225175625,5.26031327157768));
#8960=CARTESIAN_POINT('Ctrl Pts',(4.22482267662685,38.8258055182034,4.89406249798986));
#8961=CARTESIAN_POINT('Ctrl Pts',(0.246050034866553,39.5910608713749,6.6178667450599));
#8962=CARTESIAN_POINT('Ctrl Pts',(0.983665632326214,39.2395444931718,6.46035492615627));
#8963=CARTESIAN_POINT('Ctrl Pts',(2.4077633017985,39.0035036195134,6.00217111106301));
#8964=CARTESIAN_POINT('Ctrl Pts',(3.70111625656111,38.9536495757274,5.25803947180954));
#8965=CARTESIAN_POINT('Ctrl Pts',(4.22692727963444,38.942836033341,4.89260023824019));
#8966=CARTESIAN_POINT('Ctrl Pts',(0.30599119538877,39.7270374650364,6.56900587590301));
#8967=CARTESIAN_POINT('Ctrl Pts',(1.01886989004065,39.4094812642033,6.40128273159966));
#8968=CARTESIAN_POINT('Ctrl Pts',(2.39994288803842,39.2119473741319,5.92968273194052));
#8969=CARTESIAN_POINT('Ctrl Pts',(3.66557200783938,39.1820343227655,5.18349482730625));
#8970=CARTESIAN_POINT('Ctrl Pts',(4.18218028686162,39.1762823510131,4.81923757217587));
#8971=CARTESIAN_POINT('Ctrl Pts',(0.339039061831754,39.8350935216516,6.46083153312419));
#8972=CARTESIAN_POINT('Ctrl Pts',(1.01991005225109,39.5368910372681,6.2690143687469));
#8973=CARTESIAN_POINT('Ctrl Pts',(2.34178716456205,39.343404178997,5.75900367734596));
#8974=CARTESIAN_POINT('Ctrl Pts',(3.56096741663381,39.3070203119122,5.00303981743808));
#8975=CARTESIAN_POINT('Ctrl Pts',(4.06108749006847,39.2994576553001,4.64022378402657));
#8976=CARTESIAN_POINT('Ctrl Pts',(0.347135878148808,39.8765964180599,6.39742944708132));
#8977=CARTESIAN_POINT('Ctrl Pts',(1.01128771582323,39.5817566403983,6.19274309529603));
#8978=CARTESIAN_POINT('Ctrl Pts',(2.30460055288647,39.3775205023565,5.66459620678126));
#8979=CARTESIAN_POINT('Ctrl Pts',(3.50305109035361,39.3295400101366,4.90652482335631));
#8980=CARTESIAN_POINT('Ctrl Pts',(3.99556242086909,39.3188064106493,4.54517221905452));
#8981=CARTESIAN_POINT('',(4.22482267662684,38.8258055182034,4.89406249798986));
#8982=CARTESIAN_POINT('',(3.99556242086909,39.3188064106493,4.54517221905452));
#8983=CARTESIAN_POINT('Origin',(3.93952870717672,38.8258055182034,4.48344424340856));
#8984=CARTESIAN_POINT('',(0.347135878148778,39.8765964180599,6.39742944708129));
#8985=CARTESIAN_POINT('Ctrl Pts',(3.99556242086909,39.3188064106493,4.54517221905452));
#8986=CARTESIAN_POINT('Ctrl Pts',(3.50305109035361,39.3295400101366,4.90652482335631));
#8987=CARTESIAN_POINT('Ctrl Pts',(2.30460055288647,39.3775205023565,5.66459620678126));
#8988=CARTESIAN_POINT('Ctrl Pts',(1.01128771582323,39.5817566403983,6.19274309529603));
#8989=CARTESIAN_POINT('Ctrl Pts',(0.347135878148808,39.8765964180599,6.39742944708132));
#8990=CARTESIAN_POINT('',(0.21241380004066,39.5230430274666,6.62494134583524));
#8991=CARTESIAN_POINT('Origin',(0.109502052253544,39.5230430274666,6.13564677998825));
#8992=CARTESIAN_POINT('Ctrl Pts',(0.21241380004066,39.5230430274666,6.62494134583524));
#8993=CARTESIAN_POINT('Ctrl Pts',(0.960093751988107,39.1544933053896,6.46768423322639));
#8994=CARTESIAN_POINT('Ctrl Pts',(2.39917535110274,38.8991981328373,6.00712472277433));
#8995=CARTESIAN_POINT('Ctrl Pts',(3.69768481360247,38.8392225175625,5.26031327157768));
#8996=CARTESIAN_POINT('Ctrl Pts',(4.22482267662685,38.8258055182034,4.89406249798986));
#8997=CARTESIAN_POINT('Ctrl Pts',(-3.54756066916078,41.8411288186771,6.75826958816147));
#8998=CARTESIAN_POINT('Ctrl Pts',(-2.29560910281333,40.9164340364452,6.93013345496477));
#8999=CARTESIAN_POINT('Ctrl Pts',(-1.01404595988391,40.1267478998249,6.88409723669188));
#9000=CARTESIAN_POINT('Ctrl Pts',(0.222347321195391,39.5181499684011,6.62284722675052));
#9001=CARTESIAN_POINT('Ctrl Pts',(-3.48444763977609,41.9242321709524,6.76693383506219));
#9002=CARTESIAN_POINT('Ctrl Pts',(-2.23930317153933,40.9971900964091,6.93036658198722));
#9003=CARTESIAN_POINT('Ctrl Pts',(-0.966566154060081,40.2057814565118,6.87871626894626));
#9004=CARTESIAN_POINT('Ctrl Pts',(0.260715540778287,39.5958741191657,6.61474000527147));
#9005=CARTESIAN_POINT('Ctrl Pts',(-3.36607702050429,42.0694173307933,6.72300021327014));
#9006=CARTESIAN_POINT('Ctrl Pts',(-2.14070680335564,41.1384477080652,6.8788547429899));
#9007=CARTESIAN_POINT('Ctrl Pts',(-0.888335790336694,40.3439770056914,6.82365818235277));
#9008=CARTESIAN_POINT('Ctrl Pts',(0.31940524696111,39.7318475566949,6.56064706573078));
#9009=CARTESIAN_POINT('Ctrl Pts',(-3.27276723270964,42.1665606316761,6.59082405930891));
#9010=CARTESIAN_POINT('Ctrl Pts',(-2.06949286545941,41.238763980077,6.75153292896604));
#9011=CARTESIAN_POINT('Ctrl Pts',(-0.838129399482508,40.4467039181393,6.70352575702485));
#9012=CARTESIAN_POINT('Ctrl Pts',(0.349796230869893,39.8363076230438,6.44953308734993));
#9013=CARTESIAN_POINT('Ctrl Pts',(-3.24173046095715,42.1948648545171,6.52426840766764));
#9014=CARTESIAN_POINT('Ctrl Pts',(-2.04673919665188,41.2701901733315,6.6883419527592));
#9015=CARTESIAN_POINT('Ctrl Pts',(-0.823481187339786,40.4805194203551,6.64442464074995));
#9016=CARTESIAN_POINT('Ctrl Pts',(0.356662221968435,39.8719331422327,6.39507958076687));
#9017=CARTESIAN_POINT('',(-3.23232967658901,42.1872565898452,6.52601074913216));
#9018=CARTESIAN_POINT('',(-3.53750249539897,41.833703199252,6.75964556703134));
#9019=CARTESIAN_POINT('Origin',(-3.46996350248429,41.833703199252,6.26422808203907));
#9020=CARTESIAN_POINT('Origin',(-2.0516446512759,48.5837031992683,-4.13953910279869));
#9021=CARTESIAN_POINT('Origin',(-1.81401082538062,48.9372565898615,-3.8777564357056));
#9022=CARTESIAN_POINT('Ctrl Pts',(-4.63360758498807,42.6472007022036,6.81278459830268));
#9023=CARTESIAN_POINT('Ctrl Pts',(-4.27544093940359,42.4395514349546,6.7280231085599));
#9024=CARTESIAN_POINT('Ctrl Pts',(-3.90161067671855,42.1620201648346,6.70993580074664));
#9025=CARTESIAN_POINT('Ctrl Pts',(-3.53693342125476,41.8330315571641,6.75972318797574));
#9026=CARTESIAN_POINT('Ctrl Pts',(-4.59714073598343,42.7246879123937,6.80417276510472));
#9027=CARTESIAN_POINT('Ctrl Pts',(-4.22920142546397,42.5183678979284,6.72187140333037));
#9028=CARTESIAN_POINT('Ctrl Pts',(-3.84579694657966,42.2426354313104,6.70957830840326));
#9029=CARTESIAN_POINT('Ctrl Pts',(-3.47384190509848,41.9161519510528,6.7683642365623));
#9030=CARTESIAN_POINT('Ctrl Pts',(-4.54257458875519,42.8601138246832,6.75038046684042));
#9031=CARTESIAN_POINT('Ctrl Pts',(-4.15391920910518,42.6560502729623,6.66642934188898));
#9032=CARTESIAN_POINT('Ctrl Pts',(-3.74873201486785,42.3835142901326,6.6575744189204));
#9033=CARTESIAN_POINT('Ctrl Pts',(-3.3556714836548,42.0612202058787,6.7244331896552));
#9034=CARTESIAN_POINT('Ctrl Pts',(-4.51631938147097,42.9648854593985,6.64132035317138));
#9035=CARTESIAN_POINT('Ctrl Pts',(-4.10669922893589,42.7590696443792,6.54746838707915));
#9036=CARTESIAN_POINT('Ctrl Pts',(-3.67917484299354,42.4840290643413,6.53078233408257));
#9037=CARTESIAN_POINT('Ctrl Pts',(-3.2625402661468,42.1583590424006,6.59246245215115));
#9038=CARTESIAN_POINT('Ctrl Pts',(-4.51107084608707,43.0008417058556,6.58799491453208));
#9039=CARTESIAN_POINT('Ctrl Pts',(-4.09319686718226,42.7931939415468,6.4891097533555));
#9040=CARTESIAN_POINT('Ctrl Pts',(-3.6570489297037,42.5156647053065,6.46801553562463));
#9041=CARTESIAN_POINT('Ctrl Pts',(-3.23158252897811,42.1866789300815,6.52611268874138));
#9042=CARTESIAN_POINT('Origin',(-3.7051026269918,39.9372565898398,9.99393314407808));
#9043=CARTESIAN_POINT('Origin',(-3.94273645288708,39.5837031992465,9.73215047698499));
#9044=CARTESIAN_POINT('Origin',(-2.0516446512759,38.8124767454308,-4.13953910279869));
#9045=CARTESIAN_POINT('Origin',(-2.0516446512759,39.3081433924313,-4.13953910279869));
#9046=CARTESIAN_POINT('Ctrl Pts',(1.3513333567281,39.2908099804331,-14.4193530443762));
#9047=CARTESIAN_POINT('Ctrl Pts',(1.66741490810094,39.2908099804331,-14.1351746600692));
#9048=CARTESIAN_POINT('Ctrl Pts',(2.04437500840561,39.3081433924313,-13.889195962753));
#9049=CARTESIAN_POINT('Ctrl Pts',(2.44846788950031,39.3081433924313,-13.6989687729948));
#9050=CARTESIAN_POINT('Ctrl Pts',(1.44707226830551,39.2908099804331,-14.5086211275469));
#9051=CARTESIAN_POINT('Ctrl Pts',(1.74723901356749,39.2808023227504,-14.2324009033859));
#9052=CARTESIAN_POINT('Ctrl Pts',(2.10898199184558,39.2923893493268,-13.990177019665));
#9053=CARTESIAN_POINT('Ctrl Pts',(2.49910144337792,39.2923893493268,-13.8065278379869));
#9054=CARTESIAN_POINT('Ctrl Pts',(1.63772719998886,39.1823839580341,-14.6863900202365));
#9055=CARTESIAN_POINT('Ctrl Pts',(1.90367666564158,39.1640755865193,-14.41719471636));
#9056=CARTESIAN_POINT('Ctrl Pts',(2.23314419051444,39.1715295097845,-14.1806402101806));
#9057=CARTESIAN_POINT('Ctrl Pts',(2.59502097313989,39.1715295097845,-14.0102862974586));
#9058=CARTESIAN_POINT('Ctrl Pts',(1.71702906129889,38.9217096743326,-14.7603320051032));
#9059=CARTESIAN_POINT('Ctrl Pts',(1.97257962825488,38.9154182222749,-14.4859593384705));
#9060=CARTESIAN_POINT('Ctrl Pts',(2.28688846778015,38.9323971319978,-14.2550643708316));
#9061=CARTESIAN_POINT('Ctrl Pts',(2.63345015872369,38.9323971319978,-14.0919200551796));
#9062=CARTESIAN_POINT('Ctrl Pts',(1.71702906129889,38.7908099804331,-14.7603320051032));
#9063=CARTESIAN_POINT('Ctrl Pts',(1.9764777790934,38.7908099804331,-14.4820764744642));
#9064=CARTESIAN_POINT('Ctrl Pts',(2.28923813805695,38.8124767454308,-14.2539582608393));
#9065=CARTESIAN_POINT('Ctrl Pts',(2.63345015872369,38.8124767454308,-14.0919200551796));
#9066=CARTESIAN_POINT('',(2.44846788950031,39.3081433924313,-13.6989687729948));
#9067=CARTESIAN_POINT('',(2.63345015872369,38.8124767454308,-14.0919200551796));
#9068=CARTESIAN_POINT('Origin',(2.42049130372371,38.8124767454308,-13.6395391027987));
#9069=CARTESIAN_POINT('Ctrl Pts',(2.63345015872369,38.8124767454308,-14.0919200551796));
#9070=CARTESIAN_POINT('Ctrl Pts',(2.28923813805695,38.8124767454308,-14.2539582608393));
#9071=CARTESIAN_POINT('Ctrl Pts',(1.9764777790934,38.7908099804331,-14.4820764744642));
#9072=CARTESIAN_POINT('Ctrl Pts',(1.71702906129889,38.7908099804331,-14.7603320051032));
#9073=CARTESIAN_POINT('Ctrl Pts',(1.3513333567281,39.2908099804331,-14.4193530443762));
#9074=CARTESIAN_POINT('Ctrl Pts',(1.66741490810094,39.2908099804331,-14.1351746600692));
#9075=CARTESIAN_POINT('Ctrl Pts',(2.04437500840561,39.3081433924313,-13.889195962753));
#9076=CARTESIAN_POINT('Ctrl Pts',(2.44846788950031,39.3081433924313,-13.6989687729948));
#9077=CARTESIAN_POINT('Origin',(-2.0516446512759,38.8124767454308,-4.13953910279869));
#9078=CARTESIAN_POINT('Origin',(-2.0516446512759,39.3081433924313,-4.13953910279869));
#9079=CARTESIAN_POINT('Origin',(-2.0516446512759,38.8124767454308,-4.13953910279869));
#9080=CARTESIAN_POINT('Ctrl Pts',(5.15043433365986,39.2908099804331,3.94720538900069));
#9081=CARTESIAN_POINT('Ctrl Pts',(4.74668659535376,39.2908099804331,4.07914714308957));
#9082=CARTESIAN_POINT('Ctrl Pts',(4.35264034784015,39.3110243938379,4.2831862892798));
#9083=CARTESIAN_POINT('Ctrl Pts',(3.99556242086901,39.3188064106493,4.54517221905458));
#9084=CARTESIAN_POINT('Ctrl Pts',(5.17983635567671,39.2908099804331,4.0747602829261));
#9085=CARTESIAN_POINT('Ctrl Pts',(4.79093935282769,39.2806682139335,4.19681769415108));
#9086=CARTESIAN_POINT('Ctrl Pts',(4.40735035570544,39.29437045802,4.38889827546076));
#9087=CARTESIAN_POINT('Ctrl Pts',(4.06108749006839,39.2994576553001,4.64022378402663));
#9088=CARTESIAN_POINT('Ctrl Pts',(5.23839080210068,39.1823978375128,4.3287872406023));
#9089=CARTESIAN_POINT('Ctrl Pts',(4.87250069252018,39.16384412247,4.42449702297094));
#9090=CARTESIAN_POINT('Ctrl Pts',(4.50785043805014,39.1728078782821,4.59010736515527));
#9091=CARTESIAN_POINT('Ctrl Pts',(4.18217977518212,39.1762816119625,4.81923686408848));
#9092=CARTESIAN_POINT('Ctrl Pts',(5.26274178504096,38.9217096743326,4.43442919421168));
#9093=CARTESIAN_POINT('Ctrl Pts',(4.8971643594136,38.9153339129172,4.518485320858));
#9094=CARTESIAN_POINT('Ctrl Pts',(4.54155370756319,38.9352338096056,4.67445794509222));
#9095=CARTESIAN_POINT('Ctrl Pts',(4.22692727963437,38.942836033341,4.89260023824024));
#9096=CARTESIAN_POINT('Ctrl Pts',(5.26274178504096,38.7908099804331,4.43442919421168));
#9097=CARTESIAN_POINT('Ctrl Pts',(4.89165798542082,38.7908099804331,4.51996581072841));
#9098=CARTESIAN_POINT('Ctrl Pts',(4.53751758853646,38.8160779971891,4.67680480997859));
#9099=CARTESIAN_POINT('Ctrl Pts',(4.22482267662677,38.8258055182034,4.89406249798991));
#9100=CARTESIAN_POINT('Ctrl Pts',(4.22482267662677,38.8258055182034,4.89406249798991));
#9101=CARTESIAN_POINT('Ctrl Pts',(4.53751758853646,38.8160779971891,4.67680480997859));
#9102=CARTESIAN_POINT('Ctrl Pts',(4.89165798542082,38.7908099804331,4.51996581072841));
#9103=CARTESIAN_POINT('Ctrl Pts',(5.26274178504096,38.7908099804331,4.43442919421168));
#9104=CARTESIAN_POINT('Ctrl Pts',(5.15043433365986,39.2908099804331,3.94720538900069));
#9105=CARTESIAN_POINT('Ctrl Pts',(4.74668659535376,39.2908099804331,4.07914714308957));
#9106=CARTESIAN_POINT('Ctrl Pts',(4.35264034784015,39.3110243938379,4.2831862892798));
#9107=CARTESIAN_POINT('Ctrl Pts',(3.99556242086901,39.3188064106493,4.54517221905458));
#9108=CARTESIAN_POINT('Origin',(-21.140103302196,41.290809980433,-1.43639476262493));
#9109=CARTESIAN_POINT('',(-8.37921962622725,39.87659641806,-11.1101353423429));
#9110=CARTESIAN_POINT('',(-20.1895679986149,39.8765964180599,-0.389264094252594));
#9111=CARTESIAN_POINT('Origin',(-9.32975492980841,41.2908099804331,-12.1572660107153));
#9112=CARTESIAN_POINT('Origin',(-21.4333930869303,41.2908099804331,2.64980233178406));
#9113=CARTESIAN_POINT('',(-8.77294424048499,39.290809980433,-11.5438710667596));
#9114=CARTESIAN_POINT('Origin',(-2.0516446512759,41.2908099804331,-4.13953910279869));
#9115=CARTESIAN_POINT('Origin',(-2.0516446512759,39.87659641806,-4.13953910279869));
#9116=CARTESIAN_POINT('',(4.27593032367546,39.87659641806,2.83105713674556));
#9117=CARTESIAN_POINT('',(1.98113510225541,43.2908099804331,0.303060075584276));
#9118=CARTESIAN_POINT('Origin',(-2.0516446512759,39.87659641806,-4.13953910279869));
#9119=CARTESIAN_POINT('Origin',(-2.0516446512759,39.87659641806,-4.13953910279869));
#9120=CARTESIAN_POINT('Origin',(-16.2912628980416,41.2908099804331,19.5909933919747));
#9121=CARTESIAN_POINT('',(-10.3403926256384,39.87659641806,16.0990583437593));
#9122=CARTESIAN_POINT('Origin',(-12.1805460332244,39.290809980433,4.02435966478113));
#9123=CARTESIAN_POINT('Origin',(-2.0516446512759,39.2908099804331,-4.13953910279869));
#9124=CARTESIAN_POINT('',(5.22646562725657,39.2908099804331,3.87818780511792));
#9125=CARTESIAN_POINT('Origin',(-2.0516446512759,39.2908099804331,-4.13953910279869));
#9126=CARTESIAN_POINT('',(-9.38985732205726,39.2908099804331,17.1461890121317));
#9127=CARTESIAN_POINT('Origin',(-22.0516446512758,39.290809980433,1.8604608972016));
#9128=CARTESIAN_POINT('',(-19.0519534193755,39.290809980433,1.81742006472015));
#9129=CARTESIAN_POINT('',(-19.0519534193755,37.290809980433,1.81742006472015));
#9130=CARTESIAN_POINT('',(-22.3839028031507,39.290809980433,4.84200487985767));
#9131=CARTESIAN_POINT('Origin',(-22.0516446512758,39.290809980433,1.8604608972016));
#9132=CARTESIAN_POINT('',(-22.3839028031507,39.290809980433,4.84200487985767));
#9133=CARTESIAN_POINT('Origin',(-18.0520563420754,37.290809980433,1.80307312055966));
#9134=CARTESIAN_POINT('Origin',(-18.0520563420754,39.290809980433,1.80307312055966));
#9135=CARTESIAN_POINT('Origin',(-2.05164465127588,37.2908099804331,-16.1395391027989));
#9136=CARTESIAN_POINT('',(0.929779318723847,37.290809980433,-16.4728724361321));
#9137=CARTESIAN_POINT('Origin',(3.91120328872358,37.2908099804331,-16.8062057694653));
#9138=CARTESIAN_POINT('',(2.63345015872369,37.2908099804331,-14.0919200551796));
#9139=CARTESIAN_POINT('Origin',(-2.05164465127589,37.2908099804331,-4.13953910279869));
#9140=CARTESIAN_POINT('',(8.90991748662618,37.2908099804331,-3.22075975120677));
#9141=CARTESIAN_POINT('Origin',(11.8994344333267,37.2908099804331,-2.97018356440898));
#9142=CARTESIAN_POINT('',(10.1200473137322,37.2908099804331,-0.554861333603963));
#9143=CARTESIAN_POINT('Origin',(8.34066019413759,37.2908099804331,1.86046089720105));
#9144=CARTESIAN_POINT('',(7.1386233437326,37.2908099804331,4.60911646133935));
#9145=CARTESIAN_POINT('Origin',(5.93658649332759,37.2908099804331,7.35777202547765));
#9146=CARTESIAN_POINT('',(4.22482267662685,37.2908099804331,4.89406249798986));
#9147=CARTESIAN_POINT('Origin',(-21.4333930869303,41.2908099804331,2.64980233178406));
#9148=CARTESIAN_POINT('Origin',(-21.4333930869303,41.2908099804331,2.64980233178406));
#9149=CARTESIAN_POINT('Origin',(-22.4946555204424,39.290809980433,5.83585287407636));
#9150=CARTESIAN_POINT('Origin',(-22.4946555204424,39.290809980433,5.83585287407636));
#9151=CARTESIAN_POINT('Origin',(-2.0516446512759,41.2908099804331,-4.13953910279869));
#9152=CARTESIAN_POINT('Origin',(-2.0516446512759,39.2908099804331,-4.13953910279869));
#9153=CARTESIAN_POINT('Origin',(-2.0516446512759,41.2908099804331,-4.13953910279869));
#9154=CARTESIAN_POINT('Origin',(-2.0516446512759,39.2908099804331,-4.13953910279869));
#9155=CARTESIAN_POINT('Origin',(-9.38985732205726,41.2908099804331,17.1461890121317));
#9156=CARTESIAN_POINT('Origin',(5.22646562725657,41.2908099804331,3.87818780511792));
#9157=CARTESIAN_POINT('Origin',(-2.0516446512759,41.2908099804331,-4.13953910279869));
#9158=CARTESIAN_POINT('Origin',(-16.5513787564929,41.5361094420488,9.02262830938444));
#9159=CARTESIAN_POINT('',(-2.38770963073568,42.4021348458332,-4.50975570099584));
#9160=CARTESIAN_POINT('',(-16.8874437359526,42.4021348458332,8.65241171118719));
#9161=CARTESIAN_POINT('',(-1.71557967181608,42.4021348458332,-3.7693225046015));
#9162=CARTESIAN_POINT('Origin',(-3.33411256703903,41.5361094420488,-2.97537586466352));
#9163=CARTESIAN_POINT('',(-16.2153137770332,42.4021348458332,9.39284490758168));
#9164=CARTESIAN_POINT('Origin',(-2.0516446512759,40.3814089036746,-4.13953910279869));
#9165=CARTESIAN_POINT('',(-4.74016448694788,40.3814089036746,-7.10127188837017));
#9166=CARTESIAN_POINT('',(0.30081020493692,40.6700840382689,-1.54802291542385));
#9167=CARTESIAN_POINT('Origin',(-2.0516446512759,40.6700840382695,-4.13953910279869));
#9168=CARTESIAN_POINT('',(-2.05164465128163,42.6908099804331,-4.13953910280518));
#9169=CARTESIAN_POINT('Origin',(-25.2999706382709,41.5361094420538,14.2630615057962));
#9170=CARTESIAN_POINT('Origin',(-2.0516446512759,39.8040586344856,-4.13953910279869));
#9171=CARTESIAN_POINT('Origin',(-0.0352547745233608,39.8040586344856,-1.91823951362168));
#9172=CARTESIAN_POINT('Origin',(-3.58295584515942,39.8040586344849,1.30219439787274));
#9173=CARTESIAN_POINT('',(-3.24689086569971,40.6700840382694,1.67241099606999));
#9174=CARTESIAN_POINT('',(-2.91082588623999,39.8040586344849,2.04262759426723));
#9175=CARTESIAN_POINT('Origin',(0.636875184396093,37.2908099804331,-1.1778063172272));
#9176=CARTESIAN_POINT('Origin',(-7.80278687471494,41.5361094420538,3.78219511297268));
#9177=CARTESIAN_POINT('Origin',(-12.1805460332244,39.290809980433,4.02435966478113));
#9178=CARTESIAN_POINT('Origin',(-12.1805460332244,39.290809980433,4.02435966478113));
#9179=CARTESIAN_POINT('Origin',(-3.94273645288708,37.2908099804331,9.73215047698499));
#9180=CARTESIAN_POINT('',(-3.53750249539897,37.2908099804331,6.75964556703135));
#9181=CARTESIAN_POINT('',(-5.95912632964534,37.2908099804331,7.51085088780149));
#9182=CARTESIAN_POINT('Origin',(-2.05164465127589,37.2908099804331,-4.13953910279869));
#9183=CARTESIAN_POINT('Origin',(-27.6361927535247,37.290809980433,27.1882584323611));
#9184=UNCERTAINTY_MEASURE_WITH_UNIT(LENGTH_MEASURE(0.01),#9188,
'DISTANCE_ACCURACY_VALUE',
'Maximum model space distance between geometric entities at asserted c
onnectivities');
#9185=UNCERTAINTY_MEASURE_WITH_UNIT(LENGTH_MEASURE(0.01),#9188,
'DISTANCE_ACCURACY_VALUE',
'Maximum model space distance between geometric entities at asserted c
onnectivities');
#9186=(
GEOMETRIC_REPRESENTATION_CONTEXT(3)
GLOBAL_UNCERTAINTY_ASSIGNED_CONTEXT((#9184))
GLOBAL_UNIT_ASSIGNED_CONTEXT((#9188,#9190,#9191))
REPRESENTATION_CONTEXT('','3D')
);
#9187=(
GEOMETRIC_REPRESENTATION_CONTEXT(3)
GLOBAL_UNCERTAINTY_ASSIGNED_CONTEXT((#9185))
GLOBAL_UNIT_ASSIGNED_CONTEXT((#9188,#9190,#9191))
REPRESENTATION_CONTEXT('','3D')
);
#9188=(
LENGTH_UNIT()
NAMED_UNIT(*)
SI_UNIT(.MILLI.,.METRE.)
);
#9189=(
LENGTH_UNIT()
NAMED_UNIT(*)
SI_UNIT($,.METRE.)
);
#9190=(
NAMED_UNIT(*)
PLANE_ANGLE_UNIT()
SI_UNIT($,.RADIAN.)
);
#9191=(
NAMED_UNIT(*)
SI_UNIT($,.STERADIAN.)
SOLID_ANGLE_UNIT()
);
#9192=SHAPE_DEFINITION_REPRESENTATION(#9193,#9194);
#9193=PRODUCT_DEFINITION_SHAPE('',$,#9196);
#9194=SHAPE_REPRESENTATION('',(#2516),#9186);
#9195=PRODUCT_DEFINITION_CONTEXT('part definition',#9200,'design');
#9196=PRODUCT_DEFINITION('FusionComponent','103107021_02 v1',#9197,#9195);
#9197=PRODUCT_DEFINITION_FORMATION('',$,#9202);
#9198=PRODUCT_RELATED_PRODUCT_CATEGORY('103107021_02 v1',
'103107021_02 v1',(#9202));
#9199=APPLICATION_PROTOCOL_DEFINITION('international standard',
'automotive_design',2009,#9200);
#9200=APPLICATION_CONTEXT(
'Core Data for Automotive Mechanical Design Process');
#9201=PRODUCT_CONTEXT('part definition',#9200,'mechanical');
#9202=PRODUCT('FusionComponent','103107021_02 v1',$,(#9201));
#9203=PRESENTATION_STYLE_ASSIGNMENT((#9205));
#9204=PRESENTATION_STYLE_ASSIGNMENT((#9206));
#9205=SURFACE_STYLE_USAGE(.BOTH.,#9207);
#9206=SURFACE_STYLE_USAGE(.BOTH.,#9208);
#9207=SURFACE_SIDE_STYLE('',(#9209));
#9208=SURFACE_SIDE_STYLE('',(#9210));
#9209=SURFACE_STYLE_FILL_AREA(#9211);
#9210=SURFACE_STYLE_FILL_AREA(#9212);
#9211=FILL_AREA_STYLE('Plate',(#9213));
#9212=FILL_AREA_STYLE('Opaque(160,160,160)',(#9214));
#9213=FILL_AREA_STYLE_COLOUR('Plate',#9215);
#9214=FILL_AREA_STYLE_COLOUR('Opaque(160,160,160)',#9216);
#9215=COLOUR_RGB('Plate',0.6,0.6,0.6);
#9216=COLOUR_RGB('Opaque(160,160,160)',0.627450980392157,0.627450980392157,
0.627450980392157);
ENDSEC;
END-ISO-10303-21;
