ISO-10303-21;
HEADER;
/* Generated by software containing ST-Developer
 * from STEP Tools, Inc. (www.steptools.com) 
 */

FILE_DESCRIPTION(
/* description */ (''),
/* implementation_level */ '2;1');

FILE_NAME(
/* name */ '103107024_02 - link_4 Trapezoid Bumper.step',
/* time_stamp */ '2025-06-26T15:38:05-05:00',
/* author */ (''),
/* organization */ (''),
/* preprocessor_version */ 'ST-DEVELOPER v20.1',
/* originating_system */ 'Autodesk Translation Framework v14.10.0.0',
/* authorisation */ '');

FILE_SCHEMA (('AUTOMOTIVE_DESIGN { 1 0 10303 214 3 1 1 }'));
ENDSEC;

DATA;
#10=MECHANICAL_DESIGN_GEOMETRIC_PRESENTATION_REPRESENTATION('',(#13),#4473);
#11=SHAPE_REPRESENTATION_RELATIONSHIP('SRR','None',#4480,#12);
#12=ADVANCED_BREP_SHAPE_REPRESENTATION('',(#14),#4472);
#13=STYLED_ITEM('',(#4490),#14);
#14=MANIFOLD_SOLID_BREP('Body1',#2069);
#15=SPHERICAL_SURFACE('',#2276,0.5);
#16=SPHERICAL_SURFACE('',#2278,0.5);
#17=FACE_BOUND('',#268,.T.);
#18=FACE_BOUND('',#269,.T.);
#19=FACE_BOUND('',#270,.T.);
#20=FACE_BOUND('',#271,.T.);
#21=FACE_BOUND('',#350,.T.);
#22=FACE_BOUND('',#352,.T.);
#23=FACE_BOUND('',#354,.T.);
#24=FACE_BOUND('',#357,.T.);
#25=(
BOUNDED_SURFACE()
B_SPLINE_SURFACE(2,1,((#3379,#3380),(#3381,#3382),(#3383,#3384)),
 .UNSPECIFIED.,.F.,.F.,.F.)
B_SPLINE_SURFACE_WITH_KNOTS((3,3),(2,2),(1.29982334486778,1.8580210192346),
(0.,0.71835499801837),.UNSPECIFIED.)
GEOMETRIC_REPRESENTATION_ITEM()
RATIONAL_B_SPLINE_SURFACE(((1.,1.),(0.96130408947785,0.96130408947785),
(1.,1.)))
REPRESENTATION_ITEM('')
SURFACE()
);
#26=(
BOUNDED_SURFACE()
B_SPLINE_SURFACE(2,1,((#4452,#4453),(#4454,#4455),(#4456,#4457)),
 .UNSPECIFIED.,.F.,.F.,.F.)
B_SPLINE_SURFACE_WITH_KNOTS((3,3),(2,2),(-1.85802099713673,-1.29982328353625),
(0.,0.718354902148944),.UNSPECIFIED.)
GEOMETRIC_REPRESENTATION_ITEM()
RATIONAL_B_SPLINE_SURFACE(((1.,1.),(0.961304084073619,0.961304084073619),
(1.,1.)))
REPRESENTATION_ITEM('')
SURFACE()
);
#27=TOROIDAL_SURFACE('',#2114,2.5,0.5);
#28=TOROIDAL_SURFACE('',#2129,2.5,0.5);
#29=TOROIDAL_SURFACE('',#2135,2.5,0.5);
#30=TOROIDAL_SURFACE('',#2149,2.5,0.5);
#31=TOROIDAL_SURFACE('',#2235,2.50000000000001,0.5);
#32=TOROIDAL_SURFACE('',#2241,2.50000000000001,0.5);
#33=TOROIDAL_SURFACE('',#2264,2.50000000000001,0.5);
#34=TOROIDAL_SURFACE('',#2270,2.50000000000001,0.5);
#35=PLANE('',#2096);
#36=PLANE('',#2099);
#37=PLANE('',#2110);
#38=PLANE('',#2154);
#39=PLANE('',#2157);
#40=PLANE('',#2160);
#41=PLANE('',#2163);
#42=PLANE('',#2282);
#43=PLANE('',#2285);
#44=PLANE('',#2290);
#45=PLANE('',#2293);
#46=PLANE('',#2298);
#47=PLANE('',#2299);
#48=PLANE('',#2302);
#49=PLANE('',#2307);
#50=PLANE('',#2308);
#51=PLANE('',#2311);
#52=PLANE('',#2313);
#53=PLANE('',#2321);
#54=PLANE('',#2322);
#55=PLANE('',#2324);
#56=PLANE('',#2326);
#57=PLANE('',#2328);
#58=PLANE('',#2329);
#59=PLANE('',#2332);
#60=PLANE('',#2337);
#61=B_SPLINE_CURVE_WITH_KNOTS('',3,(#3049,#3050,#3051,#3052,#3053,#3054,
#3055,#3056,#3057,#3058),.UNSPECIFIED.,.F.,.F.,(4,2,2,2,4),(-0.125974323572874,
-0.0965029247956974,-0.0533770584829276,0.,0.000413985414491858),
 .UNSPECIFIED.);
#62=B_SPLINE_CURVE_WITH_KNOTS('',3,(#3063,#3064,#3065,#3066),
 .UNSPECIFIED.,.F.,.F.,(4,4),(0.376559317555297,0.422879447194942),
 .UNSPECIFIED.);
#63=B_SPLINE_CURVE_WITH_KNOTS('',3,(#3075,#3076,#3077,#3078),
 .UNSPECIFIED.,.F.,.F.,(4,4),(-0.376559317557044,-0.181499959564465),
 .UNSPECIFIED.);
#64=B_SPLINE_CURVE_WITH_KNOTS('',3,(#3179,#3180,#3181,#3182,#3183,#3184,
#3185,#3186,#3187,#3188),.UNSPECIFIED.,.F.,.F.,(4,2,2,2,4),(-0.0759867512108084,
-0.0757378545095325,-0.0436463310006602,-0.0177183569578806,0.),
 .UNSPECIFIED.);
#65=B_SPLINE_CURVE_WITH_KNOTS('',3,(#3202,#3203,#3204,#3205,#3206,#3207,
#3208,#3209,#3210,#3211),.UNSPECIFIED.,.F.,.F.,(4,2,2,2,4),(-0.082645437455003,
-0.0620310941340462,-0.0414272202575124,-0.0207110290695327,-4.00028971263692E-5),
 .UNSPECIFIED.);
#66=B_SPLINE_CURVE_WITH_KNOTS('',3,(#3387,#3388,#3389,#3390),
 .UNSPECIFIED.,.F.,.F.,(4,4),(0.,0.257391834142079),.UNSPECIFIED.);
#67=B_SPLINE_CURVE_WITH_KNOTS('',3,(#3816,#3817,#3818,#3819),
 .UNSPECIFIED.,.F.,.F.,(4,4),(0.,0.257391848077107),.UNSPECIFIED.);
#68=B_SPLINE_CURVE_WITH_KNOTS('',3,(#4012,#4013,#4014,#4015,#4016,#4017),
 .UNSPECIFIED.,.F.,.F.,(4,1,1,4),(-0.0880782806146844,-0.0629130575835704,
-0.0377478345524565,-5.78557260051052E-12),.UNSPECIFIED.);
#69=B_SPLINE_CURVE_WITH_KNOTS('',3,(#4018,#4019,#4020,#4021,#4022,#4023),
 .UNSPECIFIED.,.F.,.F.,(4,1,1,4),(5.78557260051052E-12,0.0377478345524565,
0.0629130575835704,0.0880782806146844),.UNSPECIFIED.);
#70=B_SPLINE_CURVE_WITH_KNOTS('',3,(#4209,#4210,#4211,#4212,#4213,#4214,
#4215,#4216,#4217,#4218,#4219,#4220,#4221,#4222,#4223,#4224,#4225,#4226,
#4227,#4228,#4229,#4230,#4231,#4232,#4233,#4234,#4235,#4236),
 .UNSPECIFIED.,.F.,.F.,(4,3,3,3,3,3,3,3,3,4),(-0.0880782828257237,-0.0727046697427011,
-0.0629130591650704,-0.0628863633023248,-0.0439787167769979,-0.037747835504417,
-0.0377218091149126,-0.0200990574010506,-0.00255609312101519,-1.34369982932157E-11),
 .UNSPECIFIED.);
#71=B_SPLINE_CURVE_WITH_KNOTS('',3,(#4237,#4238,#4239,#4240,#4241,#4242),
 .UNSPECIFIED.,.F.,.F.,(4,1,1,4),(1.34369982932157E-11,0.037747835504417,
0.0629130591650704,0.0880782828257237),.UNSPECIFIED.);
#72=B_SPLINE_CURVE_WITH_KNOTS('',3,(#4341,#4342,#4343,#4344),
 .UNSPECIFIED.,.F.,.F.,(4,4),(-0.454135597396998,-0.25907623923091),
 .UNSPECIFIED.);
#73=B_SPLINE_CURVE_WITH_KNOTS('',3,(#4345,#4346,#4347,#4348),
 .UNSPECIFIED.,.F.,.F.,(4,4),(0.212756109592999,0.259076239232658),
 .UNSPECIFIED.);
#74=B_SPLINE_CURVE_WITH_KNOTS('',3,(#4349,#4350,#4351,#4352),
 .UNSPECIFIED.,.F.,.F.,(4,4),(0.267020058571623,0.45754916964747),
 .UNSPECIFIED.);
#75=B_SPLINE_CURVE_WITH_KNOTS('',3,(#4388,#4389,#4390,#4391),
 .UNSPECIFIED.,.F.,.F.,(4,4),(0.178086387140433,0.36861549821633),
 .UNSPECIFIED.);
#76=B_SPLINE_CURVE_WITH_KNOTS('',3,(#4392,#4393,#4394,#4395,#4396,#4397,
#4398,#4399,#4400,#4401),.UNSPECIFIED.,.F.,.F.,(4,2,2,2,4),(-0.0828895699612598,
-0.0621583850641294,-0.0413823161851798,-0.0206964076791036,0.),
 .UNSPECIFIED.);
#77=B_SPLINE_SURFACE_WITH_KNOTS('',3,3,((#2991,#2992,#2993,#2994,#2995),
(#2996,#2997,#2998,#2999,#3000),(#3001,#3002,#3003,#3004,#3005),(#3006,
#3007,#3008,#3009,#3010),(#3011,#3012,#3013,#3014,#3015)),.UNSPECIFIED.,
 .F.,.F.,.F.,(4,1,4),(4,1,4),(-0.000108187544688455,0.5,1.00203058925779),
(-0.00203058925778512,0.673198425769242,1.57282691605269),.UNSPECIFIED.);
#78=B_SPLINE_SURFACE_WITH_KNOTS('',3,3,((#3027,#3028,#3029,#3030),(#3031,
#3032,#3033,#3034),(#3035,#3036,#3037,#3038),(#3039,#3040,#3041,#3042),
(#3043,#3044,#3045,#3046)),.UNSPECIFIED.,.F.,.F.,.F.,(4,1,4),(4,4),(-2.87258345687827E-5,
0.5,1.),(-1.57082505262947,-1.08094712633127),.UNSPECIFIED.);
#79=B_SPLINE_SURFACE_WITH_KNOTS('',3,3,((#3121,#3122,#3123,#3124,#3125),
(#3126,#3127,#3128,#3129,#3130),(#3131,#3132,#3133,#3134,#3135),(#3136,
#3137,#3138,#3139,#3140),(#3141,#3142,#3143,#3144,#3145)),.UNSPECIFIED.,
 .F.,.F.,.F.,(4,1,4),(4,1,4),(-0.000108038609091524,0.5,1.00203123009807),
(-1.57282755689297,-0.673198425769242,0.00203123009807173),
 .UNSPECIFIED.);
#80=B_SPLINE_SURFACE_WITH_KNOTS('',3,3,((#3157,#3158,#3159,#3160),(#3161,
#3162,#3163,#3164),(#3165,#3166,#3167,#3168),(#3169,#3170,#3171,#3172),
(#3173,#3174,#3175,#3176)),.UNSPECIFIED.,.F.,.F.,.F.,(4,1,4),(4,4),(-2.87258347978072E-5,
0.5,1.),(1.08094712633109,1.5708250526297),.UNSPECIFIED.);
#81=B_SPLINE_SURFACE_WITH_KNOTS('',3,3,((#3227,#3228,#3229,#3230),(#3231,
#3232,#3233,#3234),(#3235,#3236,#3237,#3238),(#3239,#3240,#3241,#3242),
(#3243,#3244,#3245,#3246)),.UNSPECIFIED.,.F.,.F.,.F.,(4,1,4),(4,4),(0.,
0.5,1.),(0.,0.253842637240775),.UNSPECIFIED.);
#82=B_SPLINE_SURFACE_WITH_KNOTS('',3,3,((#3252,#3253,#3254,#3255),(#3256,
#3257,#3258,#3259),(#3260,#3261,#3262,#3263),(#3264,#3265,#3266,#3267),
(#3268,#3269,#3270,#3271)),.UNSPECIFIED.,.F.,.F.,.F.,(4,1,4),(4,4),(0.,
0.5,1.),(-1.09918848200359E-6,0.0237812571651013),.UNSPECIFIED.);
#83=B_SPLINE_SURFACE_WITH_KNOTS('',3,3,((#3304,#3305,#3306,#3307),(#3308,
#3309,#3310,#3311),(#3312,#3313,#3314,#3315),(#3316,#3317,#3318,#3319),
(#3320,#3321,#3322,#3323)),.UNSPECIFIED.,.F.,.F.,.F.,(4,1,4),(4,4),(0.,
0.5,1.),(0.,0.0237812571191128),.UNSPECIFIED.);
#84=B_SPLINE_SURFACE_WITH_KNOTS('',3,3,((#3329,#3330,#3331,#3332),(#3333,
#3334,#3335,#3336),(#3337,#3338,#3339,#3340),(#3341,#3342,#3343,#3344),
(#3345,#3346,#3347,#3348)),.UNSPECIFIED.,.F.,.F.,.F.,(4,1,4),(4,4),(0.,
0.5,1.),(-1.09918848774853E-6,0.25384263724077),.UNSPECIFIED.);
#85=B_SPLINE_SURFACE_WITH_KNOTS('',3,3,((#3432,#3433,#3434,#3435,#3436),
(#3437,#3438,#3439,#3440,#3441),(#3442,#3443,#3444,#3445,#3446),(#3447,
#3448,#3449,#3450,#3451),(#3452,#3453,#3454,#3455,#3456),(#3457,#3458,#3459,
#3460,#3461)),.UNSPECIFIED.,.F.,.F.,.F.,(4,1,1,4),(4,1,4),(-0.00175650088596567,
0.285714285714286,0.571428571428571,1.00023025815996),(-1.57255282768087,
-0.897597901025652,0.00175650088597455),.UNSPECIFIED.);
#86=B_SPLINE_SURFACE_WITH_KNOTS('',3,3,((#3473,#3474,#3475,#3476,#3477),
(#3478,#3479,#3480,#3481,#3482),(#3483,#3484,#3485,#3486,#3487),(#3488,
#3489,#3490,#3491,#3492),(#3493,#3494,#3495,#3496,#3497),(#3498,#3499,#3500,
#3501,#3502)),.UNSPECIFIED.,.F.,.F.,.F.,(4,1,1,4),(4,1,4),(-0.00178891634494321,
0.285714285714286,0.571428571428571,1.00021544928774),(-0.0017889163449414,
0.673198425769243,1.57258524313984),.UNSPECIFIED.);
#87=B_SPLINE_SURFACE_WITH_KNOTS('',3,3,((#3514,#3515,#3516,#3517,#3518,
#3519,#3520),(#3521,#3522,#3523,#3524,#3525,#3526,#3527),(#3528,#3529,#3530,
#3531,#3532,#3533,#3534),(#3535,#3536,#3537,#3538,#3539,#3540,#3541),(#3542,
#3543,#3544,#3545,#3546,#3547,#3548),(#3549,#3550,#3551,#3552,#3553,#3554,
#3555)),.UNSPECIFIED.,.F.,.F.,.F.,(4,1,1,4),(4,1,1,1,4),(-0.00426925099823354,
0.285714285714286,0.571428571428571,1.00393261993737),(-1.57506557779313,
-1.12199737628207,-0.224399475256414,0.673198425769242,1.57506557779313),
 .UNSPECIFIED.);
#88=B_SPLINE_SURFACE_WITH_KNOTS('',3,3,((#3567,#3568,#3569,#3570,#3571),
(#3572,#3573,#3574,#3575,#3576),(#3577,#3578,#3579,#3580,#3581),(#3582,
#3583,#3584,#3585,#3586),(#3587,#3588,#3589,#3590,#3591),(#3592,#3593,#3594,
#3595,#3596)),.UNSPECIFIED.,.F.,.F.,.F.,(4,1,1,4),(4,1,4),(-0.0017615714509331,
0.285714285714286,0.571428571428571,1.00023104484945),(-1.57255789824583,
-0.897597901025652,0.00176157145094178),.UNSPECIFIED.);
#89=B_SPLINE_SURFACE_WITH_KNOTS('',3,3,((#3605,#3606,#3607,#3608,#3609),
(#3610,#3611,#3612,#3613,#3614),(#3615,#3616,#3617,#3618,#3619),(#3620,
#3621,#3622,#3623,#3624),(#3625,#3626,#3627,#3628,#3629),(#3630,#3631,#3632,
#3633,#3634)),.UNSPECIFIED.,.F.,.F.,.F.,(4,1,1,4),(4,1,4),(-0.0010167162349918,
0.285714285714286,0.571428571428571,1.00016663078634),(-0.00101671623498603,
0.523598775598306,1.0482142674316),.UNSPECIFIED.);
#90=B_SPLINE_SURFACE_WITH_KNOTS('',3,3,((#3642,#3643,#3644,#3645),(#3646,
#3647,#3648,#3649),(#3650,#3651,#3652,#3653),(#3654,#3655,#3656,#3657),
(#3658,#3659,#3660,#3661)),.UNSPECIFIED.,.F.,.F.,.F.,(4,1,4),(4,4),(0.,
0.571428571428571,1.),(0.,0.257391862582945),.UNSPECIFIED.);
#91=B_SPLINE_SURFACE_WITH_KNOTS('',3,3,((#3665,#3666,#3667,#3668),(#3669,
#3670,#3671,#3672),(#3673,#3674,#3675,#3676),(#3677,#3678,#3679,#3680),
(#3681,#3682,#3683,#3684)),.UNSPECIFIED.,.F.,.F.,.F.,(4,1,4),(4,4),(0.,
0.5,1.),(0.,0.0241489941879366),.UNSPECIFIED.);
#92=B_SPLINE_SURFACE_WITH_KNOTS('',3,3,((#3692,#3693,#3694,#3695,#3696),
(#3697,#3698,#3699,#3700,#3701),(#3702,#3703,#3704,#3705,#3706),(#3707,
#3708,#3709,#3710,#3711),(#3712,#3713,#3714,#3715,#3716)),.UNSPECIFIED.,
 .F.,.F.,.F.,(4,1,4),(4,1,4),(-0.0105564890349432,0.5,1.00034882472874),
(-1.58135281582983,-0.897597901025644,0.0105564890349534),.UNSPECIFIED.);
#93=B_SPLINE_SURFACE_WITH_KNOTS('',3,3,((#3731,#3732,#3733,#3734,#3735),
(#3736,#3737,#3738,#3739,#3740),(#3741,#3742,#3743,#3744,#3745),(#3746,
#3747,#3748,#3749,#3750),(#3751,#3752,#3753,#3754,#3755)),.UNSPECIFIED.,
 .F.,.F.,.F.,(4,1,4),(4,1,4),(-0.0101883874210952,0.5,1.00053386799626),
(-0.0101883874210879,0.673198425769249,1.58098471421601),.UNSPECIFIED.);
#94=B_SPLINE_SURFACE_WITH_KNOTS('',3,3,((#3767,#3768,#3769,#3770),(#3771,
#3772,#3773,#3774),(#3775,#3776,#3777,#3778),(#3779,#3780,#3781,#3782),
(#3783,#3784,#3785,#3786)),.UNSPECIFIED.,.F.,.F.,.F.,(4,1,4),(4,4),(0.,
0.5,1.),(0.,0.024147876624155),.UNSPECIFIED.);
#95=B_SPLINE_SURFACE_WITH_KNOTS('',3,3,((#3792,#3793,#3794,#3795),(#3796,
#3797,#3798,#3799),(#3800,#3801,#3802,#3803),(#3804,#3805,#3806,#3807),
(#3808,#3809,#3810,#3811)),.UNSPECIFIED.,.F.,.F.,.F.,(4,1,4),(4,4),(0.,
0.571428571428571,1.),(0.,0.257392942614206),.UNSPECIFIED.);
#96=B_SPLINE_SURFACE_WITH_KNOTS('',3,3,((#3825,#3826,#3827,#3828,#3829),
(#3830,#3831,#3832,#3833,#3834),(#3835,#3836,#3837,#3838,#3839),(#3840,
#3841,#3842,#3843,#3844),(#3845,#3846,#3847,#3848,#3849),(#3850,#3851,#3852,
#3853,#3854)),.UNSPECIFIED.,.F.,.F.,.F.,(4,1,1,4),(4,1,4),(-0.0010162422804963,
0.285714285714286,0.571428571428571,1.00016660030886),(-1.0482137934771,
-0.523598775598295,0.00101624228050744),.UNSPECIFIED.);
#97=B_SPLINE_SURFACE_WITH_KNOTS('',3,3,((#3862,#3863,#3864,#3865,#3866),
(#3867,#3868,#3869,#3870,#3871),(#3872,#3873,#3874,#3875,#3876),(#3877,
#3878,#3879,#3880,#3881),(#3882,#3883,#3884,#3885,#3886),(#3887,#3888,#3889,
#3890,#3891)),.UNSPECIFIED.,.F.,.F.,.F.,(4,1,1,4),(4,1,4),(-0.00179322284392732,
0.285714285714286,0.571428571428571,1.00021613242792),(-0.00179322284372567,
0.673198425769243,1.57258954963883),.UNSPECIFIED.);
#98=B_SPLINE_SURFACE_WITH_KNOTS('',3,3,((#3903,#3904,#3905,#3906,#3907,
#3908,#3909),(#3910,#3911,#3912,#3913,#3914,#3915,#3916),(#3917,#3918,#3919,
#3920,#3921,#3922,#3923),(#3924,#3925,#3926,#3927,#3928,#3929,#3930),(#3931,
#3932,#3933,#3934,#3935,#3936,#3937),(#3938,#3939,#3940,#3941,#3942,#3943,
#3944)),.UNSPECIFIED.,.F.,.F.,.F.,(4,1,1,4),(4,1,1,1,4),(-0.00426797135783574,
0.285714285714286,0.571428571428571,1.00393896389804),(-1.57506429815274,
-1.12199737628207,-0.224399475256414,0.673198425769242,1.57506429815274),
 .UNSPECIFIED.);
#99=B_SPLINE_SURFACE_WITH_KNOTS('',3,3,((#3979,#3980,#3981,#3982,#3983,
#3984),(#3985,#3986,#3987,#3988,#3989,#3990),(#3991,#3992,#3993,#3994,#3995,
#3996),(#3997,#3998,#3999,#4000,#4001,#4002),(#4003,#4004,#4005,#4006,#4007,
#4008)),.UNSPECIFIED.,.F.,.F.,.F.,(4,1,4),(4,1,1,4),(0.,0.5,1.),(5.78557260051052E-12,
0.0377478345524565,0.0629130575835704,0.0880782806146844),.UNSPECIFIED.);
#100=B_SPLINE_SURFACE_WITH_KNOTS('',3,3,((#4024,#4025,#4026,#4027,#4028,
#4029,#4030),(#4031,#4032,#4033,#4034,#4035,#4036,#4037),(#4038,#4039,#4040,
#4041,#4042,#4043,#4044),(#4045,#4046,#4047,#4048,#4049,#4050,#4051),(#4052,
#4053,#4054,#4055,#4056,#4057,#4058)),.UNSPECIFIED.,.F.,.F.,.F.,(4,1,4),
(4,1,1,1,4),(-0.00164459165368015,0.5,1.00140723766423),(-1.57244091844858,
-0.788355188661705,-0.397134619595109,0.385306518538082,1.16939224832494),
 .UNSPECIFIED.);
#101=B_SPLINE_SURFACE_WITH_KNOTS('',3,3,((#4070,#4071,#4072,#4073,#4074),
(#4075,#4076,#4077,#4078,#4079),(#4080,#4081,#4082,#4083,#4084),(#4085,
#4086,#4087,#4088,#4089),(#4090,#4091,#4092,#4093,#4094)),.UNSPECIFIED.,
 .F.,.F.,.F.,(4,1,4),(4,1,4),(-0.0020956080902918,0.5,1.00007315322619),
(-1.57289193488518,-0.897597901025652,0.00209560809029624),
 .UNSPECIFIED.);
#102=B_SPLINE_SURFACE_WITH_KNOTS('',3,3,((#4103,#4104,#4105,#4106,#4107),
(#4108,#4109,#4110,#4111,#4112),(#4113,#4114,#4115,#4116,#4117),(#4118,
#4119,#4120,#4121,#4122),(#4123,#4124,#4125,#4126,#4127)),.UNSPECIFIED.,
 .F.,.F.,.F.,(4,1,4),(4,1,4),(-0.00202321262526136,0.5,1.00010990361138),
(-0.00202321262526112,0.673198425769246,1.57281953942017),.UNSPECIFIED.);
#103=B_SPLINE_SURFACE_WITH_KNOTS('',3,3,((#4138,#4139,#4140,#4141,#4142,
#4143,#4144),(#4145,#4146,#4147,#4148,#4149,#4150,#4151),(#4152,#4153,#4154,
#4155,#4156,#4157,#4158),(#4159,#4160,#4161,#4162,#4163,#4164,#4165),(#4166,
#4167,#4168,#4169,#4170,#4171,#4172)),.UNSPECIFIED.,.F.,.F.,.F.,(4,1,4),
(4,1,1,1,4),(-0.00186848644286518,0.5,1.00337408412467),(-1.17112174087934,
-0.776527087676158,0.00591405048086036,0.788355188637879,1.57417041091957),
 .UNSPECIFIED.);
#104=B_SPLINE_SURFACE_WITH_KNOTS('',3,3,((#4176,#4177,#4178,#4179,#4180,
#4181),(#4182,#4183,#4184,#4185,#4186,#4187),(#4188,#4189,#4190,#4191,#4192,
#4193),(#4194,#4195,#4196,#4197,#4198,#4199),(#4200,#4201,#4202,#4203,#4204,
#4205)),.UNSPECIFIED.,.F.,.F.,.F.,(4,1,4),(4,1,1,4),(0.,0.5,1.),(1.34369982932157E-11,
0.037747835504417,0.0629130591650704,0.0880782828257237),.UNSPECIFIED.);
#105=B_SPLINE_SURFACE_WITH_KNOTS('',3,3,((#4316,#4317,#4318,#4319),(#4320,
#4321,#4322,#4323),(#4324,#4325,#4326,#4327),(#4328,#4329,#4330,#4331),
(#4332,#4333,#4334,#4335),(#4336,#4337,#4338,#4339)),.UNSPECIFIED.,.F.,
 .F.,.F.,(4,1,1,4),(4,4),(0.,0.285714285714286,0.571428571428571,1.),(0.212756109592999,
0.45754916964747),.UNSPECIFIED.);
#106=B_SPLINE_SURFACE_WITH_KNOTS('',3,3,((#4363,#4364,#4365,#4366),(#4367,
#4368,#4369,#4370),(#4371,#4372,#4373,#4374),(#4375,#4376,#4377,#4378),
(#4379,#4380,#4381,#4382),(#4383,#4384,#4385,#4386)),.UNSPECIFIED.,.F.,
 .F.,.F.,(4,1,1,4),(4,4),(0.,0.285714285714286,0.571428571428571,1.),(0.178086387140433,
0.422879447194942),.UNSPECIFIED.);
#107=FACE_OUTER_BOUND('',#233,.T.);
#108=FACE_OUTER_BOUND('',#234,.T.);
#109=FACE_OUTER_BOUND('',#235,.T.);
#110=FACE_OUTER_BOUND('',#236,.T.);
#111=FACE_OUTER_BOUND('',#237,.T.);
#112=FACE_OUTER_BOUND('',#238,.T.);
#113=FACE_OUTER_BOUND('',#239,.T.);
#114=FACE_OUTER_BOUND('',#240,.T.);
#115=FACE_OUTER_BOUND('',#241,.T.);
#116=FACE_OUTER_BOUND('',#242,.T.);
#117=FACE_OUTER_BOUND('',#243,.T.);
#118=FACE_OUTER_BOUND('',#244,.T.);
#119=FACE_OUTER_BOUND('',#245,.T.);
#120=FACE_OUTER_BOUND('',#246,.T.);
#121=FACE_OUTER_BOUND('',#247,.T.);
#122=FACE_OUTER_BOUND('',#248,.T.);
#123=FACE_OUTER_BOUND('',#249,.T.);
#124=FACE_OUTER_BOUND('',#250,.T.);
#125=FACE_OUTER_BOUND('',#251,.T.);
#126=FACE_OUTER_BOUND('',#252,.T.);
#127=FACE_OUTER_BOUND('',#253,.T.);
#128=FACE_OUTER_BOUND('',#254,.T.);
#129=FACE_OUTER_BOUND('',#255,.T.);
#130=FACE_OUTER_BOUND('',#256,.T.);
#131=FACE_OUTER_BOUND('',#257,.T.);
#132=FACE_OUTER_BOUND('',#258,.T.);
#133=FACE_OUTER_BOUND('',#259,.T.);
#134=FACE_OUTER_BOUND('',#260,.T.);
#135=FACE_OUTER_BOUND('',#261,.T.);
#136=FACE_OUTER_BOUND('',#262,.T.);
#137=FACE_OUTER_BOUND('',#263,.T.);
#138=FACE_OUTER_BOUND('',#264,.T.);
#139=FACE_OUTER_BOUND('',#265,.T.);
#140=FACE_OUTER_BOUND('',#266,.T.);
#141=FACE_OUTER_BOUND('',#267,.T.);
#142=FACE_OUTER_BOUND('',#272,.T.);
#143=FACE_OUTER_BOUND('',#273,.T.);
#144=FACE_OUTER_BOUND('',#274,.T.);
#145=FACE_OUTER_BOUND('',#275,.T.);
#146=FACE_OUTER_BOUND('',#276,.T.);
#147=FACE_OUTER_BOUND('',#277,.T.);
#148=FACE_OUTER_BOUND('',#278,.T.);
#149=FACE_OUTER_BOUND('',#279,.T.);
#150=FACE_OUTER_BOUND('',#280,.T.);
#151=FACE_OUTER_BOUND('',#281,.T.);
#152=FACE_OUTER_BOUND('',#282,.T.);
#153=FACE_OUTER_BOUND('',#283,.T.);
#154=FACE_OUTER_BOUND('',#284,.T.);
#155=FACE_OUTER_BOUND('',#285,.T.);
#156=FACE_OUTER_BOUND('',#286,.T.);
#157=FACE_OUTER_BOUND('',#287,.T.);
#158=FACE_OUTER_BOUND('',#288,.T.);
#159=FACE_OUTER_BOUND('',#289,.T.);
#160=FACE_OUTER_BOUND('',#290,.T.);
#161=FACE_OUTER_BOUND('',#291,.T.);
#162=FACE_OUTER_BOUND('',#292,.T.);
#163=FACE_OUTER_BOUND('',#293,.T.);
#164=FACE_OUTER_BOUND('',#294,.T.);
#165=FACE_OUTER_BOUND('',#295,.T.);
#166=FACE_OUTER_BOUND('',#296,.T.);
#167=FACE_OUTER_BOUND('',#297,.T.);
#168=FACE_OUTER_BOUND('',#298,.T.);
#169=FACE_OUTER_BOUND('',#299,.T.);
#170=FACE_OUTER_BOUND('',#300,.T.);
#171=FACE_OUTER_BOUND('',#301,.T.);
#172=FACE_OUTER_BOUND('',#302,.T.);
#173=FACE_OUTER_BOUND('',#303,.T.);
#174=FACE_OUTER_BOUND('',#304,.T.);
#175=FACE_OUTER_BOUND('',#305,.T.);
#176=FACE_OUTER_BOUND('',#306,.T.);
#177=FACE_OUTER_BOUND('',#307,.T.);
#178=FACE_OUTER_BOUND('',#308,.T.);
#179=FACE_OUTER_BOUND('',#309,.T.);
#180=FACE_OUTER_BOUND('',#310,.T.);
#181=FACE_OUTER_BOUND('',#311,.T.);
#182=FACE_OUTER_BOUND('',#312,.T.);
#183=FACE_OUTER_BOUND('',#313,.T.);
#184=FACE_OUTER_BOUND('',#314,.T.);
#185=FACE_OUTER_BOUND('',#315,.T.);
#186=FACE_OUTER_BOUND('',#316,.T.);
#187=FACE_OUTER_BOUND('',#317,.T.);
#188=FACE_OUTER_BOUND('',#318,.T.);
#189=FACE_OUTER_BOUND('',#319,.T.);
#190=FACE_OUTER_BOUND('',#320,.T.);
#191=FACE_OUTER_BOUND('',#321,.T.);
#192=FACE_OUTER_BOUND('',#322,.T.);
#193=FACE_OUTER_BOUND('',#323,.T.);
#194=FACE_OUTER_BOUND('',#324,.T.);
#195=FACE_OUTER_BOUND('',#325,.T.);
#196=FACE_OUTER_BOUND('',#326,.T.);
#197=FACE_OUTER_BOUND('',#327,.T.);
#198=FACE_OUTER_BOUND('',#328,.T.);
#199=FACE_OUTER_BOUND('',#329,.T.);
#200=FACE_OUTER_BOUND('',#330,.T.);
#201=FACE_OUTER_BOUND('',#331,.T.);
#202=FACE_OUTER_BOUND('',#332,.T.);
#203=FACE_OUTER_BOUND('',#333,.T.);
#204=FACE_OUTER_BOUND('',#334,.T.);
#205=FACE_OUTER_BOUND('',#335,.T.);
#206=FACE_OUTER_BOUND('',#336,.T.);
#207=FACE_OUTER_BOUND('',#337,.T.);
#208=FACE_OUTER_BOUND('',#338,.T.);
#209=FACE_OUTER_BOUND('',#339,.T.);
#210=FACE_OUTER_BOUND('',#340,.T.);
#211=FACE_OUTER_BOUND('',#341,.T.);
#212=FACE_OUTER_BOUND('',#342,.T.);
#213=FACE_OUTER_BOUND('',#343,.T.);
#214=FACE_OUTER_BOUND('',#344,.T.);
#215=FACE_OUTER_BOUND('',#345,.T.);
#216=FACE_OUTER_BOUND('',#346,.T.);
#217=FACE_OUTER_BOUND('',#347,.T.);
#218=FACE_OUTER_BOUND('',#348,.T.);
#219=FACE_OUTER_BOUND('',#349,.T.);
#220=FACE_OUTER_BOUND('',#351,.T.);
#221=FACE_OUTER_BOUND('',#353,.T.);
#222=FACE_OUTER_BOUND('',#355,.T.);
#223=FACE_OUTER_BOUND('',#356,.T.);
#224=FACE_OUTER_BOUND('',#358,.T.);
#225=FACE_OUTER_BOUND('',#359,.T.);
#226=FACE_OUTER_BOUND('',#360,.T.);
#227=FACE_OUTER_BOUND('',#361,.T.);
#228=FACE_OUTER_BOUND('',#362,.T.);
#229=FACE_OUTER_BOUND('',#363,.T.);
#230=FACE_OUTER_BOUND('',#364,.T.);
#231=FACE_OUTER_BOUND('',#365,.T.);
#232=FACE_OUTER_BOUND('',#366,.T.);
#233=EDGE_LOOP('',(#1273,#1274,#1275,#1276));
#234=EDGE_LOOP('',(#1277,#1278,#1279,#1280));
#235=EDGE_LOOP('',(#1281,#1282,#1283,#1284));
#236=EDGE_LOOP('',(#1285,#1286,#1287,#1288));
#237=EDGE_LOOP('',(#1289,#1290,#1291,#1292,#1293,#1294,#1295));
#238=EDGE_LOOP('',(#1296,#1297,#1298,#1299));
#239=EDGE_LOOP('',(#1300,#1301,#1302,#1303));
#240=EDGE_LOOP('',(#1304,#1305,#1306,#1307,#1308,#1309,#1310,#1311,#1312,
#1313,#1314,#1315,#1316,#1317,#1318,#1319));
#241=EDGE_LOOP('',(#1320,#1321,#1322,#1323));
#242=EDGE_LOOP('',(#1324,#1325,#1326,#1327));
#243=EDGE_LOOP('',(#1328,#1329,#1330,#1331));
#244=EDGE_LOOP('',(#1332,#1333,#1334,#1335));
#245=EDGE_LOOP('',(#1336,#1337,#1338,#1339,#1340,#1341,#1342,#1343,#1344,
#1345));
#246=EDGE_LOOP('',(#1346,#1347,#1348,#1349));
#247=EDGE_LOOP('',(#1350,#1351,#1352,#1353));
#248=EDGE_LOOP('',(#1354,#1355,#1356,#1357));
#249=EDGE_LOOP('',(#1358,#1359,#1360,#1361));
#250=EDGE_LOOP('',(#1362,#1363,#1364,#1365));
#251=EDGE_LOOP('',(#1366,#1367,#1368,#1369));
#252=EDGE_LOOP('',(#1370,#1371,#1372,#1373));
#253=EDGE_LOOP('',(#1374,#1375,#1376,#1377));
#254=EDGE_LOOP('',(#1378,#1379,#1380,#1381));
#255=EDGE_LOOP('',(#1382,#1383,#1384,#1385));
#256=EDGE_LOOP('',(#1386,#1387,#1388,#1389));
#257=EDGE_LOOP('',(#1390,#1391,#1392,#1393));
#258=EDGE_LOOP('',(#1394,#1395,#1396,#1397));
#259=EDGE_LOOP('',(#1398,#1399,#1400,#1401));
#260=EDGE_LOOP('',(#1402,#1403,#1404,#1405));
#261=EDGE_LOOP('',(#1406,#1407,#1408,#1409));
#262=EDGE_LOOP('',(#1410,#1411,#1412,#1413));
#263=EDGE_LOOP('',(#1414,#1415,#1416,#1417));
#264=EDGE_LOOP('',(#1418,#1419,#1420,#1421));
#265=EDGE_LOOP('',(#1422,#1423,#1424,#1425,#1426,#1427,#1428,#1429,#1430,
#1431,#1432,#1433));
#266=EDGE_LOOP('',(#1434,#1435,#1436,#1437));
#267=EDGE_LOOP('',(#1438,#1439,#1440,#1441,#1442,#1443,#1444,#1445,#1446,
#1447,#1448,#1449,#1450,#1451));
#268=EDGE_LOOP('',(#1452));
#269=EDGE_LOOP('',(#1453));
#270=EDGE_LOOP('',(#1454));
#271=EDGE_LOOP('',(#1455));
#272=EDGE_LOOP('',(#1456,#1457,#1458,#1459));
#273=EDGE_LOOP('',(#1460,#1461,#1462,#1463));
#274=EDGE_LOOP('',(#1464,#1465,#1466,#1467));
#275=EDGE_LOOP('',(#1468,#1469,#1470,#1471));
#276=EDGE_LOOP('',(#1472,#1473,#1474,#1475));
#277=EDGE_LOOP('',(#1476,#1477,#1478,#1479));
#278=EDGE_LOOP('',(#1480,#1481,#1482,#1483));
#279=EDGE_LOOP('',(#1484,#1485,#1486,#1487));
#280=EDGE_LOOP('',(#1488,#1489,#1490,#1491));
#281=EDGE_LOOP('',(#1492,#1493,#1494,#1495));
#282=EDGE_LOOP('',(#1496,#1497,#1498,#1499));
#283=EDGE_LOOP('',(#1500,#1501,#1502,#1503));
#284=EDGE_LOOP('',(#1504,#1505,#1506,#1507));
#285=EDGE_LOOP('',(#1508,#1509,#1510,#1511));
#286=EDGE_LOOP('',(#1512,#1513,#1514,#1515));
#287=EDGE_LOOP('',(#1516,#1517,#1518,#1519));
#288=EDGE_LOOP('',(#1520,#1521,#1522,#1523));
#289=EDGE_LOOP('',(#1524,#1525,#1526,#1527));
#290=EDGE_LOOP('',(#1528,#1529,#1530,#1531));
#291=EDGE_LOOP('',(#1532,#1533,#1534,#1535));
#292=EDGE_LOOP('',(#1536,#1537,#1538,#1539));
#293=EDGE_LOOP('',(#1540,#1541,#1542,#1543));
#294=EDGE_LOOP('',(#1544,#1545,#1546,#1547));
#295=EDGE_LOOP('',(#1548,#1549,#1550,#1551));
#296=EDGE_LOOP('',(#1552,#1553,#1554,#1555));
#297=EDGE_LOOP('',(#1556,#1557,#1558,#1559));
#298=EDGE_LOOP('',(#1560,#1561,#1562,#1563));
#299=EDGE_LOOP('',(#1564,#1565,#1566,#1567));
#300=EDGE_LOOP('',(#1568,#1569,#1570,#1571));
#301=EDGE_LOOP('',(#1572,#1573,#1574,#1575));
#302=EDGE_LOOP('',(#1576,#1577,#1578,#1579));
#303=EDGE_LOOP('',(#1580,#1581,#1582,#1583));
#304=EDGE_LOOP('',(#1584,#1585,#1586,#1587));
#305=EDGE_LOOP('',(#1588,#1589,#1590,#1591));
#306=EDGE_LOOP('',(#1592,#1593,#1594,#1595));
#307=EDGE_LOOP('',(#1596,#1597,#1598,#1599));
#308=EDGE_LOOP('',(#1600,#1601,#1602,#1603));
#309=EDGE_LOOP('',(#1604,#1605,#1606,#1607));
#310=EDGE_LOOP('',(#1608,#1609,#1610,#1611));
#311=EDGE_LOOP('',(#1612,#1613,#1614,#1615));
#312=EDGE_LOOP('',(#1616,#1617,#1618,#1619));
#313=EDGE_LOOP('',(#1620,#1621,#1622,#1623));
#314=EDGE_LOOP('',(#1624,#1625,#1626,#1627));
#315=EDGE_LOOP('',(#1628,#1629,#1630,#1631));
#316=EDGE_LOOP('',(#1632,#1633,#1634));
#317=EDGE_LOOP('',(#1635,#1636,#1637));
#318=EDGE_LOOP('',(#1638,#1639,#1640,#1641));
#319=EDGE_LOOP('',(#1642,#1643,#1644,#1645));
#320=EDGE_LOOP('',(#1646,#1647,#1648,#1649));
#321=EDGE_LOOP('',(#1650,#1651,#1652,#1653));
#322=EDGE_LOOP('',(#1654,#1655,#1656,#1657));
#323=EDGE_LOOP('',(#1658,#1659,#1660,#1661));
#324=EDGE_LOOP('',(#1662,#1663,#1664,#1665));
#325=EDGE_LOOP('',(#1666,#1667,#1668,#1669));
#326=EDGE_LOOP('',(#1670,#1671,#1672,#1673));
#327=EDGE_LOOP('',(#1674,#1675,#1676,#1677));
#328=EDGE_LOOP('',(#1678,#1679,#1680,#1681));
#329=EDGE_LOOP('',(#1682,#1683,#1684,#1685,#1686));
#330=EDGE_LOOP('',(#1687,#1688,#1689,#1690));
#331=EDGE_LOOP('',(#1691,#1692,#1693,#1694,#1695,#1696,#1697,#1698,#1699,
#1700,#1701,#1702,#1703,#1704,#1705,#1706,#1707,#1708,#1709,#1710,#1711,
#1712,#1713,#1714,#1715,#1716,#1717,#1718,#1719,#1720,#1721,#1722,#1723,
#1724,#1725,#1726,#1727,#1728,#1729,#1730,#1731,#1732,#1733,#1734));
#332=EDGE_LOOP('',(#1735,#1736,#1737,#1738,#1739));
#333=EDGE_LOOP('',(#1740,#1741,#1742,#1743,#1744,#1745));
#334=EDGE_LOOP('',(#1746,#1747,#1748,#1749));
#335=EDGE_LOOP('',(#1750,#1751,#1752,#1753,#1754,#1755,#1756));
#336=EDGE_LOOP('',(#1757,#1758,#1759,#1760,#1761,#1762));
#337=EDGE_LOOP('',(#1763,#1764,#1765,#1766));
#338=EDGE_LOOP('',(#1767,#1768,#1769,#1770));
#339=EDGE_LOOP('',(#1771,#1772,#1773,#1774));
#340=EDGE_LOOP('',(#1775,#1776,#1777,#1778));
#341=EDGE_LOOP('',(#1779,#1780,#1781,#1782,#1783,#1784,#1785,#1786,#1787,
#1788));
#342=EDGE_LOOP('',(#1789,#1790,#1791,#1792));
#343=EDGE_LOOP('',(#1793,#1794,#1795,#1796));
#344=EDGE_LOOP('',(#1797,#1798,#1799,#1800));
#345=EDGE_LOOP('',(#1801,#1802,#1803,#1804));
#346=EDGE_LOOP('',(#1805,#1806,#1807,#1808));
#347=EDGE_LOOP('',(#1809,#1810,#1811,#1812));
#348=EDGE_LOOP('',(#1813,#1814,#1815,#1816));
#349=EDGE_LOOP('',(#1817,#1818,#1819,#1820,#1821,#1822));
#350=EDGE_LOOP('',(#1823));
#351=EDGE_LOOP('',(#1824,#1825,#1826,#1827,#1828,#1829));
#352=EDGE_LOOP('',(#1830));
#353=EDGE_LOOP('',(#1831,#1832,#1833,#1834,#1835,#1836));
#354=EDGE_LOOP('',(#1837));
#355=EDGE_LOOP('',(#1838,#1839,#1840,#1841));
#356=EDGE_LOOP('',(#1842,#1843,#1844,#1845,#1846,#1847));
#357=EDGE_LOOP('',(#1848));
#358=EDGE_LOOP('',(#1849,#1850,#1851,#1852));
#359=EDGE_LOOP('',(#1853,#1854,#1855,#1856));
#360=EDGE_LOOP('',(#1857,#1858,#1859,#1860));
#361=EDGE_LOOP('',(#1861,#1862,#1863,#1864));
#362=EDGE_LOOP('',(#1865,#1866,#1867,#1868));
#363=EDGE_LOOP('',(#1869,#1870,#1871,#1872));
#364=EDGE_LOOP('',(#1873,#1874,#1875,#1876));
#365=EDGE_LOOP('',(#1877,#1878,#1879,#1880));
#366=EDGE_LOOP('',(#1881,#1882,#1883,#1884));
#367=ELLIPSE('',#2085,0.707106781186544,0.5);
#368=ELLIPSE('',#2087,0.507713305942875,0.5);
#369=ELLIPSE('',#2088,1.00387887766974,1.);
#370=ELLIPSE('',#2091,3.55399314160017,3.5);
#371=ELLIPSE('',#2092,3.06282014661995,3.);
#372=ELLIPSE('',#2095,3.06282014661995,3.);
#373=ELLIPSE('',#2102,0.707106781186548,0.5);
#374=ELLIPSE('',#2104,1.00387887766974,1.);
#375=ELLIPSE('',#2105,0.507713305942875,0.5);
#376=ELLIPSE('',#2108,3.06282014661995,3.);
#377=ELLIPSE('',#2109,3.55399314160017,3.5);
#378=ELLIPSE('',#2111,0.507713305942875,0.5);
#379=ELLIPSE('',#2122,5.31269629625641,4.8370469116742);
#380=ELLIPSE('',#2123,4.6078400198271,3.96619384285493);
#381=ELLIPSE('',#2144,4.60783968064323,3.96619331415325);
#382=ELLIPSE('',#2146,5.3126956993419,4.83704604289128);
#383=ELLIPSE('',#2159,3.0322137170368,3.);
#384=ELLIPSE('',#2162,3.0322137170368,3.);
#385=ELLIPSE('',#2169,0.507713305942875,0.5);
#386=ELLIPSE('',#2171,1.00387887766973,1.);
#387=ELLIPSE('',#2175,1.00387887766973,1.);
#388=ELLIPSE('',#2176,0.507713305942875,0.5);
#389=ELLIPSE('',#2180,3.06282014661995,3.);
#390=ELLIPSE('',#2181,3.55399314160017,3.5);
#391=ELLIPSE('',#2185,1.00387887766973,0.999999999999999);
#392=ELLIPSE('',#2186,0.507713305942875,0.5);
#393=ELLIPSE('',#2190,2.53856652971437,2.5);
#394=ELLIPSE('',#2193,4.73127780508249,4.07169801383126);
#395=ELLIPSE('',#2200,3.03221371703679,3.);
#396=ELLIPSE('',#2201,2.53856652971437,2.5);
#397=ELLIPSE('',#2208,3.03221371703679,3.);
#398=ELLIPSE('',#2209,2.53856652971437,2.5);
#399=ELLIPSE('',#2215,4.73127742815472,4.07169749505946);
#400=ELLIPSE('',#2220,2.53856652971437,2.5);
#401=ELLIPSE('',#2224,1.00387887766973,1.);
#402=ELLIPSE('',#2225,0.507713305942875,0.5);
#403=ELLIPSE('',#2229,3.06282014661995,3.);
#404=ELLIPSE('',#2230,3.55399314160017,3.5);
#405=ELLIPSE('',#2247,3.06282014661995,3.);
#406=ELLIPSE('',#2248,3.55399314160017,3.5);
#407=ELLIPSE('',#2252,1.00387887766974,1.);
#408=ELLIPSE('',#2253,0.507713305942875,0.5);
#409=ELLIPSE('',#2257,1.00387887766973,1.);
#410=ELLIPSE('',#2258,0.507713305942875,0.5);
#411=ELLIPSE('',#2262,3.55399314160017,3.5);
#412=ELLIPSE('',#2301,0.507713305942875,0.5);
#413=LINE('',#2987,#541);
#414=LINE('',#2990,#542);
#415=LINE('',#3025,#543);
#416=LINE('',#3026,#544);
#417=LINE('',#3068,#545);
#418=LINE('',#3072,#546);
#419=LINE('',#3081,#547);
#420=LINE('',#3082,#548);
#421=LINE('',#3085,#549);
#422=LINE('',#3089,#550);
#423=LINE('',#3091,#551);
#424=LINE('',#3093,#552);
#425=LINE('',#3095,#553);
#426=LINE('',#3097,#554);
#427=LINE('',#3099,#555);
#428=LINE('',#3101,#556);
#429=LINE('',#3103,#557);
#430=LINE('',#3105,#558);
#431=LINE('',#3107,#559);
#432=LINE('',#3109,#560);
#433=LINE('',#3111,#561);
#434=LINE('',#3113,#562);
#435=LINE('',#3114,#563);
#436=LINE('',#3120,#564);
#437=LINE('',#3155,#565);
#438=LINE('',#3156,#566);
#439=LINE('',#3195,#567);
#440=LINE('',#3199,#568);
#441=LINE('',#3225,#569);
#442=LINE('',#3226,#570);
#443=LINE('',#3281,#571);
#444=LINE('',#3282,#572);
#445=LINE('',#3291,#573);
#446=LINE('',#3302,#574);
#447=LINE('',#3303,#575);
#448=LINE('',#3358,#576);
#449=LINE('',#3359,#577);
#450=LINE('',#3367,#578);
#451=LINE('',#3368,#579);
#452=LINE('',#3371,#580);
#453=LINE('',#3373,#581);
#454=LINE('',#3374,#582);
#455=LINE('',#3377,#583);
#456=LINE('',#3386,#584);
#457=LINE('',#3393,#585);
#458=LINE('',#3394,#586);
#459=LINE('',#3397,#587);
#460=LINE('',#3401,#588);
#461=LINE('',#3403,#589);
#462=LINE('',#3405,#590);
#463=LINE('',#3407,#591);
#464=LINE('',#3409,#592);
#465=LINE('',#3411,#593);
#466=LINE('',#3413,#594);
#467=LINE('',#3415,#595);
#468=LINE('',#3417,#596);
#469=LINE('',#3418,#597);
#470=LINE('',#3421,#598);
#471=LINE('',#3472,#599);
#472=LINE('',#3512,#600);
#473=LINE('',#3513,#601);
#474=LINE('',#3565,#602);
#475=LINE('',#3566,#603);
#476=LINE('',#3604,#604);
#477=LINE('',#3641,#605);
#478=LINE('',#3691,#606);
#479=LINE('',#3724,#607);
#480=LINE('',#3730,#608);
#481=LINE('',#3765,#609);
#482=LINE('',#3766,#610);
#483=LINE('',#3823,#611);
#484=LINE('',#3824,#612);
#485=LINE('',#3861,#613);
#486=LINE('',#3901,#614);
#487=LINE('',#3902,#615);
#488=LINE('',#3951,#616);
#489=LINE('',#3952,#617);
#490=LINE('',#3958,#618);
#491=LINE('',#3960,#619);
#492=LINE('',#3971,#620);
#493=LINE('',#3972,#621);
#494=LINE('',#4068,#622);
#495=LINE('',#4069,#623);
#496=LINE('',#4102,#624);
#497=LINE('',#4136,#625);
#498=LINE('',#4137,#626);
#499=LINE('',#4253,#627);
#500=LINE('',#4254,#628);
#501=LINE('',#4264,#629);
#502=LINE('',#4265,#630);
#503=LINE('',#4272,#631);
#504=LINE('',#4276,#632);
#505=LINE('',#4277,#633);
#506=LINE('',#4280,#634);
#507=LINE('',#4284,#635);
#508=LINE('',#4285,#636);
#509=LINE('',#4290,#637);
#510=LINE('',#4294,#638);
#511=LINE('',#4295,#639);
#512=LINE('',#4298,#640);
#513=LINE('',#4302,#641);
#514=LINE('',#4303,#642);
#515=LINE('',#4308,#643);
#516=LINE('',#4310,#644);
#517=LINE('',#4315,#645);
#518=LINE('',#4355,#646);
#519=LINE('',#4357,#647);
#520=LINE('',#4358,#648);
#521=LINE('',#4361,#649);
#522=LINE('',#4404,#650);
#523=LINE('',#4408,#651);
#524=LINE('',#4409,#652);
#525=LINE('',#4412,#653);
#526=LINE('',#4413,#654);
#527=LINE('',#4418,#655);
#528=LINE('',#4420,#656);
#529=LINE('',#4425,#657);
#530=LINE('',#4430,#658);
#531=LINE('',#4433,#659);
#532=LINE('',#4444,#660);
#533=LINE('',#4449,#661);
#534=LINE('',#4451,#662);
#535=LINE('',#4458,#663);
#536=LINE('',#4460,#664);
#537=LINE('',#4462,#665);
#538=LINE('',#4464,#666);
#539=LINE('',#4466,#667);
#540=LINE('',#4468,#668);
#541=VECTOR('',#2345,10.);
#542=VECTOR('',#2348,10.);
#543=VECTOR('',#2359,10.);
#544=VECTOR('',#2360,10.);
#545=VECTOR('',#2367,10.);
#546=VECTOR('',#2370,10.);
#547=VECTOR('',#2375,10.);
#548=VECTOR('',#2376,10.);
#549=VECTOR('',#2379,10.);
#550=VECTOR('',#2384,10.);
#551=VECTOR('',#2385,10.);
#552=VECTOR('',#2386,10.);
#553=VECTOR('',#2387,10.);
#554=VECTOR('',#2388,10.);
#555=VECTOR('',#2389,10.);
#556=VECTOR('',#2390,10.);
#557=VECTOR('',#2391,10.);
#558=VECTOR('',#2392,10.);
#559=VECTOR('',#2393,10.);
#560=VECTOR('',#2394,10.);
#561=VECTOR('',#2395,10.);
#562=VECTOR('',#2396,10.);
#563=VECTOR('',#2397,10.);
#564=VECTOR('',#2404,10.);
#565=VECTOR('',#2415,10.);
#566=VECTOR('',#2416,10.);
#567=VECTOR('',#2425,10.);
#568=VECTOR('',#2428,10.);
#569=VECTOR('',#2445,10.);
#570=VECTOR('',#2446,10.);
#571=VECTOR('',#2463,10.);
#572=VECTOR('',#2464,10.);
#573=VECTOR('',#2477,10.);
#574=VECTOR('',#2490,10.);
#575=VECTOR('',#2491,10.);
#576=VECTOR('',#2508,10.);
#577=VECTOR('',#2509,10.);
#578=VECTOR('',#2520,10.);
#579=VECTOR('',#2521,10.);
#580=VECTOR('',#2524,10.);
#581=VECTOR('',#2525,10.);
#582=VECTOR('',#2526,10.);
#583=VECTOR('',#2529,10.);
#584=VECTOR('',#2532,10.);
#585=VECTOR('',#2535,10.);
#586=VECTOR('',#2536,10.);
#587=VECTOR('',#2539,10.);
#588=VECTOR('',#2544,10.);
#589=VECTOR('',#2545,10.);
#590=VECTOR('',#2546,10.);
#591=VECTOR('',#2547,10.);
#592=VECTOR('',#2548,10.);
#593=VECTOR('',#2549,10.);
#594=VECTOR('',#2550,10.);
#595=VECTOR('',#2551,10.);
#596=VECTOR('',#2552,10.);
#597=VECTOR('',#2553,10.);
#598=VECTOR('',#2556,10.);
#599=VECTOR('',#2581,10.);
#600=VECTOR('',#2592,10.);
#601=VECTOR('',#2593,10.);
#602=VECTOR('',#2604,10.);
#603=VECTOR('',#2605,10.);
#604=VECTOR('',#2616,10.);
#605=VECTOR('',#2625,10.);
#606=VECTOR('',#2638,10.);
#607=VECTOR('',#2649,10.);
#608=VECTOR('',#2656,10.);
#609=VECTOR('',#2667,10.);
#610=VECTOR('',#2668,10.);
#611=VECTOR('',#2683,10.);
#612=VECTOR('',#2684,10.);
#613=VECTOR('',#2693,10.);
#614=VECTOR('',#2704,10.);
#615=VECTOR('',#2705,10.);
#616=VECTOR('',#2714,10.);
#617=VECTOR('',#2715,10.);
#618=VECTOR('',#2720,10.);
#619=VECTOR('',#2723,10.);
#620=VECTOR('',#2736,10.);
#621=VECTOR('',#2737,10.);
#622=VECTOR('',#2758,10.);
#623=VECTOR('',#2759,10.);
#624=VECTOR('',#2770,10.);
#625=VECTOR('',#2781,10.);
#626=VECTOR('',#2782,10.);
#627=VECTOR('',#2801,10.);
#628=VECTOR('',#2802,10.);
#629=VECTOR('',#2815,10.);
#630=VECTOR('',#2816,10.);
#631=VECTOR('',#2827,10.);
#632=VECTOR('',#2832,10.);
#633=VECTOR('',#2833,10.);
#634=VECTOR('',#2836,10.);
#635=VECTOR('',#2841,10.);
#636=VECTOR('',#2842,10.);
#637=VECTOR('',#2849,10.);
#638=VECTOR('',#2854,10.);
#639=VECTOR('',#2855,10.);
#640=VECTOR('',#2858,10.);
#641=VECTOR('',#2863,10.);
#642=VECTOR('',#2864,10.);
#643=VECTOR('',#2873,10.);
#644=VECTOR('',#2876,10.);
#645=VECTOR('',#2883,10.);
#646=VECTOR('',#2886,10.);
#647=VECTOR('',#2887,10.);
#648=VECTOR('',#2888,10.);
#649=VECTOR('',#2891,10.);
#650=VECTOR('',#2896,10.);
#651=VECTOR('',#2901,10.);
#652=VECTOR('',#2902,10.);
#653=VECTOR('',#2905,10.);
#654=VECTOR('',#2906,10.);
#655=VECTOR('',#2915,10.);
#656=VECTOR('',#2918,10.);
#657=VECTOR('',#2925,10.);
#658=VECTOR('',#2932,10.);
#659=VECTOR('',#2937,10.);
#660=VECTOR('',#2952,10.);
#661=VECTOR('',#2959,10.);
#662=VECTOR('',#2962,10.);
#663=VECTOR('',#2963,10.);
#664=VECTOR('',#2966,1.625);
#665=VECTOR('',#2969,1.625);
#666=VECTOR('',#2972,1.625);
#667=VECTOR('',#2975,1.625);
#668=VECTOR('',#2978,10.);
#669=CIRCLE('',#2084,0.499999999999998);
#670=CIRCLE('',#2086,0.5);
#671=CIRCLE('',#2090,0.5);
#672=CIRCLE('',#2094,3.);
#673=CIRCLE('',#2098,1.);
#674=CIRCLE('',#2101,0.500000000000001);
#675=CIRCLE('',#2103,0.500000000000001);
#676=CIRCLE('',#2107,0.499999999999996);
#677=CIRCLE('',#2112,2.00000000000001);
#678=CIRCLE('',#2113,2.00000000000001);
#679=CIRCLE('',#2115,0.499999999999998);
#680=CIRCLE('',#2116,2.5);
#681=CIRCLE('',#2117,0.499999999999998);
#682=CIRCLE('',#2118,3.);
#683=CIRCLE('',#2120,0.499999999999994);
#684=CIRCLE('',#2121,0.499999999999998);
#685=CIRCLE('',#2124,5.310764592656);
#686=CIRCLE('',#2125,0.500000000000003);
#687=CIRCLE('',#2126,5.81079375365899);
#688=CIRCLE('',#2128,0.499999999999998);
#689=CIRCLE('',#2130,0.499999999999998);
#690=CIRCLE('',#2131,3.);
#691=CIRCLE('',#2132,2.5);
#692=CIRCLE('',#2134,0.500000000000003);
#693=CIRCLE('',#2136,0.499999999999998);
#694=CIRCLE('',#2137,3.);
#695=CIRCLE('',#2138,2.5);
#696=CIRCLE('',#2140,0.499999999999994);
#697=CIRCLE('',#2141,0.499999999999998);
#698=CIRCLE('',#2142,5.81079370291559);
#699=CIRCLE('',#2143,5.31076455700347);
#700=CIRCLE('',#2145,0.499999999999998);
#701=CIRCLE('',#2148,0.500000000000003);
#702=CIRCLE('',#2150,0.499999999999998);
#703=CIRCLE('',#2151,3.);
#704=CIRCLE('',#2152,2.5);
#705=CIRCLE('',#2156,5.96154180755853);
#706=CIRCLE('',#2164,1.625);
#707=CIRCLE('',#2165,1.625);
#708=CIRCLE('',#2166,1.625);
#709=CIRCLE('',#2167,1.625);
#710=CIRCLE('',#2168,0.5);
#711=CIRCLE('',#2170,0.500000000000002);
#712=CIRCLE('',#2173,0.500000000000002);
#713=CIRCLE('',#2174,0.500000000000002);
#714=CIRCLE('',#2178,0.500000000000004);
#715=CIRCLE('',#2179,0.500000000000002);
#716=CIRCLE('',#2183,0.500000000000002);
#717=CIRCLE('',#2184,0.5);
#718=CIRCLE('',#2188,0.500000000000002);
#719=CIRCLE('',#2189,0.499999999999998);
#720=CIRCLE('',#2192,0.500000000000002);
#721=CIRCLE('',#2194,0.499999999999998);
#722=CIRCLE('',#2195,5.47571025245465);
#723=CIRCLE('',#2196,0.500000000000001);
#724=CIRCLE('',#2198,0.499999999999996);
#725=CIRCLE('',#2199,0.499999999999996);
#726=CIRCLE('',#2203,0.500000000000001);
#727=CIRCLE('',#2205,0.500000000000001);
#728=CIRCLE('',#2206,0.499999999999994);
#729=CIRCLE('',#2207,0.500000000000003);
#730=CIRCLE('',#2211,0.500000000000001);
#731=CIRCLE('',#2212,5.4757102311526);
#732=CIRCLE('',#2213,0.500000000000001);
#733=CIRCLE('',#2214,5.96154176186601);
#734=CIRCLE('',#2216,0.499999999999998);
#735=CIRCLE('',#2218,0.500000000000002);
#736=CIRCLE('',#2219,0.500000000000002);
#737=CIRCLE('',#2222,0.500000000000002);
#738=CIRCLE('',#2223,0.5);
#739=CIRCLE('',#2227,0.499999999999995);
#740=CIRCLE('',#2228,0.499999999999998);
#741=CIRCLE('',#2233,0.500000000000003);
#742=CIRCLE('',#2234,0.499999999999998);
#743=CIRCLE('',#2236,0.499999999999992);
#744=CIRCLE('',#2237,2.00000000000001);
#745=CIRCLE('',#2238,2.50000000000001);
#746=CIRCLE('',#2240,0.500000000000001);
#747=CIRCLE('',#2242,0.499999999999994);
#748=CIRCLE('',#2243,2.00000000000001);
#749=CIRCLE('',#2244,2.50000000000001);
#750=CIRCLE('',#2245,0.499999999999996);
#751=CIRCLE('',#2246,0.500000000000003);
#752=CIRCLE('',#2250,0.500000000000005);
#753=CIRCLE('',#2251,0.500000000000001);
#754=CIRCLE('',#2255,0.500000000000001);
#755=CIRCLE('',#2256,0.500000000000001);
#756=CIRCLE('',#2260,0.499999999999994);
#757=CIRCLE('',#2261,0.500000000000001);
#758=CIRCLE('',#2263,0.499999999999995);
#759=CIRCLE('',#2265,0.500000000000003);
#760=CIRCLE('',#2266,2.00000000000001);
#761=CIRCLE('',#2267,2.50000000000001);
#762=CIRCLE('',#2269,0.500000000000001);
#763=CIRCLE('',#2271,0.500000000000007);
#764=CIRCLE('',#2272,2.00000000000001);
#765=CIRCLE('',#2273,2.50000000000001);
#766=CIRCLE('',#2275,0.500000000000001);
#767=CIRCLE('',#2277,0.499999999999999);
#768=CIRCLE('',#2279,0.499999999999999);
#769=CIRCLE('',#2281,1.);
#770=CIRCLE('',#2284,3.);
#771=CIRCLE('',#2287,1.);
#772=CIRCLE('',#2289,1.);
#773=CIRCLE('',#2292,3.);
#774=CIRCLE('',#2295,1.);
#775=CIRCLE('',#2304,3.);
#776=CIRCLE('',#2306,2.00000000000001);
#777=CIRCLE('',#2310,2.00000000000001);
#778=CIRCLE('',#2316,1.);
#779=CIRCLE('',#2318,1.);
#780=CIRCLE('',#2320,1.);
#781=CIRCLE('',#2323,1.625);
#782=CIRCLE('',#2325,1.625);
#783=CIRCLE('',#2327,1.625);
#784=CIRCLE('',#2330,1.625);
#785=VERTEX_POINT('',#2983);
#786=VERTEX_POINT('',#2984);
#787=VERTEX_POINT('',#2986);
#788=VERTEX_POINT('',#2988);
#789=VERTEX_POINT('',#3016);
#790=VERTEX_POINT('',#3017);
#791=VERTEX_POINT('',#3022);
#792=VERTEX_POINT('',#3023);
#793=VERTEX_POINT('',#3047);
#794=VERTEX_POINT('',#3048);
#795=VERTEX_POINT('',#3062);
#796=VERTEX_POINT('',#3067);
#797=VERTEX_POINT('',#3069);
#798=VERTEX_POINT('',#3071);
#799=VERTEX_POINT('',#3073);
#800=VERTEX_POINT('',#3080);
#801=VERTEX_POINT('',#3084);
#802=VERTEX_POINT('',#3088);
#803=VERTEX_POINT('',#3090);
#804=VERTEX_POINT('',#3092);
#805=VERTEX_POINT('',#3094);
#806=VERTEX_POINT('',#3096);
#807=VERTEX_POINT('',#3098);
#808=VERTEX_POINT('',#3100);
#809=VERTEX_POINT('',#3102);
#810=VERTEX_POINT('',#3104);
#811=VERTEX_POINT('',#3106);
#812=VERTEX_POINT('',#3108);
#813=VERTEX_POINT('',#3110);
#814=VERTEX_POINT('',#3112);
#815=VERTEX_POINT('',#3116);
#816=VERTEX_POINT('',#3118);
#817=VERTEX_POINT('',#3146);
#818=VERTEX_POINT('',#3147);
#819=VERTEX_POINT('',#3152);
#820=VERTEX_POINT('',#3153);
#821=VERTEX_POINT('',#3177);
#822=VERTEX_POINT('',#3178);
#823=VERTEX_POINT('',#3192);
#824=VERTEX_POINT('',#3194);
#825=VERTEX_POINT('',#3196);
#826=VERTEX_POINT('',#3198);
#827=VERTEX_POINT('',#3200);
#828=VERTEX_POINT('',#3213);
#829=VERTEX_POINT('',#3214);
#830=VERTEX_POINT('',#3216);
#831=VERTEX_POINT('',#3218);
#832=VERTEX_POINT('',#3222);
#833=VERTEX_POINT('',#3223);
#834=VERTEX_POINT('',#3247);
#835=VERTEX_POINT('',#3248);
#836=VERTEX_POINT('',#3272);
#837=VERTEX_POINT('',#3274);
#838=VERTEX_POINT('',#3278);
#839=VERTEX_POINT('',#3279);
#840=VERTEX_POINT('',#3284);
#841=VERTEX_POINT('',#3289);
#842=VERTEX_POINT('',#3293);
#843=VERTEX_POINT('',#3294);
#844=VERTEX_POINT('',#3299);
#845=VERTEX_POINT('',#3300);
#846=VERTEX_POINT('',#3324);
#847=VERTEX_POINT('',#3325);
#848=VERTEX_POINT('',#3349);
#849=VERTEX_POINT('',#3351);
#850=VERTEX_POINT('',#3355);
#851=VERTEX_POINT('',#3356);
#852=VERTEX_POINT('',#3361);
#853=VERTEX_POINT('',#3362);
#854=VERTEX_POINT('',#3370);
#855=VERTEX_POINT('',#3372);
#856=VERTEX_POINT('',#3376);
#857=VERTEX_POINT('',#3385);
#858=VERTEX_POINT('',#3392);
#859=VERTEX_POINT('',#3396);
#860=VERTEX_POINT('',#3400);
#861=VERTEX_POINT('',#3402);
#862=VERTEX_POINT('',#3404);
#863=VERTEX_POINT('',#3406);
#864=VERTEX_POINT('',#3408);
#865=VERTEX_POINT('',#3410);
#866=VERTEX_POINT('',#3412);
#867=VERTEX_POINT('',#3414);
#868=VERTEX_POINT('',#3416);
#869=VERTEX_POINT('',#3420);
#870=VERTEX_POINT('',#3424);
#871=VERTEX_POINT('',#3426);
#872=VERTEX_POINT('',#3428);
#873=VERTEX_POINT('',#3430);
#874=VERTEX_POINT('',#3462);
#875=VERTEX_POINT('',#3463);
#876=VERTEX_POINT('',#3465);
#877=VERTEX_POINT('',#3470);
#878=VERTEX_POINT('',#3503);
#879=VERTEX_POINT('',#3504);
#880=VERTEX_POINT('',#3509);
#881=VERTEX_POINT('',#3510);
#882=VERTEX_POINT('',#3556);
#883=VERTEX_POINT('',#3557);
#884=VERTEX_POINT('',#3562);
#885=VERTEX_POINT('',#3563);
#886=VERTEX_POINT('',#3597);
#887=VERTEX_POINT('',#3602);
#888=VERTEX_POINT('',#3635);
#889=VERTEX_POINT('',#3639);
#890=VERTEX_POINT('',#3662);
#891=VERTEX_POINT('',#3685);
#892=VERTEX_POINT('',#3689);
#893=VERTEX_POINT('',#3717);
#894=VERTEX_POINT('',#3722);
#895=VERTEX_POINT('',#3726);
#896=VERTEX_POINT('',#3728);
#897=VERTEX_POINT('',#3756);
#898=VERTEX_POINT('',#3757);
#899=VERTEX_POINT('',#3762);
#900=VERTEX_POINT('',#3763);
#901=VERTEX_POINT('',#3787);
#902=VERTEX_POINT('',#3789);
#903=VERTEX_POINT('',#3812);
#904=VERTEX_POINT('',#3814);
#905=VERTEX_POINT('',#3821);
#906=VERTEX_POINT('',#3855);
#907=VERTEX_POINT('',#3859);
#908=VERTEX_POINT('',#3892);
#909=VERTEX_POINT('',#3893);
#910=VERTEX_POINT('',#3898);
#911=VERTEX_POINT('',#3899);
#912=VERTEX_POINT('',#3945);
#913=VERTEX_POINT('',#3946);
#914=VERTEX_POINT('',#3954);
#915=VERTEX_POINT('',#3955);
#916=VERTEX_POINT('',#3957);
#917=VERTEX_POINT('',#3962);
#918=VERTEX_POINT('',#3963);
#919=VERTEX_POINT('',#3968);
#920=VERTEX_POINT('',#3969);
#921=VERTEX_POINT('',#3974);
#922=VERTEX_POINT('',#3975);
#923=VERTEX_POINT('',#4009);
#924=VERTEX_POINT('',#4010);
#925=VERTEX_POINT('',#4059);
#926=VERTEX_POINT('',#4060);
#927=VERTEX_POINT('',#4065);
#928=VERTEX_POINT('',#4066);
#929=VERTEX_POINT('',#4095);
#930=VERTEX_POINT('',#4100);
#931=VERTEX_POINT('',#4128);
#932=VERTEX_POINT('',#4129);
#933=VERTEX_POINT('',#4134);
#934=VERTEX_POINT('',#4173);
#935=VERTEX_POINT('',#4206);
#936=VERTEX_POINT('',#4207);
#937=VERTEX_POINT('',#4244);
#938=VERTEX_POINT('',#4245);
#939=VERTEX_POINT('',#4250);
#940=VERTEX_POINT('',#4251);
#941=VERTEX_POINT('',#4256);
#942=VERTEX_POINT('',#4257);
#943=VERTEX_POINT('',#4262);
#944=VERTEX_POINT('',#4271);
#945=VERTEX_POINT('',#4275);
#946=VERTEX_POINT('',#4279);
#947=VERTEX_POINT('',#4283);
#948=VERTEX_POINT('',#4289);
#949=VERTEX_POINT('',#4293);
#950=VERTEX_POINT('',#4297);
#951=VERTEX_POINT('',#4301);
#952=VERTEX_POINT('',#4313);
#953=VERTEX_POINT('',#4340);
#954=VERTEX_POINT('',#4354);
#955=VERTEX_POINT('',#4356);
#956=VERTEX_POINT('',#4360);
#957=VERTEX_POINT('',#4387);
#958=VERTEX_POINT('',#4403);
#959=VERTEX_POINT('',#4407);
#960=VERTEX_POINT('',#4411);
#961=VERTEX_POINT('',#4423);
#962=VERTEX_POINT('',#4429);
#963=VERTEX_POINT('',#4435);
#964=VERTEX_POINT('',#4438);
#965=VERTEX_POINT('',#4441);
#966=VERTEX_POINT('',#4446);
#967=EDGE_CURVE('',#785,#786,#669,.T.);
#968=EDGE_CURVE('',#786,#787,#413,.T.);
#969=EDGE_CURVE('',#787,#788,#367,.F.);
#970=EDGE_CURVE('',#788,#785,#414,.T.);
#971=EDGE_CURVE('',#789,#790,#670,.T.);
#972=EDGE_CURVE('',#790,#786,#368,.T.);
#973=EDGE_CURVE('',#785,#789,#369,.T.);
#974=EDGE_CURVE('',#791,#792,#671,.T.);
#975=EDGE_CURVE('',#792,#790,#415,.T.);
#976=EDGE_CURVE('',#789,#791,#416,.T.);
#977=EDGE_CURVE('',#793,#794,#61,.F.);
#978=EDGE_CURVE('',#794,#792,#370,.T.);
#979=EDGE_CURVE('',#791,#793,#371,.T.);
#980=EDGE_CURVE('',#795,#793,#62,.T.);
#981=EDGE_CURVE('',#796,#791,#417,.T.);
#982=EDGE_CURVE('',#797,#796,#672,.T.);
#983=EDGE_CURVE('',#797,#798,#418,.T.);
#984=EDGE_CURVE('',#799,#798,#372,.T.);
#985=EDGE_CURVE('',#795,#799,#63,.T.);
#986=EDGE_CURVE('',#800,#789,#419,.T.);
#987=EDGE_CURVE('',#796,#800,#420,.T.);
#988=EDGE_CURVE('',#785,#801,#421,.T.);
#989=EDGE_CURVE('',#801,#800,#673,.F.);
#990=EDGE_CURVE('',#802,#788,#422,.T.);
#991=EDGE_CURVE('',#803,#802,#423,.T.);
#992=EDGE_CURVE('',#804,#803,#424,.T.);
#993=EDGE_CURVE('',#805,#804,#425,.T.);
#994=EDGE_CURVE('',#806,#805,#426,.T.);
#995=EDGE_CURVE('',#807,#806,#427,.T.);
#996=EDGE_CURVE('',#808,#807,#428,.T.);
#997=EDGE_CURVE('',#809,#808,#429,.T.);
#998=EDGE_CURVE('',#810,#809,#430,.T.);
#999=EDGE_CURVE('',#810,#811,#431,.T.);
#1000=EDGE_CURVE('',#812,#811,#432,.T.);
#1001=EDGE_CURVE('',#813,#812,#433,.T.);
#1002=EDGE_CURVE('',#814,#813,#434,.T.);
#1003=EDGE_CURVE('',#814,#801,#435,.T.);
#1004=EDGE_CURVE('',#815,#809,#674,.T.);
#1005=EDGE_CURVE('',#808,#816,#373,.F.);
#1006=EDGE_CURVE('',#816,#815,#436,.T.);
#1007=EDGE_CURVE('',#817,#818,#675,.T.);
#1008=EDGE_CURVE('',#818,#809,#374,.T.);
#1009=EDGE_CURVE('',#815,#817,#375,.T.);
#1010=EDGE_CURVE('',#819,#820,#676,.T.);
#1011=EDGE_CURVE('',#820,#818,#437,.T.);
#1012=EDGE_CURVE('',#817,#819,#438,.T.);
#1013=EDGE_CURVE('',#821,#822,#64,.F.);
#1014=EDGE_CURVE('',#822,#820,#376,.T.);
#1015=EDGE_CURVE('',#819,#821,#377,.T.);
#1016=EDGE_CURVE('',#823,#816,#378,.F.);
#1017=EDGE_CURVE('',#824,#823,#439,.T.);
#1018=EDGE_CURVE('',#825,#824,#677,.T.);
#1019=EDGE_CURVE('',#826,#825,#440,.T.);
#1020=EDGE_CURVE('',#827,#826,#678,.T.);
#1021=EDGE_CURVE('',#821,#827,#65,.F.);
#1022=EDGE_CURVE('',#828,#829,#679,.T.);
#1023=EDGE_CURVE('',#829,#830,#680,.T.);
#1024=EDGE_CURVE('',#830,#831,#681,.T.);
#1025=EDGE_CURVE('',#831,#828,#682,.T.);
#1026=EDGE_CURVE('',#832,#833,#683,.T.);
#1027=EDGE_CURVE('',#833,#831,#441,.T.);
#1028=EDGE_CURVE('',#830,#832,#442,.T.);
#1029=EDGE_CURVE('',#834,#835,#684,.T.);
#1030=EDGE_CURVE('',#835,#833,#379,.T.);
#1031=EDGE_CURVE('',#832,#834,#380,.T.);
#1032=EDGE_CURVE('',#834,#836,#685,.T.);
#1033=EDGE_CURVE('',#836,#837,#686,.T.);
#1034=EDGE_CURVE('',#837,#835,#687,.T.);
#1035=EDGE_CURVE('',#838,#839,#688,.T.);
#1036=EDGE_CURVE('',#839,#837,#443,.T.);
#1037=EDGE_CURVE('',#836,#838,#444,.T.);
#1038=EDGE_CURVE('',#840,#804,#689,.T.);
#1039=EDGE_CURVE('',#804,#839,#690,.T.);
#1040=EDGE_CURVE('',#838,#840,#691,.T.);
#1041=EDGE_CURVE('',#841,#805,#692,.T.);
#1042=EDGE_CURVE('',#840,#841,#445,.T.);
#1043=EDGE_CURVE('',#842,#843,#693,.T.);
#1044=EDGE_CURVE('',#843,#805,#694,.T.);
#1045=EDGE_CURVE('',#841,#842,#695,.T.);
#1046=EDGE_CURVE('',#844,#845,#696,.T.);
#1047=EDGE_CURVE('',#845,#843,#446,.T.);
#1048=EDGE_CURVE('',#842,#844,#447,.T.);
#1049=EDGE_CURVE('',#846,#847,#697,.T.);
#1050=EDGE_CURVE('',#847,#845,#698,.T.);
#1051=EDGE_CURVE('',#844,#846,#699,.T.);
#1052=EDGE_CURVE('',#846,#848,#381,.T.);
#1053=EDGE_CURVE('',#848,#849,#700,.T.);
#1054=EDGE_CURVE('',#849,#847,#382,.T.);
#1055=EDGE_CURVE('',#850,#851,#701,.T.);
#1056=EDGE_CURVE('',#851,#849,#448,.T.);
#1057=EDGE_CURVE('',#848,#850,#449,.T.);
#1058=EDGE_CURVE('',#852,#853,#702,.T.);
#1059=EDGE_CURVE('',#853,#851,#703,.T.);
#1060=EDGE_CURVE('',#850,#852,#704,.T.);
#1061=EDGE_CURVE('',#828,#853,#450,.T.);
#1062=EDGE_CURVE('',#852,#829,#451,.T.);
#1063=EDGE_CURVE('',#845,#854,#452,.T.);
#1064=EDGE_CURVE('',#855,#854,#453,.T.);
#1065=EDGE_CURVE('',#843,#855,#454,.T.);
#1066=EDGE_CURVE('',#847,#856,#455,.T.);
#1067=EDGE_CURVE('',#854,#856,#705,.T.);
#1068=EDGE_CURVE('',#849,#857,#456,.T.);
#1069=EDGE_CURVE('',#856,#857,#66,.T.);
#1070=EDGE_CURVE('',#858,#851,#457,.T.);
#1071=EDGE_CURVE('',#857,#858,#458,.T.);
#1072=EDGE_CURVE('',#853,#859,#459,.T.);
#1073=EDGE_CURVE('',#858,#859,#383,.T.);
#1074=EDGE_CURVE('',#860,#828,#460,.T.);
#1075=EDGE_CURVE('',#861,#860,#461,.T.);
#1076=EDGE_CURVE('',#862,#861,#462,.T.);
#1077=EDGE_CURVE('',#862,#863,#463,.T.);
#1078=EDGE_CURVE('',#864,#863,#464,.T.);
#1079=EDGE_CURVE('',#865,#864,#465,.T.);
#1080=EDGE_CURVE('',#866,#865,#466,.T.);
#1081=EDGE_CURVE('',#866,#867,#467,.T.);
#1082=EDGE_CURVE('',#868,#867,#468,.T.);
#1083=EDGE_CURVE('',#859,#868,#469,.T.);
#1084=EDGE_CURVE('',#831,#869,#470,.T.);
#1085=EDGE_CURVE('',#860,#869,#384,.T.);
#1086=EDGE_CURVE('',#870,#870,#706,.T.);
#1087=EDGE_CURVE('',#871,#871,#707,.T.);
#1088=EDGE_CURVE('',#872,#872,#708,.T.);
#1089=EDGE_CURVE('',#873,#873,#709,.T.);
#1090=EDGE_CURVE('',#874,#875,#710,.T.);
#1091=EDGE_CURVE('',#875,#876,#385,.T.);
#1092=EDGE_CURVE('',#876,#864,#711,.T.);
#1093=EDGE_CURVE('',#864,#874,#386,.T.);
#1094=EDGE_CURVE('',#877,#865,#712,.T.);
#1095=EDGE_CURVE('',#876,#877,#471,.T.);
#1096=EDGE_CURVE('',#878,#879,#713,.T.);
#1097=EDGE_CURVE('',#879,#865,#387,.T.);
#1098=EDGE_CURVE('',#877,#878,#388,.T.);
#1099=EDGE_CURVE('',#880,#881,#714,.T.);
#1100=EDGE_CURVE('',#881,#879,#472,.T.);
#1101=EDGE_CURVE('',#878,#880,#473,.T.);
#1102=EDGE_CURVE('',#882,#883,#715,.T.);
#1103=EDGE_CURVE('',#883,#881,#389,.T.);
#1104=EDGE_CURVE('',#880,#882,#390,.T.);
#1105=EDGE_CURVE('',#884,#885,#716,.T.);
#1106=EDGE_CURVE('',#885,#883,#474,.T.);
#1107=EDGE_CURVE('',#882,#884,#475,.T.);
#1108=EDGE_CURVE('',#886,#868,#717,.T.);
#1109=EDGE_CURVE('',#868,#885,#391,.T.);
#1110=EDGE_CURVE('',#884,#886,#392,.T.);
#1111=EDGE_CURVE('',#887,#859,#718,.T.);
#1112=EDGE_CURVE('',#886,#887,#476,.T.);
#1113=EDGE_CURVE('',#888,#858,#719,.T.);
#1114=EDGE_CURVE('',#887,#888,#393,.T.);
#1115=EDGE_CURVE('',#889,#857,#720,.T.);
#1116=EDGE_CURVE('',#888,#889,#477,.T.);
#1117=EDGE_CURVE('',#889,#890,#394,.T.);
#1118=EDGE_CURVE('',#890,#856,#721,.T.);
#1119=EDGE_CURVE('',#890,#891,#722,.T.);
#1120=EDGE_CURVE('',#891,#854,#723,.T.);
#1121=EDGE_CURVE('',#892,#855,#724,.T.);
#1122=EDGE_CURVE('',#891,#892,#478,.T.);
#1123=EDGE_CURVE('',#893,#806,#725,.T.);
#1124=EDGE_CURVE('',#806,#855,#395,.T.);
#1125=EDGE_CURVE('',#892,#893,#396,.T.);
#1126=EDGE_CURVE('',#894,#807,#726,.T.);
#1127=EDGE_CURVE('',#893,#894,#479,.T.);
#1128=EDGE_CURVE('',#895,#803,#727,.T.);
#1129=EDGE_CURVE('',#802,#896,#728,.T.);
#1130=EDGE_CURVE('',#896,#895,#480,.T.);
#1131=EDGE_CURVE('',#897,#898,#729,.T.);
#1132=EDGE_CURVE('',#898,#803,#397,.T.);
#1133=EDGE_CURVE('',#895,#897,#398,.T.);
#1134=EDGE_CURVE('',#899,#900,#730,.T.);
#1135=EDGE_CURVE('',#900,#898,#481,.T.);
#1136=EDGE_CURVE('',#897,#899,#482,.T.);
#1137=EDGE_CURVE('',#899,#901,#731,.T.);
#1138=EDGE_CURVE('',#901,#902,#732,.T.);
#1139=EDGE_CURVE('',#902,#900,#733,.T.);
#1140=EDGE_CURVE('',#901,#903,#399,.T.);
#1141=EDGE_CURVE('',#903,#904,#734,.T.);
#1142=EDGE_CURVE('',#904,#902,#67,.T.);
#1143=EDGE_CURVE('',#905,#869,#735,.T.);
#1144=EDGE_CURVE('',#869,#904,#483,.T.);
#1145=EDGE_CURVE('',#903,#905,#484,.T.);
#1146=EDGE_CURVE('',#906,#860,#736,.T.);
#1147=EDGE_CURVE('',#905,#906,#400,.T.);
#1148=EDGE_CURVE('',#907,#861,#737,.T.);
#1149=EDGE_CURVE('',#906,#907,#485,.T.);
#1150=EDGE_CURVE('',#908,#909,#738,.T.);
#1151=EDGE_CURVE('',#909,#861,#401,.T.);
#1152=EDGE_CURVE('',#907,#908,#402,.T.);
#1153=EDGE_CURVE('',#910,#911,#739,.T.);
#1154=EDGE_CURVE('',#911,#909,#486,.T.);
#1155=EDGE_CURVE('',#908,#910,#487,.T.);
#1156=EDGE_CURVE('',#912,#913,#740,.T.);
#1157=EDGE_CURVE('',#913,#911,#403,.T.);
#1158=EDGE_CURVE('',#910,#912,#404,.T.);
#1159=EDGE_CURVE('',#912,#875,#488,.T.);
#1160=EDGE_CURVE('',#874,#913,#489,.T.);
#1161=EDGE_CURVE('',#914,#915,#741,.T.);
#1162=EDGE_CURVE('',#915,#916,#490,.T.);
#1163=EDGE_CURVE('',#916,#894,#742,.T.);
#1164=EDGE_CURVE('',#894,#914,#491,.T.);
#1165=EDGE_CURVE('',#917,#918,#743,.T.);
#1166=EDGE_CURVE('',#918,#915,#744,.T.);
#1167=EDGE_CURVE('',#914,#917,#745,.T.);
#1168=EDGE_CURVE('',#919,#920,#746,.T.);
#1169=EDGE_CURVE('',#920,#918,#492,.T.);
#1170=EDGE_CURVE('',#917,#919,#493,.T.);
#1171=EDGE_CURVE('',#921,#922,#747,.T.);
#1172=EDGE_CURVE('',#922,#920,#748,.T.);
#1173=EDGE_CURVE('',#919,#921,#749,.T.);
#1174=EDGE_CURVE('',#923,#924,#750,.T.);
#1175=EDGE_CURVE('',#924,#922,#68,.T.);
#1176=EDGE_CURVE('',#921,#923,#69,.T.);
#1177=EDGE_CURVE('',#925,#926,#751,.T.);
#1178=EDGE_CURVE('',#926,#924,#405,.T.);
#1179=EDGE_CURVE('',#923,#925,#406,.T.);
#1180=EDGE_CURVE('',#927,#928,#752,.T.);
#1181=EDGE_CURVE('',#928,#926,#494,.T.);
#1182=EDGE_CURVE('',#925,#927,#495,.T.);
#1183=EDGE_CURVE('',#929,#812,#753,.T.);
#1184=EDGE_CURVE('',#812,#928,#407,.T.);
#1185=EDGE_CURVE('',#927,#929,#408,.T.);
#1186=EDGE_CURVE('',#930,#813,#754,.T.);
#1187=EDGE_CURVE('',#929,#930,#496,.T.);
#1188=EDGE_CURVE('',#931,#932,#755,.T.);
#1189=EDGE_CURVE('',#932,#813,#409,.T.);
#1190=EDGE_CURVE('',#930,#931,#410,.T.);
#1191=EDGE_CURVE('',#933,#798,#756,.T.);
#1192=EDGE_CURVE('',#798,#932,#497,.T.);
#1193=EDGE_CURVE('',#931,#933,#498,.T.);
#1194=EDGE_CURVE('',#934,#799,#757,.T.);
#1195=EDGE_CURVE('',#933,#934,#411,.T.);
#1196=EDGE_CURVE('',#935,#936,#758,.T.);
#1197=EDGE_CURVE('',#936,#799,#70,.T.);
#1198=EDGE_CURVE('',#934,#935,#71,.T.);
#1199=EDGE_CURVE('',#937,#938,#759,.T.);
#1200=EDGE_CURVE('',#938,#936,#760,.T.);
#1201=EDGE_CURVE('',#935,#937,#761,.T.);
#1202=EDGE_CURVE('',#939,#940,#762,.T.);
#1203=EDGE_CURVE('',#940,#938,#499,.T.);
#1204=EDGE_CURVE('',#937,#939,#500,.T.);
#1205=EDGE_CURVE('',#941,#942,#763,.T.);
#1206=EDGE_CURVE('',#942,#940,#764,.T.);
#1207=EDGE_CURVE('',#939,#941,#765,.T.);
#1208=EDGE_CURVE('',#896,#943,#766,.T.);
#1209=EDGE_CURVE('',#943,#942,#501,.T.);
#1210=EDGE_CURVE('',#941,#896,#502,.T.);
#1211=EDGE_CURVE('',#916,#807,#767,.T.);
#1212=EDGE_CURVE('',#802,#943,#768,.T.);
#1213=EDGE_CURVE('',#909,#944,#503,.T.);
#1214=EDGE_CURVE('',#944,#862,#769,.F.);
#1215=EDGE_CURVE('',#945,#911,#504,.T.);
#1216=EDGE_CURVE('',#945,#944,#505,.T.);
#1217=EDGE_CURVE('',#946,#913,#506,.T.);
#1218=EDGE_CURVE('',#945,#946,#770,.T.);
#1219=EDGE_CURVE('',#947,#874,#507,.T.);
#1220=EDGE_CURVE('',#946,#947,#508,.T.);
#1221=EDGE_CURVE('',#863,#947,#771,.F.);
#1222=EDGE_CURVE('',#879,#948,#509,.T.);
#1223=EDGE_CURVE('',#948,#866,#772,.F.);
#1224=EDGE_CURVE('',#949,#881,#510,.T.);
#1225=EDGE_CURVE('',#949,#948,#511,.T.);
#1226=EDGE_CURVE('',#950,#883,#512,.T.);
#1227=EDGE_CURVE('',#949,#950,#773,.T.);
#1228=EDGE_CURVE('',#951,#885,#513,.T.);
#1229=EDGE_CURVE('',#950,#951,#514,.T.);
#1230=EDGE_CURVE('',#867,#951,#774,.F.);
#1231=EDGE_CURVE('',#916,#823,#515,.T.);
#1232=EDGE_CURVE('',#915,#824,#516,.T.);
#1233=EDGE_CURVE('',#787,#952,#412,.F.);
#1234=EDGE_CURVE('',#952,#943,#517,.T.);
#1235=EDGE_CURVE('',#924,#953,#72,.T.);
#1236=EDGE_CURVE('',#822,#953,#73,.T.);
#1237=EDGE_CURVE('',#827,#922,#74,.T.);
#1238=EDGE_CURVE('',#954,#820,#518,.T.);
#1239=EDGE_CURVE('',#954,#955,#519,.T.);
#1240=EDGE_CURVE('',#818,#955,#520,.T.);
#1241=EDGE_CURVE('',#956,#926,#521,.T.);
#1242=EDGE_CURVE('',#954,#956,#775,.T.);
#1243=EDGE_CURVE('',#936,#957,#75,.T.);
#1244=EDGE_CURVE('',#794,#957,#76,.T.);
#1245=EDGE_CURVE('',#938,#958,#522,.T.);
#1246=EDGE_CURVE('',#958,#957,#776,.T.);
#1247=EDGE_CURVE('',#952,#959,#523,.T.);
#1248=EDGE_CURVE('',#942,#959,#524,.T.);
#1249=EDGE_CURVE('',#940,#960,#525,.T.);
#1250=EDGE_CURVE('',#960,#958,#526,.T.);
#1251=EDGE_CURVE('',#959,#960,#777,.T.);
#1252=EDGE_CURVE('',#918,#825,#527,.T.);
#1253=EDGE_CURVE('',#920,#826,#528,.T.);
#1254=EDGE_CURVE('',#811,#961,#778,.F.);
#1255=EDGE_CURVE('',#961,#928,#529,.T.);
#1256=EDGE_CURVE('',#955,#810,#779,.F.);
#1257=EDGE_CURVE('',#932,#962,#530,.T.);
#1258=EDGE_CURVE('',#962,#814,#780,.F.);
#1259=EDGE_CURVE('',#797,#962,#531,.T.);
#1260=EDGE_CURVE('',#963,#963,#781,.T.);
#1261=EDGE_CURVE('',#964,#964,#782,.T.);
#1262=EDGE_CURVE('',#965,#965,#783,.T.);
#1263=EDGE_CURVE('',#956,#961,#532,.T.);
#1264=EDGE_CURVE('',#966,#966,#784,.T.);
#1265=EDGE_CURVE('',#898,#839,#533,.T.);
#1266=EDGE_CURVE('',#833,#904,#534,.T.);
#1267=EDGE_CURVE('',#835,#902,#535,.T.);
#1268=EDGE_CURVE('',#870,#966,#536,.T.);
#1269=EDGE_CURVE('',#871,#965,#537,.T.);
#1270=EDGE_CURVE('',#872,#963,#538,.T.);
#1271=EDGE_CURVE('',#873,#964,#539,.T.);
#1272=EDGE_CURVE('',#837,#900,#540,.T.);
#1273=ORIENTED_EDGE('',*,*,#967,.T.);
#1274=ORIENTED_EDGE('',*,*,#968,.T.);
#1275=ORIENTED_EDGE('',*,*,#969,.T.);
#1276=ORIENTED_EDGE('',*,*,#970,.T.);
#1277=ORIENTED_EDGE('',*,*,#971,.T.);
#1278=ORIENTED_EDGE('',*,*,#972,.T.);
#1279=ORIENTED_EDGE('',*,*,#967,.F.);
#1280=ORIENTED_EDGE('',*,*,#973,.T.);
#1281=ORIENTED_EDGE('',*,*,#974,.T.);
#1282=ORIENTED_EDGE('',*,*,#975,.T.);
#1283=ORIENTED_EDGE('',*,*,#971,.F.);
#1284=ORIENTED_EDGE('',*,*,#976,.T.);
#1285=ORIENTED_EDGE('',*,*,#977,.T.);
#1286=ORIENTED_EDGE('',*,*,#978,.T.);
#1287=ORIENTED_EDGE('',*,*,#974,.F.);
#1288=ORIENTED_EDGE('',*,*,#979,.T.);
#1289=ORIENTED_EDGE('',*,*,#980,.T.);
#1290=ORIENTED_EDGE('',*,*,#979,.F.);
#1291=ORIENTED_EDGE('',*,*,#981,.F.);
#1292=ORIENTED_EDGE('',*,*,#982,.F.);
#1293=ORIENTED_EDGE('',*,*,#983,.T.);
#1294=ORIENTED_EDGE('',*,*,#984,.F.);
#1295=ORIENTED_EDGE('',*,*,#985,.F.);
#1296=ORIENTED_EDGE('',*,*,#976,.F.);
#1297=ORIENTED_EDGE('',*,*,#986,.F.);
#1298=ORIENTED_EDGE('',*,*,#987,.F.);
#1299=ORIENTED_EDGE('',*,*,#981,.T.);
#1300=ORIENTED_EDGE('',*,*,#973,.F.);
#1301=ORIENTED_EDGE('',*,*,#988,.T.);
#1302=ORIENTED_EDGE('',*,*,#989,.T.);
#1303=ORIENTED_EDGE('',*,*,#986,.T.);
#1304=ORIENTED_EDGE('',*,*,#970,.F.);
#1305=ORIENTED_EDGE('',*,*,#990,.F.);
#1306=ORIENTED_EDGE('',*,*,#991,.F.);
#1307=ORIENTED_EDGE('',*,*,#992,.F.);
#1308=ORIENTED_EDGE('',*,*,#993,.F.);
#1309=ORIENTED_EDGE('',*,*,#994,.F.);
#1310=ORIENTED_EDGE('',*,*,#995,.F.);
#1311=ORIENTED_EDGE('',*,*,#996,.F.);
#1312=ORIENTED_EDGE('',*,*,#997,.F.);
#1313=ORIENTED_EDGE('',*,*,#998,.F.);
#1314=ORIENTED_EDGE('',*,*,#999,.T.);
#1315=ORIENTED_EDGE('',*,*,#1000,.F.);
#1316=ORIENTED_EDGE('',*,*,#1001,.F.);
#1317=ORIENTED_EDGE('',*,*,#1002,.F.);
#1318=ORIENTED_EDGE('',*,*,#1003,.T.);
#1319=ORIENTED_EDGE('',*,*,#988,.F.);
#1320=ORIENTED_EDGE('',*,*,#1004,.T.);
#1321=ORIENTED_EDGE('',*,*,#997,.T.);
#1322=ORIENTED_EDGE('',*,*,#1005,.T.);
#1323=ORIENTED_EDGE('',*,*,#1006,.T.);
#1324=ORIENTED_EDGE('',*,*,#1007,.T.);
#1325=ORIENTED_EDGE('',*,*,#1008,.T.);
#1326=ORIENTED_EDGE('',*,*,#1004,.F.);
#1327=ORIENTED_EDGE('',*,*,#1009,.T.);
#1328=ORIENTED_EDGE('',*,*,#1010,.T.);
#1329=ORIENTED_EDGE('',*,*,#1011,.T.);
#1330=ORIENTED_EDGE('',*,*,#1007,.F.);
#1331=ORIENTED_EDGE('',*,*,#1012,.T.);
#1332=ORIENTED_EDGE('',*,*,#1013,.T.);
#1333=ORIENTED_EDGE('',*,*,#1014,.T.);
#1334=ORIENTED_EDGE('',*,*,#1010,.F.);
#1335=ORIENTED_EDGE('',*,*,#1015,.T.);
#1336=ORIENTED_EDGE('',*,*,#1015,.F.);
#1337=ORIENTED_EDGE('',*,*,#1012,.F.);
#1338=ORIENTED_EDGE('',*,*,#1009,.F.);
#1339=ORIENTED_EDGE('',*,*,#1006,.F.);
#1340=ORIENTED_EDGE('',*,*,#1016,.F.);
#1341=ORIENTED_EDGE('',*,*,#1017,.F.);
#1342=ORIENTED_EDGE('',*,*,#1018,.F.);
#1343=ORIENTED_EDGE('',*,*,#1019,.F.);
#1344=ORIENTED_EDGE('',*,*,#1020,.F.);
#1345=ORIENTED_EDGE('',*,*,#1021,.F.);
#1346=ORIENTED_EDGE('',*,*,#1022,.T.);
#1347=ORIENTED_EDGE('',*,*,#1023,.T.);
#1348=ORIENTED_EDGE('',*,*,#1024,.T.);
#1349=ORIENTED_EDGE('',*,*,#1025,.T.);
#1350=ORIENTED_EDGE('',*,*,#1026,.T.);
#1351=ORIENTED_EDGE('',*,*,#1027,.T.);
#1352=ORIENTED_EDGE('',*,*,#1024,.F.);
#1353=ORIENTED_EDGE('',*,*,#1028,.T.);
#1354=ORIENTED_EDGE('',*,*,#1029,.T.);
#1355=ORIENTED_EDGE('',*,*,#1030,.T.);
#1356=ORIENTED_EDGE('',*,*,#1026,.F.);
#1357=ORIENTED_EDGE('',*,*,#1031,.T.);
#1358=ORIENTED_EDGE('',*,*,#1029,.F.);
#1359=ORIENTED_EDGE('',*,*,#1032,.T.);
#1360=ORIENTED_EDGE('',*,*,#1033,.T.);
#1361=ORIENTED_EDGE('',*,*,#1034,.T.);
#1362=ORIENTED_EDGE('',*,*,#1035,.T.);
#1363=ORIENTED_EDGE('',*,*,#1036,.T.);
#1364=ORIENTED_EDGE('',*,*,#1033,.F.);
#1365=ORIENTED_EDGE('',*,*,#1037,.T.);
#1366=ORIENTED_EDGE('',*,*,#1038,.T.);
#1367=ORIENTED_EDGE('',*,*,#1039,.T.);
#1368=ORIENTED_EDGE('',*,*,#1035,.F.);
#1369=ORIENTED_EDGE('',*,*,#1040,.T.);
#1370=ORIENTED_EDGE('',*,*,#1041,.T.);
#1371=ORIENTED_EDGE('',*,*,#993,.T.);
#1372=ORIENTED_EDGE('',*,*,#1038,.F.);
#1373=ORIENTED_EDGE('',*,*,#1042,.T.);
#1374=ORIENTED_EDGE('',*,*,#1043,.T.);
#1375=ORIENTED_EDGE('',*,*,#1044,.T.);
#1376=ORIENTED_EDGE('',*,*,#1041,.F.);
#1377=ORIENTED_EDGE('',*,*,#1045,.T.);
#1378=ORIENTED_EDGE('',*,*,#1046,.T.);
#1379=ORIENTED_EDGE('',*,*,#1047,.T.);
#1380=ORIENTED_EDGE('',*,*,#1043,.F.);
#1381=ORIENTED_EDGE('',*,*,#1048,.T.);
#1382=ORIENTED_EDGE('',*,*,#1049,.T.);
#1383=ORIENTED_EDGE('',*,*,#1050,.T.);
#1384=ORIENTED_EDGE('',*,*,#1046,.F.);
#1385=ORIENTED_EDGE('',*,*,#1051,.T.);
#1386=ORIENTED_EDGE('',*,*,#1049,.F.);
#1387=ORIENTED_EDGE('',*,*,#1052,.T.);
#1388=ORIENTED_EDGE('',*,*,#1053,.T.);
#1389=ORIENTED_EDGE('',*,*,#1054,.T.);
#1390=ORIENTED_EDGE('',*,*,#1055,.T.);
#1391=ORIENTED_EDGE('',*,*,#1056,.T.);
#1392=ORIENTED_EDGE('',*,*,#1053,.F.);
#1393=ORIENTED_EDGE('',*,*,#1057,.T.);
#1394=ORIENTED_EDGE('',*,*,#1058,.T.);
#1395=ORIENTED_EDGE('',*,*,#1059,.T.);
#1396=ORIENTED_EDGE('',*,*,#1055,.F.);
#1397=ORIENTED_EDGE('',*,*,#1060,.T.);
#1398=ORIENTED_EDGE('',*,*,#1022,.F.);
#1399=ORIENTED_EDGE('',*,*,#1061,.T.);
#1400=ORIENTED_EDGE('',*,*,#1058,.F.);
#1401=ORIENTED_EDGE('',*,*,#1062,.T.);
#1402=ORIENTED_EDGE('',*,*,#1047,.F.);
#1403=ORIENTED_EDGE('',*,*,#1063,.T.);
#1404=ORIENTED_EDGE('',*,*,#1064,.F.);
#1405=ORIENTED_EDGE('',*,*,#1065,.F.);
#1406=ORIENTED_EDGE('',*,*,#1050,.F.);
#1407=ORIENTED_EDGE('',*,*,#1066,.T.);
#1408=ORIENTED_EDGE('',*,*,#1067,.F.);
#1409=ORIENTED_EDGE('',*,*,#1063,.F.);
#1410=ORIENTED_EDGE('',*,*,#1054,.F.);
#1411=ORIENTED_EDGE('',*,*,#1068,.T.);
#1412=ORIENTED_EDGE('',*,*,#1069,.F.);
#1413=ORIENTED_EDGE('',*,*,#1066,.F.);
#1414=ORIENTED_EDGE('',*,*,#1056,.F.);
#1415=ORIENTED_EDGE('',*,*,#1070,.F.);
#1416=ORIENTED_EDGE('',*,*,#1071,.F.);
#1417=ORIENTED_EDGE('',*,*,#1068,.F.);
#1418=ORIENTED_EDGE('',*,*,#1059,.F.);
#1419=ORIENTED_EDGE('',*,*,#1072,.T.);
#1420=ORIENTED_EDGE('',*,*,#1073,.F.);
#1421=ORIENTED_EDGE('',*,*,#1070,.T.);
#1422=ORIENTED_EDGE('',*,*,#1061,.F.);
#1423=ORIENTED_EDGE('',*,*,#1074,.F.);
#1424=ORIENTED_EDGE('',*,*,#1075,.F.);
#1425=ORIENTED_EDGE('',*,*,#1076,.F.);
#1426=ORIENTED_EDGE('',*,*,#1077,.T.);
#1427=ORIENTED_EDGE('',*,*,#1078,.F.);
#1428=ORIENTED_EDGE('',*,*,#1079,.F.);
#1429=ORIENTED_EDGE('',*,*,#1080,.F.);
#1430=ORIENTED_EDGE('',*,*,#1081,.T.);
#1431=ORIENTED_EDGE('',*,*,#1082,.F.);
#1432=ORIENTED_EDGE('',*,*,#1083,.F.);
#1433=ORIENTED_EDGE('',*,*,#1072,.F.);
#1434=ORIENTED_EDGE('',*,*,#1025,.F.);
#1435=ORIENTED_EDGE('',*,*,#1084,.T.);
#1436=ORIENTED_EDGE('',*,*,#1085,.F.);
#1437=ORIENTED_EDGE('',*,*,#1074,.T.);
#1438=ORIENTED_EDGE('',*,*,#1023,.F.);
#1439=ORIENTED_EDGE('',*,*,#1062,.F.);
#1440=ORIENTED_EDGE('',*,*,#1060,.F.);
#1441=ORIENTED_EDGE('',*,*,#1057,.F.);
#1442=ORIENTED_EDGE('',*,*,#1052,.F.);
#1443=ORIENTED_EDGE('',*,*,#1051,.F.);
#1444=ORIENTED_EDGE('',*,*,#1048,.F.);
#1445=ORIENTED_EDGE('',*,*,#1045,.F.);
#1446=ORIENTED_EDGE('',*,*,#1042,.F.);
#1447=ORIENTED_EDGE('',*,*,#1040,.F.);
#1448=ORIENTED_EDGE('',*,*,#1037,.F.);
#1449=ORIENTED_EDGE('',*,*,#1032,.F.);
#1450=ORIENTED_EDGE('',*,*,#1031,.F.);
#1451=ORIENTED_EDGE('',*,*,#1028,.F.);
#1452=ORIENTED_EDGE('',*,*,#1086,.F.);
#1453=ORIENTED_EDGE('',*,*,#1087,.F.);
#1454=ORIENTED_EDGE('',*,*,#1088,.F.);
#1455=ORIENTED_EDGE('',*,*,#1089,.F.);
#1456=ORIENTED_EDGE('',*,*,#1090,.T.);
#1457=ORIENTED_EDGE('',*,*,#1091,.T.);
#1458=ORIENTED_EDGE('',*,*,#1092,.T.);
#1459=ORIENTED_EDGE('',*,*,#1093,.T.);
#1460=ORIENTED_EDGE('',*,*,#1094,.T.);
#1461=ORIENTED_EDGE('',*,*,#1079,.T.);
#1462=ORIENTED_EDGE('',*,*,#1092,.F.);
#1463=ORIENTED_EDGE('',*,*,#1095,.T.);
#1464=ORIENTED_EDGE('',*,*,#1096,.T.);
#1465=ORIENTED_EDGE('',*,*,#1097,.T.);
#1466=ORIENTED_EDGE('',*,*,#1094,.F.);
#1467=ORIENTED_EDGE('',*,*,#1098,.T.);
#1468=ORIENTED_EDGE('',*,*,#1099,.T.);
#1469=ORIENTED_EDGE('',*,*,#1100,.T.);
#1470=ORIENTED_EDGE('',*,*,#1096,.F.);
#1471=ORIENTED_EDGE('',*,*,#1101,.T.);
#1472=ORIENTED_EDGE('',*,*,#1102,.T.);
#1473=ORIENTED_EDGE('',*,*,#1103,.T.);
#1474=ORIENTED_EDGE('',*,*,#1099,.F.);
#1475=ORIENTED_EDGE('',*,*,#1104,.T.);
#1476=ORIENTED_EDGE('',*,*,#1105,.T.);
#1477=ORIENTED_EDGE('',*,*,#1106,.T.);
#1478=ORIENTED_EDGE('',*,*,#1102,.F.);
#1479=ORIENTED_EDGE('',*,*,#1107,.T.);
#1480=ORIENTED_EDGE('',*,*,#1108,.T.);
#1481=ORIENTED_EDGE('',*,*,#1109,.T.);
#1482=ORIENTED_EDGE('',*,*,#1105,.F.);
#1483=ORIENTED_EDGE('',*,*,#1110,.T.);
#1484=ORIENTED_EDGE('',*,*,#1111,.T.);
#1485=ORIENTED_EDGE('',*,*,#1083,.T.);
#1486=ORIENTED_EDGE('',*,*,#1108,.F.);
#1487=ORIENTED_EDGE('',*,*,#1112,.T.);
#1488=ORIENTED_EDGE('',*,*,#1113,.T.);
#1489=ORIENTED_EDGE('',*,*,#1073,.T.);
#1490=ORIENTED_EDGE('',*,*,#1111,.F.);
#1491=ORIENTED_EDGE('',*,*,#1114,.T.);
#1492=ORIENTED_EDGE('',*,*,#1115,.T.);
#1493=ORIENTED_EDGE('',*,*,#1071,.T.);
#1494=ORIENTED_EDGE('',*,*,#1113,.F.);
#1495=ORIENTED_EDGE('',*,*,#1116,.T.);
#1496=ORIENTED_EDGE('',*,*,#1115,.F.);
#1497=ORIENTED_EDGE('',*,*,#1117,.T.);
#1498=ORIENTED_EDGE('',*,*,#1118,.T.);
#1499=ORIENTED_EDGE('',*,*,#1069,.T.);
#1500=ORIENTED_EDGE('',*,*,#1118,.F.);
#1501=ORIENTED_EDGE('',*,*,#1119,.T.);
#1502=ORIENTED_EDGE('',*,*,#1120,.T.);
#1503=ORIENTED_EDGE('',*,*,#1067,.T.);
#1504=ORIENTED_EDGE('',*,*,#1121,.T.);
#1505=ORIENTED_EDGE('',*,*,#1064,.T.);
#1506=ORIENTED_EDGE('',*,*,#1120,.F.);
#1507=ORIENTED_EDGE('',*,*,#1122,.T.);
#1508=ORIENTED_EDGE('',*,*,#1123,.T.);
#1509=ORIENTED_EDGE('',*,*,#1124,.T.);
#1510=ORIENTED_EDGE('',*,*,#1121,.F.);
#1511=ORIENTED_EDGE('',*,*,#1125,.T.);
#1512=ORIENTED_EDGE('',*,*,#1126,.T.);
#1513=ORIENTED_EDGE('',*,*,#995,.T.);
#1514=ORIENTED_EDGE('',*,*,#1123,.F.);
#1515=ORIENTED_EDGE('',*,*,#1127,.T.);
#1516=ORIENTED_EDGE('',*,*,#1128,.T.);
#1517=ORIENTED_EDGE('',*,*,#991,.T.);
#1518=ORIENTED_EDGE('',*,*,#1129,.T.);
#1519=ORIENTED_EDGE('',*,*,#1130,.T.);
#1520=ORIENTED_EDGE('',*,*,#1131,.T.);
#1521=ORIENTED_EDGE('',*,*,#1132,.T.);
#1522=ORIENTED_EDGE('',*,*,#1128,.F.);
#1523=ORIENTED_EDGE('',*,*,#1133,.T.);
#1524=ORIENTED_EDGE('',*,*,#1134,.T.);
#1525=ORIENTED_EDGE('',*,*,#1135,.T.);
#1526=ORIENTED_EDGE('',*,*,#1131,.F.);
#1527=ORIENTED_EDGE('',*,*,#1136,.T.);
#1528=ORIENTED_EDGE('',*,*,#1134,.F.);
#1529=ORIENTED_EDGE('',*,*,#1137,.T.);
#1530=ORIENTED_EDGE('',*,*,#1138,.T.);
#1531=ORIENTED_EDGE('',*,*,#1139,.T.);
#1532=ORIENTED_EDGE('',*,*,#1138,.F.);
#1533=ORIENTED_EDGE('',*,*,#1140,.T.);
#1534=ORIENTED_EDGE('',*,*,#1141,.T.);
#1535=ORIENTED_EDGE('',*,*,#1142,.T.);
#1536=ORIENTED_EDGE('',*,*,#1143,.T.);
#1537=ORIENTED_EDGE('',*,*,#1144,.T.);
#1538=ORIENTED_EDGE('',*,*,#1141,.F.);
#1539=ORIENTED_EDGE('',*,*,#1145,.T.);
#1540=ORIENTED_EDGE('',*,*,#1146,.T.);
#1541=ORIENTED_EDGE('',*,*,#1085,.T.);
#1542=ORIENTED_EDGE('',*,*,#1143,.F.);
#1543=ORIENTED_EDGE('',*,*,#1147,.T.);
#1544=ORIENTED_EDGE('',*,*,#1148,.T.);
#1545=ORIENTED_EDGE('',*,*,#1075,.T.);
#1546=ORIENTED_EDGE('',*,*,#1146,.F.);
#1547=ORIENTED_EDGE('',*,*,#1149,.T.);
#1548=ORIENTED_EDGE('',*,*,#1150,.T.);
#1549=ORIENTED_EDGE('',*,*,#1151,.T.);
#1550=ORIENTED_EDGE('',*,*,#1148,.F.);
#1551=ORIENTED_EDGE('',*,*,#1152,.T.);
#1552=ORIENTED_EDGE('',*,*,#1153,.T.);
#1553=ORIENTED_EDGE('',*,*,#1154,.T.);
#1554=ORIENTED_EDGE('',*,*,#1150,.F.);
#1555=ORIENTED_EDGE('',*,*,#1155,.T.);
#1556=ORIENTED_EDGE('',*,*,#1156,.T.);
#1557=ORIENTED_EDGE('',*,*,#1157,.T.);
#1558=ORIENTED_EDGE('',*,*,#1153,.F.);
#1559=ORIENTED_EDGE('',*,*,#1158,.T.);
#1560=ORIENTED_EDGE('',*,*,#1156,.F.);
#1561=ORIENTED_EDGE('',*,*,#1159,.T.);
#1562=ORIENTED_EDGE('',*,*,#1090,.F.);
#1563=ORIENTED_EDGE('',*,*,#1160,.T.);
#1564=ORIENTED_EDGE('',*,*,#1161,.T.);
#1565=ORIENTED_EDGE('',*,*,#1162,.T.);
#1566=ORIENTED_EDGE('',*,*,#1163,.T.);
#1567=ORIENTED_EDGE('',*,*,#1164,.T.);
#1568=ORIENTED_EDGE('',*,*,#1165,.T.);
#1569=ORIENTED_EDGE('',*,*,#1166,.T.);
#1570=ORIENTED_EDGE('',*,*,#1161,.F.);
#1571=ORIENTED_EDGE('',*,*,#1167,.T.);
#1572=ORIENTED_EDGE('',*,*,#1168,.T.);
#1573=ORIENTED_EDGE('',*,*,#1169,.T.);
#1574=ORIENTED_EDGE('',*,*,#1165,.F.);
#1575=ORIENTED_EDGE('',*,*,#1170,.T.);
#1576=ORIENTED_EDGE('',*,*,#1171,.T.);
#1577=ORIENTED_EDGE('',*,*,#1172,.T.);
#1578=ORIENTED_EDGE('',*,*,#1168,.F.);
#1579=ORIENTED_EDGE('',*,*,#1173,.T.);
#1580=ORIENTED_EDGE('',*,*,#1174,.T.);
#1581=ORIENTED_EDGE('',*,*,#1175,.T.);
#1582=ORIENTED_EDGE('',*,*,#1171,.F.);
#1583=ORIENTED_EDGE('',*,*,#1176,.T.);
#1584=ORIENTED_EDGE('',*,*,#1177,.T.);
#1585=ORIENTED_EDGE('',*,*,#1178,.T.);
#1586=ORIENTED_EDGE('',*,*,#1174,.F.);
#1587=ORIENTED_EDGE('',*,*,#1179,.T.);
#1588=ORIENTED_EDGE('',*,*,#1180,.T.);
#1589=ORIENTED_EDGE('',*,*,#1181,.T.);
#1590=ORIENTED_EDGE('',*,*,#1177,.F.);
#1591=ORIENTED_EDGE('',*,*,#1182,.T.);
#1592=ORIENTED_EDGE('',*,*,#1183,.T.);
#1593=ORIENTED_EDGE('',*,*,#1184,.T.);
#1594=ORIENTED_EDGE('',*,*,#1180,.F.);
#1595=ORIENTED_EDGE('',*,*,#1185,.T.);
#1596=ORIENTED_EDGE('',*,*,#1186,.T.);
#1597=ORIENTED_EDGE('',*,*,#1001,.T.);
#1598=ORIENTED_EDGE('',*,*,#1183,.F.);
#1599=ORIENTED_EDGE('',*,*,#1187,.T.);
#1600=ORIENTED_EDGE('',*,*,#1188,.T.);
#1601=ORIENTED_EDGE('',*,*,#1189,.T.);
#1602=ORIENTED_EDGE('',*,*,#1186,.F.);
#1603=ORIENTED_EDGE('',*,*,#1190,.T.);
#1604=ORIENTED_EDGE('',*,*,#1191,.T.);
#1605=ORIENTED_EDGE('',*,*,#1192,.T.);
#1606=ORIENTED_EDGE('',*,*,#1188,.F.);
#1607=ORIENTED_EDGE('',*,*,#1193,.T.);
#1608=ORIENTED_EDGE('',*,*,#1194,.T.);
#1609=ORIENTED_EDGE('',*,*,#984,.T.);
#1610=ORIENTED_EDGE('',*,*,#1191,.F.);
#1611=ORIENTED_EDGE('',*,*,#1195,.T.);
#1612=ORIENTED_EDGE('',*,*,#1196,.T.);
#1613=ORIENTED_EDGE('',*,*,#1197,.T.);
#1614=ORIENTED_EDGE('',*,*,#1194,.F.);
#1615=ORIENTED_EDGE('',*,*,#1198,.T.);
#1616=ORIENTED_EDGE('',*,*,#1199,.T.);
#1617=ORIENTED_EDGE('',*,*,#1200,.T.);
#1618=ORIENTED_EDGE('',*,*,#1196,.F.);
#1619=ORIENTED_EDGE('',*,*,#1201,.T.);
#1620=ORIENTED_EDGE('',*,*,#1202,.T.);
#1621=ORIENTED_EDGE('',*,*,#1203,.T.);
#1622=ORIENTED_EDGE('',*,*,#1199,.F.);
#1623=ORIENTED_EDGE('',*,*,#1204,.T.);
#1624=ORIENTED_EDGE('',*,*,#1205,.T.);
#1625=ORIENTED_EDGE('',*,*,#1206,.T.);
#1626=ORIENTED_EDGE('',*,*,#1202,.F.);
#1627=ORIENTED_EDGE('',*,*,#1207,.T.);
#1628=ORIENTED_EDGE('',*,*,#1208,.T.);
#1629=ORIENTED_EDGE('',*,*,#1209,.T.);
#1630=ORIENTED_EDGE('',*,*,#1205,.F.);
#1631=ORIENTED_EDGE('',*,*,#1210,.T.);
#1632=ORIENTED_EDGE('',*,*,#1163,.F.);
#1633=ORIENTED_EDGE('',*,*,#1211,.T.);
#1634=ORIENTED_EDGE('',*,*,#1126,.F.);
#1635=ORIENTED_EDGE('',*,*,#1129,.F.);
#1636=ORIENTED_EDGE('',*,*,#1212,.T.);
#1637=ORIENTED_EDGE('',*,*,#1208,.F.);
#1638=ORIENTED_EDGE('',*,*,#1151,.F.);
#1639=ORIENTED_EDGE('',*,*,#1213,.T.);
#1640=ORIENTED_EDGE('',*,*,#1214,.T.);
#1641=ORIENTED_EDGE('',*,*,#1076,.T.);
#1642=ORIENTED_EDGE('',*,*,#1154,.F.);
#1643=ORIENTED_EDGE('',*,*,#1215,.F.);
#1644=ORIENTED_EDGE('',*,*,#1216,.T.);
#1645=ORIENTED_EDGE('',*,*,#1213,.F.);
#1646=ORIENTED_EDGE('',*,*,#1157,.F.);
#1647=ORIENTED_EDGE('',*,*,#1217,.F.);
#1648=ORIENTED_EDGE('',*,*,#1218,.F.);
#1649=ORIENTED_EDGE('',*,*,#1215,.T.);
#1650=ORIENTED_EDGE('',*,*,#1160,.F.);
#1651=ORIENTED_EDGE('',*,*,#1219,.F.);
#1652=ORIENTED_EDGE('',*,*,#1220,.F.);
#1653=ORIENTED_EDGE('',*,*,#1217,.T.);
#1654=ORIENTED_EDGE('',*,*,#1093,.F.);
#1655=ORIENTED_EDGE('',*,*,#1078,.T.);
#1656=ORIENTED_EDGE('',*,*,#1221,.T.);
#1657=ORIENTED_EDGE('',*,*,#1219,.T.);
#1658=ORIENTED_EDGE('',*,*,#1097,.F.);
#1659=ORIENTED_EDGE('',*,*,#1222,.T.);
#1660=ORIENTED_EDGE('',*,*,#1223,.T.);
#1661=ORIENTED_EDGE('',*,*,#1080,.T.);
#1662=ORIENTED_EDGE('',*,*,#1100,.F.);
#1663=ORIENTED_EDGE('',*,*,#1224,.F.);
#1664=ORIENTED_EDGE('',*,*,#1225,.T.);
#1665=ORIENTED_EDGE('',*,*,#1222,.F.);
#1666=ORIENTED_EDGE('',*,*,#1103,.F.);
#1667=ORIENTED_EDGE('',*,*,#1226,.F.);
#1668=ORIENTED_EDGE('',*,*,#1227,.F.);
#1669=ORIENTED_EDGE('',*,*,#1224,.T.);
#1670=ORIENTED_EDGE('',*,*,#1106,.F.);
#1671=ORIENTED_EDGE('',*,*,#1228,.F.);
#1672=ORIENTED_EDGE('',*,*,#1229,.F.);
#1673=ORIENTED_EDGE('',*,*,#1226,.T.);
#1674=ORIENTED_EDGE('',*,*,#1109,.F.);
#1675=ORIENTED_EDGE('',*,*,#1082,.T.);
#1676=ORIENTED_EDGE('',*,*,#1230,.T.);
#1677=ORIENTED_EDGE('',*,*,#1228,.T.);
#1678=ORIENTED_EDGE('',*,*,#1044,.F.);
#1679=ORIENTED_EDGE('',*,*,#1065,.T.);
#1680=ORIENTED_EDGE('',*,*,#1124,.F.);
#1681=ORIENTED_EDGE('',*,*,#994,.T.);
#1682=ORIENTED_EDGE('',*,*,#1211,.F.);
#1683=ORIENTED_EDGE('',*,*,#1231,.T.);
#1684=ORIENTED_EDGE('',*,*,#1016,.T.);
#1685=ORIENTED_EDGE('',*,*,#1005,.F.);
#1686=ORIENTED_EDGE('',*,*,#996,.T.);
#1687=ORIENTED_EDGE('',*,*,#1162,.F.);
#1688=ORIENTED_EDGE('',*,*,#1232,.T.);
#1689=ORIENTED_EDGE('',*,*,#1017,.T.);
#1690=ORIENTED_EDGE('',*,*,#1231,.F.);
#1691=ORIENTED_EDGE('',*,*,#1130,.F.);
#1692=ORIENTED_EDGE('',*,*,#1210,.F.);
#1693=ORIENTED_EDGE('',*,*,#1207,.F.);
#1694=ORIENTED_EDGE('',*,*,#1204,.F.);
#1695=ORIENTED_EDGE('',*,*,#1201,.F.);
#1696=ORIENTED_EDGE('',*,*,#1198,.F.);
#1697=ORIENTED_EDGE('',*,*,#1195,.F.);
#1698=ORIENTED_EDGE('',*,*,#1193,.F.);
#1699=ORIENTED_EDGE('',*,*,#1190,.F.);
#1700=ORIENTED_EDGE('',*,*,#1187,.F.);
#1701=ORIENTED_EDGE('',*,*,#1185,.F.);
#1702=ORIENTED_EDGE('',*,*,#1182,.F.);
#1703=ORIENTED_EDGE('',*,*,#1179,.F.);
#1704=ORIENTED_EDGE('',*,*,#1176,.F.);
#1705=ORIENTED_EDGE('',*,*,#1173,.F.);
#1706=ORIENTED_EDGE('',*,*,#1170,.F.);
#1707=ORIENTED_EDGE('',*,*,#1167,.F.);
#1708=ORIENTED_EDGE('',*,*,#1164,.F.);
#1709=ORIENTED_EDGE('',*,*,#1127,.F.);
#1710=ORIENTED_EDGE('',*,*,#1125,.F.);
#1711=ORIENTED_EDGE('',*,*,#1122,.F.);
#1712=ORIENTED_EDGE('',*,*,#1119,.F.);
#1713=ORIENTED_EDGE('',*,*,#1117,.F.);
#1714=ORIENTED_EDGE('',*,*,#1116,.F.);
#1715=ORIENTED_EDGE('',*,*,#1114,.F.);
#1716=ORIENTED_EDGE('',*,*,#1112,.F.);
#1717=ORIENTED_EDGE('',*,*,#1110,.F.);
#1718=ORIENTED_EDGE('',*,*,#1107,.F.);
#1719=ORIENTED_EDGE('',*,*,#1104,.F.);
#1720=ORIENTED_EDGE('',*,*,#1101,.F.);
#1721=ORIENTED_EDGE('',*,*,#1098,.F.);
#1722=ORIENTED_EDGE('',*,*,#1095,.F.);
#1723=ORIENTED_EDGE('',*,*,#1091,.F.);
#1724=ORIENTED_EDGE('',*,*,#1159,.F.);
#1725=ORIENTED_EDGE('',*,*,#1158,.F.);
#1726=ORIENTED_EDGE('',*,*,#1155,.F.);
#1727=ORIENTED_EDGE('',*,*,#1152,.F.);
#1728=ORIENTED_EDGE('',*,*,#1149,.F.);
#1729=ORIENTED_EDGE('',*,*,#1147,.F.);
#1730=ORIENTED_EDGE('',*,*,#1145,.F.);
#1731=ORIENTED_EDGE('',*,*,#1140,.F.);
#1732=ORIENTED_EDGE('',*,*,#1137,.F.);
#1733=ORIENTED_EDGE('',*,*,#1136,.F.);
#1734=ORIENTED_EDGE('',*,*,#1133,.F.);
#1735=ORIENTED_EDGE('',*,*,#1212,.F.);
#1736=ORIENTED_EDGE('',*,*,#990,.T.);
#1737=ORIENTED_EDGE('',*,*,#969,.F.);
#1738=ORIENTED_EDGE('',*,*,#1233,.T.);
#1739=ORIENTED_EDGE('',*,*,#1234,.T.);
#1740=ORIENTED_EDGE('',*,*,#1175,.F.);
#1741=ORIENTED_EDGE('',*,*,#1235,.T.);
#1742=ORIENTED_EDGE('',*,*,#1236,.F.);
#1743=ORIENTED_EDGE('',*,*,#1013,.F.);
#1744=ORIENTED_EDGE('',*,*,#1021,.T.);
#1745=ORIENTED_EDGE('',*,*,#1237,.T.);
#1746=ORIENTED_EDGE('',*,*,#1011,.F.);
#1747=ORIENTED_EDGE('',*,*,#1238,.F.);
#1748=ORIENTED_EDGE('',*,*,#1239,.T.);
#1749=ORIENTED_EDGE('',*,*,#1240,.F.);
#1750=ORIENTED_EDGE('',*,*,#1236,.T.);
#1751=ORIENTED_EDGE('',*,*,#1235,.F.);
#1752=ORIENTED_EDGE('',*,*,#1178,.F.);
#1753=ORIENTED_EDGE('',*,*,#1241,.F.);
#1754=ORIENTED_EDGE('',*,*,#1242,.F.);
#1755=ORIENTED_EDGE('',*,*,#1238,.T.);
#1756=ORIENTED_EDGE('',*,*,#1014,.F.);
#1757=ORIENTED_EDGE('',*,*,#1197,.F.);
#1758=ORIENTED_EDGE('',*,*,#1243,.T.);
#1759=ORIENTED_EDGE('',*,*,#1244,.F.);
#1760=ORIENTED_EDGE('',*,*,#977,.F.);
#1761=ORIENTED_EDGE('',*,*,#980,.F.);
#1762=ORIENTED_EDGE('',*,*,#985,.T.);
#1763=ORIENTED_EDGE('',*,*,#1200,.F.);
#1764=ORIENTED_EDGE('',*,*,#1245,.T.);
#1765=ORIENTED_EDGE('',*,*,#1246,.T.);
#1766=ORIENTED_EDGE('',*,*,#1243,.F.);
#1767=ORIENTED_EDGE('',*,*,#1209,.F.);
#1768=ORIENTED_EDGE('',*,*,#1234,.F.);
#1769=ORIENTED_EDGE('',*,*,#1247,.T.);
#1770=ORIENTED_EDGE('',*,*,#1248,.F.);
#1771=ORIENTED_EDGE('',*,*,#1203,.F.);
#1772=ORIENTED_EDGE('',*,*,#1249,.T.);
#1773=ORIENTED_EDGE('',*,*,#1250,.T.);
#1774=ORIENTED_EDGE('',*,*,#1245,.F.);
#1775=ORIENTED_EDGE('',*,*,#1206,.F.);
#1776=ORIENTED_EDGE('',*,*,#1248,.T.);
#1777=ORIENTED_EDGE('',*,*,#1251,.T.);
#1778=ORIENTED_EDGE('',*,*,#1249,.F.);
#1779=ORIENTED_EDGE('',*,*,#978,.F.);
#1780=ORIENTED_EDGE('',*,*,#1244,.T.);
#1781=ORIENTED_EDGE('',*,*,#1246,.F.);
#1782=ORIENTED_EDGE('',*,*,#1250,.F.);
#1783=ORIENTED_EDGE('',*,*,#1251,.F.);
#1784=ORIENTED_EDGE('',*,*,#1247,.F.);
#1785=ORIENTED_EDGE('',*,*,#1233,.F.);
#1786=ORIENTED_EDGE('',*,*,#968,.F.);
#1787=ORIENTED_EDGE('',*,*,#972,.F.);
#1788=ORIENTED_EDGE('',*,*,#975,.F.);
#1789=ORIENTED_EDGE('',*,*,#1166,.F.);
#1790=ORIENTED_EDGE('',*,*,#1252,.T.);
#1791=ORIENTED_EDGE('',*,*,#1018,.T.);
#1792=ORIENTED_EDGE('',*,*,#1232,.F.);
#1793=ORIENTED_EDGE('',*,*,#1169,.F.);
#1794=ORIENTED_EDGE('',*,*,#1253,.T.);
#1795=ORIENTED_EDGE('',*,*,#1019,.T.);
#1796=ORIENTED_EDGE('',*,*,#1252,.F.);
#1797=ORIENTED_EDGE('',*,*,#1172,.F.);
#1798=ORIENTED_EDGE('',*,*,#1237,.F.);
#1799=ORIENTED_EDGE('',*,*,#1020,.T.);
#1800=ORIENTED_EDGE('',*,*,#1253,.F.);
#1801=ORIENTED_EDGE('',*,*,#1184,.F.);
#1802=ORIENTED_EDGE('',*,*,#1000,.T.);
#1803=ORIENTED_EDGE('',*,*,#1254,.T.);
#1804=ORIENTED_EDGE('',*,*,#1255,.T.);
#1805=ORIENTED_EDGE('',*,*,#1008,.F.);
#1806=ORIENTED_EDGE('',*,*,#1240,.T.);
#1807=ORIENTED_EDGE('',*,*,#1256,.T.);
#1808=ORIENTED_EDGE('',*,*,#998,.T.);
#1809=ORIENTED_EDGE('',*,*,#1189,.F.);
#1810=ORIENTED_EDGE('',*,*,#1257,.T.);
#1811=ORIENTED_EDGE('',*,*,#1258,.T.);
#1812=ORIENTED_EDGE('',*,*,#1002,.T.);
#1813=ORIENTED_EDGE('',*,*,#1192,.F.);
#1814=ORIENTED_EDGE('',*,*,#983,.F.);
#1815=ORIENTED_EDGE('',*,*,#1259,.T.);
#1816=ORIENTED_EDGE('',*,*,#1257,.F.);
#1817=ORIENTED_EDGE('',*,*,#1227,.T.);
#1818=ORIENTED_EDGE('',*,*,#1229,.T.);
#1819=ORIENTED_EDGE('',*,*,#1230,.F.);
#1820=ORIENTED_EDGE('',*,*,#1081,.F.);
#1821=ORIENTED_EDGE('',*,*,#1223,.F.);
#1822=ORIENTED_EDGE('',*,*,#1225,.F.);
#1823=ORIENTED_EDGE('',*,*,#1260,.F.);
#1824=ORIENTED_EDGE('',*,*,#982,.T.);
#1825=ORIENTED_EDGE('',*,*,#987,.T.);
#1826=ORIENTED_EDGE('',*,*,#989,.F.);
#1827=ORIENTED_EDGE('',*,*,#1003,.F.);
#1828=ORIENTED_EDGE('',*,*,#1258,.F.);
#1829=ORIENTED_EDGE('',*,*,#1259,.F.);
#1830=ORIENTED_EDGE('',*,*,#1261,.F.);
#1831=ORIENTED_EDGE('',*,*,#1218,.T.);
#1832=ORIENTED_EDGE('',*,*,#1220,.T.);
#1833=ORIENTED_EDGE('',*,*,#1221,.F.);
#1834=ORIENTED_EDGE('',*,*,#1077,.F.);
#1835=ORIENTED_EDGE('',*,*,#1214,.F.);
#1836=ORIENTED_EDGE('',*,*,#1216,.F.);
#1837=ORIENTED_EDGE('',*,*,#1262,.F.);
#1838=ORIENTED_EDGE('',*,*,#1181,.F.);
#1839=ORIENTED_EDGE('',*,*,#1255,.F.);
#1840=ORIENTED_EDGE('',*,*,#1263,.F.);
#1841=ORIENTED_EDGE('',*,*,#1241,.T.);
#1842=ORIENTED_EDGE('',*,*,#1263,.T.);
#1843=ORIENTED_EDGE('',*,*,#1254,.F.);
#1844=ORIENTED_EDGE('',*,*,#999,.F.);
#1845=ORIENTED_EDGE('',*,*,#1256,.F.);
#1846=ORIENTED_EDGE('',*,*,#1239,.F.);
#1847=ORIENTED_EDGE('',*,*,#1242,.T.);
#1848=ORIENTED_EDGE('',*,*,#1264,.F.);
#1849=ORIENTED_EDGE('',*,*,#1039,.F.);
#1850=ORIENTED_EDGE('',*,*,#992,.T.);
#1851=ORIENTED_EDGE('',*,*,#1132,.F.);
#1852=ORIENTED_EDGE('',*,*,#1265,.T.);
#1853=ORIENTED_EDGE('',*,*,#1027,.F.);
#1854=ORIENTED_EDGE('',*,*,#1266,.T.);
#1855=ORIENTED_EDGE('',*,*,#1144,.F.);
#1856=ORIENTED_EDGE('',*,*,#1084,.F.);
#1857=ORIENTED_EDGE('',*,*,#1030,.F.);
#1858=ORIENTED_EDGE('',*,*,#1267,.T.);
#1859=ORIENTED_EDGE('',*,*,#1142,.F.);
#1860=ORIENTED_EDGE('',*,*,#1266,.F.);
#1861=ORIENTED_EDGE('',*,*,#1086,.T.);
#1862=ORIENTED_EDGE('',*,*,#1268,.T.);
#1863=ORIENTED_EDGE('',*,*,#1264,.T.);
#1864=ORIENTED_EDGE('',*,*,#1268,.F.);
#1865=ORIENTED_EDGE('',*,*,#1087,.T.);
#1866=ORIENTED_EDGE('',*,*,#1269,.T.);
#1867=ORIENTED_EDGE('',*,*,#1262,.T.);
#1868=ORIENTED_EDGE('',*,*,#1269,.F.);
#1869=ORIENTED_EDGE('',*,*,#1088,.T.);
#1870=ORIENTED_EDGE('',*,*,#1270,.T.);
#1871=ORIENTED_EDGE('',*,*,#1260,.T.);
#1872=ORIENTED_EDGE('',*,*,#1270,.F.);
#1873=ORIENTED_EDGE('',*,*,#1089,.T.);
#1874=ORIENTED_EDGE('',*,*,#1271,.T.);
#1875=ORIENTED_EDGE('',*,*,#1261,.T.);
#1876=ORIENTED_EDGE('',*,*,#1271,.F.);
#1877=ORIENTED_EDGE('',*,*,#1036,.F.);
#1878=ORIENTED_EDGE('',*,*,#1265,.F.);
#1879=ORIENTED_EDGE('',*,*,#1135,.F.);
#1880=ORIENTED_EDGE('',*,*,#1272,.F.);
#1881=ORIENTED_EDGE('',*,*,#1034,.F.);
#1882=ORIENTED_EDGE('',*,*,#1272,.T.);
#1883=ORIENTED_EDGE('',*,*,#1139,.F.);
#1884=ORIENTED_EDGE('',*,*,#1267,.F.);
#1885=CYLINDRICAL_SURFACE('',#2083,0.5);
#1886=CYLINDRICAL_SURFACE('',#2089,0.5);
#1887=CYLINDRICAL_SURFACE('',#2093,3.);
#1888=CYLINDRICAL_SURFACE('',#2097,1.);
#1889=CYLINDRICAL_SURFACE('',#2100,0.5);
#1890=CYLINDRICAL_SURFACE('',#2106,0.5);
#1891=CYLINDRICAL_SURFACE('',#2119,0.5);
#1892=CYLINDRICAL_SURFACE('',#2127,0.5);
#1893=CYLINDRICAL_SURFACE('',#2133,0.5);
#1894=CYLINDRICAL_SURFACE('',#2139,0.5);
#1895=CYLINDRICAL_SURFACE('',#2147,0.5);
#1896=CYLINDRICAL_SURFACE('',#2153,0.5);
#1897=CYLINDRICAL_SURFACE('',#2155,5.81038545601704);
#1898=CYLINDRICAL_SURFACE('',#2158,3.);
#1899=CYLINDRICAL_SURFACE('',#2161,3.);
#1900=CYLINDRICAL_SURFACE('',#2172,0.5);
#1901=CYLINDRICAL_SURFACE('',#2177,0.5);
#1902=CYLINDRICAL_SURFACE('',#2182,0.5);
#1903=CYLINDRICAL_SURFACE('',#2187,0.5);
#1904=CYLINDRICAL_SURFACE('',#2191,0.5);
#1905=CYLINDRICAL_SURFACE('',#2197,0.5);
#1906=CYLINDRICAL_SURFACE('',#2202,0.5);
#1907=CYLINDRICAL_SURFACE('',#2204,0.5);
#1908=CYLINDRICAL_SURFACE('',#2210,0.5);
#1909=CYLINDRICAL_SURFACE('',#2217,0.5);
#1910=CYLINDRICAL_SURFACE('',#2221,0.5);
#1911=CYLINDRICAL_SURFACE('',#2226,0.5);
#1912=CYLINDRICAL_SURFACE('',#2231,0.5);
#1913=CYLINDRICAL_SURFACE('',#2232,0.5);
#1914=CYLINDRICAL_SURFACE('',#2239,0.5);
#1915=CYLINDRICAL_SURFACE('',#2249,0.5);
#1916=CYLINDRICAL_SURFACE('',#2254,0.5);
#1917=CYLINDRICAL_SURFACE('',#2259,0.5);
#1918=CYLINDRICAL_SURFACE('',#2268,0.5);
#1919=CYLINDRICAL_SURFACE('',#2274,0.5);
#1920=CYLINDRICAL_SURFACE('',#2280,1.);
#1921=CYLINDRICAL_SURFACE('',#2283,3.);
#1922=CYLINDRICAL_SURFACE('',#2286,1.);
#1923=CYLINDRICAL_SURFACE('',#2288,1.);
#1924=CYLINDRICAL_SURFACE('',#2291,3.);
#1925=CYLINDRICAL_SURFACE('',#2294,1.);
#1926=CYLINDRICAL_SURFACE('',#2296,3.);
#1927=CYLINDRICAL_SURFACE('',#2297,0.5);
#1928=CYLINDRICAL_SURFACE('',#2300,0.5);
#1929=CYLINDRICAL_SURFACE('',#2303,3.);
#1930=CYLINDRICAL_SURFACE('',#2305,2.00000000000001);
#1931=CYLINDRICAL_SURFACE('',#2309,2.00000000000001);
#1932=CYLINDRICAL_SURFACE('',#2312,2.00000000000001);
#1933=CYLINDRICAL_SURFACE('',#2314,2.00000000000001);
#1934=CYLINDRICAL_SURFACE('',#2315,1.);
#1935=CYLINDRICAL_SURFACE('',#2317,1.);
#1936=CYLINDRICAL_SURFACE('',#2319,1.);
#1937=CYLINDRICAL_SURFACE('',#2331,3.);
#1938=CYLINDRICAL_SURFACE('',#2333,1.625);
#1939=CYLINDRICAL_SURFACE('',#2334,1.625);
#1940=CYLINDRICAL_SURFACE('',#2335,1.625);
#1941=CYLINDRICAL_SURFACE('',#2336,1.625);
#1942=CYLINDRICAL_SURFACE('',#2338,5.81074185988375);
#1943=ADVANCED_FACE('',(#107),#1885,.T.);
#1944=ADVANCED_FACE('',(#108),#77,.F.);
#1945=ADVANCED_FACE('',(#109),#1886,.T.);
#1946=ADVANCED_FACE('',(#110),#78,.F.);
#1947=ADVANCED_FACE('',(#111),#1887,.F.);
#1948=ADVANCED_FACE('',(#112),#35,.F.);
#1949=ADVANCED_FACE('',(#113),#1888,.T.);
#1950=ADVANCED_FACE('',(#114),#36,.T.);
#1951=ADVANCED_FACE('',(#115),#1889,.T.);
#1952=ADVANCED_FACE('',(#116),#79,.F.);
#1953=ADVANCED_FACE('',(#117),#1890,.T.);
#1954=ADVANCED_FACE('',(#118),#80,.F.);
#1955=ADVANCED_FACE('',(#119),#37,.T.);
#1956=ADVANCED_FACE('',(#120),#27,.T.);
#1957=ADVANCED_FACE('',(#121),#1891,.T.);
#1958=ADVANCED_FACE('',(#122),#81,.F.);
#1959=ADVANCED_FACE('',(#123),#82,.F.);
#1960=ADVANCED_FACE('',(#124),#1892,.T.);
#1961=ADVANCED_FACE('',(#125),#28,.T.);
#1962=ADVANCED_FACE('',(#126),#1893,.T.);
#1963=ADVANCED_FACE('',(#127),#29,.T.);
#1964=ADVANCED_FACE('',(#128),#1894,.T.);
#1965=ADVANCED_FACE('',(#129),#83,.F.);
#1966=ADVANCED_FACE('',(#130),#84,.F.);
#1967=ADVANCED_FACE('',(#131),#1895,.T.);
#1968=ADVANCED_FACE('',(#132),#30,.T.);
#1969=ADVANCED_FACE('',(#133),#1896,.T.);
#1970=ADVANCED_FACE('',(#134),#38,.T.);
#1971=ADVANCED_FACE('',(#135),#1897,.T.);
#1972=ADVANCED_FACE('',(#136),#25,.T.);
#1973=ADVANCED_FACE('',(#137),#39,.T.);
#1974=ADVANCED_FACE('',(#138),#1898,.T.);
#1975=ADVANCED_FACE('',(#139),#40,.T.);
#1976=ADVANCED_FACE('',(#140),#1899,.T.);
#1977=ADVANCED_FACE('',(#141,#17,#18,#19,#20),#41,.F.);
#1978=ADVANCED_FACE('',(#142),#85,.F.);
#1979=ADVANCED_FACE('',(#143),#1900,.T.);
#1980=ADVANCED_FACE('',(#144),#86,.F.);
#1981=ADVANCED_FACE('',(#145),#1901,.T.);
#1982=ADVANCED_FACE('',(#146),#87,.F.);
#1983=ADVANCED_FACE('',(#147),#1902,.T.);
#1984=ADVANCED_FACE('',(#148),#88,.F.);
#1985=ADVANCED_FACE('',(#149),#1903,.T.);
#1986=ADVANCED_FACE('',(#150),#89,.F.);
#1987=ADVANCED_FACE('',(#151),#1904,.T.);
#1988=ADVANCED_FACE('',(#152),#90,.F.);
#1989=ADVANCED_FACE('',(#153),#91,.F.);
#1990=ADVANCED_FACE('',(#154),#1905,.T.);
#1991=ADVANCED_FACE('',(#155),#92,.F.);
#1992=ADVANCED_FACE('',(#156),#1906,.T.);
#1993=ADVANCED_FACE('',(#157),#1907,.T.);
#1994=ADVANCED_FACE('',(#158),#93,.F.);
#1995=ADVANCED_FACE('',(#159),#1908,.T.);
#1996=ADVANCED_FACE('',(#160),#94,.F.);
#1997=ADVANCED_FACE('',(#161),#95,.F.);
#1998=ADVANCED_FACE('',(#162),#1909,.T.);
#1999=ADVANCED_FACE('',(#163),#96,.F.);
#2000=ADVANCED_FACE('',(#164),#1910,.T.);
#2001=ADVANCED_FACE('',(#165),#97,.F.);
#2002=ADVANCED_FACE('',(#166),#1911,.T.);
#2003=ADVANCED_FACE('',(#167),#98,.F.);
#2004=ADVANCED_FACE('',(#168),#1912,.T.);
#2005=ADVANCED_FACE('',(#169),#1913,.T.);
#2006=ADVANCED_FACE('',(#170),#31,.T.);
#2007=ADVANCED_FACE('',(#171),#1914,.T.);
#2008=ADVANCED_FACE('',(#172),#32,.T.);
#2009=ADVANCED_FACE('',(#173),#99,.F.);
#2010=ADVANCED_FACE('',(#174),#100,.F.);
#2011=ADVANCED_FACE('',(#175),#1915,.T.);
#2012=ADVANCED_FACE('',(#176),#101,.F.);
#2013=ADVANCED_FACE('',(#177),#1916,.T.);
#2014=ADVANCED_FACE('',(#178),#102,.F.);
#2015=ADVANCED_FACE('',(#179),#1917,.T.);
#2016=ADVANCED_FACE('',(#180),#103,.F.);
#2017=ADVANCED_FACE('',(#181),#104,.F.);
#2018=ADVANCED_FACE('',(#182),#33,.T.);
#2019=ADVANCED_FACE('',(#183),#1918,.T.);
#2020=ADVANCED_FACE('',(#184),#34,.T.);
#2021=ADVANCED_FACE('',(#185),#1919,.T.);
#2022=ADVANCED_FACE('',(#186),#15,.T.);
#2023=ADVANCED_FACE('',(#187),#16,.T.);
#2024=ADVANCED_FACE('',(#188),#1920,.T.);
#2025=ADVANCED_FACE('',(#189),#42,.F.);
#2026=ADVANCED_FACE('',(#190),#1921,.F.);
#2027=ADVANCED_FACE('',(#191),#43,.F.);
#2028=ADVANCED_FACE('',(#192),#1922,.T.);
#2029=ADVANCED_FACE('',(#193),#1923,.T.);
#2030=ADVANCED_FACE('',(#194),#44,.F.);
#2031=ADVANCED_FACE('',(#195),#1924,.F.);
#2032=ADVANCED_FACE('',(#196),#45,.F.);
#2033=ADVANCED_FACE('',(#197),#1925,.T.);
#2034=ADVANCED_FACE('',(#198),#1926,.T.);
#2035=ADVANCED_FACE('',(#199),#1927,.T.);
#2036=ADVANCED_FACE('',(#200),#46,.F.);
#2037=ADVANCED_FACE('',(#201),#47,.F.);
#2038=ADVANCED_FACE('',(#202),#1928,.T.);
#2039=ADVANCED_FACE('',(#203),#105,.F.);
#2040=ADVANCED_FACE('',(#204),#48,.F.);
#2041=ADVANCED_FACE('',(#205),#1929,.F.);
#2042=ADVANCED_FACE('',(#206),#106,.F.);
#2043=ADVANCED_FACE('',(#207),#1930,.F.);
#2044=ADVANCED_FACE('',(#208),#49,.F.);
#2045=ADVANCED_FACE('',(#209),#50,.F.);
#2046=ADVANCED_FACE('',(#210),#1931,.F.);
#2047=ADVANCED_FACE('',(#211),#51,.T.);
#2048=ADVANCED_FACE('',(#212),#1932,.F.);
#2049=ADVANCED_FACE('',(#213),#52,.F.);
#2050=ADVANCED_FACE('',(#214),#1933,.F.);
#2051=ADVANCED_FACE('',(#215),#1934,.T.);
#2052=ADVANCED_FACE('',(#216),#1935,.T.);
#2053=ADVANCED_FACE('',(#217),#1936,.T.);
#2054=ADVANCED_FACE('',(#218),#53,.F.);
#2055=ADVANCED_FACE('',(#219,#21),#54,.T.);
#2056=ADVANCED_FACE('',(#220,#22),#55,.T.);
#2057=ADVANCED_FACE('',(#221,#23),#56,.T.);
#2058=ADVANCED_FACE('',(#222),#57,.F.);
#2059=ADVANCED_FACE('',(#223,#24),#58,.T.);
#2060=ADVANCED_FACE('',(#224),#1937,.T.);
#2061=ADVANCED_FACE('',(#225),#59,.T.);
#2062=ADVANCED_FACE('',(#226),#26,.T.);
#2063=ADVANCED_FACE('',(#227),#1938,.F.);
#2064=ADVANCED_FACE('',(#228),#1939,.F.);
#2065=ADVANCED_FACE('',(#229),#1940,.F.);
#2066=ADVANCED_FACE('',(#230),#1941,.F.);
#2067=ADVANCED_FACE('',(#231),#60,.T.);
#2068=ADVANCED_FACE('',(#232),#1942,.T.);
#2069=CLOSED_SHELL('',(#1943,#1944,#1945,#1946,#1947,#1948,#1949,#1950,
#1951,#1952,#1953,#1954,#1955,#1956,#1957,#1958,#1959,#1960,#1961,#1962,
#1963,#1964,#1965,#1966,#1967,#1968,#1969,#1970,#1971,#1972,#1973,#1974,
#1975,#1976,#1977,#1978,#1979,#1980,#1981,#1982,#1983,#1984,#1985,#1986,
#1987,#1988,#1989,#1990,#1991,#1992,#1993,#1994,#1995,#1996,#1997,#1998,
#1999,#2000,#2001,#2002,#2003,#2004,#2005,#2006,#2007,#2008,#2009,#2010,
#2011,#2012,#2013,#2014,#2015,#2016,#2017,#2018,#2019,#2020,#2021,#2022,
#2023,#2024,#2025,#2026,#2027,#2028,#2029,#2030,#2031,#2032,#2033,#2034,
#2035,#2036,#2037,#2038,#2039,#2040,#2041,#2042,#2043,#2044,#2045,#2046,
#2047,#2048,#2049,#2050,#2051,#2052,#2053,#2054,#2055,#2056,#2057,#2058,
#2059,#2060,#2061,#2062,#2063,#2064,#2065,#2066,#2067,#2068));
#2070=DERIVED_UNIT_ELEMENT(#2072,1.);
#2071=DERIVED_UNIT_ELEMENT(#4475,-3.);
#2072=(
MASS_UNIT()
NAMED_UNIT(*)
SI_UNIT(.KILO.,.GRAM.)
);
#2073=DERIVED_UNIT((#2070,#2071));
#2074=MEASURE_REPRESENTATION_ITEM('density measure',
POSITIVE_RATIO_MEASURE(7850.),#2073);
#2075=PROPERTY_DEFINITION_REPRESENTATION(#2080,#2077);
#2076=PROPERTY_DEFINITION_REPRESENTATION(#2081,#2078);
#2077=REPRESENTATION('material name',(#2079),#4472);
#2078=REPRESENTATION('density',(#2074),#4472);
#2079=DESCRIPTIVE_REPRESENTATION_ITEM('Steel','Steel');
#2080=PROPERTY_DEFINITION('material property','material name',#4482);
#2081=PROPERTY_DEFINITION('material property','density of part',#4482);
#2082=AXIS2_PLACEMENT_3D('',#2981,#2339,#2340);
#2083=AXIS2_PLACEMENT_3D('',#2982,#2341,#2342);
#2084=AXIS2_PLACEMENT_3D('',#2985,#2343,#2344);
#2085=AXIS2_PLACEMENT_3D('',#2989,#2346,#2347);
#2086=AXIS2_PLACEMENT_3D('',#3018,#2349,#2350);
#2087=AXIS2_PLACEMENT_3D('',#3019,#2351,#2352);
#2088=AXIS2_PLACEMENT_3D('',#3020,#2353,#2354);
#2089=AXIS2_PLACEMENT_3D('',#3021,#2355,#2356);
#2090=AXIS2_PLACEMENT_3D('',#3024,#2357,#2358);
#2091=AXIS2_PLACEMENT_3D('',#3059,#2361,#2362);
#2092=AXIS2_PLACEMENT_3D('',#3060,#2363,#2364);
#2093=AXIS2_PLACEMENT_3D('',#3061,#2365,#2366);
#2094=AXIS2_PLACEMENT_3D('',#3070,#2368,#2369);
#2095=AXIS2_PLACEMENT_3D('',#3074,#2371,#2372);
#2096=AXIS2_PLACEMENT_3D('',#3079,#2373,#2374);
#2097=AXIS2_PLACEMENT_3D('',#3083,#2377,#2378);
#2098=AXIS2_PLACEMENT_3D('',#3086,#2380,#2381);
#2099=AXIS2_PLACEMENT_3D('',#3087,#2382,#2383);
#2100=AXIS2_PLACEMENT_3D('',#3115,#2398,#2399);
#2101=AXIS2_PLACEMENT_3D('',#3117,#2400,#2401);
#2102=AXIS2_PLACEMENT_3D('',#3119,#2402,#2403);
#2103=AXIS2_PLACEMENT_3D('',#3148,#2405,#2406);
#2104=AXIS2_PLACEMENT_3D('',#3149,#2407,#2408);
#2105=AXIS2_PLACEMENT_3D('',#3150,#2409,#2410);
#2106=AXIS2_PLACEMENT_3D('',#3151,#2411,#2412);
#2107=AXIS2_PLACEMENT_3D('',#3154,#2413,#2414);
#2108=AXIS2_PLACEMENT_3D('',#3189,#2417,#2418);
#2109=AXIS2_PLACEMENT_3D('',#3190,#2419,#2420);
#2110=AXIS2_PLACEMENT_3D('',#3191,#2421,#2422);
#2111=AXIS2_PLACEMENT_3D('',#3193,#2423,#2424);
#2112=AXIS2_PLACEMENT_3D('',#3197,#2426,#2427);
#2113=AXIS2_PLACEMENT_3D('',#3201,#2429,#2430);
#2114=AXIS2_PLACEMENT_3D('',#3212,#2431,#2432);
#2115=AXIS2_PLACEMENT_3D('',#3215,#2433,#2434);
#2116=AXIS2_PLACEMENT_3D('',#3217,#2435,#2436);
#2117=AXIS2_PLACEMENT_3D('',#3219,#2437,#2438);
#2118=AXIS2_PLACEMENT_3D('',#3220,#2439,#2440);
#2119=AXIS2_PLACEMENT_3D('',#3221,#2441,#2442);
#2120=AXIS2_PLACEMENT_3D('',#3224,#2443,#2444);
#2121=AXIS2_PLACEMENT_3D('',#3249,#2447,#2448);
#2122=AXIS2_PLACEMENT_3D('',#3250,#2449,#2450);
#2123=AXIS2_PLACEMENT_3D('',#3251,#2451,#2452);
#2124=AXIS2_PLACEMENT_3D('',#3273,#2453,#2454);
#2125=AXIS2_PLACEMENT_3D('',#3275,#2455,#2456);
#2126=AXIS2_PLACEMENT_3D('',#3276,#2457,#2458);
#2127=AXIS2_PLACEMENT_3D('',#3277,#2459,#2460);
#2128=AXIS2_PLACEMENT_3D('',#3280,#2461,#2462);
#2129=AXIS2_PLACEMENT_3D('',#3283,#2465,#2466);
#2130=AXIS2_PLACEMENT_3D('',#3285,#2467,#2468);
#2131=AXIS2_PLACEMENT_3D('',#3286,#2469,#2470);
#2132=AXIS2_PLACEMENT_3D('',#3287,#2471,#2472);
#2133=AXIS2_PLACEMENT_3D('',#3288,#2473,#2474);
#2134=AXIS2_PLACEMENT_3D('',#3290,#2475,#2476);
#2135=AXIS2_PLACEMENT_3D('',#3292,#2478,#2479);
#2136=AXIS2_PLACEMENT_3D('',#3295,#2480,#2481);
#2137=AXIS2_PLACEMENT_3D('',#3296,#2482,#2483);
#2138=AXIS2_PLACEMENT_3D('',#3297,#2484,#2485);
#2139=AXIS2_PLACEMENT_3D('',#3298,#2486,#2487);
#2140=AXIS2_PLACEMENT_3D('',#3301,#2488,#2489);
#2141=AXIS2_PLACEMENT_3D('',#3326,#2492,#2493);
#2142=AXIS2_PLACEMENT_3D('',#3327,#2494,#2495);
#2143=AXIS2_PLACEMENT_3D('',#3328,#2496,#2497);
#2144=AXIS2_PLACEMENT_3D('',#3350,#2498,#2499);
#2145=AXIS2_PLACEMENT_3D('',#3352,#2500,#2501);
#2146=AXIS2_PLACEMENT_3D('',#3353,#2502,#2503);
#2147=AXIS2_PLACEMENT_3D('',#3354,#2504,#2505);
#2148=AXIS2_PLACEMENT_3D('',#3357,#2506,#2507);
#2149=AXIS2_PLACEMENT_3D('',#3360,#2510,#2511);
#2150=AXIS2_PLACEMENT_3D('',#3363,#2512,#2513);
#2151=AXIS2_PLACEMENT_3D('',#3364,#2514,#2515);
#2152=AXIS2_PLACEMENT_3D('',#3365,#2516,#2517);
#2153=AXIS2_PLACEMENT_3D('',#3366,#2518,#2519);
#2154=AXIS2_PLACEMENT_3D('',#3369,#2522,#2523);
#2155=AXIS2_PLACEMENT_3D('',#3375,#2527,#2528);
#2156=AXIS2_PLACEMENT_3D('',#3378,#2530,#2531);
#2157=AXIS2_PLACEMENT_3D('',#3391,#2533,#2534);
#2158=AXIS2_PLACEMENT_3D('',#3395,#2537,#2538);
#2159=AXIS2_PLACEMENT_3D('',#3398,#2540,#2541);
#2160=AXIS2_PLACEMENT_3D('',#3399,#2542,#2543);
#2161=AXIS2_PLACEMENT_3D('',#3419,#2554,#2555);
#2162=AXIS2_PLACEMENT_3D('',#3422,#2557,#2558);
#2163=AXIS2_PLACEMENT_3D('',#3423,#2559,#2560);
#2164=AXIS2_PLACEMENT_3D('',#3425,#2561,#2562);
#2165=AXIS2_PLACEMENT_3D('',#3427,#2563,#2564);
#2166=AXIS2_PLACEMENT_3D('',#3429,#2565,#2566);
#2167=AXIS2_PLACEMENT_3D('',#3431,#2567,#2568);
#2168=AXIS2_PLACEMENT_3D('',#3464,#2569,#2570);
#2169=AXIS2_PLACEMENT_3D('',#3466,#2571,#2572);
#2170=AXIS2_PLACEMENT_3D('',#3467,#2573,#2574);
#2171=AXIS2_PLACEMENT_3D('',#3468,#2575,#2576);
#2172=AXIS2_PLACEMENT_3D('',#3469,#2577,#2578);
#2173=AXIS2_PLACEMENT_3D('',#3471,#2579,#2580);
#2174=AXIS2_PLACEMENT_3D('',#3505,#2582,#2583);
#2175=AXIS2_PLACEMENT_3D('',#3506,#2584,#2585);
#2176=AXIS2_PLACEMENT_3D('',#3507,#2586,#2587);
#2177=AXIS2_PLACEMENT_3D('',#3508,#2588,#2589);
#2178=AXIS2_PLACEMENT_3D('',#3511,#2590,#2591);
#2179=AXIS2_PLACEMENT_3D('',#3558,#2594,#2595);
#2180=AXIS2_PLACEMENT_3D('',#3559,#2596,#2597);
#2181=AXIS2_PLACEMENT_3D('',#3560,#2598,#2599);
#2182=AXIS2_PLACEMENT_3D('',#3561,#2600,#2601);
#2183=AXIS2_PLACEMENT_3D('',#3564,#2602,#2603);
#2184=AXIS2_PLACEMENT_3D('',#3598,#2606,#2607);
#2185=AXIS2_PLACEMENT_3D('',#3599,#2608,#2609);
#2186=AXIS2_PLACEMENT_3D('',#3600,#2610,#2611);
#2187=AXIS2_PLACEMENT_3D('',#3601,#2612,#2613);
#2188=AXIS2_PLACEMENT_3D('',#3603,#2614,#2615);
#2189=AXIS2_PLACEMENT_3D('',#3636,#2617,#2618);
#2190=AXIS2_PLACEMENT_3D('',#3637,#2619,#2620);
#2191=AXIS2_PLACEMENT_3D('',#3638,#2621,#2622);
#2192=AXIS2_PLACEMENT_3D('',#3640,#2623,#2624);
#2193=AXIS2_PLACEMENT_3D('',#3663,#2626,#2627);
#2194=AXIS2_PLACEMENT_3D('',#3664,#2628,#2629);
#2195=AXIS2_PLACEMENT_3D('',#3686,#2630,#2631);
#2196=AXIS2_PLACEMENT_3D('',#3687,#2632,#2633);
#2197=AXIS2_PLACEMENT_3D('',#3688,#2634,#2635);
#2198=AXIS2_PLACEMENT_3D('',#3690,#2636,#2637);
#2199=AXIS2_PLACEMENT_3D('',#3718,#2639,#2640);
#2200=AXIS2_PLACEMENT_3D('',#3719,#2641,#2642);
#2201=AXIS2_PLACEMENT_3D('',#3720,#2643,#2644);
#2202=AXIS2_PLACEMENT_3D('',#3721,#2645,#2646);
#2203=AXIS2_PLACEMENT_3D('',#3723,#2647,#2648);
#2204=AXIS2_PLACEMENT_3D('',#3725,#2650,#2651);
#2205=AXIS2_PLACEMENT_3D('',#3727,#2652,#2653);
#2206=AXIS2_PLACEMENT_3D('',#3729,#2654,#2655);
#2207=AXIS2_PLACEMENT_3D('',#3758,#2657,#2658);
#2208=AXIS2_PLACEMENT_3D('',#3759,#2659,#2660);
#2209=AXIS2_PLACEMENT_3D('',#3760,#2661,#2662);
#2210=AXIS2_PLACEMENT_3D('',#3761,#2663,#2664);
#2211=AXIS2_PLACEMENT_3D('',#3764,#2665,#2666);
#2212=AXIS2_PLACEMENT_3D('',#3788,#2669,#2670);
#2213=AXIS2_PLACEMENT_3D('',#3790,#2671,#2672);
#2214=AXIS2_PLACEMENT_3D('',#3791,#2673,#2674);
#2215=AXIS2_PLACEMENT_3D('',#3813,#2675,#2676);
#2216=AXIS2_PLACEMENT_3D('',#3815,#2677,#2678);
#2217=AXIS2_PLACEMENT_3D('',#3820,#2679,#2680);
#2218=AXIS2_PLACEMENT_3D('',#3822,#2681,#2682);
#2219=AXIS2_PLACEMENT_3D('',#3856,#2685,#2686);
#2220=AXIS2_PLACEMENT_3D('',#3857,#2687,#2688);
#2221=AXIS2_PLACEMENT_3D('',#3858,#2689,#2690);
#2222=AXIS2_PLACEMENT_3D('',#3860,#2691,#2692);
#2223=AXIS2_PLACEMENT_3D('',#3894,#2694,#2695);
#2224=AXIS2_PLACEMENT_3D('',#3895,#2696,#2697);
#2225=AXIS2_PLACEMENT_3D('',#3896,#2698,#2699);
#2226=AXIS2_PLACEMENT_3D('',#3897,#2700,#2701);
#2227=AXIS2_PLACEMENT_3D('',#3900,#2702,#2703);
#2228=AXIS2_PLACEMENT_3D('',#3947,#2706,#2707);
#2229=AXIS2_PLACEMENT_3D('',#3948,#2708,#2709);
#2230=AXIS2_PLACEMENT_3D('',#3949,#2710,#2711);
#2231=AXIS2_PLACEMENT_3D('',#3950,#2712,#2713);
#2232=AXIS2_PLACEMENT_3D('',#3953,#2716,#2717);
#2233=AXIS2_PLACEMENT_3D('',#3956,#2718,#2719);
#2234=AXIS2_PLACEMENT_3D('',#3959,#2721,#2722);
#2235=AXIS2_PLACEMENT_3D('',#3961,#2724,#2725);
#2236=AXIS2_PLACEMENT_3D('',#3964,#2726,#2727);
#2237=AXIS2_PLACEMENT_3D('',#3965,#2728,#2729);
#2238=AXIS2_PLACEMENT_3D('',#3966,#2730,#2731);
#2239=AXIS2_PLACEMENT_3D('',#3967,#2732,#2733);
#2240=AXIS2_PLACEMENT_3D('',#3970,#2734,#2735);
#2241=AXIS2_PLACEMENT_3D('',#3973,#2738,#2739);
#2242=AXIS2_PLACEMENT_3D('',#3976,#2740,#2741);
#2243=AXIS2_PLACEMENT_3D('',#3977,#2742,#2743);
#2244=AXIS2_PLACEMENT_3D('',#3978,#2744,#2745);
#2245=AXIS2_PLACEMENT_3D('',#4011,#2746,#2747);
#2246=AXIS2_PLACEMENT_3D('',#4061,#2748,#2749);
#2247=AXIS2_PLACEMENT_3D('',#4062,#2750,#2751);
#2248=AXIS2_PLACEMENT_3D('',#4063,#2752,#2753);
#2249=AXIS2_PLACEMENT_3D('',#4064,#2754,#2755);
#2250=AXIS2_PLACEMENT_3D('',#4067,#2756,#2757);
#2251=AXIS2_PLACEMENT_3D('',#4096,#2760,#2761);
#2252=AXIS2_PLACEMENT_3D('',#4097,#2762,#2763);
#2253=AXIS2_PLACEMENT_3D('',#4098,#2764,#2765);
#2254=AXIS2_PLACEMENT_3D('',#4099,#2766,#2767);
#2255=AXIS2_PLACEMENT_3D('',#4101,#2768,#2769);
#2256=AXIS2_PLACEMENT_3D('',#4130,#2771,#2772);
#2257=AXIS2_PLACEMENT_3D('',#4131,#2773,#2774);
#2258=AXIS2_PLACEMENT_3D('',#4132,#2775,#2776);
#2259=AXIS2_PLACEMENT_3D('',#4133,#2777,#2778);
#2260=AXIS2_PLACEMENT_3D('',#4135,#2779,#2780);
#2261=AXIS2_PLACEMENT_3D('',#4174,#2783,#2784);
#2262=AXIS2_PLACEMENT_3D('',#4175,#2785,#2786);
#2263=AXIS2_PLACEMENT_3D('',#4208,#2787,#2788);
#2264=AXIS2_PLACEMENT_3D('',#4243,#2789,#2790);
#2265=AXIS2_PLACEMENT_3D('',#4246,#2791,#2792);
#2266=AXIS2_PLACEMENT_3D('',#4247,#2793,#2794);
#2267=AXIS2_PLACEMENT_3D('',#4248,#2795,#2796);
#2268=AXIS2_PLACEMENT_3D('',#4249,#2797,#2798);
#2269=AXIS2_PLACEMENT_3D('',#4252,#2799,#2800);
#2270=AXIS2_PLACEMENT_3D('',#4255,#2803,#2804);
#2271=AXIS2_PLACEMENT_3D('',#4258,#2805,#2806);
#2272=AXIS2_PLACEMENT_3D('',#4259,#2807,#2808);
#2273=AXIS2_PLACEMENT_3D('',#4260,#2809,#2810);
#2274=AXIS2_PLACEMENT_3D('',#4261,#2811,#2812);
#2275=AXIS2_PLACEMENT_3D('',#4263,#2813,#2814);
#2276=AXIS2_PLACEMENT_3D('',#4266,#2817,#2818);
#2277=AXIS2_PLACEMENT_3D('',#4267,#2819,#2820);
#2278=AXIS2_PLACEMENT_3D('',#4268,#2821,#2822);
#2279=AXIS2_PLACEMENT_3D('',#4269,#2823,#2824);
#2280=AXIS2_PLACEMENT_3D('',#4270,#2825,#2826);
#2281=AXIS2_PLACEMENT_3D('',#4273,#2828,#2829);
#2282=AXIS2_PLACEMENT_3D('',#4274,#2830,#2831);
#2283=AXIS2_PLACEMENT_3D('',#4278,#2834,#2835);
#2284=AXIS2_PLACEMENT_3D('',#4281,#2837,#2838);
#2285=AXIS2_PLACEMENT_3D('',#4282,#2839,#2840);
#2286=AXIS2_PLACEMENT_3D('',#4286,#2843,#2844);
#2287=AXIS2_PLACEMENT_3D('',#4287,#2845,#2846);
#2288=AXIS2_PLACEMENT_3D('',#4288,#2847,#2848);
#2289=AXIS2_PLACEMENT_3D('',#4291,#2850,#2851);
#2290=AXIS2_PLACEMENT_3D('',#4292,#2852,#2853);
#2291=AXIS2_PLACEMENT_3D('',#4296,#2856,#2857);
#2292=AXIS2_PLACEMENT_3D('',#4299,#2859,#2860);
#2293=AXIS2_PLACEMENT_3D('',#4300,#2861,#2862);
#2294=AXIS2_PLACEMENT_3D('',#4304,#2865,#2866);
#2295=AXIS2_PLACEMENT_3D('',#4305,#2867,#2868);
#2296=AXIS2_PLACEMENT_3D('',#4306,#2869,#2870);
#2297=AXIS2_PLACEMENT_3D('',#4307,#2871,#2872);
#2298=AXIS2_PLACEMENT_3D('',#4309,#2874,#2875);
#2299=AXIS2_PLACEMENT_3D('',#4311,#2877,#2878);
#2300=AXIS2_PLACEMENT_3D('',#4312,#2879,#2880);
#2301=AXIS2_PLACEMENT_3D('',#4314,#2881,#2882);
#2302=AXIS2_PLACEMENT_3D('',#4353,#2884,#2885);
#2303=AXIS2_PLACEMENT_3D('',#4359,#2889,#2890);
#2304=AXIS2_PLACEMENT_3D('',#4362,#2892,#2893);
#2305=AXIS2_PLACEMENT_3D('',#4402,#2894,#2895);
#2306=AXIS2_PLACEMENT_3D('',#4405,#2897,#2898);
#2307=AXIS2_PLACEMENT_3D('',#4406,#2899,#2900);
#2308=AXIS2_PLACEMENT_3D('',#4410,#2903,#2904);
#2309=AXIS2_PLACEMENT_3D('',#4414,#2907,#2908);
#2310=AXIS2_PLACEMENT_3D('',#4415,#2909,#2910);
#2311=AXIS2_PLACEMENT_3D('',#4416,#2911,#2912);
#2312=AXIS2_PLACEMENT_3D('',#4417,#2913,#2914);
#2313=AXIS2_PLACEMENT_3D('',#4419,#2916,#2917);
#2314=AXIS2_PLACEMENT_3D('',#4421,#2919,#2920);
#2315=AXIS2_PLACEMENT_3D('',#4422,#2921,#2922);
#2316=AXIS2_PLACEMENT_3D('',#4424,#2923,#2924);
#2317=AXIS2_PLACEMENT_3D('',#4426,#2926,#2927);
#2318=AXIS2_PLACEMENT_3D('',#4427,#2928,#2929);
#2319=AXIS2_PLACEMENT_3D('',#4428,#2930,#2931);
#2320=AXIS2_PLACEMENT_3D('',#4431,#2933,#2934);
#2321=AXIS2_PLACEMENT_3D('',#4432,#2935,#2936);
#2322=AXIS2_PLACEMENT_3D('',#4434,#2938,#2939);
#2323=AXIS2_PLACEMENT_3D('',#4436,#2940,#2941);
#2324=AXIS2_PLACEMENT_3D('',#4437,#2942,#2943);
#2325=AXIS2_PLACEMENT_3D('',#4439,#2944,#2945);
#2326=AXIS2_PLACEMENT_3D('',#4440,#2946,#2947);
#2327=AXIS2_PLACEMENT_3D('',#4442,#2948,#2949);
#2328=AXIS2_PLACEMENT_3D('',#4443,#2950,#2951);
#2329=AXIS2_PLACEMENT_3D('',#4445,#2953,#2954);
#2330=AXIS2_PLACEMENT_3D('',#4447,#2955,#2956);
#2331=AXIS2_PLACEMENT_3D('',#4448,#2957,#2958);
#2332=AXIS2_PLACEMENT_3D('',#4450,#2960,#2961);
#2333=AXIS2_PLACEMENT_3D('',#4459,#2964,#2965);
#2334=AXIS2_PLACEMENT_3D('',#4461,#2967,#2968);
#2335=AXIS2_PLACEMENT_3D('',#4463,#2970,#2971);
#2336=AXIS2_PLACEMENT_3D('',#4465,#2973,#2974);
#2337=AXIS2_PLACEMENT_3D('',#4467,#2976,#2977);
#2338=AXIS2_PLACEMENT_3D('',#4469,#2979,#2980);
#2339=DIRECTION('axis',(0.,0.,1.));
#2340=DIRECTION('refdir',(1.,0.,0.));
#2341=DIRECTION('center_axis',(3.09469832647782E-16,1.,5.45678812111371E-17));
#2342=DIRECTION('ref_axis',(0.766044443118969,-2.01992087683424E-16,-0.64278760968655));
#2343=DIRECTION('center_axis',(0.,1.,0.));
#2344=DIRECTION('ref_axis',(1.,0.,-2.66453525910039E-14));
#2345=DIRECTION('',(3.09469832647782E-16,1.,5.45678812111371E-17));
#2346=DIRECTION('center_axis',(-1.88411095042053E-14,0.707106781186551,
-0.707106781186544));
#2347=DIRECTION('ref_axis',(-1.92336326188763E-14,-0.707106781186544,-0.707106781186551));
#2348=DIRECTION('',(-3.09469832647782E-16,-1.,-5.45678812111371E-17));
#2349=DIRECTION('center_axis',(0.984807753012208,0.,0.173648177666932));
#2350=DIRECTION('ref_axis',(0.,-1.,0.));
#2351=DIRECTION('center_axis',(-0.17364817766693,0.,0.984807753012208));
#2352=DIRECTION('ref_axis',(0.984807753012208,4.78343355972787E-16,0.17364817766693));
#2353=DIRECTION('center_axis',(0.0878228363155411,0.,-0.996136109887345));
#2354=DIRECTION('ref_axis',(0.996136109887346,0.,0.0878228363155412));
#2355=DIRECTION('center_axis',(-0.984807753012208,-3.85576410060275E-17,
-0.17364817766693));
#2356=DIRECTION('ref_axis',(0.122787803968973,-0.707106781186548,-0.696364240320018));
#2357=DIRECTION('center_axis',(0.984807753012208,0.,0.173648177666932));
#2358=DIRECTION('ref_axis',(0.,-1.,0.));
#2359=DIRECTION('',(0.984807753012208,3.85576410060275E-17,0.17364817766693));
#2360=DIRECTION('',(-0.984807753012208,-3.85576410060275E-17,-0.17364817766693));
#2361=DIRECTION('center_axis',(0.17364817766693,0.,-0.984807753012208));
#2362=DIRECTION('ref_axis',(-0.984807753012208,-3.85576410060275E-17,-0.17364817766693));
#2363=DIRECTION('center_axis',(-0.201495485512185,0.,0.979489443188751));
#2364=DIRECTION('ref_axis',(-0.979489443188751,0.,-0.201495485512185));
#2365=DIRECTION('center_axis',(-1.02584607475364E-13,-2.22044604925031E-16,
-1.));
#2366=DIRECTION('ref_axis',(-1.,1.31195999041952E-32,1.02584607475364E-13));
#2367=DIRECTION('',(-1.02584607475364E-13,-2.22044604925031E-16,-1.));
#2368=DIRECTION('center_axis',(-1.02525522050125E-13,-2.77555756156373E-16,
-1.));
#2369=DIRECTION('ref_axis',(-1.,0.,1.02525522050125E-13));
#2370=DIRECTION('',(-1.02584607475364E-13,-2.22044604925031E-16,-1.));
#2371=DIRECTION('center_axis',(-0.201495485512185,0.,0.979489443188751));
#2372=DIRECTION('ref_axis',(-0.979489443188751,0.,-0.201495485512185));
#2373=DIRECTION('center_axis',(-2.27652390383525E-29,1.,-2.22044604925031E-16));
#2374=DIRECTION('ref_axis',(1.,-5.88545355016423E-44,-1.02525522050125E-13));
#2375=DIRECTION('',(-2.54010081489943E-14,-2.22044604925031E-16,-1.));
#2376=DIRECTION('',(1.,0.,-1.02525522050125E-13));
#2377=DIRECTION('center_axis',(-2.54010081489943E-14,-2.22044604925031E-16,
-1.));
#2378=DIRECTION('ref_axis',(0.707106781186546,-0.707106781186549,-1.78042158652602E-14));
#2379=DIRECTION('',(2.54010081489943E-14,2.22044604925031E-16,1.));
#2380=DIRECTION('center_axis',(1.02525522050125E-13,2.77555756156373E-16,
1.));
#2381=DIRECTION('ref_axis',(0.707106781186546,-0.707106781186549,-7.23002303289986E-14));
#2382=DIRECTION('center_axis',(1.,-3.0946983264778E-16,-2.54010081489943E-14));
#2383=DIRECTION('ref_axis',(-3.09469832647804E-16,-1.,-9.2981178312354E-16));
#2384=DIRECTION('',(2.54010081489943E-14,2.89182307545079E-16,1.));
#2385=DIRECTION('',(-3.09469832647777E-16,-1.,1.39675649799452E-16));
#2386=DIRECTION('',(-2.54010081489943E-14,9.76961851884398E-16,-1.));
#2387=DIRECTION('',(3.09469832647804E-16,1.,9.29811783123551E-16));
#2388=DIRECTION('',(2.54010081489943E-14,-9.76961851884398E-16,1.));
#2389=DIRECTION('',(-3.09469832647777E-16,-1.,1.39675649799452E-16));
#2390=DIRECTION('',(-2.54010081489943E-14,-1.54230564024042E-15,-1.));
#2391=DIRECTION('',(-3.09469832647782E-16,-1.,-5.45678812111371E-17));
#2392=DIRECTION('',(-2.54010081489943E-14,-2.22044604925031E-16,-1.));
#2393=DIRECTION('',(3.09469832647773E-16,1.,-2.77555756156404E-16));
#2394=DIRECTION('',(2.54010081489943E-14,2.22044604925031E-16,1.));
#2395=DIRECTION('',(-3.09469832647777E-16,-1.,1.39675649799452E-16));
#2396=DIRECTION('',(-2.54010081489943E-14,-2.22044604925031E-16,-1.));
#2397=DIRECTION('',(3.09469832647773E-16,1.,-2.77555756156404E-16));
#2398=DIRECTION('center_axis',(3.09469832647782E-16,1.,5.45678812111371E-17));
#2399=DIRECTION('ref_axis',(0.766044443118974,-2.01992087683426E-16,-0.642787609686544));
#2400=DIRECTION('center_axis',(0.,-1.,0.));
#2401=DIRECTION('ref_axis',(0.173648177666932,0.,-0.984807753012208));
#2402=DIRECTION('center_axis',(-1.88411095042054E-14,-0.707106781186548,
-0.707106781186548));
#2403=DIRECTION('ref_axis',(-1.85467171682021E-14,0.707106781186547,-0.707106781186547));
#2404=DIRECTION('',(3.09469832647782E-16,1.,5.45678812111371E-17));
#2405=DIRECTION('center_axis',(0.984807753012208,0.,0.173648177666932));
#2406=DIRECTION('ref_axis',(0.173648177666932,0.,-0.984807753012208));
#2407=DIRECTION('center_axis',(0.0878228363155411,0.,-0.996136109887345));
#2408=DIRECTION('ref_axis',(0.996136109887346,0.,0.0878228363155412));
#2409=DIRECTION('center_axis',(-0.17364817766693,0.,0.984807753012208));
#2410=DIRECTION('ref_axis',(0.984807753012208,-4.78343355972787E-16,0.17364817766693));
#2411=DIRECTION('center_axis',(0.984807753012208,3.85576410060275E-17,0.17364817766693));
#2412=DIRECTION('ref_axis',(0.122787803968971,0.707106781186555,-0.696364240320012));
#2413=DIRECTION('center_axis',(0.984807753012208,0.,0.173648177666933));
#2414=DIRECTION('ref_axis',(0.173648177666933,0.,-0.984807753012208));
#2415=DIRECTION('',(0.984807753012208,3.85576410060275E-17,0.17364817766693));
#2416=DIRECTION('',(-0.984807753012208,-3.85576410060275E-17,-0.17364817766693));
#2417=DIRECTION('center_axis',(-0.201495485512185,0.,0.979489443188751));
#2418=DIRECTION('ref_axis',(-0.979489443188751,0.,-0.201495485512185));
#2419=DIRECTION('center_axis',(0.17364817766693,0.,-0.984807753012208));
#2420=DIRECTION('ref_axis',(-0.984807753012208,-3.85576410060275E-17,-0.17364817766693));
#2421=DIRECTION('center_axis',(0.17364817766693,0.,-0.984807753012208));
#2422=DIRECTION('ref_axis',(0.,1.,0.));
#2423=DIRECTION('center_axis',(-0.17364817766693,0.,0.984807753012208));
#2424=DIRECTION('ref_axis',(0.984807753012208,6.21846362764623E-15,0.17364817766693));
#2425=DIRECTION('',(0.984807753012208,8.88178419700124E-15,0.17364817766693));
#2426=DIRECTION('center_axis',(-0.17364817766693,0.,0.984807753012208));
#2427=DIRECTION('ref_axis',(8.7468499377881E-15,-1.,1.5423056402402E-15));
#2428=DIRECTION('',(7.55924179168563E-15,-1.,1.33289828157317E-15));
#2429=DIRECTION('center_axis',(-0.17364817766693,0.,0.984807753012208));
#2430=DIRECTION('ref_axis',(-0.984807753012208,-8.8817841970012E-15,-0.17364817766693));
#2431=DIRECTION('center_axis',(-2.54786576957862E-14,9.29811783123559E-16,
-1.));
#2432=DIRECTION('ref_axis',(-1.,0.,2.6053233644537E-14));
#2433=DIRECTION('center_axis',(-8.88178419700128E-15,1.,1.57772181044203E-28));
#2434=DIRECTION('ref_axis',(-1.,-8.88178419700128E-15,2.66453525910039E-14));
#2435=DIRECTION('center_axis',(-2.54786576957862E-14,9.29811783123559E-16,
-1.));
#2436=DIRECTION('ref_axis',(-0.866025403784438,0.500000000000001,2.25300707104405E-14));
#2437=DIRECTION('center_axis',(-0.866025403784447,-0.499999999999986,1.53837014910687E-14));
#2438=DIRECTION('ref_axis',(1.77635683940026E-14,-1.26217744835362E-29,
1.));
#2439=DIRECTION('center_axis',(2.54786576957862E-14,-9.29811783123559E-16,
1.));
#2440=DIRECTION('ref_axis',(-0.866025403784438,0.500000000000001,2.25300707104405E-14));
#2441=DIRECTION('center_axis',(-0.866025403784444,-0.499999999999991,2.16002589273171E-14));
#2442=DIRECTION('ref_axis',(-0.353553390593248,0.612372435695796,0.707106781186559));
#2443=DIRECTION('center_axis',(-0.866025403784446,-0.499999999999987,1.53837014910688E-14));
#2444=DIRECTION('ref_axis',(1.77635683940027E-14,-4.73316543132607E-30,
1.));
#2445=DIRECTION('',(-0.866025403784444,-0.499999999999991,2.16002589273171E-14));
#2446=DIRECTION('',(0.866025403784444,0.499999999999991,-2.16002589273171E-14));
#2447=DIRECTION('center_axis',(-0.99899844216767,-0.0447449723049245,2.66186657294211E-14));
#2448=DIRECTION('ref_axis',(2.66453525910038E-14,-3.94430452610506E-30,
1.));
#2449=DIRECTION('center_axis',(0.,0.,1.));
#2450=DIRECTION('ref_axis',(0.963492913376268,0.267733834010033,0.));
#2451=DIRECTION('center_axis',(-1.03448573970855E-13,2.15719734621451E-13,
-1.));
#2452=DIRECTION('ref_axis',(0.962245986181181,0.272181303689667,-4.08280964787671E-14));
#2453=DIRECTION('center_axis',(7.46957215644394E-14,-3.33516054123614E-12,
-1.));
#2454=DIRECTION('ref_axis',(-1.98751694683631E-6,0.999999999998025,-3.33478868811304E-12));
#2455=DIRECTION('center_axis',(-0.999999999999768,-6.81587835060783E-7,
2.66453525909974E-14));
#2456=DIRECTION('ref_axis',(2.66453525910036E-14,-1.20370621524202E-35,
1.));
#2457=DIRECTION('center_axis',(0.,0.,1.));
#2458=DIRECTION('ref_axis',(-0.0447663054339093,0.998997486432172,0.));
#2459=DIRECTION('center_axis',(-1.,3.40937968344082E-16,2.54786576957862E-14));
#2460=DIRECTION('ref_axis',(1.82572111816013E-14,0.707106781186548,0.707106781186548));
#2461=DIRECTION('center_axis',(-1.,0.,2.66453525910039E-14));
#2462=DIRECTION('ref_axis',(2.66453525910039E-14,0.,1.));
#2463=DIRECTION('',(-1.,3.40937968344082E-16,2.54786576957861E-14));
#2464=DIRECTION('',(1.,-3.40937968344082E-16,-2.54786576957861E-14));
#2465=DIRECTION('center_axis',(-2.54786576957862E-14,9.29811783123559E-16,
-1.));
#2466=DIRECTION('ref_axis',(-1.,0.,2.6053233644537E-14));
#2467=DIRECTION('center_axis',(0.,1.,0.));
#2468=DIRECTION('ref_axis',(2.66453525910039E-14,0.,1.));
#2469=DIRECTION('center_axis',(2.54786576957862E-14,-9.29811783123559E-16,
1.));
#2470=DIRECTION('ref_axis',(0.707106781186547,0.707106781186547,-1.73586554151474E-14));
#2471=DIRECTION('center_axis',(-2.54786576957862E-14,9.29811783123559E-16,
-1.));
#2472=DIRECTION('ref_axis',(0.707106781186548,0.707106781186548,-1.73586554151474E-14));
#2473=DIRECTION('center_axis',(3.09469832647804E-16,1.,9.29811783123551E-16));
#2474=DIRECTION('ref_axis',(0.707106781186566,-8.76304434311735E-16,0.707106781186529));
#2475=DIRECTION('center_axis',(8.88178419700128E-15,1.,-2.36658271566303E-28));
#2476=DIRECTION('ref_axis',(2.66453525910036E-14,8.96831017167883E-44,1.));
#2477=DIRECTION('',(-3.09469832647804E-16,-1.,-9.29811783123551E-16));
#2478=DIRECTION('center_axis',(-2.54786576957862E-14,9.29811783123559E-16,
-1.));
#2479=DIRECTION('ref_axis',(-1.,0.,2.6053233644537E-14));
#2480=DIRECTION('center_axis',(1.,2.36658271566305E-28,-2.66453525910039E-14));
#2481=DIRECTION('ref_axis',(2.66453525910039E-14,0.,1.));
#2482=DIRECTION('center_axis',(2.54786576957862E-14,-9.29811783123559E-16,
1.));
#2483=DIRECTION('ref_axis',(0.707106781186548,-0.707106781186547,-1.86736078492951E-14));
#2484=DIRECTION('center_axis',(-2.54786576957862E-14,9.29811783123559E-16,
-1.));
#2485=DIRECTION('ref_axis',(0.707106781186548,-0.707106781186547,-1.86736078492951E-14));
#2486=DIRECTION('center_axis',(1.,-3.40937968344082E-16,-2.54786576957862E-14));
#2487=DIRECTION('ref_axis',(1.77750520828412E-14,-0.707106781186548,0.707106781186548));
#2488=DIRECTION('center_axis',(1.,0.,-2.66453525910041E-14));
#2489=DIRECTION('ref_axis',(2.66453525910041E-14,0.,1.));
#2490=DIRECTION('',(1.,-3.40937968344082E-16,-2.54786576957861E-14));
#2491=DIRECTION('',(-1.,3.40937968344082E-16,2.54786576957861E-14));
#2492=DIRECTION('center_axis',(0.998997458263105,-0.0447669340457412,-2.66186395129371E-14));
#2493=DIRECTION('ref_axis',(2.66453525910039E-14,1.57772181044202E-30,1.));
#2494=DIRECTION('center_axis',(0.,0.,1.));
#2495=DIRECTION('ref_axis',(-1.98739131136701E-6,-0.999999999998025,0.));
#2496=DIRECTION('center_axis',(0.,0.,-1.));
#2497=DIRECTION('ref_axis',(-0.0447663692413415,-0.998997483572881,0.));
#2498=DIRECTION('center_axis',(2.88548757238274E-14,2.37505663339681E-13,
-1.));
#2499=DIRECTION('ref_axis',(0.962245926140269,-0.272181515952967,-3.68791648806727E-14));
#2500=DIRECTION('center_axis',(0.866020171940318,-0.500009061710348,-2.30754128322715E-14));
#2501=DIRECTION('ref_axis',(2.66453525910038E-14,4.89093761237027E-29,1.));
#2502=DIRECTION('center_axis',(-2.84643823801832E-14,-2.29965736149962E-13,
1.));
#2503=DIRECTION('ref_axis',(0.963492664164179,-0.267734730847183,-3.41445908589139E-14));
#2504=DIRECTION('center_axis',(0.866025403784444,-0.499999999999991,-2.25300707104406E-14));
#2505=DIRECTION('ref_axis',(-0.35355339059325,-0.612372435695801,0.707106781186554));
#2506=DIRECTION('center_axis',(0.866025403784444,-0.49999999999999,-1.53837014910685E-14));
#2507=DIRECTION('ref_axis',(1.77635683940024E-14,7.88860905221012E-30,1.));
#2508=DIRECTION('',(0.866025403784444,-0.499999999999991,-2.25300707104406E-14));
#2509=DIRECTION('',(-0.866025403784444,0.499999999999991,2.25300707104406E-14));
#2510=DIRECTION('center_axis',(-2.54786576957862E-14,9.29811783123559E-16,
-1.));
#2511=DIRECTION('ref_axis',(-1.,0.,2.6053233644537E-14));
#2512=DIRECTION('center_axis',(8.88178419700128E-15,-1.,-1.57772181044203E-28));
#2513=DIRECTION('ref_axis',(1.77635683940026E-14,7.17464813734306E-43,1.));
#2514=DIRECTION('center_axis',(2.54786576957862E-14,-9.29811783123559E-16,
1.));
#2515=DIRECTION('ref_axis',(-0.866025403784435,-0.500000000000006,2.16002589273169E-14));
#2516=DIRECTION('center_axis',(-2.54786576957862E-14,9.29811783123559E-16,
-1.));
#2517=DIRECTION('ref_axis',(-0.866025403784435,-0.500000000000006,2.16002589273169E-14));
#2518=DIRECTION('center_axis',(-6.57660027211197E-15,1.,9.29811783123726E-16));
#2519=DIRECTION('ref_axis',(-0.707106781186535,-5.30783486663754E-15,0.70710678118656));
#2520=DIRECTION('',(6.57660027211197E-15,-1.,-9.29811783123726E-16));
#2521=DIRECTION('',(-6.57660027211197E-15,1.,9.29811783123726E-16));
#2522=DIRECTION('center_axis',(-3.40937968344106E-16,-1.,-9.76961851884389E-16));
#2523=DIRECTION('ref_axis',(-1.,3.40937968344081E-16,2.54786576957861E-14));
#2524=DIRECTION('',(-2.54010081489943E-14,9.76961851884398E-16,-1.));
#2525=DIRECTION('',(-0.984807753012208,5.0540599975134E-16,-0.17364817766693));
#2526=DIRECTION('',(-2.54010081489943E-14,9.76961851884398E-16,-1.));
#2527=DIRECTION('center_axis',(-3.58583022185833E-14,-5.43569130127988E-23,
-1.));
#2528=DIRECTION('ref_axis',(-6.81674324352827E-7,-0.999999999999768,0.));
#2529=DIRECTION('',(-2.54010081489943E-14,9.76961851884398E-16,-1.));
#2530=DIRECTION('center_axis',(0.159100562735993,-3.02970642553444E-5,-0.987262381547671));
#2531=DIRECTION('ref_axis',(-0.0436388667589542,-0.99902283400827,-0.00700188817959359));
#2532=DIRECTION('',(-2.54010081489943E-14,9.76961851884398E-16,-1.));
#2533=DIRECTION('center_axis',(-0.499999999999991,-0.866025403784444,1.18544302922368E-14));
#2534=DIRECTION('ref_axis',(-0.866025403784444,0.499999999999991,2.25337270655078E-14));
#2535=DIRECTION('',(2.54010081489943E-14,-9.76961851884398E-16,1.));
#2536=DIRECTION('',(-0.856101463504702,0.494270410408059,-0.150953786239882));
#2537=DIRECTION('center_axis',(-2.54010081489943E-14,9.76961851884398E-16,
-1.));
#2538=DIRECTION('ref_axis',(-0.866025403784434,-0.500000000000008,2.15094374128223E-14));
#2539=DIRECTION('',(-2.54010081489943E-14,9.76961851884398E-16,-1.));
#2540=DIRECTION('center_axis',(0.145378094325732,0.,-0.989376171984255));
#2541=DIRECTION('ref_axis',(-0.989376171984255,-1.46457094153655E-15,-0.145378094325732));
#2542=DIRECTION('center_axis',(-1.,-6.57660027211199E-15,2.54010081489943E-14));
#2543=DIRECTION('ref_axis',(-6.57660027211197E-15,1.,9.29811783123715E-16));
#2544=DIRECTION('',(2.54010081489943E-14,-9.76961851884398E-16,1.));
#2545=DIRECTION('',(-6.57660027211203E-15,1.,-1.35387560031857E-15));
#2546=DIRECTION('',(-2.54010081489943E-14,-2.22044604925031E-16,-1.));
#2547=DIRECTION('',(6.576600272112E-15,-1.,2.77555756155698E-16));
#2548=DIRECTION('',(2.54010081489943E-14,2.22044604925031E-16,1.));
#2549=DIRECTION('',(-6.57660027211203E-15,1.,-1.35387560031857E-15));
#2550=DIRECTION('',(-2.54010081489943E-14,-2.22044604925031E-16,-1.));
#2551=DIRECTION('',(6.576600272112E-15,-1.,2.77555756155698E-16));
#2552=DIRECTION('',(2.54010081489943E-14,2.22044604925031E-16,1.));
#2553=DIRECTION('',(-6.57660027211203E-15,1.,-1.35387560031857E-15));
#2554=DIRECTION('center_axis',(-2.54010081489943E-14,9.76961851884398E-16,
-1.));
#2555=DIRECTION('ref_axis',(-0.866025403784437,0.500000000000003,2.24863992647068E-14));
#2556=DIRECTION('',(-2.54010081489943E-14,9.76961851884399E-16,-1.));
#2557=DIRECTION('center_axis',(0.145378094325731,3.01879850510802E-16,-0.989376171984256));
#2558=DIRECTION('ref_axis',(-0.989376171984255,5.8582837661462E-15,-0.145378094325731));
#2559=DIRECTION('center_axis',(-2.54786576957862E-14,9.29811783123559E-16,
-1.));
#2560=DIRECTION('ref_axis',(1.,-7.95347532178055E-31,-2.54786576957862E-14));
#2561=DIRECTION('center_axis',(2.54856339753675E-14,-9.29811783123548E-16,
1.));
#2562=DIRECTION('ref_axis',(1.,-7.88860905221012E-31,-2.54856339753675E-14));
#2563=DIRECTION('center_axis',(2.54856339753675E-14,-9.29811783123548E-16,
1.));
#2564=DIRECTION('ref_axis',(1.,-7.88860905221012E-31,-2.54856339753675E-14));
#2565=DIRECTION('center_axis',(2.54856339753675E-14,-9.29811783123548E-16,
1.));
#2566=DIRECTION('ref_axis',(1.,-7.88860905221012E-31,-2.54856339753675E-14));
#2567=DIRECTION('center_axis',(2.54856339753675E-14,-9.29811783123548E-16,
1.));
#2568=DIRECTION('ref_axis',(1.,-7.88860905221012E-31,-2.54856339753675E-14));
#2569=DIRECTION('center_axis',(-0.98480775301221,0.,-0.173648177666922));
#2570=DIRECTION('ref_axis',(0.,1.,0.));
#2571=DIRECTION('center_axis',(-0.17364817766693,1.91292535311694E-16,0.984807753012208));
#2572=DIRECTION('ref_axis',(-0.984807753012208,6.16297582203915E-33,-0.17364817766693));
#2573=DIRECTION('center_axis',(-4.44089209850067E-15,1.,-7.83049095380664E-16));
#2574=DIRECTION('ref_axis',(0.173648177666922,-8.87468518373638E-31,-0.98480775301221));
#2575=DIRECTION('center_axis',(0.0878228363155441,0.,-0.996136109887345));
#2576=DIRECTION('ref_axis',(-0.996136109887345,0.,-0.0878228363155441));
#2577=DIRECTION('center_axis',(-6.57660027211203E-15,1.,-1.35387560031857E-15));
#2578=DIRECTION('ref_axis',(-0.642787609686548,-5.26448604907319E-15,-0.766044443118971));
#2579=DIRECTION('center_axis',(-4.44089209850066E-15,1.,-7.83049095380663E-16));
#2580=DIRECTION('ref_axis',(0.173648177666922,-1.77493703674728E-30,-0.98480775301221));
#2581=DIRECTION('',(6.57660027211203E-15,-1.,1.35387560031857E-15));
#2582=DIRECTION('center_axis',(-0.98480775301221,0.,-0.173648177666922));
#2583=DIRECTION('ref_axis',(0.173648177666922,0.,-0.98480775301221));
#2584=DIRECTION('center_axis',(0.0878228363155441,0.,-0.996136109887345));
#2585=DIRECTION('ref_axis',(-0.996136109887345,0.,-0.0878228363155441));
#2586=DIRECTION('center_axis',(-0.17364817766693,1.91292535311694E-16,0.984807753012208));
#2587=DIRECTION('ref_axis',(-0.984807753012208,-1.77670389361321E-15,-0.17364817766693));
#2588=DIRECTION('center_axis',(-0.984807753012208,-3.85576410060276E-17,
-0.17364817766693));
#2589=DIRECTION('ref_axis',(0.122787803968973,-0.707106781186544,-0.696364240320022));
#2590=DIRECTION('center_axis',(-0.98480775301221,0.,-0.173648177666922));
#2591=DIRECTION('ref_axis',(0.173648177666922,0.,-0.98480775301221));
#2592=DIRECTION('',(-0.984807753012208,-3.85576410060276E-17,-0.17364817766693));
#2593=DIRECTION('',(0.984807753012208,3.85576410060276E-17,0.17364817766693));
#2594=DIRECTION('center_axis',(0.98480775301221,0.,0.173648177666922));
#2595=DIRECTION('ref_axis',(0.173648177666922,0.,-0.98480775301221));
#2596=DIRECTION('center_axis',(-0.201495485512185,0.,0.979489443188751));
#2597=DIRECTION('ref_axis',(0.979489443188751,0.,0.201495485512185));
#2598=DIRECTION('center_axis',(0.17364817766693,-1.91292535311694E-16,-0.984807753012208));
#2599=DIRECTION('ref_axis',(0.984807753012208,3.85576410060276E-17,0.17364817766693));
#2600=DIRECTION('center_axis',(0.984807753012208,3.85576410060276E-17,0.17364817766693));
#2601=DIRECTION('ref_axis',(0.122787803968973,0.707106781186545,-0.696364240320021));
#2602=DIRECTION('center_axis',(0.98480775301221,0.,0.173648177666922));
#2603=DIRECTION('ref_axis',(0.173648177666922,0.,-0.98480775301221));
#2604=DIRECTION('',(0.984807753012208,3.85576410060276E-17,0.17364817766693));
#2605=DIRECTION('',(-0.984807753012208,-3.85576410060276E-17,-0.17364817766693));
#2606=DIRECTION('center_axis',(-8.88178419700116E-15,1.,-1.5660981907613E-15));
#2607=DIRECTION('ref_axis',(0.173648177666923,4.53595020502082E-30,-0.984807753012209));
#2608=DIRECTION('center_axis',(0.0878228363155441,0.,-0.996136109887345));
#2609=DIRECTION('ref_axis',(-0.996136109887345,0.,-0.0878228363155441));
#2610=DIRECTION('center_axis',(-0.17364817766693,1.91292535311694E-16,0.984807753012208));
#2611=DIRECTION('ref_axis',(-0.984807753012208,6.16297582203915E-33,-0.17364817766693));
#2612=DIRECTION('center_axis',(-6.57660027211203E-15,1.,-1.35387560031857E-15));
#2613=DIRECTION('ref_axis',(-0.642787609686548,-5.26448604907319E-15,-0.766044443118971));
#2614=DIRECTION('center_axis',(0.,1.,0.));
#2615=DIRECTION('ref_axis',(0.173648177666922,0.,-0.98480775301221));
#2616=DIRECTION('',(6.57660027211203E-15,-1.,1.35387560031857E-15));
#2617=DIRECTION('center_axis',(-0.8561014635047,0.494270410408069,-0.15095378623986));
#2618=DIRECTION('ref_axis',(0.173648177666906,4.16333634234434E-17,-0.984807753012212));
#2619=DIRECTION('center_axis',(-0.17364817766693,1.91292535311694E-16,0.984807753012208));
#2620=DIRECTION('ref_axis',(-0.984807753012208,-1.03868843011234E-15,-0.17364817766693));
#2621=DIRECTION('center_axis',(-0.856101463504702,0.494270410408059,-0.150953786239882));
#2622=DIRECTION('ref_axis',(-0.241487035965523,-0.640823471846025,-0.728717564898633));
#2623=DIRECTION('center_axis',(-0.856101463504708,0.494270410408051,-0.150953786239876));
#2624=DIRECTION('ref_axis',(0.173648177666922,-1.2490009027033E-16,-0.98480775301221));
#2625=DIRECTION('',(0.856101463504702,-0.494270410408059,0.150953786239882));
#2626=DIRECTION('center_axis',(-0.17364817766691,8.07839608586337E-14,0.984807753012212));
#2627=DIRECTION('ref_axis',(0.954812041558849,-0.244926867686378,0.168359124432157));
#2628=DIRECTION('center_axis',(-0.983851109619247,0.0440665258260968,-0.173479495625837));
#2629=DIRECTION('ref_axis',(0.173648177666932,-2.25514051876985E-17,-0.984807753012208));
#2630=DIRECTION('center_axis',(-0.173648177667375,-1.07551591865877E-11,
0.98480775301213));
#2631=DIRECTION('ref_axis',(-1.57217684551041E-6,-0.999999999998726,-2.77228114536986E-7));
#2632=DIRECTION('center_axis',(-0.984807753011986,6.71318283607263E-7,-0.173648177666893));
#2633=DIRECTION('ref_axis',(0.173648177666932,-1.05879118406787E-22,-0.984807753012208));
#2634=DIRECTION('center_axis',(-0.984807753012208,5.0540599975134E-16,-0.17364817766693));
#2635=DIRECTION('ref_axis',(0.122787803968972,-0.707106781186548,-0.696364240320019));
#2636=DIRECTION('center_axis',(-0.984807753012208,0.,-0.173648177666933));
#2637=DIRECTION('ref_axis',(0.173648177666933,0.,-0.984807753012208));
#2638=DIRECTION('',(0.984807753012208,-5.0540599975134E-16,0.17364817766693));
#2639=DIRECTION('center_axis',(0.,-1.,0.));
#2640=DIRECTION('ref_axis',(0.173648177666933,0.,-0.984807753012208));
#2641=DIRECTION('center_axis',(0.145378094325731,1.73354080764126E-16,-0.989376171984255));
#2642=DIRECTION('ref_axis',(0.989376171984255,-1.02519965907559E-14,0.145378094325731));
#2643=DIRECTION('center_axis',(-0.17364817766693,1.91292535311694E-16,0.984807753012208));
#2644=DIRECTION('ref_axis',(0.984807753012208,-1.07148911737904E-14,0.17364817766693));
#2645=DIRECTION('center_axis',(-3.09469832647777E-16,-1.,1.39675649799452E-16));
#2646=DIRECTION('ref_axis',(0.766044443118963,-3.26849422678791E-16,-0.642787609686557));
#2647=DIRECTION('center_axis',(0.,-1.,0.));
#2648=DIRECTION('ref_axis',(0.173648177666932,0.,-0.984807753012208));
#2649=DIRECTION('',(3.09469832647777E-16,1.,-1.39675649799452E-16));
#2650=DIRECTION('center_axis',(-3.09469832647777E-16,-1.,1.39675649799452E-16));
#2651=DIRECTION('ref_axis',(0.766044443118963,-3.26849422678791E-16,-0.642787609686557));
#2652=DIRECTION('center_axis',(0.,-1.,0.));
#2653=DIRECTION('ref_axis',(0.173648177666932,0.,-0.984807753012208));
#2654=DIRECTION('center_axis',(0.,1.,0.));
#2655=DIRECTION('ref_axis',(1.,0.,-2.66453525910041E-14));
#2656=DIRECTION('',(3.09469832647777E-16,1.,-1.39675649799452E-16));
#2657=DIRECTION('center_axis',(0.984807753012208,-1.02891555780283E-14,
0.173648177666931));
#2658=DIRECTION('ref_axis',(0.173648177666931,0.,-0.984807753012208));
#2659=DIRECTION('center_axis',(0.145378094325732,3.53290158409471E-15,-0.989376171984255));
#2660=DIRECTION('ref_axis',(0.989376171984255,-7.32285470768276E-15,0.145378094325732));
#2661=DIRECTION('center_axis',(-0.17364817766693,1.91292535311694E-16,0.984807753012208));
#2662=DIRECTION('ref_axis',(0.984807753012208,-7.21615119867518E-15,0.17364817766693));
#2663=DIRECTION('center_axis',(0.984807753012208,-5.0540599975134E-16,0.17364817766693));
#2664=DIRECTION('ref_axis',(0.122787803968973,0.707106781186545,-0.696364240320021));
#2665=DIRECTION('center_axis',(0.984807753012208,0.,0.173648177666932));
#2666=DIRECTION('ref_axis',(0.173648177666932,0.,-0.984807753012208));
#2667=DIRECTION('',(0.984807753012208,-5.0540599975134E-16,0.17364817766693));
#2668=DIRECTION('',(-0.984807753012208,5.0540599975134E-16,-0.17364817766693));
#2669=DIRECTION('center_axis',(-0.173648177667106,1.61856447710802E-11,
0.984807753012177));
#2670=DIRECTION('ref_axis',(-0.0434175094041899,0.999027682532367,-0.00765567835954772));
#2671=DIRECTION('center_axis',(0.983850169794877,0.0440881558784519,0.173479329909443));
#2672=DIRECTION('ref_axis',(0.173648177666932,4.33680868994202E-18,-0.984807753012208));
#2673=DIRECTION('center_axis',(0.159100562735744,3.02970518306792E-5,-0.987262381547711));
#2674=DIRECTION('ref_axis',(-6.44483994488704E-6,0.999999999539691,2.9649336086673E-5));
#2675=DIRECTION('center_axis',(-0.173648177666912,-1.04719071620338E-13,
0.984807753012211));
#2676=DIRECTION('ref_axis',(0.954811958462023,0.244927201698829,0.168359109779952));
#2677=DIRECTION('center_axis',(0.856096409464347,0.494279436321566,0.150952895076208));
#2678=DIRECTION('ref_axis',(0.173648177666932,2.63677968348475E-16,-0.984807753012208));
#2679=DIRECTION('center_axis',(0.856101463504703,0.494270410408058,0.150953786239882));
#2680=DIRECTION('ref_axis',(-0.241487035965518,0.640823471846021,-0.728717564898638));
#2681=DIRECTION('center_axis',(0.856101463504702,0.494270410408062,0.150953786239875));
#2682=DIRECTION('ref_axis',(0.173648177666922,1.66533453693773E-16,-0.98480775301221));
#2683=DIRECTION('',(0.856101463504703,0.494270410408058,0.150953786239882));
#2684=DIRECTION('',(-0.856101463504703,-0.494270410408058,-0.150953786239882));
#2685=DIRECTION('center_axis',(0.,1.,0.));
#2686=DIRECTION('ref_axis',(0.173648177666922,0.,-0.98480775301221));
#2687=DIRECTION('center_axis',(-0.17364817766693,1.91292535311694E-16,0.984807753012208));
#2688=DIRECTION('ref_axis',(-0.984807753012208,4.64676402944993E-15,-0.17364817766693));
#2689=DIRECTION('center_axis',(-6.57660027211203E-15,1.,-1.35387560031857E-15));
#2690=DIRECTION('ref_axis',(-0.642787609686548,-5.26448604907319E-15,-0.766044443118971));
#2691=DIRECTION('center_axis',(0.,1.,0.));
#2692=DIRECTION('ref_axis',(0.173648177666922,0.,-0.98480775301221));
#2693=DIRECTION('',(6.57660027211203E-15,-1.,1.35387560031857E-15));
#2694=DIRECTION('center_axis',(-0.984807753012209,0.,-0.173648177666923));
#2695=DIRECTION('ref_axis',(0.173648177666923,0.,-0.984807753012209));
#2696=DIRECTION('center_axis',(0.0878228363155441,0.,-0.996136109887345));
#2697=DIRECTION('ref_axis',(-0.996136109887345,0.,-0.0878228363155441));
#2698=DIRECTION('center_axis',(-0.17364817766693,1.91292535311694E-16,0.984807753012208));
#2699=DIRECTION('ref_axis',(-0.984807753012208,-1.77670389361321E-15,-0.17364817766693));
#2700=DIRECTION('center_axis',(-0.984807753012208,-3.85576410060276E-17,
-0.17364817766693));
#2701=DIRECTION('ref_axis',(0.122787803968972,-0.707106781186554,-0.696364240320013));
#2702=DIRECTION('center_axis',(-0.984807753012209,7.71152820120074E-16,
-0.173648177666925));
#2703=DIRECTION('ref_axis',(0.173648177666925,0.,-0.984807753012209));
#2704=DIRECTION('',(-0.984807753012208,-3.85576410060276E-17,-0.17364817766693));
#2705=DIRECTION('',(0.984807753012208,3.85576410060276E-17,0.17364817766693));
#2706=DIRECTION('center_axis',(0.984807753012209,0.,0.173648177666924));
#2707=DIRECTION('ref_axis',(0.173648177666924,0.,-0.984807753012209));
#2708=DIRECTION('center_axis',(-0.201495485512185,0.,0.979489443188751));
#2709=DIRECTION('ref_axis',(0.979489443188751,0.,0.201495485512185));
#2710=DIRECTION('center_axis',(0.17364817766693,-1.91292535311694E-16,-0.984807753012208));
#2711=DIRECTION('ref_axis',(0.984807753012208,3.85576410060276E-17,0.17364817766693));
#2712=DIRECTION('center_axis',(0.984807753012208,3.85576410060276E-17,0.17364817766693));
#2713=DIRECTION('ref_axis',(0.122787803968972,0.707106781186552,-0.696364240320015));
#2714=DIRECTION('',(-0.984807753012208,-3.85576410060276E-17,-0.17364817766693));
#2715=DIRECTION('',(0.984807753012208,3.85576410060276E-17,0.17364817766693));
#2716=DIRECTION('center_axis',(0.984807753012208,8.88178419700124E-15,0.17364817766693));
#2717=DIRECTION('ref_axis',(0.122787803968967,0.707106781186547,-0.696364240320021));
#2718=DIRECTION('center_axis',(0.984807753012208,8.74684993778817E-15,0.173648177666931));
#2719=DIRECTION('ref_axis',(0.173648177666931,0.,-0.984807753012208));
#2720=DIRECTION('',(0.984807753012208,8.88178419700124E-15,0.17364817766693));
#2721=DIRECTION('center_axis',(-0.984807753012208,-8.74684993778817E-15,
-0.173648177666932));
#2722=DIRECTION('ref_axis',(-8.88178419700128E-15,1.,0.));
#2723=DIRECTION('',(-0.984807753012208,-8.88178419700124E-15,-0.17364817766693));
#2724=DIRECTION('center_axis',(-0.17364817766693,1.91292535311694E-16,0.984807753012208));
#2725=DIRECTION('ref_axis',(0.984807753012208,0.,0.17364817766693));
#2726=DIRECTION('center_axis',(8.74684993778812E-15,-1.,1.54230564024024E-15));
#2727=DIRECTION('ref_axis',(0.173648177666935,6.90253292068385E-30,-0.984807753012207));
#2728=DIRECTION('center_axis',(-0.17364817766693,1.91292535311694E-16,0.984807753012208));
#2729=DIRECTION('ref_axis',(-0.696364240320012,-0.707106781186554,-0.122787803968971));
#2730=DIRECTION('center_axis',(0.17364817766693,-1.91292535311694E-16,-0.984807753012208));
#2731=DIRECTION('ref_axis',(-0.696364240320012,-0.707106781186554,-0.122787803968971));
#2732=DIRECTION('center_axis',(7.52602419152747E-15,-1.,1.52128465344149E-15));
#2733=DIRECTION('ref_axis',(0.81915204428899,5.29238507166161E-15,-0.573576436351048));
#2734=DIRECTION('center_axis',(8.74684993778814E-15,-1.,1.54230564024022E-15));
#2735=DIRECTION('ref_axis',(0.173648177666932,2.16936748935778E-30,-0.984807753012208));
#2736=DIRECTION('',(7.52602419152747E-15,-1.,1.52128465344149E-15));
#2737=DIRECTION('',(-7.52602419152747E-15,1.,-1.52128465344149E-15));
#2738=DIRECTION('center_axis',(-0.17364817766693,1.91292535311694E-16,0.984807753012208));
#2739=DIRECTION('ref_axis',(0.984807753012208,0.,0.17364817766693));
#2740=DIRECTION('center_axis',(-0.545402047558799,-0.832639244470256,-0.0961690963182597));
#2741=DIRECTION('ref_axis',(0.173648177666934,-5.55111512312579E-17,-0.984807753012207));
#2742=DIRECTION('center_axis',(-0.17364817766693,1.91292535311694E-16,0.984807753012208));
#2743=DIRECTION('ref_axis',(-0.944298747683599,0.283858846121928,-0.166505347065833));
#2744=DIRECTION('center_axis',(0.17364817766693,-1.91292535311694E-16,-0.984807753012208));
#2745=DIRECTION('ref_axis',(-0.944298747683599,0.283858846121928,-0.166505347065833));
#2746=DIRECTION('center_axis',(0.908003114204877,-0.387164810181047,0.160105447601632));
#2747=DIRECTION('ref_axis',(0.173648177666933,-4.16333634234434E-17,-0.984807753012208));
#2748=DIRECTION('center_axis',(-0.984807753012208,0.,-0.173648177666931));
#2749=DIRECTION('ref_axis',(0.173648177666931,0.,-0.984807753012208));
#2750=DIRECTION('center_axis',(-0.201495485512185,0.,0.979489443188751));
#2751=DIRECTION('ref_axis',(-0.979489443188751,0.,-0.201495485512185));
#2752=DIRECTION('center_axis',(0.17364817766693,-1.91292535311694E-16,-0.984807753012208));
#2753=DIRECTION('ref_axis',(-0.984807753012208,-3.85576410060276E-17,-0.17364817766693));
#2754=DIRECTION('center_axis',(-0.984807753012208,-3.85576410060276E-17,
-0.17364817766693));
#2755=DIRECTION('ref_axis',(0.122787803968974,-0.707106781186542,-0.696364240320024));
#2756=DIRECTION('center_axis',(-0.984807753012208,0.,-0.17364817766693));
#2757=DIRECTION('ref_axis',(0.17364817766693,0.,-0.984807753012208));
#2758=DIRECTION('',(-0.984807753012208,-3.85576410060276E-17,-0.17364817766693));
#2759=DIRECTION('',(0.984807753012208,3.85576410060276E-17,0.17364817766693));
#2760=DIRECTION('center_axis',(0.,-1.,0.));
#2761=DIRECTION('ref_axis',(0.173648177666932,0.,-0.984807753012208));
#2762=DIRECTION('center_axis',(0.0878228363155411,0.,-0.996136109887345));
#2763=DIRECTION('ref_axis',(0.996136109887346,-4.42373297942984E-15,0.0878228363155412));
#2764=DIRECTION('center_axis',(-0.17364817766693,1.91292535311694E-16,0.984807753012208));
#2765=DIRECTION('ref_axis',(0.984807753012208,-2.25504724958599E-15,0.17364817766693));
#2766=DIRECTION('center_axis',(-3.09469832647777E-16,-1.,1.39675649799452E-16));
#2767=DIRECTION('ref_axis',(0.766044443118963,-3.26849422678791E-16,-0.642787609686557));
#2768=DIRECTION('center_axis',(0.,-1.,0.));
#2769=DIRECTION('ref_axis',(0.173648177666932,0.,-0.984807753012208));
#2770=DIRECTION('',(3.09469832647777E-16,1.,-1.39675649799452E-16));
#2771=DIRECTION('center_axis',(0.984807753012208,-8.74684993778813E-15,
0.173648177666932));
#2772=DIRECTION('ref_axis',(0.173648177666932,-1.97215226305253E-31,-0.984807753012208));
#2773=DIRECTION('center_axis',(0.0878228363155415,3.90011739861602E-16,
-0.996136109887345));
#2774=DIRECTION('ref_axis',(0.996136109887345,-4.42373297942986E-15,0.0878228363155415));
#2775=DIRECTION('center_axis',(-0.17364817766693,1.91292535311694E-16,0.984807753012208));
#2776=DIRECTION('ref_axis',(0.984807753012208,-2.25504724958599E-15,0.17364817766693));
#2777=DIRECTION('center_axis',(0.984807753012208,3.85576410060276E-17,0.17364817766693));
#2778=DIRECTION('ref_axis',(0.122787803968972,0.707106781186553,-0.696364240320014));
#2779=DIRECTION('center_axis',(0.984807753012207,0.,0.173648177666934));
#2780=DIRECTION('ref_axis',(0.173648177666934,0.,-0.984807753012207));
#2781=DIRECTION('',(0.984807753012208,3.85576410060276E-17,0.17364817766693));
#2782=DIRECTION('',(-0.984807753012208,-3.85576410060276E-17,-0.17364817766693));
#2783=DIRECTION('center_axis',(-0.908003114267568,-0.38716481002945,-0.160105447612685));
#2784=DIRECTION('ref_axis',(0.173648177666932,-2.77555756156289E-17,-0.984807753012208));
#2785=DIRECTION('center_axis',(0.17364817766693,-1.91292535311694E-16,-0.984807753012208));
#2786=DIRECTION('ref_axis',(-0.984807753012208,-3.85576410060276E-17,-0.17364817766693));
#2787=DIRECTION('center_axis',(0.545402047528422,-0.832639244490773,0.0961690963128981));
#2788=DIRECTION('ref_axis',(0.173648177666925,1.66533453693773E-16,-0.984807753012209));
#2789=DIRECTION('center_axis',(-0.17364817766693,1.91292535311694E-16,0.984807753012208));
#2790=DIRECTION('ref_axis',(0.984807753012208,0.,0.17364817766693));
#2791=DIRECTION('center_axis',(4.3734249688941E-15,-1.,7.71152820120112E-16));
#2792=DIRECTION('ref_axis',(0.173648177666931,-9.86076131526265E-32,-0.984807753012208));
#2793=DIRECTION('center_axis',(-0.17364817766693,1.91292535311694E-16,0.984807753012208));
#2794=DIRECTION('ref_axis',(-0.944298747683598,-0.283858846121932,-0.166505347065833));
#2795=DIRECTION('center_axis',(0.17364817766693,-1.91292535311694E-16,-0.984807753012208));
#2796=DIRECTION('ref_axis',(-0.944298747683598,-0.283858846121932,-0.166505347065833));
#2797=DIRECTION('center_axis',(1.85659284776324E-15,-1.,5.21610942261611E-16));
#2798=DIRECTION('ref_axis',(0.819152044288992,1.22164808123345E-15,-0.573576436351046));
#2799=DIRECTION('center_axis',(0.,-1.,0.));
#2800=DIRECTION('ref_axis',(0.173648177666932,0.,-0.984807753012208));
#2801=DIRECTION('',(1.85659284776324E-15,-1.,5.21610942261611E-16));
#2802=DIRECTION('',(-1.85659284776324E-15,1.,-5.21610942261611E-16));
#2803=DIRECTION('center_axis',(-0.17364817766693,1.91292535311694E-16,0.984807753012208));
#2804=DIRECTION('ref_axis',(0.984807753012208,0.,0.17364817766693));
#2805=DIRECTION('center_axis',(-0.984807753012208,0.,-0.173648177666929));
#2806=DIRECTION('ref_axis',(0.173648177666929,0.,-0.984807753012208));
#2807=DIRECTION('center_axis',(-0.17364817766693,1.91292535311694E-16,0.984807753012208));
#2808=DIRECTION('ref_axis',(-0.696364240320021,0.707106781186545,-0.122787803968973));
#2809=DIRECTION('center_axis',(0.17364817766693,-1.91292535311694E-16,-0.984807753012208));
#2810=DIRECTION('ref_axis',(-0.696364240320021,0.707106781186545,-0.122787803968973));
#2811=DIRECTION('center_axis',(-0.984807753012208,-1.66533453693773E-15,
-0.17364817766693));
#2812=DIRECTION('ref_axis',(0.122787803968973,-0.707106781186552,-0.696364240320015));
#2813=DIRECTION('center_axis',(-0.984807753012208,0.,-0.173648177666932));
#2814=DIRECTION('ref_axis',(0.173648177666932,0.,-0.984807753012208));
#2815=DIRECTION('',(-0.984807753012208,-1.66533453693773E-15,-0.17364817766693));
#2816=DIRECTION('',(0.984807753012208,1.66533453693773E-15,0.17364817766693));
#2817=DIRECTION('center_axis',(0.,0.,1.));
#2818=DIRECTION('ref_axis',(1.,0.,0.));
#2819=DIRECTION('center_axis',(-2.54010081489943E-14,-1.54230564024042E-15,
-1.));
#2820=DIRECTION('ref_axis',(0.707106781186539,0.707106781186556,-1.90517998880047E-14));
#2821=DIRECTION('center_axis',(0.,0.,1.));
#2822=DIRECTION('ref_axis',(1.,0.,0.));
#2823=DIRECTION('center_axis',(-2.54010081489943E-14,-2.89182307545079E-16,
-1.));
#2824=DIRECTION('ref_axis',(0.707106781186548,-0.707106781186548,-1.77567423404643E-14));
#2825=DIRECTION('center_axis',(2.54010081489943E-14,2.22044604925031E-16,
1.));
#2826=DIRECTION('ref_axis',(-0.707106781186544,-0.707106781186551,1.81182343569969E-14));
#2827=DIRECTION('',(2.54010081489943E-14,2.22044604925031E-16,1.));
#2828=DIRECTION('center_axis',(1.02525522050125E-13,2.77555756156373E-16,
1.));
#2829=DIRECTION('ref_axis',(-0.707106781186544,-0.707106781186551,7.26927534436695E-14));
#2830=DIRECTION('center_axis',(-2.27652390383525E-29,1.,-2.22044604925031E-16));
#2831=DIRECTION('ref_axis',(1.,-5.88545355016423E-44,-1.02525522050125E-13));
#2832=DIRECTION('',(-1.02140518265514E-13,-2.22044604925031E-16,-1.));
#2833=DIRECTION('',(-1.,0.,1.02525522050125E-13));
#2834=DIRECTION('center_axis',(-1.02140518265514E-13,-2.22044604925031E-16,
-1.));
#2835=DIRECTION('ref_axis',(1.,1.22464679914735E-16,-1.02140518265514E-13));
#2836=DIRECTION('',(-1.02140518265514E-13,-2.22044604925031E-16,-1.));
#2837=DIRECTION('center_axis',(-1.02525522050125E-13,-2.77555756156373E-16,
-1.));
#2838=DIRECTION('ref_axis',(-1.,0.,1.02525522050125E-13));
#2839=DIRECTION('center_axis',(2.27652390383525E-29,-1.,2.22044604925031E-16));
#2840=DIRECTION('ref_axis',(-1.,5.88545355016423E-44,1.02525522050125E-13));
#2841=DIRECTION('',(-2.54010081489943E-14,-2.22044604925031E-16,-1.));
#2842=DIRECTION('',(-1.,0.,1.02525522050125E-13));
#2843=DIRECTION('center_axis',(-2.54010081489943E-14,-2.22044604925031E-16,
-1.));
#2844=DIRECTION('ref_axis',(-0.707106781186548,0.707106781186548,1.78042158652602E-14));
#2845=DIRECTION('center_axis',(1.02525522050125E-13,2.77555756156373E-16,
1.));
#2846=DIRECTION('ref_axis',(-0.707106781186548,0.707106781186548,7.23002303289988E-14));
#2847=DIRECTION('center_axis',(2.54010081489943E-14,2.22044604925031E-16,
1.));
#2848=DIRECTION('ref_axis',(-0.707106781186544,-0.707106781186551,1.81182343569969E-14));
#2849=DIRECTION('',(2.54010081489943E-14,2.22044604925031E-16,1.));
#2850=DIRECTION('center_axis',(1.02525522050125E-13,2.77555756156373E-16,
1.));
#2851=DIRECTION('ref_axis',(-0.707106781186544,-0.707106781186551,7.26927534436695E-14));
#2852=DIRECTION('center_axis',(-2.27652390383525E-29,1.,-2.22044604925031E-16));
#2853=DIRECTION('ref_axis',(1.,-5.88545355016423E-44,-1.02525522050125E-13));
#2854=DIRECTION('',(-1.02140518265514E-13,-2.22044604925031E-16,-1.));
#2855=DIRECTION('',(-1.,0.,1.02525522050125E-13));
#2856=DIRECTION('center_axis',(-1.02140518265514E-13,-2.22044604925031E-16,
-1.));
#2857=DIRECTION('ref_axis',(1.,1.22464679914735E-16,-1.02140518265514E-13));
#2858=DIRECTION('',(-1.02140518265514E-13,-2.22044604925031E-16,-1.));
#2859=DIRECTION('center_axis',(-1.02525522050125E-13,-2.77555756156373E-16,
-1.));
#2860=DIRECTION('ref_axis',(-1.,0.,1.02525522050125E-13));
#2861=DIRECTION('center_axis',(2.27652390383525E-29,-1.,2.22044604925031E-16));
#2862=DIRECTION('ref_axis',(-1.,5.88545355016423E-44,1.02525522050125E-13));
#2863=DIRECTION('',(-2.54010081489943E-14,-2.22044604925031E-16,-1.));
#2864=DIRECTION('',(-1.,0.,1.02525522050125E-13));
#2865=DIRECTION('center_axis',(-2.54010081489943E-14,-2.22044604925031E-16,
-1.));
#2866=DIRECTION('ref_axis',(-0.707106781186548,0.707106781186548,1.78042158652602E-14));
#2867=DIRECTION('center_axis',(1.02525522050125E-13,2.77555756156373E-16,
1.));
#2868=DIRECTION('ref_axis',(-0.707106781186548,0.707106781186548,7.23002303289988E-14));
#2869=DIRECTION('center_axis',(-2.54010081489943E-14,9.76961851884398E-16,
-1.));
#2870=DIRECTION('ref_axis',(0.707106781186547,-0.707106781186547,-1.86520414615566E-14));
#2871=DIRECTION('center_axis',(2.54010081489943E-14,1.54230564024042E-15,
1.));
#2872=DIRECTION('ref_axis',(0.707106781186541,0.707106781186554,-1.90517998880047E-14));
#2873=DIRECTION('',(2.54010081489943E-14,1.54230564024042E-15,1.));
#2874=DIRECTION('center_axis',(8.74684993778813E-15,-1.,1.5423056402402E-15));
#2875=DIRECTION('ref_axis',(0.984807753012208,8.88178419700124E-15,0.17364817766693));
#2876=DIRECTION('',(-0.17364817766693,0.,0.984807753012208));
#2877=DIRECTION('center_axis',(-0.17364817766693,1.91292535311694E-16,0.984807753012208));
#2878=DIRECTION('ref_axis',(0.984807753012208,0.,0.17364817766693));
#2879=DIRECTION('center_axis',(-2.54010081489943E-14,-2.89182307545079E-16,
-1.));
#2880=DIRECTION('ref_axis',(0.707106781186548,-0.707106781186548,-1.77567423404643E-14));
#2881=DIRECTION('center_axis',(-0.17364817766693,0.,0.984807753012208));
#2882=DIRECTION('ref_axis',(0.984807753012208,0.,0.17364817766693));
#2883=DIRECTION('',(-2.54010081489943E-14,-2.89182307545079E-16,-1.));
#2884=DIRECTION('center_axis',(2.27652390383525E-29,-1.,2.22044604925031E-16));
#2885=DIRECTION('ref_axis',(-1.,5.88545355016423E-44,1.02525522050125E-13));
#2886=DIRECTION('',(-1.02584607475364E-13,-2.22044604925031E-16,-1.));
#2887=DIRECTION('',(1.,0.,-1.02525522050125E-13));
#2888=DIRECTION('',(2.54010081489943E-14,2.22044604925031E-16,1.));
#2889=DIRECTION('center_axis',(-1.02584607475364E-13,-2.22044604925031E-16,
-1.));
#2890=DIRECTION('ref_axis',(-1.,1.31195999041952E-32,1.02584607475364E-13));
#2891=DIRECTION('',(-1.02584607475364E-13,-2.22044604925031E-16,-1.));
#2892=DIRECTION('center_axis',(-1.02525522050125E-13,-2.77555756156373E-16,
-1.));
#2893=DIRECTION('ref_axis',(-1.,0.,1.02525522050125E-13));
#2894=DIRECTION('center_axis',(-0.17364817766693,0.,0.984807753012208));
#2895=DIRECTION('ref_axis',(-2.18671248444702E-15,-1.,-3.85576410060048E-16));
#2896=DIRECTION('',(-0.17364817766693,0.,0.984807753012208));
#2897=DIRECTION('center_axis',(-0.17364817766693,0.,0.984807753012208));
#2898=DIRECTION('ref_axis',(-2.18671248444702E-15,-1.,-3.85576410060048E-16));
#2899=DIRECTION('center_axis',(-1.64003436333527E-15,1.,-2.89182307545037E-16));
#2900=DIRECTION('ref_axis',(-0.984807753012208,-1.66533453693773E-15,-0.17364817766693));
#2901=DIRECTION('',(-0.984807753012208,-1.66533453693773E-15,-0.17364817766693));
#2902=DIRECTION('',(-0.17364817766693,0.,0.984807753012208));
#2903=DIRECTION('center_axis',(-0.984807753012208,-1.91896382023912E-15,
-0.17364817766693));
#2904=DIRECTION('ref_axis',(1.88981044792141E-15,-1.,3.33224570393292E-16));
#2905=DIRECTION('',(-0.17364817766693,0.,0.984807753012208));
#2906=DIRECTION('',(1.88981044792141E-15,-1.,3.33224570393292E-16));
#2907=DIRECTION('center_axis',(-0.17364817766693,0.,0.984807753012208));
#2908=DIRECTION('ref_axis',(-0.984807753012208,-2.2204460492503E-15,-0.17364817766693));
#2909=DIRECTION('center_axis',(-0.17364817766693,0.,0.984807753012208));
#2910=DIRECTION('ref_axis',(-0.984807753012208,-2.2204460492503E-15,-0.17364817766693));
#2911=DIRECTION('center_axis',(0.17364817766693,0.,-0.984807753012208));
#2912=DIRECTION('ref_axis',(0.,1.,0.));
#2913=DIRECTION('center_axis',(-0.17364817766693,0.,0.984807753012208));
#2914=DIRECTION('ref_axis',(8.7468499377881E-15,-1.,1.5423056402402E-15));
#2915=DIRECTION('',(-0.17364817766693,0.,0.984807753012208));
#2916=DIRECTION('center_axis',(-0.984807753012208,-7.67585528095647E-15,
-0.17364817766693));
#2917=DIRECTION('ref_axis',(7.55924179168563E-15,-1.,1.33289828157317E-15));
#2918=DIRECTION('',(-0.17364817766693,0.,0.984807753012208));
#2919=DIRECTION('center_axis',(-0.17364817766693,0.,0.984807753012208));
#2920=DIRECTION('ref_axis',(-0.984807753012208,-8.8817841970012E-15,-0.17364817766693));
#2921=DIRECTION('center_axis',(-2.54010081489943E-14,-2.22044604925031E-16,
-1.));
#2922=DIRECTION('ref_axis',(0.707106781186546,-0.707106781186549,-1.78042158652602E-14));
#2923=DIRECTION('center_axis',(1.02525522050125E-13,2.77555756156373E-16,
1.));
#2924=DIRECTION('ref_axis',(0.707106781186546,-0.707106781186549,-7.23002303289986E-14));
#2925=DIRECTION('',(-2.54010081489943E-14,-2.22044604925031E-16,-1.));
#2926=DIRECTION('center_axis',(2.54010081489943E-14,2.22044604925031E-16,
1.));
#2927=DIRECTION('ref_axis',(0.707106781186546,0.707106781186549,-1.8118234356997E-14));
#2928=DIRECTION('center_axis',(1.02525522050125E-13,2.77555756156373E-16,
1.));
#2929=DIRECTION('ref_axis',(0.707106781186546,0.707106781186549,-7.26927534436697E-14));
#2930=DIRECTION('center_axis',(2.54010081489943E-14,2.22044604925031E-16,
1.));
#2931=DIRECTION('ref_axis',(0.707106781186549,0.707106781186546,-1.8118234356997E-14));
#2932=DIRECTION('',(2.54010081489943E-14,2.22044604925031E-16,1.));
#2933=DIRECTION('center_axis',(1.02525522050125E-13,2.77555756156373E-16,
1.));
#2934=DIRECTION('ref_axis',(0.707106781186549,0.707106781186546,-7.269275344367E-14));
#2935=DIRECTION('center_axis',(2.27652390383525E-29,-1.,2.22044604925031E-16));
#2936=DIRECTION('ref_axis',(-1.,5.88545355016423E-44,1.02525522050125E-13));
#2937=DIRECTION('',(1.,0.,-1.02525522050125E-13));
#2938=DIRECTION('center_axis',(-1.02525522050125E-13,-2.77555756156373E-16,
-1.));
#2939=DIRECTION('ref_axis',(-1.,0.,1.02525522050125E-13));
#2940=DIRECTION('center_axis',(-1.02525522050125E-13,-2.77555756156373E-16,
-1.));
#2941=DIRECTION('ref_axis',(1.,-2.22778898832928E-29,-1.02525522050125E-13));
#2942=DIRECTION('center_axis',(-1.02525522050125E-13,-2.77555756156373E-16,
-1.));
#2943=DIRECTION('ref_axis',(-1.,0.,1.02525522050125E-13));
#2944=DIRECTION('center_axis',(-1.02525522050125E-13,-2.77555756156373E-16,
-1.));
#2945=DIRECTION('ref_axis',(1.,-2.22778898832928E-29,-1.02525522050125E-13));
#2946=DIRECTION('center_axis',(-1.02525522050125E-13,-2.77555756156373E-16,
-1.));
#2947=DIRECTION('ref_axis',(-1.,0.,1.02525522050125E-13));
#2948=DIRECTION('center_axis',(-1.02525522050125E-13,-2.77555756156373E-16,
-1.));
#2949=DIRECTION('ref_axis',(1.,-2.22778898832928E-29,-1.02525522050125E-13));
#2950=DIRECTION('center_axis',(-2.27652390383525E-29,1.,-2.22044604925031E-16));
#2951=DIRECTION('ref_axis',(1.,-5.88545355016423E-44,-1.02525522050125E-13));
#2952=DIRECTION('',(1.,0.,-1.02525522050125E-13));
#2953=DIRECTION('center_axis',(-1.02525522050125E-13,-2.77555756156373E-16,
-1.));
#2954=DIRECTION('ref_axis',(-1.,0.,1.02525522050125E-13));
#2955=DIRECTION('center_axis',(-1.02525522050125E-13,-2.77555756156373E-16,
-1.));
#2956=DIRECTION('ref_axis',(1.,-2.22778898832928E-29,-1.02525522050125E-13));
#2957=DIRECTION('center_axis',(-2.54010081489943E-14,9.76961851884398E-16,
-1.));
#2958=DIRECTION('ref_axis',(0.707106781186547,0.707106781186547,-1.72704087607006E-14));
#2959=DIRECTION('',(2.54010081489943E-14,-9.76961851884398E-16,1.));
#2960=DIRECTION('center_axis',(-0.499999999999991,0.866025403784444,1.35465778567571E-14));
#2961=DIRECTION('ref_axis',(0.866025403784444,0.499999999999991,-2.16007487651899E-14));
#2962=DIRECTION('',(-2.54010081489943E-14,9.76961851884398E-16,-1.));
#2963=DIRECTION('',(-2.54010081489943E-14,9.76961851884398E-16,-1.));
#2964=DIRECTION('center_axis',(-2.54010081489943E-14,9.76961851884398E-16,
-1.));
#2965=DIRECTION('ref_axis',(1.,-8.71537109271821E-31,-2.54010081489943E-14));
#2966=DIRECTION('',(-2.54010081489943E-14,9.76961851884398E-16,-1.));
#2967=DIRECTION('center_axis',(-2.54010081489943E-14,9.76961851884398E-16,
-1.));
#2968=DIRECTION('ref_axis',(1.,-8.71537109271821E-31,-2.54010081489943E-14));
#2969=DIRECTION('',(-2.54010081489943E-14,9.76961851884398E-16,-1.));
#2970=DIRECTION('center_axis',(-2.54010081489943E-14,9.76961851884398E-16,
-1.));
#2971=DIRECTION('ref_axis',(1.,-8.71537109271821E-31,-2.54010081489943E-14));
#2972=DIRECTION('',(-2.54010081489943E-14,9.76961851884398E-16,-1.));
#2973=DIRECTION('center_axis',(-2.54010081489943E-14,9.76961851884398E-16,
-1.));
#2974=DIRECTION('ref_axis',(1.,-8.71537109271821E-31,-2.54010081489943E-14));
#2975=DIRECTION('',(-2.54010081489943E-14,9.76961851884398E-16,-1.));
#2976=DIRECTION('center_axis',(3.40937968344106E-16,1.,9.76961851884389E-16));
#2977=DIRECTION('ref_axis',(1.,-3.40937968344081E-16,-2.54786576957861E-14));
#2978=DIRECTION('',(-2.54010081489943E-14,9.76961851884398E-16,-1.));
#2979=DIRECTION('center_axis',(-1.73912087942902E-14,7.99923055508363E-18,
-1.));
#2980=DIRECTION('ref_axis',(-0.0447669340452386,0.998997458263127,7.64255615820709E-16));
#2981=CARTESIAN_POINT('',(0.,0.,0.));
#2982=CARTESIAN_POINT('Origin',(-29.0516446512773,24.6908099805605,22.9840280312814));
#2983=CARTESIAN_POINT('',(-28.5516446512773,18.5908099804329,22.9840280312814));
#2984=CARTESIAN_POINT('',(-28.9648205624438,18.5908099804329,22.4916241547753));
#2985=CARTESIAN_POINT('Origin',(-29.0516446512773,18.5908099804329,22.9840280312814));
#2986=CARTESIAN_POINT('',(-28.9648205624438,24.2555128852426,22.4916241547753));
#2987=CARTESIAN_POINT('',(-28.9648205624438,24.6908099805605,22.4916241547753));
#2988=CARTESIAN_POINT('',(-28.5516446512773,24.7479167617487,22.9840280312814));
#2989=CARTESIAN_POINT('Origin',(-29.0516446512773,24.7479167617487,22.9840280312814));
#2990=CARTESIAN_POINT('',(-28.5516446512773,24.6908099805605,22.9840280312814));
#2991=CARTESIAN_POINT('Ctrl Pts',(-28.551646795529,18.5928405838146,22.9841033719794));
#2992=CARTESIAN_POINT('Ctrl Pts',(-28.5511727138111,18.3677641725537,22.9841451641442));
#2993=CARTESIAN_POINT('Ctrl Pts',(-28.7339672391895,17.8415344637337,22.9680311090931));
#2994=CARTESIAN_POINT('Ctrl Pts',(-29.2537997823794,17.5901567735309,22.9222057569114));
#2995=CARTESIAN_POINT('Ctrl Pts',(-29.5536900448084,17.5908122222176,22.8957692113709));
#2996=CARTESIAN_POINT('Ctrl Pts',(-28.5516283562697,18.5928002349893,22.867722757214));
#2997=CARTESIAN_POINT('Ctrl Pts',(-28.5511765283194,18.3721957015358,22.8677695737681));
#2998=CARTESIAN_POINT('Ctrl Pts',(-28.7253836536812,17.8567936676443,22.8497187692837));
#2999=CARTESIAN_POINT('Ctrl Pts',(-29.2314662745764,17.5970697235635,22.7975569815751));
#3000=CARTESIAN_POINT('Ctrl Pts',(-29.5309517355693,17.5907414955225,22.7668008028108));
#3001=CARTESIAN_POINT('Ctrl Pts',(-28.6365299446367,18.5925427529372,22.6351208715384));
#3002=CARTESIAN_POINT('Ctrl Pts',(-28.6361482967486,18.4004787518948,22.6351777082472));
#3003=CARTESIAN_POINT('Ctrl Pts',(-28.7832905613041,17.9512874813277,22.6132644103172));
#3004=CARTESIAN_POINT('Ctrl Pts',(-29.2203362176767,17.7115665711436,22.5485094734826));
#3005=CARTESIAN_POINT('Ctrl Pts',(-29.4853567173092,17.6993648726808,22.5094866200643));
#3006=CARTESIAN_POINT('Ctrl Pts',(-28.8511032895635,18.5920635086017,22.5113266876954));
#3007=CARTESIAN_POINT('Ctrl Pts',(-28.8508190315177,18.4531196496905,22.5113767614158));
#3008=CARTESIAN_POINT('Ctrl Pts',(-28.9604181419804,18.1283667355067,22.492070232919));
#3009=CARTESIAN_POINT('Ctrl Pts',(-29.2782461578379,17.9648857867857,22.4360875596827));
#3010=CARTESIAN_POINT('Ctrl Pts',(-29.4660155635122,17.9609413961522,22.4028021796797));
#3011=CARTESIAN_POINT('Ctrl Pts',(-28.9662180882648,18.5918223427128,22.4913798626034));
#3012=CARTESIAN_POINT('Ctrl Pts',(-28.9659816347481,18.4796099489934,22.491421556592));
#3013=CARTESIAN_POINT('Ctrl Pts',(-29.0571524788228,18.2172557679359,22.4753453477155));
#3014=CARTESIAN_POINT('Ctrl Pts',(-29.3163528312711,18.0920283905613,22.4296403059965));
#3015=CARTESIAN_POINT('Ctrl Pts',(-29.4658332015733,18.0924062874457,22.4032848475327));
#3016=CARTESIAN_POINT('',(-29.5516446512773,17.5908099804329,22.8958645409272));
#3017=CARTESIAN_POINT('',(-29.4648205624438,18.0908099804329,22.4034606644211));
#3018=CARTESIAN_POINT('Origin',(-29.5516446512773,18.0908099804329,22.8958645409272));
#3019=CARTESIAN_POINT('Origin',(-29.4648205624438,18.5908099804329,22.4034606644211));
#3020=CARTESIAN_POINT('Origin',(-29.5516446512773,18.5908099804329,22.8958645409272));
#3021=CARTESIAN_POINT('Origin',(-29.7650848420026,18.0908099804329,22.8582292765348));
#3022=CARTESIAN_POINT('',(-31.5516446512771,17.5908099804329,22.5432105795103));
#3023=CARTESIAN_POINT('',(-31.4648205624436,18.0908099804329,22.0508067030042));
#3024=CARTESIAN_POINT('Origin',(-31.5516446512771,18.0908099804329,22.5432105795103));
#3025=CARTESIAN_POINT('',(-29.6782607531692,18.0908099804329,22.3658254000287));
#3026=CARTESIAN_POINT('',(-29.7650848420026,17.5908099804329,22.8582292765348));
#3027=CARTESIAN_POINT('Ctrl Pts',(-31.5515623914913,17.590809979823,22.5432505260391));
#3028=CARTESIAN_POINT('Ctrl Pts',(-32.0414403304145,17.5908236724506,22.4424749649074));
#3029=CARTESIAN_POINT('Ctrl Pts',(-32.5308564962757,17.4685045453196,22.3417943542775));
#3030=CARTESIAN_POINT('Ctrl Pts',(-32.963126035139,17.2380198900821,22.2528696827351));
#3031=CARTESIAN_POINT('Ctrl Pts',(-31.5288305383634,17.5908030809594,22.4143316081343));
#3032=CARTESIAN_POINT('Ctrl Pts',(-32.0189497844338,17.5946129187773,22.315906129349));
#3033=CARTESIAN_POINT('Ctrl Pts',(-32.5109278259062,17.4755226030538,22.2173480646376));
#3034=CARTESIAN_POINT('Ctrl Pts',(-32.9462889349804,17.2469910399709,22.1302540716494));
#3035=CARTESIAN_POINT('Ctrl Pts',(-31.4835637943592,17.699251633147,22.1576290542674));
#3036=CARTESIAN_POINT('Ctrl Pts',(-31.9924247185321,17.7062105062679,22.0636923584616));
#3037=CARTESIAN_POINT('Ctrl Pts',(-32.5041743118618,17.5859124962384,21.9694620395433));
#3038=CARTESIAN_POINT('Ctrl Pts',(-32.9583405746513,17.3504069862377,21.8858830303156));
#3039=CARTESIAN_POINT('Ctrl Pts',(-31.4647236732201,17.9599098653488,22.0508237734248));
#3040=CARTESIAN_POINT('Ctrl Pts',(-32.0154925654047,17.9623121706872,21.9537866102195));
#3041=CARTESIAN_POINT('Ctrl Pts',(-32.5669858335839,17.8270431745052,21.8564064138556));
#3042=CARTESIAN_POINT('Ctrl Pts',(-33.0547354139539,17.5693641154602,21.7704618280001));
#3043=CARTESIAN_POINT('Ctrl Pts',(-31.464720022017,18.0908099789607,22.0508244309941));
#3044=CARTESIAN_POINT('Ctrl Pts',(-32.0362443327192,18.0908267169555,21.9500492748864));
#3045=CARTESIAN_POINT('Ctrl Pts',(-32.6072303747562,17.9481217178064,21.8493690300674));
#3046=CARTESIAN_POINT('Ctrl Pts',(-33.1115454584561,17.6792233460068,21.7604446740329));
#3047=CARTESIAN_POINT('',(-32.96304708964,17.2380619814678,22.2528641939023));
#3048=CARTESIAN_POINT('',(-32.3973591714508,17.9642097726793,21.8863749856839));
#3049=CARTESIAN_POINT('Ctrl Pts',(-32.397690450732,17.9636681350529,21.8863165722085));
#3050=CARTESIAN_POINT('Ctrl Pts',(-32.4086059395314,17.9056561635611,21.8843927266099));
#3051=CARTESIAN_POINT('Ctrl Pts',(-32.4255783435277,17.8488345665093,21.8903430331164));
#3052=CARTESIAN_POINT('Ctrl Pts',(-32.479402959796,17.7158202210872,21.9173173873144));
#3053=CARTESIAN_POINT('Ctrl Pts',(-32.5297602113895,17.6232093186893,21.9480053393211));
#3054=CARTESIAN_POINT('Ctrl Pts',(-32.7032109829716,17.4122276664598,22.0690127204625));
#3055=CARTESIAN_POINT('Ctrl Pts',(-32.8247276300185,17.3123510908488,22.1606908244302));
#3056=CARTESIAN_POINT('Ctrl Pts',(-32.9609476664291,17.2391833878839,22.2514670698947));
#3057=CARTESIAN_POINT('Ctrl Pts',(-32.9619969336647,17.2386218800735,22.252165658438));
#3058=CARTESIAN_POINT('Ctrl Pts',(-32.9630470896399,17.2380619814679,22.2528641939023));
#3059=CARTESIAN_POINT('Origin',(-31.4648205624436,14.5908099804329,22.0508067030042));
#3060=CARTESIAN_POINT('Origin',(-31.5516446512771,14.5908099804329,22.5432105795103));
#3061=CARTESIAN_POINT('Origin',(-31.551644651277,14.5908099804329,23.3604608972008));
#3062=CARTESIAN_POINT('',(-32.9196495349254,17.2607459725252,21.7942810559154));
#3063=CARTESIAN_POINT('Ctrl Pts',(-32.9196495349245,17.2607459725256,21.7942810559067));
#3064=CARTESIAN_POINT('Ctrl Pts',(-32.9342492880938,17.2532658670722,21.9471262494516));
#3065=CARTESIAN_POINT('Ctrl Pts',(-32.9487159910943,17.2457027151131,22.099987110862));
#3066=CARTESIAN_POINT('Ctrl Pts',(-32.9630470896398,17.2380619814679,22.2528641939024));
#3067=CARTESIAN_POINT('',(-31.551644651277,17.5908099804329,23.3604608972008));
#3068=CARTESIAN_POINT('',(-31.551644651277,17.5908099804329,23.3604608972008));
#3069=CARTESIAN_POINT('',(-31.551644651277,11.5908099804329,23.3604608972008));
#3070=CARTESIAN_POINT('Origin',(-31.551644651277,14.5908099804329,23.3604608972008));
#3071=CARTESIAN_POINT('',(-31.5516446512773,11.5908099804329,20.1061867109845));
#3072=CARTESIAN_POINT('',(-31.551644651277,11.5908099804329,23.3604608972008));
#3073=CARTESIAN_POINT('',(-32.7283182684834,17.3504184999672,19.8641275208462));
#3074=CARTESIAN_POINT('Origin',(-31.5516446512773,14.5908099804329,20.1061867109845));
#3075=CARTESIAN_POINT('Ctrl Pts',(-32.9196495349262,17.2607459725247,21.794281055924));
#3076=CARTESIAN_POINT('Ctrl Pts',(-32.8581683063067,17.2922455511918,21.1506324833259));
#3077=CARTESIAN_POINT('Ctrl Pts',(-32.7943276347489,17.3222724260424,20.5072617565575));
#3078=CARTESIAN_POINT('Ctrl Pts',(-32.7283182685247,17.3504184967817,19.8641275217419));
#3079=CARTESIAN_POINT('Origin',(-31.551644651277,17.5908099804329,23.3604608972008));
#3080=CARTESIAN_POINT('',(-29.5516446512772,17.5908099804329,23.3604608972006));
#3081=CARTESIAN_POINT('',(-29.5516446512772,17.5908099804329,24.6104608972009));
#3082=CARTESIAN_POINT('',(-31.551644651277,17.5908099804329,23.3604608972008));
#3083=CARTESIAN_POINT('Origin',(-29.5516446512772,18.5908099804329,24.6104608972009));
#3084=CARTESIAN_POINT('',(-28.5516446512772,18.5908099804329,23.3604608972005));
#3085=CARTESIAN_POINT('',(-28.5516446512772,18.5908099804329,24.6104608972009));
#3086=CARTESIAN_POINT('Origin',(-29.5516446512772,18.5908099804329,23.3604608972007));
#3087=CARTESIAN_POINT('Origin',(-28.5516446512772,28.2908099805588,25.8604608972011));
#3088=CARTESIAN_POINT('',(-28.5516446512773,24.7479167617487,20.5470041627556));
#3089=CARTESIAN_POINT('',(-28.5516446512772,24.7479167617487,23.5106820814744));
#3090=CARTESIAN_POINT('',(-28.5516446512773,25.2908099805588,20.5470041627556));
#3091=CARTESIAN_POINT('',(-28.5516446512773,13.9408099805427,20.5470041627556));
#3092=CARTESIAN_POINT('',(-28.5516446512772,25.2908099805588,25.3604608972011));
#3093=CARTESIAN_POINT('',(-28.5516446512772,25.2908099805588,25.8604608972011));
#3094=CARTESIAN_POINT('',(-28.5516446512772,-26.1091900195057,25.3604608972011));
#3095=CARTESIAN_POINT('',(-28.5516446512772,13.9408099805427,25.3604608972011));
#3096=CARTESIAN_POINT('',(-28.5516446512773,-26.1091900195057,20.5470041627556));
#3097=CARTESIAN_POINT('',(-28.5516446512772,-26.1091900195057,25.8604608972011));
#3098=CARTESIAN_POINT('',(-28.5516446512773,-25.566296800883,20.5470041627556));
#3099=CARTESIAN_POINT('',(-28.5516446512773,13.9408099805427,20.5470041627556));
#3100=CARTESIAN_POINT('',(-28.5516446512773,-25.566296800883,22.9840280312814));
#3101=CARTESIAN_POINT('',(-28.5516446512773,-25.566296800883,22.8160893708067));
#3102=CARTESIAN_POINT('',(-28.5516446512773,-19.4091900195671,22.9840280312814));
#3103=CARTESIAN_POINT('',(-28.5516446512773,3.19080998043117,22.9840280312814));
#3104=CARTESIAN_POINT('',(-28.5516446512773,-19.4091900195671,23.3604608972005));
#3105=CARTESIAN_POINT('',(-28.5516446512772,-19.4091900195671,24.6104608972008));
#3106=CARTESIAN_POINT('',(-28.5516446512773,-11.4091900195671,23.3604608972005));
#3107=CARTESIAN_POINT('',(-28.5516446512772,6.44080998049583,23.3604608972005));
#3108=CARTESIAN_POINT('',(-28.5516446512773,-11.4091900195671,20.5470041627556));
#3109=CARTESIAN_POINT('',(-28.5516446512772,-11.4091900195671,24.6104608972009));
#3110=CARTESIAN_POINT('',(-28.5516446512773,10.5908099804329,20.5470041627556));
#3111=CARTESIAN_POINT('',(-28.5516446512773,13.9408099805427,20.5470041627556));
#3112=CARTESIAN_POINT('',(-28.5516446512772,10.5908099804329,23.3604608972005));
#3113=CARTESIAN_POINT('',(-28.5516446512772,10.5908099804329,24.6104608972008));
#3114=CARTESIAN_POINT('',(-28.5516446512772,21.4408099804958,23.3604608972005));
#3115=CARTESIAN_POINT('Origin',(-29.0516446512773,3.19080998043117,22.9840280312814));
#3116=CARTESIAN_POINT('',(-28.9648205624438,-19.4091900195671,22.4916241547753));
#3117=CARTESIAN_POINT('Origin',(-29.0516446512773,-19.4091900195671,22.9840280312814));
#3118=CARTESIAN_POINT('',(-28.9648205624438,-25.0738929243769,22.4916241547753));
#3119=CARTESIAN_POINT('Origin',(-29.0516446512773,-25.566296800883,22.9840280312814));
#3120=CARTESIAN_POINT('',(-28.9648205624438,3.19080998043117,22.4916241547753));
#3121=CARTESIAN_POINT('Ctrl Pts',(-29.5536906653873,-18.409192262709,22.8957690396506));
#3122=CARTESIAN_POINT('Ctrl Pts',(-29.2538001786104,-18.40853660853,22.9222056088595));
#3123=CARTESIAN_POINT('Ctrl Pts',(-28.7339697564855,-18.659916623229,22.9680307807776));
#3124=CARTESIAN_POINT('Ctrl Pts',(-28.5511725581733,-19.1861446381831,22.9841450738924));
#3125=CARTESIAN_POINT('Ctrl Pts',(-28.5516467968937,-19.4112212637792,22.9841032678809));
#3126=CARTESIAN_POINT('Ctrl Pts',(-29.5309523619992,-18.409121553217,22.7668006603865));
#3127=CARTESIAN_POINT('Ctrl Pts',(-29.2314666787755,-18.4154495810694,22.7975568652579));
#3128=CARTESIAN_POINT('Ctrl Pts',(-28.7253852102209,-18.675175206495,22.849718568044));
#3129=CARTESIAN_POINT('Ctrl Pts',(-28.5511764073243,-19.1905761644612,22.8677695195718));
#3130=CARTESIAN_POINT('Ctrl Pts',(-28.5516283826616,-19.4111809021734,22.8677226878155));
#3131=CARTESIAN_POINT('Ctrl Pts',(-29.4853574263863,-18.5177460003108,22.5094873472051));
#3132=CARTESIAN_POINT('Ctrl Pts',(-29.2203367420803,-18.5299475303843,22.5485102378618));
#3133=CARTESIAN_POINT('Ctrl Pts',(-28.783293584778,-18.7696692615161,22.6132644346853));
#3134=CARTESIAN_POINT('Ctrl Pts',(-28.6361489529876,-19.2188591780133,22.635178143928));
#3135=CARTESIAN_POINT('Ctrl Pts',(-28.6365307278331,-19.4109233387029,22.6351212881607));
#3136=CARTESIAN_POINT('Ctrl Pts',(-29.4660159393452,-18.7793217573223,22.4028019680809));
#3137=CARTESIAN_POINT('Ctrl Pts',(-29.2782464860667,-18.7832660098113,22.4360873659301));
#3138=CARTESIAN_POINT('Ctrl Pts',(-28.9604197488421,-18.946748075724,22.4920702379118));
#3139=CARTESIAN_POINT('Ctrl Pts',(-28.8508192102558,-19.271500017501,22.5113766160409));
#3140=CARTESIAN_POINT('Ctrl Pts',(-28.851103561991,-19.4104439427389,22.5113265268566));
#3141=CARTESIAN_POINT('Ctrl Pts',(-29.4658335203327,-18.9107868308657,22.4032847930817));
#3142=CARTESIAN_POINT('Ctrl Pts',(-29.3163531847191,-18.9104088118334,22.4296402447532));
#3143=CARTESIAN_POINT('Ctrl Pts',(-29.0571541099439,-19.0356372003512,22.4753450564325));
#3144=CARTESIAN_POINT('Ctrl Pts',(-28.9659819981483,-19.2979903002223,22.4914214938899));
#3145=CARTESIAN_POINT('Ctrl Pts',(-28.9662185298019,-19.4102027004288,22.4913797861103));
#3146=CARTESIAN_POINT('',(-29.4648205624438,-18.9091900195671,22.4034606644211));
#3147=CARTESIAN_POINT('',(-29.5516446512773,-18.4091900195671,22.8958645409272));
#3148=CARTESIAN_POINT('Origin',(-29.5516446512773,-18.9091900195671,22.8958645409272));
#3149=CARTESIAN_POINT('Origin',(-29.5516446512773,-19.4091900195671,22.8958645409272));
#3150=CARTESIAN_POINT('Origin',(-29.4648205624438,-19.4091900195671,22.4034606644211));
#3151=CARTESIAN_POINT('Origin',(-28.3103153764131,-18.9091900195671,23.114744384029));
#3152=CARTESIAN_POINT('',(-31.4648205624436,-18.9091900195671,22.0508067030042));
#3153=CARTESIAN_POINT('',(-31.551644651277,-18.4091900195671,22.5432105795103));
#3154=CARTESIAN_POINT('Origin',(-31.551644651277,-18.9091900195671,22.5432105795103));
#3155=CARTESIAN_POINT('',(-28.3103153764131,-18.4091900195671,23.114744384029));
#3156=CARTESIAN_POINT('',(-28.2234912875797,-18.9091900195671,22.6223405075229));
#3157=CARTESIAN_POINT('Ctrl Pts',(-32.9631260351395,-18.0563999292161,22.2528696827353));
#3158=CARTESIAN_POINT('Ctrl Pts',(-32.5308564962759,-18.2868845844538,22.3417943542776));
#3159=CARTESIAN_POINT('Ctrl Pts',(-32.0414403304143,-18.409203711585,22.4424749649076));
#3160=CARTESIAN_POINT('Ctrl Pts',(-31.5515623914905,-18.4091900189572,22.5432505260395));
#3161=CARTESIAN_POINT('Ctrl Pts',(-32.9462889349534,-18.0653710790671,22.1302540716073));
#3162=CARTESIAN_POINT('Ctrl Pts',(-32.5109278258788,-18.2939026421502,22.2173480645955));
#3163=CARTESIAN_POINT('Ctrl Pts',(-32.0189497844241,-18.4129929578569,22.3159061292953));
#3164=CARTESIAN_POINT('Ctrl Pts',(-31.5288305383532,-18.4091831200389,22.4143316080808));
#3165=CARTESIAN_POINT('Ctrl Pts',(-32.9583410551432,-18.1687876836291,21.8858837649532));
#3166=CARTESIAN_POINT('Ctrl Pts',(-32.5041747923904,-18.4042931935957,21.9694627741574));
#3167=CARTESIAN_POINT('Ctrl Pts',(-31.9924248835524,-18.5245914959658,22.0636932945739));
#3168=CARTESIAN_POINT('Ctrl Pts',(-31.4835639594161,-18.5176326228104,22.1576299903562));
#3169=CARTESIAN_POINT('Ctrl Pts',(-33.0547354139544,-18.3877441545941,21.770461828));
#3170=CARTESIAN_POINT('Ctrl Pts',(-32.5669858335841,-18.6454232136394,21.8564064138555));
#3171=CARTESIAN_POINT('Ctrl Pts',(-32.0154925654043,-18.7806922098215,21.9537866102197));
#3172=CARTESIAN_POINT('Ctrl Pts',(-31.4647236732193,-18.7782899044831,22.0508237734249));
#3173=CARTESIAN_POINT('Ctrl Pts',(-33.1115454584567,-18.4976033851407,21.7604446740328));
#3174=CARTESIAN_POINT('Ctrl Pts',(-32.6072303747564,-18.7665017569406,21.8493690300674));
#3175=CARTESIAN_POINT('Ctrl Pts',(-32.0362443327188,-18.9092067560898,21.9500492748865));
#3176=CARTESIAN_POINT('Ctrl Pts',(-31.4647200220162,-18.9091900180949,22.0508244309942));
#3177=CARTESIAN_POINT('',(-32.3973593810114,-18.7825896007928,21.8863749487327));
#3178=CARTESIAN_POINT('',(-32.9630470896398,-18.0564420206021,22.2528641939024));
#3179=CARTESIAN_POINT('Ctrl Pts',(-32.9630470896397,-18.0564420206022,22.2528641939026));
#3180=CARTESIAN_POINT('Ctrl Pts',(-32.9619969354803,-18.0570019182396,22.2521656613996));
#3181=CARTESIAN_POINT('Ctrl Pts',(-32.9609476700511,-18.0575634250928,22.2514670758131));
#3182=CARTESIAN_POINT('Ctrl Pts',(-32.8247273724291,-18.1307312707911,22.1606908845069));
#3183=CARTESIAN_POINT('Ctrl Pts',(-32.7032109316626,-18.2306080861539,22.0690130997355));
#3184=CARTESIAN_POINT('Ctrl Pts',(-32.5297615591893,-18.4415886634886,21.9480062589902));
#3185=CARTESIAN_POINT('Ctrl Pts',(-32.4794041663753,-18.5341991343296,21.917317727606));
#3186=CARTESIAN_POINT('Ctrl Pts',(-32.425579121253,-18.6672146441721,21.8903429324433));
#3187=CARTESIAN_POINT('Ctrl Pts',(-32.4086067386753,-18.7240361079741,21.884392585677));
#3188=CARTESIAN_POINT('Ctrl Pts',(-32.3976912340522,-18.7820479577442,21.886316434088));
#3189=CARTESIAN_POINT('Origin',(-31.551644651277,-15.4091900195671,22.5432105795103));
#3190=CARTESIAN_POINT('Origin',(-31.4648205624436,-15.4091900195671,22.0508067030042));
#3191=CARTESIAN_POINT('Origin',(-28.0314589792893,-21.9091900196965,22.6562009846422));
#3192=CARTESIAN_POINT('',(-29.0516446512773,-25.066296800883,22.4763147253386));
#3193=CARTESIAN_POINT('Origin',(-29.0516446512773,-25.566296800883,22.4763147253386));
#3194=CARTESIAN_POINT('',(-30.9858822383259,-25.066296800883,22.1352564516414));
#3195=CARTESIAN_POINT('',(-23.1074202142283,-25.066296800883,23.5244418729769));
#3196=CARTESIAN_POINT('',(-32.9554977443504,-23.066296800883,21.7879600963076));
#3197=CARTESIAN_POINT('Origin',(-30.9858822383259,-23.066296800883,22.1352564516414));
#3198=CARTESIAN_POINT('',(-32.9554977443504,-20.75208323851,21.7879600963076));
#3199=CARTESIAN_POINT('',(-32.9554977443504,-23.066296800883,21.7879600963076));
#3200=CARTESIAN_POINT('',(-32.5723741000817,-19.5668452939034,21.8555151233999));
#3201=CARTESIAN_POINT('Origin',(-30.985882238326,-20.7520832385099,22.1352564516414));
#3202=CARTESIAN_POINT('Ctrl Pts',(-32.5723742165438,-19.5668451896442,21.855515111204));
#3203=CARTESIAN_POINT('Ctrl Pts',(-32.5321337299137,-19.5113067878515,21.8626105947138));
#3204=CARTESIAN_POINT('Ctrl Pts',(-32.4976694427892,-19.4515029076886,21.8686875784047));
#3205=CARTESIAN_POINT('Ctrl Pts',(-32.4413520818503,-19.3260589806099,21.8786178486205));
#3206=CARTESIAN_POINT('Ctrl Pts',(-32.4194991575422,-19.2604364928882,21.8824711087834));
#3207=CARTESIAN_POINT('Ctrl Pts',(-32.3893386132488,-19.1256685545662,21.8877892264952));
#3208=CARTESIAN_POINT('Ctrl Pts',(-32.3812643386547,-19.0570697779579,21.8892129389558));
#3209=CARTESIAN_POINT('Ctrl Pts',(-32.3790655668731,-18.9191285009487,21.8896006417453));
#3210=CARTESIAN_POINT('Ctrl Pts',(-32.3849152994849,-18.850076779565,21.8885691760559));
#3211=CARTESIAN_POINT('Ctrl Pts',(-32.3976263906843,-18.7823929067671,21.8863278677232));
#3212=CARTESIAN_POINT('Origin',(-41.5516446512775,20.8174802600966,25.3604608972015));
#3213=CARTESIAN_POINT('',(-44.5516446512775,20.8174802600966,25.3604608972015));
#3214=CARTESIAN_POINT('',(-44.0516446512775,20.8174802600966,25.8604608972015));
#3215=CARTESIAN_POINT('Origin',(-44.0516446512775,20.8174802600966,25.3604608972015));
#3216=CARTESIAN_POINT('',(-42.8016446512774,22.9825437695577,25.8604608972015));
#3217=CARTESIAN_POINT('Origin',(-41.5516446512775,20.8174802600966,25.8604608972015));
#3218=CARTESIAN_POINT('',(-43.0516446512774,23.4155564714499,25.3604608972015));
#3219=CARTESIAN_POINT('Origin',(-42.8016446512775,22.9825437695577,25.3604608972015));
#3220=CARTESIAN_POINT('Origin',(-41.5516446512775,20.8174802600966,25.3604608972015));
#3221=CARTESIAN_POINT('Origin',(-46.2723535762433,20.9787290374499,25.3604608972016));
#3222=CARTESIAN_POINT('',(-35.7031219861487,27.0808777411343,25.8604608972013));
#3223=CARTESIAN_POINT('',(-35.9531219861419,27.5138904430147,25.3604608972013));
#3224=CARTESIAN_POINT('Origin',(-35.7031219861418,27.0808777411223,25.3604608972013));
#3225=CARTESIAN_POINT('',(-46.5223535762433,21.4117417393421,25.3604608972016));
#3226=CARTESIAN_POINT('',(-46.2723535762433,20.9787290374499,25.8604608972016));
#3227=CARTESIAN_POINT('Ctrl Pts',(-35.7031174552868,27.0808803570445,25.8604608972013));
#3228=CARTESIAN_POINT('Ctrl Pts',(-34.9703413074566,27.5039590866072,25.8604608972013));
#3229=CARTESIAN_POINT('Ctrl Pts',(-34.1346830476596,27.7476247539981,25.8604608972013));
#3230=CARTESIAN_POINT('Ctrl Pts',(-33.2893883837954,27.7854853599085,25.8604608972012));
#3231=CARTESIAN_POINT('Ctrl Pts',(-35.7685684884117,27.1942421324623,25.8604608972013));
#3232=CARTESIAN_POINT('Ctrl Pts',(-35.017206565767,27.6280516234175,25.8604608972013));
#3233=CARTESIAN_POINT('Ctrl Pts',(-34.1618948763385,27.8774368697183,25.8604608972013));
#3234=CARTESIAN_POINT('Ctrl Pts',(-33.2952454869737,27.9162539501944,25.8604608972012));
#3235=CARTESIAN_POINT('Ctrl Pts',(-35.8988876862904,27.4199561500605,25.7519942632848));
#3236=CARTESIAN_POINT('Ctrl Pts',(-35.1106801572582,27.875038975835,25.7519942632847));
#3237=CARTESIAN_POINT('Ctrl Pts',(-34.2158918707821,28.1359133270015,25.7519942632847));
#3238=CARTESIAN_POINT('Ctrl Pts',(-33.3069075334173,28.1766265826826,25.7519942632847));
#3239=CARTESIAN_POINT('Ctrl Pts',(-35.9531219861419,27.5138904430147,25.4913605911009));
#3240=CARTESIAN_POINT('Ctrl Pts',(-35.1493350173594,27.9779682798801,25.4913605911009));
#3241=CARTESIAN_POINT('Ctrl Pts',(-34.2386457071649,28.2434695649318,25.4913605911009));
#3242=CARTESIAN_POINT('Ctrl Pts',(-33.3117608699479,28.2849845809924,25.4913605911008));
#3243=CARTESIAN_POINT('Ctrl Pts',(-35.9531219861419,27.5138904430147,25.3604608972013));
#3244=CARTESIAN_POINT('Ctrl Pts',(-35.1494840706918,27.977882221819,25.3604608972013));
#3245=CARTESIAN_POINT('Ctrl Pts',(-34.2384744475306,28.243477235622,25.3604608972013));
#3246=CARTESIAN_POINT('Ctrl Pts',(-33.3117608699479,28.2849845809924,25.3604608972013));
#3247=CARTESIAN_POINT('',(-33.2893883837954,27.7854853599085,25.8604608972012));
#3248=CARTESIAN_POINT('',(-33.3117608699479,28.2849845809924,25.3604608972013));
#3249=CARTESIAN_POINT('Origin',(-33.2893883837954,27.7854853599085,25.3604608972013));
#3250=CARTESIAN_POINT('Origin',(-33.3111327620276,23.4180372550827,25.3604608972013));
#3251=CARTESIAN_POINT('Origin',(-33.4162890445214,23.7734361676684,25.8604608972004));
#3252=CARTESIAN_POINT('Ctrl Pts',(-33.2893883837895,27.7854853597765,25.8604608972012));
#3253=CARTESIAN_POINT('Ctrl Pts',(-33.2101933459727,27.7890344009465,25.8604608972012));
#3254=CARTESIAN_POINT('Ctrl Pts',(-33.1309188312974,27.7908099265264,25.8604608972012));
#3255=CARTESIAN_POINT('Ctrl Pts',(-33.0516443101188,27.7908099805589,25.8604608972012));
#3256=CARTESIAN_POINT('Ctrl Pts',(-33.2952486324026,27.916253809141,25.8604608972012));
#3257=CARTESIAN_POINT('Ctrl Pts',(-33.2140980440507,27.9198904862229,25.8604608972012));
#3258=CARTESIAN_POINT('Ctrl Pts',(-33.1328766279016,27.9217096190916,25.8604608972012));
#3259=CARTESIAN_POINT('Ctrl Pts',(-33.0516443993384,27.9217096744585,25.8604608972012));
#3260=CARTESIAN_POINT('Ctrl Pts',(-33.3069170114762,28.1766277179602,25.7519958217662));
#3261=CARTESIAN_POINT('Ctrl Pts',(-33.2218896170181,28.1804381299737,25.7519958217662));
#3262=CARTESIAN_POINT('Ctrl Pts',(-33.1367578875272,28.1823448471116,25.7519958217662));
#3263=CARTESIAN_POINT('Ctrl Pts',(-33.0516445769842,28.1823449051237,25.7519958217662));
#3264=CARTESIAN_POINT('Ctrl Pts',(-33.3117728846181,28.2849840425802,25.4913605911008));
#3265=CARTESIAN_POINT('Ctrl Pts',(-33.2251062589714,28.2888679149915,25.4913605911008));
#3266=CARTESIAN_POINT('Ctrl Pts',(-33.1383990006134,28.2908099214281,25.4913605911008));
#3267=CARTESIAN_POINT('Ctrl Pts',(-33.0516446509127,28.2908099805588,25.4913605911008));
#3268=CARTESIAN_POINT('Ctrl Pts',(-33.3117728846181,28.2849840425802,25.3604608972012));
#3269=CARTESIAN_POINT('Ctrl Pts',(-33.2251219420046,28.288867212173,25.3604608972012));
#3270=CARTESIAN_POINT('Ctrl Pts',(-33.1383833002828,28.2908099214388,25.3604608972012));
#3271=CARTESIAN_POINT('Ctrl Pts',(-33.0516446509127,28.2908099805588,25.3604608972012));
#3272=CARTESIAN_POINT('',(-33.0516443101188,27.7908099805589,25.8604608972012));
#3273=CARTESIAN_POINT('Origin',(-33.0516337548842,22.4800453879134,25.8604608972189));
#3274=CARTESIAN_POINT('',(-33.0516446509127,28.2908099805588,25.3604608972012));
#3275=CARTESIAN_POINT('Origin',(-33.0516443101188,27.7908099805589,25.3604608972012));
#3276=CARTESIAN_POINT('Origin',(-33.0516331019582,22.4800162269113,25.3604608972012));
#3277=CARTESIAN_POINT('Origin',(-34.801644651095,27.7908099805588,25.3604608972013));
#3278=CARTESIAN_POINT('',(-31.5516446512772,27.7908099805588,25.8604608972012));
#3279=CARTESIAN_POINT('',(-31.5516446512772,28.2908099805588,25.3604608972012));
#3280=CARTESIAN_POINT('Origin',(-31.5516446512772,27.7908099805588,25.3604608972012));
#3281=CARTESIAN_POINT('',(-34.801644651095,28.2908099805588,25.3604608972013));
#3282=CARTESIAN_POINT('',(-34.801644651095,27.7908099805588,25.8604608972013));
#3283=CARTESIAN_POINT('Origin',(-31.5516446512772,25.2908099805588,25.3604608972012));
#3284=CARTESIAN_POINT('',(-29.0516446512772,25.2908099805588,25.8604608972011));
#3285=CARTESIAN_POINT('Origin',(-29.0516446512772,25.2908099805588,25.3604608972011));
#3286=CARTESIAN_POINT('Origin',(-31.5516446512772,25.2908099805588,25.3604608972012));
#3287=CARTESIAN_POINT('Origin',(-31.5516446512772,25.2908099805588,25.8604608972012));
#3288=CARTESIAN_POINT('Origin',(-29.0516446512772,13.9408099805427,25.3604608972011));
#3289=CARTESIAN_POINT('',(-29.0516446512772,-26.1091900195057,25.8604608972011));
#3290=CARTESIAN_POINT('Origin',(-29.0516446512772,-26.1091900195057,25.3604608972011));
#3291=CARTESIAN_POINT('',(-29.0516446512772,13.9408099805427,25.8604608972011));
#3292=CARTESIAN_POINT('Origin',(-31.5516446512772,-26.1091900195057,25.3604608972012));
#3293=CARTESIAN_POINT('',(-31.5516446512772,-28.6091900195057,25.8604608972012));
#3294=CARTESIAN_POINT('',(-31.5516446512772,-29.1091900195057,25.3604608972012));
#3295=CARTESIAN_POINT('Origin',(-31.5516446512772,-28.6091900195057,25.3604608972012));
#3296=CARTESIAN_POINT('Origin',(-31.5516446512772,-26.1091900195057,25.3604608972012));
#3297=CARTESIAN_POINT('Origin',(-31.5516446512772,-26.1091900195057,25.8604608972012));
#3298=CARTESIAN_POINT('Origin',(-32.5516446512773,-28.6091900195057,25.3604608972012));
#3299=CARTESIAN_POINT('',(-33.0516446514155,-28.6091900195057,25.8604608972012));
#3300=CARTESIAN_POINT('',(-33.0516446514155,-29.1091900195057,25.3604608972012));
#3301=CARTESIAN_POINT('Origin',(-33.0516446514155,-28.6091900195057,25.3604608972012));
#3302=CARTESIAN_POINT('',(-32.5516446512773,-29.1091900195057,25.3604608972012));
#3303=CARTESIAN_POINT('',(-32.5516446512773,-28.6091900195057,25.8604608972012));
#3304=CARTESIAN_POINT('Ctrl Pts',(-33.0516443105783,-28.6091900195059,25.8604608972012));
#3305=CARTESIAN_POINT('Ctrl Pts',(-33.130915167642,-28.6091899654689,25.8604608972012));
#3306=CARTESIAN_POINT('Ctrl Pts',(-33.2101860182037,-28.6074146040377,25.8604608972012));
#3307=CARTESIAN_POINT('Ctrl Pts',(-33.2893774029247,-28.6038658908078,25.8604608972012));
#3308=CARTESIAN_POINT('Ctrl Pts',(-33.0516443998093,-28.7400897134054,25.8604608972012));
#3309=CARTESIAN_POINT('Ctrl Pts',(-33.1328728737712,-28.740089658034,25.8604608972012));
#3310=CARTESIAN_POINT('Ctrl Pts',(-33.2140905358194,-28.7382706933457,25.8604608972012));
#3311=CARTESIAN_POINT('Ctrl Pts',(-33.2952373808881,-28.7346343523009,25.8604608972012));
#3312=CARTESIAN_POINT('Ctrl Pts',(-33.0516445774772,-29.0007242412524,25.7519951189479));
#3313=CARTESIAN_POINT('Ctrl Pts',(-33.136753954033,-29.0007241832356,25.7519951189479));
#3314=CARTESIAN_POINT('Ctrl Pts',(-33.2218817172246,-28.9988176430803,25.7519951189479));
#3315=CARTESIAN_POINT('Ctrl Pts',(-33.3069051896063,-28.9950075831557,25.7519951189479));
#3316=CARTESIAN_POINT('Ctrl Pts',(-33.0516446514155,-29.1091900195057,25.4913605911008));
#3317=CARTESIAN_POINT('Ctrl Pts',(-33.1383949912793,-29.1091899603703,25.4913605911008));
#3318=CARTESIAN_POINT('Ctrl Pts',(-33.2250982419764,-29.1072481334744,25.4913605911008));
#3319=CARTESIAN_POINT('Ctrl Pts',(-33.3117608699475,-29.1033646199393,25.4913605911008));
#3320=CARTESIAN_POINT('Ctrl Pts',(-33.0516446514155,-29.1091900195057,25.3604608972012));
#3321=CARTESIAN_POINT('Ctrl Pts',(-33.1383792916743,-29.109189960381,25.3604608972012));
#3322=CARTESIAN_POINT('Ctrl Pts',(-33.2251139242863,-29.1072474307209,25.3604608972012));
#3323=CARTESIAN_POINT('Ctrl Pts',(-33.3117608699476,-29.1033646199393,25.3604608972012));
#3324=CARTESIAN_POINT('',(-33.2893774029247,-28.6038658908078,25.8604608972012));
#3325=CARTESIAN_POINT('',(-33.3117608699476,-29.1033646199394,25.3604608972012));
#3326=CARTESIAN_POINT('Origin',(-33.2893774029247,-28.6038658908078,25.3604608972012));
#3327=CARTESIAN_POINT('Origin',(-33.0516331030946,-23.2983963166016,25.3604608972012));
#3328=CARTESIAN_POINT('Origin',(-33.0516337558121,-23.2984254625133,25.8604608972012));
#3329=CARTESIAN_POINT('Ctrl Pts',(-33.2893774029187,-28.6038658906755,25.8604608972012));
#3330=CARTESIAN_POINT('Ctrl Pts',(-34.1346758066417,-28.5660069107511,25.8604608972012));
#3331=CARTESIAN_POINT('Ctrl Pts',(-34.9703381343916,-28.3223409575683,25.8604608972012));
#3332=CARTESIAN_POINT('Ctrl Pts',(-35.7031174552864,-27.8992603959915,25.8604608972013));
#3333=CARTESIAN_POINT('Ctrl Pts',(-33.295234229197,-28.7346344933634,25.8604608972012));
#3334=CARTESIAN_POINT('Ctrl Pts',(-34.1618874652602,-28.6958190793971,25.8604608972012));
#3335=CARTESIAN_POINT('Ctrl Pts',(-35.017203312222,-28.4464335408449,25.8604608972012));
#3336=CARTESIAN_POINT('Ctrl Pts',(-35.7685684884113,-28.0126221714093,25.8604608972013));
#3337=CARTESIAN_POINT('Ctrl Pts',(-33.3068956939368,-28.9950064724642,25.751993584524));
#3338=CARTESIAN_POINT('Ctrl Pts',(-34.2158840898058,-28.95429496363,25.7519935845241));
#3339=CARTESIAN_POINT('Ctrl Pts',(-35.1106764047779,-28.6934203975598,25.7519935845241));
#3340=CARTESIAN_POINT('Ctrl Pts',(-35.8988873469037,-28.2383356011871,25.7519935845241));
#3341=CARTESIAN_POINT('Ctrl Pts',(-33.3117488313911,-29.1033651591315,25.4913605911008));
#3342=CARTESIAN_POINT('Ctrl Pts',(-34.2386378166702,-29.0618519238867,25.4913605911008));
#3343=CARTESIAN_POINT('Ctrl Pts',(-35.1493315368035,-28.7963503283754,25.4913605911008));
#3344=CARTESIAN_POINT('Ctrl Pts',(-35.9531219861416,-28.3322704819616,25.4913605911008));
#3345=CARTESIAN_POINT('Ctrl Pts',(-33.3117488313911,-29.1033651591315,25.3604608972012));
#3346=CARTESIAN_POINT('Ctrl Pts',(-34.2384665561791,-29.0618595942519,25.3604608972012));
#3347=CARTESIAN_POINT('Ctrl Pts',(-35.1494805907813,-28.7962642699417,25.3604608972012));
#3348=CARTESIAN_POINT('Ctrl Pts',(-35.9531219861416,-28.3322704819616,25.3604608972013));
#3349=CARTESIAN_POINT('',(-35.7031174552864,-27.8992603959915,25.8604608972013));
#3350=CARTESIAN_POINT('Origin',(-33.4162894728288,-24.5918166374119,25.8604608972022));
#3351=CARTESIAN_POINT('',(-35.9531219861416,-28.3322704819616,25.3604608972013));
#3352=CARTESIAN_POINT('Origin',(-35.7031174552864,-27.8992603959915,25.3604608972013));
#3353=CARTESIAN_POINT('Origin',(-33.3111338646173,-24.23641789686,25.3604608972023));
#3354=CARTESIAN_POINT('Origin',(-41.9730922436753,-24.2792887640713,25.3604608972014));
#3355=CARTESIAN_POINT('',(-42.8016446512772,-23.8009238085046,25.8604608972014));
#3356=CARTESIAN_POINT('',(-43.0516446512772,-24.2339365103968,25.3604608972014));
#3357=CARTESIAN_POINT('Origin',(-42.8016446512772,-23.8009238085046,25.3604608972014));
#3358=CARTESIAN_POINT('',(-42.2230922436753,-24.7123014659635,25.3604608972014));
#3359=CARTESIAN_POINT('',(-41.9730922436753,-24.2792887640713,25.8604608972014));
#3360=CARTESIAN_POINT('Origin',(-41.5516446512772,-21.6358602990435,25.3604608972014));
#3361=CARTESIAN_POINT('',(-44.0516446512772,-21.6358602990435,25.8604608972015));
#3362=CARTESIAN_POINT('',(-44.5516446512772,-21.6358602990435,25.3604608972015));
#3363=CARTESIAN_POINT('Origin',(-44.0516446512772,-21.6358602990435,25.3604608972015));
#3364=CARTESIAN_POINT('Origin',(-41.5516446512772,-21.6358602990435,25.3604608972014));
#3365=CARTESIAN_POINT('Origin',(-41.5516446512772,-21.6358602990435,25.8604608972014));
#3366=CARTESIAN_POINT('Origin',(-44.0516446512773,-11.888550563043,25.3604608972015));
#3367=CARTESIAN_POINT('',(-44.5516446512773,-11.888550563043,25.3604608972015));
#3368=CARTESIAN_POINT('',(-44.0516446512773,-11.888550563043,25.8604608972015));
#3369=CARTESIAN_POINT('Origin',(-28.5516446512772,-29.1091900195057,25.8604608972011));
#3370=CARTESIAN_POINT('',(-33.0516446483366,-29.1091900195057,19.8416962716996));
#3371=CARTESIAN_POINT('',(-33.0516446514155,-29.1091900195057,25.8604608972012));
#3372=CARTESIAN_POINT('',(-31.5516446512773,-29.1091900195057,20.1061867109845));
#3373=CARTESIAN_POINT('',(-32.1482678096284,-29.1091900195057,20.0009859508517));
#3374=CARTESIAN_POINT('',(-31.5516446512772,-29.1091900195057,25.8604608972012));
#3375=CARTESIAN_POINT('Origin',(-33.051640690625,-23.29880456349,22.5801182512929));
#3376=CARTESIAN_POINT('',(-33.3117609756529,-29.1033646152032,19.7997765465988));
#3377=CARTESIAN_POINT('',(-33.3117608699475,-29.1033646199394,25.8604608972012));
#3378=CARTESIAN_POINT('Origin',(-33.0516062448689,-23.1476482146913,19.8415195418059));
#3379=CARTESIAN_POINT('Ctrl Pts',(-33.3117608699475,-29.1033646199393,25.3604608972012));
#3380=CARTESIAN_POINT('Ctrl Pts',(-33.3117608699477,-29.1033646199393,18.1769109170175));
#3381=CARTESIAN_POINT('Ctrl Pts',(-34.7274002845024,-29.0399583685137,25.3604608972012));
#3382=CARTESIAN_POINT('Ctrl Pts',(-34.7274002845026,-29.0399583685137,18.1769109170175));
#3383=CARTESIAN_POINT('Ctrl Pts',(-35.9531220806446,-28.332270427399,25.3604608972013));
#3384=CARTESIAN_POINT('Ctrl Pts',(-35.9531220806448,-28.332270427399,18.1769109170176));
#3385=CARTESIAN_POINT('',(-35.953122010282,-28.3322704680239,19.374169639827));
#3386=CARTESIAN_POINT('',(-35.9531219861416,-28.3322704819616,25.8604608972013));
#3387=CARTESIAN_POINT('Ctrl Pts',(-33.3117608699477,-29.1033646199393,19.7997756053845));
#3388=CARTESIAN_POINT('Ctrl Pts',(-34.2371838684637,-29.0619150793885,19.6509349201673));
#3389=CARTESIAN_POINT('Ctrl Pts',(-35.1475854610533,-28.7973584664346,19.5036835084171));
#3390=CARTESIAN_POINT('Ctrl Pts',(-35.9531220578642,-28.3322704405516,19.3741700344287));
#3391=CARTESIAN_POINT('Origin',(-35.9531219861415,-28.3322704819615,25.8604608972013));
#3392=CARTESIAN_POINT('',(-43.0516446512773,-24.2339365103968,18.1225081780142));
#3393=CARTESIAN_POINT('',(-43.0516446512772,-24.2339365103968,25.8604608972015));
#3394=CARTESIAN_POINT('',(-41.7035747151004,-25.012245050935,18.3602092796442));
#3395=CARTESIAN_POINT('Origin',(-41.5516446512772,-21.6358602990435,25.8604608972014));
#3396=CARTESIAN_POINT('',(-44.5516446512774,-21.6358602990435,17.9020994521287));
#3397=CARTESIAN_POINT('',(-44.5516446512772,-21.6358602990435,25.8604608972015));
#3398=CARTESIAN_POINT('Origin',(-41.5516446512774,-21.6358602990435,18.3429169038998));
#3399=CARTESIAN_POINT('Origin',(-44.5516446512772,-23.3679111066124,25.8604608972015));
#3400=CARTESIAN_POINT('',(-44.5516446512777,20.8174802600966,17.9020994521286));
#3401=CARTESIAN_POINT('',(-44.5516446512775,20.8174802600966,25.8604608972015));
#3402=CARTESIAN_POINT('',(-44.5516446512776,18.5908099804328,17.9020994521286));
#3403=CARTESIAN_POINT('',(-44.5516446512774,-11.888550563043,17.9020994521286));
#3404=CARTESIAN_POINT('',(-44.5516446512775,18.5908099804328,23.3604608972021));
#3405=CARTESIAN_POINT('',(-44.5516446512775,18.5908099804328,24.6104608972018));
#3406=CARTESIAN_POINT('',(-44.5516446512775,10.5908099804328,23.3604608972021));
#3407=CARTESIAN_POINT('',(-44.5516446512774,-4.38855056308979,23.3604608972021));
#3408=CARTESIAN_POINT('',(-44.5516446512776,10.5908099804328,17.9020994521286));
#3409=CARTESIAN_POINT('',(-44.5516446512774,10.5908099804328,24.6104608972017));
#3410=CARTESIAN_POINT('',(-44.5516446512774,-11.4091900195672,17.9020994521286));
#3411=CARTESIAN_POINT('',(-44.5516446512774,-11.888550563043,17.9020994521286));
#3412=CARTESIAN_POINT('',(-44.5516446512773,-11.4091900195672,23.3604608972021));
#3413=CARTESIAN_POINT('',(-44.5516446512773,-11.4091900195672,24.6104608972018));
#3414=CARTESIAN_POINT('',(-44.5516446512773,-19.4091900195672,23.3604608972021));
#3415=CARTESIAN_POINT('',(-44.5516446512773,-19.3885505630898,23.3604608972021));
#3416=CARTESIAN_POINT('',(-44.5516446512774,-19.4091900195672,17.9020994521287));
#3417=CARTESIAN_POINT('',(-44.5516446512772,-19.4091900195672,24.6104608972017));
#3418=CARTESIAN_POINT('',(-44.5516446512774,-11.888550563043,17.9020994521286));
#3419=CARTESIAN_POINT('Origin',(-41.5516446512775,20.8174802600966,25.8604608972015));
#3420=CARTESIAN_POINT('',(-43.0516446512776,23.4155564714499,18.1225081780142));
#3421=CARTESIAN_POINT('',(-43.0516446512774,23.4155564714499,25.8604608972015));
#3422=CARTESIAN_POINT('Origin',(-41.5516446512776,20.8174802600966,18.3429169038998));
#3423=CARTESIAN_POINT('Origin',(-36.5516446512773,-0.40919001947348,25.8604608972013));
#3424=CARTESIAN_POINT('',(-33.1766446512772,-15.4091900195671,25.8604608972012));
#3425=CARTESIAN_POINT('Origin',(-31.5516446512772,-15.4091900195671,25.8604608972012));
#3426=CARTESIAN_POINT('',(-43.1766446512773,14.5908099804328,25.8604608972015));
#3427=CARTESIAN_POINT('Origin',(-41.5516446512773,14.5908099804328,25.8604608972015));
#3428=CARTESIAN_POINT('',(-43.1766446512772,-15.4091900195672,25.8604608972015));
#3429=CARTESIAN_POINT('Origin',(-41.5516446512772,-15.4091900195672,25.8604608972014));
#3430=CARTESIAN_POINT('',(-33.1766446512772,14.5908099804329,25.8604608972012));
#3431=CARTESIAN_POINT('Origin',(-31.5516446512772,14.5908099804329,25.8604608972012));
#3432=CARTESIAN_POINT('Ctrl Pts',(-43.4639450036782,11.0894298841714,17.4980154193207));
#3433=CARTESIAN_POINT('Ctrl Pts',(-43.5761353367023,11.089599927318,17.4782334638285));
#3434=CARTESIAN_POINT('Ctrl Pts',(-43.8383576904468,10.9983641344783,17.4319968466029));
#3435=CARTESIAN_POINT('Ctrl Pts',(-43.9635910315039,10.7393659147633,17.4099148158745));
#3436=CARTESIAN_POINT('Ctrl Pts',(-43.9633105868103,10.589934447956,17.4099642658711));
#3437=CARTESIAN_POINT('Ctrl Pts',(-43.4637800228111,11.1646762591909,17.4978296324985));
#3438=CARTESIAN_POINT('Ctrl Pts',(-43.5923884276358,11.1667511311239,17.4751348478973));
#3439=CARTESIAN_POINT('Ctrl Pts',(-43.8965634586114,11.0667037840355,17.421473419344));
#3440=CARTESIAN_POINT('Ctrl Pts',(-44.0459532110125,10.7646912210666,17.3951257838301));
#3441=CARTESIAN_POINT('Ctrl Pts',(-44.0456186817834,10.5897851976787,17.395184784242));
#3442=CARTESIAN_POINT('Ctrl Pts',(-43.4694502394881,11.3145163313268,17.5314809293545));
#3443=CARTESIAN_POINT('Ctrl Pts',(-43.6310734315763,11.3203728147504,17.5047199787811));
#3444=CARTESIAN_POINT('Ctrl Pts',(-44.0194948362886,11.2027366904308,17.4404942605607));
#3445=CARTESIAN_POINT('Ctrl Pts',(-44.2172863819762,10.8151228828407,17.4078627049028));
#3446=CARTESIAN_POINT('Ctrl Pts',(-44.2168434842441,10.5894879878374,17.4079357741413));
#3447=CARTESIAN_POINT('Ctrl Pts',(-43.4981851914106,11.5252004915667,17.6965419041668));
#3448=CARTESIAN_POINT('Ctrl Pts',(-43.7071064381846,11.533850778891,17.6694635112445));
#3449=CARTESIAN_POINT('Ctrl Pts',(-44.2114991726025,11.3846907044915,17.6042279734465));
#3450=CARTESIAN_POINT('Ctrl Pts',(-44.4705735579512,10.881929548848,17.5707867660849));
#3451=CARTESIAN_POINT('Ctrl Pts',(-44.4699934402531,10.5890942633553,17.5708616475824));
#3452=CARTESIAN_POINT('Ctrl Pts',(-43.5304285597743,11.5908159931958,17.8800624907351));
#3453=CARTESIAN_POINT('Ctrl Pts',(-43.7550406354675,11.5956651837615,17.8574659966272));
#3454=CARTESIAN_POINT('Ctrl Pts',(-44.2883463179639,11.4242376940769,17.8039366547711));
#3455=CARTESIAN_POINT('Ctrl Pts',(-44.5522866262934,10.8956819777652,17.777507282274));
#3456=CARTESIAN_POINT('Ctrl Pts',(-44.5516955885578,10.5890131997654,17.7775664653468));
#3457=CARTESIAN_POINT('Ctrl Pts',(-43.549919557946,11.5908084022699,17.9905958634165));
#3458=CARTESIAN_POINT('Ctrl Pts',(-43.7749027654296,11.5912111585854,17.9707650672859));
#3459=CARTESIAN_POINT('Ctrl Pts',(-44.3008737762276,11.408398186029,17.9244041350805));
#3460=CARTESIAN_POINT('Ctrl Pts',(-44.552205786993,10.8888392848457,17.9022509268404));
#3461=CARTESIAN_POINT('Ctrl Pts',(-44.5516429601654,10.5890535087038,17.9023005361995));
#3462=CARTESIAN_POINT('',(-43.5516446512776,11.5908099804328,17.9902629424828));
#3463=CARTESIAN_POINT('',(-43.4648205624441,11.0908099804328,17.4978590659767));
#3464=CARTESIAN_POINT('Origin',(-43.5516446512776,11.0908099804328,17.9902629424828));
#3465=CARTESIAN_POINT('',(-43.9648205624441,10.5908099804328,17.4096955756225));
#3466=CARTESIAN_POINT('Origin',(-43.4648205624441,10.5908099804328,17.4978590659767));
#3467=CARTESIAN_POINT('Origin',(-44.0516446512776,10.5908099804328,17.9020994521286));
#3468=CARTESIAN_POINT('Origin',(-43.5516446512776,10.5908099804328,17.9902629424828));
#3469=CARTESIAN_POINT('Origin',(-44.0516446512774,-11.888550563043,17.9020994521286));
#3470=CARTESIAN_POINT('',(-43.964820562444,-11.4091900195672,17.4096955756225));
#3471=CARTESIAN_POINT('Origin',(-44.0516446512774,-11.4091900195672,17.9020994521286));
#3472=CARTESIAN_POINT('',(-43.964820562444,-11.888550563043,17.4096955756225));
#3473=CARTESIAN_POINT('Ctrl Pts',(-43.9632827381613,-11.4082984035365,17.4099692672775));
#3474=CARTESIAN_POINT('Ctrl Pts',(-43.963490736393,-11.5204381917865,17.4099325917152));
#3475=CARTESIAN_POINT('Ctrl Pts',(-43.8724233188358,-11.7826141649246,17.4259901741017));
#3476=CARTESIAN_POINT('Ctrl Pts',(-43.6134243587354,-11.9080236127702,17.4716585602904));
#3477=CARTESIAN_POINT('Ctrl Pts',(-43.4639288731489,-11.907784418919,17.4980183369013));
#3478=CARTESIAN_POINT('Ctrl Pts',(-44.0455993085706,-11.4081463900716,17.3951833426396));
#3479=CARTESIAN_POINT('Ctrl Pts',(-44.0458478496228,-11.5394055117485,17.3951394990419));
#3480=CARTESIAN_POINT('Ctrl Pts',(-43.9370253337017,-11.8459415829181,17.4143362113962));
#3481=CARTESIAN_POINT('Ctrl Pts',(-43.6351364959937,-11.9858202809291,17.4675871504736));
#3482=CARTESIAN_POINT('Ctrl Pts',(-43.4637608272551,-11.9830390186543,17.4978291000241));
#3483=CARTESIAN_POINT('Ctrl Pts',(-44.216835028919,-11.4078436906671,17.4079306808361));
#3484=CARTESIAN_POINT('Ctrl Pts',(-44.2171648252791,-11.5771745623157,17.4078762724039));
#3485=CARTESIAN_POINT('Ctrl Pts',(-44.0727578732522,-11.9719983936381,17.4316998655387));
#3486=CARTESIAN_POINT('Ctrl Pts',(-43.684798233736,-12.1407163077971,17.495818715922));
#3487=CARTESIAN_POINT('Ctrl Pts',(-43.4694260137956,-12.1328884829163,17.5314795581336));
#3488=CARTESIAN_POINT('Ctrl Pts',(-44.4699891425589,-11.4074427095489,17.5708594925268));
#3489=CARTESIAN_POINT('Ctrl Pts',(-44.4704211903143,-11.6272058570333,17.5708037112151));
#3490=CARTESIAN_POINT('Ctrl Pts',(-44.2812396973089,-12.1396563796846,17.5952287292033));
#3491=CARTESIAN_POINT('Ctrl Pts',(-43.7765555657223,-12.355134382408,17.6604597197344));
#3492=CARTESIAN_POINT('Ctrl Pts',(-43.4981546558273,-12.3435757373383,17.6965435220763));
#3493=CARTESIAN_POINT('Ctrl Pts',(-44.5516921865935,-11.4073601402778,17.7775578986101));
#3494=CARTESIAN_POINT('Ctrl Pts',(-44.5521316428726,-11.6375077843357,17.7775138842221));
#3495=CARTESIAN_POINT('Ctrl Pts',(-44.3597156560019,-12.1745445548241,17.7967855457275));
#3496=CARTESIAN_POINT('Ctrl Pts',(-43.8297068166494,-12.415684770391,17.8499463303128));
#3497=CARTESIAN_POINT('Ctrl Pts',(-43.5303948178991,-12.4091925527312,17.8800581435381));
#3498=CARTESIAN_POINT('Ctrl Pts',(-44.5516429546071,-11.4074011741512,17.9022876139038));
#3499=CARTESIAN_POINT('Ctrl Pts',(-44.5520604316105,-11.6323867628247,17.9022508156322));
#3500=CARTESIAN_POINT('Ctrl Pts',(-44.3692772279998,-12.1583781755783,17.9183621364255));
#3501=CARTESIAN_POINT('Ctrl Pts',(-43.849693712022,-12.4097526885162,17.9641607189039));
#3502=CARTESIAN_POINT('Ctrl Pts',(-43.5498850771591,-12.4091883328055,17.9905872727499));
#3503=CARTESIAN_POINT('',(-43.464820562444,-11.9091900195672,17.4978590659768));
#3504=CARTESIAN_POINT('',(-43.5516446512774,-12.4091900195672,17.9902629424829));
#3505=CARTESIAN_POINT('Origin',(-43.5516446512774,-11.9091900195672,17.9902629424829));
#3506=CARTESIAN_POINT('Origin',(-43.5516446512774,-11.4091900195672,17.9902629424829));
#3507=CARTESIAN_POINT('Origin',(-43.464820562444,-11.4091900195672,17.4978590659768));
#3508=CARTESIAN_POINT('Origin',(-40.1208008823503,-11.9091900195672,18.5952132655402));
#3509=CARTESIAN_POINT('',(-41.4648205624439,-11.9091900195672,17.8505130273937));
#3510=CARTESIAN_POINT('',(-41.5516446512774,-12.4091900195672,18.3429169038998));
#3511=CARTESIAN_POINT('Origin',(-41.5516446512774,-11.9091900195672,18.3429169038998));
#3512=CARTESIAN_POINT('',(-40.1208008823503,-12.4091900195672,18.5952132655402));
#3513=CARTESIAN_POINT('',(-40.0339767935168,-11.9091900195672,18.1028093890341));
#3514=CARTESIAN_POINT('Ctrl Pts',(-41.565033863192,-18.4091721337325,18.3435829097987));
#3515=CARTESIAN_POINT('Ctrl Pts',(-41.1120167559696,-18.4111603696033,18.4368320811377));
#3516=CARTESIAN_POINT('Ctrl Pts',(-39.7538889444878,-18.1165492728571,18.7163759735951));
#3517=CARTESIAN_POINT('Ctrl Pts',(-38.202996689287,-16.1757103776476,19.0355287609388));
#3518=CARTESIAN_POINT('Ctrl Pts',(-38.8697323907721,-13.2644900165221,18.8983322416059));
#3519=CARTESIAN_POINT('Ctrl Pts',(-40.6631459674385,-12.4049183010481,18.5292278509026));
#3520=CARTESIAN_POINT('Ctrl Pts',(-41.5650347355353,-12.4092102711951,18.34358272968));
#3521=CARTESIAN_POINT('Ctrl Pts',(-41.5518543440537,-18.408709556523,18.2688514978106));
#3522=CARTESIAN_POINT('Ctrl Pts',(-41.0986922868334,-18.4086910306516,18.3608515290455));
#3523=CARTESIAN_POINT('Ctrl Pts',(-39.7426224690548,-18.1068946079002,18.6364461445385));
#3524=CARTESIAN_POINT('Ctrl Pts',(-38.2077606833635,-16.1700174673465,18.9498230754093));
#3525=CARTESIAN_POINT('Ctrl Pts',(-38.8658052826176,-13.2772389151889,18.8152806408965));
#3526=CARTESIAN_POINT('Ctrl Pts',(-40.6496612648675,-12.4093890581559,18.4520112321482));
#3527=CARTESIAN_POINT('Ctrl Pts',(-41.5518553351342,-12.409672751727,18.2688513083983));
#3528=CARTESIAN_POINT('Ctrl Pts',(-41.5258513812053,-18.4428047713143,18.1205557678294));
#3529=CARTESIAN_POINT('Ctrl Pts',(-41.067092307274,-18.4400225754988,18.2100804416438));
#3530=CARTESIAN_POINT('Ctrl Pts',(-39.6976986068414,-18.1246835636831,18.477871034852));
#3531=CARTESIAN_POINT('Ctrl Pts',(-38.1672703846498,-16.1707807797555,18.779819197995));
#3532=CARTESIAN_POINT('Ctrl Pts',(-38.820810985525,-13.2704972343577,18.6505356420501));
#3533=CARTESIAN_POINT('Ctrl Pts',(-40.6124911144799,-12.3808102201591,18.2987907893338));
#3534=CARTESIAN_POINT('Ctrl Pts',(-41.5258525569462,-12.3755774294902,18.1205555593227));
#3535=CARTESIAN_POINT('Ctrl Pts',(-41.4897650791736,-18.6114540531469,17.9118160646693));
#3536=CARTESIAN_POINT('Ctrl Pts',(-41.0052145462547,-18.6085624706831,17.9995409254949));
#3537=CARTESIAN_POINT('Ctrl Pts',(-39.558691313355,-18.2756908232442,18.26163807855));
#3538=CARTESIAN_POINT('Ctrl Pts',(-37.9423261102087,-16.2130331515687,18.5556477835774));
#3539=CARTESIAN_POINT('Ctrl Pts',(-38.6324999421077,-13.1517256482961,18.4299561117077));
#3540=CARTESIAN_POINT('Ctrl Pts',(-40.525054562482,-12.2123616660254,18.0864695549705));
#3541=CARTESIAN_POINT('Ctrl Pts',(-41.4897663287745,-12.2069282689602,17.9118158480627));
#3542=CARTESIAN_POINT('Ctrl Pts',(-41.4791811485233,-18.799065652095,17.8472518534242));
#3543=CARTESIAN_POINT('Ctrl Pts',(-40.9667794769592,-18.7993691961025,17.937538085603));
#3544=CARTESIAN_POINT('Ctrl Pts',(-39.4329200083679,-18.4593258268531,18.2079223740364));
#3545=CARTESIAN_POINT('Ctrl Pts',(-37.6950908494924,-16.2697565255162,18.5141299418096));
#3546=CARTESIAN_POINT('Ctrl Pts',(-38.4403494279498,-12.9981198331129,18.382864996193));
#3547=CARTESIAN_POINT('Ctrl Pts',(-40.4590501824073,-12.0183484015836,18.027001700469));
#3548=CARTESIAN_POINT('Ctrl Pts',(-41.4791822598035,-12.0193169659443,17.8472516528722));
#3549=CARTESIAN_POINT('Ctrl Pts',(-41.4797767774104,-18.9122459571791,17.8478859052435));
#3550=CARTESIAN_POINT('Ctrl Pts',(-40.9507950051631,-18.9145162651117,17.9411610820362));
#3551=CARTESIAN_POINT('Ctrl Pts',(-39.3649949653856,-18.5703200241239,18.2207814505173));
#3552=CARTESIAN_POINT('Ctrl Pts',(-37.5544526637931,-16.3041121314685,18.5400335680751));
#3553=CARTESIAN_POINT('Ctrl Pts',(-38.3327698088474,-12.9051487681532,18.4027918827615));
#3554=CARTESIAN_POINT('Ctrl Pts',(-40.4266544447037,-11.9012276813604,18.0335825914495));
#3555=CARTESIAN_POINT('Ctrl Pts',(-41.4797777987925,-11.9061368420394,17.8478857252729));
#3556=CARTESIAN_POINT('',(-41.4648205624439,-18.9091900195672,17.8505130273937));
#3557=CARTESIAN_POINT('',(-41.5516446512774,-18.4091900195672,18.3429169038998));
#3558=CARTESIAN_POINT('Origin',(-41.5516446512774,-18.9091900195672,18.3429169038998));
#3559=CARTESIAN_POINT('Origin',(-41.5516446512774,-15.4091900195672,18.3429169038998));
#3560=CARTESIAN_POINT('Origin',(-41.4648205624439,-15.4091900195672,17.8505130273937));
#3561=CARTESIAN_POINT('Origin',(-38.6660314167609,-18.9091900195672,18.8517283730345));
#3562=CARTESIAN_POINT('',(-43.4648205624439,-18.9091900195672,17.4978590659768));
#3563=CARTESIAN_POINT('',(-43.5516446512774,-18.4091900195672,17.9902629424829));
#3564=CARTESIAN_POINT('Origin',(-43.5516446512774,-18.9091900195672,17.9902629424829));
#3565=CARTESIAN_POINT('',(-38.6660314167609,-18.4091900195672,18.8517283730345));
#3566=CARTESIAN_POINT('',(-38.5792073279274,-18.9091900195672,18.3593244965284));
#3567=CARTESIAN_POINT('Ctrl Pts',(-43.4639424838812,-18.9105741015735,17.4980158750707));
#3568=CARTESIAN_POINT('Ctrl Pts',(-43.5761328096452,-18.9104035411406,17.4782339217939));
#3569=CARTESIAN_POINT('Ctrl Pts',(-43.8383451869952,-19.0016507420868,17.4319990718955));
#3570=CARTESIAN_POINT('Ctrl Pts',(-43.9635875019236,-19.2606370672627,17.4099154524047));
#3571=CARTESIAN_POINT('Ctrl Pts',(-43.9633062264781,-19.4100680716877,17.4099650488998));
#3572=CARTESIAN_POINT('Ctrl Pts',(-43.4637770228107,-18.8353264284374,17.4978295423267));
#3573=CARTESIAN_POINT('Ctrl Pts',(-43.5923858061553,-18.8332508996409,17.4751346605219));
#3574=CARTESIAN_POINT('Ctrl Pts',(-43.896551316986,-18.9333124281714,17.4214744703439));
#3575=CARTESIAN_POINT('Ctrl Pts',(-44.0459511801682,-19.2353115842622,17.3951253752476));
#3576=CARTESIAN_POINT('Ctrl Pts',(-44.0456156613344,-19.4102177555066,17.3951845494691));
#3577=CARTESIAN_POINT('Ctrl Pts',(-43.4694466309535,-18.6854865381371,17.5314817153989));
#3578=CARTESIAN_POINT('Ctrl Pts',(-43.6310707509347,-18.679629138496,17.5047205726284));
#3579=CARTESIAN_POINT('Ctrl Pts',(-44.0194827614388,-18.7972830799304,17.44049630513));
#3580=CARTESIAN_POINT('Ctrl Pts',(-44.2172840171074,-19.1848799079213,17.4078633168956));
#3581=CARTESIAN_POINT('Ctrl Pts',(-44.2168398174887,-19.4105158266872,17.40793660054));
#3582=CARTESIAN_POINT('Ctrl Pts',(-43.4981807564388,-18.4748029686717,17.6965440684662));
#3583=CARTESIAN_POINT('Ctrl Pts',(-43.7071035415227,-18.4661514592548,17.6694654799225));
#3584=CARTESIAN_POINT('Ctrl Pts',(-44.2114817998735,-18.6153399455923,17.6042317892479));
#3585=CARTESIAN_POINT('Ctrl Pts',(-44.4705703960023,-19.1180735657656,17.5707890337702));
#3586=CARTESIAN_POINT('Ctrl Pts',(-44.4699885697338,-19.4109106901867,17.570864135168));
#3587=CARTESIAN_POINT('Ctrl Pts',(-43.5304235683449,-18.4091839695406,17.8800634032029));
#3588=CARTESIAN_POINT('Ctrl Pts',(-43.7550373325554,-18.4043335376411,17.857466752385));
#3589=CARTESIAN_POINT('Ctrl Pts',(-44.2883352747166,-18.5757771310239,17.8039379538979));
#3590=CARTESIAN_POINT('Ctrl Pts',(-44.5522885367767,-19.1043213607341,17.7775075635788));
#3591=CARTESIAN_POINT('Ctrl Pts',(-44.5516957616497,-19.4109919875207,17.7775669199981));
#3592=CARTESIAN_POINT('Ctrl Pts',(-43.5499145945228,-18.4091916070726,17.9905969187271));
#3593=CARTESIAN_POINT('Ctrl Pts',(-43.7748995309096,-18.408787635197,17.9707659856061));
#3594=CARTESIAN_POINT('Ctrl Pts',(-44.3008549658954,-18.5916245278358,17.924406462789));
#3595=CARTESIAN_POINT('Ctrl Pts',(-44.5522074498098,-19.1111640465066,17.9022514668078));
#3596=CARTESIAN_POINT('Ctrl Pts',(-44.5516429502086,-19.4109515618119,17.9023012235727));
#3597=CARTESIAN_POINT('',(-43.9648205624439,-19.4091900195672,17.4096955756225));
#3598=CARTESIAN_POINT('Origin',(-44.0516446512774,-19.4091900195672,17.9020994521286));
#3599=CARTESIAN_POINT('Origin',(-43.5516446512774,-19.4091900195672,17.9902629424829));
#3600=CARTESIAN_POINT('Origin',(-43.4648205624439,-19.4091900195672,17.4978590659768));
#3601=CARTESIAN_POINT('Origin',(-44.0516446512774,-11.888550563043,17.9020994521286));
#3602=CARTESIAN_POINT('',(-43.9648205624439,-21.6358602990435,17.4096955756225));
#3603=CARTESIAN_POINT('Origin',(-44.0516446512774,-21.6358602990435,17.9020994521286));
#3604=CARTESIAN_POINT('',(-43.964820562444,-11.888550563043,17.4096955756225));
#3605=CARTESIAN_POINT('Ctrl Pts',(-43.9639455985802,-21.6333194214894,17.4098506730815));
#3606=CARTESIAN_POINT('Ctrl Pts',(-43.9644006591881,-22.0703424916343,17.4097704335702));
#3607=CARTESIAN_POINT('Ctrl Pts',(-43.7304729906031,-22.9439145953086,17.4510182179501));
#3608=CARTESIAN_POINT('Ctrl Pts',(-43.090914721139,-23.5833249832163,17.5637895690999));
#3609=CARTESIAN_POINT('Ctrl Pts',(-42.7122093279512,-23.8014606181008,17.6305654686207));
#3610=CARTESIAN_POINT('Ctrl Pts',(-44.0460602418267,-21.6332332591828,17.395217893591));
#3611=CARTESIAN_POINT('Ctrl Pts',(-44.0465325531376,-22.0850760779464,17.3951346139903));
#3612=CARTESIAN_POINT('Ctrl Pts',(-43.8037361247803,-22.9881705057249,17.4379453346921));
#3613=CARTESIAN_POINT('Ctrl Pts',(-43.1417739782027,-23.6465414844519,17.5546735928124));
#3614=CARTESIAN_POINT('Ctrl Pts',(-42.7506756164668,-23.8703616944612,17.6236444050853));
#3615=CARTESIAN_POINT('Ctrl Pts',(-44.2170269309673,-21.6330615114228,17.4080583794899));
#3616=CARTESIAN_POINT('Ctrl Pts',(-44.2175338254023,-22.1144446536526,17.4079706189959));
#3617=CARTESIAN_POINT('Ctrl Pts',(-43.9569578987751,-23.0763408517438,17.4530850504548));
#3618=CARTESIAN_POINT('Ctrl Pts',(-43.2500131945933,-23.7724944936207,17.5755533061823));
#3619=CARTESIAN_POINT('Ctrl Pts',(-42.8339927421136,-24.0076589994415,17.6476606100055));
#3620=CARTESIAN_POINT('Ctrl Pts',(-44.4699704959582,-21.6328338037416,17.5708545883188));
#3621=CARTESIAN_POINT('Ctrl Pts',(-44.4705214738796,-22.1533819600244,17.5707662528163));
#3622=CARTESIAN_POINT('Ctrl Pts',(-44.1872827797357,-23.1935688521445,17.6161763486687));
#3623=CARTESIAN_POINT('Ctrl Pts',(-43.4210337308885,-23.9433487570135,17.7392950772047));
#3624=CARTESIAN_POINT('Ctrl Pts',(-42.971202888123,-24.1956513636461,17.8117145972289));
#3625=CARTESIAN_POINT('Ctrl Pts',(-44.5516811583536,-21.6327868685325,17.7775297194041));
#3626=CARTESIAN_POINT('Ctrl Pts',(-44.5522359919634,-22.1614079088804,17.7774464028905));
#3627=CARTESIAN_POINT('Ctrl Pts',(-44.267017305643,-23.2175508913068,17.820276126093));
#3628=CARTESIAN_POINT('Ctrl Pts',(-43.491111262098,-23.9845253165077,17.9370003065655));
#3629=CARTESIAN_POINT('Ctrl Pts',(-43.0335345304997,-24.2444087737971,18.0059471228365));
#3630=CARTESIAN_POINT('Ctrl Pts',(-44.5516430410492,-21.6328101732554,17.9022450985706));
#3631=CARTESIAN_POINT('Ctrl Pts',(-44.5521893240257,-22.1574223631691,17.902164830304));
#3632=CARTESIAN_POINT('Ctrl Pts',(-44.2713680333034,-23.2060770192446,17.9434273980089));
#3633=CARTESIAN_POINT('Ctrl Pts',(-43.5036216218754,-23.9736121769632,18.0562362354904));
#3634=CARTESIAN_POINT('Ctrl Pts',(-43.0490204132231,-24.2354497830725,18.123032953319));
#3635=CARTESIAN_POINT('',(-42.7148205624439,-23.8009238085046,17.6301043015081));
#3636=CARTESIAN_POINT('Origin',(-42.8016446512773,-23.8009238085046,18.1225081780142));
#3637=CARTESIAN_POINT('Origin',(-41.4648205624439,-21.6358602990435,17.8505130273937));
#3638=CARTESIAN_POINT('Origin',(-41.4535747151004,-24.5792323490428,18.3602092796442));
#3639=CARTESIAN_POINT('',(-35.6162978973141,-27.8992577800796,18.8817653705411));
#3640=CARTESIAN_POINT('Origin',(-35.7031219861417,-27.8992577800692,19.3741692470482));
#3641=CARTESIAN_POINT('',(-41.366750626267,-24.5792323490428,17.8678054031381));
#3642=CARTESIAN_POINT('Ctrl Pts',(-33.3117608699477,-29.1033646199393,19.7997756053845));
#3643=CARTESIAN_POINT('Ctrl Pts',(-34.2371839707196,-29.0619150748085,19.6509349037209));
#3644=CARTESIAN_POINT('Ctrl Pts',(-35.1475856622455,-28.7973584079694,19.5036834758756));
#3645=CARTESIAN_POINT('Ctrl Pts',(-35.9531223248909,-28.33227028638,19.3741699914964));
#3646=CARTESIAN_POINT('Ctrl Pts',(-33.2857061453821,-29.1045316066731,19.6517154866191));
#3647=CARTESIAN_POINT('Ctrl Pts',(-34.211298573411,-29.0674552580115,19.5001350535521));
#3648=CARTESIAN_POINT('Ctrl Pts',(-35.1230416581763,-28.8068606478273,19.3503459550163));
#3649=CARTESIAN_POINT('Ctrl Pts',(-35.9324830563504,-28.3441866634757,19.218099948774));
#3650=CARTESIAN_POINT('Ctrl Pts',(-33.2349396070357,-28.979734476645,19.3955045784084));
#3651=CARTESIAN_POINT('Ctrl Pts',(-34.1392239415606,-28.9459776802469,19.2395671598625));
#3652=CARTESIAN_POINT('Ctrl Pts',(-35.0334997636833,-28.6934778833569,19.0852320617358));
#3653=CARTESIAN_POINT('Ctrl Pts',(-35.8264190265069,-28.2427623744022,18.9486842036632));
#3654=CARTESIAN_POINT('Ctrl Pts',(-33.2074575185361,-28.7165106036237,19.3065089215396));
#3655=CARTESIAN_POINT('Ctrl Pts',(-34.0694023388546,-28.6799051758287,19.1544870723271));
#3656=CARTESIAN_POINT('Ctrl Pts',(-34.9221189604363,-28.4342535411672,19.0042082594559));
#3657=CARTESIAN_POINT('Ctrl Pts',(-35.673931847333,-28.0021938608742,18.8716029501479));
#3658=CARTESIAN_POINT('Ctrl Pts',(-33.2025642949618,-28.6038653988555,19.3073717288784));
#3659=CARTESIAN_POINT('Ctrl Pts',(-34.0466818603258,-28.566057514989,19.1585310272148));
#3660=CARTESIAN_POINT('Ctrl Pts',(-34.8817862059776,-28.3233386178786,19.0112795993695));
#3661=CARTESIAN_POINT('Ctrl Pts',(-35.6162936753326,-27.8992602176555,18.8817661149903));
#3662=CARTESIAN_POINT('',(-33.2025642949618,-28.6038653988555,19.3073717288784));
#3663=CARTESIAN_POINT('Origin',(-33.3001737151284,-24.4948281516582,19.2901605545314));
#3664=CARTESIAN_POINT('Origin',(-33.2893883837953,-28.6038653988555,19.7997756053845));
#3665=CARTESIAN_POINT('Ctrl Pts',(-33.0516446514157,-29.1091900195057,19.8416962999962));
#3666=CARTESIAN_POINT('Ctrl Pts',(-33.1383824267384,-29.1091899603788,19.8277182038854));
#3667=CARTESIAN_POINT('Ctrl Pts',(-33.2251201966603,-29.1072473293357,19.8137401085616));
#3668=CARTESIAN_POINT('Ctrl Pts',(-33.3117728846181,-29.1033640815271,19.7997756053855));
#3669=CARTESIAN_POINT('Ctrl Pts',(-33.0289141564,-29.1091900350005,19.7127852568625));
#3670=CARTESIAN_POINT('Ctrl Pts',(-33.1156297525487,-29.109536967658,19.6985923336204));
#3671=CARTESIAN_POINT('Ctrl Pts',(-33.202313655544,-29.1079205987082,19.6844044268005));
#3672=CARTESIAN_POINT('Ctrl Pts',(-33.2889749887559,-29.1043857449196,19.670222654805));
#3673=CARTESIAN_POINT('Ctrl Pts',(-32.9836544661916,-29.0007294655441,19.4561052179275));
#3674=CARTESIAN_POINT('Ctrl Pts',(-33.0686566881756,-29.001364206904,19.4415019664668));
#3675=CARTESIAN_POINT('Ctrl Pts',(-33.153704085115,-29.000105742367,19.4268855317086));
#3676=CARTESIAN_POINT('Ctrl Pts',(-33.2386790381023,-28.9969351274545,19.4122889816412));
#3677=CARTESIAN_POINT('Ctrl Pts',(-32.9648203082853,-28.7400897232697,19.3492924082307));
#3678=CARTESIAN_POINT('Ctrl Pts',(-33.0459914640928,-28.7403078090825,19.3349725919099));
#3679=CARTESIAN_POINT('Ctrl Pts',(-33.1271650233173,-28.7387018052073,19.3206739075669));
#3680=CARTESIAN_POINT('Ctrl Pts',(-33.2082761368473,-28.7352850143192,19.3063645770445));
#3681=CARTESIAN_POINT('Ctrl Pts',(-32.964820221745,-28.6091900195059,19.3492924234901));
#3682=CARTESIAN_POINT('Ctrl Pts',(-33.0440939440907,-28.609189965467,19.3353143273793));
#3683=CARTESIAN_POINT('Ctrl Pts',(-33.1233676619736,-28.6074145113791,19.3213362320555));
#3684=CARTESIAN_POINT('Ctrl Pts',(-33.2025642949561,-28.6038653987234,19.3073717288794));
#3685=CARTESIAN_POINT('',(-32.964820221745,-28.6091900195059,19.3492924234901));
#3686=CARTESIAN_POINT('Origin',(-32.9648116129601,-23.1334797670582,19.3492939415109));
#3687=CARTESIAN_POINT('Origin',(-33.0516443105785,-28.6091900195059,19.8416962999962));
#3688=CARTESIAN_POINT('Origin',(-32.1482678096284,-28.6091900195057,20.0009859508517));
#3689=CARTESIAN_POINT('',(-31.4648205624439,-28.6091900195057,19.6137828344784));
#3690=CARTESIAN_POINT('Origin',(-31.5516446512773,-28.6091900195057,20.1061867109845));
#3691=CARTESIAN_POINT('',(-32.0614437207949,-28.6091900195057,19.5085820743456));
#3692=CARTESIAN_POINT('Ctrl Pts',(-31.49113813632,-28.6007445980351,19.6092166477897));
#3693=CARTESIAN_POINT('Ctrl Pts',(-30.9232435494997,-28.6071847155603,19.7093404799575));
#3694=CARTESIAN_POINT('Ctrl Pts',(-29.593670759451,-28.1517310551194,19.9437706567092));
#3695=CARTESIAN_POINT('Ctrl Pts',(-28.963702607662,-26.8375548092613,20.0548550978144));
#3696=CARTESIAN_POINT('Ctrl Pts',(-28.9722371356527,-26.0828750149548,20.0533501760809));
#3697=CARTESIAN_POINT('Ctrl Pts',(-31.4921020288874,-28.7345663054903,19.6066534058023));
#3698=CARTESIAN_POINT('Ctrl Pts',(-30.8945636788155,-28.7379179164069,19.7122541684324));
#3699=CARTESIAN_POINT('Ctrl Pts',(-29.5018033918933,-28.2512481140106,19.9581183789824));
#3700=CARTESIAN_POINT('Ctrl Pts',(-28.8460325955871,-26.8728459764611,20.0737435933139));
#3701=CARTESIAN_POINT('Ctrl Pts',(-28.8549170792969,-26.0815998486661,20.072177071904));
#3702=CARTESIAN_POINT('Ctrl Pts',(-31.5136172993611,-28.999962299402,19.7128221581695));
#3703=CARTESIAN_POINT('Ctrl Pts',(-30.8564552896665,-28.9974038664903,19.822923220765));
#3704=CARTESIAN_POINT('Ctrl Pts',(-29.335955681832,-28.4489032244886,20.0783220089171));
#3705=CARTESIAN_POINT('Ctrl Pts',(-28.6277789208637,-26.9426672534067,20.1977445848026));
#3706=CARTESIAN_POINT('Ctrl Pts',(-28.6373741485549,-26.0790768325318,20.1961265500022));
#3707=CARTESIAN_POINT('Ctrl Pts',(-31.5606020314653,-29.1093378891896,19.97264951478));
#3708=CARTESIAN_POINT('Ctrl Pts',(-30.877107830002,-29.1115184447256,20.0763959805941));
#3709=CARTESIAN_POINT('Ctrl Pts',(-29.287520589994,-28.551961368734,20.3183228735835));
#3710=CARTESIAN_POINT('Ctrl Pts',(-28.5416562868658,-26.9800610185843,20.4323284521584));
#3711=CARTESIAN_POINT('Ctrl Pts',(-28.5517616180338,-26.0777262737506,20.4307838962159));
#3712=CARTESIAN_POINT('Ctrl Pts',(-31.5833602909707,-29.1090158699016,20.1018035595175));
#3713=CARTESIAN_POINT('Ctrl Pts',(-30.8996792116536,-29.1165254458778,20.2022561274691));
#3714=CARTESIAN_POINT('Ctrl Pts',(-29.2994643597498,-28.5676799739151,20.4373728241827));
#3715=CARTESIAN_POINT('Ctrl Pts',(-28.5415557767025,-26.9858667018274,20.5487300256176));
#3716=CARTESIAN_POINT('Ctrl Pts',(-28.551823612534,-26.077516662331,20.5472214036588));
#3717=CARTESIAN_POINT('',(-28.9648205624439,-26.1091900195057,20.0546002862495));
#3718=CARTESIAN_POINT('Origin',(-29.0516446512773,-26.1091900195057,20.5470041627556));
#3719=CARTESIAN_POINT('Origin',(-31.5516446512773,-26.1091900195057,20.1061867109845));
#3720=CARTESIAN_POINT('Origin',(-31.4648205624439,-26.1091900195057,19.6137828344784));
#3721=CARTESIAN_POINT('Origin',(-29.0516446512773,13.9408099805427,20.5470041627556));
#3722=CARTESIAN_POINT('',(-28.9648205624439,-25.566296800883,20.0546002862495));
#3723=CARTESIAN_POINT('Origin',(-29.0516446512773,-25.566296800883,20.5470041627556));
#3724=CARTESIAN_POINT('',(-28.9648205624438,13.9408099805427,20.0546002862495));
#3725=CARTESIAN_POINT('Origin',(-29.0516446512773,13.9408099805427,20.5470041627556));
#3726=CARTESIAN_POINT('',(-28.9648205624438,25.2908099805588,20.0546002862495));
#3727=CARTESIAN_POINT('Origin',(-29.0516446512773,25.2908099805588,20.5470041627556));
#3728=CARTESIAN_POINT('',(-28.9648205624438,24.7479167617487,20.0546002862495));
#3729=CARTESIAN_POINT('Origin',(-29.0516446512773,24.7479167617487,20.5470041627556));
#3730=CARTESIAN_POINT('',(-28.9648205624438,13.9408099805427,20.0546002862495));
#3731=CARTESIAN_POINT('Ctrl Pts',(-28.9719690593786,25.2654137776061,20.0533934934219));
#3732=CARTESIAN_POINT('Ctrl Pts',(-28.9659567090786,25.8331969600294,20.0544536324882));
#3733=CARTESIAN_POINT('Ctrl Pts',(-29.4222077988969,27.1620705050971,19.974004290558));
#3734=CARTESIAN_POINT('Ctrl Pts',(-30.7359470491355,27.7911600174177,19.7423577905542));
#3735=CARTESIAN_POINT('Ctrl Pts',(-31.4902267193485,27.7826600839855,19.6093722515658));
#3736=CARTESIAN_POINT('Ctrl Pts',(-28.8547437687137,25.2641839882235,20.0722699791107));
#3737=CARTESIAN_POINT('Ctrl Pts',(-28.8484847707612,25.8594624564572,20.0733741589631));
#3738=CARTESIAN_POINT('Ctrl Pts',(-29.3234319224392,27.2525318697738,19.989586536506));
#3739=CARTESIAN_POINT('Ctrl Pts',(-30.6975408244478,27.9207695912664,19.7471477993014));
#3740=CARTESIAN_POINT('Ctrl Pts',(-31.4911565230167,27.9163805700482,19.6069006133201));
#3741=CARTESIAN_POINT('Ctrl Pts',(-28.6372864853581,25.2617498148297,20.1962369362852));
#3742=CARTESIAN_POINT('Ctrl Pts',(-28.6305272129574,25.9114478121993,20.1973765339693));
#3743=CARTESIAN_POINT('Ctrl Pts',(-29.1433959341715,27.4320524099495,20.110905735113));
#3744=CARTESIAN_POINT('Ctrl Pts',(-30.6398219649707,28.1781870364498,19.8593285056243));
#3745=CARTESIAN_POINT('Ctrl Pts',(-31.512581128347,28.1816629097529,19.713112503197));
#3746=CARTESIAN_POINT('Ctrl Pts',(-28.5517133317706,25.2604472522366,20.4308723957886));
#3747=CARTESIAN_POINT('Ctrl Pts',(-28.5445940536407,25.9392698398315,20.4319605881562));
#3748=CARTESIAN_POINT('Ctrl Pts',(-29.0848082558123,27.5275645669551,20.3493853818836));
#3749=CARTESIAN_POINT('Ctrl Pts',(-30.6517974505755,28.2938237801567,20.1106886066505));
#3750=CARTESIAN_POINT('Ctrl Pts',(-31.5595198599363,28.2909965734251,19.9729115076731));
#3751=CARTESIAN_POINT('Ctrl Pts',(-28.5518064589478,25.2602454828039,20.547353122395));
#3752=CARTESIAN_POINT('Ctrl Pts',(-28.5445735348184,25.9435763395487,20.5484157869737));
#3753=CARTESIAN_POINT('Ctrl Pts',(-29.0934472654333,27.5428751288789,20.467775010908));
#3754=CARTESIAN_POINT('Ctrl Pts',(-30.6743207598146,28.3005697293693,20.2355099209224));
#3755=CARTESIAN_POINT('Ctrl Pts',(-31.5822858916285,28.2906424080374,20.1021084186927));
#3756=CARTESIAN_POINT('',(-31.4648205624439,27.7908099805588,19.6137828344784));
#3757=CARTESIAN_POINT('',(-31.5516446512773,28.2908099805588,20.1061867109845));
#3758=CARTESIAN_POINT('Origin',(-31.5516446512773,27.7908099805588,20.1061867109845));
#3759=CARTESIAN_POINT('Origin',(-31.5516446512773,25.2908099805588,20.1061867109845));
#3760=CARTESIAN_POINT('Origin',(-31.4648205624439,25.2908099805588,19.6137828344784));
#3761=CARTESIAN_POINT('Origin',(-34.3304220078358,27.7908099805588,19.6162132896415));
#3762=CARTESIAN_POINT('',(-32.9648205620794,27.7908099805588,19.3492923634799));
#3763=CARTESIAN_POINT('',(-33.0516446536647,28.2908099805588,19.8416962684023));
#3764=CARTESIAN_POINT('Origin',(-33.0516446509128,27.7908099805588,19.841696239986));
#3765=CARTESIAN_POINT('',(-34.3304220078358,28.2908099805588,19.6162132896415));
#3766=CARTESIAN_POINT('',(-34.2435979190023,27.7908099805588,19.1238094131354));
#3767=CARTESIAN_POINT('Ctrl Pts',(-33.311760869948,28.2849845809924,19.7997775416082));
#3768=CARTESIAN_POINT('Ctrl Pts',(-33.2251121842277,28.2888674697492,19.8137413997932));
#3769=CARTESIAN_POINT('Ctrl Pts',(-33.1383784283486,28.290809921201,19.8277188482399));
#3770=CARTESIAN_POINT('Ctrl Pts',(-33.0516446670645,28.2908099805588,19.8416962974743));
#3771=CARTESIAN_POINT('Ctrl Pts',(-33.2889629751059,28.2860061970599,19.6702246208563));
#3772=CARTESIAN_POINT('Ctrl Pts',(-33.202305645964,28.2895407079196,19.6844057377028));
#3773=CARTESIAN_POINT('Ctrl Pts',(-33.1156257551804,28.2911569124835,19.6985929878781));
#3774=CARTESIAN_POINT('Ctrl Pts',(-33.028914172042,28.2908099961148,19.7127852543023));
#3775=CARTESIAN_POINT('Ctrl Pts',(-33.2386671514256,28.1785563323475,19.412290212725));
#3776=CARTESIAN_POINT('Ctrl Pts',(-33.1536961258079,28.1817266246632,19.4268860882616));
#3777=CARTESIAN_POINT('Ctrl Pts',(-33.0686526330539,28.182984925931,19.4415018641396));
#3778=CARTESIAN_POINT('Ctrl Pts',(-32.9836543447875,28.1823502141743,19.4561044397935));
#3779=CARTESIAN_POINT('Ctrl Pts',(-33.2082648908722,27.9169054493872,19.3063665600133));
#3780=CARTESIAN_POINT('Ctrl Pts',(-33.1271575245661,27.9203219142357,19.320675229459));
#3781=CARTESIAN_POINT('Ctrl Pts',(-33.0459877223106,27.9219277598634,19.334973252018));
#3782=CARTESIAN_POINT('Ctrl Pts',(-32.9648203229294,27.9217096843617,19.3492924056485));
#3783=CARTESIAN_POINT('Ctrl Pts',(-33.2025533140917,27.7854858518608,19.3073736651021));
#3784=CARTESIAN_POINT('Ctrl Pts',(-33.1233603390355,27.7890346363566,19.3213375232871));
#3785=CARTESIAN_POINT('Ctrl Pts',(-33.0440902897747,27.790809926309,19.3353149717338));
#3786=CARTESIAN_POINT('Ctrl Pts',(-32.9648202360472,27.7908099805589,19.3492924209682));
#3787=CARTESIAN_POINT('',(-33.2025533140917,27.7854858518608,19.3073736651021));
#3788=CARTESIAN_POINT('Origin',(-32.964811613636,22.3150997494136,19.3492939414219));
#3789=CARTESIAN_POINT('',(-33.3117607887213,28.2849845846308,19.7997765865245));
#3790=CARTESIAN_POINT('Origin',(-33.2893774029252,27.7854858518608,19.7997775416082));
#3791=CARTESIAN_POINT('Origin',(-33.051606245882,22.329268221437,19.841519541719));
#3792=CARTESIAN_POINT('Ctrl Pts',(-35.9531219861421,27.5138904430147,19.3741700459601));
#3793=CARTESIAN_POINT('Ctrl Pts',(-35.1475819134777,27.9789804593367,19.5036840788261));
#3794=CARTESIAN_POINT('Ctrl Pts',(-34.2371759468937,28.2435373587395,19.6509362018037));
#3795=CARTESIAN_POINT('Ctrl Pts',(-33.3117488313919,28.2849851201845,19.7997775416092));
#3796=CARTESIAN_POINT('Ctrl Pts',(-35.932482716106,27.5258068190755,19.2181000043597));
#3797=CARTESIAN_POINT('Ctrl Pts',(-35.1230378919892,27.9884826875373,19.3503465705572));
#3798=CARTESIAN_POINT('Ctrl Pts',(-34.2112905331881,28.2490775075617,19.5001363748002));
#3799=CARTESIAN_POINT('Ctrl Pts',(-33.2856941080217,28.2861520515837,19.6517174577206));
#3800=CARTESIAN_POINT('Ctrl Pts',(-35.8264188746498,27.4243830625044,18.948683531118));
#3801=CARTESIAN_POINT('Ctrl Pts',(-35.0334962558369,27.8751004066043,19.0852319672066));
#3802=CARTESIAN_POINT('Ctrl Pts',(-34.139215980012,28.1276003490726,19.2395679365791));
#3803=CARTESIAN_POINT('Ctrl Pts',(-33.2349277618418,28.1613553698339,19.3955060238023));
#3804=CARTESIAN_POINT('Ctrl Pts',(-35.6739315311531,27.1838140036228,18.871603005899));
#3805=CARTESIAN_POINT('Ctrl Pts',(-34.9221154609395,27.6158754443058,19.0042088766809));
#3806=CARTESIAN_POINT('Ctrl Pts',(-34.0693948229781,27.8615272856337,19.1544883974313));
#3807=CARTESIAN_POINT('Ctrl Pts',(-33.2074463051759,27.8981310406453,19.3065108987576));
#3808=CARTESIAN_POINT('Ctrl Pts',(-35.6162933664535,27.0808803570445,18.881766169454));
#3809=CARTESIAN_POINT('Ctrl Pts',(-34.8817827864752,27.5049604856728,19.01128020232));
#3810=CARTESIAN_POINT('Ctrl Pts',(-34.0466744985326,27.7476795967598,19.1585323252976));
#3811=CARTESIAN_POINT('Ctrl Pts',(-33.2025533140859,27.7854858517285,19.3073736651031));
#3812=CARTESIAN_POINT('',(-35.6162933664535,27.0808803570445,18.881766169454));
#3813=CARTESIAN_POINT('Origin',(-33.3001742981113,23.6764485023823,19.2901604517357));
#3814=CARTESIAN_POINT('',(-35.9531219517274,27.5138904628841,19.3741696563689));
#3815=CARTESIAN_POINT('Origin',(-35.7031174552869,27.0808803570445,19.3741700459601));
#3816=CARTESIAN_POINT('Ctrl Pts',(-35.9531219861421,27.5138904430147,19.3741700459601));
#3817=CARTESIAN_POINT('Ctrl Pts',(-35.1475853389544,27.9789784815891,19.503683528081));
#3818=CARTESIAN_POINT('Ctrl Pts',(-34.2371836897078,28.2435351087337,19.6509349494549));
#3819=CARTESIAN_POINT('Ctrl Pts',(-33.3117606372428,28.2849845914153,19.7997756428116));
#3820=CARTESIAN_POINT('Origin',(-45.6548685837222,21.3352341641026,17.6194078167211));
#3821=CARTESIAN_POINT('',(-42.7148205624442,22.9825437695577,17.6301043015081));
#3822=CARTESIAN_POINT('Origin',(-42.8016446512776,22.9825437695577,18.1225081780142));
#3823=CARTESIAN_POINT('',(-45.9048685837222,21.7682468659948,17.6194078167211));
#3824=CARTESIAN_POINT('',(-45.5680444948888,21.3352341641026,17.127003940215));
#3825=CARTESIAN_POINT('Ctrl Pts',(-42.712210545112,22.9830803296194,17.6305652533146));
#3826=CARTESIAN_POINT('Ctrl Pts',(-43.0909155491899,22.7649446789638,17.5637894223564));
#3827=CARTESIAN_POINT('Ctrl Pts',(-43.7304741779272,22.125535251426,17.4510180076915));
#3828=CARTESIAN_POINT('Ctrl Pts',(-43.9644008531831,21.2519633138352,17.4097703985998));
#3829=CARTESIAN_POINT('Ctrl Pts',(-43.9639460070194,20.8149405665808,17.4098506002985));
#3830=CARTESIAN_POINT('Ctrl Pts',(-42.7506768141822,23.0519812757017,17.6236442583062));
#3831=CARTESIAN_POINT('Ctrl Pts',(-43.1417747532216,22.8281610575434,17.5546735226451));
#3832=CARTESIAN_POINT('Ctrl Pts',(-43.803737222602,22.169791113551,17.4379452237099));
#3833=CARTESIAN_POINT('Ctrl Pts',(-44.046532614234,21.2666969023299,17.3951346747399));
#3834=CARTESIAN_POINT('Ctrl Pts',(-44.0460605255069,20.814854444583,17.3952179151154));
#3835=CARTESIAN_POINT('Ctrl Pts',(-42.8339940041248,23.189278565539,17.6476603841322));
#3836=CARTESIAN_POINT('Ctrl Pts',(-43.2500139815809,22.9541140589633,17.5755531653314));
#3837=CARTESIAN_POINT('Ctrl Pts',(-43.9569589899873,22.2579614570759,17.4530848590851));
#3838=CARTESIAN_POINT('Ctrl Pts',(-44.2175339067437,21.2960655007717,17.4079705999397));
#3839=CARTESIAN_POINT('Ctrl Pts',(-44.2170272509892,20.8146827770631,17.4080583191149));
#3840=CARTESIAN_POINT('Ctrl Pts',(-42.9712042566797,23.3772709478194,17.8117142430554));
#3841=CARTESIAN_POINT('Ctrl Pts',(-43.4210345687816,23.1249683468081,17.7392948085112));
#3842=CARTESIAN_POINT('Ctrl Pts',(-44.1872841032852,22.3751896804338,17.6161760091761));
#3843=CARTESIAN_POINT('Ctrl Pts',(-44.4705216280107,21.3350028576872,17.5707660929974));
#3844=CARTESIAN_POINT('Ctrl Pts',(-44.4699709096656,20.8144551756471,17.5708543868984));
#3845=CARTESIAN_POINT('Ctrl Pts',(-43.033535765284,23.4260280261854,18.0059469194693));
#3846=CARTESIAN_POINT('Ctrl Pts',(-43.4911119552372,23.1661445801809,17.9370001846041));
#3847=CARTESIAN_POINT('Ctrl Pts',(-44.2670179997744,22.3991711381203,17.820275993961));
#3848=CARTESIAN_POINT('Ctrl Pts',(-44.5522357253311,21.3430288225907,17.7774464243297));
#3849=CARTESIAN_POINT('Ctrl Pts',(-44.5516811526953,20.8144082623117,17.777529701636));
#3850=CARTESIAN_POINT('Ctrl Pts',(-43.0490216420316,23.4170690363824,18.1230327473094));
#3851=CARTESIAN_POINT('Ctrl Pts',(-43.5036223104695,23.1552314455735,18.0562361084916));
#3852=CARTESIAN_POINT('Ctrl Pts',(-44.2713690217956,22.3876975541226,17.9434272263749));
#3853=CARTESIAN_POINT('Ctrl Pts',(-44.552189067988,21.3390432711063,17.9021648413289));
#3854=CARTESIAN_POINT('Ctrl Pts',(-44.5516430425448,20.814431556162,17.9022450717552));
#3855=CARTESIAN_POINT('',(-43.9648205624442,20.8174802600966,17.4096955756225));
#3856=CARTESIAN_POINT('Origin',(-44.0516446512777,20.8174802600966,17.9020994521286));
#3857=CARTESIAN_POINT('Origin',(-41.4648205624442,20.8174802600966,17.8505130273936));
#3858=CARTESIAN_POINT('Origin',(-44.0516446512774,-11.888550563043,17.9020994521286));
#3859=CARTESIAN_POINT('',(-43.9648205624442,18.5908099804328,17.4096955756225));
#3860=CARTESIAN_POINT('Origin',(-44.0516446512776,18.5908099804328,17.9020994521286));
#3861=CARTESIAN_POINT('',(-43.964820562444,-11.888550563043,17.4096955756225));
#3862=CARTESIAN_POINT('Ctrl Pts',(-43.9632790349281,18.5917037360834,17.4099699325219));
#3863=CARTESIAN_POINT('Ctrl Pts',(-43.9634875552795,18.4795640768049,17.4099331648895));
#3864=CARTESIAN_POINT('Ctrl Pts',(-43.872411373961,18.2173962118814,17.4259922954919));
#3865=CARTESIAN_POINT('Ctrl Pts',(-43.6134219878313,18.0919791791425,17.4716589893177));
#3866=CARTESIAN_POINT('Ctrl Pts',(-43.4639267331899,18.0922189663612,17.4980187241264));
#3867=CARTESIAN_POINT('Ctrl Pts',(-44.0455967427999,18.5918561178055,17.395183143622));
#3868=CARTESIAN_POINT('Ctrl Pts',(-44.0458459079828,18.4605967101756,17.3951391902686));
#3869=CARTESIAN_POINT('Ctrl Pts',(-43.9370128054928,18.1540697463194,17.4143376198026));
#3870=CARTESIAN_POINT('Ctrl Pts',(-43.6351341224555,18.0141812502271,17.4675870084206));
#3871=CARTESIAN_POINT('Ctrl Pts',(-43.4637582793846,18.0169632645118,17.4978290236875));
#3872=CARTESIAN_POINT('Ctrl Pts',(-44.2168320223607,18.5921595487787,17.4079313079727));
#3873=CARTESIAN_POINT('Ctrl Pts',(-44.2171626446356,18.4228277825121,17.4078767634866));
#3874=CARTESIAN_POINT('Ctrl Pts',(-44.0727426177162,18.0280149409886,17.4317024250277));
#3875=CARTESIAN_POINT('Ctrl Pts',(-43.6847958958945,17.8592850072712,17.4958191719064));
#3876=CARTESIAN_POINT('Ctrl Pts',(-43.4694229407968,17.8671138787723,17.5314801796248));
#3877=CARTESIAN_POINT('Ctrl Pts',(-44.4699852389973,18.5925614972785,17.5708615008925));
#3878=CARTESIAN_POINT('Ctrl Pts',(-44.4704183703192,18.3727968600723,17.5708055799829));
#3879=CARTESIAN_POINT('Ctrl Pts',(-44.2812190510392,17.8603656126594,17.5952327680022));
#3880=CARTESIAN_POINT('Ctrl Pts',(-43.7765531190639,17.6448670046781,17.6604613275025));
#3881=CARTESIAN_POINT('Ctrl Pts',(-43.4981508780357,17.6564270432742,17.6965452982264));
#3882=CARTESIAN_POINT('Ctrl Pts',(-44.5516923367116,18.5926442650614,17.7775582935721));
#3883=CARTESIAN_POINT('Ctrl Pts',(-44.5521328933705,18.362495115529,17.7775141693629));
#3884=CARTESIAN_POINT('Ctrl Pts',(-44.3596995734314,17.8254626498176,17.7967873965003));
#3885=CARTESIAN_POINT('Ctrl Pts',(-43.8297040577444,17.5843137745073,17.8499469792333));
#3886=CARTESIAN_POINT('Ctrl Pts',(-43.5303905797575,17.5908074134505,17.8800589263246));
#3887=CARTESIAN_POINT('Ctrl Pts',(-44.5516429461958,18.5926031321008,17.9022882107807));
#3888=CARTESIAN_POINT('Ctrl Pts',(-44.5520614746985,18.3676161029645,17.9022513198499));
#3889=CARTESIAN_POINT('Ctrl Pts',(-44.369259132828,17.8416370469067,17.9183643168202));
#3890=CARTESIAN_POINT('Ctrl Pts',(-43.8496910085135,17.5902459283811,17.9641615115208));
#3891=CARTESIAN_POINT('Ctrl Pts',(-43.549880863498,17.5908116754413,17.990588180656));
#3892=CARTESIAN_POINT('',(-43.4648205624442,18.0908099804329,17.4978590659767));
#3893=CARTESIAN_POINT('',(-43.5516446512777,17.5908099804329,17.9902629424828));
#3894=CARTESIAN_POINT('Origin',(-43.5516446512777,18.0908099804329,17.9902629424828));
#3895=CARTESIAN_POINT('Origin',(-43.5516446512777,18.5908099804329,17.9902629424828));
#3896=CARTESIAN_POINT('Origin',(-43.4648205624442,18.5908099804329,17.4978590659767));
#3897=CARTESIAN_POINT('Origin',(-40.1208008823504,18.0908099804329,18.5952132655402));
#3898=CARTESIAN_POINT('',(-41.4648205624439,18.0908099804329,17.8505130273937));
#3899=CARTESIAN_POINT('',(-41.5516446512774,17.5908099804329,18.3429169038998));
#3900=CARTESIAN_POINT('Origin',(-41.5516446512774,18.0908099804329,18.3429169038998));
#3901=CARTESIAN_POINT('',(-40.1208008823504,17.5908099804329,18.5952132655402));
#3902=CARTESIAN_POINT('',(-40.0339767935169,18.0908099804329,18.1028093890341));
#3903=CARTESIAN_POINT('Ctrl Pts',(-41.5650298504109,11.590827856009,18.3435827104957));
#3904=CARTESIAN_POINT('Ctrl Pts',(-41.1120139926775,11.5888401913732,18.4368316076666));
#3905=CARTESIAN_POINT('Ctrl Pts',(-39.7538900354652,11.8834566818427,18.7163746625081));
#3906=CARTESIAN_POINT('Ctrl Pts',(-38.2029970115587,13.824294329794,19.035527574546));
#3907=CARTESIAN_POINT('Ctrl Pts',(-38.8697317808809,16.7355285527187,18.8983312644171));
#3908=CARTESIAN_POINT('Ctrl Pts',(-40.6631432393874,17.5950803214908,18.5292273533081));
#3909=CARTESIAN_POINT('Ctrl Pts',(-41.5650307220301,17.5907897415995,18.3435825305266));
#3910=CARTESIAN_POINT('Ctrl Pts',(-41.5518503893008,11.5912902909745,18.2688516204492));
#3911=CARTESIAN_POINT('Ctrl Pts',(-41.0986895675497,11.5913093715571,18.3608513856885));
#3912=CARTESIAN_POINT('Ctrl Pts',(-39.7426229265534,11.8931109584223,18.63644525737));
#3913=CARTESIAN_POINT('Ctrl Pts',(-38.2077603242126,13.8299868983389,18.9498223227677));
#3914=CARTESIAN_POINT('Ctrl Pts',(-38.8658028417582,16.7227798413625,18.8152802054024));
#3915=CARTESIAN_POINT('Ctrl Pts',(-40.6496585721449,17.5906097404838,18.4520110689564));
#3916=CARTESIAN_POINT('Ctrl Pts',(-41.5518513795817,17.5903274032358,18.2688514311915));
#3917=CARTESIAN_POINT('Ctrl Pts',(-41.5258474202802,11.5571951387883,18.1205561021936));
#3918=CARTESIAN_POINT('Ctrl Pts',(-41.0670895991987,11.5599778796969,18.210080523754));
#3919=CARTESIAN_POINT('Ctrl Pts',(-39.6976985866826,11.8753219573839,18.4778705909627));
#3920=CARTESIAN_POINT('Ctrl Pts',(-38.1672698537153,13.8292233329575,18.7798189246031));
#3921=CARTESIAN_POINT('Ctrl Pts',(-38.820806612928,16.729521626557,18.6505359018772));
#3922=CARTESIAN_POINT('Ctrl Pts',(-40.6124884452715,17.6191885320769,18.2987908578448));
#3923=CARTESIAN_POINT('Ctrl Pts',(-41.5258485950892,17.624422662801,18.1205558938505));
#3924=CARTESIAN_POINT('Ctrl Pts',(-41.4897606886593,11.3885450510286,17.911815166245));
#3925=CARTESIAN_POINT('Ctrl Pts',(-41.005211350555,11.391437209274,17.9995397712316));
#3926=CARTESIAN_POINT('Ctrl Pts',(-39.5586906512863,11.7243143762074,18.2616362208689));
#3927=CARTESIAN_POINT('Ctrl Pts',(-37.9423245860444,13.7869710346884,18.5556459104939));
#3928=CARTESIAN_POINT('Ctrl Pts',(-38.6324944670382,16.8482947981266,18.4299549061651));
#3929=CARTESIAN_POINT('Ctrl Pts',(-40.5250512813207,17.7876378161735,18.0864683771105));
#3930=CARTESIAN_POINT('Ctrl Pts',(-41.4897619372685,17.7930726293985,17.9118149498144));
#3931=CARTESIAN_POINT('Ctrl Pts',(-41.4791766206798,11.2009310299231,17.847251481504));
#3932=CARTESIAN_POINT('Ctrl Pts',(-40.9667758812042,11.2006280437784,17.9375375050834));
#3933=CARTESIAN_POINT('Ctrl Pts',(-39.4329185329708,11.5406772334653,18.2079217841107));
#3934=CARTESIAN_POINT('Ctrl Pts',(-37.6950861589413,13.730247373416,18.5141299962436));
#3935=CARTESIAN_POINT('Ctrl Pts',(-38.4403435492165,17.0019042977362,18.3828653861501));
#3936=CARTESIAN_POINT('Ctrl Pts',(-40.4590461560735,17.9816535246307,18.0270011541773));
#3937=CARTESIAN_POINT('Ctrl Pts',(-41.4791777310592,17.9806863548227,17.8472512810957));
#3938=CARTESIAN_POINT('Ctrl Pts',(-41.4797723216842,11.087749043729,17.847886723416));
#3939=CARTESIAN_POINT('Ctrl Pts',(-40.9507912813083,11.0854792851762,17.9411617741166));
#3940=CARTESIAN_POINT('Ctrl Pts',(-39.3649934122015,11.4296818940491,18.2207817497228));
#3941=CARTESIAN_POINT('Ctrl Pts',(-37.5544467720437,13.6958917611076,18.5400346354679));
#3942=CARTESIAN_POINT('Ctrl Pts',(-38.3327643867955,17.0948771959671,18.402792859387));
#3943=CARTESIAN_POINT('Ctrl Pts',(-40.4266500426534,18.0987759328309,18.0335834059542));
#3944=CARTESIAN_POINT('Ctrl Pts',(-41.4797733422133,18.0938681600025,17.8478865435964));
#3945=CARTESIAN_POINT('',(-41.4648205624439,11.0908099804329,17.8505130273937));
#3946=CARTESIAN_POINT('',(-41.5516446512774,11.5908099804328,18.3429169038998));
#3947=CARTESIAN_POINT('Origin',(-41.5516446512774,11.0908099804329,18.3429169038998));
#3948=CARTESIAN_POINT('Origin',(-41.5516446512774,14.5908099804329,18.3429169038998));
#3949=CARTESIAN_POINT('Origin',(-41.4648205624439,14.5908099804329,17.8505130273937));
#3950=CARTESIAN_POINT('Origin',(-38.6660314167609,11.0908099804328,18.8517283730345));
#3951=CARTESIAN_POINT('',(-38.5792073279275,11.0908099804328,18.3593244965284));
#3952=CARTESIAN_POINT('',(-38.6660314167609,11.5908099804329,18.8517283730345));
#3953=CARTESIAN_POINT('Origin',(-33.6472097204348,-25.5662968008831,19.7366820494618));
#3954=CARTESIAN_POINT('',(-30.5691266119253,-25.566296800883,19.7717178444121));
#3955=CARTESIAN_POINT('',(-30.6559507007588,-25.066296800883,20.2641217209182));
#3956=CARTESIAN_POINT('Origin',(-30.6559507007588,-25.566296800883,20.2641217209182));
#3957=CARTESIAN_POINT('',(-29.0516446512773,-25.066296800883,20.5470041627556));
#3958=CARTESIAN_POINT('',(-33.6472097204348,-25.0662968008831,19.7366820494618));
#3959=CARTESIAN_POINT('Origin',(-29.0516446512773,-25.566296800883,20.5470041627556));
#3960=CARTESIAN_POINT('',(-33.5603856316013,-25.5662968008831,19.2442781729557));
#3961=CARTESIAN_POINT('Origin',(-30.6559507007588,-23.066296800883,20.2641217209182));
#3962=CARTESIAN_POINT('',(-33.0311459944558,-23.066296800883,19.3375974002448));
#3963=CARTESIAN_POINT('',(-32.6255662067832,-23.066296800883,19.9168253655844));
#3964=CARTESIAN_POINT('Origin',(-33.1179700832893,-23.066296800883,19.8300012767509));
#3965=CARTESIAN_POINT('Origin',(-30.6559507007588,-23.066296800883,20.2641217209182));
#3966=CARTESIAN_POINT('Origin',(-30.5691266119253,-23.066296800883,19.7717178444121));
#3967=CARTESIAN_POINT('Origin',(-33.1179700832894,-10.5806366289917,19.8300012767509));
#3968=CARTESIAN_POINT('',(-33.0311459944559,-20.75208323851,19.3375974002448));
#3969=CARTESIAN_POINT('',(-32.6255662067832,-20.75208323851,19.9168253655844));
#3970=CARTESIAN_POINT('Origin',(-33.1179700832893,-20.75208323851,19.8300012767509));
#3971=CARTESIAN_POINT('',(-32.6255662067833,-10.5806366289917,19.9168253655844));
#3972=CARTESIAN_POINT('',(-33.0311459944559,-10.5806366289917,19.3375974002448));
#3973=CARTESIAN_POINT('Origin',(-30.6559507007588,-20.7520832385099,20.2641217209182));
#3974=CARTESIAN_POINT('',(-32.6191005704667,-19.3675438553395,19.4102521257716));
#3975=CARTESIAN_POINT('',(-32.2959298677311,-19.6444517319736,19.9749491467951));
#3976=CARTESIAN_POINT('Origin',(-32.7059246593001,-19.3675438553395,19.9026560022776));
#3977=CARTESIAN_POINT('Origin',(-30.6559507007588,-20.7520832385099,20.2641217209182));
#3978=CARTESIAN_POINT('Origin',(-30.5691266119253,-20.7520832385099,19.7717178444121));
#3979=CARTESIAN_POINT('Ctrl Pts',(-32.6191005704818,-19.3675438553626,19.4102521257689));
#3980=CARTESIAN_POINT('Ctrl Pts',(-32.5504747496567,-19.2627760938932,19.4223527095536));
#3981=CARTESIAN_POINT('Ctrl Pts',(-32.5046525641427,-19.0432075449846,19.4304323971748));
#3982=CARTESIAN_POINT('Ctrl Pts',(-32.6260469690852,-18.76596367646,19.4090272882764));
#3983=CARTESIAN_POINT('Ctrl Pts',(-32.7614394473756,-18.6612102582309,19.3851539413688));
#3984=CARTESIAN_POINT('Ctrl Pts',(-32.8376064503153,-18.6287332955709,19.3717236437108));
#3985=CARTESIAN_POINT('Ctrl Pts',(-32.5117641850005,-19.4400381679236,19.429178426541));
#3986=CARTESIAN_POINT('Ctrl Pts',(-32.4264323385109,-19.3071134505102,19.4442726684428));
#3987=CARTESIAN_POINT('Ctrl Pts',(-32.3715282893852,-19.0309959974868,19.4539060824835));
#3988=CARTESIAN_POINT('Ctrl Pts',(-32.5253139400585,-18.6848775740838,19.4268437421866));
#3989=CARTESIAN_POINT('Ctrl Pts',(-32.6946215149944,-18.5540907649254,19.3969410568133));
#3990=CARTESIAN_POINT('Ctrl Pts',(-32.7898623800528,-18.5132795614855,19.3801422114669));
#3991=CARTESIAN_POINT('Ctrl Pts',(-32.3168654087311,-19.5843906281941,19.5736669617172));
#3992=CARTESIAN_POINT('Ctrl Pts',(-32.1978619786906,-19.3957044404329,19.592070343267));
#3993=CARTESIAN_POINT('Ctrl Pts',(-32.1244790709972,-19.006403986751,19.6008608246385));
#3994=CARTESIAN_POINT('Ctrl Pts',(-32.3418863408647,-18.5234911304765,19.559338179128));
#3995=CARTESIAN_POINT('Ctrl Pts',(-32.5787058966118,-18.3405580957887,19.5173832531913));
#3996=CARTESIAN_POINT('Ctrl Pts',(-32.7118763940392,-18.2832102285104,19.4942122305618));
#3997=CARTESIAN_POINT('Ctrl Pts',(-32.2731993742592,-19.6444517319268,19.846038112588));
#3998=CARTESIAN_POINT('Ctrl Pts',(-32.1367818167978,-19.4339102635125,19.8627367152101));
#3999=CARTESIAN_POINT('Ctrl Pts',(-32.0477827608904,-18.9970591053845,19.8663318320507));
#4000=CARTESIAN_POINT('Ctrl Pts',(-32.2903743302499,-18.4485447793392,19.8142069360424));
#4001=CARTESIAN_POINT('Ctrl Pts',(-32.5587008547221,-18.2414282967054,19.7662678444222));
#4002=CARTESIAN_POINT('Ctrl Pts',(-32.7098764215245,-18.1766619890633,19.7405233225311));
#4003=CARTESIAN_POINT('Ctrl Pts',(-32.2959298675609,-19.6444517319275,19.9749491460067));
#4004=CARTESIAN_POINT('Ctrl Pts',(-32.1574980961611,-19.4354176552272,19.9905367517377));
#4005=CARTESIAN_POINT('Ctrl Pts',(-32.0638933699502,-18.9971148519583,19.9923802792783));
#4006=CARTESIAN_POINT('Ctrl Pts',(-32.3051529845472,-18.4432790506314,19.9383963431854));
#4007=CARTESIAN_POINT('Ctrl Pts',(-32.5758350034894,-18.2338161104073,19.8898974270153));
#4008=CARTESIAN_POINT('Ctrl Pts',(-32.7283182694528,-18.1687985418561,19.8641275202169));
#4009=CARTESIAN_POINT('',(-32.8376064503153,-18.6287332955709,19.3717236437108));
#4010=CARTESIAN_POINT('',(-32.7283182691767,-18.1687985403898,19.8641275201691));
#4011=CARTESIAN_POINT('Origin',(-32.9244305391487,-18.6287332955709,19.8641275202169));
#4012=CARTESIAN_POINT('Ctrl Pts',(-32.7283182694528,-18.1687985418561,19.8641275202169));
#4013=CARTESIAN_POINT('Ctrl Pts',(-32.5758350034894,-18.2338161104073,19.8898974270153));
#4014=CARTESIAN_POINT('Ctrl Pts',(-32.3051529845472,-18.4432790506314,19.9383963431854));
#4015=CARTESIAN_POINT('Ctrl Pts',(-32.0638933699502,-18.9971148519583,19.9923802792783));
#4016=CARTESIAN_POINT('Ctrl Pts',(-32.1574980961611,-19.4354176552272,19.9905367517377));
#4017=CARTESIAN_POINT('Ctrl Pts',(-32.2959298675609,-19.6444517319275,19.9749491460067));
#4018=CARTESIAN_POINT('Ctrl Pts',(-32.6191005704818,-19.3675438553626,19.4102521257689));
#4019=CARTESIAN_POINT('Ctrl Pts',(-32.5504747496567,-19.2627760938932,19.4223527095536));
#4020=CARTESIAN_POINT('Ctrl Pts',(-32.5046525641427,-19.0432075449846,19.4304323971748));
#4021=CARTESIAN_POINT('Ctrl Pts',(-32.6260469690852,-18.76596367646,19.4090272882764));
#4022=CARTESIAN_POINT('Ctrl Pts',(-32.7614394473756,-18.6612102582309,19.3851539413688));
#4023=CARTESIAN_POINT('Ctrl Pts',(-32.8376064503153,-18.6287332955709,19.3717236437108));
#4024=CARTESIAN_POINT('Ctrl Pts',(-31.5469350994414,-12.4091921694414,20.1084739677421));
#4025=CARTESIAN_POINT('Ctrl Pts',(-32.3310474449338,-12.4078890774499,19.9471326602595));
#4026=CARTESIAN_POINT('Ctrl Pts',(-33.4960172076085,-12.8931789087075,19.7074154445608));
#4027=CARTESIAN_POINT('Ctrl Pts',(-34.6161658197223,-14.5503071365475,19.4769137502063));
#4028=CARTESIAN_POINT('Ctrl Pts',(-34.6319161265782,-16.6565733920847,19.473672795649));
#4029=CARTESIAN_POINT('Ctrl Pts',(-33.4457122477773,-17.8643272282703,19.7177668100993));
#4030=CARTESIAN_POINT('Ctrl Pts',(-32.7239610258293,-18.1706538845414,19.8662813680902));
#4031=CARTESIAN_POINT('Ctrl Pts',(-31.5241274835084,-12.409588746576,19.979111834738));
#4032=CARTESIAN_POINT('Ctrl Pts',(-32.3085095776085,-12.4021604960343,19.8215474170927));
#4033=CARTESIAN_POINT('Ctrl Pts',(-33.4822407623653,-12.8806075255181,19.5866950516294));
#4034=CARTESIAN_POINT('Ctrl Pts',(-34.6164458354517,-14.5433350249412,19.3604653542259));
#4035=CARTESIAN_POINT('Ctrl Pts',(-34.6324376578542,-16.6666785409663,19.357264317188));
#4036=CARTESIAN_POINT('Ctrl Pts',(-33.4313924118958,-17.8759102379279,19.596864839453));
#4037=CARTESIAN_POINT('Ctrl Pts',(-32.7053028607646,-18.1782181054663,19.7422483190244));
#4038=CARTESIAN_POINT('Ctrl Pts',(-31.4784951416818,-12.3010924464913,19.7213438036172));
#4039=CARTESIAN_POINT('Ctrl Pts',(-32.2928905035143,-12.2885363094406,19.5710086134755));
#4040=CARTESIAN_POINT('Ctrl Pts',(-33.5169714260625,-12.7783127082381,19.3458427295865));
#4041=CARTESIAN_POINT('Ctrl Pts',(-34.7045631159059,-14.5065913275282,19.1278563113168));
#4042=CARTESIAN_POINT('Ctrl Pts',(-34.7210354395247,-16.7204264830838,19.1248549156875));
#4043=CARTESIAN_POINT('Ctrl Pts',(-33.4639444012884,-17.9744793028456,19.3555648901525));
#4044=CARTESIAN_POINT('Ctrl Pts',(-32.7069888923814,-18.2849383943835,19.4949286295769));
#4045=CARTESIAN_POINT('Ctrl Pts',(-31.4592193254434,-12.0393845467944,19.614459943565));
#4046=CARTESIAN_POINT('Ctrl Pts',(-32.3409744299375,-12.0340505074355,19.4591280627952));
#4047=CARTESIAN_POINT('Ctrl Pts',(-33.6559494832991,-12.5748513042441,19.2271881148172));
#4048=CARTESIAN_POINT('Ctrl Pts',(-34.9238227295459,-14.4400593373374,19.0037938811948));
#4049=CARTESIAN_POINT('Ctrl Pts',(-34.9416105725953,-16.816745733124,19.0005601745947));
#4050=CARTESIAN_POINT('Ctrl Pts',(-33.5990956030352,-18.1744133468604,19.2372879138392));
#4051=CARTESIAN_POINT('Ctrl Pts',(-32.784961045857,-18.5160817016787,19.3807236529438));
#4052=CARTESIAN_POINT('Ctrl Pts',(-31.4590628398361,-11.908089566675,19.6147993923473));
#4053=CARTESIAN_POINT('Ctrl Pts',(-32.374144837066,-11.9065309279685,19.4534445980175));
#4054=CARTESIAN_POINT('Ctrl Pts',(-33.7337531953776,-12.4728391162419,19.2137097011082));
#4055=CARTESIAN_POINT('Ctrl Pts',(-35.0410872728446,-14.4067995213178,18.9831901288213));
#4056=CARTESIAN_POINT('Ctrl Pts',(-35.0594704157824,-16.8649934321115,18.9799495079951));
#4057=CARTESIAN_POINT('Ctrl Pts',(-33.6750421820858,-18.2744937352566,19.2240613988627));
#4058=CARTESIAN_POINT('Ctrl Pts',(-32.8327114799035,-18.6319620520524,19.3725879571712));
#4059=CARTESIAN_POINT('',(-31.4648205624438,-11.9091900195671,19.6137828344784));
#4060=CARTESIAN_POINT('',(-31.5516446512773,-12.4091900195671,20.1061867109845));
#4061=CARTESIAN_POINT('Origin',(-31.5516446512773,-11.9091900195671,20.1061867109845));
#4062=CARTESIAN_POINT('Origin',(-31.5516446512773,-15.4091900195671,20.1061867109845));
#4063=CARTESIAN_POINT('Origin',(-31.4648205624438,-15.4091900195671,19.6137828344784));
#4064=CARTESIAN_POINT('Origin',(-33.8167998647963,-11.9091900195671,19.7067787313486));
#4065=CARTESIAN_POINT('',(-29.4648205624439,-11.9091900195671,19.9664367958953));
#4066=CARTESIAN_POINT('',(-29.5516446512773,-12.4091900195671,20.4588406724014));
#4067=CARTESIAN_POINT('Origin',(-29.5516446512773,-11.9091900195671,20.4588406724014));
#4068=CARTESIAN_POINT('',(-33.8167998647963,-12.4091900195671,19.7067787313486));
#4069=CARTESIAN_POINT('',(-33.7299757759628,-11.9091900195671,19.2143748548425));
#4070=CARTESIAN_POINT('Ctrl Pts',(-29.4658655063684,-11.9075425855816,19.9662554607954));
#4071=CARTESIAN_POINT('Ctrl Pts',(-29.3536779205134,-11.9078277995581,19.9860356328852));
#4072=CARTESIAN_POINT('Ctrl Pts',(-29.0912956609934,-11.8168288289762,20.0323004194981));
#4073=CARTESIAN_POINT('Ctrl Pts',(-28.9659278880902,-11.5576552902832,20.0544073056742));
#4074=CARTESIAN_POINT('Ctrl Pts',(-28.9662629185585,-11.4081453071254,20.054348227654));
#4075=CARTESIAN_POINT('Ctrl Pts',(-29.4660537323606,-12.0390255063595,19.9657573020411));
#4076=CARTESIAN_POINT('Ctrl Pts',(-29.3251224094553,-12.0360675168128,19.9907405856524));
#4077=CARTESIAN_POINT('Ctrl Pts',(-29.0014124708822,-11.9145326652235,20.0478687787958));
#4078=CARTESIAN_POINT('Ctrl Pts',(-28.8507285887132,-11.593029016551,20.0743575512574));
#4079=CARTESIAN_POINT('Ctrl Pts',(-28.8511312883141,-11.4078963857398,20.0742867601566));
#4080=CARTESIAN_POINT('Ctrl Pts',(-29.4854086666283,-12.3006321146381,20.0724235368657));
#4081=CARTESIAN_POINT('Ctrl Pts',(-29.2864882872791,-12.2914781656574,20.1017142867809));
#4082=CARTESIAN_POINT('Ctrl Pts',(-28.8383268146971,-12.109361656382,20.1680023924812));
#4083=CARTESIAN_POINT('Ctrl Pts',(-28.6359951112773,-11.6633175658965,20.1981520444577));
#4084=CARTESIAN_POINT('Ctrl Pts',(-28.6365358626349,-11.4074017657834,20.1980714674271));
#4085=CARTESIAN_POINT('Ctrl Pts',(-29.5310134188167,-12.4092523333808,20.3297522825817));
#4086=CARTESIAN_POINT('Ctrl Pts',(-29.3062228853196,-12.40450529228,20.3528381471163));
#4087=CARTESIAN_POINT('Ctrl Pts',(-28.7904861487228,-12.2112782574861,20.4059445915784));
#4088=CARTESIAN_POINT('Ctrl Pts',(-28.5509944528294,-11.7010875229075,20.4307488946654));
#4089=CARTESIAN_POINT('Ctrl Pts',(-28.5516344917122,-11.4071360049472,20.4306826059915));
#4090=CARTESIAN_POINT('Ctrl Pts',(-29.5537502243411,-12.4091877176606,20.4587125122659));
#4091=CARTESIAN_POINT('Ctrl Pts',(-29.3286550766155,-12.4096792418792,20.4785562514801));
#4092=CARTESIAN_POINT('Ctrl Pts',(-28.8023500248187,-12.2269212251818,20.5249537885776));
#4093=CARTESIAN_POINT('Ctrl Pts',(-28.5509752311178,-11.7070089836122,20.5471142477047));
#4094=CARTESIAN_POINT('Ctrl Pts',(-28.5516470007288,-11.4070943429449,20.5470550264805));
#4095=CARTESIAN_POINT('',(-28.9648205624439,-11.4091900195671,20.0546002862495));
#4096=CARTESIAN_POINT('Origin',(-29.0516446512773,-11.4091900195671,20.5470041627556));
#4097=CARTESIAN_POINT('Origin',(-29.5516446512773,-11.4091900195671,20.4588406724014));
#4098=CARTESIAN_POINT('Origin',(-29.4648205624439,-11.4091900195671,19.9664367958953));
#4099=CARTESIAN_POINT('Origin',(-29.0516446512773,13.9408099805427,20.5470041627556));
#4100=CARTESIAN_POINT('',(-28.9648205624438,10.5908099804329,20.0546002862495));
#4101=CARTESIAN_POINT('Origin',(-29.0516446512773,10.5908099804329,20.5470041627556));
#4102=CARTESIAN_POINT('',(-28.9648205624438,13.9408099805427,20.0546002862495));
#4103=CARTESIAN_POINT('Ctrl Pts',(-28.9662130058078,10.5898012853483,20.054356874605));
#4104=CARTESIAN_POINT('Ctrl Pts',(-28.9659774515561,10.7020136045084,20.0543984098766));
#4105=CARTESIAN_POINT('Ctrl Pts',(-29.0571337027661,10.9643802311283,20.0383248319933));
#4106=CARTESIAN_POINT('Ctrl Pts',(-29.3163487626057,11.0895959691555,19.9926171425006));
#4107=CARTESIAN_POINT('Ctrl Pts',(-29.4658295323367,11.0892194781702,19.966261605829));
#4108=CARTESIAN_POINT('Ctrl Pts',(-28.8511001540044,10.5895609991209,20.0743046708125));
#4109=CARTESIAN_POINT('Ctrl Pts',(-28.8508169742252,10.7285040946733,20.074354566516));
#4110=CARTESIAN_POINT('Ctrl Pts',(-28.9603996457384,11.0532682020215,20.0550463070422));
#4111=CARTESIAN_POINT('Ctrl Pts',(-29.2782423795303,11.2167362905181,19.9990659218267));
#4112=CARTESIAN_POINT('Ctrl Pts',(-29.4660112373933,11.2206822711719,19.965780747268));
#4113=CARTESIAN_POINT('Ctrl Pts',(-28.6365208250862,10.5890835001453,20.1980921203141));
#4114=CARTESIAN_POINT('Ctrl Pts',(-28.636140638551,10.7811456635671,20.1981487375701));
#4115=CARTESIAN_POINT('Ctrl Pts',(-28.7832555541398,11.2303526085354,20.176240222372));
#4116=CARTESIAN_POINT('Ctrl Pts',(-29.2203301552552,11.47006413191,20.1114766582804));
#4117=CARTESIAN_POINT('Ctrl Pts',(-29.4853485291412,11.4822677684269,20.0724542336835));
#4118=CARTESIAN_POINT('Ctrl Pts',(-28.5516280522734,10.5888269552825,20.4306996883499));
#4119=CARTESIAN_POINT('Ctrl Pts',(-28.551177920659,10.8094291378135,20.4307463299326));
#4120=CARTESIAN_POINT('Ctrl Pts',(-28.7253657360019,11.3248435569898,20.4126972180617));
#4121=CARTESIAN_POINT('Ctrl Pts',(-29.2314616217523,11.584548147088,20.360534452892));
#4122=CARTESIAN_POINT('Ctrl Pts',(-29.5309445249804,11.5908786792454,20.3297785746545));
#4123=CARTESIAN_POINT('Ctrl Pts',(-28.5516467798548,10.5887867535688,20.5470807028938));
#4124=CARTESIAN_POINT('Ctrl Pts',(-28.5511745050386,10.8138606979426,20.5471223357007));
#4125=CARTESIAN_POINT('Ctrl Pts',(-28.7339382621493,11.3401099051788,20.5310110210388));
#4126=CARTESIAN_POINT('Ctrl Pts',(-29.2537952213382,11.5914608378827,20.4851835938807));
#4127=CARTESIAN_POINT('Ctrl Pts',(-29.5536829016349,11.5908077542373,20.4587473208004));
#4128=CARTESIAN_POINT('',(-29.4648205624439,11.0908099804329,19.9664367958953));
#4129=CARTESIAN_POINT('',(-29.5516446512773,11.5908099804329,20.4588406724014));
#4130=CARTESIAN_POINT('Origin',(-29.5516446512773,11.0908099804329,20.4588406724014));
#4131=CARTESIAN_POINT('Origin',(-29.5516446512773,10.5908099804329,20.4588406724014));
#4132=CARTESIAN_POINT('Origin',(-29.4648205624439,10.5908099804329,19.9664367958953));
#4133=CARTESIAN_POINT('Origin',(-32.3620303992069,11.0908099804329,19.9632938388429));
#4134=CARTESIAN_POINT('',(-31.4648205624439,11.0908099804329,19.6137828344784));
#4135=CARTESIAN_POINT('Origin',(-31.5516446512773,11.0908099804329,20.1061867109845));
#4136=CARTESIAN_POINT('',(-32.3620303992069,11.5908099804329,19.9632938388429));
#4137=CARTESIAN_POINT('',(-32.2752063103734,11.0908099804329,19.4708899623368));
#4138=CARTESIAN_POINT('Ctrl Pts',(-32.7192089252763,17.35428743734,19.8674304612512));
#4139=CARTESIAN_POINT('Ctrl Pts',(-33.0826573079858,17.2007105462907,19.7926410831625));
#4140=CARTESIAN_POINT('Ctrl Pts',(-34.0803977298811,16.5304703577167,19.5873248870557));
#4141=CARTESIAN_POINT('Ctrl Pts',(-34.8761694793959,14.5723589373409,19.4235629792652));
#4142=CARTESIAN_POINT('Ctrl Pts',(-33.8926792450469,12.2313536624984,19.6259555771406));
#4143=CARTESIAN_POINT('Ctrl Pts',(-32.3276066284866,11.5881036811245,19.9480150763745));
#4144=CARTESIAN_POINT('Ctrl Pts',(-31.5417771558437,11.5908247891518,20.1097148107748));
#4145=CARTESIAN_POINT('Ctrl Pts',(-32.7004964216087,17.3617874663312,19.7433210159163));
#4146=CARTESIAN_POINT('Ctrl Pts',(-33.0661162037903,17.2102431952894,19.6701099394139));
#4147=CARTESIAN_POINT('Ctrl Pts',(-34.0728569222154,16.5433412161297,19.4688606308525));
#4148=CARTESIAN_POINT('Ctrl Pts',(-34.88072744579,14.572181233024,19.3079648493559));
#4149=CARTESIAN_POINT('Ctrl Pts',(-33.8822162283292,12.2160104373655,19.5068208092635));
#4150=CARTESIAN_POINT('Ctrl Pts',(-32.3050178733338,11.5824405657426,19.8223591117498));
#4151=CARTESIAN_POINT('Ctrl Pts',(-31.5189577701083,11.5913109335231,19.9802695402444));
#4152=CARTESIAN_POINT('Ctrl Pts',(-32.7019639430693,17.4687661687778,19.4953906234861));
#4153=CARTESIAN_POINT('Ctrl Pts',(-33.0831518086971,17.3131370935957,19.4252197081656));
#4154=CARTESIAN_POINT('Ctrl Pts',(-34.1346685166103,16.6246489001508,19.2319469899025));
#4155=CARTESIAN_POINT('Ctrl Pts',(-34.9820878357318,14.571439770252,19.0766190461292));
#4156=CARTESIAN_POINT('Ctrl Pts',(-33.9347037968167,12.1170771259553,19.2685941543812));
#4157=CARTESIAN_POINT('Ctrl Pts',(-32.2891976538371,11.4685680181105,19.5712127197766));
#4158=CARTESIAN_POINT('Ctrl Pts',(-31.4730207892058,11.4826471529027,19.7218558102352));
#4159=CARTESIAN_POINT('Ctrl Pts',(-32.7798770786198,17.7008665390204,19.3812257586338));
#4160=CARTESIAN_POINT('Ctrl Pts',(-33.1899574228433,17.5295205889642,19.3089893302845));
#4161=CARTESIAN_POINT('Ctrl Pts',(-34.3174590617227,16.7784073731101,19.1102617816112));
#4162=CARTESIAN_POINT('Ctrl Pts',(-35.2196458036274,14.5699819725869,18.9513030545948));
#4163=CARTESIAN_POINT('Ctrl Pts',(-34.104608303473,11.9298911194471,19.1477713520014));
#4164=CARTESIAN_POINT('Ctrl Pts',(-32.3372430267059,11.2130978842759,19.4593808658116));
#4165=CARTESIAN_POINT('Ctrl Pts',(-31.4533075529464,11.2200179114449,19.6150693141124));
#4166=CARTESIAN_POINT('Ctrl Pts',(-32.8276963876623,17.8173084395157,19.3734779436914));
#4167=CARTESIAN_POINT('Ctrl Pts',(-33.2520348073887,17.6380016184132,19.2986543763001));
#4168=CARTESIAN_POINT('Ctrl Pts',(-34.416935360046,16.8554656846709,19.0932498662039));
#4169=CARTESIAN_POINT('Ctrl Pts',(-35.3460350150615,14.5692670605399,18.9294224749107));
#4170=CARTESIAN_POINT('Ctrl Pts',(-34.1977652054221,11.8360217831788,19.1318958243608));
#4171=CARTESIAN_POINT('Ctrl Pts',(-32.3704830793224,11.0850005025971,19.4540946077009));
#4172=CARTESIAN_POINT('Ctrl Pts',(-31.4530037282393,11.088179887738,19.615874027369));
#4173=CARTESIAN_POINT('',(-32.8376064500468,17.8103532565512,19.3717236437581));
#4174=CARTESIAN_POINT('Origin',(-32.9244305388803,17.8103532565512,19.8641275202642));
#4175=CARTESIAN_POINT('Origin',(-31.4648205624439,14.5908099804329,19.6137828344784));
#4176=CARTESIAN_POINT('Ctrl Pts',(-32.8376064501326,17.8103532565146,19.371723643743));
#4177=CARTESIAN_POINT('Ctrl Pts',(-32.7233559428843,17.8590687017701,19.3918690907305));
#4178=CARTESIAN_POINT('Ctrl Pts',(-32.5659403900146,18.0168430934798,19.4196256998846));
#4179=CARTESIAN_POINT('Ctrl Pts',(-32.517372522741,18.3161896684659,19.4281895252804));
#4180=CARTESIAN_POINT('Ctrl Pts',(-32.5733500221473,18.4793186402281,19.4183191818225));
#4181=CARTESIAN_POINT('Ctrl Pts',(-32.6191005705174,18.5491638162823,19.4102521257626));
#4182=CARTESIAN_POINT('Ctrl Pts',(-32.7898623798244,17.6948995224492,19.3801422115072));
#4183=CARTESIAN_POINT('Ctrl Pts',(-32.6470010786872,17.7561163291984,19.4053404801529));
#4184=CARTESIAN_POINT('Ctrl Pts',(-32.4500148864661,17.9525839195473,19.4401826529273));
#4185=CARTESIAN_POINT('Ctrl Pts',(-32.386386840374,18.327226430488,19.4513259960527));
#4186=CARTESIAN_POINT('Ctrl Pts',(-32.4548762859505,18.5330416483727,19.4392412547215));
#4187=CARTESIAN_POINT('Ctrl Pts',(-32.5117641850447,18.6216581288578,19.4291784265332));
#4188=CARTESIAN_POINT('Ctrl Pts',(-32.7118759393201,17.4648294508527,19.4942114398104));
#4189=CARTESIAN_POINT('Ctrl Pts',(-32.5121201882157,17.5508512540023,19.528967974619));
#4190=CARTESIAN_POINT('Ctrl Pts',(-32.2362404172611,17.8252181011865,19.5784011653833));
#4191=CARTESIAN_POINT('Ctrl Pts',(-32.1436843723642,18.3493427908217,19.5991117800321));
#4192=CARTESIAN_POINT('Ctrl Pts',(-32.2375288109085,18.6402203380846,19.5859350578652));
#4193=CARTESIAN_POINT('Ctrl Pts',(-32.3168644329363,18.7660111330621,19.5736661365222));
#4194=CARTESIAN_POINT('Ctrl Pts',(-32.709876421162,17.3582819500844,19.7405233225928));
#4195=CARTESIAN_POINT('Ctrl Pts',(-32.4831130653245,17.4554314140696,19.7791401063915));
#4196=CARTESIAN_POINT('Ctrl Pts',(-32.1712564436702,17.766269851471,19.8365668676226));
#4197=CARTESIAN_POINT('Ctrl Pts',(-32.0721382614454,18.359916683332,19.8668523470397));
#4198=CARTESIAN_POINT('Ctrl Pts',(-32.182254333729,18.6857107104584,19.8571705146091));
#4199=CARTESIAN_POINT('Ctrl Pts',(-32.2731993743297,18.826071692901,19.8460381125794));
#4200=CARTESIAN_POINT('Ctrl Pts',(-32.7283182690869,17.3504185028779,19.8641275202787));
#4201=CARTESIAN_POINT('Ctrl Pts',(-32.4995933644592,17.4479448582379,19.90278238144));
#4202=CARTESIAN_POINT('Ctrl Pts',(-32.185164188906,17.7633221212393,19.9612334308104));
#4203=CARTESIAN_POINT('Ctrl Pts',(-32.0901158905785,18.3611259112028,19.9936105745967));
#4204=CARTESIAN_POINT('Ctrl Pts',(-32.2036420177062,18.6867156382932,19.9853408834157));
#4205=CARTESIAN_POINT('Ctrl Pts',(-32.2959298676325,18.826071692901,19.9749491459986));
#4206=CARTESIAN_POINT('',(-32.6191005705174,18.5491638162823,19.4102521257626));
#4207=CARTESIAN_POINT('',(-32.2959298676325,18.826071692901,19.9749491459987));
#4208=CARTESIAN_POINT('Origin',(-32.7059246593509,18.5491638162823,19.9026560022687));
#4209=CARTESIAN_POINT('Ctrl Pts',(-32.2959298676325,18.826071692901,19.9749491459986));
#4210=CARTESIAN_POINT('Ctrl Pts',(-32.2395505675252,18.7409380937244,19.9812975318689));
#4211=CARTESIAN_POINT('Ctrl Pts',(-32.1964279580634,18.6470597585461,19.9853114101861));
#4212=CARTESIAN_POINT('Ctrl Pts',(-32.1680166482824,18.5488646062936,19.9868923590256));
#4213=CARTESIAN_POINT('Ctrl Pts',(-32.1499211960374,18.4863231148254,19.9878992814254));
#4214=CARTESIAN_POINT('Ctrl Pts',(-32.1377943099506,18.422029854801,19.987919165401));
#4215=CARTESIAN_POINT('Ctrl Pts',(-32.1320227887416,18.357127396101,19.986925365671));
#4216=CARTESIAN_POINT('Ctrl Pts',(-32.132007053257,18.3569504459338,19.9869226561738));
#4217=CARTESIAN_POINT('Ctrl Pts',(-32.1319913650219,18.3567734912685,19.9869199391413));
#4218=CARTESIAN_POINT('Ctrl Pts',(-32.1319757240443,18.3565965321285,19.986917214573));
#4219=CARTESIAN_POINT('Ctrl Pts',(-32.1208978249038,18.2312632211114,19.9849875083108));
#4220=CARTESIAN_POINT('Ctrl Pts',(-32.1335253156567,18.1036809794763,19.9792773957036));
#4221=CARTESIAN_POINT('Ctrl Pts',(-32.1687733892282,17.983118012458,19.9702306484073));
#4222=CARTESIAN_POINT('Ctrl Pts',(-32.1803891427392,17.94338733882,19.9672493567785));
#4223=CARTESIAN_POINT('Ctrl Pts',(-32.1944615136613,17.9044193623927,19.9639057301335));
#4224=CARTESIAN_POINT('Ctrl Pts',(-32.210951805928,17.8665470091229,19.960215692314));
#4225=CARTESIAN_POINT('Ctrl Pts',(-32.2110206858747,17.8663888163128,19.9602002790269));
#4226=CARTESIAN_POINT('Ctrl Pts',(-32.2110896080046,17.8662306426257,19.9601848596943));
#4227=CARTESIAN_POINT('Ctrl Pts',(-32.211158572315,17.866072488086,19.9601694343177));
#4228=CARTESIAN_POINT('Ctrl Pts',(-32.2578550577766,17.758984327212,19.9497247438747));
#4229=CARTESIAN_POINT('Ctrl Pts',(-32.323894968307,17.6606750158322,19.9365086517593));
#4230=CARTESIAN_POINT('Ctrl Pts',(-32.4043308651595,17.5763830008506,19.9214510976891));
#4231=CARTESIAN_POINT('Ctrl Pts',(-32.4844025865471,17.4924726200018,19.9064617170584));
#4232=CARTESIAN_POINT('Ctrl Pts',(-32.578738688118,17.4224552854094,19.8896478857116));
#4233=CARTESIAN_POINT('Ctrl Pts',(-32.6824186000066,17.3714747705748,19.871928011177));
#4234=CARTESIAN_POINT('Ctrl Pts',(-32.6975252549563,17.3640466677462,19.8693461414062));
#4235=CARTESIAN_POINT('Ctrl Pts',(-32.7128302313789,17.3570226361917,19.8667450326069));
#4236=CARTESIAN_POINT('Ctrl Pts',(-32.7283182668009,17.3504184975167,19.8641275202787));
#4237=CARTESIAN_POINT('Ctrl Pts',(-32.8376064501326,17.8103532565146,19.371723643743));
#4238=CARTESIAN_POINT('Ctrl Pts',(-32.7233559428843,17.8590687017701,19.3918690907305));
#4239=CARTESIAN_POINT('Ctrl Pts',(-32.5659403900146,18.0168430934798,19.4196256998846));
#4240=CARTESIAN_POINT('Ctrl Pts',(-32.517372522741,18.3161896684659,19.4281895252804));
#4241=CARTESIAN_POINT('Ctrl Pts',(-32.5733500221473,18.4793186402281,19.4183191818225));
#4242=CARTESIAN_POINT('Ctrl Pts',(-32.6191005705174,18.5491638162823,19.4102521257626));
#4243=CARTESIAN_POINT('Origin',(-30.655950700759,19.9337031993756,20.2641217209182));
#4244=CARTESIAN_POINT('',(-33.0311459944561,19.9337031993756,19.3375974002448));
#4245=CARTESIAN_POINT('',(-32.6255662067834,19.9337031993756,19.9168253655843));
#4246=CARTESIAN_POINT('Origin',(-33.1179700832895,19.9337031993756,19.8300012767509));
#4247=CARTESIAN_POINT('Origin',(-30.655950700759,19.9337031993756,20.2641217209182));
#4248=CARTESIAN_POINT('Origin',(-30.5691266119255,19.9337031993756,19.7717178444121));
#4249=CARTESIAN_POINT('Origin',(-33.1179700832895,10.9193633711376,19.8300012767509));
#4250=CARTESIAN_POINT('',(-33.0311459944561,22.2479167617487,19.3375974002448));
#4251=CARTESIAN_POINT('',(-32.6255662067834,22.2479167617487,19.9168253655843));
#4252=CARTESIAN_POINT('Origin',(-33.1179700832895,22.2479167617487,19.8300012767509));
#4253=CARTESIAN_POINT('',(-32.6255662067834,10.9193633711376,19.9168253655843));
#4254=CARTESIAN_POINT('',(-33.0311459944561,10.9193633711376,19.3375974002448));
#4255=CARTESIAN_POINT('Origin',(-30.655950700759,22.2479167617487,20.2641217209182));
#4256=CARTESIAN_POINT('',(-30.5691266119256,24.7479167617487,19.7717178444121));
#4257=CARTESIAN_POINT('',(-30.655950700759,24.2479167617487,20.2641217209182));
#4258=CARTESIAN_POINT('Origin',(-30.655950700759,24.7479167617487,20.2641217209182));
#4259=CARTESIAN_POINT('Origin',(-30.655950700759,22.2479167617487,20.2641217209182));
#4260=CARTESIAN_POINT('Origin',(-30.5691266119256,22.2479167617487,19.7717178444121));
#4261=CARTESIAN_POINT('Origin',(-29.7079787083862,24.7479167617487,20.4312747601295));
#4262=CARTESIAN_POINT('',(-29.0516446512773,24.2479167617487,20.5470041627556));
#4263=CARTESIAN_POINT('Origin',(-29.0516446512773,24.7479167617487,20.5470041627556));
#4264=CARTESIAN_POINT('',(-29.7079787083862,24.2479167617487,20.4312747601295));
#4265=CARTESIAN_POINT('',(-29.6211546195527,24.7479167617487,19.9388708836234));
#4266=CARTESIAN_POINT('Origin',(-29.0516446512773,-25.566296800883,20.5470041627556));
#4267=CARTESIAN_POINT('Origin',(-29.0516446512773,-25.566296800883,20.5470041627556));
#4268=CARTESIAN_POINT('Origin',(-29.0516446512773,24.7479167617487,20.5470041627556));
#4269=CARTESIAN_POINT('Origin',(-29.0516446512773,24.7479167617487,20.5470041627556));
#4270=CARTESIAN_POINT('Origin',(-43.5516446512775,18.5908099804329,24.6104608972018));
#4271=CARTESIAN_POINT('',(-43.5516446512775,17.5908099804329,23.360460897202));
#4272=CARTESIAN_POINT('',(-43.5516446512775,17.5908099804329,24.6104608972018));
#4273=CARTESIAN_POINT('Origin',(-43.5516446512775,18.5908099804329,23.3604608972019));
#4274=CARTESIAN_POINT('Origin',(-44.551644651277,17.5908099804329,23.3604608972021));
#4275=CARTESIAN_POINT('',(-41.5516446512769,17.5908099804329,23.3604608972018));
#4276=CARTESIAN_POINT('',(-41.5516446512769,17.5908099804329,23.3604608972018));
#4277=CARTESIAN_POINT('',(-41.5516446512769,17.5908099804329,23.3604608972018));
#4278=CARTESIAN_POINT('Origin',(-41.5516446512769,14.5908099804329,23.3604608972018));
#4279=CARTESIAN_POINT('',(-41.5516446512769,11.5908099804329,23.3604608972018));
#4280=CARTESIAN_POINT('',(-41.5516446512769,11.5908099804329,23.3604608972018));
#4281=CARTESIAN_POINT('Origin',(-41.5516446512769,14.5908099804329,23.3604608972018));
#4282=CARTESIAN_POINT('Origin',(-41.5516446512769,11.5908099804329,23.3604608972018));
#4283=CARTESIAN_POINT('',(-43.5516446512775,11.5908099804329,23.360460897202));
#4284=CARTESIAN_POINT('',(-43.5516446512774,11.5908099804329,24.6104608972017));
#4285=CARTESIAN_POINT('',(-41.5516446512769,11.5908099804329,23.3604608972018));
#4286=CARTESIAN_POINT('Origin',(-43.5516446512774,10.5908099804329,24.6104608972017));
#4287=CARTESIAN_POINT('Origin',(-43.5516446512775,10.5908099804329,23.3604608972019));
#4288=CARTESIAN_POINT('Origin',(-43.5516446512773,-11.4091900195672,24.6104608972018));
#4289=CARTESIAN_POINT('',(-43.5516446512773,-12.4091900195672,23.360460897202));
#4290=CARTESIAN_POINT('',(-43.5516446512773,-12.4091900195672,24.6104608972018));
#4291=CARTESIAN_POINT('Origin',(-43.5516446512773,-11.4091900195672,23.3604608972019));
#4292=CARTESIAN_POINT('Origin',(-44.5516446512768,-12.4091900195672,23.3604608972021));
#4293=CARTESIAN_POINT('',(-41.5516446512768,-12.4091900195672,23.3604608972018));
#4294=CARTESIAN_POINT('',(-41.5516446512768,-12.4091900195672,23.3604608972018));
#4295=CARTESIAN_POINT('',(-41.5516446512768,-12.4091900195672,23.3604608972018));
#4296=CARTESIAN_POINT('Origin',(-41.5516446512768,-15.4091900195672,23.3604608972018));
#4297=CARTESIAN_POINT('',(-41.5516446512768,-18.4091900195672,23.3604608972018));
#4298=CARTESIAN_POINT('',(-41.5516446512768,-18.4091900195672,23.3604608972018));
#4299=CARTESIAN_POINT('Origin',(-41.5516446512768,-15.4091900195672,23.3604608972018));
#4300=CARTESIAN_POINT('Origin',(-41.5516446512768,-18.4091900195672,23.3604608972018));
#4301=CARTESIAN_POINT('',(-43.5516446512773,-18.4091900195672,23.360460897202));
#4302=CARTESIAN_POINT('',(-43.5516446512772,-18.4091900195672,24.6104608972017));
#4303=CARTESIAN_POINT('',(-41.5516446512768,-18.4091900195672,23.3604608972018));
#4304=CARTESIAN_POINT('Origin',(-43.5516446512772,-19.4091900195672,24.6104608972017));
#4305=CARTESIAN_POINT('Origin',(-43.5516446512773,-19.4091900195672,23.3604608972019));
#4306=CARTESIAN_POINT('Origin',(-31.5516446512772,-26.1091900195057,25.8604608972012));
#4307=CARTESIAN_POINT('Origin',(-29.0516446512773,-25.566296800883,22.8160893708067));
#4308=CARTESIAN_POINT('',(-29.0516446512773,-25.066296800883,22.8160893708067));
#4309=CARTESIAN_POINT('Origin',(-30.5691266119253,-25.066296800883,19.7717178444121));
#4310=CARTESIAN_POINT('',(-30.5691266119253,-25.066296800883,19.7717178444121));
#4311=CARTESIAN_POINT('Origin',(-36.5516446512775,-0.409190019473473,18.7168385014992));
#4312=CARTESIAN_POINT('Origin',(-29.0516446512772,24.7479167617487,23.5106820814744));
#4313=CARTESIAN_POINT('',(-29.0516446512773,24.2479167617487,22.4763147253386));
#4314=CARTESIAN_POINT('Origin',(-29.0516446512773,24.7479167617487,22.4763147253386));
#4315=CARTESIAN_POINT('',(-29.0516446512772,24.2479167617487,23.5106820814744));
#4316=CARTESIAN_POINT('Ctrl Pts',(-32.64894287684,-19.5432673156904,22.391205351547));
#4317=CARTESIAN_POINT('Ctrl Pts',(-32.5345514768793,-19.5791604904214,21.5856433863901));
#4318=CARTESIAN_POINT('Ctrl Pts',(-32.4167686348135,-19.6131276248901,20.7802420710929));
#4319=CARTESIAN_POINT('Ctrl Pts',(-32.2959298676324,-19.6444517320352,19.9749491459991));
#4320=CARTESIAN_POINT('Ctrl Pts',(-32.548505982396,-19.4120204264118,22.3950127546403));
#4321=CARTESIAN_POINT('Ctrl Pts',(-32.4367714632507,-19.4451737714988,21.5896679346911));
#4322=CARTESIAN_POINT('Ctrl Pts',(-32.3214002473458,-19.4764764077743,20.7845461641252));
#4323=CARTESIAN_POINT('Ctrl Pts',(-32.2026642203618,-19.5051422087796,19.9796172878572));
#4324=CARTESIAN_POINT('Ctrl Pts',(-32.4139434738978,-19.0994631388538,22.3910030983934));
#4325=CARTESIAN_POINT('Ctrl Pts',(-32.3091086410619,-19.1283127668535,21.5858109824036));
#4326=CARTESIAN_POINT('Ctrl Pts',(-32.2001829875748,-19.1552759231979,20.7809585784762));
#4327=CARTESIAN_POINT('Ctrl Pts',(-32.0874520467734,-19.1793934540833,19.9764385594029));
#4328=CARTESIAN_POINT('Ctrl Pts',(-32.4632372558365,-18.505913382934,22.3452880308151));
#4329=CARTESIAN_POINT('Ctrl Pts',(-32.3734603304823,-18.5339195870115,21.5393408408777));
#4330=CARTESIAN_POINT('Ctrl Pts',(-32.2794089879674,-18.5595929029243,20.7338466820511));
#4331=CARTESIAN_POINT('Ctrl Pts',(-32.1814184511949,-18.5820077254195,19.928787032253));
#4332=CARTESIAN_POINT('Ctrl Pts',(-32.7463993576195,-18.1719493984867,22.2876403772816));
#4333=CARTESIAN_POINT('Ctrl Pts',(-32.6667212605727,-18.206430309656,21.4804624887299));
#4334=CARTESIAN_POINT('Ctrl Pts',(-32.5830350685141,-18.2387168346882,20.673730934441));
#4335=CARTESIAN_POINT('Ctrl Pts',(-32.4958404100328,-18.2675827503156,19.8674040714644));
#4336=CARTESIAN_POINT('Ctrl Pts',(-32.9630470896396,-18.0564420206022,22.2528641939025));
#4337=CARTESIAN_POINT('Ctrl Pts',(-32.8873099642433,-18.0968218421746,21.4449379367698));
#4338=CARTESIAN_POINT('Ctrl Pts',(-32.8077855133845,-18.1350348684519,20.6374647369685));
#4339=CARTESIAN_POINT('Ctrl Pts',(-32.7248507511211,-18.1702744889902,19.8303628585393));
#4340=CARTESIAN_POINT('',(-32.9196495349252,-18.0791260116594,21.7942810559154));
#4341=CARTESIAN_POINT('Ctrl Pts',(-32.7283182683484,-18.1687985359911,19.8641275200257));
#4342=CARTESIAN_POINT('Ctrl Pts',(-32.7943276346351,-18.1406524652301,20.507261755413));
#4343=CARTESIAN_POINT('Ctrl Pts',(-32.8581683062518,-18.1106255903541,21.1506324827534));
#4344=CARTESIAN_POINT('Ctrl Pts',(-32.919649534926,-18.079126011659,21.794281055924));
#4345=CARTESIAN_POINT('Ctrl Pts',(-32.9630470896396,-18.0564420206022,22.2528641939025));
#4346=CARTESIAN_POINT('Ctrl Pts',(-32.9487159910942,-18.0640827542474,22.0999871108621));
#4347=CARTESIAN_POINT('Ctrl Pts',(-32.9342492880937,-18.0716459062065,21.9471262494517));
#4348=CARTESIAN_POINT('Ctrl Pts',(-32.9196495349243,-18.0791260116598,21.7942810559067));
#4349=CARTESIAN_POINT('Ctrl Pts',(-32.5723742112435,-19.5668451912359,21.8555150744004));
#4350=CARTESIAN_POINT('Ctrl Pts',(-32.4821828211203,-19.5940897909259,21.2285776757302));
#4351=CARTESIAN_POINT('Ctrl Pts',(-32.3899819738865,-19.6200713256288,20.6017305798341));
#4352=CARTESIAN_POINT('Ctrl Pts',(-32.2959298677515,-19.6444517320043,19.9749491467932));
#4353=CARTESIAN_POINT('Origin',(-28.551644651277,-18.4091900195671,23.3604608972005));
#4354=CARTESIAN_POINT('',(-31.551644651277,-18.4091900195671,23.3604608972008));
#4355=CARTESIAN_POINT('',(-31.551644651277,-18.4091900195671,23.3604608972008));
#4356=CARTESIAN_POINT('',(-29.5516446512773,-18.4091900195671,23.3604608972006));
#4357=CARTESIAN_POINT('',(-31.551644651277,-18.4091900195671,23.3604608972008));
#4358=CARTESIAN_POINT('',(-29.5516446512772,-18.4091900195671,24.6104608972008));
#4359=CARTESIAN_POINT('Origin',(-31.551644651277,-15.4091900195671,23.3604608972008));
#4360=CARTESIAN_POINT('',(-31.551644651277,-12.4091900195671,23.3604608972008));
#4361=CARTESIAN_POINT('',(-31.551644651277,-12.4091900195671,23.3604608972008));
#4362=CARTESIAN_POINT('Origin',(-31.551644651277,-15.4091900195671,23.3604608972008));
#4363=CARTESIAN_POINT('Ctrl Pts',(-32.2959298676325,18.826071692901,19.9749491459986));
#4364=CARTESIAN_POINT('Ctrl Pts',(-32.4167686348137,18.7947475857559,20.7802420710925));
#4365=CARTESIAN_POINT('Ctrl Pts',(-32.5345514768795,18.7607804512871,21.5856433863898));
#4366=CARTESIAN_POINT('Ctrl Pts',(-32.6489428768402,18.7248872765561,22.3912053515469));
#4367=CARTESIAN_POINT('Ctrl Pts',(-32.2026642203619,18.6867621696454,19.9796172878567));
#4368=CARTESIAN_POINT('Ctrl Pts',(-32.3214002473459,18.6580963686401,20.7845461641248));
#4369=CARTESIAN_POINT('Ctrl Pts',(-32.4367714632508,18.6267937323645,21.5896679346908));
#4370=CARTESIAN_POINT('Ctrl Pts',(-32.5485059823962,18.5936403872775,22.3950127546402));
#4371=CARTESIAN_POINT('Ctrl Pts',(-32.0874514078728,18.3610131122004,19.9764386293123));
#4372=CARTESIAN_POINT('Ctrl Pts',(-32.2001823486743,18.336895581315,20.7809586483857));
#4373=CARTESIAN_POINT('Ctrl Pts',(-32.3091080121993,18.3099324887729,21.5858110450817));
#4374=CARTESIAN_POINT('Ctrl Pts',(-32.4139428450352,18.2810828607733,22.3910031610717));
#4375=CARTESIAN_POINT('Ctrl Pts',(-32.1814176680074,17.7636270145656,19.9287871004509));
#4376=CARTESIAN_POINT('Ctrl Pts',(-32.2794082047799,17.7412121920705,20.7338467502492));
#4377=CARTESIAN_POINT('Ctrl Pts',(-32.3734595377803,17.7155389753779,21.5393409018063));
#4378=CARTESIAN_POINT('Ctrl Pts',(-32.4632364631346,17.6875327713003,22.3452880917438));
#4379=CARTESIAN_POINT('Ctrl Pts',(-32.4958404100329,17.4492027111814,19.8674040714639));
#4380=CARTESIAN_POINT('Ctrl Pts',(-32.5830350685142,17.420336795554,20.6737309344406));
#4381=CARTESIAN_POINT('Ctrl Pts',(-32.6667212605728,17.3880502705217,21.4804624887297));
#4382=CARTESIAN_POINT('Ctrl Pts',(-32.7463993576197,17.3535693593524,22.2876403772815));
#4383=CARTESIAN_POINT('Ctrl Pts',(-32.7248507511213,17.3518944498559,19.8303628585388));
#4384=CARTESIAN_POINT('Ctrl Pts',(-32.8077855133846,17.3166548293177,20.637464736968));
#4385=CARTESIAN_POINT('Ctrl Pts',(-32.8873099642435,17.2784418030404,21.4449379367695));
#4386=CARTESIAN_POINT('Ctrl Pts',(-32.9630470896398,17.2380619814679,22.2528641939024));
#4387=CARTESIAN_POINT('',(-32.5723741000819,18.7484652547691,21.8555151233999));
#4388=CARTESIAN_POINT('Ctrl Pts',(-32.2959298676325,18.826071692901,19.9749491459986));
#4389=CARTESIAN_POINT('Ctrl Pts',(-32.3899819738867,18.8016912864945,20.6017305798337));
#4390=CARTESIAN_POINT('Ctrl Pts',(-32.4821828211205,18.7757097517917,21.22857767573));
#4391=CARTESIAN_POINT('Ctrl Pts',(-32.5723742112437,18.7484651521016,21.8555150744003));
#4392=CARTESIAN_POINT('Ctrl Pts',(-32.3976256420914,17.9640129003867,21.8863279997204));
#4393=CARTESIAN_POINT('Ctrl Pts',(-32.3849215138677,18.0316598691159,21.8885680802926));
#4394=CARTESIAN_POINT('Ctrl Pts',(-32.3790712903666,18.1006731730311,21.889599632539));
#4395=CARTESIAN_POINT('Ctrl Pts',(-32.3812538064845,18.2385381020833,21.8892147960616));
#4396=CARTESIAN_POINT('Ctrl Pts',(-32.3893120787612,18.3071015428325,21.8877939052414));
#4397=CARTESIAN_POINT('Ctrl Pts',(-32.4194429879054,18.4418764839902,21.882481013006));
#4398=CARTESIAN_POINT('Ctrl Pts',(-32.4412973328178,18.5075388483838,21.8786275023522));
#4399=CARTESIAN_POINT('Ctrl Pts',(-32.497631793032,18.6330575966629,21.8686942170728));
#4400=CARTESIAN_POINT('Ctrl Pts',(-32.5321117670882,18.6928964364537,21.8626144673525));
#4401=CARTESIAN_POINT('Ctrl Pts',(-32.572374216544,18.7484651505099,21.8555151112041));
#4402=CARTESIAN_POINT('Origin',(-30.5691266119256,19.9337031993756,19.7717178444121));
#4403=CARTESIAN_POINT('',(-32.9554977443506,19.9337031993756,21.7879600963075));
#4404=CARTESIAN_POINT('',(-32.53874211795,19.9337031993756,19.4244214890782));
#4405=CARTESIAN_POINT('Origin',(-30.9858822383262,19.9337031993756,22.1352564516414));
#4406=CARTESIAN_POINT('Origin',(-22.6906645878279,24.2479167617488,21.1609032657475));
#4407=CARTESIAN_POINT('',(-30.9858822383262,24.2479167617487,22.1352564516414));
#4408=CARTESIAN_POINT('',(-23.1074202142285,24.2479167617488,23.5244418729768));
#4409=CARTESIAN_POINT('',(-30.5691266119256,24.2479167617487,19.7717178444121));
#4410=CARTESIAN_POINT('Origin',(-32.53874211795,22.2479167617487,19.4244214890782));
#4411=CARTESIAN_POINT('',(-32.9554977443506,22.2479167617487,21.7879600963075));
#4412=CARTESIAN_POINT('',(-32.53874211795,22.2479167617487,19.4244214890782));
#4413=CARTESIAN_POINT('',(-32.9554977443506,22.2479167617487,21.7879600963075));
#4414=CARTESIAN_POINT('Origin',(-30.5691266119256,22.2479167617487,19.7717178444121));
#4415=CARTESIAN_POINT('Origin',(-30.9858822383262,22.2479167617487,22.1352564516414));
#4416=CARTESIAN_POINT('Origin',(-28.0314589792896,21.0908099805622,22.6562009846422));
#4417=CARTESIAN_POINT('Origin',(-30.5691266119253,-23.066296800883,19.7717178444121));
#4418=CARTESIAN_POINT('',(-32.5387421179497,-23.066296800883,19.4244214890783));
#4419=CARTESIAN_POINT('Origin',(-32.5387421179498,-20.75208323851,19.4244214890783));
#4420=CARTESIAN_POINT('',(-32.5387421179498,-20.75208323851,19.4244214890783));
#4421=CARTESIAN_POINT('Origin',(-30.5691266119253,-20.7520832385099,19.7717178444121));
#4422=CARTESIAN_POINT('Origin',(-29.5516446512772,-11.4091900195671,24.610460897201));
#4423=CARTESIAN_POINT('',(-29.5516446512773,-12.4091900195671,23.3604608972006));
#4424=CARTESIAN_POINT('Origin',(-29.5516446512773,-11.4091900195671,23.3604608972007));
#4425=CARTESIAN_POINT('',(-29.5516446512772,-12.4091900195671,24.610460897201));
#4426=CARTESIAN_POINT('Origin',(-29.5516446512772,-19.4091900195671,24.6104608972008));
#4427=CARTESIAN_POINT('Origin',(-29.5516446512773,-19.4091900195671,23.3604608972007));
#4428=CARTESIAN_POINT('Origin',(-29.5516446512772,10.5908099804329,24.6104608972008));
#4429=CARTESIAN_POINT('',(-29.5516446512772,11.5908099804329,23.3604608972006));
#4430=CARTESIAN_POINT('',(-29.5516446512772,11.5908099804329,24.6104608972008));
#4431=CARTESIAN_POINT('Origin',(-29.5516446512772,10.5908099804329,23.3604608972007));
#4432=CARTESIAN_POINT('Origin',(-28.551644651277,11.5908099804329,23.3604608972005));
#4433=CARTESIAN_POINT('',(-31.551644651277,11.5908099804329,23.3604608972008));
#4434=CARTESIAN_POINT('Origin',(-41.5516446512768,-15.4091900195672,23.3604608972018));
#4435=CARTESIAN_POINT('',(-43.1766446512773,-15.4091900195672,23.3604608972019));
#4436=CARTESIAN_POINT('Origin',(-41.5516446512773,-15.4091900195672,23.3604608972018));
#4437=CARTESIAN_POINT('Origin',(-31.551644651277,14.5908099804329,23.3604608972008));
#4438=CARTESIAN_POINT('',(-33.1766446512773,14.5908099804329,23.3604608972008));
#4439=CARTESIAN_POINT('Origin',(-31.5516446512773,14.5908099804329,23.3604608972008));
#4440=CARTESIAN_POINT('Origin',(-41.5516446512769,14.5908099804329,23.3604608972018));
#4441=CARTESIAN_POINT('',(-43.1766446512773,14.5908099804328,23.3604608972019));
#4442=CARTESIAN_POINT('Origin',(-41.5516446512773,14.5908099804328,23.3604608972018));
#4443=CARTESIAN_POINT('Origin',(-31.551644651277,-12.4091900195671,23.3604608972008));
#4444=CARTESIAN_POINT('',(-31.551644651277,-12.4091900195671,23.3604608972008));
#4445=CARTESIAN_POINT('Origin',(-31.551644651277,-15.4091900195671,23.3604608972008));
#4446=CARTESIAN_POINT('',(-33.1766446512773,-15.4091900195671,23.3604608972008));
#4447=CARTESIAN_POINT('Origin',(-31.5516446512773,-15.4091900195671,23.3604608972008));
#4448=CARTESIAN_POINT('Origin',(-31.5516446512772,25.2908099805588,25.8604608972012));
#4449=CARTESIAN_POINT('',(-31.5516446512772,28.2908099805588,25.8604608972012));
#4450=CARTESIAN_POINT('Origin',(-44.5516446512775,22.5495310676655,25.8604608972015));
#4451=CARTESIAN_POINT('',(-35.9531219861419,27.5138904430147,25.8604608972013));
#4452=CARTESIAN_POINT('Ctrl Pts',(-35.9531219861419,27.5138904430147,25.3604608972013));
#4453=CARTESIAN_POINT('Ctrl Pts',(-35.9531219861421,27.5138904430147,18.1769118757119));
#4454=CARTESIAN_POINT('Ctrl Pts',(-34.7274000835144,28.221578414159,25.3604608972013));
#4455=CARTESIAN_POINT('Ctrl Pts',(-34.7274000835146,28.221578414159,18.1769118757119));
#4456=CARTESIAN_POINT('Ctrl Pts',(-33.3117605669797,28.2849845945623,25.3604608972013));
#4457=CARTESIAN_POINT('Ctrl Pts',(-33.3117605669799,28.2849845945623,18.1769118757119));
#4458=CARTESIAN_POINT('',(-33.3117608699479,28.2849845809924,25.8604608972013));
#4459=CARTESIAN_POINT('Origin',(-31.5516446512772,-15.4091900195671,25.8604608972012));
#4460=CARTESIAN_POINT('',(-33.1766446512772,-15.4091900195671,25.8604608972012));
#4461=CARTESIAN_POINT('Origin',(-41.5516446512773,14.5908099804328,25.8604608972015));
#4462=CARTESIAN_POINT('',(-43.1766446512773,14.5908099804328,25.8604608972015));
#4463=CARTESIAN_POINT('Origin',(-41.5516446512772,-15.4091900195672,25.8604608972014));
#4464=CARTESIAN_POINT('',(-43.1766446512772,-15.4091900195672,25.8604608972014));
#4465=CARTESIAN_POINT('Origin',(-31.5516446512772,14.5908099804329,25.8604608972012));
#4466=CARTESIAN_POINT('',(-33.1766446512772,14.5908099804329,25.8604608972012));
#4467=CARTESIAN_POINT('Origin',(-33.0516446509127,28.2908099805588,25.8604608972012));
#4468=CARTESIAN_POINT('',(-33.0516446509127,28.2908099805588,25.8604608972013));
#4469=CARTESIAN_POINT('Origin',(-33.0516317723526,22.4800682323454,22.5801192194048));
#4470=UNCERTAINTY_MEASURE_WITH_UNIT(LENGTH_MEASURE(0.01),#4474,
'DISTANCE_ACCURACY_VALUE',
'Maximum model space distance between geometric entities at asserted c
onnectivities');
#4471=UNCERTAINTY_MEASURE_WITH_UNIT(LENGTH_MEASURE(0.01),#4474,
'DISTANCE_ACCURACY_VALUE',
'Maximum model space distance between geometric entities at asserted c
onnectivities');
#4472=(
GEOMETRIC_REPRESENTATION_CONTEXT(3)
GLOBAL_UNCERTAINTY_ASSIGNED_CONTEXT((#4470))
GLOBAL_UNIT_ASSIGNED_CONTEXT((#4474,#4476,#4477))
REPRESENTATION_CONTEXT('','3D')
);
#4473=(
GEOMETRIC_REPRESENTATION_CONTEXT(3)
GLOBAL_UNCERTAINTY_ASSIGNED_CONTEXT((#4471))
GLOBAL_UNIT_ASSIGNED_CONTEXT((#4474,#4476,#4477))
REPRESENTATION_CONTEXT('','3D')
);
#4474=(
LENGTH_UNIT()
NAMED_UNIT(*)
SI_UNIT(.MILLI.,.METRE.)
);
#4475=(
LENGTH_UNIT()
NAMED_UNIT(*)
SI_UNIT($,.METRE.)
);
#4476=(
NAMED_UNIT(*)
PLANE_ANGLE_UNIT()
SI_UNIT($,.RADIAN.)
);
#4477=(
NAMED_UNIT(*)
SI_UNIT($,.STERADIAN.)
SOLID_ANGLE_UNIT()
);
#4478=SHAPE_DEFINITION_REPRESENTATION(#4479,#4480);
#4479=PRODUCT_DEFINITION_SHAPE('',$,#4482);
#4480=SHAPE_REPRESENTATION('',(#2082),#4472);
#4481=PRODUCT_DEFINITION_CONTEXT('part definition',#4486,'design');
#4482=PRODUCT_DEFINITION('FusionComponent','103107024_02 v1',#4483,#4481);
#4483=PRODUCT_DEFINITION_FORMATION('',$,#4488);
#4484=PRODUCT_RELATED_PRODUCT_CATEGORY('103107024_02 v1',
'103107024_02 v1',(#4488));
#4485=APPLICATION_PROTOCOL_DEFINITION('international standard',
'automotive_design',2009,#4486);
#4486=APPLICATION_CONTEXT(
'Core Data for Automotive Mechanical Design Process');
#4487=PRODUCT_CONTEXT('part definition',#4486,'mechanical');
#4488=PRODUCT('FusionComponent','103107024_02 v1',$,(#4487));
#4489=PRESENTATION_STYLE_ASSIGNMENT((#4491));
#4490=PRESENTATION_STYLE_ASSIGNMENT((#4492));
#4491=SURFACE_STYLE_USAGE(.BOTH.,#4493);
#4492=SURFACE_STYLE_USAGE(.BOTH.,#4494);
#4493=SURFACE_SIDE_STYLE('',(#4495));
#4494=SURFACE_SIDE_STYLE('',(#4496));
#4495=SURFACE_STYLE_FILL_AREA(#4497);
#4496=SURFACE_STYLE_FILL_AREA(#4498);
#4497=FILL_AREA_STYLE('Plate',(#4499));
#4498=FILL_AREA_STYLE('Opaque(160,160,160)',(#4500));
#4499=FILL_AREA_STYLE_COLOUR('Plate',#4501);
#4500=FILL_AREA_STYLE_COLOUR('Opaque(160,160,160)',#4502);
#4501=COLOUR_RGB('Plate',0.6,0.6,0.6);
#4502=COLOUR_RGB('Opaque(160,160,160)',0.627450980392157,0.627450980392157,
0.627450980392157);
ENDSEC;
END-ISO-10303-21;
