ISO-10303-21;
HEADER;
/* Generated by software containing ST-Developer
 * from STEP Tools, Inc. (www.steptools.com) 
 */

FILE_DESCRIPTION(
/* description */ (''),
/* implementation_level */ '2;1');

FILE_NAME(
/* name */ '103107030_05 - Y PCB Shroud.step',
/* time_stamp */ '2025-06-27T09:39:45-05:00',
/* author */ (''),
/* organization */ (''),
/* preprocessor_version */ 'ST-DEVELOPER v20.1',
/* originating_system */ 'Autodesk Translation Framework v14.10.0.0',
/* authorisation */ '');

FILE_SCHEMA (('AUTOMOTIVE_DESIGN { 1 0 10303 214 3 1 1 }'));
ENDSEC;

DATA;
#10=MECHANICAL_DESIGN_GEOMETRIC_PRESENTATION_REPRESENTATION('',(#13),#7262);
#11=SHAPE_REPRESENTATION_RELATIONSHIP('SRR','None',#7269,#12);
#12=ADVANCED_BREP_SHAPE_REPRESENTATION('',(#14),#7261);
#13=STYLED_ITEM('',(#7278),#14);
#14=MANIFOLD_SOLID_BREP('Body1',#3954);
#15=B_SPLINE_SURFACE_WITH_KNOTS('',3,3,((#6450,#6451,#6452,#6453),(#6454,
#6455,#6456,#6457),(#6458,#6459,#6460,#6461),(#6462,#6463,#6464,#6465),
(#6466,#6467,#6468,#6469)),.UNSPECIFIED.,.F.,.F.,.F.,(4,1,4),(4,4),(0.,
0.5,1.),(-1.31103559817815,-1.28589234946437),.UNSPECIFIED.);
#16=B_SPLINE_SURFACE_WITH_KNOTS('',3,3,((#6481,#6482,#6483,#6484),(#6485,
#6486,#6487,#6488),(#6489,#6490,#6491,#6492),(#6493,#6494,#6495,#6496),
(#6497,#6498,#6499,#6500)),.UNSPECIFIED.,.F.,.F.,.F.,(4,1,4),(4,4),(0.,
0.5,1.),(1.28589234946438,1.31103559817816),.UNSPECIFIED.);
#17=B_SPLINE_SURFACE_WITH_KNOTS('',3,3,((#6581,#6582,#6583,#6584),(#6585,
#6586,#6587,#6588),(#6589,#6590,#6591,#6592),(#6593,#6594,#6595,#6596),
(#6597,#6598,#6599,#6600)),.UNSPECIFIED.,.F.,.F.,.F.,(4,1,4),(4,4),(0.,
0.5,1.),(-1.31103559817816,-1.28589234946438),.UNSPECIFIED.);
#18=B_SPLINE_SURFACE_WITH_KNOTS('',3,3,((#6647,#6648,#6649,#6650),(#6651,
#6652,#6653,#6654),(#6655,#6656,#6657,#6658),(#6659,#6660,#6661,#6662),
(#6663,#6664,#6665,#6666)),.UNSPECIFIED.,.F.,.F.,.F.,(4,1,4),(4,4),(0.,
0.5,1.),(1.28589234946438,1.31103559817816),.UNSPECIFIED.);
#19=B_SPLINE_SURFACE_WITH_KNOTS('',3,3,((#7143,#7144,#7145,#7146),(#7147,
#7148,#7149,#7150),(#7151,#7152,#7153,#7154),(#7155,#7156,#7157,#7158),
(#7159,#7160,#7161,#7162)),.UNSPECIFIED.,.F.,.F.,.F.,(4,1,4),(4,4),(0.,
0.5,1.),(0.,0.330297354829255),.UNSPECIFIED.);
#20=B_SPLINE_SURFACE_WITH_KNOTS('',3,3,((#7166,#7167,#7168,#7169),(#7170,
#7171,#7172,#7173),(#7174,#7175,#7176,#7177),(#7178,#7179,#7180,#7181),
(#7182,#7183,#7184,#7185)),.UNSPECIFIED.,.F.,.F.,.F.,(4,1,4),(4,4),(0.,
0.5,1.),(-0.330297354829255,0.),.UNSPECIFIED.);
#21=B_SPLINE_SURFACE_WITH_KNOTS('',3,3,((#7203,#7204,#7205,#7206),(#7207,
#7208,#7209,#7210),(#7211,#7212,#7213,#7214),(#7215,#7216,#7217,#7218),
(#7219,#7220,#7221,#7222)),.UNSPECIFIED.,.F.,.F.,.F.,(4,1,4),(4,4),(0.,
0.5,1.),(0.,0.330297354829255),.UNSPECIFIED.);
#22=B_SPLINE_SURFACE_WITH_KNOTS('',3,3,((#7224,#7225,#7226,#7227),(#7228,
#7229,#7230,#7231),(#7232,#7233,#7234,#7235),(#7236,#7237,#7238,#7239),
(#7240,#7241,#7242,#7243)),.UNSPECIFIED.,.F.,.F.,.F.,(4,1,4),(4,4),(0.,
0.5,1.),(-0.330297354829255,0.),.UNSPECIFIED.);
#23=ELLIPSE('',#4097,0.707106781186548,0.5);
#24=ELLIPSE('',#4126,0.707106781186548,0.5);
#25=ELLIPSE('',#4201,41.2950360212944,29.2);
#26=ELLIPSE('',#4202,40.9430091712859,28.7);
#27=ELLIPSE('',#4206,41.2950360212944,29.2);
#28=ELLIPSE('',#4207,40.9430091712859,28.7);
#29=ELLIPSE('',#4251,41.2950360212944,29.2);
#30=ELLIPSE('',#4252,40.9430091712859,28.7);
#31=ELLIPSE('',#4271,41.2950360212944,29.2);
#32=ELLIPSE('',#4272,40.9430091712859,28.7);
#33=ELLIPSE('',#4283,1.02850576188051,0.5);
#34=ELLIPSE('',#4284,0.707106781186549,0.5);
#35=ELLIPSE('',#4307,18.8310717194422,15.9999999999999);
#36=ELLIPSE('',#4308,24.7157816317681,21.);
#37=ELLIPSE('',#4315,0.588470991232572,0.5);
#38=ELLIPSE('',#4387,24.715781631768,21.);
#39=ELLIPSE('',#4388,18.8310717194422,15.9999999999999);
#40=ELLIPSE('',#4475,20.9966488302961,18.4999999999999);
#41=ELLIPSE('',#4477,22.6300654366982,18.5);
#42=ELLIPSE('',#4481,22.6300654366982,18.5);
#43=ELLIPSE('',#4483,20.9966488302961,18.4999999999999);
#44=B_SPLINE_CURVE_WITH_KNOTS('',3,(#6164,#6165,#6166,#6167,#6168,#6169,
#6170,#6171,#6172,#6173,#6174,#6175,#6176,#6177,#6178,#6179),
 .UNSPECIFIED.,.F.,.F.,(4,2,2,2,2,2,2,4),(-0.000450403479526428,0.,0.0220619478492525,
0.0431069334629536,0.0650244705951055,0.0814261952297765,0.0956386519631152,
0.0960762784350891),.UNSPECIFIED.);
#45=B_SPLINE_CURVE_WITH_KNOTS('',3,(#6239,#6240,#6241,#6242,#6243,#6244,
#6245,#6246,#6247,#6248),.UNSPECIFIED.,.F.,.F.,(4,2,2,2,4),(-0.0773317654629025,
-0.0574439590105548,-0.0375561525582071,-0.0187780762791036,0.),
 .UNSPECIFIED.);
#46=B_SPLINE_CURVE_WITH_KNOTS('',3,(#6262,#6263,#6264,#6265,#6266,#6267,
#6268,#6269,#6270,#6271,#6272,#6273,#6274,#6275),.UNSPECIFIED.,.F.,.F.,
(4,2,2,2,2,2,4),(0.,0.0141642065113701,0.0308316245791722,0.0533388483954557,
0.0728754506297372,0.0932347166164186,0.0936808920827074),.UNSPECIFIED.);
#47=B_SPLINE_CURVE_WITH_KNOTS('',3,(#6282,#6283,#6284,#6285),
 .UNSPECIFIED.,.F.,.F.,(4,4),(-0.224199612037434,-0.222306439819649),
 .UNSPECIFIED.);
#48=B_SPLINE_CURVE_WITH_KNOTS('',3,(#6294,#6295,#6296,#6297,#6298,#6299,
#6300,#6301,#6302,#6303),.UNSPECIFIED.,.F.,.F.,(4,2,2,2,4),(0.,0.0187780762791036,
0.0375561525582071,0.0574439590105549,0.0773317654629027),.UNSPECIFIED.);
#49=B_SPLINE_CURVE_WITH_KNOTS('',3,(#6728,#6729,#6730,#6731,#6732,#6733,
#6734,#6735,#6736,#6737,#6738,#6739,#6740,#6741),.UNSPECIFIED.,.F.,.F.,
(4,2,2,2,2,2,4),(-0.000372256262795228,0.,0.0111402494961526,0.0222272236295627,
0.0421545548067001,0.0613761534670769,0.080284323187509),.UNSPECIFIED.);
#50=B_SPLINE_CURVE_WITH_KNOTS('',3,(#6746,#6747,#6748,#6749,#6750,#6751,
#6752,#6753,#6754,#6755,#6756,#6757,#6758,#6759),.UNSPECIFIED.,.F.,.F.,
(4,2,2,2,2,2,4),(-0.000398883377935579,0.,0.0175795653179397,0.0346945746398918,
0.056167378418725,0.0735299216611431,0.0892259824845091),.UNSPECIFIED.);
#51=B_SPLINE_CURVE_WITH_KNOTS('',3,(#6782,#6783,#6784,#6785,#6786,#6787,
#6788,#6789),.UNSPECIFIED.,.F.,.F.,(4,2,2,4),(0.295150522901287,0.324360252974783,
0.353569983048279,0.424963904169221),.UNSPECIFIED.);
#52=B_SPLINE_CURVE_WITH_KNOTS('',3,(#6821,#6822,#6823,#6824,#6825,#6826,
#6827,#6828,#6829,#6830,#6831,#6832,#6833,#6834),.UNSPECIFIED.,.F.,.F.,
(4,2,2,2,2,2,4),(0.,0.018875294483653,0.0380634729549197,0.0579561569006738,
0.0690238543454761,0.0801447345325203,0.0805163435590247),.UNSPECIFIED.);
#53=B_SPLINE_CURVE_WITH_KNOTS('',3,(#6843,#6844,#6845,#6846,#6847,#6848,
#6849,#6850,#6851,#6852,#6853,#6854,#6855,#6856),.UNSPECIFIED.,.F.,.F.,
(4,2,2,2,2,2,4),(0.,0.0155895144318527,0.0328341990375912,0.0541612433303911,
0.0711600743000465,0.0886203078160807,0.0890164835342181),.UNSPECIFIED.);
#54=B_SPLINE_CURVE_WITH_KNOTS('',3,(#7008,#7009,#7010,#7011,#7012,#7013,
#7014,#7015),.UNSPECIFIED.,.F.,.F.,(4,2,2,4),(0.,0.0672402075670863,0.10086031135063,
0.134480415134173),.UNSPECIFIED.);
#55=TOROIDAL_SURFACE('',#4029,1.5,0.5);
#56=TOROIDAL_SURFACE('',#4035,1.5,0.5);
#57=TOROIDAL_SURFACE('',#4045,27.05,0.5);
#58=TOROIDAL_SURFACE('',#4051,1.5,0.5);
#59=TOROIDAL_SURFACE('',#4057,1.5,0.5);
#60=TOROIDAL_SURFACE('',#4102,16.405153179398,0.5);
#61=TOROIDAL_SURFACE('',#4108,1.5,0.5);
#62=TOROIDAL_SURFACE('',#4114,1.5,0.5);
#63=TOROIDAL_SURFACE('',#4120,16.405153179398,0.5);
#64=TOROIDAL_SURFACE('',#4129,16.405153179398,0.5);
#65=TOROIDAL_SURFACE('',#4134,16.405153179398,0.5);
#66=TOROIDAL_SURFACE('',#4181,29.2,0.5);
#67=TOROIDAL_SURFACE('',#4239,29.2,0.5);
#68=TOROIDAL_SURFACE('',#4287,2.,0.5);
#69=TOROIDAL_SURFACE('',#4293,2.,0.5);
#70=TOROIDAL_SURFACE('',#4299,1.,0.5);
#71=TOROIDAL_SURFACE('',#4302,29.2,0.5);
#72=TOROIDAL_SURFACE('',#4318,1.,0.5);
#73=TOROIDAL_SURFACE('',#4323,29.2,0.5);
#74=TOROIDAL_SURFACE('',#4331,2.,0.5);
#75=TOROIDAL_SURFACE('',#4337,2.,0.5);
#76=TOROIDAL_SURFACE('',#4343,28.,0.5);
#77=TOROIDAL_SURFACE('',#4349,2.,0.5);
#78=TOROIDAL_SURFACE('',#4355,2.,0.5);
#79=TOROIDAL_SURFACE('',#4361,2.,0.5);
#80=TOROIDAL_SURFACE('',#4367,2.,0.5);
#81=TOROIDAL_SURFACE('',#4373,28.,0.5);
#82=TOROIDAL_SURFACE('',#4399,28.,0.5);
#83=TOROIDAL_SURFACE('',#4404,2.,0.5);
#84=TOROIDAL_SURFACE('',#4409,2.,0.5);
#85=TOROIDAL_SURFACE('',#4414,2.,0.5);
#86=TOROIDAL_SURFACE('',#4419,2.,0.5);
#87=TOROIDAL_SURFACE('',#4423,28.,0.5);
#88=SPHERICAL_SURFACE('',#4023,0.5);
#89=SPHERICAL_SURFACE('',#4041,0.5);
#90=SPHERICAL_SURFACE('',#4090,0.499999999999998);
#91=SPHERICAL_SURFACE('',#4098,0.5);
#92=SPHERICAL_SURFACE('',#4152,0.499999999999999);
#93=SPHERICAL_SURFACE('',#4156,0.500000000000005);
#94=SPHERICAL_SURFACE('',#4163,0.5);
#95=SPHERICAL_SURFACE('',#4167,0.5);
#96=SPHERICAL_SURFACE('',#4172,0.499999999999998);
#97=SPHERICAL_SURFACE('',#4177,0.5);
#98=SPHERICAL_SURFACE('',#4184,0.499999999999999);
#99=SPHERICAL_SURFACE('',#4188,0.5);
#100=SPHERICAL_SURFACE('',#4192,0.499999999999998);
#101=SPHERICAL_SURFACE('',#4217,0.500000000000002);
#102=SPHERICAL_SURFACE('',#4223,0.499999999999999);
#103=SPHERICAL_SURFACE('',#4227,0.5);
#104=SPHERICAL_SURFACE('',#4231,0.5);
#105=SPHERICAL_SURFACE('',#4235,0.5);
#106=SPHERICAL_SURFACE('',#4242,0.499999999999999);
#107=SPHERICAL_SURFACE('',#4247,0.499999999999999);
#108=SPHERICAL_SURFACE('',#4253,0.5);
#109=SPHERICAL_SURFACE('',#4259,0.499999999999998);
#110=CYLINDRICAL_SURFACE('',#3983,1.9);
#111=CYLINDRICAL_SURFACE('',#3987,3.);
#112=CYLINDRICAL_SURFACE('',#3995,3.);
#113=CYLINDRICAL_SURFACE('',#4003,1.9);
#114=CYLINDRICAL_SURFACE('',#4027,0.5);
#115=CYLINDRICAL_SURFACE('',#4033,0.5);
#116=CYLINDRICAL_SURFACE('',#4039,0.5);
#117=CYLINDRICAL_SURFACE('',#4048,0.5);
#118=CYLINDRICAL_SURFACE('',#4055,0.5);
#119=CYLINDRICAL_SURFACE('',#4061,0.5);
#120=CYLINDRICAL_SURFACE('',#4062,0.5);
#121=CYLINDRICAL_SURFACE('',#4064,0.5);
#122=CYLINDRICAL_SURFACE('',#4084,1.);
#123=CYLINDRICAL_SURFACE('',#4087,1.);
#124=CYLINDRICAL_SURFACE('',#4094,0.5);
#125=CYLINDRICAL_SURFACE('',#4096,0.5);
#126=CYLINDRICAL_SURFACE('',#4106,0.5);
#127=CYLINDRICAL_SURFACE('',#4112,0.5);
#128=CYLINDRICAL_SURFACE('',#4118,0.5);
#129=CYLINDRICAL_SURFACE('',#4124,0.5);
#130=CYLINDRICAL_SURFACE('',#4125,0.5);
#131=CYLINDRICAL_SURFACE('',#4127,0.5);
#132=CYLINDRICAL_SURFACE('',#4128,0.5);
#133=CYLINDRICAL_SURFACE('',#4132,0.5);
#134=CYLINDRICAL_SURFACE('',#4140,16.905153179398);
#135=CYLINDRICAL_SURFACE('',#4143,1.);
#136=CYLINDRICAL_SURFACE('',#4146,1.);
#137=CYLINDRICAL_SURFACE('',#4149,16.905153179398);
#138=CYLINDRICAL_SURFACE('',#4160,0.5);
#139=CYLINDRICAL_SURFACE('',#4162,0.5);
#140=CYLINDRICAL_SURFACE('',#4171,0.5);
#141=CYLINDRICAL_SURFACE('',#4176,0.5);
#142=CYLINDRICAL_SURFACE('',#4196,0.5);
#143=CYLINDRICAL_SURFACE('',#4197,0.5);
#144=CYLINDRICAL_SURFACE('',#4198,0.5);
#145=CYLINDRICAL_SURFACE('',#4199,0.5);
#146=CYLINDRICAL_SURFACE('',#4203,0.5);
#147=CYLINDRICAL_SURFACE('',#4204,0.5);
#148=CYLINDRICAL_SURFACE('',#4205,0.5);
#149=CYLINDRICAL_SURFACE('',#4208,0.5);
#150=CYLINDRICAL_SURFACE('',#4209,0.5);
#151=CYLINDRICAL_SURFACE('',#4221,0.5);
#152=CYLINDRICAL_SURFACE('',#4246,0.5);
#153=CYLINDRICAL_SURFACE('',#4257,0.5);
#154=CYLINDRICAL_SURFACE('',#4258,0.5);
#155=CYLINDRICAL_SURFACE('',#4263,0.5);
#156=CYLINDRICAL_SURFACE('',#4264,0.5);
#157=CYLINDRICAL_SURFACE('',#4265,0.5);
#158=CYLINDRICAL_SURFACE('',#4266,0.5);
#159=CYLINDRICAL_SURFACE('',#4268,0.5);
#160=CYLINDRICAL_SURFACE('',#4269,0.5);
#161=CYLINDRICAL_SURFACE('',#4270,0.5);
#162=CYLINDRICAL_SURFACE('',#4273,0.5);
#163=CYLINDRICAL_SURFACE('',#4274,0.5);
#164=CYLINDRICAL_SURFACE('',#4282,0.5);
#165=CYLINDRICAL_SURFACE('',#4285,0.5);
#166=CYLINDRICAL_SURFACE('',#4291,0.5);
#167=CYLINDRICAL_SURFACE('',#4297,0.5);
#168=CYLINDRICAL_SURFACE('',#4305,0.5);
#169=CYLINDRICAL_SURFACE('',#4309,1.5);
#170=CYLINDRICAL_SURFACE('',#4310,28.7);
#171=CYLINDRICAL_SURFACE('',#4322,0.5);
#172=CYLINDRICAL_SURFACE('',#4326,0.5);
#173=CYLINDRICAL_SURFACE('',#4328,0.5);
#174=CYLINDRICAL_SURFACE('',#4335,0.5);
#175=CYLINDRICAL_SURFACE('',#4341,0.5);
#176=CYLINDRICAL_SURFACE('',#4347,0.5);
#177=CYLINDRICAL_SURFACE('',#4353,0.5);
#178=CYLINDRICAL_SURFACE('',#4359,0.5);
#179=CYLINDRICAL_SURFACE('',#4365,0.5);
#180=CYLINDRICAL_SURFACE('',#4371,0.5);
#181=CYLINDRICAL_SURFACE('',#4376,2.5);
#182=CYLINDRICAL_SURFACE('',#4379,28.5);
#183=CYLINDRICAL_SURFACE('',#4381,2.5);
#184=CYLINDRICAL_SURFACE('',#4384,2.5);
#185=CYLINDRICAL_SURFACE('',#4397,0.5);
#186=CYLINDRICAL_SURFACE('',#4402,0.5);
#187=CYLINDRICAL_SURFACE('',#4407,0.5);
#188=CYLINDRICAL_SURFACE('',#4412,0.5);
#189=CYLINDRICAL_SURFACE('',#4417,0.5);
#190=CYLINDRICAL_SURFACE('',#4421,0.5);
#191=CYLINDRICAL_SURFACE('',#4425,0.5);
#192=CYLINDRICAL_SURFACE('',#4427,2.5);
#193=CYLINDRICAL_SURFACE('',#4429,2.5);
#194=CYLINDRICAL_SURFACE('',#4431,2.5);
#195=CYLINDRICAL_SURFACE('',#4433,28.5);
#196=CYLINDRICAL_SURFACE('',#4434,28.7);
#197=CYLINDRICAL_SURFACE('',#4436,1.9);
#198=CYLINDRICAL_SURFACE('',#4439,1.9);
#199=CYLINDRICAL_SURFACE('',#4442,28.7);
#200=CYLINDRICAL_SURFACE('',#4443,28.7);
#201=CYLINDRICAL_SURFACE('',#4456,1.);
#202=CYLINDRICAL_SURFACE('',#4458,1.);
#203=CYLINDRICAL_SURFACE('',#4464,26.55);
#204=CYLINDRICAL_SURFACE('',#4473,1.5);
#205=CYLINDRICAL_SURFACE('',#4478,2.5);
#206=CYLINDRICAL_SURFACE('',#4480,18.5);
#207=CYLINDRICAL_SURFACE('',#4482,18.4999999999999);
#208=CYLINDRICAL_SURFACE('',#4484,2.5);
#209=CYLINDRICAL_SURFACE('',#4491,20.5);
#210=CYLINDRICAL_SURFACE('',#4492,16.4999999999999);
#211=CYLINDRICAL_SURFACE('',#4493,1.625);
#212=CYLINDRICAL_SURFACE('',#4494,1.625);
#213=FACE_BOUND('',#548,.T.);
#214=FACE_BOUND('',#549,.T.);
#215=FACE_BOUND('',#550,.T.);
#216=FACE_BOUND('',#551,.T.);
#217=FACE_BOUND('',#589,.T.);
#218=FACE_BOUND('',#651,.T.);
#219=FACE_BOUND('',#684,.T.);
#220=FACE_BOUND('',#779,.T.);
#221=FACE_BOUND('',#780,.T.);
#222=PLANE('',#3971);
#223=PLANE('',#4005);
#224=PLANE('',#4006);
#225=PLANE('',#4007);
#226=PLANE('',#4008);
#227=PLANE('',#4010);
#228=PLANE('',#4011);
#229=PLANE('',#4013);
#230=PLANE('',#4014);
#231=PLANE('',#4016);
#232=PLANE('',#4017);
#233=PLANE('',#4019);
#234=PLANE('',#4020);
#235=PLANE('',#4021);
#236=PLANE('',#4022);
#237=PLANE('',#4066);
#238=PLANE('',#4083);
#239=PLANE('',#4086);
#240=PLANE('',#4089);
#241=PLANE('',#4137);
#242=PLANE('',#4138);
#243=PLANE('',#4139);
#244=PLANE('',#4142);
#245=PLANE('',#4145);
#246=PLANE('',#4148);
#247=PLANE('',#4151);
#248=PLANE('',#4210);
#249=PLANE('',#4211);
#250=PLANE('',#4213);
#251=PLANE('',#4214);
#252=PLANE('',#4215);
#253=PLANE('',#4216);
#254=PLANE('',#4275);
#255=PLANE('',#4276);
#256=PLANE('',#4277);
#257=PLANE('',#4279);
#258=PLANE('',#4280);
#259=PLANE('',#4281);
#260=PLANE('',#4306);
#261=PLANE('',#4311);
#262=PLANE('',#4314);
#263=PLANE('',#4317);
#264=PLANE('',#4327);
#265=PLANE('',#4378);
#266=PLANE('',#4383);
#267=PLANE('',#4386);
#268=PLANE('',#4390);
#269=PLANE('',#4392);
#270=PLANE('',#4394);
#271=PLANE('',#4396);
#272=PLANE('',#4426);
#273=PLANE('',#4428);
#274=PLANE('',#4430);
#275=PLANE('',#4432);
#276=PLANE('',#4438);
#277=PLANE('',#4441);
#278=PLANE('',#4445);
#279=PLANE('',#4446);
#280=PLANE('',#4447);
#281=PLANE('',#4452);
#282=PLANE('',#4453);
#283=PLANE('',#4454);
#284=PLANE('',#4455);
#285=PLANE('',#4457);
#286=PLANE('',#4459);
#287=PLANE('',#4460);
#288=PLANE('',#4466);
#289=PLANE('',#4468);
#290=PLANE('',#4470);
#291=PLANE('',#4472);
#292=PLANE('',#4479);
#293=PLANE('',#4487);
#294=PLANE('',#4490);
#295=FACE_OUTER_BOUND('',#546,.T.);
#296=FACE_OUTER_BOUND('',#547,.T.);
#297=FACE_OUTER_BOUND('',#552,.T.);
#298=FACE_OUTER_BOUND('',#553,.T.);
#299=FACE_OUTER_BOUND('',#554,.T.);
#300=FACE_OUTER_BOUND('',#555,.T.);
#301=FACE_OUTER_BOUND('',#556,.T.);
#302=FACE_OUTER_BOUND('',#557,.T.);
#303=FACE_OUTER_BOUND('',#558,.T.);
#304=FACE_OUTER_BOUND('',#559,.T.);
#305=FACE_OUTER_BOUND('',#560,.T.);
#306=FACE_OUTER_BOUND('',#561,.T.);
#307=FACE_OUTER_BOUND('',#562,.T.);
#308=FACE_OUTER_BOUND('',#563,.T.);
#309=FACE_OUTER_BOUND('',#564,.T.);
#310=FACE_OUTER_BOUND('',#565,.T.);
#311=FACE_OUTER_BOUND('',#566,.T.);
#312=FACE_OUTER_BOUND('',#567,.T.);
#313=FACE_OUTER_BOUND('',#568,.T.);
#314=FACE_OUTER_BOUND('',#569,.T.);
#315=FACE_OUTER_BOUND('',#570,.T.);
#316=FACE_OUTER_BOUND('',#571,.T.);
#317=FACE_OUTER_BOUND('',#572,.T.);
#318=FACE_OUTER_BOUND('',#573,.T.);
#319=FACE_OUTER_BOUND('',#574,.T.);
#320=FACE_OUTER_BOUND('',#575,.T.);
#321=FACE_OUTER_BOUND('',#576,.T.);
#322=FACE_OUTER_BOUND('',#577,.T.);
#323=FACE_OUTER_BOUND('',#578,.T.);
#324=FACE_OUTER_BOUND('',#579,.T.);
#325=FACE_OUTER_BOUND('',#580,.T.);
#326=FACE_OUTER_BOUND('',#581,.T.);
#327=FACE_OUTER_BOUND('',#582,.T.);
#328=FACE_OUTER_BOUND('',#583,.T.);
#329=FACE_OUTER_BOUND('',#584,.T.);
#330=FACE_OUTER_BOUND('',#585,.T.);
#331=FACE_OUTER_BOUND('',#586,.T.);
#332=FACE_OUTER_BOUND('',#587,.T.);
#333=FACE_OUTER_BOUND('',#588,.T.);
#334=FACE_OUTER_BOUND('',#590,.T.);
#335=FACE_OUTER_BOUND('',#591,.T.);
#336=FACE_OUTER_BOUND('',#592,.T.);
#337=FACE_OUTER_BOUND('',#593,.T.);
#338=FACE_OUTER_BOUND('',#594,.T.);
#339=FACE_OUTER_BOUND('',#595,.T.);
#340=FACE_OUTER_BOUND('',#596,.T.);
#341=FACE_OUTER_BOUND('',#597,.T.);
#342=FACE_OUTER_BOUND('',#598,.T.);
#343=FACE_OUTER_BOUND('',#599,.T.);
#344=FACE_OUTER_BOUND('',#600,.T.);
#345=FACE_OUTER_BOUND('',#601,.T.);
#346=FACE_OUTER_BOUND('',#602,.T.);
#347=FACE_OUTER_BOUND('',#603,.T.);
#348=FACE_OUTER_BOUND('',#604,.T.);
#349=FACE_OUTER_BOUND('',#605,.T.);
#350=FACE_OUTER_BOUND('',#606,.T.);
#351=FACE_OUTER_BOUND('',#607,.T.);
#352=FACE_OUTER_BOUND('',#608,.T.);
#353=FACE_OUTER_BOUND('',#609,.T.);
#354=FACE_OUTER_BOUND('',#610,.T.);
#355=FACE_OUTER_BOUND('',#611,.T.);
#356=FACE_OUTER_BOUND('',#612,.T.);
#357=FACE_OUTER_BOUND('',#613,.T.);
#358=FACE_OUTER_BOUND('',#614,.T.);
#359=FACE_OUTER_BOUND('',#615,.T.);
#360=FACE_OUTER_BOUND('',#616,.T.);
#361=FACE_OUTER_BOUND('',#617,.T.);
#362=FACE_OUTER_BOUND('',#618,.T.);
#363=FACE_OUTER_BOUND('',#619,.T.);
#364=FACE_OUTER_BOUND('',#620,.T.);
#365=FACE_OUTER_BOUND('',#621,.T.);
#366=FACE_OUTER_BOUND('',#622,.T.);
#367=FACE_OUTER_BOUND('',#623,.T.);
#368=FACE_OUTER_BOUND('',#624,.T.);
#369=FACE_OUTER_BOUND('',#625,.T.);
#370=FACE_OUTER_BOUND('',#626,.T.);
#371=FACE_OUTER_BOUND('',#627,.T.);
#372=FACE_OUTER_BOUND('',#628,.T.);
#373=FACE_OUTER_BOUND('',#629,.T.);
#374=FACE_OUTER_BOUND('',#630,.T.);
#375=FACE_OUTER_BOUND('',#631,.T.);
#376=FACE_OUTER_BOUND('',#632,.T.);
#377=FACE_OUTER_BOUND('',#633,.T.);
#378=FACE_OUTER_BOUND('',#634,.T.);
#379=FACE_OUTER_BOUND('',#635,.T.);
#380=FACE_OUTER_BOUND('',#636,.T.);
#381=FACE_OUTER_BOUND('',#637,.T.);
#382=FACE_OUTER_BOUND('',#638,.T.);
#383=FACE_OUTER_BOUND('',#639,.T.);
#384=FACE_OUTER_BOUND('',#640,.T.);
#385=FACE_OUTER_BOUND('',#641,.T.);
#386=FACE_OUTER_BOUND('',#642,.T.);
#387=FACE_OUTER_BOUND('',#643,.T.);
#388=FACE_OUTER_BOUND('',#644,.T.);
#389=FACE_OUTER_BOUND('',#645,.T.);
#390=FACE_OUTER_BOUND('',#646,.T.);
#391=FACE_OUTER_BOUND('',#647,.T.);
#392=FACE_OUTER_BOUND('',#648,.T.);
#393=FACE_OUTER_BOUND('',#649,.T.);
#394=FACE_OUTER_BOUND('',#650,.T.);
#395=FACE_OUTER_BOUND('',#652,.T.);
#396=FACE_OUTER_BOUND('',#653,.T.);
#397=FACE_OUTER_BOUND('',#654,.T.);
#398=FACE_OUTER_BOUND('',#655,.T.);
#399=FACE_OUTER_BOUND('',#656,.T.);
#400=FACE_OUTER_BOUND('',#657,.T.);
#401=FACE_OUTER_BOUND('',#658,.T.);
#402=FACE_OUTER_BOUND('',#659,.T.);
#403=FACE_OUTER_BOUND('',#660,.T.);
#404=FACE_OUTER_BOUND('',#661,.T.);
#405=FACE_OUTER_BOUND('',#662,.T.);
#406=FACE_OUTER_BOUND('',#663,.T.);
#407=FACE_OUTER_BOUND('',#664,.T.);
#408=FACE_OUTER_BOUND('',#665,.T.);
#409=FACE_OUTER_BOUND('',#666,.T.);
#410=FACE_OUTER_BOUND('',#667,.T.);
#411=FACE_OUTER_BOUND('',#668,.T.);
#412=FACE_OUTER_BOUND('',#669,.T.);
#413=FACE_OUTER_BOUND('',#670,.T.);
#414=FACE_OUTER_BOUND('',#671,.T.);
#415=FACE_OUTER_BOUND('',#672,.T.);
#416=FACE_OUTER_BOUND('',#673,.T.);
#417=FACE_OUTER_BOUND('',#674,.T.);
#418=FACE_OUTER_BOUND('',#675,.T.);
#419=FACE_OUTER_BOUND('',#676,.T.);
#420=FACE_OUTER_BOUND('',#677,.T.);
#421=FACE_OUTER_BOUND('',#678,.T.);
#422=FACE_OUTER_BOUND('',#679,.T.);
#423=FACE_OUTER_BOUND('',#680,.T.);
#424=FACE_OUTER_BOUND('',#681,.T.);
#425=FACE_OUTER_BOUND('',#682,.T.);
#426=FACE_OUTER_BOUND('',#683,.T.);
#427=FACE_OUTER_BOUND('',#685,.T.);
#428=FACE_OUTER_BOUND('',#686,.T.);
#429=FACE_OUTER_BOUND('',#687,.T.);
#430=FACE_OUTER_BOUND('',#688,.T.);
#431=FACE_OUTER_BOUND('',#689,.T.);
#432=FACE_OUTER_BOUND('',#690,.T.);
#433=FACE_OUTER_BOUND('',#691,.T.);
#434=FACE_OUTER_BOUND('',#692,.T.);
#435=FACE_OUTER_BOUND('',#693,.T.);
#436=FACE_OUTER_BOUND('',#694,.T.);
#437=FACE_OUTER_BOUND('',#695,.T.);
#438=FACE_OUTER_BOUND('',#696,.T.);
#439=FACE_OUTER_BOUND('',#697,.T.);
#440=FACE_OUTER_BOUND('',#698,.T.);
#441=FACE_OUTER_BOUND('',#699,.T.);
#442=FACE_OUTER_BOUND('',#700,.T.);
#443=FACE_OUTER_BOUND('',#701,.T.);
#444=FACE_OUTER_BOUND('',#702,.T.);
#445=FACE_OUTER_BOUND('',#703,.T.);
#446=FACE_OUTER_BOUND('',#704,.T.);
#447=FACE_OUTER_BOUND('',#705,.T.);
#448=FACE_OUTER_BOUND('',#706,.T.);
#449=FACE_OUTER_BOUND('',#707,.T.);
#450=FACE_OUTER_BOUND('',#708,.T.);
#451=FACE_OUTER_BOUND('',#709,.T.);
#452=FACE_OUTER_BOUND('',#710,.T.);
#453=FACE_OUTER_BOUND('',#711,.T.);
#454=FACE_OUTER_BOUND('',#712,.T.);
#455=FACE_OUTER_BOUND('',#713,.T.);
#456=FACE_OUTER_BOUND('',#714,.T.);
#457=FACE_OUTER_BOUND('',#715,.T.);
#458=FACE_OUTER_BOUND('',#716,.T.);
#459=FACE_OUTER_BOUND('',#717,.T.);
#460=FACE_OUTER_BOUND('',#718,.T.);
#461=FACE_OUTER_BOUND('',#719,.T.);
#462=FACE_OUTER_BOUND('',#720,.T.);
#463=FACE_OUTER_BOUND('',#721,.T.);
#464=FACE_OUTER_BOUND('',#722,.T.);
#465=FACE_OUTER_BOUND('',#723,.T.);
#466=FACE_OUTER_BOUND('',#724,.T.);
#467=FACE_OUTER_BOUND('',#725,.T.);
#468=FACE_OUTER_BOUND('',#726,.T.);
#469=FACE_OUTER_BOUND('',#727,.T.);
#470=FACE_OUTER_BOUND('',#728,.T.);
#471=FACE_OUTER_BOUND('',#729,.T.);
#472=FACE_OUTER_BOUND('',#730,.T.);
#473=FACE_OUTER_BOUND('',#731,.T.);
#474=FACE_OUTER_BOUND('',#732,.T.);
#475=FACE_OUTER_BOUND('',#733,.T.);
#476=FACE_OUTER_BOUND('',#734,.T.);
#477=FACE_OUTER_BOUND('',#735,.T.);
#478=FACE_OUTER_BOUND('',#736,.T.);
#479=FACE_OUTER_BOUND('',#737,.T.);
#480=FACE_OUTER_BOUND('',#738,.T.);
#481=FACE_OUTER_BOUND('',#739,.T.);
#482=FACE_OUTER_BOUND('',#740,.T.);
#483=FACE_OUTER_BOUND('',#741,.T.);
#484=FACE_OUTER_BOUND('',#742,.T.);
#485=FACE_OUTER_BOUND('',#743,.T.);
#486=FACE_OUTER_BOUND('',#744,.T.);
#487=FACE_OUTER_BOUND('',#745,.T.);
#488=FACE_OUTER_BOUND('',#746,.T.);
#489=FACE_OUTER_BOUND('',#747,.T.);
#490=FACE_OUTER_BOUND('',#748,.T.);
#491=FACE_OUTER_BOUND('',#749,.T.);
#492=FACE_OUTER_BOUND('',#750,.T.);
#493=FACE_OUTER_BOUND('',#751,.T.);
#494=FACE_OUTER_BOUND('',#752,.T.);
#495=FACE_OUTER_BOUND('',#753,.T.);
#496=FACE_OUTER_BOUND('',#754,.T.);
#497=FACE_OUTER_BOUND('',#755,.T.);
#498=FACE_OUTER_BOUND('',#756,.T.);
#499=FACE_OUTER_BOUND('',#757,.T.);
#500=FACE_OUTER_BOUND('',#758,.T.);
#501=FACE_OUTER_BOUND('',#759,.T.);
#502=FACE_OUTER_BOUND('',#760,.T.);
#503=FACE_OUTER_BOUND('',#761,.T.);
#504=FACE_OUTER_BOUND('',#762,.T.);
#505=FACE_OUTER_BOUND('',#763,.T.);
#506=FACE_OUTER_BOUND('',#764,.T.);
#507=FACE_OUTER_BOUND('',#765,.T.);
#508=FACE_OUTER_BOUND('',#766,.T.);
#509=FACE_OUTER_BOUND('',#767,.T.);
#510=FACE_OUTER_BOUND('',#768,.T.);
#511=FACE_OUTER_BOUND('',#769,.T.);
#512=FACE_OUTER_BOUND('',#770,.T.);
#513=FACE_OUTER_BOUND('',#771,.T.);
#514=FACE_OUTER_BOUND('',#772,.T.);
#515=FACE_OUTER_BOUND('',#773,.T.);
#516=FACE_OUTER_BOUND('',#774,.T.);
#517=FACE_OUTER_BOUND('',#775,.T.);
#518=FACE_OUTER_BOUND('',#776,.T.);
#519=FACE_OUTER_BOUND('',#777,.T.);
#520=FACE_OUTER_BOUND('',#778,.T.);
#521=FACE_OUTER_BOUND('',#781,.T.);
#522=FACE_OUTER_BOUND('',#782,.T.);
#523=FACE_OUTER_BOUND('',#783,.T.);
#524=FACE_OUTER_BOUND('',#784,.T.);
#525=FACE_OUTER_BOUND('',#785,.T.);
#526=FACE_OUTER_BOUND('',#786,.T.);
#527=FACE_OUTER_BOUND('',#787,.T.);
#528=FACE_OUTER_BOUND('',#788,.T.);
#529=FACE_OUTER_BOUND('',#789,.T.);
#530=FACE_OUTER_BOUND('',#790,.T.);
#531=FACE_OUTER_BOUND('',#791,.T.);
#532=FACE_OUTER_BOUND('',#792,.T.);
#533=FACE_OUTER_BOUND('',#793,.T.);
#534=FACE_OUTER_BOUND('',#794,.T.);
#535=FACE_OUTER_BOUND('',#795,.T.);
#536=FACE_OUTER_BOUND('',#796,.T.);
#537=FACE_OUTER_BOUND('',#797,.T.);
#538=FACE_OUTER_BOUND('',#798,.T.);
#539=FACE_OUTER_BOUND('',#799,.T.);
#540=FACE_OUTER_BOUND('',#800,.T.);
#541=FACE_OUTER_BOUND('',#801,.T.);
#542=FACE_OUTER_BOUND('',#802,.T.);
#543=FACE_OUTER_BOUND('',#803,.T.);
#544=FACE_OUTER_BOUND('',#804,.T.);
#545=FACE_OUTER_BOUND('',#805,.T.);
#546=EDGE_LOOP('',(#2539,#2540,#2541,#2542));
#547=EDGE_LOOP('',(#2543,#2544,#2545,#2546,#2547,#2548,#2549,#2550,#2551,
#2552,#2553,#2554,#2555,#2556,#2557,#2558));
#548=EDGE_LOOP('',(#2559));
#549=EDGE_LOOP('',(#2560));
#550=EDGE_LOOP('',(#2561));
#551=EDGE_LOOP('',(#2562));
#552=EDGE_LOOP('',(#2563,#2564,#2565,#2566));
#553=EDGE_LOOP('',(#2567,#2568,#2569,#2570));
#554=EDGE_LOOP('',(#2571,#2572,#2573,#2574,#2575,#2576,#2577,#2578,#2579,
#2580,#2581,#2582));
#555=EDGE_LOOP('',(#2583,#2584,#2585,#2586));
#556=EDGE_LOOP('',(#2587,#2588,#2589,#2590,#2591,#2592,#2593,#2594,#2595,
#2596,#2597,#2598));
#557=EDGE_LOOP('',(#2599,#2600,#2601,#2602));
#558=EDGE_LOOP('',(#2603,#2604,#2605,#2606));
#559=EDGE_LOOP('',(#2607));
#560=EDGE_LOOP('',(#2608));
#561=EDGE_LOOP('',(#2609,#2610,#2611,#2612,#2613));
#562=EDGE_LOOP('',(#2614,#2615,#2616,#2617));
#563=EDGE_LOOP('',(#2618,#2619,#2620,#2621,#2622));
#564=EDGE_LOOP('',(#2623,#2624,#2625,#2626));
#565=EDGE_LOOP('',(#2627,#2628,#2629,#2630,#2631));
#566=EDGE_LOOP('',(#2632,#2633,#2634,#2635));
#567=EDGE_LOOP('',(#2636,#2637,#2638,#2639,#2640));
#568=EDGE_LOOP('',(#2641,#2642,#2643,#2644));
#569=EDGE_LOOP('',(#2645,#2646,#2647));
#570=EDGE_LOOP('',(#2648,#2649));
#571=EDGE_LOOP('',(#2650,#2651));
#572=EDGE_LOOP('',(#2652,#2653,#2654));
#573=EDGE_LOOP('',(#2655,#2656,#2657));
#574=EDGE_LOOP('',(#2658,#2659,#2660,#2661));
#575=EDGE_LOOP('',(#2662,#2663,#2664,#2665));
#576=EDGE_LOOP('',(#2666,#2667,#2668,#2669));
#577=EDGE_LOOP('',(#2670,#2671,#2672,#2673));
#578=EDGE_LOOP('',(#2674,#2675,#2676,#2677));
#579=EDGE_LOOP('',(#2678,#2679,#2680));
#580=EDGE_LOOP('',(#2681,#2682,#2683,#2684));
#581=EDGE_LOOP('',(#2685,#2686,#2687,#2688));
#582=EDGE_LOOP('',(#2689,#2690,#2691,#2692));
#583=EDGE_LOOP('',(#2693,#2694,#2695,#2696));
#584=EDGE_LOOP('',(#2697,#2698,#2699,#2700));
#585=EDGE_LOOP('',(#2701,#2702,#2703,#2704));
#586=EDGE_LOOP('',(#2705,#2706,#2707,#2708));
#587=EDGE_LOOP('',(#2709,#2710,#2711,#2712));
#588=EDGE_LOOP('',(#2713,#2714,#2715,#2716,#2717,#2718,#2719,#2720,#2721,
#2722,#2723,#2724,#2725,#2726,#2727,#2728,#2729,#2730,#2731,#2732));
#589=EDGE_LOOP('',(#2733,#2734,#2735,#2736,#2737,#2738,#2739,#2740,#2741,
#2742,#2743,#2744,#2745,#2746,#2747,#2748,#2749,#2750,#2751,#2752,#2753,
#2754,#2755,#2756,#2757,#2758));
#590=EDGE_LOOP('',(#2759,#2760,#2761,#2762));
#591=EDGE_LOOP('',(#2763,#2764,#2765,#2766));
#592=EDGE_LOOP('',(#2767,#2768,#2769,#2770));
#593=EDGE_LOOP('',(#2771,#2772,#2773,#2774));
#594=EDGE_LOOP('',(#2775,#2776,#2777,#2778));
#595=EDGE_LOOP('',(#2779,#2780,#2781));
#596=EDGE_LOOP('',(#2782,#2783,#2784,#2785,#2786));
#597=EDGE_LOOP('',(#2787,#2788,#2789,#2790));
#598=EDGE_LOOP('',(#2791,#2792,#2793));
#599=EDGE_LOOP('',(#2794,#2795,#2796,#2797));
#600=EDGE_LOOP('',(#2798,#2799,#2800,#2801));
#601=EDGE_LOOP('',(#2802,#2803,#2804,#2805));
#602=EDGE_LOOP('',(#2806,#2807,#2808,#2809));
#603=EDGE_LOOP('',(#2810,#2811,#2812,#2813));
#604=EDGE_LOOP('',(#2814,#2815,#2816,#2817));
#605=EDGE_LOOP('',(#2818,#2819,#2820,#2821));
#606=EDGE_LOOP('',(#2822,#2823,#2824,#2825));
#607=EDGE_LOOP('',(#2826,#2827,#2828,#2829));
#608=EDGE_LOOP('',(#2830,#2831,#2832,#2833));
#609=EDGE_LOOP('',(#2834,#2835,#2836,#2837));
#610=EDGE_LOOP('',(#2838,#2839,#2840,#2841,#2842));
#611=EDGE_LOOP('',(#2843,#2844,#2845,#2846));
#612=EDGE_LOOP('',(#2847,#2848,#2849,#2850));
#613=EDGE_LOOP('',(#2851,#2852,#2853,#2854,#2855));
#614=EDGE_LOOP('',(#2856,#2857,#2858,#2859,#2860));
#615=EDGE_LOOP('',(#2861,#2862,#2863,#2864));
#616=EDGE_LOOP('',(#2865,#2866,#2867,#2868));
#617=EDGE_LOOP('',(#2869,#2870,#2871,#2872));
#618=EDGE_LOOP('',(#2873,#2874,#2875,#2876));
#619=EDGE_LOOP('',(#2877,#2878,#2879,#2880));
#620=EDGE_LOOP('',(#2881,#2882,#2883,#2884));
#621=EDGE_LOOP('',(#2885,#2886,#2887,#2888));
#622=EDGE_LOOP('',(#2889,#2890,#2891,#2892,#2893,#2894,#2895,#2896));
#623=EDGE_LOOP('',(#2897,#2898,#2899,#2900));
#624=EDGE_LOOP('',(#2901,#2902,#2903));
#625=EDGE_LOOP('',(#2904,#2905,#2906));
#626=EDGE_LOOP('',(#2907,#2908,#2909,#2910));
#627=EDGE_LOOP('',(#2911,#2912,#2913,#2914));
#628=EDGE_LOOP('',(#2915,#2916,#2917));
#629=EDGE_LOOP('',(#2918,#2919,#2920));
#630=EDGE_LOOP('',(#2921,#2922,#2923,#2924));
#631=EDGE_LOOP('',(#2925,#2926,#2927));
#632=EDGE_LOOP('',(#2928,#2929,#2930,#2931));
#633=EDGE_LOOP('',(#2932,#2933,#2934));
#634=EDGE_LOOP('',(#2935,#2936,#2937,#2938));
#635=EDGE_LOOP('',(#2939,#2940,#2941));
#636=EDGE_LOOP('',(#2942,#2943,#2944));
#637=EDGE_LOOP('',(#2945,#2946,#2947));
#638=EDGE_LOOP('',(#2948,#2949,#2950,#2951));
#639=EDGE_LOOP('',(#2952,#2953,#2954,#2955));
#640=EDGE_LOOP('',(#2956,#2957,#2958,#2959));
#641=EDGE_LOOP('',(#2960,#2961,#2962,#2963));
#642=EDGE_LOOP('',(#2964,#2965,#2966,#2967));
#643=EDGE_LOOP('',(#2968,#2969,#2970,#2971));
#644=EDGE_LOOP('',(#2972,#2973,#2974,#2975));
#645=EDGE_LOOP('',(#2976,#2977,#2978,#2979));
#646=EDGE_LOOP('',(#2980,#2981,#2982,#2983));
#647=EDGE_LOOP('',(#2984,#2985,#2986,#2987));
#648=EDGE_LOOP('',(#2988,#2989,#2990,#2991));
#649=EDGE_LOOP('',(#2992,#2993,#2994,#2995,#2996,#2997));
#650=EDGE_LOOP('',(#2998,#2999,#3000,#3001,#3002));
#651=EDGE_LOOP('',(#3003));
#652=EDGE_LOOP('',(#3004,#3005,#3006,#3007,#3008));
#653=EDGE_LOOP('',(#3009,#3010,#3011,#3012));
#654=EDGE_LOOP('',(#3013,#3014,#3015,#3016,#3017));
#655=EDGE_LOOP('',(#3018,#3019,#3020,#3021));
#656=EDGE_LOOP('',(#3022,#3023,#3024));
#657=EDGE_LOOP('',(#3025,#3026,#3027,#3028));
#658=EDGE_LOOP('',(#3029,#3030,#3031));
#659=EDGE_LOOP('',(#3032,#3033,#3034));
#660=EDGE_LOOP('',(#3035,#3036,#3037));
#661=EDGE_LOOP('',(#3038,#3039,#3040));
#662=EDGE_LOOP('',(#3041,#3042,#3043,#3044));
#663=EDGE_LOOP('',(#3045,#3046,#3047));
#664=EDGE_LOOP('',(#3048,#3049,#3050,#3051));
#665=EDGE_LOOP('',(#3052,#3053,#3054));
#666=EDGE_LOOP('',(#3055,#3056,#3057,#3058));
#667=EDGE_LOOP('',(#3059,#3060,#3061));
#668=EDGE_LOOP('',(#3062,#3063,#3064,#3065));
#669=EDGE_LOOP('',(#3066,#3067,#3068,#3069));
#670=EDGE_LOOP('',(#3070,#3071,#3072));
#671=EDGE_LOOP('',(#3073,#3074,#3075,#3076));
#672=EDGE_LOOP('',(#3077,#3078,#3079,#3080));
#673=EDGE_LOOP('',(#3081,#3082,#3083,#3084));
#674=EDGE_LOOP('',(#3085,#3086,#3087,#3088));
#675=EDGE_LOOP('',(#3089,#3090,#3091,#3092));
#676=EDGE_LOOP('',(#3093,#3094,#3095,#3096));
#677=EDGE_LOOP('',(#3097,#3098,#3099,#3100));
#678=EDGE_LOOP('',(#3101,#3102,#3103,#3104));
#679=EDGE_LOOP('',(#3105,#3106,#3107,#3108));
#680=EDGE_LOOP('',(#3109,#3110,#3111,#3112));
#681=EDGE_LOOP('',(#3113,#3114,#3115,#3116,#3117,#3118,#3119));
#682=EDGE_LOOP('',(#3120,#3121,#3122,#3123,#3124));
#683=EDGE_LOOP('',(#3125,#3126,#3127,#3128,#3129));
#684=EDGE_LOOP('',(#3130));
#685=EDGE_LOOP('',(#3131,#3132,#3133,#3134,#3135));
#686=EDGE_LOOP('',(#3136,#3137,#3138,#3139));
#687=EDGE_LOOP('',(#3140,#3141,#3142,#3143));
#688=EDGE_LOOP('',(#3144,#3145,#3146,#3147));
#689=EDGE_LOOP('',(#3148,#3149,#3150,#3151));
#690=EDGE_LOOP('',(#3152,#3153,#3154,#3155));
#691=EDGE_LOOP('',(#3156,#3157,#3158,#3159));
#692=EDGE_LOOP('',(#3160,#3161,#3162,#3163));
#693=EDGE_LOOP('',(#3164,#3165,#3166,#3167));
#694=EDGE_LOOP('',(#3168,#3169,#3170,#3171));
#695=EDGE_LOOP('',(#3172,#3173,#3174,#3175));
#696=EDGE_LOOP('',(#3176,#3177,#3178,#3179));
#697=EDGE_LOOP('',(#3180,#3181,#3182,#3183,#3184,#3185,#3186,#3187,#3188));
#698=EDGE_LOOP('',(#3189,#3190,#3191,#3192,#3193));
#699=EDGE_LOOP('',(#3194,#3195,#3196,#3197));
#700=EDGE_LOOP('',(#3198,#3199,#3200,#3201,#3202,#3203,#3204));
#701=EDGE_LOOP('',(#3205,#3206,#3207,#3208,#3209,#3210,#3211,#3212));
#702=EDGE_LOOP('',(#3213,#3214,#3215,#3216,#3217,#3218,#3219,#3220,#3221));
#703=EDGE_LOOP('',(#3222,#3223,#3224,#3225));
#704=EDGE_LOOP('',(#3226,#3227,#3228,#3229));
#705=EDGE_LOOP('',(#3230,#3231,#3232,#3233));
#706=EDGE_LOOP('',(#3234,#3235,#3236,#3237));
#707=EDGE_LOOP('',(#3238,#3239,#3240,#3241,#3242));
#708=EDGE_LOOP('',(#3243,#3244,#3245,#3246));
#709=EDGE_LOOP('',(#3247,#3248,#3249,#3250));
#710=EDGE_LOOP('',(#3251,#3252,#3253,#3254));
#711=EDGE_LOOP('',(#3255,#3256,#3257,#3258));
#712=EDGE_LOOP('',(#3259,#3260,#3261,#3262));
#713=EDGE_LOOP('',(#3263,#3264,#3265,#3266));
#714=EDGE_LOOP('',(#3267,#3268,#3269,#3270));
#715=EDGE_LOOP('',(#3271,#3272,#3273,#3274));
#716=EDGE_LOOP('',(#3275,#3276,#3277,#3278));
#717=EDGE_LOOP('',(#3279,#3280,#3281,#3282));
#718=EDGE_LOOP('',(#3283,#3284,#3285,#3286));
#719=EDGE_LOOP('',(#3287,#3288,#3289,#3290));
#720=EDGE_LOOP('',(#3291,#3292,#3293,#3294));
#721=EDGE_LOOP('',(#3295,#3296,#3297,#3298));
#722=EDGE_LOOP('',(#3299,#3300,#3301,#3302));
#723=EDGE_LOOP('',(#3303,#3304,#3305,#3306));
#724=EDGE_LOOP('',(#3307,#3308,#3309,#3310));
#725=EDGE_LOOP('',(#3311,#3312,#3313,#3314));
#726=EDGE_LOOP('',(#3315,#3316,#3317,#3318));
#727=EDGE_LOOP('',(#3319,#3320,#3321,#3322));
#728=EDGE_LOOP('',(#3323,#3324,#3325,#3326));
#729=EDGE_LOOP('',(#3327,#3328,#3329,#3330));
#730=EDGE_LOOP('',(#3331,#3332,#3333,#3334,#3335,#3336,#3337,#3338,#3339,
#3340,#3341));
#731=EDGE_LOOP('',(#3342,#3343,#3344,#3345));
#732=EDGE_LOOP('',(#3346,#3347,#3348,#3349));
#733=EDGE_LOOP('',(#3350,#3351,#3352,#3353));
#734=EDGE_LOOP('',(#3354,#3355,#3356,#3357));
#735=EDGE_LOOP('',(#3358,#3359,#3360,#3361));
#736=EDGE_LOOP('',(#3362,#3363,#3364,#3365));
#737=EDGE_LOOP('',(#3366,#3367,#3368,#3369));
#738=EDGE_LOOP('',(#3370,#3371,#3372,#3373));
#739=EDGE_LOOP('',(#3374,#3375,#3376,#3377));
#740=EDGE_LOOP('',(#3378,#3379,#3380,#3381));
#741=EDGE_LOOP('',(#3382,#3383,#3384,#3385));
#742=EDGE_LOOP('',(#3386,#3387,#3388,#3389));
#743=EDGE_LOOP('',(#3390,#3391,#3392,#3393));
#744=EDGE_LOOP('',(#3394,#3395,#3396,#3397));
#745=EDGE_LOOP('',(#3398,#3399,#3400,#3401));
#746=EDGE_LOOP('',(#3402,#3403,#3404,#3405));
#747=EDGE_LOOP('',(#3406,#3407,#3408,#3409));
#748=EDGE_LOOP('',(#3410,#3411,#3412,#3413));
#749=EDGE_LOOP('',(#3414,#3415,#3416,#3417));
#750=EDGE_LOOP('',(#3418,#3419,#3420,#3421));
#751=EDGE_LOOP('',(#3422,#3423,#3424,#3425));
#752=EDGE_LOOP('',(#3426,#3427,#3428,#3429));
#753=EDGE_LOOP('',(#3430,#3431,#3432,#3433));
#754=EDGE_LOOP('',(#3434,#3435,#3436,#3437));
#755=EDGE_LOOP('',(#3438,#3439,#3440,#3441));
#756=EDGE_LOOP('',(#3442,#3443,#3444,#3445));
#757=EDGE_LOOP('',(#3446,#3447,#3448,#3449));
#758=EDGE_LOOP('',(#3450,#3451,#3452,#3453));
#759=EDGE_LOOP('',(#3454,#3455,#3456,#3457));
#760=EDGE_LOOP('',(#3458,#3459,#3460,#3461,#3462,#3463));
#761=EDGE_LOOP('',(#3464,#3465,#3466,#3467));
#762=EDGE_LOOP('',(#3468));
#763=EDGE_LOOP('',(#3469,#3470,#3471,#3472));
#764=EDGE_LOOP('',(#3473));
#765=EDGE_LOOP('',(#3474,#3475,#3476,#3477));
#766=EDGE_LOOP('',(#3478,#3479,#3480,#3481,#3482,#3483));
#767=EDGE_LOOP('',(#3484,#3485,#3486,#3487));
#768=EDGE_LOOP('',(#3488,#3489,#3490,#3491));
#769=EDGE_LOOP('',(#3492,#3493,#3494,#3495,#3496,#3497,#3498,#3499,#3500,
#3501,#3502,#3503,#3504,#3505,#3506,#3507,#3508,#3509,#3510,#3511,#3512,
#3513,#3514,#3515,#3516,#3517,#3518,#3519,#3520,#3521,#3522,#3523,#3524,
#3525));
#770=EDGE_LOOP('',(#3526,#3527,#3528,#3529,#3530,#3531));
#771=EDGE_LOOP('',(#3532,#3533,#3534,#3535,#3536,#3537,#3538));
#772=EDGE_LOOP('',(#3539,#3540,#3541,#3542));
#773=EDGE_LOOP('',(#3543,#3544,#3545,#3546));
#774=EDGE_LOOP('',(#3547,#3548,#3549,#3550));
#775=EDGE_LOOP('',(#3551,#3552,#3553,#3554));
#776=EDGE_LOOP('',(#3555,#3556,#3557,#3558));
#777=EDGE_LOOP('',(#3559,#3560,#3561,#3562));
#778=EDGE_LOOP('',(#3563,#3564,#3565,#3566,#3567,#3568,#3569,#3570,#3571,
#3572,#3573,#3574,#3575,#3576));
#779=EDGE_LOOP('',(#3577));
#780=EDGE_LOOP('',(#3578));
#781=EDGE_LOOP('',(#3579,#3580,#3581,#3582,#3583,#3584,#3585,#3586,#3587,
#3588));
#782=EDGE_LOOP('',(#3589,#3590,#3591,#3592));
#783=EDGE_LOOP('',(#3593,#3594,#3595,#3596));
#784=EDGE_LOOP('',(#3597,#3598,#3599,#3600));
#785=EDGE_LOOP('',(#3601,#3602,#3603,#3604));
#786=EDGE_LOOP('',(#3605,#3606,#3607,#3608));
#787=EDGE_LOOP('',(#3609,#3610,#3611,#3612));
#788=EDGE_LOOP('',(#3613,#3614,#3615,#3616));
#789=EDGE_LOOP('',(#3617,#3618,#3619,#3620));
#790=EDGE_LOOP('',(#3621,#3622,#3623,#3624,#3625));
#791=EDGE_LOOP('',(#3626,#3627,#3628,#3629));
#792=EDGE_LOOP('',(#3630,#3631,#3632,#3633));
#793=EDGE_LOOP('',(#3634,#3635,#3636,#3637));
#794=EDGE_LOOP('',(#3638,#3639,#3640,#3641));
#795=EDGE_LOOP('',(#3642,#3643,#3644,#3645));
#796=EDGE_LOOP('',(#3646,#3647,#3648,#3649));
#797=EDGE_LOOP('',(#3650,#3651,#3652,#3653));
#798=EDGE_LOOP('',(#3654,#3655,#3656,#3657));
#799=EDGE_LOOP('',(#3658,#3659,#3660,#3661));
#800=EDGE_LOOP('',(#3662,#3663,#3664,#3665,#3666,#3667,#3668));
#801=EDGE_LOOP('',(#3669,#3670,#3671,#3672));
#802=EDGE_LOOP('',(#3673,#3674,#3675,#3676));
#803=EDGE_LOOP('',(#3677,#3678,#3679,#3680));
#804=EDGE_LOOP('',(#3681,#3682,#3683,#3684,#3685));
#805=EDGE_LOOP('',(#3686,#3687,#3688,#3689,#3690));
#806=LINE('',#5837,#1087);
#807=LINE('',#5842,#1088);
#808=LINE('',#5846,#1089);
#809=LINE('',#5850,#1090);
#810=LINE('',#5854,#1091);
#811=LINE('',#5858,#1092);
#812=LINE('',#5862,#1093);
#813=LINE('',#5866,#1094);
#814=LINE('',#5870,#1095);
#815=LINE('',#5880,#1096);
#816=LINE('',#5884,#1097);
#817=LINE('',#5888,#1098);
#818=LINE('',#5892,#1099);
#819=LINE('',#5896,#1100);
#820=LINE('',#5900,#1101);
#821=LINE('',#5904,#1102);
#822=LINE('',#5908,#1103);
#823=LINE('',#5912,#1104);
#824=LINE('',#5916,#1105);
#825=LINE('',#5920,#1106);
#826=LINE('',#5924,#1107);
#827=LINE('',#5928,#1108);
#828=LINE('',#5932,#1109);
#829=LINE('',#5936,#1110);
#830=LINE('',#5941,#1111);
#831=LINE('',#5943,#1112);
#832=LINE('',#5944,#1113);
#833=LINE('',#5947,#1114);
#834=LINE('',#5950,#1115);
#835=LINE('',#5951,#1116);
#836=LINE('',#5955,#1117);
#837=LINE('',#5957,#1118);
#838=LINE('',#5958,#1119);
#839=LINE('',#5961,#1120);
#840=LINE('',#5964,#1121);
#841=LINE('',#5965,#1122);
#842=LINE('',#5983,#1123);
#843=LINE('',#5984,#1124);
#844=LINE('',#5995,#1125);
#845=LINE('',#5996,#1126);
#846=LINE('',#6007,#1127);
#847=LINE('',#6008,#1128);
#848=LINE('',#6024,#1129);
#849=LINE('',#6027,#1130);
#850=LINE('',#6038,#1131);
#851=LINE('',#6039,#1132);
#852=LINE('',#6047,#1133);
#853=LINE('',#6048,#1134);
#854=LINE('',#6053,#1135);
#855=LINE('',#6054,#1136);
#856=LINE('',#6059,#1137);
#857=LINE('',#6060,#1138);
#858=LINE('',#6064,#1139);
#859=LINE('',#6070,#1140);
#860=LINE('',#6072,#1141);
#861=LINE('',#6074,#1142);
#862=LINE('',#6080,#1143);
#863=LINE('',#6084,#1144);
#864=LINE('',#6088,#1145);
#865=LINE('',#6092,#1146);
#866=LINE('',#6096,#1147);
#867=LINE('',#6100,#1148);
#868=LINE('',#6103,#1149);
#869=LINE('',#6105,#1150);
#870=LINE('',#6109,#1151);
#871=LINE('',#6113,#1152);
#872=LINE('',#6117,#1153);
#873=LINE('',#6119,#1154);
#874=LINE('',#6121,#1155);
#875=LINE('',#6125,#1156);
#876=LINE('',#6129,#1157);
#877=LINE('',#6133,#1158);
#878=LINE('',#6135,#1159);
#879=LINE('',#6136,#1160);
#880=LINE('',#6139,#1161);
#881=LINE('',#6143,#1162);
#882=LINE('',#6144,#1163);
#883=LINE('',#6147,#1164);
#884=LINE('',#6150,#1165);
#885=LINE('',#6160,#1166);
#886=LINE('',#6162,#1167);
#887=LINE('',#6183,#1168);
#888=LINE('',#6185,#1169);
#889=LINE('',#6204,#1170);
#890=LINE('',#6205,#1171);
#891=LINE('',#6216,#1172);
#892=LINE('',#6217,#1173);
#893=LINE('',#6228,#1174);
#894=LINE('',#6229,#1175);
#895=LINE('',#6249,#1176);
#896=LINE('',#6250,#1177);
#897=LINE('',#6253,#1178);
#898=LINE('',#6255,#1179);
#899=LINE('',#6259,#1180);
#900=LINE('',#6261,#1181);
#901=LINE('',#6277,#1182);
#902=LINE('',#6278,#1183);
#903=LINE('',#6292,#1184);
#904=LINE('',#6304,#1185);
#905=LINE('',#6310,#1186);
#906=LINE('',#6312,#1187);
#907=LINE('',#6313,#1188);
#908=LINE('',#6315,#1189);
#909=LINE('',#6318,#1190);
#910=LINE('',#6320,#1191);
#911=LINE('',#6321,#1192);
#912=LINE('',#6324,#1193);
#913=LINE('',#6328,#1194);
#914=LINE('',#6329,#1195);
#915=LINE('',#6332,#1196);
#916=LINE('',#6336,#1197);
#917=LINE('',#6337,#1198);
#918=LINE('',#6340,#1199);
#919=LINE('',#6344,#1200);
#920=LINE('',#6345,#1201);
#921=LINE('',#6348,#1202);
#922=LINE('',#6352,#1203);
#923=LINE('',#6353,#1204);
#924=LINE('',#6372,#1205);
#925=LINE('',#6373,#1206);
#926=LINE('',#6375,#1207);
#927=LINE('',#6376,#1208);
#928=LINE('',#6392,#1209);
#929=LINE('',#6393,#1210);
#930=LINE('',#6402,#1211);
#931=LINE('',#6403,#1212);
#932=LINE('',#6436,#1213);
#933=LINE('',#6437,#1214);
#934=LINE('',#6439,#1215);
#935=LINE('',#6440,#1216);
#936=LINE('',#6442,#1217);
#937=LINE('',#6443,#1218);
#938=LINE('',#6448,#1219);
#939=LINE('',#6449,#1220);
#940=LINE('',#6473,#1221);
#941=LINE('',#6474,#1222);
#942=LINE('',#6476,#1223);
#943=LINE('',#6477,#1224);
#944=LINE('',#6479,#1225);
#945=LINE('',#6480,#1226);
#946=LINE('',#6504,#1227);
#947=LINE('',#6505,#1228);
#948=LINE('',#6507,#1229);
#949=LINE('',#6508,#1230);
#950=LINE('',#6511,#1231);
#951=LINE('',#6512,#1232);
#952=LINE('',#6531,#1233);
#953=LINE('',#6532,#1234);
#954=LINE('',#6572,#1235);
#955=LINE('',#6573,#1236);
#956=LINE('',#6611,#1237);
#957=LINE('',#6612,#1238);
#958=LINE('',#6614,#1239);
#959=LINE('',#6615,#1240);
#960=LINE('',#6624,#1241);
#961=LINE('',#6625,#1242);
#962=LINE('',#6627,#1243);
#963=LINE('',#6628,#1244);
#964=LINE('',#6630,#1245);
#965=LINE('',#6631,#1246);
#966=LINE('',#6636,#1247);
#967=LINE('',#6637,#1248);
#968=LINE('',#6639,#1249);
#969=LINE('',#6640,#1250);
#970=LINE('',#6642,#1251);
#971=LINE('',#6643,#1252);
#972=LINE('',#6645,#1253);
#973=LINE('',#6646,#1254);
#974=LINE('',#6670,#1255);
#975=LINE('',#6671,#1256);
#976=LINE('',#6673,#1257);
#977=LINE('',#6674,#1258);
#978=LINE('',#6676,#1259);
#979=LINE('',#6687,#1260);
#980=LINE('',#6691,#1261);
#981=LINE('',#6695,#1262);
#982=LINE('',#6698,#1263);
#983=LINE('',#6709,#1264);
#984=LINE('',#6710,#1265);
#985=LINE('',#6721,#1266);
#986=LINE('',#6722,#1267);
#987=LINE('',#6762,#1268);
#988=LINE('',#6763,#1269);
#989=LINE('',#6766,#1270);
#990=LINE('',#6768,#1271);
#991=LINE('',#6770,#1272);
#992=LINE('',#6772,#1273);
#993=LINE('',#6774,#1274);
#994=LINE('',#6779,#1275);
#995=LINE('',#6781,#1276);
#996=LINE('',#6791,#1277);
#997=LINE('',#6794,#1278);
#998=LINE('',#6799,#1279);
#999=LINE('',#6802,#1280);
#1000=LINE('',#6806,#1281);
#1001=LINE('',#6810,#1282);
#1002=LINE('',#6811,#1283);
#1003=LINE('',#6836,#1284);
#1004=LINE('',#6837,#1285);
#1005=LINE('',#6858,#1286);
#1006=LINE('',#6859,#1287);
#1007=LINE('',#6866,#1288);
#1008=LINE('',#6869,#1289);
#1009=LINE('',#6878,#1290);
#1010=LINE('',#6881,#1291);
#1011=LINE('',#6890,#1292);
#1012=LINE('',#6899,#1293);
#1013=LINE('',#6902,#1294);
#1014=LINE('',#6911,#1295);
#1015=LINE('',#6914,#1296);
#1016=LINE('',#6923,#1297);
#1017=LINE('',#6926,#1298);
#1018=LINE('',#6935,#1299);
#1019=LINE('',#6938,#1300);
#1020=LINE('',#6947,#1301);
#1021=LINE('',#6950,#1302);
#1022=LINE('',#6956,#1303);
#1023=LINE('',#6959,#1304);
#1024=LINE('',#6962,#1305);
#1025=LINE('',#6963,#1306);
#1026=LINE('',#6968,#1307);
#1027=LINE('',#6972,#1308);
#1028=LINE('',#6973,#1309);
#1029=LINE('',#6976,#1310);
#1030=LINE('',#6980,#1311);
#1031=LINE('',#6985,#1312);
#1032=LINE('',#6987,#1313);
#1033=LINE('',#6988,#1314);
#1034=LINE('',#6990,#1315);
#1035=LINE('',#6991,#1316);
#1036=LINE('',#6993,#1317);
#1037=LINE('',#6995,#1318);
#1038=LINE('',#6997,#1319);
#1039=LINE('',#6999,#1320);
#1040=LINE('',#7001,#1321);
#1041=LINE('',#7003,#1322);
#1042=LINE('',#7005,#1323);
#1043=LINE('',#7023,#1324);
#1044=LINE('',#7031,#1325);
#1045=LINE('',#7039,#1326);
#1046=LINE('',#7046,#1327);
#1047=LINE('',#7055,#1328);
#1048=LINE('',#7057,#1329);
#1049=LINE('',#7059,#1330);
#1050=LINE('',#7061,#1331);
#1051=LINE('',#7063,#1332);
#1052=LINE('',#7065,#1333);
#1053=LINE('',#7067,#1334);
#1054=LINE('',#7073,#1335);
#1055=LINE('',#7078,#1336);
#1056=LINE('',#7082,#1337);
#1057=LINE('',#7083,#1338);
#1058=LINE('',#7088,#1339);
#1059=LINE('',#7090,#1340);
#1060=LINE('',#7091,#1341);
#1061=LINE('',#7094,#1342);
#1062=LINE('',#7095,#1343);
#1063=LINE('',#7097,#1344);
#1064=LINE('',#7098,#1345);
#1065=LINE('',#7102,#1346);
#1066=LINE('',#7106,#1347);
#1067=LINE('',#7111,#1348);
#1068=LINE('',#7114,#1349);
#1069=LINE('',#7115,#1350);
#1070=LINE('',#7118,#1351);
#1071=LINE('',#7128,#1352);
#1072=LINE('',#7130,#1353);
#1073=LINE('',#7132,#1354);
#1074=LINE('',#7134,#1355);
#1075=LINE('',#7136,#1356);
#1076=LINE('',#7138,#1357);
#1077=LINE('',#7140,#1358);
#1078=LINE('',#7190,#1359);
#1079=LINE('',#7193,#1360);
#1080=LINE('',#7194,#1361);
#1081=LINE('',#7197,#1362);
#1082=LINE('',#7246,#1363);
#1083=LINE('',#7251,#1364);
#1084=LINE('',#7253,#1365);
#1085=LINE('',#7256,#1366);
#1086=LINE('',#7258,#1367);
#1087=VECTOR('',#4501,2.15);
#1088=VECTOR('',#4506,10.);
#1089=VECTOR('',#4509,10.);
#1090=VECTOR('',#4512,10.);
#1091=VECTOR('',#4515,10.);
#1092=VECTOR('',#4518,10.);
#1093=VECTOR('',#4521,10.);
#1094=VECTOR('',#4524,10.);
#1095=VECTOR('',#4527,10.);
#1096=VECTOR('',#4538,1.9);
#1097=VECTOR('',#4543,3.25);
#1098=VECTOR('',#4548,3.);
#1099=VECTOR('',#4551,10.);
#1100=VECTOR('',#4554,10.);
#1101=VECTOR('',#4557,10.);
#1102=VECTOR('',#4560,10.);
#1103=VECTOR('',#4565,3.25);
#1104=VECTOR('',#4570,3.);
#1105=VECTOR('',#4573,10.);
#1106=VECTOR('',#4576,10.);
#1107=VECTOR('',#4579,10.);
#1108=VECTOR('',#4582,10.);
#1109=VECTOR('',#4587,2.15);
#1110=VECTOR('',#4592,1.9);
#1111=VECTOR('',#4601,10.);
#1112=VECTOR('',#4602,10.);
#1113=VECTOR('',#4603,10.);
#1114=VECTOR('',#4606,10.);
#1115=VECTOR('',#4611,10.);
#1116=VECTOR('',#4612,10.);
#1117=VECTOR('',#4619,10.);
#1118=VECTOR('',#4620,10.);
#1119=VECTOR('',#4621,10.);
#1120=VECTOR('',#4624,10.);
#1121=VECTOR('',#4629,10.);
#1122=VECTOR('',#4630,10.);
#1123=VECTOR('',#4655,10.);
#1124=VECTOR('',#4656,10.);
#1125=VECTOR('',#4669,10.);
#1126=VECTOR('',#4670,10.);
#1127=VECTOR('',#4683,10.);
#1128=VECTOR('',#4684,10.);
#1129=VECTOR('',#4703,10.);
#1130=VECTOR('',#4706,10.);
#1131=VECTOR('',#4719,10.);
#1132=VECTOR('',#4720,10.);
#1133=VECTOR('',#4731,10.);
#1134=VECTOR('',#4732,10.);
#1135=VECTOR('',#4737,10.);
#1136=VECTOR('',#4738,10.);
#1137=VECTOR('',#4743,10.);
#1138=VECTOR('',#4744,10.);
#1139=VECTOR('',#4747,10.);
#1140=VECTOR('',#4752,10.);
#1141=VECTOR('',#4753,10.);
#1142=VECTOR('',#4754,10.);
#1143=VECTOR('',#4759,10.);
#1144=VECTOR('',#4762,10.);
#1145=VECTOR('',#4765,10.);
#1146=VECTOR('',#4768,10.);
#1147=VECTOR('',#4771,10.);
#1148=VECTOR('',#4774,10.);
#1149=VECTOR('',#4777,10.);
#1150=VECTOR('',#4778,10.);
#1151=VECTOR('',#4781,10.);
#1152=VECTOR('',#4784,10.);
#1153=VECTOR('',#4787,10.);
#1154=VECTOR('',#4788,10.);
#1155=VECTOR('',#4789,10.);
#1156=VECTOR('',#4792,10.);
#1157=VECTOR('',#4795,10.);
#1158=VECTOR('',#4800,10.);
#1159=VECTOR('',#4801,10.);
#1160=VECTOR('',#4802,10.);
#1161=VECTOR('',#4805,10.);
#1162=VECTOR('',#4810,10.);
#1163=VECTOR('',#4811,10.);
#1164=VECTOR('',#4814,10.);
#1165=VECTOR('',#4819,10.);
#1166=VECTOR('',#4830,10.);
#1167=VECTOR('',#4831,10.);
#1168=VECTOR('',#4836,10.);
#1169=VECTOR('',#4837,10.);
#1170=VECTOR('',#4860,10.);
#1171=VECTOR('',#4861,10.);
#1172=VECTOR('',#4874,10.);
#1173=VECTOR('',#4875,10.);
#1174=VECTOR('',#4888,10.);
#1175=VECTOR('',#4889,10.);
#1176=VECTOR('',#4900,10.);
#1177=VECTOR('',#4901,10.);
#1178=VECTOR('',#4904,10.);
#1179=VECTOR('',#4905,10.);
#1180=VECTOR('',#4910,10.);
#1181=VECTOR('',#4911,10.);
#1182=VECTOR('',#4914,10.);
#1183=VECTOR('',#4915,10.);
#1184=VECTOR('',#4926,10.);
#1185=VECTOR('',#4927,10.);
#1186=VECTOR('',#4936,10.);
#1187=VECTOR('',#4937,10.);
#1188=VECTOR('',#4938,10.);
#1189=VECTOR('',#4941,10.);
#1190=VECTOR('',#4944,10.);
#1191=VECTOR('',#4945,10.);
#1192=VECTOR('',#4946,10.);
#1193=VECTOR('',#4949,10.);
#1194=VECTOR('',#4954,10.);
#1195=VECTOR('',#4955,10.);
#1196=VECTOR('',#4958,10.);
#1197=VECTOR('',#4963,10.);
#1198=VECTOR('',#4964,10.);
#1199=VECTOR('',#4967,10.);
#1200=VECTOR('',#4972,10.);
#1201=VECTOR('',#4973,10.);
#1202=VECTOR('',#4976,10.);
#1203=VECTOR('',#4981,10.);
#1204=VECTOR('',#4982,10.);
#1205=VECTOR('',#5003,10.);
#1206=VECTOR('',#5004,10.);
#1207=VECTOR('',#5007,10.);
#1208=VECTOR('',#5008,10.);
#1209=VECTOR('',#5027,10.);
#1210=VECTOR('',#5028,10.);
#1211=VECTOR('',#5039,10.);
#1212=VECTOR('',#5040,10.);
#1213=VECTOR('',#5081,10.);
#1214=VECTOR('',#5082,10.);
#1215=VECTOR('',#5085,10.);
#1216=VECTOR('',#5086,10.);
#1217=VECTOR('',#5089,10.);
#1218=VECTOR('',#5090,10.);
#1219=VECTOR('',#5095,10.);
#1220=VECTOR('',#5096,10.);
#1221=VECTOR('',#5103,10.);
#1222=VECTOR('',#5104,10.);
#1223=VECTOR('',#5107,10.);
#1224=VECTOR('',#5108,10.);
#1225=VECTOR('',#5111,10.);
#1226=VECTOR('',#5112,10.);
#1227=VECTOR('',#5119,10.);
#1228=VECTOR('',#5120,10.);
#1229=VECTOR('',#5123,10.);
#1230=VECTOR('',#5124,10.);
#1231=VECTOR('',#5127,10.);
#1232=VECTOR('',#5128,10.);
#1233=VECTOR('',#5153,10.);
#1234=VECTOR('',#5154,10.);
#1235=VECTOR('',#5203,10.);
#1236=VECTOR('',#5204,10.);
#1237=VECTOR('',#5227,10.);
#1238=VECTOR('',#5228,10.);
#1239=VECTOR('',#5231,10.);
#1240=VECTOR('',#5232,10.);
#1241=VECTOR('',#5243,10.);
#1242=VECTOR('',#5244,10.);
#1243=VECTOR('',#5247,10.);
#1244=VECTOR('',#5248,10.);
#1245=VECTOR('',#5251,10.);
#1246=VECTOR('',#5252,10.);
#1247=VECTOR('',#5257,10.);
#1248=VECTOR('',#5258,10.);
#1249=VECTOR('',#5261,10.);
#1250=VECTOR('',#5262,10.);
#1251=VECTOR('',#5265,10.);
#1252=VECTOR('',#5266,10.);
#1253=VECTOR('',#5269,10.);
#1254=VECTOR('',#5270,10.);
#1255=VECTOR('',#5277,10.);
#1256=VECTOR('',#5278,10.);
#1257=VECTOR('',#5281,10.);
#1258=VECTOR('',#5282,10.);
#1259=VECTOR('',#5285,10.);
#1260=VECTOR('',#5300,10.);
#1261=VECTOR('',#5303,10.);
#1262=VECTOR('',#5308,10.);
#1263=VECTOR('',#5311,10.);
#1264=VECTOR('',#5324,10.);
#1265=VECTOR('',#5325,10.);
#1266=VECTOR('',#5338,10.);
#1267=VECTOR('',#5339,10.);
#1268=VECTOR('',#5354,10.);
#1269=VECTOR('',#5355,10.);
#1270=VECTOR('',#5358,10.);
#1271=VECTOR('',#5359,10.);
#1272=VECTOR('',#5360,10.);
#1273=VECTOR('',#5361,10.);
#1274=VECTOR('',#5362,10.);
#1275=VECTOR('',#5367,10.);
#1276=VECTOR('',#5370,10.);
#1277=VECTOR('',#5373,10.);
#1278=VECTOR('',#5376,10.);
#1279=VECTOR('',#5381,10.);
#1280=VECTOR('',#5384,10.);
#1281=VECTOR('',#5387,10.);
#1282=VECTOR('',#5390,10.);
#1283=VECTOR('',#5391,10.);
#1284=VECTOR('',#5404,10.);
#1285=VECTOR('',#5405,10.);
#1286=VECTOR('',#5414,10.);
#1287=VECTOR('',#5415,10.);
#1288=VECTOR('',#5422,10.);
#1289=VECTOR('',#5425,10.);
#1290=VECTOR('',#5436,10.);
#1291=VECTOR('',#5439,10.);
#1292=VECTOR('',#5452,10.);
#1293=VECTOR('',#5463,10.);
#1294=VECTOR('',#5466,10.);
#1295=VECTOR('',#5477,10.);
#1296=VECTOR('',#5480,10.);
#1297=VECTOR('',#5491,10.);
#1298=VECTOR('',#5494,10.);
#1299=VECTOR('',#5505,10.);
#1300=VECTOR('',#5508,10.);
#1301=VECTOR('',#5519,10.);
#1302=VECTOR('',#5522,10.);
#1303=VECTOR('',#5531,10.);
#1304=VECTOR('',#5534,10.);
#1305=VECTOR('',#5537,10.);
#1306=VECTOR('',#5538,10.);
#1307=VECTOR('',#5545,10.);
#1308=VECTOR('',#5550,10.);
#1309=VECTOR('',#5551,10.);
#1310=VECTOR('',#5554,10.);
#1311=VECTOR('',#5559,10.);
#1312=VECTOR('',#5564,10.);
#1313=VECTOR('',#5565,10.);
#1314=VECTOR('',#5566,10.);
#1315=VECTOR('',#5569,10.);
#1316=VECTOR('',#5570,10.);
#1317=VECTOR('',#5573,10.);
#1318=VECTOR('',#5576,10.);
#1319=VECTOR('',#5579,10.);
#1320=VECTOR('',#5582,10.);
#1321=VECTOR('',#5585,10.);
#1322=VECTOR('',#5588,10.);
#1323=VECTOR('',#5591,10.);
#1324=VECTOR('',#5606,10.);
#1325=VECTOR('',#5617,10.);
#1326=VECTOR('',#5628,10.);
#1327=VECTOR('',#5639,10.);
#1328=VECTOR('',#5656,10.);
#1329=VECTOR('',#5659,10.);
#1330=VECTOR('',#5662,10.);
#1331=VECTOR('',#5665,10.);
#1332=VECTOR('',#5668,10.);
#1333=VECTOR('',#5671,10.);
#1334=VECTOR('',#5674,10.);
#1335=VECTOR('',#5683,1.9);
#1336=VECTOR('',#5690,1.9);
#1337=VECTOR('',#5697,10.);
#1338=VECTOR('',#5698,10.);
#1339=VECTOR('',#5705,10.);
#1340=VECTOR('',#5706,10.);
#1341=VECTOR('',#5707,10.);
#1342=VECTOR('',#5710,10.);
#1343=VECTOR('',#5711,10.);
#1344=VECTOR('',#5714,10.);
#1345=VECTOR('',#5715,10.);
#1346=VECTOR('',#5720,10.);
#1347=VECTOR('',#5723,10.);
#1348=VECTOR('',#5732,10.);
#1349=VECTOR('',#5737,10.);
#1350=VECTOR('',#5738,10.);
#1351=VECTOR('',#5743,10.);
#1352=VECTOR('',#5758,10.);
#1353=VECTOR('',#5761,10.);
#1354=VECTOR('',#5764,10.);
#1355=VECTOR('',#5767,10.);
#1356=VECTOR('',#5770,10.);
#1357=VECTOR('',#5773,10.);
#1358=VECTOR('',#5776,10.);
#1359=VECTOR('',#5791,10.);
#1360=VECTOR('',#5794,10.);
#1361=VECTOR('',#5795,10.);
#1362=VECTOR('',#5798,10.);
#1363=VECTOR('',#5813,10.);
#1364=VECTOR('',#5820,10.);
#1365=VECTOR('',#5823,10.);
#1366=VECTOR('',#5828,1.625);
#1367=VECTOR('',#5831,1.625);
#1368=CIRCLE('',#3969,2.4);
#1369=CIRCLE('',#3970,1.9);
#1370=CIRCLE('',#3972,0.5);
#1371=CIRCLE('',#3973,0.5);
#1372=CIRCLE('',#3974,26.5);
#1373=CIRCLE('',#3975,0.5);
#1374=CIRCLE('',#3976,0.499999999999999);
#1375=CIRCLE('',#3977,0.5);
#1376=CIRCLE('',#3978,0.5);
#1377=CIRCLE('',#3979,26.5);
#1378=CIRCLE('',#3980,3.5);
#1379=CIRCLE('',#3981,2.4);
#1380=CIRCLE('',#3982,3.5);
#1381=CIRCLE('',#3984,1.9);
#1382=CIRCLE('',#3986,3.);
#1383=CIRCLE('',#3988,3.);
#1384=CIRCLE('',#3989,3.);
#1385=CIRCLE('',#3990,3.);
#1386=CIRCLE('',#3991,3.);
#1387=CIRCLE('',#3992,3.);
#1388=CIRCLE('',#3994,3.);
#1389=CIRCLE('',#3996,3.);
#1390=CIRCLE('',#3997,3.);
#1391=CIRCLE('',#3998,3.);
#1392=CIRCLE('',#3999,3.);
#1393=CIRCLE('',#4000,3.);
#1394=CIRCLE('',#4002,1.9);
#1395=CIRCLE('',#4004,1.9);
#1396=CIRCLE('',#4009,1.625);
#1397=CIRCLE('',#4012,1.625);
#1398=CIRCLE('',#4015,1.625);
#1399=CIRCLE('',#4018,1.625);
#1400=CIRCLE('',#4024,0.499999999999997);
#1401=CIRCLE('',#4025,0.5);
#1402=CIRCLE('',#4026,0.499999999999999);
#1403=CIRCLE('',#4028,0.500000000000001);
#1404=CIRCLE('',#4030,0.499999999999998);
#1405=CIRCLE('',#4031,1.5);
#1406=CIRCLE('',#4032,1.);
#1407=CIRCLE('',#4034,0.499999999999998);
#1408=CIRCLE('',#4036,0.500000000000002);
#1409=CIRCLE('',#4037,1.5);
#1410=CIRCLE('',#4038,1.);
#1411=CIRCLE('',#4040,0.5);
#1412=CIRCLE('',#4042,0.499999999999999);
#1413=CIRCLE('',#4043,0.5);
#1414=CIRCLE('',#4044,0.499999999999999);
#1415=CIRCLE('',#4046,27.05);
#1416=CIRCLE('',#4047,26.55);
#1417=CIRCLE('',#4049,0.499999999999996);
#1418=CIRCLE('',#4050,0.5);
#1419=CIRCLE('',#4052,0.499999999999998);
#1420=CIRCLE('',#4053,1.5);
#1421=CIRCLE('',#4054,1.);
#1422=CIRCLE('',#4056,0.499999999999998);
#1423=CIRCLE('',#4058,0.500000000000004);
#1424=CIRCLE('',#4059,1.5);
#1425=CIRCLE('',#4060,1.);
#1426=CIRCLE('',#4063,0.5);
#1427=CIRCLE('',#4065,0.5);
#1428=CIRCLE('',#4067,1.5);
#1429=CIRCLE('',#4068,28.7);
#1430=CIRCLE('',#4069,28.7);
#1431=CIRCLE('',#4070,1.5);
#1432=CIRCLE('',#4071,28.);
#1433=CIRCLE('',#4072,2.);
#1434=CIRCLE('',#4073,2.);
#1435=CIRCLE('',#4074,2.);
#1436=CIRCLE('',#4075,2.);
#1437=CIRCLE('',#4076,28.);
#1438=CIRCLE('',#4077,0.5);
#1439=CIRCLE('',#4078,0.5);
#1440=CIRCLE('',#4079,0.5);
#1441=CIRCLE('',#4080,0.5);
#1442=CIRCLE('',#4081,0.5);
#1443=CIRCLE('',#4082,0.5);
#1444=CIRCLE('',#4085,1.);
#1445=CIRCLE('',#4088,1.);
#1446=CIRCLE('',#4091,0.500000000000002);
#1447=CIRCLE('',#4092,0.499999999999998);
#1448=CIRCLE('',#4093,0.5);
#1449=CIRCLE('',#4095,0.5);
#1450=CIRCLE('',#4099,0.499999999999997);
#1451=CIRCLE('',#4100,0.5);
#1452=CIRCLE('',#4101,0.5);
#1453=CIRCLE('',#4103,0.500000000000002);
#1454=CIRCLE('',#4104,16.405153179398);
#1455=CIRCLE('',#4105,16.905153179398);
#1456=CIRCLE('',#4107,0.5);
#1457=CIRCLE('',#4109,0.499999999999998);
#1458=CIRCLE('',#4110,1.5);
#1459=CIRCLE('',#4111,1.);
#1460=CIRCLE('',#4113,0.499999999999998);
#1461=CIRCLE('',#4115,0.499999999999999);
#1462=CIRCLE('',#4116,1.5);
#1463=CIRCLE('',#4117,1.);
#1464=CIRCLE('',#4119,0.5);
#1465=CIRCLE('',#4121,0.499999999999999);
#1466=CIRCLE('',#4122,16.405153179398);
#1467=CIRCLE('',#4123,16.905153179398);
#1468=CIRCLE('',#4130,16.905153179398);
#1469=CIRCLE('',#4131,16.405153179398);
#1470=CIRCLE('',#4133,0.499999999999999);
#1471=CIRCLE('',#4135,16.405153179398);
#1472=CIRCLE('',#4136,16.905153179398);
#1473=CIRCLE('',#4141,16.905153179398);
#1474=CIRCLE('',#4144,1.);
#1475=CIRCLE('',#4147,1.);
#1476=CIRCLE('',#4150,16.905153179398);
#1477=CIRCLE('',#4153,0.499999999999999);
#1478=CIRCLE('',#4154,0.499999999999999);
#1479=CIRCLE('',#4155,0.500000000000001);
#1480=CIRCLE('',#4157,0.499999999999995);
#1481=CIRCLE('',#4158,0.500000000000005);
#1482=CIRCLE('',#4159,0.499999999999999);
#1483=CIRCLE('',#4161,0.5);
#1484=CIRCLE('',#4164,0.499999999999999);
#1485=CIRCLE('',#4165,0.5);
#1486=CIRCLE('',#4166,0.500000000000001);
#1487=CIRCLE('',#4168,0.500000000000002);
#1488=CIRCLE('',#4169,0.5);
#1489=CIRCLE('',#4170,0.499999999999998);
#1490=CIRCLE('',#4173,0.499999999999999);
#1491=CIRCLE('',#4174,0.499999999999998);
#1492=CIRCLE('',#4175,0.5);
#1493=CIRCLE('',#4178,0.499999999999999);
#1494=CIRCLE('',#4179,0.5);
#1495=CIRCLE('',#4180,0.500000000000001);
#1496=CIRCLE('',#4182,29.2);
#1497=CIRCLE('',#4183,28.7);
#1498=CIRCLE('',#4185,0.499999999999998);
#1499=CIRCLE('',#4186,0.499999999999999);
#1500=CIRCLE('',#4187,0.5);
#1501=CIRCLE('',#4189,0.500000000000001);
#1502=CIRCLE('',#4190,0.5);
#1503=CIRCLE('',#4191,0.499999999999994);
#1504=CIRCLE('',#4193,0.500000000000001);
#1505=CIRCLE('',#4194,0.499999999999998);
#1506=CIRCLE('',#4195,0.5);
#1507=CIRCLE('',#4200,0.5);
#1508=CIRCLE('',#4212,1.9);
#1509=CIRCLE('',#4218,0.500000000000002);
#1510=CIRCLE('',#4219,0.500000000000002);
#1511=CIRCLE('',#4220,0.499999999999999);
#1512=CIRCLE('',#4222,0.5);
#1513=CIRCLE('',#4224,0.499999999999998);
#1514=CIRCLE('',#4225,0.499999999999999);
#1515=CIRCLE('',#4226,0.5);
#1516=CIRCLE('',#4228,0.500000000000001);
#1517=CIRCLE('',#4229,0.5);
#1518=CIRCLE('',#4230,0.499999999999995);
#1519=CIRCLE('',#4232,0.499999999999998);
#1520=CIRCLE('',#4233,0.5);
#1521=CIRCLE('',#4234,0.500000000000002);
#1522=CIRCLE('',#4236,0.500000000000002);
#1523=CIRCLE('',#4237,0.5);
#1524=CIRCLE('',#4238,0.499999999999999);
#1525=CIRCLE('',#4240,29.2);
#1526=CIRCLE('',#4241,28.7);
#1527=CIRCLE('',#4243,0.499999999999998);
#1528=CIRCLE('',#4244,0.499999999999999);
#1529=CIRCLE('',#4245,0.5);
#1530=CIRCLE('',#4248,0.499999999999992);
#1531=CIRCLE('',#4249,0.499999999999999);
#1532=CIRCLE('',#4250,0.500000000000001);
#1533=CIRCLE('',#4254,0.499999999999999);
#1534=CIRCLE('',#4255,0.5);
#1535=CIRCLE('',#4256,0.499999999999999);
#1536=CIRCLE('',#4260,0.500000000000001);
#1537=CIRCLE('',#4261,0.499999999999998);
#1538=CIRCLE('',#4262,0.500000000000002);
#1539=CIRCLE('',#4267,0.5);
#1540=CIRCLE('',#4278,1.9);
#1541=CIRCLE('',#4286,0.499999999999998);
#1542=CIRCLE('',#4288,0.499999999999998);
#1543=CIRCLE('',#4289,2.5);
#1544=CIRCLE('',#4290,2.);
#1545=CIRCLE('',#4292,0.500000000000007);
#1546=CIRCLE('',#4294,0.499999999999998);
#1547=CIRCLE('',#4295,2.5);
#1548=CIRCLE('',#4296,2.);
#1549=CIRCLE('',#4298,0.499999999999998);
#1550=CIRCLE('',#4300,1.5);
#1551=CIRCLE('',#4301,1.);
#1552=CIRCLE('',#4303,29.2);
#1553=CIRCLE('',#4304,28.7);
#1554=CIRCLE('',#4312,20.5);
#1555=CIRCLE('',#4313,16.4999999999999);
#1556=CIRCLE('',#4316,0.5);
#1557=CIRCLE('',#4319,1.);
#1558=CIRCLE('',#4320,0.499999999999998);
#1559=CIRCLE('',#4321,1.5);
#1560=CIRCLE('',#4324,29.2);
#1561=CIRCLE('',#4325,28.7);
#1562=CIRCLE('',#4329,0.5);
#1563=CIRCLE('',#4330,0.500000000000001);
#1564=CIRCLE('',#4332,2.5);
#1565=CIRCLE('',#4333,0.499999999999998);
#1566=CIRCLE('',#4334,2.35355339059328);
#1567=CIRCLE('',#4336,0.499999999999998);
#1568=CIRCLE('',#4338,2.5);
#1569=CIRCLE('',#4339,0.499999999999997);
#1570=CIRCLE('',#4340,2.35355339059327);
#1571=CIRCLE('',#4342,0.500000000000001);
#1572=CIRCLE('',#4344,28.5);
#1573=CIRCLE('',#4345,0.500000000000003);
#1574=CIRCLE('',#4346,28.3535533905933);
#1575=CIRCLE('',#4348,0.499999999999998);
#1576=CIRCLE('',#4350,2.5);
#1577=CIRCLE('',#4351,0.499999999999999);
#1578=CIRCLE('',#4352,2.35355339059328);
#1579=CIRCLE('',#4354,0.499999999999997);
#1580=CIRCLE('',#4356,2.5);
#1581=CIRCLE('',#4357,0.499999999999998);
#1582=CIRCLE('',#4358,2.35355339059327);
#1583=CIRCLE('',#4360,0.500000000000003);
#1584=CIRCLE('',#4362,2.5);
#1585=CIRCLE('',#4363,0.499999999999999);
#1586=CIRCLE('',#4364,2.35355339059327);
#1587=CIRCLE('',#4366,0.499999999999999);
#1588=CIRCLE('',#4368,2.5);
#1589=CIRCLE('',#4369,0.499999999999998);
#1590=CIRCLE('',#4370,2.35355339059328);
#1591=CIRCLE('',#4372,0.499999999999998);
#1592=CIRCLE('',#4374,28.5);
#1593=CIRCLE('',#4375,28.3535533905933);
#1594=CIRCLE('',#4377,2.5);
#1595=CIRCLE('',#4380,28.5);
#1596=CIRCLE('',#4382,2.5);
#1597=CIRCLE('',#4385,2.5);
#1598=CIRCLE('',#4398,0.499999999999994);
#1599=CIRCLE('',#4400,0.499999999999998);
#1600=CIRCLE('',#4401,28.5);
#1601=CIRCLE('',#4403,0.500000000000003);
#1602=CIRCLE('',#4405,0.500000000000002);
#1603=CIRCLE('',#4406,2.5);
#1604=CIRCLE('',#4408,0.499999999999999);
#1605=CIRCLE('',#4410,0.500000000000007);
#1606=CIRCLE('',#4411,2.5);
#1607=CIRCLE('',#4413,0.499999999999998);
#1608=CIRCLE('',#4415,0.500000000000001);
#1609=CIRCLE('',#4416,2.5);
#1610=CIRCLE('',#4418,0.499999999999999);
#1611=CIRCLE('',#4420,0.500000000000003);
#1612=CIRCLE('',#4422,0.499999999999998);
#1613=CIRCLE('',#4424,0.500000000000004);
#1614=CIRCLE('',#4435,28.7);
#1615=CIRCLE('',#4437,1.9);
#1616=CIRCLE('',#4440,1.9);
#1617=CIRCLE('',#4444,28.7);
#1618=CIRCLE('',#4448,26.55);
#1619=CIRCLE('',#4449,26.55);
#1620=CIRCLE('',#4450,1.);
#1621=CIRCLE('',#4451,1.);
#1622=CIRCLE('',#4461,26.55);
#1623=CIRCLE('',#4462,1.625);
#1624=CIRCLE('',#4463,1.625);
#1625=CIRCLE('',#4474,2.5);
#1626=CIRCLE('',#4476,2.5);
#1627=CIRCLE('',#4485,2.5);
#1628=CIRCLE('',#4486,2.5);
#1629=CIRCLE('',#4488,16.4999999999999);
#1630=CIRCLE('',#4489,20.5);
#1631=VERTEX_POINT('',#5834);
#1632=VERTEX_POINT('',#5836);
#1633=VERTEX_POINT('',#5840);
#1634=VERTEX_POINT('',#5841);
#1635=VERTEX_POINT('',#5843);
#1636=VERTEX_POINT('',#5845);
#1637=VERTEX_POINT('',#5847);
#1638=VERTEX_POINT('',#5849);
#1639=VERTEX_POINT('',#5851);
#1640=VERTEX_POINT('',#5853);
#1641=VERTEX_POINT('',#5855);
#1642=VERTEX_POINT('',#5857);
#1643=VERTEX_POINT('',#5859);
#1644=VERTEX_POINT('',#5861);
#1645=VERTEX_POINT('',#5863);
#1646=VERTEX_POINT('',#5865);
#1647=VERTEX_POINT('',#5867);
#1648=VERTEX_POINT('',#5869);
#1649=VERTEX_POINT('',#5872);
#1650=VERTEX_POINT('',#5874);
#1651=VERTEX_POINT('',#5876);
#1652=VERTEX_POINT('',#5879);
#1653=VERTEX_POINT('',#5883);
#1654=VERTEX_POINT('',#5887);
#1655=VERTEX_POINT('',#5889);
#1656=VERTEX_POINT('',#5891);
#1657=VERTEX_POINT('',#5893);
#1658=VERTEX_POINT('',#5895);
#1659=VERTEX_POINT('',#5897);
#1660=VERTEX_POINT('',#5899);
#1661=VERTEX_POINT('',#5901);
#1662=VERTEX_POINT('',#5903);
#1663=VERTEX_POINT('',#5907);
#1664=VERTEX_POINT('',#5911);
#1665=VERTEX_POINT('',#5913);
#1666=VERTEX_POINT('',#5915);
#1667=VERTEX_POINT('',#5917);
#1668=VERTEX_POINT('',#5919);
#1669=VERTEX_POINT('',#5921);
#1670=VERTEX_POINT('',#5923);
#1671=VERTEX_POINT('',#5925);
#1672=VERTEX_POINT('',#5927);
#1673=VERTEX_POINT('',#5931);
#1674=VERTEX_POINT('',#5935);
#1675=VERTEX_POINT('',#5942);
#1676=VERTEX_POINT('',#5946);
#1677=VERTEX_POINT('',#5956);
#1678=VERTEX_POINT('',#5960);
#1679=VERTEX_POINT('',#5973);
#1680=VERTEX_POINT('',#5974);
#1681=VERTEX_POINT('',#5976);
#1682=VERTEX_POINT('',#5980);
#1683=VERTEX_POINT('',#5981);
#1684=VERTEX_POINT('',#5986);
#1685=VERTEX_POINT('',#5987);
#1686=VERTEX_POINT('',#5992);
#1687=VERTEX_POINT('',#5993);
#1688=VERTEX_POINT('',#5998);
#1689=VERTEX_POINT('',#5999);
#1690=VERTEX_POINT('',#6004);
#1691=VERTEX_POINT('',#6005);
#1692=VERTEX_POINT('',#6010);
#1693=VERTEX_POINT('',#6011);
#1694=VERTEX_POINT('',#6013);
#1695=VERTEX_POINT('',#6020);
#1696=VERTEX_POINT('',#6021);
#1697=VERTEX_POINT('',#6023);
#1698=VERTEX_POINT('',#6025);
#1699=VERTEX_POINT('',#6029);
#1700=VERTEX_POINT('',#6030);
#1701=VERTEX_POINT('',#6035);
#1702=VERTEX_POINT('',#6036);
#1703=VERTEX_POINT('',#6041);
#1704=VERTEX_POINT('',#6042);
#1705=VERTEX_POINT('',#6050);
#1706=VERTEX_POINT('',#6051);
#1707=VERTEX_POINT('',#6056);
#1708=VERTEX_POINT('',#6057);
#1709=VERTEX_POINT('',#6062);
#1710=VERTEX_POINT('',#6063);
#1711=VERTEX_POINT('',#6065);
#1712=VERTEX_POINT('',#6067);
#1713=VERTEX_POINT('',#6069);
#1714=VERTEX_POINT('',#6071);
#1715=VERTEX_POINT('',#6073);
#1716=VERTEX_POINT('',#6075);
#1717=VERTEX_POINT('',#6077);
#1718=VERTEX_POINT('',#6079);
#1719=VERTEX_POINT('',#6081);
#1720=VERTEX_POINT('',#6083);
#1721=VERTEX_POINT('',#6085);
#1722=VERTEX_POINT('',#6087);
#1723=VERTEX_POINT('',#6089);
#1724=VERTEX_POINT('',#6091);
#1725=VERTEX_POINT('',#6093);
#1726=VERTEX_POINT('',#6095);
#1727=VERTEX_POINT('',#6097);
#1728=VERTEX_POINT('',#6099);
#1729=VERTEX_POINT('',#6102);
#1730=VERTEX_POINT('',#6104);
#1731=VERTEX_POINT('',#6106);
#1732=VERTEX_POINT('',#6108);
#1733=VERTEX_POINT('',#6110);
#1734=VERTEX_POINT('',#6112);
#1735=VERTEX_POINT('',#6114);
#1736=VERTEX_POINT('',#6116);
#1737=VERTEX_POINT('',#6118);
#1738=VERTEX_POINT('',#6120);
#1739=VERTEX_POINT('',#6122);
#1740=VERTEX_POINT('',#6124);
#1741=VERTEX_POINT('',#6126);
#1742=VERTEX_POINT('',#6128);
#1743=VERTEX_POINT('',#6132);
#1744=VERTEX_POINT('',#6134);
#1745=VERTEX_POINT('',#6138);
#1746=VERTEX_POINT('',#6142);
#1747=VERTEX_POINT('',#6146);
#1748=VERTEX_POINT('',#6152);
#1749=VERTEX_POINT('',#6153);
#1750=VERTEX_POINT('',#6155);
#1751=VERTEX_POINT('',#6159);
#1752=VERTEX_POINT('',#6161);
#1753=VERTEX_POINT('',#6163);
#1754=VERTEX_POINT('',#6182);
#1755=VERTEX_POINT('',#6184);
#1756=VERTEX_POINT('',#6188);
#1757=VERTEX_POINT('',#6189);
#1758=VERTEX_POINT('',#6191);
#1759=VERTEX_POINT('',#6195);
#1760=VERTEX_POINT('',#6196);
#1761=VERTEX_POINT('',#6201);
#1762=VERTEX_POINT('',#6202);
#1763=VERTEX_POINT('',#6207);
#1764=VERTEX_POINT('',#6208);
#1765=VERTEX_POINT('',#6213);
#1766=VERTEX_POINT('',#6214);
#1767=VERTEX_POINT('',#6219);
#1768=VERTEX_POINT('',#6220);
#1769=VERTEX_POINT('',#6225);
#1770=VERTEX_POINT('',#6226);
#1771=VERTEX_POINT('',#6231);
#1772=VERTEX_POINT('',#6232);
#1773=VERTEX_POINT('',#6237);
#1774=VERTEX_POINT('',#6238);
#1775=VERTEX_POINT('',#6252);
#1776=VERTEX_POINT('',#6254);
#1777=VERTEX_POINT('',#6258);
#1778=VERTEX_POINT('',#6260);
#1779=VERTEX_POINT('',#6281);
#1780=VERTEX_POINT('',#6288);
#1781=VERTEX_POINT('',#6289);
#1782=VERTEX_POINT('',#6291);
#1783=VERTEX_POINT('',#6293);
#1784=VERTEX_POINT('',#6309);
#1785=VERTEX_POINT('',#6311);
#1786=VERTEX_POINT('',#6317);
#1787=VERTEX_POINT('',#6319);
#1788=VERTEX_POINT('',#6323);
#1789=VERTEX_POINT('',#6327);
#1790=VERTEX_POINT('',#6331);
#1791=VERTEX_POINT('',#6335);
#1792=VERTEX_POINT('',#6339);
#1793=VERTEX_POINT('',#6343);
#1794=VERTEX_POINT('',#6347);
#1795=VERTEX_POINT('',#6351);
#1796=VERTEX_POINT('',#6355);
#1797=VERTEX_POINT('',#6356);
#1798=VERTEX_POINT('',#6358);
#1799=VERTEX_POINT('',#6362);
#1800=VERTEX_POINT('',#6363);
#1801=VERTEX_POINT('',#6365);
#1802=VERTEX_POINT('',#6369);
#1803=VERTEX_POINT('',#6370);
#1804=VERTEX_POINT('',#6378);
#1805=VERTEX_POINT('',#6379);
#1806=VERTEX_POINT('',#6381);
#1807=VERTEX_POINT('',#6385);
#1808=VERTEX_POINT('',#6386);
#1809=VERTEX_POINT('',#6388);
#1810=VERTEX_POINT('',#6395);
#1811=VERTEX_POINT('',#6396);
#1812=VERTEX_POINT('',#6398);
#1813=VERTEX_POINT('',#6405);
#1814=VERTEX_POINT('',#6406);
#1815=VERTEX_POINT('',#6408);
#1816=VERTEX_POINT('',#6415);
#1817=VERTEX_POINT('',#6416);
#1818=VERTEX_POINT('',#6418);
#1819=VERTEX_POINT('',#6422);
#1820=VERTEX_POINT('',#6423);
#1821=VERTEX_POINT('',#6425);
#1822=VERTEX_POINT('',#6429);
#1823=VERTEX_POINT('',#6430);
#1824=VERTEX_POINT('',#6432);
#1825=VERTEX_POINT('',#6445);
#1826=VERTEX_POINT('',#6446);
#1827=VERTEX_POINT('',#6510);
#1828=VERTEX_POINT('',#6514);
#1829=VERTEX_POINT('',#6521);
#1830=VERTEX_POINT('',#6522);
#1831=VERTEX_POINT('',#6524);
#1832=VERTEX_POINT('',#6528);
#1833=VERTEX_POINT('',#6529);
#1834=VERTEX_POINT('',#6534);
#1835=VERTEX_POINT('',#6535);
#1836=VERTEX_POINT('',#6537);
#1837=VERTEX_POINT('',#6541);
#1838=VERTEX_POINT('',#6542);
#1839=VERTEX_POINT('',#6544);
#1840=VERTEX_POINT('',#6548);
#1841=VERTEX_POINT('',#6549);
#1842=VERTEX_POINT('',#6551);
#1843=VERTEX_POINT('',#6555);
#1844=VERTEX_POINT('',#6556);
#1845=VERTEX_POINT('',#6558);
#1846=VERTEX_POINT('',#6565);
#1847=VERTEX_POINT('',#6566);
#1848=VERTEX_POINT('',#6568);
#1849=VERTEX_POINT('',#6575);
#1850=VERTEX_POINT('',#6576);
#1851=VERTEX_POINT('',#6578);
#1852=VERTEX_POINT('',#6604);
#1853=VERTEX_POINT('',#6605);
#1854=VERTEX_POINT('',#6607);
#1855=VERTEX_POINT('',#6617);
#1856=VERTEX_POINT('',#6618);
#1857=VERTEX_POINT('',#6620);
#1858=VERTEX_POINT('',#6633);
#1859=VERTEX_POINT('',#6634);
#1860=VERTEX_POINT('',#6679);
#1861=VERTEX_POINT('',#6685);
#1862=VERTEX_POINT('',#6686);
#1863=VERTEX_POINT('',#6688);
#1864=VERTEX_POINT('',#6690);
#1865=VERTEX_POINT('',#6694);
#1866=VERTEX_POINT('',#6696);
#1867=VERTEX_POINT('',#6700);
#1868=VERTEX_POINT('',#6701);
#1869=VERTEX_POINT('',#6706);
#1870=VERTEX_POINT('',#6707);
#1871=VERTEX_POINT('',#6712);
#1872=VERTEX_POINT('',#6713);
#1873=VERTEX_POINT('',#6718);
#1874=VERTEX_POINT('',#6719);
#1875=VERTEX_POINT('',#6724);
#1876=VERTEX_POINT('',#6726);
#1877=VERTEX_POINT('',#6743);
#1878=VERTEX_POINT('',#6745);
#1879=VERTEX_POINT('',#6765);
#1880=VERTEX_POINT('',#6767);
#1881=VERTEX_POINT('',#6769);
#1882=VERTEX_POINT('',#6771);
#1883=VERTEX_POINT('',#6773);
#1884=VERTEX_POINT('',#6775);
#1885=VERTEX_POINT('',#6777);
#1886=VERTEX_POINT('',#6793);
#1887=VERTEX_POINT('',#6795);
#1888=VERTEX_POINT('',#6797);
#1889=VERTEX_POINT('',#6801);
#1890=VERTEX_POINT('',#6803);
#1891=VERTEX_POINT('',#6805);
#1892=VERTEX_POINT('',#6807);
#1893=VERTEX_POINT('',#6809);
#1894=VERTEX_POINT('',#6814);
#1895=VERTEX_POINT('',#6815);
#1896=VERTEX_POINT('',#6817);
#1897=VERTEX_POINT('',#6819);
#1898=VERTEX_POINT('',#6839);
#1899=VERTEX_POINT('',#6841);
#1900=VERTEX_POINT('',#6862);
#1901=VERTEX_POINT('',#6863);
#1902=VERTEX_POINT('',#6865);
#1903=VERTEX_POINT('',#6867);
#1904=VERTEX_POINT('',#6871);
#1905=VERTEX_POINT('',#6873);
#1906=VERTEX_POINT('',#6877);
#1907=VERTEX_POINT('',#6879);
#1908=VERTEX_POINT('',#6884);
#1909=VERTEX_POINT('',#6888);
#1910=VERTEX_POINT('',#6892);
#1911=VERTEX_POINT('',#6894);
#1912=VERTEX_POINT('',#6898);
#1913=VERTEX_POINT('',#6900);
#1914=VERTEX_POINT('',#6904);
#1915=VERTEX_POINT('',#6906);
#1916=VERTEX_POINT('',#6910);
#1917=VERTEX_POINT('',#6912);
#1918=VERTEX_POINT('',#6916);
#1919=VERTEX_POINT('',#6918);
#1920=VERTEX_POINT('',#6922);
#1921=VERTEX_POINT('',#6924);
#1922=VERTEX_POINT('',#6928);
#1923=VERTEX_POINT('',#6930);
#1924=VERTEX_POINT('',#6934);
#1925=VERTEX_POINT('',#6936);
#1926=VERTEX_POINT('',#6940);
#1927=VERTEX_POINT('',#6942);
#1928=VERTEX_POINT('',#6946);
#1929=VERTEX_POINT('',#6948);
#1930=VERTEX_POINT('',#6955);
#1931=VERTEX_POINT('',#6957);
#1932=VERTEX_POINT('',#6961);
#1933=VERTEX_POINT('',#6967);
#1934=VERTEX_POINT('',#6971);
#1935=VERTEX_POINT('',#6975);
#1936=VERTEX_POINT('',#6979);
#1937=VERTEX_POINT('',#6981);
#1938=VERTEX_POINT('',#6984);
#1939=VERTEX_POINT('',#6986);
#1940=VERTEX_POINT('',#7017);
#1941=VERTEX_POINT('',#7021);
#1942=VERTEX_POINT('',#7025);
#1943=VERTEX_POINT('',#7029);
#1944=VERTEX_POINT('',#7033);
#1945=VERTEX_POINT('',#7037);
#1946=VERTEX_POINT('',#7041);
#1947=VERTEX_POINT('',#7072);
#1948=VERTEX_POINT('',#7077);
#1949=VERTEX_POINT('',#7087);
#1950=VERTEX_POINT('',#7089);
#1951=VERTEX_POINT('',#7093);
#1952=VERTEX_POINT('',#7101);
#1953=VERTEX_POINT('',#7103);
#1954=VERTEX_POINT('',#7105);
#1955=VERTEX_POINT('',#7122);
#1956=VERTEX_POINT('',#7124);
#1957=VERTEX_POINT('',#7163);
#1958=VERTEX_POINT('',#7186);
#1959=VERTEX_POINT('',#7192);
#1960=VERTEX_POINT('',#7196);
#1961=VERTEX_POINT('',#7245);
#1962=VERTEX_POINT('',#7247);
#1963=EDGE_CURVE('',#1631,#1631,#1368,.T.);
#1964=EDGE_CURVE('',#1631,#1632,#806,.T.);
#1965=EDGE_CURVE('',#1632,#1632,#1369,.T.);
#1966=EDGE_CURVE('',#1633,#1634,#807,.T.);
#1967=EDGE_CURVE('',#1635,#1633,#1370,.T.);
#1968=EDGE_CURVE('',#1636,#1635,#808,.T.);
#1969=EDGE_CURVE('',#1637,#1636,#1371,.T.);
#1970=EDGE_CURVE('',#1638,#1637,#809,.T.);
#1971=EDGE_CURVE('',#1639,#1638,#1372,.T.);
#1972=EDGE_CURVE('',#1640,#1639,#810,.T.);
#1973=EDGE_CURVE('',#1641,#1640,#1373,.T.);
#1974=EDGE_CURVE('',#1642,#1641,#811,.T.);
#1975=EDGE_CURVE('',#1643,#1642,#1374,.T.);
#1976=EDGE_CURVE('',#1644,#1643,#812,.T.);
#1977=EDGE_CURVE('',#1645,#1644,#1375,.T.);
#1978=EDGE_CURVE('',#1646,#1645,#813,.T.);
#1979=EDGE_CURVE('',#1647,#1646,#1376,.T.);
#1980=EDGE_CURVE('',#1648,#1647,#814,.T.);
#1981=EDGE_CURVE('',#1634,#1648,#1377,.T.);
#1982=EDGE_CURVE('',#1649,#1649,#1378,.T.);
#1983=EDGE_CURVE('',#1650,#1650,#1379,.T.);
#1984=EDGE_CURVE('',#1651,#1651,#1380,.T.);
#1985=EDGE_CURVE('',#1632,#1652,#815,.T.);
#1986=EDGE_CURVE('',#1652,#1652,#1381,.T.);
#1987=EDGE_CURVE('',#1649,#1653,#816,.T.);
#1988=EDGE_CURVE('',#1653,#1653,#1382,.T.);
#1989=EDGE_CURVE('',#1653,#1654,#817,.T.);
#1990=EDGE_CURVE('',#1654,#1655,#1383,.T.);
#1991=EDGE_CURVE('',#1655,#1656,#818,.T.);
#1992=EDGE_CURVE('',#1656,#1657,#1384,.T.);
#1993=EDGE_CURVE('',#1658,#1657,#819,.T.);
#1994=EDGE_CURVE('',#1658,#1659,#1385,.T.);
#1995=EDGE_CURVE('',#1659,#1660,#820,.T.);
#1996=EDGE_CURVE('',#1660,#1661,#1386,.T.);
#1997=EDGE_CURVE('',#1662,#1661,#821,.T.);
#1998=EDGE_CURVE('',#1662,#1654,#1387,.T.);
#1999=EDGE_CURVE('',#1651,#1663,#822,.T.);
#2000=EDGE_CURVE('',#1663,#1663,#1388,.T.);
#2001=EDGE_CURVE('',#1663,#1664,#823,.T.);
#2002=EDGE_CURVE('',#1664,#1665,#1389,.T.);
#2003=EDGE_CURVE('',#1665,#1666,#824,.T.);
#2004=EDGE_CURVE('',#1666,#1667,#1390,.T.);
#2005=EDGE_CURVE('',#1668,#1667,#825,.T.);
#2006=EDGE_CURVE('',#1668,#1669,#1391,.T.);
#2007=EDGE_CURVE('',#1669,#1670,#826,.T.);
#2008=EDGE_CURVE('',#1670,#1671,#1392,.T.);
#2009=EDGE_CURVE('',#1672,#1671,#827,.T.);
#2010=EDGE_CURVE('',#1672,#1664,#1393,.T.);
#2011=EDGE_CURVE('',#1650,#1673,#828,.T.);
#2012=EDGE_CURVE('',#1673,#1673,#1394,.T.);
#2013=EDGE_CURVE('',#1673,#1674,#829,.T.);
#2014=EDGE_CURVE('',#1674,#1674,#1395,.T.);
#2015=EDGE_CURVE('',#1658,#1659,#830,.T.);
#2016=EDGE_CURVE('',#1657,#1675,#831,.T.);
#2017=EDGE_CURVE('',#1675,#1660,#832,.T.);
#2018=EDGE_CURVE('',#1676,#1656,#833,.T.);
#2019=EDGE_CURVE('',#1675,#1676,#1396,.T.);
#2020=EDGE_CURVE('',#1662,#1655,#834,.T.);
#2021=EDGE_CURVE('',#1661,#1676,#835,.T.);
#2022=EDGE_CURVE('',#1676,#1675,#1397,.T.);
#2023=EDGE_CURVE('',#1672,#1665,#836,.T.);
#2024=EDGE_CURVE('',#1671,#1677,#837,.T.);
#2025=EDGE_CURVE('',#1677,#1666,#838,.T.);
#2026=EDGE_CURVE('',#1678,#1670,#839,.T.);
#2027=EDGE_CURVE('',#1677,#1678,#1398,.T.);
#2028=EDGE_CURVE('',#1668,#1669,#840,.T.);
#2029=EDGE_CURVE('',#1667,#1678,#841,.T.);
#2030=EDGE_CURVE('',#1678,#1677,#1399,.T.);
#2031=EDGE_CURVE('',#1679,#1680,#1400,.F.);
#2032=EDGE_CURVE('',#1681,#1679,#1401,.F.);
#2033=EDGE_CURVE('',#1680,#1681,#1402,.F.);
#2034=EDGE_CURVE('',#1682,#1683,#1403,.T.);
#2035=EDGE_CURVE('',#1683,#1681,#842,.T.);
#2036=EDGE_CURVE('',#1679,#1682,#843,.T.);
#2037=EDGE_CURVE('',#1684,#1685,#1404,.T.);
#2038=EDGE_CURVE('',#1685,#1683,#1405,.T.);
#2039=EDGE_CURVE('',#1682,#1684,#1406,.T.);
#2040=EDGE_CURVE('',#1686,#1687,#1407,.T.);
#2041=EDGE_CURVE('',#1687,#1685,#844,.T.);
#2042=EDGE_CURVE('',#1684,#1686,#845,.T.);
#2043=EDGE_CURVE('',#1688,#1689,#1408,.T.);
#2044=EDGE_CURVE('',#1689,#1687,#1409,.T.);
#2045=EDGE_CURVE('',#1686,#1688,#1410,.T.);
#2046=EDGE_CURVE('',#1690,#1691,#1411,.F.);
#2047=EDGE_CURVE('',#1691,#1689,#846,.T.);
#2048=EDGE_CURVE('',#1688,#1690,#847,.T.);
#2049=EDGE_CURVE('',#1692,#1693,#1412,.F.);
#2050=EDGE_CURVE('',#1694,#1692,#1413,.F.);
#2051=EDGE_CURVE('',#1693,#1694,#1414,.F.);
#2052=EDGE_CURVE('',#1681,#1694,#1415,.T.);
#2053=EDGE_CURVE('',#1692,#1680,#1416,.T.);
#2054=EDGE_CURVE('',#1695,#1696,#1417,.T.);
#2055=EDGE_CURVE('',#1696,#1697,#848,.T.);
#2056=EDGE_CURVE('',#1697,#1698,#1418,.F.);
#2057=EDGE_CURVE('',#1698,#1695,#849,.T.);
#2058=EDGE_CURVE('',#1699,#1700,#1419,.T.);
#2059=EDGE_CURVE('',#1700,#1696,#1420,.T.);
#2060=EDGE_CURVE('',#1695,#1699,#1421,.T.);
#2061=EDGE_CURVE('',#1701,#1702,#1422,.T.);
#2062=EDGE_CURVE('',#1702,#1700,#850,.T.);
#2063=EDGE_CURVE('',#1699,#1701,#851,.T.);
#2064=EDGE_CURVE('',#1703,#1704,#1423,.T.);
#2065=EDGE_CURVE('',#1704,#1702,#1424,.T.);
#2066=EDGE_CURVE('',#1701,#1703,#1425,.T.);
#2067=EDGE_CURVE('',#1694,#1704,#852,.T.);
#2068=EDGE_CURVE('',#1703,#1693,#853,.T.);
#2069=EDGE_CURVE('',#1705,#1706,#1426,.F.);
#2070=EDGE_CURVE('',#1706,#1692,#854,.T.);
#2071=EDGE_CURVE('',#1693,#1705,#855,.T.);
#2072=EDGE_CURVE('',#1707,#1708,#1427,.F.);
#2073=EDGE_CURVE('',#1708,#1679,#856,.T.);
#2074=EDGE_CURVE('',#1680,#1707,#857,.T.);
#2075=EDGE_CURVE('',#1709,#1710,#858,.T.);
#2076=EDGE_CURVE('',#1709,#1711,#1428,.T.);
#2077=EDGE_CURVE('',#1712,#1711,#1429,.T.);
#2078=EDGE_CURVE('',#1712,#1713,#859,.T.);
#2079=EDGE_CURVE('',#1714,#1713,#860,.T.);
#2080=EDGE_CURVE('',#1714,#1715,#861,.T.);
#2081=EDGE_CURVE('',#1716,#1715,#1430,.T.);
#2082=EDGE_CURVE('',#1717,#1716,#1431,.F.);
#2083=EDGE_CURVE('',#1718,#1717,#862,.T.);
#2084=EDGE_CURVE('',#1719,#1718,#1432,.T.);
#2085=EDGE_CURVE('',#1720,#1719,#863,.T.);
#2086=EDGE_CURVE('',#1721,#1720,#1433,.T.);
#2087=EDGE_CURVE('',#1722,#1721,#864,.T.);
#2088=EDGE_CURVE('',#1723,#1722,#1434,.T.);
#2089=EDGE_CURVE('',#1724,#1723,#865,.T.);
#2090=EDGE_CURVE('',#1725,#1724,#1435,.T.);
#2091=EDGE_CURVE('',#1726,#1725,#866,.T.);
#2092=EDGE_CURVE('',#1727,#1726,#1436,.T.);
#2093=EDGE_CURVE('',#1728,#1727,#867,.T.);
#2094=EDGE_CURVE('',#1710,#1728,#1437,.T.);
#2095=EDGE_CURVE('',#1697,#1729,#868,.T.);
#2096=EDGE_CURVE('',#1730,#1691,#869,.T.);
#2097=EDGE_CURVE('',#1731,#1730,#1438,.F.);
#2098=EDGE_CURVE('',#1732,#1731,#870,.T.);
#2099=EDGE_CURVE('',#1733,#1732,#1439,.F.);
#2100=EDGE_CURVE('',#1734,#1733,#871,.T.);
#2101=EDGE_CURVE('',#1735,#1734,#1440,.F.);
#2102=EDGE_CURVE('',#1736,#1735,#872,.T.);
#2103=EDGE_CURVE('',#1736,#1737,#873,.T.);
#2104=EDGE_CURVE('',#1738,#1737,#874,.T.);
#2105=EDGE_CURVE('',#1739,#1738,#1441,.F.);
#2106=EDGE_CURVE('',#1740,#1739,#875,.T.);
#2107=EDGE_CURVE('',#1741,#1740,#1442,.F.);
#2108=EDGE_CURVE('',#1742,#1741,#876,.T.);
#2109=EDGE_CURVE('',#1729,#1742,#1443,.F.);
#2110=EDGE_CURVE('',#1743,#1688,#877,.T.);
#2111=EDGE_CURVE('',#1743,#1744,#878,.T.);
#2112=EDGE_CURVE('',#1744,#1690,#879,.T.);
#2113=EDGE_CURVE('',#1686,#1745,#880,.T.);
#2114=EDGE_CURVE('',#1743,#1745,#1444,.T.);
#2115=EDGE_CURVE('',#1746,#1684,#881,.T.);
#2116=EDGE_CURVE('',#1746,#1745,#882,.T.);
#2117=EDGE_CURVE('',#1682,#1747,#883,.T.);
#2118=EDGE_CURVE('',#1746,#1747,#1445,.T.);
#2119=EDGE_CURVE('',#1708,#1747,#884,.T.);
#2120=EDGE_CURVE('',#1748,#1749,#1446,.F.);
#2121=EDGE_CURVE('',#1750,#1748,#1447,.F.);
#2122=EDGE_CURVE('',#1749,#1750,#1448,.F.);
#2123=EDGE_CURVE('',#1751,#1750,#885,.T.);
#2124=EDGE_CURVE('',#1748,#1752,#886,.T.);
#2125=EDGE_CURVE('',#1752,#1753,#44,.T.);
#2126=EDGE_CURVE('',#1753,#1751,#1449,.T.);
#2127=EDGE_CURVE('',#1754,#1749,#887,.T.);
#2128=EDGE_CURVE('',#1750,#1755,#888,.T.);
#2129=EDGE_CURVE('',#1755,#1754,#23,.T.);
#2130=EDGE_CURVE('',#1756,#1757,#1450,.F.);
#2131=EDGE_CURVE('',#1758,#1756,#1451,.F.);
#2132=EDGE_CURVE('',#1757,#1758,#1452,.F.);
#2133=EDGE_CURVE('',#1759,#1760,#1453,.T.);
#2134=EDGE_CURVE('',#1760,#1758,#1454,.T.);
#2135=EDGE_CURVE('',#1756,#1759,#1455,.T.);
#2136=EDGE_CURVE('',#1761,#1762,#1456,.T.);
#2137=EDGE_CURVE('',#1762,#1760,#889,.T.);
#2138=EDGE_CURVE('',#1759,#1761,#890,.T.);
#2139=EDGE_CURVE('',#1763,#1764,#1457,.T.);
#2140=EDGE_CURVE('',#1764,#1762,#1458,.T.);
#2141=EDGE_CURVE('',#1761,#1763,#1459,.T.);
#2142=EDGE_CURVE('',#1765,#1766,#1460,.T.);
#2143=EDGE_CURVE('',#1766,#1764,#891,.T.);
#2144=EDGE_CURVE('',#1763,#1765,#892,.T.);
#2145=EDGE_CURVE('',#1767,#1768,#1461,.T.);
#2146=EDGE_CURVE('',#1768,#1766,#1462,.T.);
#2147=EDGE_CURVE('',#1765,#1767,#1463,.T.);
#2148=EDGE_CURVE('',#1769,#1770,#1464,.T.);
#2149=EDGE_CURVE('',#1770,#1768,#893,.T.);
#2150=EDGE_CURVE('',#1767,#1769,#894,.T.);
#2151=EDGE_CURVE('',#1771,#1772,#1465,.T.);
#2152=EDGE_CURVE('',#1772,#1770,#1466,.T.);
#2153=EDGE_CURVE('',#1769,#1771,#1467,.T.);
#2154=EDGE_CURVE('',#1773,#1774,#45,.F.);
#2155=EDGE_CURVE('',#1774,#1772,#895,.T.);
#2156=EDGE_CURVE('',#1771,#1773,#896,.T.);
#2157=EDGE_CURVE('',#1775,#1757,#897,.T.);
#2158=EDGE_CURVE('',#1758,#1776,#898,.T.);
#2159=EDGE_CURVE('',#1776,#1775,#24,.T.);
#2160=EDGE_CURVE('',#1777,#1756,#899,.T.);
#2161=EDGE_CURVE('',#1757,#1778,#900,.T.);
#2162=EDGE_CURVE('',#1778,#1777,#46,.T.);
#2163=EDGE_CURVE('',#1755,#1775,#901,.T.);
#2164=EDGE_CURVE('',#1776,#1754,#902,.T.);
#2165=EDGE_CURVE('',#1752,#1777,#1468,.T.);
#2166=EDGE_CURVE('',#1778,#1779,#47,.T.);
#2167=EDGE_CURVE('',#1779,#1753,#1469,.T.);
#2168=EDGE_CURVE('',#1780,#1781,#1470,.T.);
#2169=EDGE_CURVE('',#1781,#1782,#903,.T.);
#2170=EDGE_CURVE('',#1782,#1783,#48,.F.);
#2171=EDGE_CURVE('',#1783,#1780,#904,.T.);
#2172=EDGE_CURVE('',#1749,#1781,#1471,.T.);
#2173=EDGE_CURVE('',#1780,#1748,#1472,.T.);
#2174=EDGE_CURVE('',#1784,#1779,#905,.T.);
#2175=EDGE_CURVE('',#1785,#1784,#906,.T.);
#2176=EDGE_CURVE('',#1751,#1785,#907,.T.);
#2177=EDGE_CURVE('',#1775,#1784,#908,.T.);
#2178=EDGE_CURVE('',#1786,#1771,#909,.T.);
#2179=EDGE_CURVE('',#1786,#1787,#910,.T.);
#2180=EDGE_CURVE('',#1787,#1773,#911,.T.);
#2181=EDGE_CURVE('',#1788,#1769,#912,.T.);
#2182=EDGE_CURVE('',#1788,#1786,#1473,.T.);
#2183=EDGE_CURVE('',#1789,#1767,#913,.T.);
#2184=EDGE_CURVE('',#1789,#1788,#914,.T.);
#2185=EDGE_CURVE('',#1765,#1790,#915,.T.);
#2186=EDGE_CURVE('',#1789,#1790,#1474,.T.);
#2187=EDGE_CURVE('',#1791,#1763,#916,.T.);
#2188=EDGE_CURVE('',#1791,#1790,#917,.T.);
#2189=EDGE_CURVE('',#1761,#1792,#918,.T.);
#2190=EDGE_CURVE('',#1791,#1792,#1475,.T.);
#2191=EDGE_CURVE('',#1793,#1759,#919,.T.);
#2192=EDGE_CURVE('',#1793,#1792,#920,.T.);
#2193=EDGE_CURVE('',#1794,#1780,#921,.T.);
#2194=EDGE_CURVE('',#1794,#1793,#1476,.T.);
#2195=EDGE_CURVE('',#1795,#1783,#922,.T.);
#2196=EDGE_CURVE('',#1795,#1794,#923,.T.);
#2197=EDGE_CURVE('',#1796,#1797,#1477,.F.);
#2198=EDGE_CURVE('',#1798,#1796,#1478,.F.);
#2199=EDGE_CURVE('',#1797,#1798,#1479,.F.);
#2200=EDGE_CURVE('',#1799,#1800,#1480,.F.);
#2201=EDGE_CURVE('',#1801,#1799,#1481,.F.);
#2202=EDGE_CURVE('',#1800,#1801,#1482,.F.);
#2203=EDGE_CURVE('',#1802,#1803,#1483,.F.);
#2204=EDGE_CURVE('',#1803,#1801,#924,.T.);
#2205=EDGE_CURVE('',#1799,#1802,#925,.T.);
#2206=EDGE_CURVE('',#1798,#1800,#926,.T.);
#2207=EDGE_CURVE('',#1801,#1797,#927,.T.);
#2208=EDGE_CURVE('',#1804,#1805,#1484,.F.);
#2209=EDGE_CURVE('',#1806,#1804,#1485,.F.);
#2210=EDGE_CURVE('',#1805,#1806,#1486,.F.);
#2211=EDGE_CURVE('',#1807,#1808,#1487,.F.);
#2212=EDGE_CURVE('',#1809,#1807,#1488,.F.);
#2213=EDGE_CURVE('',#1808,#1809,#1489,.F.);
#2214=EDGE_CURVE('',#1807,#1805,#928,.T.);
#2215=EDGE_CURVE('',#1806,#1809,#929,.T.);
#2216=EDGE_CURVE('',#1810,#1811,#1490,.F.);
#2217=EDGE_CURVE('',#1812,#1810,#1491,.F.);
#2218=EDGE_CURVE('',#1811,#1812,#1492,.F.);
#2219=EDGE_CURVE('',#1740,#1812,#930,.T.);
#2220=EDGE_CURVE('',#1810,#1741,#931,.T.);
#2221=EDGE_CURVE('',#1813,#1814,#1493,.F.);
#2222=EDGE_CURVE('',#1815,#1813,#1494,.F.);
#2223=EDGE_CURVE('',#1814,#1815,#1495,.F.);
#2224=EDGE_CURVE('',#1809,#1815,#1496,.T.);
#2225=EDGE_CURVE('',#1813,#1808,#1497,.T.);
#2226=EDGE_CURVE('',#1816,#1817,#1498,.F.);
#2227=EDGE_CURVE('',#1818,#1816,#1499,.F.);
#2228=EDGE_CURVE('',#1817,#1818,#1500,.F.);
#2229=EDGE_CURVE('',#1819,#1820,#1501,.F.);
#2230=EDGE_CURVE('',#1821,#1819,#1502,.F.);
#2231=EDGE_CURVE('',#1820,#1821,#1503,.F.);
#2232=EDGE_CURVE('',#1822,#1823,#1504,.F.);
#2233=EDGE_CURVE('',#1824,#1822,#1505,.F.);
#2234=EDGE_CURVE('',#1823,#1824,#1506,.F.);
#2235=EDGE_CURVE('',#1822,#1818,#932,.T.);
#2236=EDGE_CURVE('',#1816,#1824,#933,.T.);
#2237=EDGE_CURVE('',#1738,#1823,#934,.T.);
#2238=EDGE_CURVE('',#1824,#1739,#935,.T.);
#2239=EDGE_CURVE('',#1819,#1822,#936,.T.);
#2240=EDGE_CURVE('',#1823,#1821,#937,.T.);
#2241=EDGE_CURVE('',#1825,#1826,#1507,.F.);
#2242=EDGE_CURVE('',#1826,#1820,#938,.T.);
#2243=EDGE_CURVE('',#1821,#1825,#939,.T.);
#2244=EDGE_CURVE('',#1814,#1819,#25,.T.);
#2245=EDGE_CURVE('',#1820,#1813,#26,.T.);
#2246=EDGE_CURVE('',#1818,#1814,#940,.T.);
#2247=EDGE_CURVE('',#1815,#1817,#941,.T.);
#2248=EDGE_CURVE('',#1817,#1811,#942,.T.);
#2249=EDGE_CURVE('',#1812,#1816,#943,.T.);
#2250=EDGE_CURVE('',#1811,#1806,#944,.T.);
#2251=EDGE_CURVE('',#1804,#1810,#945,.T.);
#2252=EDGE_CURVE('',#1800,#1807,#27,.T.);
#2253=EDGE_CURVE('',#1808,#1799,#28,.T.);
#2254=EDGE_CURVE('',#1805,#1798,#946,.T.);
#2255=EDGE_CURVE('',#1796,#1804,#947,.T.);
#2256=EDGE_CURVE('',#1742,#1796,#948,.T.);
#2257=EDGE_CURVE('',#1797,#1729,#949,.T.);
#2258=EDGE_CURVE('',#1827,#1737,#950,.T.);
#2259=EDGE_CURVE('',#1825,#1827,#951,.T.);
#2260=EDGE_CURVE('',#1828,#1828,#1508,.T.);
#2261=EDGE_CURVE('',#1829,#1830,#1509,.F.);
#2262=EDGE_CURVE('',#1831,#1829,#1510,.F.);
#2263=EDGE_CURVE('',#1830,#1831,#1511,.F.);
#2264=EDGE_CURVE('',#1832,#1833,#1512,.F.);
#2265=EDGE_CURVE('',#1833,#1831,#952,.T.);
#2266=EDGE_CURVE('',#1829,#1832,#953,.T.);
#2267=EDGE_CURVE('',#1834,#1835,#1513,.F.);
#2268=EDGE_CURVE('',#1836,#1834,#1514,.F.);
#2269=EDGE_CURVE('',#1835,#1836,#1515,.F.);
#2270=EDGE_CURVE('',#1837,#1838,#1516,.F.);
#2271=EDGE_CURVE('',#1839,#1837,#1517,.F.);
#2272=EDGE_CURVE('',#1838,#1839,#1518,.F.);
#2273=EDGE_CURVE('',#1840,#1841,#1519,.F.);
#2274=EDGE_CURVE('',#1842,#1840,#1520,.F.);
#2275=EDGE_CURVE('',#1841,#1842,#1521,.F.);
#2276=EDGE_CURVE('',#1843,#1844,#1522,.F.);
#2277=EDGE_CURVE('',#1845,#1843,#1523,.F.);
#2278=EDGE_CURVE('',#1844,#1845,#1524,.F.);
#2279=EDGE_CURVE('',#1839,#1845,#1525,.T.);
#2280=EDGE_CURVE('',#1843,#1838,#1526,.T.);
#2281=EDGE_CURVE('',#1846,#1847,#1527,.F.);
#2282=EDGE_CURVE('',#1848,#1846,#1528,.F.);
#2283=EDGE_CURVE('',#1847,#1848,#1529,.F.);
#2284=EDGE_CURVE('',#1732,#1848,#954,.T.);
#2285=EDGE_CURVE('',#1846,#1733,#955,.T.);
#2286=EDGE_CURVE('',#1849,#1850,#1530,.F.);
#2287=EDGE_CURVE('',#1851,#1849,#1531,.F.);
#2288=EDGE_CURVE('',#1850,#1851,#1532,.F.);
#2289=EDGE_CURVE('',#1844,#1851,#29,.T.);
#2290=EDGE_CURVE('',#1849,#1843,#30,.T.);
#2291=EDGE_CURVE('',#1852,#1853,#1533,.F.);
#2292=EDGE_CURVE('',#1854,#1852,#1534,.F.);
#2293=EDGE_CURVE('',#1853,#1854,#1535,.F.);
#2294=EDGE_CURVE('',#1852,#1844,#956,.T.);
#2295=EDGE_CURVE('',#1845,#1854,#957,.T.);
#2296=EDGE_CURVE('',#1854,#1847,#958,.T.);
#2297=EDGE_CURVE('',#1848,#1853,#959,.T.);
#2298=EDGE_CURVE('',#1855,#1856,#1536,.F.);
#2299=EDGE_CURVE('',#1857,#1855,#1537,.F.);
#2300=EDGE_CURVE('',#1856,#1857,#1538,.F.);
#2301=EDGE_CURVE('',#1851,#1857,#960,.T.);
#2302=EDGE_CURVE('',#1855,#1850,#961,.T.);
#2303=EDGE_CURVE('',#1857,#1852,#962,.T.);
#2304=EDGE_CURVE('',#1853,#1856,#963,.T.);
#2305=EDGE_CURVE('',#1730,#1855,#964,.T.);
#2306=EDGE_CURVE('',#1856,#1731,#965,.T.);
#2307=EDGE_CURVE('',#1858,#1859,#1539,.F.);
#2308=EDGE_CURVE('',#1859,#1849,#966,.T.);
#2309=EDGE_CURVE('',#1850,#1858,#967,.T.);
#2310=EDGE_CURVE('',#1847,#1842,#968,.T.);
#2311=EDGE_CURVE('',#1840,#1846,#969,.T.);
#2312=EDGE_CURVE('',#1837,#1841,#970,.T.);
#2313=EDGE_CURVE('',#1842,#1839,#971,.T.);
#2314=EDGE_CURVE('',#1841,#1836,#972,.T.);
#2315=EDGE_CURVE('',#1834,#1840,#973,.T.);
#2316=EDGE_CURVE('',#1830,#1837,#31,.T.);
#2317=EDGE_CURVE('',#1838,#1829,#32,.T.);
#2318=EDGE_CURVE('',#1836,#1830,#974,.T.);
#2319=EDGE_CURVE('',#1831,#1835,#975,.T.);
#2320=EDGE_CURVE('',#1734,#1834,#976,.T.);
#2321=EDGE_CURVE('',#1835,#1735,#977,.T.);
#2322=EDGE_CURVE('',#1858,#1744,#978,.T.);
#2323=EDGE_CURVE('',#1860,#1860,#1540,.T.);
#2324=EDGE_CURVE('',#1861,#1862,#979,.T.);
#2325=EDGE_CURVE('',#1862,#1863,#33,.T.);
#2326=EDGE_CURVE('',#1863,#1864,#980,.T.);
#2327=EDGE_CURVE('',#1864,#1861,#34,.T.);
#2328=EDGE_CURVE('',#1862,#1865,#981,.T.);
#2329=EDGE_CURVE('',#1865,#1866,#1541,.T.);
#2330=EDGE_CURVE('',#1866,#1863,#982,.T.);
#2331=EDGE_CURVE('',#1867,#1868,#1542,.T.);
#2332=EDGE_CURVE('',#1868,#1866,#1543,.T.);
#2333=EDGE_CURVE('',#1865,#1867,#1544,.T.);
#2334=EDGE_CURVE('',#1869,#1870,#1545,.T.);
#2335=EDGE_CURVE('',#1870,#1868,#983,.T.);
#2336=EDGE_CURVE('',#1867,#1869,#984,.T.);
#2337=EDGE_CURVE('',#1871,#1872,#1546,.T.);
#2338=EDGE_CURVE('',#1872,#1870,#1547,.T.);
#2339=EDGE_CURVE('',#1869,#1871,#1548,.T.);
#2340=EDGE_CURVE('',#1873,#1874,#1549,.T.);
#2341=EDGE_CURVE('',#1874,#1872,#985,.T.);
#2342=EDGE_CURVE('',#1871,#1873,#986,.T.);
#2343=EDGE_CURVE('',#1875,#1874,#1550,.T.);
#2344=EDGE_CURVE('',#1873,#1876,#1551,.T.);
#2345=EDGE_CURVE('',#1876,#1875,#49,.T.);
#2346=EDGE_CURVE('',#1876,#1877,#1552,.T.);
#2347=EDGE_CURVE('',#1877,#1878,#50,.T.);
#2348=EDGE_CURVE('',#1878,#1875,#1553,.T.);
#2349=EDGE_CURVE('',#1864,#1878,#987,.T.);
#2350=EDGE_CURVE('',#1877,#1861,#988,.T.);
#2351=EDGE_CURVE('',#1879,#1874,#989,.T.);
#2352=EDGE_CURVE('',#1880,#1879,#990,.T.);
#2353=EDGE_CURVE('',#1880,#1881,#991,.T.);
#2354=EDGE_CURVE('',#1882,#1881,#992,.T.);
#2355=EDGE_CURVE('',#1883,#1882,#993,.T.);
#2356=EDGE_CURVE('',#1884,#1883,#35,.T.);
#2357=EDGE_CURVE('',#1885,#1884,#36,.T.);
#2358=EDGE_CURVE('',#1872,#1885,#994,.T.);
#2359=EDGE_CURVE('',#1875,#1711,#995,.T.);
#2360=EDGE_CURVE('',#1879,#1709,#51,.F.);
#2361=EDGE_CURVE('',#1712,#1878,#996,.T.);
#2362=EDGE_CURVE('',#1886,#1864,#997,.T.);
#2363=EDGE_CURVE('',#1887,#1886,#1554,.T.);
#2364=EDGE_CURVE('',#1888,#1887,#1555,.T.);
#2365=EDGE_CURVE('',#1713,#1888,#998,.T.);
#2366=EDGE_CURVE('',#1889,#1863,#999,.T.);
#2367=EDGE_CURVE('',#1890,#1889,#37,.F.);
#2368=EDGE_CURVE('',#1891,#1890,#1000,.T.);
#2369=EDGE_CURVE('',#1892,#1891,#1556,.F.);
#2370=EDGE_CURVE('',#1892,#1893,#1001,.T.);
#2371=EDGE_CURVE('',#1893,#1886,#1002,.T.);
#2372=EDGE_CURVE('',#1894,#1895,#1557,.T.);
#2373=EDGE_CURVE('',#1895,#1896,#1558,.T.);
#2374=EDGE_CURVE('',#1896,#1897,#1559,.T.);
#2375=EDGE_CURVE('',#1897,#1894,#52,.T.);
#2376=EDGE_CURVE('',#1889,#1896,#1003,.T.);
#2377=EDGE_CURVE('',#1895,#1890,#1004,.T.);
#2378=EDGE_CURVE('',#1898,#1894,#1560,.T.);
#2379=EDGE_CURVE('',#1897,#1899,#1561,.T.);
#2380=EDGE_CURVE('',#1899,#1898,#53,.T.);
#2381=EDGE_CURVE('',#1899,#1892,#1005,.T.);
#2382=EDGE_CURVE('',#1891,#1898,#1006,.T.);
#2383=EDGE_CURVE('',#1900,#1901,#1562,.T.);
#2384=EDGE_CURVE('',#1901,#1902,#1007,.T.);
#2385=EDGE_CURVE('',#1902,#1903,#1563,.T.);
#2386=EDGE_CURVE('',#1903,#1900,#1008,.T.);
#2387=EDGE_CURVE('',#1902,#1904,#1564,.T.);
#2388=EDGE_CURVE('',#1904,#1905,#1565,.T.);
#2389=EDGE_CURVE('',#1905,#1903,#1566,.T.);
#2390=EDGE_CURVE('',#1904,#1906,#1009,.T.);
#2391=EDGE_CURVE('',#1906,#1907,#1567,.T.);
#2392=EDGE_CURVE('',#1907,#1905,#1010,.T.);
#2393=EDGE_CURVE('',#1906,#1882,#1568,.T.);
#2394=EDGE_CURVE('',#1882,#1908,#1569,.T.);
#2395=EDGE_CURVE('',#1908,#1907,#1570,.T.);
#2396=EDGE_CURVE('',#1881,#1909,#1571,.T.);
#2397=EDGE_CURVE('',#1909,#1908,#1011,.T.);
#2398=EDGE_CURVE('',#1881,#1910,#1572,.T.);
#2399=EDGE_CURVE('',#1910,#1911,#1573,.T.);
#2400=EDGE_CURVE('',#1911,#1909,#1574,.T.);
#2401=EDGE_CURVE('',#1910,#1912,#1012,.T.);
#2402=EDGE_CURVE('',#1912,#1913,#1575,.T.);
#2403=EDGE_CURVE('',#1913,#1911,#1013,.T.);
#2404=EDGE_CURVE('',#1912,#1914,#1576,.T.);
#2405=EDGE_CURVE('',#1914,#1915,#1577,.T.);
#2406=EDGE_CURVE('',#1915,#1913,#1578,.T.);
#2407=EDGE_CURVE('',#1914,#1916,#1014,.T.);
#2408=EDGE_CURVE('',#1916,#1917,#1579,.T.);
#2409=EDGE_CURVE('',#1917,#1915,#1015,.T.);
#2410=EDGE_CURVE('',#1916,#1918,#1580,.T.);
#2411=EDGE_CURVE('',#1918,#1919,#1581,.T.);
#2412=EDGE_CURVE('',#1919,#1917,#1582,.T.);
#2413=EDGE_CURVE('',#1918,#1920,#1016,.T.);
#2414=EDGE_CURVE('',#1920,#1921,#1583,.T.);
#2415=EDGE_CURVE('',#1921,#1919,#1017,.T.);
#2416=EDGE_CURVE('',#1920,#1922,#1584,.T.);
#2417=EDGE_CURVE('',#1922,#1923,#1585,.T.);
#2418=EDGE_CURVE('',#1923,#1921,#1586,.T.);
#2419=EDGE_CURVE('',#1922,#1924,#1018,.T.);
#2420=EDGE_CURVE('',#1924,#1925,#1587,.T.);
#2421=EDGE_CURVE('',#1925,#1923,#1019,.T.);
#2422=EDGE_CURVE('',#1924,#1926,#1588,.T.);
#2423=EDGE_CURVE('',#1926,#1927,#1589,.T.);
#2424=EDGE_CURVE('',#1927,#1925,#1590,.T.);
#2425=EDGE_CURVE('',#1926,#1928,#1020,.T.);
#2426=EDGE_CURVE('',#1928,#1929,#1591,.T.);
#2427=EDGE_CURVE('',#1929,#1927,#1021,.T.);
#2428=EDGE_CURVE('',#1928,#1901,#1592,.T.);
#2429=EDGE_CURVE('',#1900,#1929,#1593,.T.);
#2430=EDGE_CURVE('',#1912,#1930,#1022,.T.);
#2431=EDGE_CURVE('',#1931,#1930,#1594,.T.);
#2432=EDGE_CURVE('',#1931,#1914,#1023,.T.);
#2433=EDGE_CURVE('',#1932,#1910,#1024,.T.);
#2434=EDGE_CURVE('',#1930,#1932,#1025,.T.);
#2435=EDGE_CURVE('',#1932,#1880,#1595,.T.);
#2436=EDGE_CURVE('',#1906,#1933,#1026,.T.);
#2437=EDGE_CURVE('',#1933,#1883,#1596,.T.);
#2438=EDGE_CURVE('',#1934,#1904,#1027,.T.);
#2439=EDGE_CURVE('',#1933,#1934,#1028,.T.);
#2440=EDGE_CURVE('',#1902,#1935,#1029,.T.);
#2441=EDGE_CURVE('',#1934,#1935,#1597,.T.);
#2442=EDGE_CURVE('',#1936,#1866,#1030,.T.);
#2443=EDGE_CURVE('',#1937,#1936,#38,.T.);
#2444=EDGE_CURVE('',#1935,#1937,#39,.T.);
#2445=EDGE_CURVE('',#1938,#1901,#1031,.T.);
#2446=EDGE_CURVE('',#1939,#1938,#1032,.T.);
#2447=EDGE_CURVE('',#1896,#1939,#1033,.T.);
#2448=EDGE_CURVE('',#1919,#1643,#1034,.T.);
#2449=EDGE_CURVE('',#1917,#1642,#1035,.T.);
#2450=EDGE_CURVE('',#1921,#1644,#1036,.T.);
#2451=EDGE_CURVE('',#1923,#1645,#1037,.T.);
#2452=EDGE_CURVE('',#1925,#1646,#1038,.T.);
#2453=EDGE_CURVE('',#1927,#1647,#1039,.T.);
#2454=EDGE_CURVE('',#1929,#1648,#1040,.T.);
#2455=EDGE_CURVE('',#1634,#1900,#1041,.T.);
#2456=EDGE_CURVE('',#1903,#1633,#1042,.T.);
#2457=EDGE_CURVE('',#1938,#1718,#1598,.T.);
#2458=EDGE_CURVE('',#1717,#1939,#54,.F.);
#2459=EDGE_CURVE('',#1940,#1719,#1599,.T.);
#2460=EDGE_CURVE('',#1938,#1940,#1600,.T.);
#2461=EDGE_CURVE('',#1941,#1720,#1601,.T.);
#2462=EDGE_CURVE('',#1940,#1941,#1043,.T.);
#2463=EDGE_CURVE('',#1942,#1721,#1602,.T.);
#2464=EDGE_CURVE('',#1941,#1942,#1603,.T.);
#2465=EDGE_CURVE('',#1943,#1722,#1604,.T.);
#2466=EDGE_CURVE('',#1942,#1943,#1044,.T.);
#2467=EDGE_CURVE('',#1944,#1723,#1605,.T.);
#2468=EDGE_CURVE('',#1943,#1944,#1606,.T.);
#2469=EDGE_CURVE('',#1945,#1724,#1607,.T.);
#2470=EDGE_CURVE('',#1944,#1945,#1045,.T.);
#2471=EDGE_CURVE('',#1946,#1725,#1608,.T.);
#2472=EDGE_CURVE('',#1945,#1946,#1609,.T.);
#2473=EDGE_CURVE('',#1931,#1726,#1610,.T.);
#2474=EDGE_CURVE('',#1946,#1931,#1046,.T.);
#2475=EDGE_CURVE('',#1930,#1727,#1611,.T.);
#2476=EDGE_CURVE('',#1932,#1728,#1612,.T.);
#2477=EDGE_CURVE('',#1880,#1710,#1613,.T.);
#2478=EDGE_CURVE('',#1916,#1946,#1047,.T.);
#2479=EDGE_CURVE('',#1945,#1918,#1048,.T.);
#2480=EDGE_CURVE('',#1920,#1944,#1049,.T.);
#2481=EDGE_CURVE('',#1943,#1922,#1050,.T.);
#2482=EDGE_CURVE('',#1924,#1942,#1051,.T.);
#2483=EDGE_CURVE('',#1941,#1926,#1052,.T.);
#2484=EDGE_CURVE('',#1940,#1928,#1053,.T.);
#2485=EDGE_CURVE('',#1859,#1832,#1614,.T.);
#2486=EDGE_CURVE('',#1828,#1947,#1054,.T.);
#2487=EDGE_CURVE('',#1947,#1947,#1615,.T.);
#2488=EDGE_CURVE('',#1860,#1948,#1055,.T.);
#2489=EDGE_CURVE('',#1948,#1948,#1616,.T.);
#2490=EDGE_CURVE('',#1716,#1897,#1056,.T.);
#2491=EDGE_CURVE('',#1899,#1715,#1057,.T.);
#2492=EDGE_CURVE('',#1826,#1802,#1617,.T.);
#2493=EDGE_CURVE('',#1698,#1949,#1058,.T.);
#2494=EDGE_CURVE('',#1949,#1950,#1059,.T.);
#2495=EDGE_CURVE('',#1695,#1950,#1060,.T.);
#2496=EDGE_CURVE('',#1736,#1951,#1061,.T.);
#2497=EDGE_CURVE('',#1951,#1827,#1062,.T.);
#2498=EDGE_CURVE('',#1949,#1803,#1063,.T.);
#2499=EDGE_CURVE('',#1951,#1833,#1064,.T.);
#2500=EDGE_CURVE('',#1787,#1707,#1618,.T.);
#2501=EDGE_CURVE('',#1706,#1795,#1619,.T.);
#2502=EDGE_CURVE('',#1952,#1705,#1065,.T.);
#2503=EDGE_CURVE('',#1952,#1953,#1620,.T.);
#2504=EDGE_CURVE('',#1954,#1953,#1066,.T.);
#2505=EDGE_CURVE('',#1954,#1950,#1621,.T.);
#2506=EDGE_CURVE('',#1755,#1785,#1067,.T.);
#2507=EDGE_CURVE('',#1701,#1953,#1068,.T.);
#2508=EDGE_CURVE('',#1952,#1703,#1069,.T.);
#2509=EDGE_CURVE('',#1954,#1699,#1070,.T.);
#2510=EDGE_CURVE('',#1782,#1774,#1622,.T.);
#2511=EDGE_CURVE('',#1955,#1955,#1623,.T.);
#2512=EDGE_CURVE('',#1956,#1956,#1624,.T.);
#2513=EDGE_CURVE('',#1905,#1635,#1071,.T.);
#2514=EDGE_CURVE('',#1907,#1636,#1072,.T.);
#2515=EDGE_CURVE('',#1908,#1637,#1073,.T.);
#2516=EDGE_CURVE('',#1909,#1638,#1074,.T.);
#2517=EDGE_CURVE('',#1911,#1639,#1075,.T.);
#2518=EDGE_CURVE('',#1913,#1640,#1076,.T.);
#2519=EDGE_CURVE('',#1915,#1641,#1077,.T.);
#2520=EDGE_CURVE('',#1957,#1884,#1625,.T.);
#2521=EDGE_CURVE('',#1933,#1957,#40,.T.);
#2522=EDGE_CURVE('',#1958,#1885,#1626,.T.);
#2523=EDGE_CURVE('',#1957,#1958,#41,.T.);
#2524=EDGE_CURVE('',#1958,#1870,#1078,.T.);
#2525=EDGE_CURVE('',#1959,#1958,#1079,.T.);
#2526=EDGE_CURVE('',#1868,#1959,#1080,.T.);
#2527=EDGE_CURVE('',#1960,#1957,#1081,.T.);
#2528=EDGE_CURVE('',#1959,#1960,#42,.T.);
#2529=EDGE_CURVE('',#1960,#1934,#43,.T.);
#2530=EDGE_CURVE('',#1959,#1936,#1627,.T.);
#2531=EDGE_CURVE('',#1960,#1937,#1628,.T.);
#2532=EDGE_CURVE('',#1961,#1714,#1082,.T.);
#2533=EDGE_CURVE('',#1962,#1961,#1629,.T.);
#2534=EDGE_CURVE('',#1893,#1962,#1630,.T.);
#2535=EDGE_CURVE('',#1888,#1961,#1083,.T.);
#2536=EDGE_CURVE('',#1962,#1887,#1084,.T.);
#2537=EDGE_CURVE('',#1675,#1956,#1085,.T.);
#2538=EDGE_CURVE('',#1678,#1955,#1086,.T.);
#2539=ORIENTED_EDGE('',*,*,#1963,.T.);
#2540=ORIENTED_EDGE('',*,*,#1964,.T.);
#2541=ORIENTED_EDGE('',*,*,#1965,.T.);
#2542=ORIENTED_EDGE('',*,*,#1964,.F.);
#2543=ORIENTED_EDGE('',*,*,#1966,.F.);
#2544=ORIENTED_EDGE('',*,*,#1967,.F.);
#2545=ORIENTED_EDGE('',*,*,#1968,.F.);
#2546=ORIENTED_EDGE('',*,*,#1969,.F.);
#2547=ORIENTED_EDGE('',*,*,#1970,.F.);
#2548=ORIENTED_EDGE('',*,*,#1971,.F.);
#2549=ORIENTED_EDGE('',*,*,#1972,.F.);
#2550=ORIENTED_EDGE('',*,*,#1973,.F.);
#2551=ORIENTED_EDGE('',*,*,#1974,.F.);
#2552=ORIENTED_EDGE('',*,*,#1975,.F.);
#2553=ORIENTED_EDGE('',*,*,#1976,.F.);
#2554=ORIENTED_EDGE('',*,*,#1977,.F.);
#2555=ORIENTED_EDGE('',*,*,#1978,.F.);
#2556=ORIENTED_EDGE('',*,*,#1979,.F.);
#2557=ORIENTED_EDGE('',*,*,#1980,.F.);
#2558=ORIENTED_EDGE('',*,*,#1981,.F.);
#2559=ORIENTED_EDGE('',*,*,#1982,.F.);
#2560=ORIENTED_EDGE('',*,*,#1983,.F.);
#2561=ORIENTED_EDGE('',*,*,#1984,.F.);
#2562=ORIENTED_EDGE('',*,*,#1963,.F.);
#2563=ORIENTED_EDGE('',*,*,#1965,.F.);
#2564=ORIENTED_EDGE('',*,*,#1985,.T.);
#2565=ORIENTED_EDGE('',*,*,#1986,.T.);
#2566=ORIENTED_EDGE('',*,*,#1985,.F.);
#2567=ORIENTED_EDGE('',*,*,#1982,.T.);
#2568=ORIENTED_EDGE('',*,*,#1987,.T.);
#2569=ORIENTED_EDGE('',*,*,#1988,.T.);
#2570=ORIENTED_EDGE('',*,*,#1987,.F.);
#2571=ORIENTED_EDGE('',*,*,#1988,.F.);
#2572=ORIENTED_EDGE('',*,*,#1989,.T.);
#2573=ORIENTED_EDGE('',*,*,#1990,.T.);
#2574=ORIENTED_EDGE('',*,*,#1991,.T.);
#2575=ORIENTED_EDGE('',*,*,#1992,.T.);
#2576=ORIENTED_EDGE('',*,*,#1993,.F.);
#2577=ORIENTED_EDGE('',*,*,#1994,.T.);
#2578=ORIENTED_EDGE('',*,*,#1995,.T.);
#2579=ORIENTED_EDGE('',*,*,#1996,.T.);
#2580=ORIENTED_EDGE('',*,*,#1997,.F.);
#2581=ORIENTED_EDGE('',*,*,#1998,.T.);
#2582=ORIENTED_EDGE('',*,*,#1989,.F.);
#2583=ORIENTED_EDGE('',*,*,#1984,.T.);
#2584=ORIENTED_EDGE('',*,*,#1999,.T.);
#2585=ORIENTED_EDGE('',*,*,#2000,.T.);
#2586=ORIENTED_EDGE('',*,*,#1999,.F.);
#2587=ORIENTED_EDGE('',*,*,#2000,.F.);
#2588=ORIENTED_EDGE('',*,*,#2001,.T.);
#2589=ORIENTED_EDGE('',*,*,#2002,.T.);
#2590=ORIENTED_EDGE('',*,*,#2003,.T.);
#2591=ORIENTED_EDGE('',*,*,#2004,.T.);
#2592=ORIENTED_EDGE('',*,*,#2005,.F.);
#2593=ORIENTED_EDGE('',*,*,#2006,.T.);
#2594=ORIENTED_EDGE('',*,*,#2007,.T.);
#2595=ORIENTED_EDGE('',*,*,#2008,.T.);
#2596=ORIENTED_EDGE('',*,*,#2009,.F.);
#2597=ORIENTED_EDGE('',*,*,#2010,.T.);
#2598=ORIENTED_EDGE('',*,*,#2001,.F.);
#2599=ORIENTED_EDGE('',*,*,#1983,.T.);
#2600=ORIENTED_EDGE('',*,*,#2011,.T.);
#2601=ORIENTED_EDGE('',*,*,#2012,.T.);
#2602=ORIENTED_EDGE('',*,*,#2011,.F.);
#2603=ORIENTED_EDGE('',*,*,#2012,.F.);
#2604=ORIENTED_EDGE('',*,*,#2013,.T.);
#2605=ORIENTED_EDGE('',*,*,#2014,.T.);
#2606=ORIENTED_EDGE('',*,*,#2013,.F.);
#2607=ORIENTED_EDGE('',*,*,#1986,.F.);
#2608=ORIENTED_EDGE('',*,*,#2014,.F.);
#2609=ORIENTED_EDGE('',*,*,#2015,.F.);
#2610=ORIENTED_EDGE('',*,*,#1993,.T.);
#2611=ORIENTED_EDGE('',*,*,#2016,.T.);
#2612=ORIENTED_EDGE('',*,*,#2017,.T.);
#2613=ORIENTED_EDGE('',*,*,#1995,.F.);
#2614=ORIENTED_EDGE('',*,*,#2016,.F.);
#2615=ORIENTED_EDGE('',*,*,#1992,.F.);
#2616=ORIENTED_EDGE('',*,*,#2018,.F.);
#2617=ORIENTED_EDGE('',*,*,#2019,.F.);
#2618=ORIENTED_EDGE('',*,*,#2020,.F.);
#2619=ORIENTED_EDGE('',*,*,#1997,.T.);
#2620=ORIENTED_EDGE('',*,*,#2021,.T.);
#2621=ORIENTED_EDGE('',*,*,#2018,.T.);
#2622=ORIENTED_EDGE('',*,*,#1991,.F.);
#2623=ORIENTED_EDGE('',*,*,#2021,.F.);
#2624=ORIENTED_EDGE('',*,*,#1996,.F.);
#2625=ORIENTED_EDGE('',*,*,#2017,.F.);
#2626=ORIENTED_EDGE('',*,*,#2022,.F.);
#2627=ORIENTED_EDGE('',*,*,#2023,.F.);
#2628=ORIENTED_EDGE('',*,*,#2009,.T.);
#2629=ORIENTED_EDGE('',*,*,#2024,.T.);
#2630=ORIENTED_EDGE('',*,*,#2025,.T.);
#2631=ORIENTED_EDGE('',*,*,#2003,.F.);
#2632=ORIENTED_EDGE('',*,*,#2024,.F.);
#2633=ORIENTED_EDGE('',*,*,#2008,.F.);
#2634=ORIENTED_EDGE('',*,*,#2026,.F.);
#2635=ORIENTED_EDGE('',*,*,#2027,.F.);
#2636=ORIENTED_EDGE('',*,*,#2028,.F.);
#2637=ORIENTED_EDGE('',*,*,#2005,.T.);
#2638=ORIENTED_EDGE('',*,*,#2029,.T.);
#2639=ORIENTED_EDGE('',*,*,#2026,.T.);
#2640=ORIENTED_EDGE('',*,*,#2007,.F.);
#2641=ORIENTED_EDGE('',*,*,#2029,.F.);
#2642=ORIENTED_EDGE('',*,*,#2004,.F.);
#2643=ORIENTED_EDGE('',*,*,#2025,.F.);
#2644=ORIENTED_EDGE('',*,*,#2030,.F.);
#2645=ORIENTED_EDGE('',*,*,#2020,.T.);
#2646=ORIENTED_EDGE('',*,*,#1990,.F.);
#2647=ORIENTED_EDGE('',*,*,#1998,.F.);
#2648=ORIENTED_EDGE('',*,*,#2015,.T.);
#2649=ORIENTED_EDGE('',*,*,#1994,.F.);
#2650=ORIENTED_EDGE('',*,*,#2028,.T.);
#2651=ORIENTED_EDGE('',*,*,#2006,.F.);
#2652=ORIENTED_EDGE('',*,*,#2023,.T.);
#2653=ORIENTED_EDGE('',*,*,#2002,.F.);
#2654=ORIENTED_EDGE('',*,*,#2010,.F.);
#2655=ORIENTED_EDGE('',*,*,#2031,.F.);
#2656=ORIENTED_EDGE('',*,*,#2032,.F.);
#2657=ORIENTED_EDGE('',*,*,#2033,.F.);
#2658=ORIENTED_EDGE('',*,*,#2034,.T.);
#2659=ORIENTED_EDGE('',*,*,#2035,.T.);
#2660=ORIENTED_EDGE('',*,*,#2032,.T.);
#2661=ORIENTED_EDGE('',*,*,#2036,.T.);
#2662=ORIENTED_EDGE('',*,*,#2037,.T.);
#2663=ORIENTED_EDGE('',*,*,#2038,.T.);
#2664=ORIENTED_EDGE('',*,*,#2034,.F.);
#2665=ORIENTED_EDGE('',*,*,#2039,.T.);
#2666=ORIENTED_EDGE('',*,*,#2040,.T.);
#2667=ORIENTED_EDGE('',*,*,#2041,.T.);
#2668=ORIENTED_EDGE('',*,*,#2037,.F.);
#2669=ORIENTED_EDGE('',*,*,#2042,.T.);
#2670=ORIENTED_EDGE('',*,*,#2043,.T.);
#2671=ORIENTED_EDGE('',*,*,#2044,.T.);
#2672=ORIENTED_EDGE('',*,*,#2040,.F.);
#2673=ORIENTED_EDGE('',*,*,#2045,.T.);
#2674=ORIENTED_EDGE('',*,*,#2046,.T.);
#2675=ORIENTED_EDGE('',*,*,#2047,.T.);
#2676=ORIENTED_EDGE('',*,*,#2043,.F.);
#2677=ORIENTED_EDGE('',*,*,#2048,.T.);
#2678=ORIENTED_EDGE('',*,*,#2049,.F.);
#2679=ORIENTED_EDGE('',*,*,#2050,.F.);
#2680=ORIENTED_EDGE('',*,*,#2051,.F.);
#2681=ORIENTED_EDGE('',*,*,#2033,.T.);
#2682=ORIENTED_EDGE('',*,*,#2052,.T.);
#2683=ORIENTED_EDGE('',*,*,#2050,.T.);
#2684=ORIENTED_EDGE('',*,*,#2053,.T.);
#2685=ORIENTED_EDGE('',*,*,#2054,.T.);
#2686=ORIENTED_EDGE('',*,*,#2055,.T.);
#2687=ORIENTED_EDGE('',*,*,#2056,.T.);
#2688=ORIENTED_EDGE('',*,*,#2057,.T.);
#2689=ORIENTED_EDGE('',*,*,#2058,.T.);
#2690=ORIENTED_EDGE('',*,*,#2059,.T.);
#2691=ORIENTED_EDGE('',*,*,#2054,.F.);
#2692=ORIENTED_EDGE('',*,*,#2060,.T.);
#2693=ORIENTED_EDGE('',*,*,#2061,.T.);
#2694=ORIENTED_EDGE('',*,*,#2062,.T.);
#2695=ORIENTED_EDGE('',*,*,#2058,.F.);
#2696=ORIENTED_EDGE('',*,*,#2063,.T.);
#2697=ORIENTED_EDGE('',*,*,#2064,.T.);
#2698=ORIENTED_EDGE('',*,*,#2065,.T.);
#2699=ORIENTED_EDGE('',*,*,#2061,.F.);
#2700=ORIENTED_EDGE('',*,*,#2066,.T.);
#2701=ORIENTED_EDGE('',*,*,#2051,.T.);
#2702=ORIENTED_EDGE('',*,*,#2067,.T.);
#2703=ORIENTED_EDGE('',*,*,#2064,.F.);
#2704=ORIENTED_EDGE('',*,*,#2068,.T.);
#2705=ORIENTED_EDGE('',*,*,#2069,.T.);
#2706=ORIENTED_EDGE('',*,*,#2070,.T.);
#2707=ORIENTED_EDGE('',*,*,#2049,.T.);
#2708=ORIENTED_EDGE('',*,*,#2071,.T.);
#2709=ORIENTED_EDGE('',*,*,#2072,.T.);
#2710=ORIENTED_EDGE('',*,*,#2073,.T.);
#2711=ORIENTED_EDGE('',*,*,#2031,.T.);
#2712=ORIENTED_EDGE('',*,*,#2074,.T.);
#2713=ORIENTED_EDGE('',*,*,#2075,.F.);
#2714=ORIENTED_EDGE('',*,*,#2076,.T.);
#2715=ORIENTED_EDGE('',*,*,#2077,.F.);
#2716=ORIENTED_EDGE('',*,*,#2078,.T.);
#2717=ORIENTED_EDGE('',*,*,#2079,.F.);
#2718=ORIENTED_EDGE('',*,*,#2080,.T.);
#2719=ORIENTED_EDGE('',*,*,#2081,.F.);
#2720=ORIENTED_EDGE('',*,*,#2082,.F.);
#2721=ORIENTED_EDGE('',*,*,#2083,.F.);
#2722=ORIENTED_EDGE('',*,*,#2084,.F.);
#2723=ORIENTED_EDGE('',*,*,#2085,.F.);
#2724=ORIENTED_EDGE('',*,*,#2086,.F.);
#2725=ORIENTED_EDGE('',*,*,#2087,.F.);
#2726=ORIENTED_EDGE('',*,*,#2088,.F.);
#2727=ORIENTED_EDGE('',*,*,#2089,.F.);
#2728=ORIENTED_EDGE('',*,*,#2090,.F.);
#2729=ORIENTED_EDGE('',*,*,#2091,.F.);
#2730=ORIENTED_EDGE('',*,*,#2092,.F.);
#2731=ORIENTED_EDGE('',*,*,#2093,.F.);
#2732=ORIENTED_EDGE('',*,*,#2094,.F.);
#2733=ORIENTED_EDGE('',*,*,#2095,.F.);
#2734=ORIENTED_EDGE('',*,*,#2055,.F.);
#2735=ORIENTED_EDGE('',*,*,#2059,.F.);
#2736=ORIENTED_EDGE('',*,*,#2062,.F.);
#2737=ORIENTED_EDGE('',*,*,#2065,.F.);
#2738=ORIENTED_EDGE('',*,*,#2067,.F.);
#2739=ORIENTED_EDGE('',*,*,#2052,.F.);
#2740=ORIENTED_EDGE('',*,*,#2035,.F.);
#2741=ORIENTED_EDGE('',*,*,#2038,.F.);
#2742=ORIENTED_EDGE('',*,*,#2041,.F.);
#2743=ORIENTED_EDGE('',*,*,#2044,.F.);
#2744=ORIENTED_EDGE('',*,*,#2047,.F.);
#2745=ORIENTED_EDGE('',*,*,#2096,.F.);
#2746=ORIENTED_EDGE('',*,*,#2097,.F.);
#2747=ORIENTED_EDGE('',*,*,#2098,.F.);
#2748=ORIENTED_EDGE('',*,*,#2099,.F.);
#2749=ORIENTED_EDGE('',*,*,#2100,.F.);
#2750=ORIENTED_EDGE('',*,*,#2101,.F.);
#2751=ORIENTED_EDGE('',*,*,#2102,.F.);
#2752=ORIENTED_EDGE('',*,*,#2103,.T.);
#2753=ORIENTED_EDGE('',*,*,#2104,.F.);
#2754=ORIENTED_EDGE('',*,*,#2105,.F.);
#2755=ORIENTED_EDGE('',*,*,#2106,.F.);
#2756=ORIENTED_EDGE('',*,*,#2107,.F.);
#2757=ORIENTED_EDGE('',*,*,#2108,.F.);
#2758=ORIENTED_EDGE('',*,*,#2109,.F.);
#2759=ORIENTED_EDGE('',*,*,#2048,.F.);
#2760=ORIENTED_EDGE('',*,*,#2110,.F.);
#2761=ORIENTED_EDGE('',*,*,#2111,.T.);
#2762=ORIENTED_EDGE('',*,*,#2112,.T.);
#2763=ORIENTED_EDGE('',*,*,#2045,.F.);
#2764=ORIENTED_EDGE('',*,*,#2113,.T.);
#2765=ORIENTED_EDGE('',*,*,#2114,.F.);
#2766=ORIENTED_EDGE('',*,*,#2110,.T.);
#2767=ORIENTED_EDGE('',*,*,#2042,.F.);
#2768=ORIENTED_EDGE('',*,*,#2115,.F.);
#2769=ORIENTED_EDGE('',*,*,#2116,.T.);
#2770=ORIENTED_EDGE('',*,*,#2113,.F.);
#2771=ORIENTED_EDGE('',*,*,#2039,.F.);
#2772=ORIENTED_EDGE('',*,*,#2117,.T.);
#2773=ORIENTED_EDGE('',*,*,#2118,.F.);
#2774=ORIENTED_EDGE('',*,*,#2115,.T.);
#2775=ORIENTED_EDGE('',*,*,#2036,.F.);
#2776=ORIENTED_EDGE('',*,*,#2073,.F.);
#2777=ORIENTED_EDGE('',*,*,#2119,.T.);
#2778=ORIENTED_EDGE('',*,*,#2117,.F.);
#2779=ORIENTED_EDGE('',*,*,#2120,.F.);
#2780=ORIENTED_EDGE('',*,*,#2121,.F.);
#2781=ORIENTED_EDGE('',*,*,#2122,.F.);
#2782=ORIENTED_EDGE('',*,*,#2123,.T.);
#2783=ORIENTED_EDGE('',*,*,#2121,.T.);
#2784=ORIENTED_EDGE('',*,*,#2124,.T.);
#2785=ORIENTED_EDGE('',*,*,#2125,.T.);
#2786=ORIENTED_EDGE('',*,*,#2126,.T.);
#2787=ORIENTED_EDGE('',*,*,#2127,.T.);
#2788=ORIENTED_EDGE('',*,*,#2122,.T.);
#2789=ORIENTED_EDGE('',*,*,#2128,.T.);
#2790=ORIENTED_EDGE('',*,*,#2129,.T.);
#2791=ORIENTED_EDGE('',*,*,#2130,.F.);
#2792=ORIENTED_EDGE('',*,*,#2131,.F.);
#2793=ORIENTED_EDGE('',*,*,#2132,.F.);
#2794=ORIENTED_EDGE('',*,*,#2133,.T.);
#2795=ORIENTED_EDGE('',*,*,#2134,.T.);
#2796=ORIENTED_EDGE('',*,*,#2131,.T.);
#2797=ORIENTED_EDGE('',*,*,#2135,.T.);
#2798=ORIENTED_EDGE('',*,*,#2136,.T.);
#2799=ORIENTED_EDGE('',*,*,#2137,.T.);
#2800=ORIENTED_EDGE('',*,*,#2133,.F.);
#2801=ORIENTED_EDGE('',*,*,#2138,.T.);
#2802=ORIENTED_EDGE('',*,*,#2139,.T.);
#2803=ORIENTED_EDGE('',*,*,#2140,.T.);
#2804=ORIENTED_EDGE('',*,*,#2136,.F.);
#2805=ORIENTED_EDGE('',*,*,#2141,.T.);
#2806=ORIENTED_EDGE('',*,*,#2142,.T.);
#2807=ORIENTED_EDGE('',*,*,#2143,.T.);
#2808=ORIENTED_EDGE('',*,*,#2139,.F.);
#2809=ORIENTED_EDGE('',*,*,#2144,.T.);
#2810=ORIENTED_EDGE('',*,*,#2145,.T.);
#2811=ORIENTED_EDGE('',*,*,#2146,.T.);
#2812=ORIENTED_EDGE('',*,*,#2142,.F.);
#2813=ORIENTED_EDGE('',*,*,#2147,.T.);
#2814=ORIENTED_EDGE('',*,*,#2148,.T.);
#2815=ORIENTED_EDGE('',*,*,#2149,.T.);
#2816=ORIENTED_EDGE('',*,*,#2145,.F.);
#2817=ORIENTED_EDGE('',*,*,#2150,.T.);
#2818=ORIENTED_EDGE('',*,*,#2151,.T.);
#2819=ORIENTED_EDGE('',*,*,#2152,.T.);
#2820=ORIENTED_EDGE('',*,*,#2148,.F.);
#2821=ORIENTED_EDGE('',*,*,#2153,.T.);
#2822=ORIENTED_EDGE('',*,*,#2154,.T.);
#2823=ORIENTED_EDGE('',*,*,#2155,.T.);
#2824=ORIENTED_EDGE('',*,*,#2151,.F.);
#2825=ORIENTED_EDGE('',*,*,#2156,.T.);
#2826=ORIENTED_EDGE('',*,*,#2157,.T.);
#2827=ORIENTED_EDGE('',*,*,#2132,.T.);
#2828=ORIENTED_EDGE('',*,*,#2158,.T.);
#2829=ORIENTED_EDGE('',*,*,#2159,.T.);
#2830=ORIENTED_EDGE('',*,*,#2160,.T.);
#2831=ORIENTED_EDGE('',*,*,#2130,.T.);
#2832=ORIENTED_EDGE('',*,*,#2161,.T.);
#2833=ORIENTED_EDGE('',*,*,#2162,.T.);
#2834=ORIENTED_EDGE('',*,*,#2163,.T.);
#2835=ORIENTED_EDGE('',*,*,#2159,.F.);
#2836=ORIENTED_EDGE('',*,*,#2164,.T.);
#2837=ORIENTED_EDGE('',*,*,#2129,.F.);
#2838=ORIENTED_EDGE('',*,*,#2165,.T.);
#2839=ORIENTED_EDGE('',*,*,#2162,.F.);
#2840=ORIENTED_EDGE('',*,*,#2166,.T.);
#2841=ORIENTED_EDGE('',*,*,#2167,.T.);
#2842=ORIENTED_EDGE('',*,*,#2125,.F.);
#2843=ORIENTED_EDGE('',*,*,#2168,.T.);
#2844=ORIENTED_EDGE('',*,*,#2169,.T.);
#2845=ORIENTED_EDGE('',*,*,#2170,.T.);
#2846=ORIENTED_EDGE('',*,*,#2171,.T.);
#2847=ORIENTED_EDGE('',*,*,#2120,.T.);
#2848=ORIENTED_EDGE('',*,*,#2172,.T.);
#2849=ORIENTED_EDGE('',*,*,#2168,.F.);
#2850=ORIENTED_EDGE('',*,*,#2173,.T.);
#2851=ORIENTED_EDGE('',*,*,#2167,.F.);
#2852=ORIENTED_EDGE('',*,*,#2174,.F.);
#2853=ORIENTED_EDGE('',*,*,#2175,.F.);
#2854=ORIENTED_EDGE('',*,*,#2176,.F.);
#2855=ORIENTED_EDGE('',*,*,#2126,.F.);
#2856=ORIENTED_EDGE('',*,*,#2161,.F.);
#2857=ORIENTED_EDGE('',*,*,#2157,.F.);
#2858=ORIENTED_EDGE('',*,*,#2177,.T.);
#2859=ORIENTED_EDGE('',*,*,#2174,.T.);
#2860=ORIENTED_EDGE('',*,*,#2166,.F.);
#2861=ORIENTED_EDGE('',*,*,#2156,.F.);
#2862=ORIENTED_EDGE('',*,*,#2178,.F.);
#2863=ORIENTED_EDGE('',*,*,#2179,.T.);
#2864=ORIENTED_EDGE('',*,*,#2180,.T.);
#2865=ORIENTED_EDGE('',*,*,#2153,.F.);
#2866=ORIENTED_EDGE('',*,*,#2181,.F.);
#2867=ORIENTED_EDGE('',*,*,#2182,.T.);
#2868=ORIENTED_EDGE('',*,*,#2178,.T.);
#2869=ORIENTED_EDGE('',*,*,#2150,.F.);
#2870=ORIENTED_EDGE('',*,*,#2183,.F.);
#2871=ORIENTED_EDGE('',*,*,#2184,.T.);
#2872=ORIENTED_EDGE('',*,*,#2181,.T.);
#2873=ORIENTED_EDGE('',*,*,#2147,.F.);
#2874=ORIENTED_EDGE('',*,*,#2185,.T.);
#2875=ORIENTED_EDGE('',*,*,#2186,.F.);
#2876=ORIENTED_EDGE('',*,*,#2183,.T.);
#2877=ORIENTED_EDGE('',*,*,#2144,.F.);
#2878=ORIENTED_EDGE('',*,*,#2187,.F.);
#2879=ORIENTED_EDGE('',*,*,#2188,.T.);
#2880=ORIENTED_EDGE('',*,*,#2185,.F.);
#2881=ORIENTED_EDGE('',*,*,#2141,.F.);
#2882=ORIENTED_EDGE('',*,*,#2189,.T.);
#2883=ORIENTED_EDGE('',*,*,#2190,.F.);
#2884=ORIENTED_EDGE('',*,*,#2187,.T.);
#2885=ORIENTED_EDGE('',*,*,#2138,.F.);
#2886=ORIENTED_EDGE('',*,*,#2191,.F.);
#2887=ORIENTED_EDGE('',*,*,#2192,.T.);
#2888=ORIENTED_EDGE('',*,*,#2189,.F.);
#2889=ORIENTED_EDGE('',*,*,#2135,.F.);
#2890=ORIENTED_EDGE('',*,*,#2160,.F.);
#2891=ORIENTED_EDGE('',*,*,#2165,.F.);
#2892=ORIENTED_EDGE('',*,*,#2124,.F.);
#2893=ORIENTED_EDGE('',*,*,#2173,.F.);
#2894=ORIENTED_EDGE('',*,*,#2193,.F.);
#2895=ORIENTED_EDGE('',*,*,#2194,.T.);
#2896=ORIENTED_EDGE('',*,*,#2191,.T.);
#2897=ORIENTED_EDGE('',*,*,#2171,.F.);
#2898=ORIENTED_EDGE('',*,*,#2195,.F.);
#2899=ORIENTED_EDGE('',*,*,#2196,.T.);
#2900=ORIENTED_EDGE('',*,*,#2193,.T.);
#2901=ORIENTED_EDGE('',*,*,#2197,.F.);
#2902=ORIENTED_EDGE('',*,*,#2198,.F.);
#2903=ORIENTED_EDGE('',*,*,#2199,.F.);
#2904=ORIENTED_EDGE('',*,*,#2200,.F.);
#2905=ORIENTED_EDGE('',*,*,#2201,.F.);
#2906=ORIENTED_EDGE('',*,*,#2202,.F.);
#2907=ORIENTED_EDGE('',*,*,#2203,.T.);
#2908=ORIENTED_EDGE('',*,*,#2204,.T.);
#2909=ORIENTED_EDGE('',*,*,#2201,.T.);
#2910=ORIENTED_EDGE('',*,*,#2205,.T.);
#2911=ORIENTED_EDGE('',*,*,#2199,.T.);
#2912=ORIENTED_EDGE('',*,*,#2206,.T.);
#2913=ORIENTED_EDGE('',*,*,#2202,.T.);
#2914=ORIENTED_EDGE('',*,*,#2207,.T.);
#2915=ORIENTED_EDGE('',*,*,#2208,.F.);
#2916=ORIENTED_EDGE('',*,*,#2209,.F.);
#2917=ORIENTED_EDGE('',*,*,#2210,.F.);
#2918=ORIENTED_EDGE('',*,*,#2211,.F.);
#2919=ORIENTED_EDGE('',*,*,#2212,.F.);
#2920=ORIENTED_EDGE('',*,*,#2213,.F.);
#2921=ORIENTED_EDGE('',*,*,#2212,.T.);
#2922=ORIENTED_EDGE('',*,*,#2214,.T.);
#2923=ORIENTED_EDGE('',*,*,#2210,.T.);
#2924=ORIENTED_EDGE('',*,*,#2215,.T.);
#2925=ORIENTED_EDGE('',*,*,#2216,.F.);
#2926=ORIENTED_EDGE('',*,*,#2217,.F.);
#2927=ORIENTED_EDGE('',*,*,#2218,.F.);
#2928=ORIENTED_EDGE('',*,*,#2107,.T.);
#2929=ORIENTED_EDGE('',*,*,#2219,.T.);
#2930=ORIENTED_EDGE('',*,*,#2217,.T.);
#2931=ORIENTED_EDGE('',*,*,#2220,.T.);
#2932=ORIENTED_EDGE('',*,*,#2221,.F.);
#2933=ORIENTED_EDGE('',*,*,#2222,.F.);
#2934=ORIENTED_EDGE('',*,*,#2223,.F.);
#2935=ORIENTED_EDGE('',*,*,#2213,.T.);
#2936=ORIENTED_EDGE('',*,*,#2224,.T.);
#2937=ORIENTED_EDGE('',*,*,#2222,.T.);
#2938=ORIENTED_EDGE('',*,*,#2225,.T.);
#2939=ORIENTED_EDGE('',*,*,#2226,.F.);
#2940=ORIENTED_EDGE('',*,*,#2227,.F.);
#2941=ORIENTED_EDGE('',*,*,#2228,.F.);
#2942=ORIENTED_EDGE('',*,*,#2229,.F.);
#2943=ORIENTED_EDGE('',*,*,#2230,.F.);
#2944=ORIENTED_EDGE('',*,*,#2231,.F.);
#2945=ORIENTED_EDGE('',*,*,#2232,.F.);
#2946=ORIENTED_EDGE('',*,*,#2233,.F.);
#2947=ORIENTED_EDGE('',*,*,#2234,.F.);
#2948=ORIENTED_EDGE('',*,*,#2233,.T.);
#2949=ORIENTED_EDGE('',*,*,#2235,.T.);
#2950=ORIENTED_EDGE('',*,*,#2227,.T.);
#2951=ORIENTED_EDGE('',*,*,#2236,.T.);
#2952=ORIENTED_EDGE('',*,*,#2105,.T.);
#2953=ORIENTED_EDGE('',*,*,#2237,.T.);
#2954=ORIENTED_EDGE('',*,*,#2234,.T.);
#2955=ORIENTED_EDGE('',*,*,#2238,.T.);
#2956=ORIENTED_EDGE('',*,*,#2230,.T.);
#2957=ORIENTED_EDGE('',*,*,#2239,.T.);
#2958=ORIENTED_EDGE('',*,*,#2232,.T.);
#2959=ORIENTED_EDGE('',*,*,#2240,.T.);
#2960=ORIENTED_EDGE('',*,*,#2241,.T.);
#2961=ORIENTED_EDGE('',*,*,#2242,.T.);
#2962=ORIENTED_EDGE('',*,*,#2231,.T.);
#2963=ORIENTED_EDGE('',*,*,#2243,.T.);
#2964=ORIENTED_EDGE('',*,*,#2221,.T.);
#2965=ORIENTED_EDGE('',*,*,#2244,.T.);
#2966=ORIENTED_EDGE('',*,*,#2229,.T.);
#2967=ORIENTED_EDGE('',*,*,#2245,.T.);
#2968=ORIENTED_EDGE('',*,*,#2228,.T.);
#2969=ORIENTED_EDGE('',*,*,#2246,.T.);
#2970=ORIENTED_EDGE('',*,*,#2223,.T.);
#2971=ORIENTED_EDGE('',*,*,#2247,.T.);
#2972=ORIENTED_EDGE('',*,*,#2226,.T.);
#2973=ORIENTED_EDGE('',*,*,#2248,.T.);
#2974=ORIENTED_EDGE('',*,*,#2218,.T.);
#2975=ORIENTED_EDGE('',*,*,#2249,.T.);
#2976=ORIENTED_EDGE('',*,*,#2216,.T.);
#2977=ORIENTED_EDGE('',*,*,#2250,.T.);
#2978=ORIENTED_EDGE('',*,*,#2209,.T.);
#2979=ORIENTED_EDGE('',*,*,#2251,.T.);
#2980=ORIENTED_EDGE('',*,*,#2200,.T.);
#2981=ORIENTED_EDGE('',*,*,#2252,.T.);
#2982=ORIENTED_EDGE('',*,*,#2211,.T.);
#2983=ORIENTED_EDGE('',*,*,#2253,.T.);
#2984=ORIENTED_EDGE('',*,*,#2208,.T.);
#2985=ORIENTED_EDGE('',*,*,#2254,.T.);
#2986=ORIENTED_EDGE('',*,*,#2198,.T.);
#2987=ORIENTED_EDGE('',*,*,#2255,.T.);
#2988=ORIENTED_EDGE('',*,*,#2109,.T.);
#2989=ORIENTED_EDGE('',*,*,#2256,.T.);
#2990=ORIENTED_EDGE('',*,*,#2197,.T.);
#2991=ORIENTED_EDGE('',*,*,#2257,.T.);
#2992=ORIENTED_EDGE('',*,*,#2243,.F.);
#2993=ORIENTED_EDGE('',*,*,#2240,.F.);
#2994=ORIENTED_EDGE('',*,*,#2237,.F.);
#2995=ORIENTED_EDGE('',*,*,#2104,.T.);
#2996=ORIENTED_EDGE('',*,*,#2258,.F.);
#2997=ORIENTED_EDGE('',*,*,#2259,.F.);
#2998=ORIENTED_EDGE('',*,*,#2238,.F.);
#2999=ORIENTED_EDGE('',*,*,#2236,.F.);
#3000=ORIENTED_EDGE('',*,*,#2249,.F.);
#3001=ORIENTED_EDGE('',*,*,#2219,.F.);
#3002=ORIENTED_EDGE('',*,*,#2106,.T.);
#3003=ORIENTED_EDGE('',*,*,#2260,.T.);
#3004=ORIENTED_EDGE('',*,*,#2220,.F.);
#3005=ORIENTED_EDGE('',*,*,#2251,.F.);
#3006=ORIENTED_EDGE('',*,*,#2255,.F.);
#3007=ORIENTED_EDGE('',*,*,#2256,.F.);
#3008=ORIENTED_EDGE('',*,*,#2108,.T.);
#3009=ORIENTED_EDGE('',*,*,#2214,.F.);
#3010=ORIENTED_EDGE('',*,*,#2252,.F.);
#3011=ORIENTED_EDGE('',*,*,#2206,.F.);
#3012=ORIENTED_EDGE('',*,*,#2254,.F.);
#3013=ORIENTED_EDGE('',*,*,#2215,.F.);
#3014=ORIENTED_EDGE('',*,*,#2250,.F.);
#3015=ORIENTED_EDGE('',*,*,#2248,.F.);
#3016=ORIENTED_EDGE('',*,*,#2247,.F.);
#3017=ORIENTED_EDGE('',*,*,#2224,.F.);
#3018=ORIENTED_EDGE('',*,*,#2235,.F.);
#3019=ORIENTED_EDGE('',*,*,#2239,.F.);
#3020=ORIENTED_EDGE('',*,*,#2244,.F.);
#3021=ORIENTED_EDGE('',*,*,#2246,.F.);
#3022=ORIENTED_EDGE('',*,*,#2261,.F.);
#3023=ORIENTED_EDGE('',*,*,#2262,.F.);
#3024=ORIENTED_EDGE('',*,*,#2263,.F.);
#3025=ORIENTED_EDGE('',*,*,#2264,.T.);
#3026=ORIENTED_EDGE('',*,*,#2265,.T.);
#3027=ORIENTED_EDGE('',*,*,#2262,.T.);
#3028=ORIENTED_EDGE('',*,*,#2266,.T.);
#3029=ORIENTED_EDGE('',*,*,#2267,.F.);
#3030=ORIENTED_EDGE('',*,*,#2268,.F.);
#3031=ORIENTED_EDGE('',*,*,#2269,.F.);
#3032=ORIENTED_EDGE('',*,*,#2270,.F.);
#3033=ORIENTED_EDGE('',*,*,#2271,.F.);
#3034=ORIENTED_EDGE('',*,*,#2272,.F.);
#3035=ORIENTED_EDGE('',*,*,#2273,.F.);
#3036=ORIENTED_EDGE('',*,*,#2274,.F.);
#3037=ORIENTED_EDGE('',*,*,#2275,.F.);
#3038=ORIENTED_EDGE('',*,*,#2276,.F.);
#3039=ORIENTED_EDGE('',*,*,#2277,.F.);
#3040=ORIENTED_EDGE('',*,*,#2278,.F.);
#3041=ORIENTED_EDGE('',*,*,#2272,.T.);
#3042=ORIENTED_EDGE('',*,*,#2279,.T.);
#3043=ORIENTED_EDGE('',*,*,#2277,.T.);
#3044=ORIENTED_EDGE('',*,*,#2280,.T.);
#3045=ORIENTED_EDGE('',*,*,#2281,.F.);
#3046=ORIENTED_EDGE('',*,*,#2282,.F.);
#3047=ORIENTED_EDGE('',*,*,#2283,.F.);
#3048=ORIENTED_EDGE('',*,*,#2099,.T.);
#3049=ORIENTED_EDGE('',*,*,#2284,.T.);
#3050=ORIENTED_EDGE('',*,*,#2282,.T.);
#3051=ORIENTED_EDGE('',*,*,#2285,.T.);
#3052=ORIENTED_EDGE('',*,*,#2286,.F.);
#3053=ORIENTED_EDGE('',*,*,#2287,.F.);
#3054=ORIENTED_EDGE('',*,*,#2288,.F.);
#3055=ORIENTED_EDGE('',*,*,#2276,.T.);
#3056=ORIENTED_EDGE('',*,*,#2289,.T.);
#3057=ORIENTED_EDGE('',*,*,#2287,.T.);
#3058=ORIENTED_EDGE('',*,*,#2290,.T.);
#3059=ORIENTED_EDGE('',*,*,#2291,.F.);
#3060=ORIENTED_EDGE('',*,*,#2292,.F.);
#3061=ORIENTED_EDGE('',*,*,#2293,.F.);
#3062=ORIENTED_EDGE('',*,*,#2292,.T.);
#3063=ORIENTED_EDGE('',*,*,#2294,.T.);
#3064=ORIENTED_EDGE('',*,*,#2278,.T.);
#3065=ORIENTED_EDGE('',*,*,#2295,.T.);
#3066=ORIENTED_EDGE('',*,*,#2293,.T.);
#3067=ORIENTED_EDGE('',*,*,#2296,.T.);
#3068=ORIENTED_EDGE('',*,*,#2283,.T.);
#3069=ORIENTED_EDGE('',*,*,#2297,.T.);
#3070=ORIENTED_EDGE('',*,*,#2298,.F.);
#3071=ORIENTED_EDGE('',*,*,#2299,.F.);
#3072=ORIENTED_EDGE('',*,*,#2300,.F.);
#3073=ORIENTED_EDGE('',*,*,#2288,.T.);
#3074=ORIENTED_EDGE('',*,*,#2301,.T.);
#3075=ORIENTED_EDGE('',*,*,#2299,.T.);
#3076=ORIENTED_EDGE('',*,*,#2302,.T.);
#3077=ORIENTED_EDGE('',*,*,#2300,.T.);
#3078=ORIENTED_EDGE('',*,*,#2303,.T.);
#3079=ORIENTED_EDGE('',*,*,#2291,.T.);
#3080=ORIENTED_EDGE('',*,*,#2304,.T.);
#3081=ORIENTED_EDGE('',*,*,#2097,.T.);
#3082=ORIENTED_EDGE('',*,*,#2305,.T.);
#3083=ORIENTED_EDGE('',*,*,#2298,.T.);
#3084=ORIENTED_EDGE('',*,*,#2306,.T.);
#3085=ORIENTED_EDGE('',*,*,#2307,.T.);
#3086=ORIENTED_EDGE('',*,*,#2308,.T.);
#3087=ORIENTED_EDGE('',*,*,#2286,.T.);
#3088=ORIENTED_EDGE('',*,*,#2309,.T.);
#3089=ORIENTED_EDGE('',*,*,#2281,.T.);
#3090=ORIENTED_EDGE('',*,*,#2310,.T.);
#3091=ORIENTED_EDGE('',*,*,#2274,.T.);
#3092=ORIENTED_EDGE('',*,*,#2311,.T.);
#3093=ORIENTED_EDGE('',*,*,#2271,.T.);
#3094=ORIENTED_EDGE('',*,*,#2312,.T.);
#3095=ORIENTED_EDGE('',*,*,#2275,.T.);
#3096=ORIENTED_EDGE('',*,*,#2313,.T.);
#3097=ORIENTED_EDGE('',*,*,#2273,.T.);
#3098=ORIENTED_EDGE('',*,*,#2314,.T.);
#3099=ORIENTED_EDGE('',*,*,#2268,.T.);
#3100=ORIENTED_EDGE('',*,*,#2315,.T.);
#3101=ORIENTED_EDGE('',*,*,#2261,.T.);
#3102=ORIENTED_EDGE('',*,*,#2316,.T.);
#3103=ORIENTED_EDGE('',*,*,#2270,.T.);
#3104=ORIENTED_EDGE('',*,*,#2317,.T.);
#3105=ORIENTED_EDGE('',*,*,#2269,.T.);
#3106=ORIENTED_EDGE('',*,*,#2318,.T.);
#3107=ORIENTED_EDGE('',*,*,#2263,.T.);
#3108=ORIENTED_EDGE('',*,*,#2319,.T.);
#3109=ORIENTED_EDGE('',*,*,#2101,.T.);
#3110=ORIENTED_EDGE('',*,*,#2320,.T.);
#3111=ORIENTED_EDGE('',*,*,#2267,.T.);
#3112=ORIENTED_EDGE('',*,*,#2321,.T.);
#3113=ORIENTED_EDGE('',*,*,#2309,.F.);
#3114=ORIENTED_EDGE('',*,*,#2302,.F.);
#3115=ORIENTED_EDGE('',*,*,#2305,.F.);
#3116=ORIENTED_EDGE('',*,*,#2096,.T.);
#3117=ORIENTED_EDGE('',*,*,#2046,.F.);
#3118=ORIENTED_EDGE('',*,*,#2112,.F.);
#3119=ORIENTED_EDGE('',*,*,#2322,.F.);
#3120=ORIENTED_EDGE('',*,*,#2306,.F.);
#3121=ORIENTED_EDGE('',*,*,#2304,.F.);
#3122=ORIENTED_EDGE('',*,*,#2297,.F.);
#3123=ORIENTED_EDGE('',*,*,#2284,.F.);
#3124=ORIENTED_EDGE('',*,*,#2098,.T.);
#3125=ORIENTED_EDGE('',*,*,#2285,.F.);
#3126=ORIENTED_EDGE('',*,*,#2311,.F.);
#3127=ORIENTED_EDGE('',*,*,#2315,.F.);
#3128=ORIENTED_EDGE('',*,*,#2320,.F.);
#3129=ORIENTED_EDGE('',*,*,#2100,.T.);
#3130=ORIENTED_EDGE('',*,*,#2323,.T.);
#3131=ORIENTED_EDGE('',*,*,#2279,.F.);
#3132=ORIENTED_EDGE('',*,*,#2313,.F.);
#3133=ORIENTED_EDGE('',*,*,#2310,.F.);
#3134=ORIENTED_EDGE('',*,*,#2296,.F.);
#3135=ORIENTED_EDGE('',*,*,#2295,.F.);
#3136=ORIENTED_EDGE('',*,*,#2289,.F.);
#3137=ORIENTED_EDGE('',*,*,#2294,.F.);
#3138=ORIENTED_EDGE('',*,*,#2303,.F.);
#3139=ORIENTED_EDGE('',*,*,#2301,.F.);
#3140=ORIENTED_EDGE('',*,*,#2312,.F.);
#3141=ORIENTED_EDGE('',*,*,#2316,.F.);
#3142=ORIENTED_EDGE('',*,*,#2318,.F.);
#3143=ORIENTED_EDGE('',*,*,#2314,.F.);
#3144=ORIENTED_EDGE('',*,*,#2324,.T.);
#3145=ORIENTED_EDGE('',*,*,#2325,.T.);
#3146=ORIENTED_EDGE('',*,*,#2326,.T.);
#3147=ORIENTED_EDGE('',*,*,#2327,.T.);
#3148=ORIENTED_EDGE('',*,*,#2328,.T.);
#3149=ORIENTED_EDGE('',*,*,#2329,.T.);
#3150=ORIENTED_EDGE('',*,*,#2330,.T.);
#3151=ORIENTED_EDGE('',*,*,#2325,.F.);
#3152=ORIENTED_EDGE('',*,*,#2331,.T.);
#3153=ORIENTED_EDGE('',*,*,#2332,.T.);
#3154=ORIENTED_EDGE('',*,*,#2329,.F.);
#3155=ORIENTED_EDGE('',*,*,#2333,.T.);
#3156=ORIENTED_EDGE('',*,*,#2334,.T.);
#3157=ORIENTED_EDGE('',*,*,#2335,.T.);
#3158=ORIENTED_EDGE('',*,*,#2331,.F.);
#3159=ORIENTED_EDGE('',*,*,#2336,.T.);
#3160=ORIENTED_EDGE('',*,*,#2337,.T.);
#3161=ORIENTED_EDGE('',*,*,#2338,.T.);
#3162=ORIENTED_EDGE('',*,*,#2334,.F.);
#3163=ORIENTED_EDGE('',*,*,#2339,.T.);
#3164=ORIENTED_EDGE('',*,*,#2340,.T.);
#3165=ORIENTED_EDGE('',*,*,#2341,.T.);
#3166=ORIENTED_EDGE('',*,*,#2337,.F.);
#3167=ORIENTED_EDGE('',*,*,#2342,.T.);
#3168=ORIENTED_EDGE('',*,*,#2343,.T.);
#3169=ORIENTED_EDGE('',*,*,#2340,.F.);
#3170=ORIENTED_EDGE('',*,*,#2344,.T.);
#3171=ORIENTED_EDGE('',*,*,#2345,.T.);
#3172=ORIENTED_EDGE('',*,*,#2346,.T.);
#3173=ORIENTED_EDGE('',*,*,#2347,.T.);
#3174=ORIENTED_EDGE('',*,*,#2348,.T.);
#3175=ORIENTED_EDGE('',*,*,#2345,.F.);
#3176=ORIENTED_EDGE('',*,*,#2349,.T.);
#3177=ORIENTED_EDGE('',*,*,#2347,.F.);
#3178=ORIENTED_EDGE('',*,*,#2350,.T.);
#3179=ORIENTED_EDGE('',*,*,#2327,.F.);
#3180=ORIENTED_EDGE('',*,*,#2341,.F.);
#3181=ORIENTED_EDGE('',*,*,#2351,.F.);
#3182=ORIENTED_EDGE('',*,*,#2352,.F.);
#3183=ORIENTED_EDGE('',*,*,#2353,.T.);
#3184=ORIENTED_EDGE('',*,*,#2354,.F.);
#3185=ORIENTED_EDGE('',*,*,#2355,.F.);
#3186=ORIENTED_EDGE('',*,*,#2356,.F.);
#3187=ORIENTED_EDGE('',*,*,#2357,.F.);
#3188=ORIENTED_EDGE('',*,*,#2358,.F.);
#3189=ORIENTED_EDGE('',*,*,#2343,.F.);
#3190=ORIENTED_EDGE('',*,*,#2359,.T.);
#3191=ORIENTED_EDGE('',*,*,#2076,.F.);
#3192=ORIENTED_EDGE('',*,*,#2360,.F.);
#3193=ORIENTED_EDGE('',*,*,#2351,.T.);
#3194=ORIENTED_EDGE('',*,*,#2348,.F.);
#3195=ORIENTED_EDGE('',*,*,#2361,.F.);
#3196=ORIENTED_EDGE('',*,*,#2077,.T.);
#3197=ORIENTED_EDGE('',*,*,#2359,.F.);
#3198=ORIENTED_EDGE('',*,*,#2349,.F.);
#3199=ORIENTED_EDGE('',*,*,#2362,.F.);
#3200=ORIENTED_EDGE('',*,*,#2363,.F.);
#3201=ORIENTED_EDGE('',*,*,#2364,.F.);
#3202=ORIENTED_EDGE('',*,*,#2365,.F.);
#3203=ORIENTED_EDGE('',*,*,#2078,.F.);
#3204=ORIENTED_EDGE('',*,*,#2361,.T.);
#3205=ORIENTED_EDGE('',*,*,#2326,.F.);
#3206=ORIENTED_EDGE('',*,*,#2366,.F.);
#3207=ORIENTED_EDGE('',*,*,#2367,.F.);
#3208=ORIENTED_EDGE('',*,*,#2368,.F.);
#3209=ORIENTED_EDGE('',*,*,#2369,.F.);
#3210=ORIENTED_EDGE('',*,*,#2370,.T.);
#3211=ORIENTED_EDGE('',*,*,#2371,.T.);
#3212=ORIENTED_EDGE('',*,*,#2362,.T.);
#3213=ORIENTED_EDGE('',*,*,#2324,.F.);
#3214=ORIENTED_EDGE('',*,*,#2350,.F.);
#3215=ORIENTED_EDGE('',*,*,#2346,.F.);
#3216=ORIENTED_EDGE('',*,*,#2344,.F.);
#3217=ORIENTED_EDGE('',*,*,#2342,.F.);
#3218=ORIENTED_EDGE('',*,*,#2339,.F.);
#3219=ORIENTED_EDGE('',*,*,#2336,.F.);
#3220=ORIENTED_EDGE('',*,*,#2333,.F.);
#3221=ORIENTED_EDGE('',*,*,#2328,.F.);
#3222=ORIENTED_EDGE('',*,*,#2372,.T.);
#3223=ORIENTED_EDGE('',*,*,#2373,.T.);
#3224=ORIENTED_EDGE('',*,*,#2374,.T.);
#3225=ORIENTED_EDGE('',*,*,#2375,.T.);
#3226=ORIENTED_EDGE('',*,*,#2367,.T.);
#3227=ORIENTED_EDGE('',*,*,#2376,.T.);
#3228=ORIENTED_EDGE('',*,*,#2373,.F.);
#3229=ORIENTED_EDGE('',*,*,#2377,.T.);
#3230=ORIENTED_EDGE('',*,*,#2378,.T.);
#3231=ORIENTED_EDGE('',*,*,#2375,.F.);
#3232=ORIENTED_EDGE('',*,*,#2379,.T.);
#3233=ORIENTED_EDGE('',*,*,#2380,.T.);
#3234=ORIENTED_EDGE('',*,*,#2381,.T.);
#3235=ORIENTED_EDGE('',*,*,#2369,.T.);
#3236=ORIENTED_EDGE('',*,*,#2382,.T.);
#3237=ORIENTED_EDGE('',*,*,#2380,.F.);
#3238=ORIENTED_EDGE('',*,*,#2377,.F.);
#3239=ORIENTED_EDGE('',*,*,#2372,.F.);
#3240=ORIENTED_EDGE('',*,*,#2378,.F.);
#3241=ORIENTED_EDGE('',*,*,#2382,.F.);
#3242=ORIENTED_EDGE('',*,*,#2368,.T.);
#3243=ORIENTED_EDGE('',*,*,#2383,.T.);
#3244=ORIENTED_EDGE('',*,*,#2384,.T.);
#3245=ORIENTED_EDGE('',*,*,#2385,.T.);
#3246=ORIENTED_EDGE('',*,*,#2386,.T.);
#3247=ORIENTED_EDGE('',*,*,#2385,.F.);
#3248=ORIENTED_EDGE('',*,*,#2387,.T.);
#3249=ORIENTED_EDGE('',*,*,#2388,.T.);
#3250=ORIENTED_EDGE('',*,*,#2389,.T.);
#3251=ORIENTED_EDGE('',*,*,#2388,.F.);
#3252=ORIENTED_EDGE('',*,*,#2390,.T.);
#3253=ORIENTED_EDGE('',*,*,#2391,.T.);
#3254=ORIENTED_EDGE('',*,*,#2392,.T.);
#3255=ORIENTED_EDGE('',*,*,#2391,.F.);
#3256=ORIENTED_EDGE('',*,*,#2393,.T.);
#3257=ORIENTED_EDGE('',*,*,#2394,.T.);
#3258=ORIENTED_EDGE('',*,*,#2395,.T.);
#3259=ORIENTED_EDGE('',*,*,#2394,.F.);
#3260=ORIENTED_EDGE('',*,*,#2354,.T.);
#3261=ORIENTED_EDGE('',*,*,#2396,.T.);
#3262=ORIENTED_EDGE('',*,*,#2397,.T.);
#3263=ORIENTED_EDGE('',*,*,#2396,.F.);
#3264=ORIENTED_EDGE('',*,*,#2398,.T.);
#3265=ORIENTED_EDGE('',*,*,#2399,.T.);
#3266=ORIENTED_EDGE('',*,*,#2400,.T.);
#3267=ORIENTED_EDGE('',*,*,#2399,.F.);
#3268=ORIENTED_EDGE('',*,*,#2401,.T.);
#3269=ORIENTED_EDGE('',*,*,#2402,.T.);
#3270=ORIENTED_EDGE('',*,*,#2403,.T.);
#3271=ORIENTED_EDGE('',*,*,#2402,.F.);
#3272=ORIENTED_EDGE('',*,*,#2404,.T.);
#3273=ORIENTED_EDGE('',*,*,#2405,.T.);
#3274=ORIENTED_EDGE('',*,*,#2406,.T.);
#3275=ORIENTED_EDGE('',*,*,#2405,.F.);
#3276=ORIENTED_EDGE('',*,*,#2407,.T.);
#3277=ORIENTED_EDGE('',*,*,#2408,.T.);
#3278=ORIENTED_EDGE('',*,*,#2409,.T.);
#3279=ORIENTED_EDGE('',*,*,#2408,.F.);
#3280=ORIENTED_EDGE('',*,*,#2410,.T.);
#3281=ORIENTED_EDGE('',*,*,#2411,.T.);
#3282=ORIENTED_EDGE('',*,*,#2412,.T.);
#3283=ORIENTED_EDGE('',*,*,#2411,.F.);
#3284=ORIENTED_EDGE('',*,*,#2413,.T.);
#3285=ORIENTED_EDGE('',*,*,#2414,.T.);
#3286=ORIENTED_EDGE('',*,*,#2415,.T.);
#3287=ORIENTED_EDGE('',*,*,#2414,.F.);
#3288=ORIENTED_EDGE('',*,*,#2416,.T.);
#3289=ORIENTED_EDGE('',*,*,#2417,.T.);
#3290=ORIENTED_EDGE('',*,*,#2418,.T.);
#3291=ORIENTED_EDGE('',*,*,#2417,.F.);
#3292=ORIENTED_EDGE('',*,*,#2419,.T.);
#3293=ORIENTED_EDGE('',*,*,#2420,.T.);
#3294=ORIENTED_EDGE('',*,*,#2421,.T.);
#3295=ORIENTED_EDGE('',*,*,#2420,.F.);
#3296=ORIENTED_EDGE('',*,*,#2422,.T.);
#3297=ORIENTED_EDGE('',*,*,#2423,.T.);
#3298=ORIENTED_EDGE('',*,*,#2424,.T.);
#3299=ORIENTED_EDGE('',*,*,#2423,.F.);
#3300=ORIENTED_EDGE('',*,*,#2425,.T.);
#3301=ORIENTED_EDGE('',*,*,#2426,.T.);
#3302=ORIENTED_EDGE('',*,*,#2427,.T.);
#3303=ORIENTED_EDGE('',*,*,#2426,.F.);
#3304=ORIENTED_EDGE('',*,*,#2428,.T.);
#3305=ORIENTED_EDGE('',*,*,#2383,.F.);
#3306=ORIENTED_EDGE('',*,*,#2429,.T.);
#3307=ORIENTED_EDGE('',*,*,#2404,.F.);
#3308=ORIENTED_EDGE('',*,*,#2430,.T.);
#3309=ORIENTED_EDGE('',*,*,#2431,.F.);
#3310=ORIENTED_EDGE('',*,*,#2432,.T.);
#3311=ORIENTED_EDGE('',*,*,#2401,.F.);
#3312=ORIENTED_EDGE('',*,*,#2433,.F.);
#3313=ORIENTED_EDGE('',*,*,#2434,.F.);
#3314=ORIENTED_EDGE('',*,*,#2430,.F.);
#3315=ORIENTED_EDGE('',*,*,#2398,.F.);
#3316=ORIENTED_EDGE('',*,*,#2353,.F.);
#3317=ORIENTED_EDGE('',*,*,#2435,.F.);
#3318=ORIENTED_EDGE('',*,*,#2433,.T.);
#3319=ORIENTED_EDGE('',*,*,#2393,.F.);
#3320=ORIENTED_EDGE('',*,*,#2436,.T.);
#3321=ORIENTED_EDGE('',*,*,#2437,.T.);
#3322=ORIENTED_EDGE('',*,*,#2355,.T.);
#3323=ORIENTED_EDGE('',*,*,#2390,.F.);
#3324=ORIENTED_EDGE('',*,*,#2438,.F.);
#3325=ORIENTED_EDGE('',*,*,#2439,.F.);
#3326=ORIENTED_EDGE('',*,*,#2436,.F.);
#3327=ORIENTED_EDGE('',*,*,#2387,.F.);
#3328=ORIENTED_EDGE('',*,*,#2440,.T.);
#3329=ORIENTED_EDGE('',*,*,#2441,.F.);
#3330=ORIENTED_EDGE('',*,*,#2438,.T.);
#3331=ORIENTED_EDGE('',*,*,#2330,.F.);
#3332=ORIENTED_EDGE('',*,*,#2442,.F.);
#3333=ORIENTED_EDGE('',*,*,#2443,.F.);
#3334=ORIENTED_EDGE('',*,*,#2444,.F.);
#3335=ORIENTED_EDGE('',*,*,#2440,.F.);
#3336=ORIENTED_EDGE('',*,*,#2384,.F.);
#3337=ORIENTED_EDGE('',*,*,#2445,.F.);
#3338=ORIENTED_EDGE('',*,*,#2446,.F.);
#3339=ORIENTED_EDGE('',*,*,#2447,.F.);
#3340=ORIENTED_EDGE('',*,*,#2376,.F.);
#3341=ORIENTED_EDGE('',*,*,#2366,.T.);
#3342=ORIENTED_EDGE('',*,*,#2412,.F.);
#3343=ORIENTED_EDGE('',*,*,#2448,.T.);
#3344=ORIENTED_EDGE('',*,*,#1975,.T.);
#3345=ORIENTED_EDGE('',*,*,#2449,.F.);
#3346=ORIENTED_EDGE('',*,*,#2415,.F.);
#3347=ORIENTED_EDGE('',*,*,#2450,.T.);
#3348=ORIENTED_EDGE('',*,*,#1976,.T.);
#3349=ORIENTED_EDGE('',*,*,#2448,.F.);
#3350=ORIENTED_EDGE('',*,*,#2418,.F.);
#3351=ORIENTED_EDGE('',*,*,#2451,.T.);
#3352=ORIENTED_EDGE('',*,*,#1977,.T.);
#3353=ORIENTED_EDGE('',*,*,#2450,.F.);
#3354=ORIENTED_EDGE('',*,*,#2421,.F.);
#3355=ORIENTED_EDGE('',*,*,#2452,.T.);
#3356=ORIENTED_EDGE('',*,*,#1978,.T.);
#3357=ORIENTED_EDGE('',*,*,#2451,.F.);
#3358=ORIENTED_EDGE('',*,*,#2424,.F.);
#3359=ORIENTED_EDGE('',*,*,#2453,.T.);
#3360=ORIENTED_EDGE('',*,*,#1979,.T.);
#3361=ORIENTED_EDGE('',*,*,#2452,.F.);
#3362=ORIENTED_EDGE('',*,*,#2427,.F.);
#3363=ORIENTED_EDGE('',*,*,#2454,.T.);
#3364=ORIENTED_EDGE('',*,*,#1980,.T.);
#3365=ORIENTED_EDGE('',*,*,#2453,.F.);
#3366=ORIENTED_EDGE('',*,*,#2429,.F.);
#3367=ORIENTED_EDGE('',*,*,#2455,.F.);
#3368=ORIENTED_EDGE('',*,*,#1981,.T.);
#3369=ORIENTED_EDGE('',*,*,#2454,.F.);
#3370=ORIENTED_EDGE('',*,*,#2386,.F.);
#3371=ORIENTED_EDGE('',*,*,#2456,.T.);
#3372=ORIENTED_EDGE('',*,*,#1966,.T.);
#3373=ORIENTED_EDGE('',*,*,#2455,.T.);
#3374=ORIENTED_EDGE('',*,*,#2457,.T.);
#3375=ORIENTED_EDGE('',*,*,#2083,.T.);
#3376=ORIENTED_EDGE('',*,*,#2458,.T.);
#3377=ORIENTED_EDGE('',*,*,#2446,.T.);
#3378=ORIENTED_EDGE('',*,*,#2459,.T.);
#3379=ORIENTED_EDGE('',*,*,#2084,.T.);
#3380=ORIENTED_EDGE('',*,*,#2457,.F.);
#3381=ORIENTED_EDGE('',*,*,#2460,.T.);
#3382=ORIENTED_EDGE('',*,*,#2461,.T.);
#3383=ORIENTED_EDGE('',*,*,#2085,.T.);
#3384=ORIENTED_EDGE('',*,*,#2459,.F.);
#3385=ORIENTED_EDGE('',*,*,#2462,.T.);
#3386=ORIENTED_EDGE('',*,*,#2463,.T.);
#3387=ORIENTED_EDGE('',*,*,#2086,.T.);
#3388=ORIENTED_EDGE('',*,*,#2461,.F.);
#3389=ORIENTED_EDGE('',*,*,#2464,.T.);
#3390=ORIENTED_EDGE('',*,*,#2465,.T.);
#3391=ORIENTED_EDGE('',*,*,#2087,.T.);
#3392=ORIENTED_EDGE('',*,*,#2463,.F.);
#3393=ORIENTED_EDGE('',*,*,#2466,.T.);
#3394=ORIENTED_EDGE('',*,*,#2467,.T.);
#3395=ORIENTED_EDGE('',*,*,#2088,.T.);
#3396=ORIENTED_EDGE('',*,*,#2465,.F.);
#3397=ORIENTED_EDGE('',*,*,#2468,.T.);
#3398=ORIENTED_EDGE('',*,*,#2469,.T.);
#3399=ORIENTED_EDGE('',*,*,#2089,.T.);
#3400=ORIENTED_EDGE('',*,*,#2467,.F.);
#3401=ORIENTED_EDGE('',*,*,#2470,.T.);
#3402=ORIENTED_EDGE('',*,*,#2471,.T.);
#3403=ORIENTED_EDGE('',*,*,#2090,.T.);
#3404=ORIENTED_EDGE('',*,*,#2469,.F.);
#3405=ORIENTED_EDGE('',*,*,#2472,.T.);
#3406=ORIENTED_EDGE('',*,*,#2473,.T.);
#3407=ORIENTED_EDGE('',*,*,#2091,.T.);
#3408=ORIENTED_EDGE('',*,*,#2471,.F.);
#3409=ORIENTED_EDGE('',*,*,#2474,.T.);
#3410=ORIENTED_EDGE('',*,*,#2475,.T.);
#3411=ORIENTED_EDGE('',*,*,#2092,.T.);
#3412=ORIENTED_EDGE('',*,*,#2473,.F.);
#3413=ORIENTED_EDGE('',*,*,#2431,.T.);
#3414=ORIENTED_EDGE('',*,*,#2476,.T.);
#3415=ORIENTED_EDGE('',*,*,#2093,.T.);
#3416=ORIENTED_EDGE('',*,*,#2475,.F.);
#3417=ORIENTED_EDGE('',*,*,#2434,.T.);
#3418=ORIENTED_EDGE('',*,*,#2477,.T.);
#3419=ORIENTED_EDGE('',*,*,#2094,.T.);
#3420=ORIENTED_EDGE('',*,*,#2476,.F.);
#3421=ORIENTED_EDGE('',*,*,#2435,.T.);
#3422=ORIENTED_EDGE('',*,*,#2360,.T.);
#3423=ORIENTED_EDGE('',*,*,#2075,.T.);
#3424=ORIENTED_EDGE('',*,*,#2477,.F.);
#3425=ORIENTED_EDGE('',*,*,#2352,.T.);
#3426=ORIENTED_EDGE('',*,*,#2407,.F.);
#3427=ORIENTED_EDGE('',*,*,#2432,.F.);
#3428=ORIENTED_EDGE('',*,*,#2474,.F.);
#3429=ORIENTED_EDGE('',*,*,#2478,.F.);
#3430=ORIENTED_EDGE('',*,*,#2410,.F.);
#3431=ORIENTED_EDGE('',*,*,#2478,.T.);
#3432=ORIENTED_EDGE('',*,*,#2472,.F.);
#3433=ORIENTED_EDGE('',*,*,#2479,.T.);
#3434=ORIENTED_EDGE('',*,*,#2413,.F.);
#3435=ORIENTED_EDGE('',*,*,#2479,.F.);
#3436=ORIENTED_EDGE('',*,*,#2470,.F.);
#3437=ORIENTED_EDGE('',*,*,#2480,.F.);
#3438=ORIENTED_EDGE('',*,*,#2416,.F.);
#3439=ORIENTED_EDGE('',*,*,#2480,.T.);
#3440=ORIENTED_EDGE('',*,*,#2468,.F.);
#3441=ORIENTED_EDGE('',*,*,#2481,.T.);
#3442=ORIENTED_EDGE('',*,*,#2419,.F.);
#3443=ORIENTED_EDGE('',*,*,#2481,.F.);
#3444=ORIENTED_EDGE('',*,*,#2466,.F.);
#3445=ORIENTED_EDGE('',*,*,#2482,.F.);
#3446=ORIENTED_EDGE('',*,*,#2422,.F.);
#3447=ORIENTED_EDGE('',*,*,#2482,.T.);
#3448=ORIENTED_EDGE('',*,*,#2464,.F.);
#3449=ORIENTED_EDGE('',*,*,#2483,.T.);
#3450=ORIENTED_EDGE('',*,*,#2425,.F.);
#3451=ORIENTED_EDGE('',*,*,#2483,.F.);
#3452=ORIENTED_EDGE('',*,*,#2462,.F.);
#3453=ORIENTED_EDGE('',*,*,#2484,.T.);
#3454=ORIENTED_EDGE('',*,*,#2428,.F.);
#3455=ORIENTED_EDGE('',*,*,#2484,.F.);
#3456=ORIENTED_EDGE('',*,*,#2460,.F.);
#3457=ORIENTED_EDGE('',*,*,#2445,.T.);
#3458=ORIENTED_EDGE('',*,*,#2308,.F.);
#3459=ORIENTED_EDGE('',*,*,#2485,.T.);
#3460=ORIENTED_EDGE('',*,*,#2266,.F.);
#3461=ORIENTED_EDGE('',*,*,#2317,.F.);
#3462=ORIENTED_EDGE('',*,*,#2280,.F.);
#3463=ORIENTED_EDGE('',*,*,#2290,.F.);
#3464=ORIENTED_EDGE('',*,*,#2260,.F.);
#3465=ORIENTED_EDGE('',*,*,#2486,.T.);
#3466=ORIENTED_EDGE('',*,*,#2487,.T.);
#3467=ORIENTED_EDGE('',*,*,#2486,.F.);
#3468=ORIENTED_EDGE('',*,*,#2487,.F.);
#3469=ORIENTED_EDGE('',*,*,#2323,.F.);
#3470=ORIENTED_EDGE('',*,*,#2488,.T.);
#3471=ORIENTED_EDGE('',*,*,#2489,.T.);
#3472=ORIENTED_EDGE('',*,*,#2488,.F.);
#3473=ORIENTED_EDGE('',*,*,#2489,.F.);
#3474=ORIENTED_EDGE('',*,*,#2379,.F.);
#3475=ORIENTED_EDGE('',*,*,#2490,.F.);
#3476=ORIENTED_EDGE('',*,*,#2081,.T.);
#3477=ORIENTED_EDGE('',*,*,#2491,.F.);
#3478=ORIENTED_EDGE('',*,*,#2242,.F.);
#3479=ORIENTED_EDGE('',*,*,#2492,.T.);
#3480=ORIENTED_EDGE('',*,*,#2205,.F.);
#3481=ORIENTED_EDGE('',*,*,#2253,.F.);
#3482=ORIENTED_EDGE('',*,*,#2225,.F.);
#3483=ORIENTED_EDGE('',*,*,#2245,.F.);
#3484=ORIENTED_EDGE('',*,*,#2057,.F.);
#3485=ORIENTED_EDGE('',*,*,#2493,.T.);
#3486=ORIENTED_EDGE('',*,*,#2494,.T.);
#3487=ORIENTED_EDGE('',*,*,#2495,.F.);
#3488=ORIENTED_EDGE('',*,*,#2258,.T.);
#3489=ORIENTED_EDGE('',*,*,#2103,.F.);
#3490=ORIENTED_EDGE('',*,*,#2496,.T.);
#3491=ORIENTED_EDGE('',*,*,#2497,.T.);
#3492=ORIENTED_EDGE('',*,*,#2498,.T.);
#3493=ORIENTED_EDGE('',*,*,#2203,.F.);
#3494=ORIENTED_EDGE('',*,*,#2492,.F.);
#3495=ORIENTED_EDGE('',*,*,#2241,.F.);
#3496=ORIENTED_EDGE('',*,*,#2259,.T.);
#3497=ORIENTED_EDGE('',*,*,#2497,.F.);
#3498=ORIENTED_EDGE('',*,*,#2499,.T.);
#3499=ORIENTED_EDGE('',*,*,#2264,.F.);
#3500=ORIENTED_EDGE('',*,*,#2485,.F.);
#3501=ORIENTED_EDGE('',*,*,#2307,.F.);
#3502=ORIENTED_EDGE('',*,*,#2322,.T.);
#3503=ORIENTED_EDGE('',*,*,#2111,.F.);
#3504=ORIENTED_EDGE('',*,*,#2114,.T.);
#3505=ORIENTED_EDGE('',*,*,#2116,.F.);
#3506=ORIENTED_EDGE('',*,*,#2118,.T.);
#3507=ORIENTED_EDGE('',*,*,#2119,.F.);
#3508=ORIENTED_EDGE('',*,*,#2072,.F.);
#3509=ORIENTED_EDGE('',*,*,#2500,.F.);
#3510=ORIENTED_EDGE('',*,*,#2179,.F.);
#3511=ORIENTED_EDGE('',*,*,#2182,.F.);
#3512=ORIENTED_EDGE('',*,*,#2184,.F.);
#3513=ORIENTED_EDGE('',*,*,#2186,.T.);
#3514=ORIENTED_EDGE('',*,*,#2188,.F.);
#3515=ORIENTED_EDGE('',*,*,#2190,.T.);
#3516=ORIENTED_EDGE('',*,*,#2192,.F.);
#3517=ORIENTED_EDGE('',*,*,#2194,.F.);
#3518=ORIENTED_EDGE('',*,*,#2196,.F.);
#3519=ORIENTED_EDGE('',*,*,#2501,.F.);
#3520=ORIENTED_EDGE('',*,*,#2069,.F.);
#3521=ORIENTED_EDGE('',*,*,#2502,.F.);
#3522=ORIENTED_EDGE('',*,*,#2503,.T.);
#3523=ORIENTED_EDGE('',*,*,#2504,.F.);
#3524=ORIENTED_EDGE('',*,*,#2505,.T.);
#3525=ORIENTED_EDGE('',*,*,#2494,.F.);
#3526=ORIENTED_EDGE('',*,*,#2265,.F.);
#3527=ORIENTED_EDGE('',*,*,#2499,.F.);
#3528=ORIENTED_EDGE('',*,*,#2496,.F.);
#3529=ORIENTED_EDGE('',*,*,#2102,.T.);
#3530=ORIENTED_EDGE('',*,*,#2321,.F.);
#3531=ORIENTED_EDGE('',*,*,#2319,.F.);
#3532=ORIENTED_EDGE('',*,*,#2204,.F.);
#3533=ORIENTED_EDGE('',*,*,#2498,.F.);
#3534=ORIENTED_EDGE('',*,*,#2493,.F.);
#3535=ORIENTED_EDGE('',*,*,#2056,.F.);
#3536=ORIENTED_EDGE('',*,*,#2095,.T.);
#3537=ORIENTED_EDGE('',*,*,#2257,.F.);
#3538=ORIENTED_EDGE('',*,*,#2207,.F.);
#3539=ORIENTED_EDGE('',*,*,#2123,.F.);
#3540=ORIENTED_EDGE('',*,*,#2176,.T.);
#3541=ORIENTED_EDGE('',*,*,#2506,.F.);
#3542=ORIENTED_EDGE('',*,*,#2128,.F.);
#3543=ORIENTED_EDGE('',*,*,#2163,.F.);
#3544=ORIENTED_EDGE('',*,*,#2506,.T.);
#3545=ORIENTED_EDGE('',*,*,#2175,.T.);
#3546=ORIENTED_EDGE('',*,*,#2177,.F.);
#3547=ORIENTED_EDGE('',*,*,#2066,.F.);
#3548=ORIENTED_EDGE('',*,*,#2507,.T.);
#3549=ORIENTED_EDGE('',*,*,#2503,.F.);
#3550=ORIENTED_EDGE('',*,*,#2508,.T.);
#3551=ORIENTED_EDGE('',*,*,#2068,.F.);
#3552=ORIENTED_EDGE('',*,*,#2508,.F.);
#3553=ORIENTED_EDGE('',*,*,#2502,.T.);
#3554=ORIENTED_EDGE('',*,*,#2071,.F.);
#3555=ORIENTED_EDGE('',*,*,#2060,.F.);
#3556=ORIENTED_EDGE('',*,*,#2495,.T.);
#3557=ORIENTED_EDGE('',*,*,#2505,.F.);
#3558=ORIENTED_EDGE('',*,*,#2509,.T.);
#3559=ORIENTED_EDGE('',*,*,#2063,.F.);
#3560=ORIENTED_EDGE('',*,*,#2509,.F.);
#3561=ORIENTED_EDGE('',*,*,#2504,.T.);
#3562=ORIENTED_EDGE('',*,*,#2507,.F.);
#3563=ORIENTED_EDGE('',*,*,#2155,.F.);
#3564=ORIENTED_EDGE('',*,*,#2510,.F.);
#3565=ORIENTED_EDGE('',*,*,#2169,.F.);
#3566=ORIENTED_EDGE('',*,*,#2172,.F.);
#3567=ORIENTED_EDGE('',*,*,#2127,.F.);
#3568=ORIENTED_EDGE('',*,*,#2164,.F.);
#3569=ORIENTED_EDGE('',*,*,#2158,.F.);
#3570=ORIENTED_EDGE('',*,*,#2134,.F.);
#3571=ORIENTED_EDGE('',*,*,#2137,.F.);
#3572=ORIENTED_EDGE('',*,*,#2140,.F.);
#3573=ORIENTED_EDGE('',*,*,#2143,.F.);
#3574=ORIENTED_EDGE('',*,*,#2146,.F.);
#3575=ORIENTED_EDGE('',*,*,#2149,.F.);
#3576=ORIENTED_EDGE('',*,*,#2152,.F.);
#3577=ORIENTED_EDGE('',*,*,#2511,.F.);
#3578=ORIENTED_EDGE('',*,*,#2512,.F.);
#3579=ORIENTED_EDGE('',*,*,#2070,.F.);
#3580=ORIENTED_EDGE('',*,*,#2501,.T.);
#3581=ORIENTED_EDGE('',*,*,#2195,.T.);
#3582=ORIENTED_EDGE('',*,*,#2170,.F.);
#3583=ORIENTED_EDGE('',*,*,#2510,.T.);
#3584=ORIENTED_EDGE('',*,*,#2154,.F.);
#3585=ORIENTED_EDGE('',*,*,#2180,.F.);
#3586=ORIENTED_EDGE('',*,*,#2500,.T.);
#3587=ORIENTED_EDGE('',*,*,#2074,.F.);
#3588=ORIENTED_EDGE('',*,*,#2053,.F.);
#3589=ORIENTED_EDGE('',*,*,#2389,.F.);
#3590=ORIENTED_EDGE('',*,*,#2513,.T.);
#3591=ORIENTED_EDGE('',*,*,#1967,.T.);
#3592=ORIENTED_EDGE('',*,*,#2456,.F.);
#3593=ORIENTED_EDGE('',*,*,#2392,.F.);
#3594=ORIENTED_EDGE('',*,*,#2514,.T.);
#3595=ORIENTED_EDGE('',*,*,#1968,.T.);
#3596=ORIENTED_EDGE('',*,*,#2513,.F.);
#3597=ORIENTED_EDGE('',*,*,#2395,.F.);
#3598=ORIENTED_EDGE('',*,*,#2515,.T.);
#3599=ORIENTED_EDGE('',*,*,#1969,.T.);
#3600=ORIENTED_EDGE('',*,*,#2514,.F.);
#3601=ORIENTED_EDGE('',*,*,#2397,.F.);
#3602=ORIENTED_EDGE('',*,*,#2516,.T.);
#3603=ORIENTED_EDGE('',*,*,#1970,.T.);
#3604=ORIENTED_EDGE('',*,*,#2515,.F.);
#3605=ORIENTED_EDGE('',*,*,#2400,.F.);
#3606=ORIENTED_EDGE('',*,*,#2517,.T.);
#3607=ORIENTED_EDGE('',*,*,#1971,.T.);
#3608=ORIENTED_EDGE('',*,*,#2516,.F.);
#3609=ORIENTED_EDGE('',*,*,#2403,.F.);
#3610=ORIENTED_EDGE('',*,*,#2518,.T.);
#3611=ORIENTED_EDGE('',*,*,#1972,.T.);
#3612=ORIENTED_EDGE('',*,*,#2517,.F.);
#3613=ORIENTED_EDGE('',*,*,#2406,.F.);
#3614=ORIENTED_EDGE('',*,*,#2519,.T.);
#3615=ORIENTED_EDGE('',*,*,#1973,.T.);
#3616=ORIENTED_EDGE('',*,*,#2518,.F.);
#3617=ORIENTED_EDGE('',*,*,#2409,.F.);
#3618=ORIENTED_EDGE('',*,*,#2449,.T.);
#3619=ORIENTED_EDGE('',*,*,#1974,.T.);
#3620=ORIENTED_EDGE('',*,*,#2519,.F.);
#3621=ORIENTED_EDGE('',*,*,#2374,.F.);
#3622=ORIENTED_EDGE('',*,*,#2447,.T.);
#3623=ORIENTED_EDGE('',*,*,#2458,.F.);
#3624=ORIENTED_EDGE('',*,*,#2082,.T.);
#3625=ORIENTED_EDGE('',*,*,#2490,.T.);
#3626=ORIENTED_EDGE('',*,*,#2520,.T.);
#3627=ORIENTED_EDGE('',*,*,#2356,.T.);
#3628=ORIENTED_EDGE('',*,*,#2437,.F.);
#3629=ORIENTED_EDGE('',*,*,#2521,.T.);
#3630=ORIENTED_EDGE('',*,*,#2522,.T.);
#3631=ORIENTED_EDGE('',*,*,#2357,.T.);
#3632=ORIENTED_EDGE('',*,*,#2520,.F.);
#3633=ORIENTED_EDGE('',*,*,#2523,.T.);
#3634=ORIENTED_EDGE('',*,*,#2338,.F.);
#3635=ORIENTED_EDGE('',*,*,#2358,.T.);
#3636=ORIENTED_EDGE('',*,*,#2522,.F.);
#3637=ORIENTED_EDGE('',*,*,#2524,.T.);
#3638=ORIENTED_EDGE('',*,*,#2335,.F.);
#3639=ORIENTED_EDGE('',*,*,#2524,.F.);
#3640=ORIENTED_EDGE('',*,*,#2525,.F.);
#3641=ORIENTED_EDGE('',*,*,#2526,.F.);
#3642=ORIENTED_EDGE('',*,*,#2523,.F.);
#3643=ORIENTED_EDGE('',*,*,#2527,.F.);
#3644=ORIENTED_EDGE('',*,*,#2528,.F.);
#3645=ORIENTED_EDGE('',*,*,#2525,.T.);
#3646=ORIENTED_EDGE('',*,*,#2521,.F.);
#3647=ORIENTED_EDGE('',*,*,#2439,.T.);
#3648=ORIENTED_EDGE('',*,*,#2529,.F.);
#3649=ORIENTED_EDGE('',*,*,#2527,.T.);
#3650=ORIENTED_EDGE('',*,*,#2332,.F.);
#3651=ORIENTED_EDGE('',*,*,#2526,.T.);
#3652=ORIENTED_EDGE('',*,*,#2530,.T.);
#3653=ORIENTED_EDGE('',*,*,#2442,.T.);
#3654=ORIENTED_EDGE('',*,*,#2531,.T.);
#3655=ORIENTED_EDGE('',*,*,#2443,.T.);
#3656=ORIENTED_EDGE('',*,*,#2530,.F.);
#3657=ORIENTED_EDGE('',*,*,#2528,.T.);
#3658=ORIENTED_EDGE('',*,*,#2441,.T.);
#3659=ORIENTED_EDGE('',*,*,#2444,.T.);
#3660=ORIENTED_EDGE('',*,*,#2531,.F.);
#3661=ORIENTED_EDGE('',*,*,#2529,.T.);
#3662=ORIENTED_EDGE('',*,*,#2381,.F.);
#3663=ORIENTED_EDGE('',*,*,#2491,.T.);
#3664=ORIENTED_EDGE('',*,*,#2080,.F.);
#3665=ORIENTED_EDGE('',*,*,#2532,.F.);
#3666=ORIENTED_EDGE('',*,*,#2533,.F.);
#3667=ORIENTED_EDGE('',*,*,#2534,.F.);
#3668=ORIENTED_EDGE('',*,*,#2370,.F.);
#3669=ORIENTED_EDGE('',*,*,#2535,.T.);
#3670=ORIENTED_EDGE('',*,*,#2532,.T.);
#3671=ORIENTED_EDGE('',*,*,#2079,.T.);
#3672=ORIENTED_EDGE('',*,*,#2365,.T.);
#3673=ORIENTED_EDGE('',*,*,#2371,.F.);
#3674=ORIENTED_EDGE('',*,*,#2534,.T.);
#3675=ORIENTED_EDGE('',*,*,#2536,.T.);
#3676=ORIENTED_EDGE('',*,*,#2363,.T.);
#3677=ORIENTED_EDGE('',*,*,#2536,.F.);
#3678=ORIENTED_EDGE('',*,*,#2533,.T.);
#3679=ORIENTED_EDGE('',*,*,#2535,.F.);
#3680=ORIENTED_EDGE('',*,*,#2364,.T.);
#3681=ORIENTED_EDGE('',*,*,#2019,.T.);
#3682=ORIENTED_EDGE('',*,*,#2022,.T.);
#3683=ORIENTED_EDGE('',*,*,#2537,.T.);
#3684=ORIENTED_EDGE('',*,*,#2512,.T.);
#3685=ORIENTED_EDGE('',*,*,#2537,.F.);
#3686=ORIENTED_EDGE('',*,*,#2027,.T.);
#3687=ORIENTED_EDGE('',*,*,#2538,.T.);
#3688=ORIENTED_EDGE('',*,*,#2511,.T.);
#3689=ORIENTED_EDGE('',*,*,#2538,.F.);
#3690=ORIENTED_EDGE('',*,*,#2030,.T.);
#3691=CONICAL_SURFACE('',#3968,2.15,0.785398163397448);
#3692=CONICAL_SURFACE('',#3985,3.25,0.785398163397448);
#3693=CONICAL_SURFACE('',#3993,3.25,0.785398163397448);
#3694=CONICAL_SURFACE('',#4001,2.15,0.785398163397448);
#3695=CONICAL_SURFACE('',#4389,1.5,0.785398163397449);
#3696=CONICAL_SURFACE('',#4391,1.5,0.785398163397449);
#3697=CONICAL_SURFACE('',#4393,1.5,0.785398163397448);
#3698=CONICAL_SURFACE('',#4395,27.5,0.785398163397448);
#3699=CONICAL_SURFACE('',#4465,1.5,0.785398163397448);
#3700=CONICAL_SURFACE('',#4467,1.5,0.785398163397448);
#3701=CONICAL_SURFACE('',#4469,27.5,0.785398163397448);
#3702=CONICAL_SURFACE('',#4471,1.5,0.785398163397448);
#3703=ADVANCED_FACE('',(#295),#3691,.F.);
#3704=ADVANCED_FACE('',(#296,#213,#214,#215,#216),#222,.T.);
#3705=ADVANCED_FACE('',(#297),#110,.F.);
#3706=ADVANCED_FACE('',(#298),#3692,.F.);
#3707=ADVANCED_FACE('',(#299),#111,.F.);
#3708=ADVANCED_FACE('',(#300),#3693,.F.);
#3709=ADVANCED_FACE('',(#301),#112,.F.);
#3710=ADVANCED_FACE('',(#302),#3694,.F.);
#3711=ADVANCED_FACE('',(#303),#113,.F.);
#3712=ADVANCED_FACE('',(#304),#223,.T.);
#3713=ADVANCED_FACE('',(#305),#224,.T.);
#3714=ADVANCED_FACE('',(#306),#225,.F.);
#3715=ADVANCED_FACE('',(#307),#226,.T.);
#3716=ADVANCED_FACE('',(#308),#227,.F.);
#3717=ADVANCED_FACE('',(#309),#228,.T.);
#3718=ADVANCED_FACE('',(#310),#229,.F.);
#3719=ADVANCED_FACE('',(#311),#230,.T.);
#3720=ADVANCED_FACE('',(#312),#231,.F.);
#3721=ADVANCED_FACE('',(#313),#232,.T.);
#3722=ADVANCED_FACE('',(#314),#233,.T.);
#3723=ADVANCED_FACE('',(#315),#234,.T.);
#3724=ADVANCED_FACE('',(#316),#235,.T.);
#3725=ADVANCED_FACE('',(#317),#236,.T.);
#3726=ADVANCED_FACE('',(#318),#88,.T.);
#3727=ADVANCED_FACE('',(#319),#114,.T.);
#3728=ADVANCED_FACE('',(#320),#55,.T.);
#3729=ADVANCED_FACE('',(#321),#115,.T.);
#3730=ADVANCED_FACE('',(#322),#56,.T.);
#3731=ADVANCED_FACE('',(#323),#116,.T.);
#3732=ADVANCED_FACE('',(#324),#89,.T.);
#3733=ADVANCED_FACE('',(#325),#57,.T.);
#3734=ADVANCED_FACE('',(#326),#117,.T.);
#3735=ADVANCED_FACE('',(#327),#58,.T.);
#3736=ADVANCED_FACE('',(#328),#118,.T.);
#3737=ADVANCED_FACE('',(#329),#59,.T.);
#3738=ADVANCED_FACE('',(#330),#119,.T.);
#3739=ADVANCED_FACE('',(#331),#120,.T.);
#3740=ADVANCED_FACE('',(#332),#121,.T.);
#3741=ADVANCED_FACE('',(#333,#217),#237,.F.);
#3742=ADVANCED_FACE('',(#334),#238,.F.);
#3743=ADVANCED_FACE('',(#335),#122,.F.);
#3744=ADVANCED_FACE('',(#336),#239,.F.);
#3745=ADVANCED_FACE('',(#337),#123,.F.);
#3746=ADVANCED_FACE('',(#338),#240,.F.);
#3747=ADVANCED_FACE('',(#339),#90,.T.);
#3748=ADVANCED_FACE('',(#340),#124,.T.);
#3749=ADVANCED_FACE('',(#341),#125,.T.);
#3750=ADVANCED_FACE('',(#342),#91,.T.);
#3751=ADVANCED_FACE('',(#343),#60,.T.);
#3752=ADVANCED_FACE('',(#344),#126,.T.);
#3753=ADVANCED_FACE('',(#345),#61,.T.);
#3754=ADVANCED_FACE('',(#346),#127,.T.);
#3755=ADVANCED_FACE('',(#347),#62,.T.);
#3756=ADVANCED_FACE('',(#348),#128,.T.);
#3757=ADVANCED_FACE('',(#349),#63,.T.);
#3758=ADVANCED_FACE('',(#350),#129,.T.);
#3759=ADVANCED_FACE('',(#351),#130,.T.);
#3760=ADVANCED_FACE('',(#352),#131,.T.);
#3761=ADVANCED_FACE('',(#353),#132,.T.);
#3762=ADVANCED_FACE('',(#354),#64,.T.);
#3763=ADVANCED_FACE('',(#355),#133,.T.);
#3764=ADVANCED_FACE('',(#356),#65,.T.);
#3765=ADVANCED_FACE('',(#357),#241,.T.);
#3766=ADVANCED_FACE('',(#358),#242,.F.);
#3767=ADVANCED_FACE('',(#359),#243,.F.);
#3768=ADVANCED_FACE('',(#360),#134,.T.);
#3769=ADVANCED_FACE('',(#361),#244,.F.);
#3770=ADVANCED_FACE('',(#362),#135,.F.);
#3771=ADVANCED_FACE('',(#363),#245,.F.);
#3772=ADVANCED_FACE('',(#364),#136,.F.);
#3773=ADVANCED_FACE('',(#365),#246,.F.);
#3774=ADVANCED_FACE('',(#366),#137,.T.);
#3775=ADVANCED_FACE('',(#367),#247,.F.);
#3776=ADVANCED_FACE('',(#368),#92,.T.);
#3777=ADVANCED_FACE('',(#369),#93,.T.);
#3778=ADVANCED_FACE('',(#370),#138,.T.);
#3779=ADVANCED_FACE('',(#371),#139,.T.);
#3780=ADVANCED_FACE('',(#372),#94,.T.);
#3781=ADVANCED_FACE('',(#373),#95,.T.);
#3782=ADVANCED_FACE('',(#374),#140,.T.);
#3783=ADVANCED_FACE('',(#375),#96,.T.);
#3784=ADVANCED_FACE('',(#376),#141,.T.);
#3785=ADVANCED_FACE('',(#377),#97,.T.);
#3786=ADVANCED_FACE('',(#378),#66,.T.);
#3787=ADVANCED_FACE('',(#379),#98,.T.);
#3788=ADVANCED_FACE('',(#380),#99,.T.);
#3789=ADVANCED_FACE('',(#381),#100,.T.);
#3790=ADVANCED_FACE('',(#382),#142,.T.);
#3791=ADVANCED_FACE('',(#383),#143,.T.);
#3792=ADVANCED_FACE('',(#384),#144,.T.);
#3793=ADVANCED_FACE('',(#385),#145,.T.);
#3794=ADVANCED_FACE('',(#386),#15,.F.);
#3795=ADVANCED_FACE('',(#387),#146,.T.);
#3796=ADVANCED_FACE('',(#388),#147,.T.);
#3797=ADVANCED_FACE('',(#389),#148,.T.);
#3798=ADVANCED_FACE('',(#390),#16,.F.);
#3799=ADVANCED_FACE('',(#391),#149,.T.);
#3800=ADVANCED_FACE('',(#392),#150,.T.);
#3801=ADVANCED_FACE('',(#393),#248,.T.);
#3802=ADVANCED_FACE('',(#394,#218),#249,.T.);
#3803=ADVANCED_FACE('',(#395),#250,.T.);
#3804=ADVANCED_FACE('',(#396),#251,.T.);
#3805=ADVANCED_FACE('',(#397),#252,.T.);
#3806=ADVANCED_FACE('',(#398),#253,.T.);
#3807=ADVANCED_FACE('',(#399),#101,.T.);
#3808=ADVANCED_FACE('',(#400),#151,.T.);
#3809=ADVANCED_FACE('',(#401),#102,.T.);
#3810=ADVANCED_FACE('',(#402),#103,.T.);
#3811=ADVANCED_FACE('',(#403),#104,.T.);
#3812=ADVANCED_FACE('',(#404),#105,.T.);
#3813=ADVANCED_FACE('',(#405),#67,.T.);
#3814=ADVANCED_FACE('',(#406),#106,.T.);
#3815=ADVANCED_FACE('',(#407),#152,.T.);
#3816=ADVANCED_FACE('',(#408),#107,.T.);
#3817=ADVANCED_FACE('',(#409),#17,.F.);
#3818=ADVANCED_FACE('',(#410),#108,.T.);
#3819=ADVANCED_FACE('',(#411),#153,.T.);
#3820=ADVANCED_FACE('',(#412),#154,.T.);
#3821=ADVANCED_FACE('',(#413),#109,.T.);
#3822=ADVANCED_FACE('',(#414),#155,.T.);
#3823=ADVANCED_FACE('',(#415),#156,.T.);
#3824=ADVANCED_FACE('',(#416),#157,.T.);
#3825=ADVANCED_FACE('',(#417),#158,.T.);
#3826=ADVANCED_FACE('',(#418),#159,.T.);
#3827=ADVANCED_FACE('',(#419),#160,.T.);
#3828=ADVANCED_FACE('',(#420),#161,.T.);
#3829=ADVANCED_FACE('',(#421),#18,.F.);
#3830=ADVANCED_FACE('',(#422),#162,.T.);
#3831=ADVANCED_FACE('',(#423),#163,.T.);
#3832=ADVANCED_FACE('',(#424),#254,.T.);
#3833=ADVANCED_FACE('',(#425),#255,.T.);
#3834=ADVANCED_FACE('',(#426,#219),#256,.T.);
#3835=ADVANCED_FACE('',(#427),#257,.T.);
#3836=ADVANCED_FACE('',(#428),#258,.T.);
#3837=ADVANCED_FACE('',(#429),#259,.T.);
#3838=ADVANCED_FACE('',(#430),#164,.T.);
#3839=ADVANCED_FACE('',(#431),#165,.T.);
#3840=ADVANCED_FACE('',(#432),#68,.T.);
#3841=ADVANCED_FACE('',(#433),#166,.T.);
#3842=ADVANCED_FACE('',(#434),#69,.T.);
#3843=ADVANCED_FACE('',(#435),#167,.T.);
#3844=ADVANCED_FACE('',(#436),#70,.T.);
#3845=ADVANCED_FACE('',(#437),#71,.T.);
#3846=ADVANCED_FACE('',(#438),#168,.T.);
#3847=ADVANCED_FACE('',(#439),#260,.T.);
#3848=ADVANCED_FACE('',(#440),#169,.T.);
#3849=ADVANCED_FACE('',(#441),#170,.F.);
#3850=ADVANCED_FACE('',(#442),#261,.F.);
#3851=ADVANCED_FACE('',(#443),#262,.F.);
#3852=ADVANCED_FACE('',(#444),#263,.F.);
#3853=ADVANCED_FACE('',(#445),#72,.T.);
#3854=ADVANCED_FACE('',(#446),#171,.T.);
#3855=ADVANCED_FACE('',(#447),#73,.T.);
#3856=ADVANCED_FACE('',(#448),#172,.T.);
#3857=ADVANCED_FACE('',(#449),#264,.F.);
#3858=ADVANCED_FACE('',(#450),#173,.T.);
#3859=ADVANCED_FACE('',(#451),#74,.T.);
#3860=ADVANCED_FACE('',(#452),#174,.T.);
#3861=ADVANCED_FACE('',(#453),#75,.T.);
#3862=ADVANCED_FACE('',(#454),#175,.T.);
#3863=ADVANCED_FACE('',(#455),#76,.T.);
#3864=ADVANCED_FACE('',(#456),#176,.T.);
#3865=ADVANCED_FACE('',(#457),#77,.T.);
#3866=ADVANCED_FACE('',(#458),#177,.T.);
#3867=ADVANCED_FACE('',(#459),#78,.T.);
#3868=ADVANCED_FACE('',(#460),#178,.T.);
#3869=ADVANCED_FACE('',(#461),#79,.T.);
#3870=ADVANCED_FACE('',(#462),#179,.T.);
#3871=ADVANCED_FACE('',(#463),#80,.T.);
#3872=ADVANCED_FACE('',(#464),#180,.T.);
#3873=ADVANCED_FACE('',(#465),#81,.T.);
#3874=ADVANCED_FACE('',(#466),#181,.T.);
#3875=ADVANCED_FACE('',(#467),#265,.T.);
#3876=ADVANCED_FACE('',(#468),#182,.T.);
#3877=ADVANCED_FACE('',(#469),#183,.T.);
#3878=ADVANCED_FACE('',(#470),#266,.T.);
#3879=ADVANCED_FACE('',(#471),#184,.T.);
#3880=ADVANCED_FACE('',(#472),#267,.T.);
#3881=ADVANCED_FACE('',(#473),#3695,.T.);
#3882=ADVANCED_FACE('',(#474),#268,.T.);
#3883=ADVANCED_FACE('',(#475),#3696,.T.);
#3884=ADVANCED_FACE('',(#476),#269,.T.);
#3885=ADVANCED_FACE('',(#477),#3697,.T.);
#3886=ADVANCED_FACE('',(#478),#270,.T.);
#3887=ADVANCED_FACE('',(#479),#3698,.T.);
#3888=ADVANCED_FACE('',(#480),#271,.T.);
#3889=ADVANCED_FACE('',(#481),#185,.T.);
#3890=ADVANCED_FACE('',(#482),#82,.T.);
#3891=ADVANCED_FACE('',(#483),#186,.T.);
#3892=ADVANCED_FACE('',(#484),#83,.T.);
#3893=ADVANCED_FACE('',(#485),#187,.T.);
#3894=ADVANCED_FACE('',(#486),#84,.T.);
#3895=ADVANCED_FACE('',(#487),#188,.T.);
#3896=ADVANCED_FACE('',(#488),#85,.T.);
#3897=ADVANCED_FACE('',(#489),#189,.T.);
#3898=ADVANCED_FACE('',(#490),#86,.T.);
#3899=ADVANCED_FACE('',(#491),#190,.T.);
#3900=ADVANCED_FACE('',(#492),#87,.T.);
#3901=ADVANCED_FACE('',(#493),#191,.T.);
#3902=ADVANCED_FACE('',(#494),#272,.T.);
#3903=ADVANCED_FACE('',(#495),#192,.T.);
#3904=ADVANCED_FACE('',(#496),#273,.T.);
#3905=ADVANCED_FACE('',(#497),#193,.T.);
#3906=ADVANCED_FACE('',(#498),#274,.T.);
#3907=ADVANCED_FACE('',(#499),#194,.T.);
#3908=ADVANCED_FACE('',(#500),#275,.T.);
#3909=ADVANCED_FACE('',(#501),#195,.T.);
#3910=ADVANCED_FACE('',(#502),#196,.F.);
#3911=ADVANCED_FACE('',(#503),#197,.F.);
#3912=ADVANCED_FACE('',(#504),#276,.T.);
#3913=ADVANCED_FACE('',(#505),#198,.F.);
#3914=ADVANCED_FACE('',(#506),#277,.T.);
#3915=ADVANCED_FACE('',(#507),#199,.F.);
#3916=ADVANCED_FACE('',(#508),#200,.F.);
#3917=ADVANCED_FACE('',(#509),#278,.F.);
#3918=ADVANCED_FACE('',(#510),#279,.F.);
#3919=ADVANCED_FACE('',(#511),#280,.T.);
#3920=ADVANCED_FACE('',(#512),#281,.T.);
#3921=ADVANCED_FACE('',(#513),#282,.T.);
#3922=ADVANCED_FACE('',(#514),#283,.F.);
#3923=ADVANCED_FACE('',(#515),#284,.F.);
#3924=ADVANCED_FACE('',(#516),#201,.F.);
#3925=ADVANCED_FACE('',(#517),#285,.F.);
#3926=ADVANCED_FACE('',(#518),#202,.F.);
#3927=ADVANCED_FACE('',(#519),#286,.F.);
#3928=ADVANCED_FACE('',(#520,#220,#221),#287,.T.);
#3929=ADVANCED_FACE('',(#521),#203,.F.);
#3930=ADVANCED_FACE('',(#522),#3699,.T.);
#3931=ADVANCED_FACE('',(#523),#288,.T.);
#3932=ADVANCED_FACE('',(#524),#3700,.T.);
#3933=ADVANCED_FACE('',(#525),#289,.T.);
#3934=ADVANCED_FACE('',(#526),#3701,.T.);
#3935=ADVANCED_FACE('',(#527),#290,.T.);
#3936=ADVANCED_FACE('',(#528),#3702,.T.);
#3937=ADVANCED_FACE('',(#529),#291,.T.);
#3938=ADVANCED_FACE('',(#530),#204,.T.);
#3939=ADVANCED_FACE('',(#531),#19,.F.);
#3940=ADVANCED_FACE('',(#532),#20,.F.);
#3941=ADVANCED_FACE('',(#533),#205,.T.);
#3942=ADVANCED_FACE('',(#534),#292,.F.);
#3943=ADVANCED_FACE('',(#535),#206,.F.);
#3944=ADVANCED_FACE('',(#536),#207,.T.);
#3945=ADVANCED_FACE('',(#537),#208,.T.);
#3946=ADVANCED_FACE('',(#538),#21,.F.);
#3947=ADVANCED_FACE('',(#539),#22,.F.);
#3948=ADVANCED_FACE('',(#540),#293,.T.);
#3949=ADVANCED_FACE('',(#541),#294,.F.);
#3950=ADVANCED_FACE('',(#542),#209,.T.);
#3951=ADVANCED_FACE('',(#543),#210,.F.);
#3952=ADVANCED_FACE('',(#544),#211,.F.);
#3953=ADVANCED_FACE('',(#545),#212,.F.);
#3954=CLOSED_SHELL('',(#3703,#3704,#3705,#3706,#3707,#3708,#3709,#3710,
#3711,#3712,#3713,#3714,#3715,#3716,#3717,#3718,#3719,#3720,#3721,#3722,
#3723,#3724,#3725,#3726,#3727,#3728,#3729,#3730,#3731,#3732,#3733,#3734,
#3735,#3736,#3737,#3738,#3739,#3740,#3741,#3742,#3743,#3744,#3745,#3746,
#3747,#3748,#3749,#3750,#3751,#3752,#3753,#3754,#3755,#3756,#3757,#3758,
#3759,#3760,#3761,#3762,#3763,#3764,#3765,#3766,#3767,#3768,#3769,#3770,
#3771,#3772,#3773,#3774,#3775,#3776,#3777,#3778,#3779,#3780,#3781,#3782,
#3783,#3784,#3785,#3786,#3787,#3788,#3789,#3790,#3791,#3792,#3793,#3794,
#3795,#3796,#3797,#3798,#3799,#3800,#3801,#3802,#3803,#3804,#3805,#3806,
#3807,#3808,#3809,#3810,#3811,#3812,#3813,#3814,#3815,#3816,#3817,#3818,
#3819,#3820,#3821,#3822,#3823,#3824,#3825,#3826,#3827,#3828,#3829,#3830,
#3831,#3832,#3833,#3834,#3835,#3836,#3837,#3838,#3839,#3840,#3841,#3842,
#3843,#3844,#3845,#3846,#3847,#3848,#3849,#3850,#3851,#3852,#3853,#3854,
#3855,#3856,#3857,#3858,#3859,#3860,#3861,#3862,#3863,#3864,#3865,#3866,
#3867,#3868,#3869,#3870,#3871,#3872,#3873,#3874,#3875,#3876,#3877,#3878,
#3879,#3880,#3881,#3882,#3883,#3884,#3885,#3886,#3887,#3888,#3889,#3890,
#3891,#3892,#3893,#3894,#3895,#3896,#3897,#3898,#3899,#3900,#3901,#3902,
#3903,#3904,#3905,#3906,#3907,#3908,#3909,#3910,#3911,#3912,#3913,#3914,
#3915,#3916,#3917,#3918,#3919,#3920,#3921,#3922,#3923,#3924,#3925,#3926,
#3927,#3928,#3929,#3930,#3931,#3932,#3933,#3934,#3935,#3936,#3937,#3938,
#3939,#3940,#3941,#3942,#3943,#3944,#3945,#3946,#3947,#3948,#3949,#3950,
#3951,#3952,#3953));
#3955=DERIVED_UNIT_ELEMENT(#3957,1.);
#3956=DERIVED_UNIT_ELEMENT(#7264,-3.);
#3957=(
MASS_UNIT()
NAMED_UNIT(*)
SI_UNIT(.KILO.,.GRAM.)
);
#3958=DERIVED_UNIT((#3955,#3956));
#3959=MEASURE_REPRESENTATION_ITEM('density measure',
POSITIVE_RATIO_MEASURE(7850.),#3958);
#3960=PROPERTY_DEFINITION_REPRESENTATION(#3965,#3962);
#3961=PROPERTY_DEFINITION_REPRESENTATION(#3966,#3963);
#3962=REPRESENTATION('material name',(#3964),#7261);
#3963=REPRESENTATION('density',(#3959),#7261);
#3964=DESCRIPTIVE_REPRESENTATION_ITEM('Steel','Steel');
#3965=PROPERTY_DEFINITION('material property','material name',#7271);
#3966=PROPERTY_DEFINITION('material property','density of part',#7271);
#3967=AXIS2_PLACEMENT_3D('',#5832,#4495,#4496);
#3968=AXIS2_PLACEMENT_3D('',#5833,#4497,#4498);
#3969=AXIS2_PLACEMENT_3D('',#5835,#4499,#4500);
#3970=AXIS2_PLACEMENT_3D('',#5838,#4502,#4503);
#3971=AXIS2_PLACEMENT_3D('',#5839,#4504,#4505);
#3972=AXIS2_PLACEMENT_3D('',#5844,#4507,#4508);
#3973=AXIS2_PLACEMENT_3D('',#5848,#4510,#4511);
#3974=AXIS2_PLACEMENT_3D('',#5852,#4513,#4514);
#3975=AXIS2_PLACEMENT_3D('',#5856,#4516,#4517);
#3976=AXIS2_PLACEMENT_3D('',#5860,#4519,#4520);
#3977=AXIS2_PLACEMENT_3D('',#5864,#4522,#4523);
#3978=AXIS2_PLACEMENT_3D('',#5868,#4525,#4526);
#3979=AXIS2_PLACEMENT_3D('',#5871,#4528,#4529);
#3980=AXIS2_PLACEMENT_3D('',#5873,#4530,#4531);
#3981=AXIS2_PLACEMENT_3D('',#5875,#4532,#4533);
#3982=AXIS2_PLACEMENT_3D('',#5877,#4534,#4535);
#3983=AXIS2_PLACEMENT_3D('',#5878,#4536,#4537);
#3984=AXIS2_PLACEMENT_3D('',#5881,#4539,#4540);
#3985=AXIS2_PLACEMENT_3D('',#5882,#4541,#4542);
#3986=AXIS2_PLACEMENT_3D('',#5885,#4544,#4545);
#3987=AXIS2_PLACEMENT_3D('',#5886,#4546,#4547);
#3988=AXIS2_PLACEMENT_3D('',#5890,#4549,#4550);
#3989=AXIS2_PLACEMENT_3D('',#5894,#4552,#4553);
#3990=AXIS2_PLACEMENT_3D('',#5898,#4555,#4556);
#3991=AXIS2_PLACEMENT_3D('',#5902,#4558,#4559);
#3992=AXIS2_PLACEMENT_3D('',#5905,#4561,#4562);
#3993=AXIS2_PLACEMENT_3D('',#5906,#4563,#4564);
#3994=AXIS2_PLACEMENT_3D('',#5909,#4566,#4567);
#3995=AXIS2_PLACEMENT_3D('',#5910,#4568,#4569);
#3996=AXIS2_PLACEMENT_3D('',#5914,#4571,#4572);
#3997=AXIS2_PLACEMENT_3D('',#5918,#4574,#4575);
#3998=AXIS2_PLACEMENT_3D('',#5922,#4577,#4578);
#3999=AXIS2_PLACEMENT_3D('',#5926,#4580,#4581);
#4000=AXIS2_PLACEMENT_3D('',#5929,#4583,#4584);
#4001=AXIS2_PLACEMENT_3D('',#5930,#4585,#4586);
#4002=AXIS2_PLACEMENT_3D('',#5933,#4588,#4589);
#4003=AXIS2_PLACEMENT_3D('',#5934,#4590,#4591);
#4004=AXIS2_PLACEMENT_3D('',#5937,#4593,#4594);
#4005=AXIS2_PLACEMENT_3D('',#5938,#4595,#4596);
#4006=AXIS2_PLACEMENT_3D('',#5939,#4597,#4598);
#4007=AXIS2_PLACEMENT_3D('',#5940,#4599,#4600);
#4008=AXIS2_PLACEMENT_3D('',#5945,#4604,#4605);
#4009=AXIS2_PLACEMENT_3D('',#5948,#4607,#4608);
#4010=AXIS2_PLACEMENT_3D('',#5949,#4609,#4610);
#4011=AXIS2_PLACEMENT_3D('',#5952,#4613,#4614);
#4012=AXIS2_PLACEMENT_3D('',#5953,#4615,#4616);
#4013=AXIS2_PLACEMENT_3D('',#5954,#4617,#4618);
#4014=AXIS2_PLACEMENT_3D('',#5959,#4622,#4623);
#4015=AXIS2_PLACEMENT_3D('',#5962,#4625,#4626);
#4016=AXIS2_PLACEMENT_3D('',#5963,#4627,#4628);
#4017=AXIS2_PLACEMENT_3D('',#5966,#4631,#4632);
#4018=AXIS2_PLACEMENT_3D('',#5967,#4633,#4634);
#4019=AXIS2_PLACEMENT_3D('',#5968,#4635,#4636);
#4020=AXIS2_PLACEMENT_3D('',#5969,#4637,#4638);
#4021=AXIS2_PLACEMENT_3D('',#5970,#4639,#4640);
#4022=AXIS2_PLACEMENT_3D('',#5971,#4641,#4642);
#4023=AXIS2_PLACEMENT_3D('',#5972,#4643,#4644);
#4024=AXIS2_PLACEMENT_3D('',#5975,#4645,#4646);
#4025=AXIS2_PLACEMENT_3D('',#5977,#4647,#4648);
#4026=AXIS2_PLACEMENT_3D('',#5978,#4649,#4650);
#4027=AXIS2_PLACEMENT_3D('',#5979,#4651,#4652);
#4028=AXIS2_PLACEMENT_3D('',#5982,#4653,#4654);
#4029=AXIS2_PLACEMENT_3D('',#5985,#4657,#4658);
#4030=AXIS2_PLACEMENT_3D('',#5988,#4659,#4660);
#4031=AXIS2_PLACEMENT_3D('',#5989,#4661,#4662);
#4032=AXIS2_PLACEMENT_3D('',#5990,#4663,#4664);
#4033=AXIS2_PLACEMENT_3D('',#5991,#4665,#4666);
#4034=AXIS2_PLACEMENT_3D('',#5994,#4667,#4668);
#4035=AXIS2_PLACEMENT_3D('',#5997,#4671,#4672);
#4036=AXIS2_PLACEMENT_3D('',#6000,#4673,#4674);
#4037=AXIS2_PLACEMENT_3D('',#6001,#4675,#4676);
#4038=AXIS2_PLACEMENT_3D('',#6002,#4677,#4678);
#4039=AXIS2_PLACEMENT_3D('',#6003,#4679,#4680);
#4040=AXIS2_PLACEMENT_3D('',#6006,#4681,#4682);
#4041=AXIS2_PLACEMENT_3D('',#6009,#4685,#4686);
#4042=AXIS2_PLACEMENT_3D('',#6012,#4687,#4688);
#4043=AXIS2_PLACEMENT_3D('',#6014,#4689,#4690);
#4044=AXIS2_PLACEMENT_3D('',#6015,#4691,#4692);
#4045=AXIS2_PLACEMENT_3D('',#6016,#4693,#4694);
#4046=AXIS2_PLACEMENT_3D('',#6017,#4695,#4696);
#4047=AXIS2_PLACEMENT_3D('',#6018,#4697,#4698);
#4048=AXIS2_PLACEMENT_3D('',#6019,#4699,#4700);
#4049=AXIS2_PLACEMENT_3D('',#6022,#4701,#4702);
#4050=AXIS2_PLACEMENT_3D('',#6026,#4704,#4705);
#4051=AXIS2_PLACEMENT_3D('',#6028,#4707,#4708);
#4052=AXIS2_PLACEMENT_3D('',#6031,#4709,#4710);
#4053=AXIS2_PLACEMENT_3D('',#6032,#4711,#4712);
#4054=AXIS2_PLACEMENT_3D('',#6033,#4713,#4714);
#4055=AXIS2_PLACEMENT_3D('',#6034,#4715,#4716);
#4056=AXIS2_PLACEMENT_3D('',#6037,#4717,#4718);
#4057=AXIS2_PLACEMENT_3D('',#6040,#4721,#4722);
#4058=AXIS2_PLACEMENT_3D('',#6043,#4723,#4724);
#4059=AXIS2_PLACEMENT_3D('',#6044,#4725,#4726);
#4060=AXIS2_PLACEMENT_3D('',#6045,#4727,#4728);
#4061=AXIS2_PLACEMENT_3D('',#6046,#4729,#4730);
#4062=AXIS2_PLACEMENT_3D('',#6049,#4733,#4734);
#4063=AXIS2_PLACEMENT_3D('',#6052,#4735,#4736);
#4064=AXIS2_PLACEMENT_3D('',#6055,#4739,#4740);
#4065=AXIS2_PLACEMENT_3D('',#6058,#4741,#4742);
#4066=AXIS2_PLACEMENT_3D('',#6061,#4745,#4746);
#4067=AXIS2_PLACEMENT_3D('',#6066,#4748,#4749);
#4068=AXIS2_PLACEMENT_3D('',#6068,#4750,#4751);
#4069=AXIS2_PLACEMENT_3D('',#6076,#4755,#4756);
#4070=AXIS2_PLACEMENT_3D('',#6078,#4757,#4758);
#4071=AXIS2_PLACEMENT_3D('',#6082,#4760,#4761);
#4072=AXIS2_PLACEMENT_3D('',#6086,#4763,#4764);
#4073=AXIS2_PLACEMENT_3D('',#6090,#4766,#4767);
#4074=AXIS2_PLACEMENT_3D('',#6094,#4769,#4770);
#4075=AXIS2_PLACEMENT_3D('',#6098,#4772,#4773);
#4076=AXIS2_PLACEMENT_3D('',#6101,#4775,#4776);
#4077=AXIS2_PLACEMENT_3D('',#6107,#4779,#4780);
#4078=AXIS2_PLACEMENT_3D('',#6111,#4782,#4783);
#4079=AXIS2_PLACEMENT_3D('',#6115,#4785,#4786);
#4080=AXIS2_PLACEMENT_3D('',#6123,#4790,#4791);
#4081=AXIS2_PLACEMENT_3D('',#6127,#4793,#4794);
#4082=AXIS2_PLACEMENT_3D('',#6130,#4796,#4797);
#4083=AXIS2_PLACEMENT_3D('',#6131,#4798,#4799);
#4084=AXIS2_PLACEMENT_3D('',#6137,#4803,#4804);
#4085=AXIS2_PLACEMENT_3D('',#6140,#4806,#4807);
#4086=AXIS2_PLACEMENT_3D('',#6141,#4808,#4809);
#4087=AXIS2_PLACEMENT_3D('',#6145,#4812,#4813);
#4088=AXIS2_PLACEMENT_3D('',#6148,#4815,#4816);
#4089=AXIS2_PLACEMENT_3D('',#6149,#4817,#4818);
#4090=AXIS2_PLACEMENT_3D('',#6151,#4820,#4821);
#4091=AXIS2_PLACEMENT_3D('',#6154,#4822,#4823);
#4092=AXIS2_PLACEMENT_3D('',#6156,#4824,#4825);
#4093=AXIS2_PLACEMENT_3D('',#6157,#4826,#4827);
#4094=AXIS2_PLACEMENT_3D('',#6158,#4828,#4829);
#4095=AXIS2_PLACEMENT_3D('',#6180,#4832,#4833);
#4096=AXIS2_PLACEMENT_3D('',#6181,#4834,#4835);
#4097=AXIS2_PLACEMENT_3D('',#6186,#4838,#4839);
#4098=AXIS2_PLACEMENT_3D('',#6187,#4840,#4841);
#4099=AXIS2_PLACEMENT_3D('',#6190,#4842,#4843);
#4100=AXIS2_PLACEMENT_3D('',#6192,#4844,#4845);
#4101=AXIS2_PLACEMENT_3D('',#6193,#4846,#4847);
#4102=AXIS2_PLACEMENT_3D('',#6194,#4848,#4849);
#4103=AXIS2_PLACEMENT_3D('',#6197,#4850,#4851);
#4104=AXIS2_PLACEMENT_3D('',#6198,#4852,#4853);
#4105=AXIS2_PLACEMENT_3D('',#6199,#4854,#4855);
#4106=AXIS2_PLACEMENT_3D('',#6200,#4856,#4857);
#4107=AXIS2_PLACEMENT_3D('',#6203,#4858,#4859);
#4108=AXIS2_PLACEMENT_3D('',#6206,#4862,#4863);
#4109=AXIS2_PLACEMENT_3D('',#6209,#4864,#4865);
#4110=AXIS2_PLACEMENT_3D('',#6210,#4866,#4867);
#4111=AXIS2_PLACEMENT_3D('',#6211,#4868,#4869);
#4112=AXIS2_PLACEMENT_3D('',#6212,#4870,#4871);
#4113=AXIS2_PLACEMENT_3D('',#6215,#4872,#4873);
#4114=AXIS2_PLACEMENT_3D('',#6218,#4876,#4877);
#4115=AXIS2_PLACEMENT_3D('',#6221,#4878,#4879);
#4116=AXIS2_PLACEMENT_3D('',#6222,#4880,#4881);
#4117=AXIS2_PLACEMENT_3D('',#6223,#4882,#4883);
#4118=AXIS2_PLACEMENT_3D('',#6224,#4884,#4885);
#4119=AXIS2_PLACEMENT_3D('',#6227,#4886,#4887);
#4120=AXIS2_PLACEMENT_3D('',#6230,#4890,#4891);
#4121=AXIS2_PLACEMENT_3D('',#6233,#4892,#4893);
#4122=AXIS2_PLACEMENT_3D('',#6234,#4894,#4895);
#4123=AXIS2_PLACEMENT_3D('',#6235,#4896,#4897);
#4124=AXIS2_PLACEMENT_3D('',#6236,#4898,#4899);
#4125=AXIS2_PLACEMENT_3D('',#6251,#4902,#4903);
#4126=AXIS2_PLACEMENT_3D('',#6256,#4906,#4907);
#4127=AXIS2_PLACEMENT_3D('',#6257,#4908,#4909);
#4128=AXIS2_PLACEMENT_3D('',#6276,#4912,#4913);
#4129=AXIS2_PLACEMENT_3D('',#6279,#4916,#4917);
#4130=AXIS2_PLACEMENT_3D('',#6280,#4918,#4919);
#4131=AXIS2_PLACEMENT_3D('',#6286,#4920,#4921);
#4132=AXIS2_PLACEMENT_3D('',#6287,#4922,#4923);
#4133=AXIS2_PLACEMENT_3D('',#6290,#4924,#4925);
#4134=AXIS2_PLACEMENT_3D('',#6305,#4928,#4929);
#4135=AXIS2_PLACEMENT_3D('',#6306,#4930,#4931);
#4136=AXIS2_PLACEMENT_3D('',#6307,#4932,#4933);
#4137=AXIS2_PLACEMENT_3D('',#6308,#4934,#4935);
#4138=AXIS2_PLACEMENT_3D('',#6314,#4939,#4940);
#4139=AXIS2_PLACEMENT_3D('',#6316,#4942,#4943);
#4140=AXIS2_PLACEMENT_3D('',#6322,#4947,#4948);
#4141=AXIS2_PLACEMENT_3D('',#6325,#4950,#4951);
#4142=AXIS2_PLACEMENT_3D('',#6326,#4952,#4953);
#4143=AXIS2_PLACEMENT_3D('',#6330,#4956,#4957);
#4144=AXIS2_PLACEMENT_3D('',#6333,#4959,#4960);
#4145=AXIS2_PLACEMENT_3D('',#6334,#4961,#4962);
#4146=AXIS2_PLACEMENT_3D('',#6338,#4965,#4966);
#4147=AXIS2_PLACEMENT_3D('',#6341,#4968,#4969);
#4148=AXIS2_PLACEMENT_3D('',#6342,#4970,#4971);
#4149=AXIS2_PLACEMENT_3D('',#6346,#4974,#4975);
#4150=AXIS2_PLACEMENT_3D('',#6349,#4977,#4978);
#4151=AXIS2_PLACEMENT_3D('',#6350,#4979,#4980);
#4152=AXIS2_PLACEMENT_3D('',#6354,#4983,#4984);
#4153=AXIS2_PLACEMENT_3D('',#6357,#4985,#4986);
#4154=AXIS2_PLACEMENT_3D('',#6359,#4987,#4988);
#4155=AXIS2_PLACEMENT_3D('',#6360,#4989,#4990);
#4156=AXIS2_PLACEMENT_3D('',#6361,#4991,#4992);
#4157=AXIS2_PLACEMENT_3D('',#6364,#4993,#4994);
#4158=AXIS2_PLACEMENT_3D('',#6366,#4995,#4996);
#4159=AXIS2_PLACEMENT_3D('',#6367,#4997,#4998);
#4160=AXIS2_PLACEMENT_3D('',#6368,#4999,#5000);
#4161=AXIS2_PLACEMENT_3D('',#6371,#5001,#5002);
#4162=AXIS2_PLACEMENT_3D('',#6374,#5005,#5006);
#4163=AXIS2_PLACEMENT_3D('',#6377,#5009,#5010);
#4164=AXIS2_PLACEMENT_3D('',#6380,#5011,#5012);
#4165=AXIS2_PLACEMENT_3D('',#6382,#5013,#5014);
#4166=AXIS2_PLACEMENT_3D('',#6383,#5015,#5016);
#4167=AXIS2_PLACEMENT_3D('',#6384,#5017,#5018);
#4168=AXIS2_PLACEMENT_3D('',#6387,#5019,#5020);
#4169=AXIS2_PLACEMENT_3D('',#6389,#5021,#5022);
#4170=AXIS2_PLACEMENT_3D('',#6390,#5023,#5024);
#4171=AXIS2_PLACEMENT_3D('',#6391,#5025,#5026);
#4172=AXIS2_PLACEMENT_3D('',#6394,#5029,#5030);
#4173=AXIS2_PLACEMENT_3D('',#6397,#5031,#5032);
#4174=AXIS2_PLACEMENT_3D('',#6399,#5033,#5034);
#4175=AXIS2_PLACEMENT_3D('',#6400,#5035,#5036);
#4176=AXIS2_PLACEMENT_3D('',#6401,#5037,#5038);
#4177=AXIS2_PLACEMENT_3D('',#6404,#5041,#5042);
#4178=AXIS2_PLACEMENT_3D('',#6407,#5043,#5044);
#4179=AXIS2_PLACEMENT_3D('',#6409,#5045,#5046);
#4180=AXIS2_PLACEMENT_3D('',#6410,#5047,#5048);
#4181=AXIS2_PLACEMENT_3D('',#6411,#5049,#5050);
#4182=AXIS2_PLACEMENT_3D('',#6412,#5051,#5052);
#4183=AXIS2_PLACEMENT_3D('',#6413,#5053,#5054);
#4184=AXIS2_PLACEMENT_3D('',#6414,#5055,#5056);
#4185=AXIS2_PLACEMENT_3D('',#6417,#5057,#5058);
#4186=AXIS2_PLACEMENT_3D('',#6419,#5059,#5060);
#4187=AXIS2_PLACEMENT_3D('',#6420,#5061,#5062);
#4188=AXIS2_PLACEMENT_3D('',#6421,#5063,#5064);
#4189=AXIS2_PLACEMENT_3D('',#6424,#5065,#5066);
#4190=AXIS2_PLACEMENT_3D('',#6426,#5067,#5068);
#4191=AXIS2_PLACEMENT_3D('',#6427,#5069,#5070);
#4192=AXIS2_PLACEMENT_3D('',#6428,#5071,#5072);
#4193=AXIS2_PLACEMENT_3D('',#6431,#5073,#5074);
#4194=AXIS2_PLACEMENT_3D('',#6433,#5075,#5076);
#4195=AXIS2_PLACEMENT_3D('',#6434,#5077,#5078);
#4196=AXIS2_PLACEMENT_3D('',#6435,#5079,#5080);
#4197=AXIS2_PLACEMENT_3D('',#6438,#5083,#5084);
#4198=AXIS2_PLACEMENT_3D('',#6441,#5087,#5088);
#4199=AXIS2_PLACEMENT_3D('',#6444,#5091,#5092);
#4200=AXIS2_PLACEMENT_3D('',#6447,#5093,#5094);
#4201=AXIS2_PLACEMENT_3D('',#6470,#5097,#5098);
#4202=AXIS2_PLACEMENT_3D('',#6471,#5099,#5100);
#4203=AXIS2_PLACEMENT_3D('',#6472,#5101,#5102);
#4204=AXIS2_PLACEMENT_3D('',#6475,#5105,#5106);
#4205=AXIS2_PLACEMENT_3D('',#6478,#5109,#5110);
#4206=AXIS2_PLACEMENT_3D('',#6501,#5113,#5114);
#4207=AXIS2_PLACEMENT_3D('',#6502,#5115,#5116);
#4208=AXIS2_PLACEMENT_3D('',#6503,#5117,#5118);
#4209=AXIS2_PLACEMENT_3D('',#6506,#5121,#5122);
#4210=AXIS2_PLACEMENT_3D('',#6509,#5125,#5126);
#4211=AXIS2_PLACEMENT_3D('',#6513,#5129,#5130);
#4212=AXIS2_PLACEMENT_3D('',#6515,#5131,#5132);
#4213=AXIS2_PLACEMENT_3D('',#6516,#5133,#5134);
#4214=AXIS2_PLACEMENT_3D('',#6517,#5135,#5136);
#4215=AXIS2_PLACEMENT_3D('',#6518,#5137,#5138);
#4216=AXIS2_PLACEMENT_3D('',#6519,#5139,#5140);
#4217=AXIS2_PLACEMENT_3D('',#6520,#5141,#5142);
#4218=AXIS2_PLACEMENT_3D('',#6523,#5143,#5144);
#4219=AXIS2_PLACEMENT_3D('',#6525,#5145,#5146);
#4220=AXIS2_PLACEMENT_3D('',#6526,#5147,#5148);
#4221=AXIS2_PLACEMENT_3D('',#6527,#5149,#5150);
#4222=AXIS2_PLACEMENT_3D('',#6530,#5151,#5152);
#4223=AXIS2_PLACEMENT_3D('',#6533,#5155,#5156);
#4224=AXIS2_PLACEMENT_3D('',#6536,#5157,#5158);
#4225=AXIS2_PLACEMENT_3D('',#6538,#5159,#5160);
#4226=AXIS2_PLACEMENT_3D('',#6539,#5161,#5162);
#4227=AXIS2_PLACEMENT_3D('',#6540,#5163,#5164);
#4228=AXIS2_PLACEMENT_3D('',#6543,#5165,#5166);
#4229=AXIS2_PLACEMENT_3D('',#6545,#5167,#5168);
#4230=AXIS2_PLACEMENT_3D('',#6546,#5169,#5170);
#4231=AXIS2_PLACEMENT_3D('',#6547,#5171,#5172);
#4232=AXIS2_PLACEMENT_3D('',#6550,#5173,#5174);
#4233=AXIS2_PLACEMENT_3D('',#6552,#5175,#5176);
#4234=AXIS2_PLACEMENT_3D('',#6553,#5177,#5178);
#4235=AXIS2_PLACEMENT_3D('',#6554,#5179,#5180);
#4236=AXIS2_PLACEMENT_3D('',#6557,#5181,#5182);
#4237=AXIS2_PLACEMENT_3D('',#6559,#5183,#5184);
#4238=AXIS2_PLACEMENT_3D('',#6560,#5185,#5186);
#4239=AXIS2_PLACEMENT_3D('',#6561,#5187,#5188);
#4240=AXIS2_PLACEMENT_3D('',#6562,#5189,#5190);
#4241=AXIS2_PLACEMENT_3D('',#6563,#5191,#5192);
#4242=AXIS2_PLACEMENT_3D('',#6564,#5193,#5194);
#4243=AXIS2_PLACEMENT_3D('',#6567,#5195,#5196);
#4244=AXIS2_PLACEMENT_3D('',#6569,#5197,#5198);
#4245=AXIS2_PLACEMENT_3D('',#6570,#5199,#5200);
#4246=AXIS2_PLACEMENT_3D('',#6571,#5201,#5202);
#4247=AXIS2_PLACEMENT_3D('',#6574,#5205,#5206);
#4248=AXIS2_PLACEMENT_3D('',#6577,#5207,#5208);
#4249=AXIS2_PLACEMENT_3D('',#6579,#5209,#5210);
#4250=AXIS2_PLACEMENT_3D('',#6580,#5211,#5212);
#4251=AXIS2_PLACEMENT_3D('',#6601,#5213,#5214);
#4252=AXIS2_PLACEMENT_3D('',#6602,#5215,#5216);
#4253=AXIS2_PLACEMENT_3D('',#6603,#5217,#5218);
#4254=AXIS2_PLACEMENT_3D('',#6606,#5219,#5220);
#4255=AXIS2_PLACEMENT_3D('',#6608,#5221,#5222);
#4256=AXIS2_PLACEMENT_3D('',#6609,#5223,#5224);
#4257=AXIS2_PLACEMENT_3D('',#6610,#5225,#5226);
#4258=AXIS2_PLACEMENT_3D('',#6613,#5229,#5230);
#4259=AXIS2_PLACEMENT_3D('',#6616,#5233,#5234);
#4260=AXIS2_PLACEMENT_3D('',#6619,#5235,#5236);
#4261=AXIS2_PLACEMENT_3D('',#6621,#5237,#5238);
#4262=AXIS2_PLACEMENT_3D('',#6622,#5239,#5240);
#4263=AXIS2_PLACEMENT_3D('',#6623,#5241,#5242);
#4264=AXIS2_PLACEMENT_3D('',#6626,#5245,#5246);
#4265=AXIS2_PLACEMENT_3D('',#6629,#5249,#5250);
#4266=AXIS2_PLACEMENT_3D('',#6632,#5253,#5254);
#4267=AXIS2_PLACEMENT_3D('',#6635,#5255,#5256);
#4268=AXIS2_PLACEMENT_3D('',#6638,#5259,#5260);
#4269=AXIS2_PLACEMENT_3D('',#6641,#5263,#5264);
#4270=AXIS2_PLACEMENT_3D('',#6644,#5267,#5268);
#4271=AXIS2_PLACEMENT_3D('',#6667,#5271,#5272);
#4272=AXIS2_PLACEMENT_3D('',#6668,#5273,#5274);
#4273=AXIS2_PLACEMENT_3D('',#6669,#5275,#5276);
#4274=AXIS2_PLACEMENT_3D('',#6672,#5279,#5280);
#4275=AXIS2_PLACEMENT_3D('',#6675,#5283,#5284);
#4276=AXIS2_PLACEMENT_3D('',#6677,#5286,#5287);
#4277=AXIS2_PLACEMENT_3D('',#6678,#5288,#5289);
#4278=AXIS2_PLACEMENT_3D('',#6680,#5290,#5291);
#4279=AXIS2_PLACEMENT_3D('',#6681,#5292,#5293);
#4280=AXIS2_PLACEMENT_3D('',#6682,#5294,#5295);
#4281=AXIS2_PLACEMENT_3D('',#6683,#5296,#5297);
#4282=AXIS2_PLACEMENT_3D('',#6684,#5298,#5299);
#4283=AXIS2_PLACEMENT_3D('',#6689,#5301,#5302);
#4284=AXIS2_PLACEMENT_3D('',#6692,#5304,#5305);
#4285=AXIS2_PLACEMENT_3D('',#6693,#5306,#5307);
#4286=AXIS2_PLACEMENT_3D('',#6697,#5309,#5310);
#4287=AXIS2_PLACEMENT_3D('',#6699,#5312,#5313);
#4288=AXIS2_PLACEMENT_3D('',#6702,#5314,#5315);
#4289=AXIS2_PLACEMENT_3D('',#6703,#5316,#5317);
#4290=AXIS2_PLACEMENT_3D('',#6704,#5318,#5319);
#4291=AXIS2_PLACEMENT_3D('',#6705,#5320,#5321);
#4292=AXIS2_PLACEMENT_3D('',#6708,#5322,#5323);
#4293=AXIS2_PLACEMENT_3D('',#6711,#5326,#5327);
#4294=AXIS2_PLACEMENT_3D('',#6714,#5328,#5329);
#4295=AXIS2_PLACEMENT_3D('',#6715,#5330,#5331);
#4296=AXIS2_PLACEMENT_3D('',#6716,#5332,#5333);
#4297=AXIS2_PLACEMENT_3D('',#6717,#5334,#5335);
#4298=AXIS2_PLACEMENT_3D('',#6720,#5336,#5337);
#4299=AXIS2_PLACEMENT_3D('',#6723,#5340,#5341);
#4300=AXIS2_PLACEMENT_3D('',#6725,#5342,#5343);
#4301=AXIS2_PLACEMENT_3D('',#6727,#5344,#5345);
#4302=AXIS2_PLACEMENT_3D('',#6742,#5346,#5347);
#4303=AXIS2_PLACEMENT_3D('',#6744,#5348,#5349);
#4304=AXIS2_PLACEMENT_3D('',#6760,#5350,#5351);
#4305=AXIS2_PLACEMENT_3D('',#6761,#5352,#5353);
#4306=AXIS2_PLACEMENT_3D('',#6764,#5356,#5357);
#4307=AXIS2_PLACEMENT_3D('',#6776,#5363,#5364);
#4308=AXIS2_PLACEMENT_3D('',#6778,#5365,#5366);
#4309=AXIS2_PLACEMENT_3D('',#6780,#5368,#5369);
#4310=AXIS2_PLACEMENT_3D('',#6790,#5371,#5372);
#4311=AXIS2_PLACEMENT_3D('',#6792,#5374,#5375);
#4312=AXIS2_PLACEMENT_3D('',#6796,#5377,#5378);
#4313=AXIS2_PLACEMENT_3D('',#6798,#5379,#5380);
#4314=AXIS2_PLACEMENT_3D('',#6800,#5382,#5383);
#4315=AXIS2_PLACEMENT_3D('',#6804,#5385,#5386);
#4316=AXIS2_PLACEMENT_3D('',#6808,#5388,#5389);
#4317=AXIS2_PLACEMENT_3D('',#6812,#5392,#5393);
#4318=AXIS2_PLACEMENT_3D('',#6813,#5394,#5395);
#4319=AXIS2_PLACEMENT_3D('',#6816,#5396,#5397);
#4320=AXIS2_PLACEMENT_3D('',#6818,#5398,#5399);
#4321=AXIS2_PLACEMENT_3D('',#6820,#5400,#5401);
#4322=AXIS2_PLACEMENT_3D('',#6835,#5402,#5403);
#4323=AXIS2_PLACEMENT_3D('',#6838,#5406,#5407);
#4324=AXIS2_PLACEMENT_3D('',#6840,#5408,#5409);
#4325=AXIS2_PLACEMENT_3D('',#6842,#5410,#5411);
#4326=AXIS2_PLACEMENT_3D('',#6857,#5412,#5413);
#4327=AXIS2_PLACEMENT_3D('',#6860,#5416,#5417);
#4328=AXIS2_PLACEMENT_3D('',#6861,#5418,#5419);
#4329=AXIS2_PLACEMENT_3D('',#6864,#5420,#5421);
#4330=AXIS2_PLACEMENT_3D('',#6868,#5423,#5424);
#4331=AXIS2_PLACEMENT_3D('',#6870,#5426,#5427);
#4332=AXIS2_PLACEMENT_3D('',#6872,#5428,#5429);
#4333=AXIS2_PLACEMENT_3D('',#6874,#5430,#5431);
#4334=AXIS2_PLACEMENT_3D('',#6875,#5432,#5433);
#4335=AXIS2_PLACEMENT_3D('',#6876,#5434,#5435);
#4336=AXIS2_PLACEMENT_3D('',#6880,#5437,#5438);
#4337=AXIS2_PLACEMENT_3D('',#6882,#5440,#5441);
#4338=AXIS2_PLACEMENT_3D('',#6883,#5442,#5443);
#4339=AXIS2_PLACEMENT_3D('',#6885,#5444,#5445);
#4340=AXIS2_PLACEMENT_3D('',#6886,#5446,#5447);
#4341=AXIS2_PLACEMENT_3D('',#6887,#5448,#5449);
#4342=AXIS2_PLACEMENT_3D('',#6889,#5450,#5451);
#4343=AXIS2_PLACEMENT_3D('',#6891,#5453,#5454);
#4344=AXIS2_PLACEMENT_3D('',#6893,#5455,#5456);
#4345=AXIS2_PLACEMENT_3D('',#6895,#5457,#5458);
#4346=AXIS2_PLACEMENT_3D('',#6896,#5459,#5460);
#4347=AXIS2_PLACEMENT_3D('',#6897,#5461,#5462);
#4348=AXIS2_PLACEMENT_3D('',#6901,#5464,#5465);
#4349=AXIS2_PLACEMENT_3D('',#6903,#5467,#5468);
#4350=AXIS2_PLACEMENT_3D('',#6905,#5469,#5470);
#4351=AXIS2_PLACEMENT_3D('',#6907,#5471,#5472);
#4352=AXIS2_PLACEMENT_3D('',#6908,#5473,#5474);
#4353=AXIS2_PLACEMENT_3D('',#6909,#5475,#5476);
#4354=AXIS2_PLACEMENT_3D('',#6913,#5478,#5479);
#4355=AXIS2_PLACEMENT_3D('',#6915,#5481,#5482);
#4356=AXIS2_PLACEMENT_3D('',#6917,#5483,#5484);
#4357=AXIS2_PLACEMENT_3D('',#6919,#5485,#5486);
#4358=AXIS2_PLACEMENT_3D('',#6920,#5487,#5488);
#4359=AXIS2_PLACEMENT_3D('',#6921,#5489,#5490);
#4360=AXIS2_PLACEMENT_3D('',#6925,#5492,#5493);
#4361=AXIS2_PLACEMENT_3D('',#6927,#5495,#5496);
#4362=AXIS2_PLACEMENT_3D('',#6929,#5497,#5498);
#4363=AXIS2_PLACEMENT_3D('',#6931,#5499,#5500);
#4364=AXIS2_PLACEMENT_3D('',#6932,#5501,#5502);
#4365=AXIS2_PLACEMENT_3D('',#6933,#5503,#5504);
#4366=AXIS2_PLACEMENT_3D('',#6937,#5506,#5507);
#4367=AXIS2_PLACEMENT_3D('',#6939,#5509,#5510);
#4368=AXIS2_PLACEMENT_3D('',#6941,#5511,#5512);
#4369=AXIS2_PLACEMENT_3D('',#6943,#5513,#5514);
#4370=AXIS2_PLACEMENT_3D('',#6944,#5515,#5516);
#4371=AXIS2_PLACEMENT_3D('',#6945,#5517,#5518);
#4372=AXIS2_PLACEMENT_3D('',#6949,#5520,#5521);
#4373=AXIS2_PLACEMENT_3D('',#6951,#5523,#5524);
#4374=AXIS2_PLACEMENT_3D('',#6952,#5525,#5526);
#4375=AXIS2_PLACEMENT_3D('',#6953,#5527,#5528);
#4376=AXIS2_PLACEMENT_3D('',#6954,#5529,#5530);
#4377=AXIS2_PLACEMENT_3D('',#6958,#5532,#5533);
#4378=AXIS2_PLACEMENT_3D('',#6960,#5535,#5536);
#4379=AXIS2_PLACEMENT_3D('',#6964,#5539,#5540);
#4380=AXIS2_PLACEMENT_3D('',#6965,#5541,#5542);
#4381=AXIS2_PLACEMENT_3D('',#6966,#5543,#5544);
#4382=AXIS2_PLACEMENT_3D('',#6969,#5546,#5547);
#4383=AXIS2_PLACEMENT_3D('',#6970,#5548,#5549);
#4384=AXIS2_PLACEMENT_3D('',#6974,#5552,#5553);
#4385=AXIS2_PLACEMENT_3D('',#6977,#5555,#5556);
#4386=AXIS2_PLACEMENT_3D('',#6978,#5557,#5558);
#4387=AXIS2_PLACEMENT_3D('',#6982,#5560,#5561);
#4388=AXIS2_PLACEMENT_3D('',#6983,#5562,#5563);
#4389=AXIS2_PLACEMENT_3D('',#6989,#5567,#5568);
#4390=AXIS2_PLACEMENT_3D('',#6992,#5571,#5572);
#4391=AXIS2_PLACEMENT_3D('',#6994,#5574,#5575);
#4392=AXIS2_PLACEMENT_3D('',#6996,#5577,#5578);
#4393=AXIS2_PLACEMENT_3D('',#6998,#5580,#5581);
#4394=AXIS2_PLACEMENT_3D('',#7000,#5583,#5584);
#4395=AXIS2_PLACEMENT_3D('',#7002,#5586,#5587);
#4396=AXIS2_PLACEMENT_3D('',#7004,#5589,#5590);
#4397=AXIS2_PLACEMENT_3D('',#7006,#5592,#5593);
#4398=AXIS2_PLACEMENT_3D('',#7007,#5594,#5595);
#4399=AXIS2_PLACEMENT_3D('',#7016,#5596,#5597);
#4400=AXIS2_PLACEMENT_3D('',#7018,#5598,#5599);
#4401=AXIS2_PLACEMENT_3D('',#7019,#5600,#5601);
#4402=AXIS2_PLACEMENT_3D('',#7020,#5602,#5603);
#4403=AXIS2_PLACEMENT_3D('',#7022,#5604,#5605);
#4404=AXIS2_PLACEMENT_3D('',#7024,#5607,#5608);
#4405=AXIS2_PLACEMENT_3D('',#7026,#5609,#5610);
#4406=AXIS2_PLACEMENT_3D('',#7027,#5611,#5612);
#4407=AXIS2_PLACEMENT_3D('',#7028,#5613,#5614);
#4408=AXIS2_PLACEMENT_3D('',#7030,#5615,#5616);
#4409=AXIS2_PLACEMENT_3D('',#7032,#5618,#5619);
#4410=AXIS2_PLACEMENT_3D('',#7034,#5620,#5621);
#4411=AXIS2_PLACEMENT_3D('',#7035,#5622,#5623);
#4412=AXIS2_PLACEMENT_3D('',#7036,#5624,#5625);
#4413=AXIS2_PLACEMENT_3D('',#7038,#5626,#5627);
#4414=AXIS2_PLACEMENT_3D('',#7040,#5629,#5630);
#4415=AXIS2_PLACEMENT_3D('',#7042,#5631,#5632);
#4416=AXIS2_PLACEMENT_3D('',#7043,#5633,#5634);
#4417=AXIS2_PLACEMENT_3D('',#7044,#5635,#5636);
#4418=AXIS2_PLACEMENT_3D('',#7045,#5637,#5638);
#4419=AXIS2_PLACEMENT_3D('',#7047,#5640,#5641);
#4420=AXIS2_PLACEMENT_3D('',#7048,#5642,#5643);
#4421=AXIS2_PLACEMENT_3D('',#7049,#5644,#5645);
#4422=AXIS2_PLACEMENT_3D('',#7050,#5646,#5647);
#4423=AXIS2_PLACEMENT_3D('',#7051,#5648,#5649);
#4424=AXIS2_PLACEMENT_3D('',#7052,#5650,#5651);
#4425=AXIS2_PLACEMENT_3D('',#7053,#5652,#5653);
#4426=AXIS2_PLACEMENT_3D('',#7054,#5654,#5655);
#4427=AXIS2_PLACEMENT_3D('',#7056,#5657,#5658);
#4428=AXIS2_PLACEMENT_3D('',#7058,#5660,#5661);
#4429=AXIS2_PLACEMENT_3D('',#7060,#5663,#5664);
#4430=AXIS2_PLACEMENT_3D('',#7062,#5666,#5667);
#4431=AXIS2_PLACEMENT_3D('',#7064,#5669,#5670);
#4432=AXIS2_PLACEMENT_3D('',#7066,#5672,#5673);
#4433=AXIS2_PLACEMENT_3D('',#7068,#5675,#5676);
#4434=AXIS2_PLACEMENT_3D('',#7069,#5677,#5678);
#4435=AXIS2_PLACEMENT_3D('',#7070,#5679,#5680);
#4436=AXIS2_PLACEMENT_3D('',#7071,#5681,#5682);
#4437=AXIS2_PLACEMENT_3D('',#7074,#5684,#5685);
#4438=AXIS2_PLACEMENT_3D('',#7075,#5686,#5687);
#4439=AXIS2_PLACEMENT_3D('',#7076,#5688,#5689);
#4440=AXIS2_PLACEMENT_3D('',#7079,#5691,#5692);
#4441=AXIS2_PLACEMENT_3D('',#7080,#5693,#5694);
#4442=AXIS2_PLACEMENT_3D('',#7081,#5695,#5696);
#4443=AXIS2_PLACEMENT_3D('',#7084,#5699,#5700);
#4444=AXIS2_PLACEMENT_3D('',#7085,#5701,#5702);
#4445=AXIS2_PLACEMENT_3D('',#7086,#5703,#5704);
#4446=AXIS2_PLACEMENT_3D('',#7092,#5708,#5709);
#4447=AXIS2_PLACEMENT_3D('',#7096,#5712,#5713);
#4448=AXIS2_PLACEMENT_3D('',#7099,#5716,#5717);
#4449=AXIS2_PLACEMENT_3D('',#7100,#5718,#5719);
#4450=AXIS2_PLACEMENT_3D('',#7104,#5721,#5722);
#4451=AXIS2_PLACEMENT_3D('',#7107,#5724,#5725);
#4452=AXIS2_PLACEMENT_3D('',#7108,#5726,#5727);
#4453=AXIS2_PLACEMENT_3D('',#7109,#5728,#5729);
#4454=AXIS2_PLACEMENT_3D('',#7110,#5730,#5731);
#4455=AXIS2_PLACEMENT_3D('',#7112,#5733,#5734);
#4456=AXIS2_PLACEMENT_3D('',#7113,#5735,#5736);
#4457=AXIS2_PLACEMENT_3D('',#7116,#5739,#5740);
#4458=AXIS2_PLACEMENT_3D('',#7117,#5741,#5742);
#4459=AXIS2_PLACEMENT_3D('',#7119,#5744,#5745);
#4460=AXIS2_PLACEMENT_3D('',#7120,#5746,#5747);
#4461=AXIS2_PLACEMENT_3D('',#7121,#5748,#5749);
#4462=AXIS2_PLACEMENT_3D('',#7123,#5750,#5751);
#4463=AXIS2_PLACEMENT_3D('',#7125,#5752,#5753);
#4464=AXIS2_PLACEMENT_3D('',#7126,#5754,#5755);
#4465=AXIS2_PLACEMENT_3D('',#7127,#5756,#5757);
#4466=AXIS2_PLACEMENT_3D('',#7129,#5759,#5760);
#4467=AXIS2_PLACEMENT_3D('',#7131,#5762,#5763);
#4468=AXIS2_PLACEMENT_3D('',#7133,#5765,#5766);
#4469=AXIS2_PLACEMENT_3D('',#7135,#5768,#5769);
#4470=AXIS2_PLACEMENT_3D('',#7137,#5771,#5772);
#4471=AXIS2_PLACEMENT_3D('',#7139,#5774,#5775);
#4472=AXIS2_PLACEMENT_3D('',#7141,#5777,#5778);
#4473=AXIS2_PLACEMENT_3D('',#7142,#5779,#5780);
#4474=AXIS2_PLACEMENT_3D('',#7164,#5781,#5782);
#4475=AXIS2_PLACEMENT_3D('',#7165,#5783,#5784);
#4476=AXIS2_PLACEMENT_3D('',#7187,#5785,#5786);
#4477=AXIS2_PLACEMENT_3D('',#7188,#5787,#5788);
#4478=AXIS2_PLACEMENT_3D('',#7189,#5789,#5790);
#4479=AXIS2_PLACEMENT_3D('',#7191,#5792,#5793);
#4480=AXIS2_PLACEMENT_3D('',#7195,#5796,#5797);
#4481=AXIS2_PLACEMENT_3D('',#7198,#5799,#5800);
#4482=AXIS2_PLACEMENT_3D('',#7199,#5801,#5802);
#4483=AXIS2_PLACEMENT_3D('',#7200,#5803,#5804);
#4484=AXIS2_PLACEMENT_3D('',#7201,#5805,#5806);
#4485=AXIS2_PLACEMENT_3D('',#7202,#5807,#5808);
#4486=AXIS2_PLACEMENT_3D('',#7223,#5809,#5810);
#4487=AXIS2_PLACEMENT_3D('',#7244,#5811,#5812);
#4488=AXIS2_PLACEMENT_3D('',#7248,#5814,#5815);
#4489=AXIS2_PLACEMENT_3D('',#7249,#5816,#5817);
#4490=AXIS2_PLACEMENT_3D('',#7250,#5818,#5819);
#4491=AXIS2_PLACEMENT_3D('',#7252,#5821,#5822);
#4492=AXIS2_PLACEMENT_3D('',#7254,#5824,#5825);
#4493=AXIS2_PLACEMENT_3D('',#7255,#5826,#5827);
#4494=AXIS2_PLACEMENT_3D('',#7257,#5829,#5830);
#4495=DIRECTION('axis',(0.,0.,1.));
#4496=DIRECTION('refdir',(1.,0.,0.));
#4497=DIRECTION('center_axis',(0.,0.,1.));
#4498=DIRECTION('ref_axis',(-1.,0.,0.));
#4499=DIRECTION('center_axis',(0.,0.,1.));
#4500=DIRECTION('ref_axis',(-1.,0.,0.));
#4501=DIRECTION('',(-0.707106781186548,-8.65956056235493E-17,-0.707106781186548));
#4502=DIRECTION('center_axis',(0.,0.,-1.));
#4503=DIRECTION('ref_axis',(-1.,0.,0.));
#4504=DIRECTION('center_axis',(0.,0.,1.));
#4505=DIRECTION('ref_axis',(1.,0.,0.));
#4506=DIRECTION('',(-0.527331624463829,0.849659554080539,0.));
#4507=DIRECTION('center_axis',(0.,0.,-1.));
#4508=DIRECTION('ref_axis',(-0.486142147697652,-0.873879747008657,0.));
#4509=DIRECTION('',(-1.,0.,0.));
#4510=DIRECTION('center_axis',(0.,0.,-1.));
#4511=DIRECTION('ref_axis',(0.486142147697652,-0.873879747008657,0.));
#4512=DIRECTION('',(-0.52733162446383,-0.849659554080538,0.));
#4513=DIRECTION('center_axis',(0.,0.,-1.));
#4514=DIRECTION('ref_axis',(1.,0.,0.));
#4515=DIRECTION('',(0.,-1.,0.));
#4516=DIRECTION('center_axis',(0.,0.,-1.));
#4517=DIRECTION('ref_axis',(0.923879532511287,0.382683432365089,0.));
#4518=DIRECTION('',(0.707106781186546,-0.707106781186549,0.));
#4519=DIRECTION('center_axis',(0.,0.,-1.));
#4520=DIRECTION('ref_axis',(0.382683432365091,0.923879532511286,0.));
#4521=DIRECTION('',(1.,-5.07530525542929E-16,0.));
#4522=DIRECTION('center_axis',(0.,0.,-1.));
#4523=DIRECTION('ref_axis',(-0.38268343236509,0.923879532511287,0.));
#4524=DIRECTION('',(0.707106781186548,0.707106781186548,0.));
#4525=DIRECTION('center_axis',(0.,0.,-1.));
#4526=DIRECTION('ref_axis',(-0.923879532511287,0.38268343236509,0.));
#4527=DIRECTION('',(-1.77635683940025E-16,1.,0.));
#4528=DIRECTION('center_axis',(0.,0.,-1.));
#4529=DIRECTION('ref_axis',(-1.,0.,0.));
#4530=DIRECTION('center_axis',(0.,0.,1.));
#4531=DIRECTION('ref_axis',(-1.,0.,0.));
#4532=DIRECTION('center_axis',(0.,0.,1.));
#4533=DIRECTION('ref_axis',(-1.,0.,0.));
#4534=DIRECTION('center_axis',(0.,0.,1.));
#4535=DIRECTION('ref_axis',(-1.,0.,0.));
#4536=DIRECTION('center_axis',(0.,0.,-1.));
#4537=DIRECTION('ref_axis',(-1.,0.,0.));
#4538=DIRECTION('',(0.,0.,-1.));
#4539=DIRECTION('center_axis',(0.,0.,-1.));
#4540=DIRECTION('ref_axis',(-1.,0.,0.));
#4541=DIRECTION('center_axis',(0.,0.,1.));
#4542=DIRECTION('ref_axis',(-1.,0.,0.));
#4543=DIRECTION('',(-0.707106781186547,-8.65956056235493E-17,-0.707106781186547));
#4544=DIRECTION('center_axis',(0.,0.,-1.));
#4545=DIRECTION('ref_axis',(-1.,0.,0.));
#4546=DIRECTION('center_axis',(0.,0.,-1.));
#4547=DIRECTION('ref_axis',(-1.,0.,0.));
#4548=DIRECTION('',(0.,0.,-1.));
#4549=DIRECTION('center_axis',(0.,0.,-1.));
#4550=DIRECTION('ref_axis',(-1.,0.,0.));
#4551=DIRECTION('',(0.,0.,-1.));
#4552=DIRECTION('center_axis',(0.,0.,-1.));
#4553=DIRECTION('ref_axis',(-1.,0.,0.));
#4554=DIRECTION('',(0.,0.,-1.));
#4555=DIRECTION('center_axis',(0.,0.,-1.));
#4556=DIRECTION('ref_axis',(-1.,0.,0.));
#4557=DIRECTION('',(0.,0.,-1.));
#4558=DIRECTION('center_axis',(0.,0.,-1.));
#4559=DIRECTION('ref_axis',(-1.,0.,0.));
#4560=DIRECTION('',(0.,0.,-1.));
#4561=DIRECTION('center_axis',(0.,0.,-1.));
#4562=DIRECTION('ref_axis',(-1.,0.,0.));
#4563=DIRECTION('center_axis',(0.,0.,1.));
#4564=DIRECTION('ref_axis',(-1.,0.,0.));
#4565=DIRECTION('',(-0.707106781186548,-8.65956056235494E-17,-0.707106781186548));
#4566=DIRECTION('center_axis',(0.,0.,-1.));
#4567=DIRECTION('ref_axis',(-1.,0.,0.));
#4568=DIRECTION('center_axis',(0.,0.,-1.));
#4569=DIRECTION('ref_axis',(-1.,0.,0.));
#4570=DIRECTION('',(0.,0.,-1.));
#4571=DIRECTION('center_axis',(0.,0.,-1.));
#4572=DIRECTION('ref_axis',(-1.,0.,0.));
#4573=DIRECTION('',(0.,0.,-1.));
#4574=DIRECTION('center_axis',(0.,0.,-1.));
#4575=DIRECTION('ref_axis',(-1.,0.,0.));
#4576=DIRECTION('',(0.,0.,-1.));
#4577=DIRECTION('center_axis',(0.,0.,-1.));
#4578=DIRECTION('ref_axis',(-1.,0.,0.));
#4579=DIRECTION('',(0.,0.,-1.));
#4580=DIRECTION('center_axis',(0.,0.,-1.));
#4581=DIRECTION('ref_axis',(-1.,0.,0.));
#4582=DIRECTION('',(0.,0.,-1.));
#4583=DIRECTION('center_axis',(0.,0.,-1.));
#4584=DIRECTION('ref_axis',(-1.,0.,0.));
#4585=DIRECTION('center_axis',(0.,0.,1.));
#4586=DIRECTION('ref_axis',(-1.,0.,0.));
#4587=DIRECTION('',(-0.707106781186548,-8.65956056235493E-17,-0.707106781186548));
#4588=DIRECTION('center_axis',(0.,0.,-1.));
#4589=DIRECTION('ref_axis',(-1.,0.,0.));
#4590=DIRECTION('center_axis',(0.,0.,-1.));
#4591=DIRECTION('ref_axis',(-1.,0.,0.));
#4592=DIRECTION('',(0.,0.,-1.));
#4593=DIRECTION('center_axis',(0.,0.,-1.));
#4594=DIRECTION('ref_axis',(-1.,0.,0.));
#4595=DIRECTION('center_axis',(0.,0.,1.));
#4596=DIRECTION('ref_axis',(-1.,0.,0.));
#4597=DIRECTION('center_axis',(0.,0.,1.));
#4598=DIRECTION('ref_axis',(-1.,0.,0.));
#4599=DIRECTION('center_axis',(-1.,3.7007434154172E-16,0.));
#4600=DIRECTION('ref_axis',(3.7007434154172E-16,1.,0.));
#4601=DIRECTION('',(3.7007434154172E-16,1.,0.));
#4602=DIRECTION('',(3.7007434154172E-16,1.,0.));
#4603=DIRECTION('',(3.7007434154172E-16,1.,0.));
#4604=DIRECTION('center_axis',(0.,0.,1.));
#4605=DIRECTION('ref_axis',(-1.,0.,0.));
#4606=DIRECTION('',(0.,-1.,0.));
#4607=DIRECTION('center_axis',(0.,0.,1.));
#4608=DIRECTION('ref_axis',(1.,0.,0.));
#4609=DIRECTION('center_axis',(1.,0.,0.));
#4610=DIRECTION('ref_axis',(0.,-1.,0.));
#4611=DIRECTION('',(0.,-1.,0.));
#4612=DIRECTION('',(0.,-1.,0.));
#4613=DIRECTION('center_axis',(0.,0.,1.));
#4614=DIRECTION('ref_axis',(-1.,0.,0.));
#4615=DIRECTION('center_axis',(0.,0.,1.));
#4616=DIRECTION('ref_axis',(1.,0.,0.));
#4617=DIRECTION('center_axis',(1.,1.48029736616688E-15,0.));
#4618=DIRECTION('ref_axis',(1.48029736616688E-15,-1.,0.));
#4619=DIRECTION('',(1.48029736616688E-15,-1.,0.));
#4620=DIRECTION('',(1.48029736616688E-15,-1.,0.));
#4621=DIRECTION('',(1.48029736616688E-15,-1.,0.));
#4622=DIRECTION('center_axis',(0.,0.,1.));
#4623=DIRECTION('ref_axis',(-1.,0.,0.));
#4624=DIRECTION('',(0.,1.,0.));
#4625=DIRECTION('center_axis',(0.,0.,1.));
#4626=DIRECTION('ref_axis',(1.,0.,0.));
#4627=DIRECTION('center_axis',(-1.,0.,0.));
#4628=DIRECTION('ref_axis',(0.,1.,0.));
#4629=DIRECTION('',(0.,1.,0.));
#4630=DIRECTION('',(0.,1.,0.));
#4631=DIRECTION('center_axis',(0.,0.,1.));
#4632=DIRECTION('ref_axis',(-1.,0.,0.));
#4633=DIRECTION('center_axis',(0.,0.,1.));
#4634=DIRECTION('ref_axis',(1.,0.,0.));
#4635=DIRECTION('center_axis',(0.,0.,1.));
#4636=DIRECTION('ref_axis',(-1.,0.,0.));
#4637=DIRECTION('center_axis',(0.,0.,1.));
#4638=DIRECTION('ref_axis',(-1.,0.,0.));
#4639=DIRECTION('center_axis',(0.,0.,1.));
#4640=DIRECTION('ref_axis',(-1.,0.,0.));
#4641=DIRECTION('center_axis',(0.,0.,1.));
#4642=DIRECTION('ref_axis',(-1.,0.,0.));
#4643=DIRECTION('center_axis',(0.525182131798779,-0.0742629227099129,-0.84774332598368));
#4644=DIRECTION('ref_axis',(-0.839392975915608,0.118693633921168,-0.530406686656689));
#4645=DIRECTION('center_axis',(-2.04270241981834E-16,-2.04270241981835E-16,
-1.));
#4646=DIRECTION('ref_axis',(-0.70710678118655,0.707106781186545,0.));
#4647=DIRECTION('center_axis',(-0.707106781186543,-0.707106781186552,0.));
#4648=DIRECTION('ref_axis',(0.,0.,-1.));
#4649=DIRECTION('center_axis',(-0.483328241233859,0.875439210468542,-1.98437414249048E-14));
#4650=DIRECTION('ref_axis',(-0.875439210468542,-0.483328241233859,0.));
#4651=DIRECTION('center_axis',(0.707106781186547,0.707106781186548,0.));
#4652=DIRECTION('ref_axis',(-0.500000000000004,0.5,-0.707106781186545));
#4653=DIRECTION('center_axis',(-0.707106781186541,-0.707106781186554,0.));
#4654=DIRECTION('ref_axis',(-0.707106781186554,0.707106781186541,0.));
#4655=DIRECTION('',(-0.707106781186547,-0.707106781186548,0.));
#4656=DIRECTION('',(0.707106781186547,0.707106781186548,0.));
#4657=DIRECTION('center_axis',(0.,0.,-1.));
#4658=DIRECTION('ref_axis',(-1.,0.,0.));
#4659=DIRECTION('center_axis',(0.,-1.,0.));
#4660=DIRECTION('ref_axis',(-1.,0.,0.));
#4661=DIRECTION('center_axis',(0.,0.,-1.));
#4662=DIRECTION('ref_axis',(0.923879532511288,-0.382683432365088,0.));
#4663=DIRECTION('center_axis',(0.,0.,1.));
#4664=DIRECTION('ref_axis',(0.923879532511288,-0.382683432365088,0.));
#4665=DIRECTION('center_axis',(0.,1.,0.));
#4666=DIRECTION('ref_axis',(-0.707106781186546,0.,-0.707106781186549));
#4667=DIRECTION('center_axis',(0.,-1.,0.));
#4668=DIRECTION('ref_axis',(-1.,0.,0.));
#4669=DIRECTION('',(0.,-1.,0.));
#4670=DIRECTION('',(0.,1.,0.));
#4671=DIRECTION('center_axis',(0.,0.,-1.));
#4672=DIRECTION('ref_axis',(-1.,0.,0.));
#4673=DIRECTION('center_axis',(0.707106781186543,-0.707106781186552,0.));
#4674=DIRECTION('ref_axis',(-0.707106781186552,-0.707106781186543,0.));
#4675=DIRECTION('center_axis',(0.,0.,-1.));
#4676=DIRECTION('ref_axis',(0.923879532511287,0.38268343236509,0.));
#4677=DIRECTION('center_axis',(0.,0.,1.));
#4678=DIRECTION('ref_axis',(0.923879532511287,0.38268343236509,0.));
#4679=DIRECTION('center_axis',(-0.707106781186548,0.707106781186547,0.));
#4680=DIRECTION('ref_axis',(-0.5,-0.5,-0.707106781186548));
#4681=DIRECTION('center_axis',(-0.707106781186549,0.707106781186546,0.));
#4682=DIRECTION('ref_axis',(-0.5,-0.5,-0.707106781186548));
#4683=DIRECTION('',(0.707106781186548,-0.707106781186547,0.));
#4684=DIRECTION('',(-0.707106781186548,0.707106781186547,0.));
#4685=DIRECTION('center_axis',(-0.525182131798785,-0.0742629227099164,-0.847743325983676));
#4686=DIRECTION('ref_axis',(0.839392975915603,0.118693633921172,-0.530406686656696));
#4687=DIRECTION('center_axis',(-1.39624706508717E-16,-2.52898408162229E-16,
-1.));
#4688=DIRECTION('ref_axis',(0.875439210468542,-0.483328241233859,0.));
#4689=DIRECTION('center_axis',(0.483328241233859,0.875439210468542,0.));
#4690=DIRECTION('ref_axis',(0.,0.,-1.));
#4691=DIRECTION('center_axis',(0.707106781186548,-0.707106781186548,-6.2803698347351E-15));
#4692=DIRECTION('ref_axis',(0.707106781186548,0.707106781186548,0.));
#4693=DIRECTION('center_axis',(0.,0.,1.));
#4694=DIRECTION('ref_axis',(6.12323399573677E-17,-1.,0.));
#4695=DIRECTION('center_axis',(0.,0.,-1.));
#4696=DIRECTION('ref_axis',(6.12323399573677E-17,-1.,0.));
#4697=DIRECTION('center_axis',(0.,0.,1.));
#4698=DIRECTION('ref_axis',(6.12323399573676E-17,-1.,0.));
#4699=DIRECTION('center_axis',(-0.707106781186548,-0.707106781186547,0.));
#4700=DIRECTION('ref_axis',(0.49999999999999,-0.500000000000003,-0.707106781186553));
#4701=DIRECTION('center_axis',(0.707106781186552,0.707106781186543,0.));
#4702=DIRECTION('ref_axis',(0.707106781186543,-0.707106781186552,0.));
#4703=DIRECTION('',(0.707106781186548,0.707106781186547,0.));
#4704=DIRECTION('center_axis',(0.707106781186549,0.707106781186546,0.));
#4705=DIRECTION('ref_axis',(0.49999999999999,-0.500000000000003,-0.707106781186553));
#4706=DIRECTION('',(-0.707106781186548,-0.707106781186547,0.));
#4707=DIRECTION('center_axis',(0.,0.,-1.));
#4708=DIRECTION('ref_axis',(-1.,0.,0.));
#4709=DIRECTION('center_axis',(0.,1.,0.));
#4710=DIRECTION('ref_axis',(1.,0.,0.));
#4711=DIRECTION('center_axis',(0.,0.,-1.));
#4712=DIRECTION('ref_axis',(-0.923879532511287,0.38268343236509,0.));
#4713=DIRECTION('center_axis',(0.,0.,1.));
#4714=DIRECTION('ref_axis',(-0.923879532511287,0.38268343236509,0.));
#4715=DIRECTION('center_axis',(0.,-1.,0.));
#4716=DIRECTION('ref_axis',(0.707106781186546,0.,-0.707106781186549));
#4717=DIRECTION('center_axis',(0.,1.,0.));
#4718=DIRECTION('ref_axis',(1.,0.,0.));
#4719=DIRECTION('',(0.,1.,0.));
#4720=DIRECTION('',(0.,-1.,0.));
#4721=DIRECTION('center_axis',(0.,0.,-1.));
#4722=DIRECTION('ref_axis',(-1.,0.,0.));
#4723=DIRECTION('center_axis',(-0.707106781186545,0.70710678118655,0.));
#4724=DIRECTION('ref_axis',(0.70710678118655,0.707106781186545,0.));
#4725=DIRECTION('center_axis',(0.,0.,-1.));
#4726=DIRECTION('ref_axis',(-0.923879532511287,-0.38268343236509,0.));
#4727=DIRECTION('center_axis',(0.,0.,1.));
#4728=DIRECTION('ref_axis',(-0.923879532511287,-0.38268343236509,0.));
#4729=DIRECTION('center_axis',(0.707106781186547,-0.707106781186548,0.));
#4730=DIRECTION('ref_axis',(0.5,0.5,-0.707106781186548));
#4731=DIRECTION('',(-0.707106781186547,0.707106781186548,0.));
#4732=DIRECTION('',(0.707106781186547,-0.707106781186548,0.));
#4733=DIRECTION('center_axis',(0.,0.,-1.));
#4734=DIRECTION('ref_axis',(0.990149907628722,0.140011286769438,0.));
#4735=DIRECTION('center_axis',(0.,0.,1.));
#4736=DIRECTION('ref_axis',(0.990149907628722,0.140011286769438,0.));
#4737=DIRECTION('',(0.,0.,-1.));
#4738=DIRECTION('',(0.,0.,1.));
#4739=DIRECTION('center_axis',(0.,0.,-1.));
#4740=DIRECTION('ref_axis',(-0.990149907628722,0.140011286769438,0.));
#4741=DIRECTION('center_axis',(0.,0.,1.));
#4742=DIRECTION('ref_axis',(-0.990149907628722,0.140011286769438,0.));
#4743=DIRECTION('',(0.,0.,-1.));
#4744=DIRECTION('',(0.,0.,1.));
#4745=DIRECTION('center_axis',(0.,0.,1.));
#4746=DIRECTION('ref_axis',(1.,0.,0.));
#4747=DIRECTION('',(0.52733162446383,0.849659554080538,0.));
#4748=DIRECTION('center_axis',(0.,0.,1.));
#4749=DIRECTION('ref_axis',(0.703968941581927,0.710230757773853,0.));
#4750=DIRECTION('center_axis',(0.,0.,1.));
#4751=DIRECTION('ref_axis',(1.,0.,0.));
#4752=DIRECTION('',(0.,-1.,0.));
#4753=DIRECTION('',(1.,0.,0.));
#4754=DIRECTION('',(0.,1.,0.));
#4755=DIRECTION('center_axis',(0.,0.,1.));
#4756=DIRECTION('ref_axis',(1.,0.,0.));
#4757=DIRECTION('center_axis',(0.,0.,1.));
#4758=DIRECTION('ref_axis',(-0.703968941581924,0.710230757773856,0.));
#4759=DIRECTION('',(0.527331624463829,-0.849659554080539,0.));
#4760=DIRECTION('center_axis',(0.,0.,1.));
#4761=DIRECTION('ref_axis',(-0.961680704309008,-0.274171885793804,0.));
#4762=DIRECTION('',(1.77635683940025E-16,-1.,0.));
#4763=DIRECTION('center_axis',(0.,0.,1.));
#4764=DIRECTION('ref_axis',(-0.923879532511287,0.38268343236509,0.));
#4765=DIRECTION('',(-0.707106781186548,-0.707106781186548,0.));
#4766=DIRECTION('center_axis',(0.,0.,1.));
#4767=DIRECTION('ref_axis',(-0.382683432365089,0.923879532511287,0.));
#4768=DIRECTION('',(-1.,5.07530525542929E-16,0.));
#4769=DIRECTION('center_axis',(0.,0.,1.));
#4770=DIRECTION('ref_axis',(0.382683432365091,0.923879532511286,0.));
#4771=DIRECTION('',(-0.707106781186546,0.707106781186549,0.));
#4772=DIRECTION('center_axis',(0.,0.,1.));
#4773=DIRECTION('ref_axis',(0.923879532511287,0.382683432365089,0.));
#4774=DIRECTION('',(0.,1.,0.));
#4775=DIRECTION('center_axis',(0.,0.,1.));
#4776=DIRECTION('ref_axis',(0.961680704309008,-0.274171885793805,0.));
#4777=DIRECTION('',(0.707106781186546,-0.707106781186549,0.));
#4778=DIRECTION('',(0.707106781186546,0.707106781186549,0.));
#4779=DIRECTION('center_axis',(0.,0.,1.));
#4780=DIRECTION('ref_axis',(1.,0.,0.));
#4781=DIRECTION('',(0.707106781186548,-0.707106781186547,0.));
#4782=DIRECTION('center_axis',(0.,0.,1.));
#4783=DIRECTION('ref_axis',(0.38268343236509,0.923879532511287,0.));
#4784=DIRECTION('',(1.,0.,0.));
#4785=DIRECTION('center_axis',(0.,0.,1.));
#4786=DIRECTION('ref_axis',(-0.707106781186549,0.707106781186546,0.));
#4787=DIRECTION('',(1.74206726043231E-16,-1.,0.));
#4788=DIRECTION('',(-1.,0.,0.));
#4789=DIRECTION('',(-3.48413452086463E-16,1.,0.));
#4790=DIRECTION('center_axis',(0.,0.,1.));
#4791=DIRECTION('ref_axis',(0.707106781186549,0.707106781186546,0.));
#4792=DIRECTION('',(1.,4.79714781333114E-16,0.));
#4793=DIRECTION('center_axis',(0.,0.,1.));
#4794=DIRECTION('ref_axis',(-0.382683432365086,0.923879532511288,0.));
#4795=DIRECTION('',(0.707106781186548,0.707106781186547,0.));
#4796=DIRECTION('center_axis',(0.,0.,1.));
#4797=DIRECTION('ref_axis',(-1.,0.,0.));
#4798=DIRECTION('center_axis',(0.707106781186547,0.707106781186548,0.));
#4799=DIRECTION('ref_axis',(0.707106781186548,-0.707106781186547,0.));
#4800=DIRECTION('',(0.,0.,-1.));
#4801=DIRECTION('',(-0.707106781186548,0.707106781186547,0.));
#4802=DIRECTION('',(0.,0.,-1.));
#4803=DIRECTION('center_axis',(0.,0.,-1.));
#4804=DIRECTION('ref_axis',(0.923879532511287,0.382683432365088,0.));
#4805=DIRECTION('',(0.,0.,1.));
#4806=DIRECTION('center_axis',(0.,0.,-1.));
#4807=DIRECTION('ref_axis',(0.923879532511287,0.382683432365088,0.));
#4808=DIRECTION('center_axis',(1.,0.,0.));
#4809=DIRECTION('ref_axis',(0.,-1.,0.));
#4810=DIRECTION('',(0.,0.,-1.));
#4811=DIRECTION('',(0.,1.,0.));
#4812=DIRECTION('center_axis',(0.,0.,-1.));
#4813=DIRECTION('ref_axis',(0.923879532511287,-0.382683432365088,0.));
#4814=DIRECTION('',(0.,0.,1.));
#4815=DIRECTION('center_axis',(0.,0.,-1.));
#4816=DIRECTION('ref_axis',(0.923879532511287,-0.382683432365088,0.));
#4817=DIRECTION('center_axis',(0.707106781186548,-0.707106781186547,0.));
#4818=DIRECTION('ref_axis',(-0.707106781186547,-0.707106781186548,0.));
#4819=DIRECTION('',(0.707106781186547,0.707106781186548,0.));
#4820=DIRECTION('center_axis',(-0.252837056701449,-0.925160444402919,0.283110534722291));
#4821=DIRECTION('ref_axis',(0.616252532753783,-0.379576279701715,-0.690039610285057));
#4822=DIRECTION('center_axis',(0.44992102765678,-0.893068345017483,-6.95557593268175E-15));
#4823=DIRECTION('ref_axis',(0.893068345017483,0.44992102765678,0.));
#4824=DIRECTION('center_axis',(0.,0.,-1.));
#4825=DIRECTION('ref_axis',(0.,-1.,0.));
#4826=DIRECTION('center_axis',(1.,4.44089209850063E-15,0.));
#4827=DIRECTION('ref_axis',(0.,0.,-1.));
#4828=DIRECTION('center_axis',(0.,0.,-1.));
#4829=DIRECTION('ref_axis',(0.851446130902238,-0.524442071321141,0.));
#4830=DIRECTION('',(0.,0.,-1.));
#4831=DIRECTION('',(0.,0.,1.));
#4832=DIRECTION('center_axis',(0.,0.,-1.));
#4833=DIRECTION('ref_axis',(0.851446130902238,-0.524442071321141,0.));
#4834=DIRECTION('center_axis',(-1.,0.,0.));
#4835=DIRECTION('ref_axis',(0.,-0.707106781186547,-0.707106781186548));
#4836=DIRECTION('',(1.,0.,0.));
#4837=DIRECTION('',(-1.,0.,0.));
#4838=DIRECTION('center_axis',(0.707106781186547,0.707106781186548,0.));
#4839=DIRECTION('ref_axis',(0.707106781186548,-0.707106781186547,0.));
#4840=DIRECTION('center_axis',(-0.81971112977324,0.409637024587031,-0.40033882126689));
#4841=DIRECTION('ref_axis',(0.572777150142951,0.586238519007577,-0.572931701955759));
#4842=DIRECTION('center_axis',(-2.57928143113143E-17,1.11022302462516E-15,
-1.));
#4843=DIRECTION('ref_axis',(0.999730243915134,0.0232258347834337,0.));
#4844=DIRECTION('center_axis',(-0.0232258347834379,0.999730243915134,0.));
#4845=DIRECTION('ref_axis',(0.,0.,-1.));
#4846=DIRECTION('center_axis',(1.,0.,0.));
#4847=DIRECTION('ref_axis',(0.,1.,0.));
#4848=DIRECTION('center_axis',(0.,0.,-1.));
#4849=DIRECTION('ref_axis',(-1.,0.,0.));
#4850=DIRECTION('center_axis',(0.,1.,0.));
#4851=DIRECTION('ref_axis',(1.,0.,0.));
#4852=DIRECTION('center_axis',(0.,0.,1.));
#4853=DIRECTION('ref_axis',(0.999660206051634,0.0260666920955534,0.));
#4854=DIRECTION('center_axis',(0.,0.,-1.));
#4855=DIRECTION('ref_axis',(0.999660206051634,0.0260666920955534,0.));
#4856=DIRECTION('center_axis',(0.,-1.,0.));
#4857=DIRECTION('ref_axis',(0.707106781186548,0.,-0.707106781186548));
#4858=DIRECTION('center_axis',(0.,1.,0.));
#4859=DIRECTION('ref_axis',(1.,0.,0.));
#4860=DIRECTION('',(0.,1.,0.));
#4861=DIRECTION('',(0.,-1.,0.));
#4862=DIRECTION('center_axis',(0.,0.,-1.));
#4863=DIRECTION('ref_axis',(-1.,0.,0.));
#4864=DIRECTION('center_axis',(-1.,0.,0.));
#4865=DIRECTION('ref_axis',(0.,1.,0.));
#4866=DIRECTION('center_axis',(0.,0.,-1.));
#4867=DIRECTION('ref_axis',(-0.707106781186549,-0.707106781186546,0.));
#4868=DIRECTION('center_axis',(0.,0.,1.));
#4869=DIRECTION('ref_axis',(-0.707106781186549,-0.707106781186546,0.));
#4870=DIRECTION('center_axis',(1.,0.,0.));
#4871=DIRECTION('ref_axis',(0.,0.707106781186546,-0.707106781186549));
#4872=DIRECTION('center_axis',(-1.,0.,0.));
#4873=DIRECTION('ref_axis',(0.,1.,0.));
#4874=DIRECTION('',(-1.,0.,0.));
#4875=DIRECTION('',(1.,0.,0.));
#4876=DIRECTION('center_axis',(0.,0.,-1.));
#4877=DIRECTION('ref_axis',(-1.,0.,0.));
#4878=DIRECTION('center_axis',(0.,-1.,0.));
#4879=DIRECTION('ref_axis',(-1.,0.,0.));
#4880=DIRECTION('center_axis',(0.,0.,-1.));
#4881=DIRECTION('ref_axis',(0.707106781186548,-0.707106781186547,0.));
#4882=DIRECTION('center_axis',(0.,0.,1.));
#4883=DIRECTION('ref_axis',(0.707106781186548,-0.707106781186547,0.));
#4884=DIRECTION('center_axis',(0.,1.,0.));
#4885=DIRECTION('ref_axis',(-0.707106781186548,0.,-0.707106781186548));
#4886=DIRECTION('center_axis',(0.,-1.,0.));
#4887=DIRECTION('ref_axis',(-1.,0.,0.));
#4888=DIRECTION('',(0.,-1.,0.));
#4889=DIRECTION('',(0.,1.,0.));
#4890=DIRECTION('center_axis',(0.,0.,-1.));
#4891=DIRECTION('ref_axis',(-1.,0.,0.));
#4892=DIRECTION('center_axis',(-0.707106781186548,-0.707106781186548,0.));
#4893=DIRECTION('ref_axis',(-0.707106781186548,0.707106781186548,0.));
#4894=DIRECTION('center_axis',(0.,0.,1.));
#4895=DIRECTION('ref_axis',(-0.923879532511287,0.38268343236509,0.));
#4896=DIRECTION('center_axis',(0.,0.,-1.));
#4897=DIRECTION('ref_axis',(-0.923879532511287,0.38268343236509,0.));
#4898=DIRECTION('center_axis',(0.707106781186548,0.707106781186547,0.));
#4899=DIRECTION('ref_axis',(-0.499999999999999,0.499999999999999,-0.707106781186549));
#4900=DIRECTION('',(-0.707106781186548,-0.707106781186547,0.));
#4901=DIRECTION('',(0.707106781186548,0.707106781186547,0.));
#4902=DIRECTION('center_axis',(1.,0.,0.));
#4903=DIRECTION('ref_axis',(0.,0.707106781186548,-0.707106781186548));
#4904=DIRECTION('',(1.,0.,0.));
#4905=DIRECTION('',(-1.,0.,0.));
#4906=DIRECTION('center_axis',(0.707106781186548,-0.707106781186548,0.));
#4907=DIRECTION('ref_axis',(-0.707106781186548,-0.707106781186548,0.));
#4908=DIRECTION('center_axis',(0.,0.,1.));
#4909=DIRECTION('ref_axis',(0.698846966515761,0.715271219462742,0.));
#4910=DIRECTION('',(0.,0.,-1.));
#4911=DIRECTION('',(0.,0.,1.));
#4912=DIRECTION('center_axis',(0.,-1.,0.));
#4913=DIRECTION('ref_axis',(0.707106781186549,0.,-0.707106781186546));
#4914=DIRECTION('',(0.,-1.,0.));
#4915=DIRECTION('',(0.,1.,0.));
#4916=DIRECTION('center_axis',(0.,0.,1.));
#4917=DIRECTION('ref_axis',(1.,0.,0.));
#4918=DIRECTION('center_axis',(0.,0.,-1.));
#4919=DIRECTION('ref_axis',(0.972357283380472,0.233497994545879,0.));
#4920=DIRECTION('center_axis',(0.,0.,1.));
#4921=DIRECTION('ref_axis',(0.972357283380472,0.233497994545879,0.));
#4922=DIRECTION('center_axis',(0.707106781186548,-0.707106781186547,0.));
#4923=DIRECTION('ref_axis',(0.499999999999999,0.5,-0.707106781186548));
#4924=DIRECTION('center_axis',(-0.707106781186547,0.707106781186548,0.));
#4925=DIRECTION('ref_axis',(0.707106781186548,0.707106781186547,0.));
#4926=DIRECTION('',(-0.707106781186548,0.707106781186547,0.));
#4927=DIRECTION('',(0.707106781186548,-0.707106781186547,0.));
#4928=DIRECTION('center_axis',(0.,0.,-1.));
#4929=DIRECTION('ref_axis',(-1.,0.,0.));
#4930=DIRECTION('center_axis',(0.,0.,1.));
#4931=DIRECTION('ref_axis',(0.824033048741977,0.566541732426662,0.));
#4932=DIRECTION('center_axis',(0.,0.,-1.));
#4933=DIRECTION('ref_axis',(0.824033048741977,0.566541732426662,0.));
#4934=DIRECTION('center_axis',(0.,0.,-1.));
#4935=DIRECTION('ref_axis',(1.,0.,0.));
#4936=DIRECTION('',(1.,0.,0.));
#4937=DIRECTION('',(0.,-1.,0.));
#4938=DIRECTION('',(-1.,0.,0.));
#4939=DIRECTION('center_axis',(0.,-1.,0.));
#4940=DIRECTION('ref_axis',(1.,0.,0.));
#4941=DIRECTION('',(0.,0.,1.));
#4942=DIRECTION('center_axis',(0.707106781186547,-0.707106781186548,0.));
#4943=DIRECTION('ref_axis',(-0.707106781186548,-0.707106781186547,0.));
#4944=DIRECTION('',(0.,0.,-1.));
#4945=DIRECTION('',(0.707106781186548,0.707106781186547,0.));
#4946=DIRECTION('',(0.,0.,-1.));
#4947=DIRECTION('center_axis',(0.,0.,-1.));
#4948=DIRECTION('ref_axis',(-1.,-2.62694579065552E-16,0.));
#4949=DIRECTION('',(0.,0.,-1.));
#4950=DIRECTION('center_axis',(0.,0.,-1.));
#4951=DIRECTION('ref_axis',(-1.,-2.62694579065552E-16,0.));
#4952=DIRECTION('center_axis',(1.,0.,0.));
#4953=DIRECTION('ref_axis',(0.,-1.,0.));
#4954=DIRECTION('',(0.,0.,-1.));
#4955=DIRECTION('',(0.,1.,0.));
#4956=DIRECTION('center_axis',(0.,0.,-1.));
#4957=DIRECTION('ref_axis',(0.707106781186548,-0.707106781186547,0.));
#4958=DIRECTION('',(0.,0.,1.));
#4959=DIRECTION('center_axis',(0.,0.,-1.));
#4960=DIRECTION('ref_axis',(0.707106781186548,-0.707106781186547,0.));
#4961=DIRECTION('center_axis',(0.,-1.,0.));
#4962=DIRECTION('ref_axis',(-1.,0.,0.));
#4963=DIRECTION('',(0.,0.,-1.));
#4964=DIRECTION('',(1.,0.,0.));
#4965=DIRECTION('center_axis',(0.,0.,-1.));
#4966=DIRECTION('ref_axis',(-0.707106781186549,-0.707106781186546,0.));
#4967=DIRECTION('',(0.,0.,1.));
#4968=DIRECTION('center_axis',(0.,0.,-1.));
#4969=DIRECTION('ref_axis',(-0.707106781186549,-0.707106781186546,0.));
#4970=DIRECTION('center_axis',(-1.,0.,0.));
#4971=DIRECTION('ref_axis',(0.,1.,0.));
#4972=DIRECTION('',(0.,0.,-1.));
#4973=DIRECTION('',(0.,-1.,0.));
#4974=DIRECTION('center_axis',(0.,0.,-1.));
#4975=DIRECTION('ref_axis',(0.707106781186547,0.707106781186548,0.));
#4976=DIRECTION('',(0.,0.,-1.));
#4977=DIRECTION('center_axis',(0.,0.,-1.));
#4978=DIRECTION('ref_axis',(0.707106781186547,0.707106781186548,0.));
#4979=DIRECTION('center_axis',(-0.707106781186547,-0.707106781186548,0.));
#4980=DIRECTION('ref_axis',(-0.707106781186548,0.707106781186547,0.));
#4981=DIRECTION('',(0.,0.,-1.));
#4982=DIRECTION('',(0.707106781186548,-0.707106781186547,0.));
#4983=DIRECTION('center_axis',(0.,0.,1.));
#4984=DIRECTION('ref_axis',(-1.,0.,0.));
#4985=DIRECTION('center_axis',(3.14018491736755E-15,3.14018491736755E-15,
-1.));
#4986=DIRECTION('ref_axis',(-0.707106781186548,0.707106781186548,0.));
#4987=DIRECTION('center_axis',(-0.499999999999997,-0.500000000000004,0.707106781186547));
#4988=DIRECTION('ref_axis',(-0.5,-0.5,-0.707106781186548));
#4989=DIRECTION('center_axis',(-0.707106781186545,0.70710678118655,-3.12791857003409E-15));
#4990=DIRECTION('ref_axis',(-0.70710678118655,-0.707106781186545,0.));
#4991=DIRECTION('center_axis',(0.,0.,1.));
#4992=DIRECTION('ref_axis',(1.,0.,0.));
#4993=DIRECTION('center_axis',(-0.62199490479106,-0.360801634579057,0.694942097515355));
#4994=DIRECTION('ref_axis',(0.501764490386201,-0.865004275242311,2.22044604925034E-15));
#4995=DIRECTION('center_axis',(-1.13721667743884E-14,1.13721667743884E-14,
-1.));
#4996=DIRECTION('ref_axis',(-0.707106781186548,-0.707106781186548,0.));
#4997=DIRECTION('center_axis',(0.70710678118657,-0.707106781186525,-3.14018491736754E-14));
#4998=DIRECTION('ref_axis',(-0.5,-0.5,-0.707106781186548));
#4999=DIRECTION('center_axis',(0.,0.,1.));
#5000=DIRECTION('ref_axis',(-0.129515515499331,-0.991577395489098,0.));
#5001=DIRECTION('center_axis',(0.,0.,1.));
#5002=DIRECTION('ref_axis',(-0.129515515499331,-0.991577395489098,0.));
#5003=DIRECTION('',(0.,0.,-1.));
#5004=DIRECTION('',(0.,0.,1.));
#5005=DIRECTION('center_axis',(-0.707106781186546,0.707106781186549,0.));
#5006=DIRECTION('ref_axis',(-0.65328148243819,-0.653281482438185,-0.382683432365091));
#5007=DIRECTION('',(0.707106781186546,-0.707106781186549,0.));
#5008=DIRECTION('',(-0.707106781186546,0.707106781186549,0.));
#5009=DIRECTION('center_axis',(-0.0569124158604525,-0.9951296050077,-0.0804863103772712));
#5010=DIRECTION('ref_axis',(-0.574538345329762,0.0985751958517936,-0.812519920068745));
#5011=DIRECTION('center_axis',(0.500000000000004,0.500000000000004,-0.707106781186542));
#5012=DIRECTION('ref_axis',(-0.707106781186548,0.707106781186548,0.));
#5013=DIRECTION('center_axis',(-0.707106781186545,-0.70710678118655,0.));
#5014=DIRECTION('ref_axis',(0.,0.,-1.));
#5015=DIRECTION('center_axis',(-0.707106781186548,0.707106781186548,0.));
#5016=DIRECTION('ref_axis',(-0.499999999999997,-0.499999999999997,-0.707106781186551));
#5017=DIRECTION('center_axis',(0.00740764407476034,-0.778290347588948,0.627860861703559));
#5018=DIRECTION('ref_axis',(-0.00918180605918192,-0.627904558710858,-0.778236184964189));
#5019=DIRECTION('center_axis',(0.633004394963325,0.346218169313431,-0.692414915490973));
#5020=DIRECTION('ref_axis',(-0.499999999999996,-0.500000000000005,-0.707106781186547));
#5021=DIRECTION('center_axis',(0.707106781186535,-0.70710678118656,0.));
#5022=DIRECTION('ref_axis',(0.,0.,-1.));
#5023=DIRECTION('center_axis',(-0.877345529317161,-0.479859169118597,-1.98467929002614E-14));
#5024=DIRECTION('ref_axis',(0.479859169118597,-0.877345529317161,0.));
#5025=DIRECTION('center_axis',(0.707106781186546,-0.707106781186549,0.));
#5026=DIRECTION('ref_axis',(-0.270598050073101,-0.270598050073101,-0.923879532511285));
#5027=DIRECTION('',(-0.707106781186546,0.707106781186549,0.));
#5028=DIRECTION('',(0.707106781186546,-0.707106781186549,0.));
#5029=DIRECTION('center_axis',(-0.941663177664664,-0.29040009934039,0.17011243967911));
#5030=DIRECTION('ref_axis',(-0.336556770590771,0.812519920068745,-0.475963149477974));
#5031=DIRECTION('center_axis',(0.707106781186548,0.707106781186548,3.14018491736755E-15));
#5032=DIRECTION('ref_axis',(-0.707106781186548,0.707106781186548,0.));
#5033=DIRECTION('center_axis',(0.,0.,-1.));
#5034=DIRECTION('ref_axis',(0.,1.,0.));
#5035=DIRECTION('center_axis',(-1.,-1.33226762955019E-14,0.));
#5036=DIRECTION('ref_axis',(0.,0.,-1.));
#5037=DIRECTION('center_axis',(0.,0.,-1.));
#5038=DIRECTION('ref_axis',(-0.382683432365086,0.923879532511288,0.));
#5039=DIRECTION('',(0.,0.,-1.));
#5040=DIRECTION('',(0.,0.,1.));
#5041=DIRECTION('center_axis',(-0.219179498549128,-0.899216924704802,0.378641347108569));
#5042=DIRECTION('ref_axis',(0.450488088730381,-0.437503054074412,-0.778236184964186));
#5043=DIRECTION('center_axis',(-0.692414915490988,-0.202788484907925,-0.692414915490962));
#5044=DIRECTION('ref_axis',(0.281065300725563,-0.959688645722168,-4.44089209850064E-15));
#5045=DIRECTION('center_axis',(0.959688645722165,0.281065300725574,0.));
#5046=DIRECTION('ref_axis',(0.,0.,-1.));
#5047=DIRECTION('center_axis',(1.77635683940025E-14,-1.,1.77635683940025E-14));
#5048=DIRECTION('ref_axis',(0.707106781186548,0.,-0.707106781186548));
#5049=DIRECTION('center_axis',(0.,0.,1.));
#5050=DIRECTION('ref_axis',(1.,0.,0.));
#5051=DIRECTION('center_axis',(0.,0.,-1.));
#5052=DIRECTION('ref_axis',(-0.382683432365092,0.923879532511286,0.));
#5053=DIRECTION('center_axis',(0.,0.,1.));
#5054=DIRECTION('ref_axis',(-0.382683432365092,0.923879532511286,0.));
#5055=DIRECTION('center_axis',(0.182143211721528,-0.879465224064608,-0.439732612032307));
#5056=DIRECTION('ref_axis',(0.336556770590776,0.475963149477964,-0.812519920068748));
#5057=DIRECTION('center_axis',(1.,0.,-6.66133814775093E-15));
#5058=DIRECTION('ref_axis',(0.,1.,0.));
#5059=DIRECTION('center_axis',(-0.707106781186548,3.14018491736756E-15,
-0.707106781186548));
#5060=DIRECTION('ref_axis',(0.707106781186548,0.,-0.707106781186548));
#5061=DIRECTION('center_axis',(0.,1.,0.));
#5062=DIRECTION('ref_axis',(0.,0.,-1.));
#5063=DIRECTION('center_axis',(0.,0.,1.));
#5064=DIRECTION('ref_axis',(1.,0.,0.));
#5065=DIRECTION('center_axis',(0.694942097515319,0.184691532567179,0.694942097515322));
#5066=DIRECTION('ref_axis',(0.707106781186548,8.88178419700124E-15,-0.707106781186548));
#5067=DIRECTION('center_axis',(0.,-1.,-3.76822190084106E-14));
#5068=DIRECTION('ref_axis',(1.,0.,0.));
#5069=DIRECTION('center_axis',(8.88178419700119E-15,2.36047052141515E-15,
-1.));
#5070=DIRECTION('ref_axis',(0.256849315068496,-0.966451462489889,0.));
#5071=DIRECTION('center_axis',(0.,0.,1.));
#5072=DIRECTION('ref_axis',(1.,0.,0.));
#5073=DIRECTION('center_axis',(0.,1.,0.));
#5074=DIRECTION('ref_axis',(0.707106781186548,0.,-0.707106781186548));
#5075=DIRECTION('center_axis',(0.707106781186545,0.,0.70710678118655));
#5076=DIRECTION('ref_axis',(0.,1.,0.));
#5077=DIRECTION('center_axis',(0.,0.,-1.));
#5078=DIRECTION('ref_axis',(1.,0.,0.));
#5079=DIRECTION('center_axis',(0.707106781186548,3.39209574916067E-16,0.707106781186548));
#5080=DIRECTION('ref_axis',(0.5,0.707106781186547,-0.5));
#5081=DIRECTION('',(-0.707106781186548,-3.39209574916067E-16,-0.707106781186548));
#5082=DIRECTION('',(0.707106781186548,3.39209574916067E-16,0.707106781186548));
#5083=DIRECTION('center_axis',(0.,0.,-1.));
#5084=DIRECTION('ref_axis',(0.707106781186549,0.707106781186546,0.));
#5085=DIRECTION('',(0.,0.,-1.));
#5086=DIRECTION('',(0.,0.,1.));
#5087=DIRECTION('center_axis',(3.48413452086463E-16,-1.,0.));
#5088=DIRECTION('ref_axis',(0.923879532511287,0.,-0.382683432365088));
#5089=DIRECTION('',(-3.48413452086463E-16,1.,0.));
#5090=DIRECTION('',(3.48413452086463E-16,-1.,0.));
#5091=DIRECTION('center_axis',(0.,0.,-1.));
#5092=DIRECTION('ref_axis',(0.792732399700082,-0.609569801143191,0.));
#5093=DIRECTION('center_axis',(0.,0.,1.));
#5094=DIRECTION('ref_axis',(0.792732399700082,-0.609569801143191,0.));
#5095=DIRECTION('',(0.,0.,-1.));
#5096=DIRECTION('',(0.,0.,1.));
#5097=DIRECTION('center_axis',(0.707106781186548,2.46365514626952E-16,-0.707106781186548));
#5098=DIRECTION('ref_axis',(-0.707106781186548,0.,-0.707106781186548));
#5099=DIRECTION('center_axis',(-0.713186465553649,-2.05590786918544E-16,
0.700974368540744));
#5100=DIRECTION('ref_axis',(-0.700974368540744,0.,-0.713186465553649));
#5101=DIRECTION('center_axis',(-3.48413452086463E-16,1.,0.));
#5102=DIRECTION('ref_axis',(0.382683432365091,0.,-0.923879532511286));
#5103=DIRECTION('',(3.48413452086463E-16,-1.,0.));
#5104=DIRECTION('',(-3.48413452086463E-16,1.,0.));
#5105=DIRECTION('center_axis',(1.,4.79714781333114E-16,0.));
#5106=DIRECTION('ref_axis',(0.,0.707106781186546,-0.707106781186549));
#5107=DIRECTION('',(-1.,-4.79714781333114E-16,0.));
#5108=DIRECTION('',(1.,4.79714781333114E-16,0.));
#5109=DIRECTION('center_axis',(0.707106781186548,0.707106781186547,0.));
#5110=DIRECTION('ref_axis',(-0.499999999999999,0.499999999999999,-0.707106781186549));
#5111=DIRECTION('',(-0.707106781186548,-0.707106781186547,0.));
#5112=DIRECTION('',(0.707106781186548,0.707106781186547,0.));
#5113=DIRECTION('center_axis',(-0.500000000000001,-0.499999999999999,-0.707106781186548));
#5114=DIRECTION('ref_axis',(0.500000000000001,0.499999999999999,-0.707106781186547));
#5115=DIRECTION('center_axis',(0.504298986043452,0.50429898604345,0.700974368540744));
#5116=DIRECTION('ref_axis',(0.495663729433119,0.495663729433117,-0.713186465553649));
#5117=DIRECTION('center_axis',(0.500000000000001,0.5,-0.707106781186548));
#5118=DIRECTION('ref_axis',(-0.853553390593276,0.14644660940672,-0.499999999999998));
#5119=DIRECTION('',(-0.5,-0.499999999999999,0.707106781186548));
#5120=DIRECTION('',(0.5,0.499999999999999,-0.707106781186548));
#5121=DIRECTION('center_axis',(0.,0.,-1.));
#5122=DIRECTION('ref_axis',(-1.,0.,0.));
#5123=DIRECTION('',(0.,0.,-1.));
#5124=DIRECTION('',(0.,0.,1.));
#5125=DIRECTION('center_axis',(1.,3.48413452086463E-16,0.));
#5126=DIRECTION('ref_axis',(3.48413452086463E-16,-1.,0.));
#5127=DIRECTION('',(0.,0.,-1.));
#5128=DIRECTION('',(-3.48413452086463E-16,1.,0.));
#5129=DIRECTION('center_axis',(-4.79714781333114E-16,1.,0.));
#5130=DIRECTION('ref_axis',(1.,4.79714781333114E-16,0.));
#5131=DIRECTION('center_axis',(4.79714781333114E-16,-1.,0.));
#5132=DIRECTION('ref_axis',(-1.,0.,0.));
#5133=DIRECTION('center_axis',(-0.707106781186547,0.707106781186548,0.));
#5134=DIRECTION('ref_axis',(0.707106781186548,0.707106781186547,0.));
#5135=DIRECTION('center_axis',(-0.500000000000001,-0.499999999999999,-0.707106781186548));
#5136=DIRECTION('ref_axis',(-0.816496580927726,0.,0.577350269189626));
#5137=DIRECTION('center_axis',(0.,0.,-1.));
#5138=DIRECTION('ref_axis',(1.,0.,0.));
#5139=DIRECTION('center_axis',(0.707106781186548,2.46365514626952E-16,-0.707106781186548));
#5140=DIRECTION('ref_axis',(-0.707106781186548,0.,-0.707106781186548));
#5141=DIRECTION('center_axis',(0.,0.,1.));
#5142=DIRECTION('ref_axis',(1.,0.,0.));
#5143=DIRECTION('center_axis',(-0.694942097515318,0.184691532567194,0.69494209751532));
#5144=DIRECTION('ref_axis',(-0.256849315068485,-0.966451462489892,-2.22044604925031E-15));
#5145=DIRECTION('center_axis',(0.,-4.59504928168821E-15,-1.));
#5146=DIRECTION('ref_axis',(-1.,0.,0.));
#5147=DIRECTION('center_axis',(2.66453525910037E-14,-1.,-2.66453525910037E-14));
#5148=DIRECTION('ref_axis',(-0.707106781186548,0.,-0.707106781186548));
#5149=DIRECTION('center_axis',(0.,0.,1.));
#5150=DIRECTION('ref_axis',(-0.792732399700087,-0.609569801143185,0.));
#5151=DIRECTION('center_axis',(0.,0.,1.));
#5152=DIRECTION('ref_axis',(-0.792732399700087,-0.609569801143185,0.));
#5153=DIRECTION('',(0.,0.,-1.));
#5154=DIRECTION('',(0.,0.,1.));
#5155=DIRECTION('center_axis',(0.,0.,1.));
#5156=DIRECTION('ref_axis',(1.,0.,0.));
#5157=DIRECTION('center_axis',(4.44089209850062E-15,0.,-1.));
#5158=DIRECTION('ref_axis',(0.,1.,0.));
#5159=DIRECTION('center_axis',(-0.707106781186548,0.,0.707106781186548));
#5160=DIRECTION('ref_axis',(-0.707106781186548,0.,-0.707106781186548));
#5161=DIRECTION('center_axis',(0.,1.,0.));
#5162=DIRECTION('ref_axis',(-1.,0.,0.));
#5163=DIRECTION('center_axis',(0.219179498549124,-0.899216924704804,0.378641347108566));
#5164=DIRECTION('ref_axis',(-0.450488088730382,-0.437503054074411,-0.778236184964186));
#5165=DIRECTION('center_axis',(0.692414915490975,-0.202788484907918,-0.692414915490977));
#5166=DIRECTION('ref_axis',(-0.707106781186548,8.88178419700124E-15,-0.707106781186548));
#5167=DIRECTION('center_axis',(-2.51214793389403E-14,-1.,0.));
#5168=DIRECTION('ref_axis',(0.,0.,-1.));
#5169=DIRECTION('center_axis',(-0.959688645722165,0.281065300725572,6.39281058571249E-15));
#5170=DIRECTION('ref_axis',(-0.281065300725572,-0.959688645722166,0.));
#5171=DIRECTION('center_axis',(-0.182143211721526,-0.879465224064612,-0.439732612032299));
#5172=DIRECTION('ref_axis',(-0.336556770590782,0.475963149477963,-0.812519920068747));
#5173=DIRECTION('center_axis',(0.707106781186552,0.,-0.707106781186543));
#5174=DIRECTION('ref_axis',(0.,1.,0.));
#5175=DIRECTION('center_axis',(-1.,-6.66133814775096E-15,0.));
#5176=DIRECTION('ref_axis',(0.,0.,-1.));
#5177=DIRECTION('center_axis',(0.,1.,0.));
#5178=DIRECTION('ref_axis',(-0.707106781186548,0.,-0.707106781186548));
#5179=DIRECTION('center_axis',(-0.00740764407476389,-0.778290347588941,
0.627860861703568));
#5180=DIRECTION('ref_axis',(0.00918180605918903,-0.627904558710865,-0.778236184964182));
#5181=DIRECTION('center_axis',(-0.63300439496333,0.34621816931344,-0.692414915490964));
#5182=DIRECTION('ref_axis',(-0.479859169118593,-0.877345529317163,2.22044604925031E-15));
#5183=DIRECTION('center_axis',(0.877345529317175,-0.479859169118573,0.));
#5184=DIRECTION('ref_axis',(0.,0.,-1.));
#5185=DIRECTION('center_axis',(-0.707106781186528,-0.707106781186568,2.82616642563078E-14));
#5186=DIRECTION('ref_axis',(0.5,-0.5,-0.707106781186548));
#5187=DIRECTION('center_axis',(0.,0.,1.));
#5188=DIRECTION('ref_axis',(1.,0.,0.));
#5189=DIRECTION('center_axis',(0.,0.,-1.));
#5190=DIRECTION('ref_axis',(0.38268343236509,0.923879532511287,0.));
#5191=DIRECTION('center_axis',(0.,0.,1.));
#5192=DIRECTION('ref_axis',(0.38268343236509,0.923879532511287,0.));
#5193=DIRECTION('center_axis',(-0.94166317766466,0.290400099340403,-0.170112439679113));
#5194=DIRECTION('ref_axis',(0.336556770590777,0.812519920068743,-0.475963149477971));
#5195=DIRECTION('center_axis',(1.,0.,0.));
#5196=DIRECTION('ref_axis',(0.,1.,0.));
#5197=DIRECTION('center_axis',(0.,0.,-1.));
#5198=DIRECTION('ref_axis',(0.707106781186548,0.707106781186548,0.));
#5199=DIRECTION('center_axis',(-0.707106781186548,0.707106781186548,0.));
#5200=DIRECTION('ref_axis',(0.,0.,-1.));
#5201=DIRECTION('center_axis',(0.,0.,-1.));
#5202=DIRECTION('ref_axis',(0.38268343236509,0.923879532511287,0.));
#5203=DIRECTION('',(0.,0.,-1.));
#5204=DIRECTION('',(0.,0.,1.));
#5205=DIRECTION('center_axis',(0.,0.,1.));
#5206=DIRECTION('ref_axis',(1.,0.,0.));
#5207=DIRECTION('center_axis',(1.98736863680467E-15,-1.15281628056288E-15,
-1.));
#5208=DIRECTION('ref_axis',(-0.501764490386208,-0.865004275242307,0.));
#5209=DIRECTION('center_axis',(0.621994904791098,-0.360801634579068,0.694942097515315));
#5210=DIRECTION('ref_axis',(0.5,-0.5,-0.707106781186548));
#5211=DIRECTION('center_axis',(-0.707106781186545,-0.70710678118655,-5.01080288572129E-14));
#5212=DIRECTION('ref_axis',(0.70710678118655,-0.707106781186545,0.));
#5213=DIRECTION('center_axis',(0.500000000000001,-0.5,-0.707106781186547));
#5214=DIRECTION('ref_axis',(-0.500000000000001,0.499999999999999,-0.707106781186548));
#5215=DIRECTION('center_axis',(-0.504298986043452,0.504298986043451,0.700974368540743));
#5216=DIRECTION('ref_axis',(-0.495663729433118,0.495663729433117,-0.713186465553649));
#5217=DIRECTION('center_axis',(0.0569124158604525,-0.9951296050077,-0.0804863103772748));
#5218=DIRECTION('ref_axis',(0.574538345329756,0.0985751958518008,-0.812519920068748));
#5219=DIRECTION('center_axis',(-0.500000000000004,0.499999999999997,-0.707106781186547));
#5220=DIRECTION('ref_axis',(0.5,-0.5,-0.707106781186548));
#5221=DIRECTION('center_axis',(0.707106781186551,0.707106781186544,0.));
#5222=DIRECTION('ref_axis',(0.,0.,-1.));
#5223=DIRECTION('center_axis',(0.707106781186548,-0.707106781186548,9.42055475210264E-15));
#5224=DIRECTION('ref_axis',(0.707106781186548,0.707106781186548,0.));
#5225=DIRECTION('center_axis',(0.707106781186546,0.707106781186549,0.));
#5226=DIRECTION('ref_axis',(0.270598050073098,-0.270598050073093,-0.923879532511289));
#5227=DIRECTION('',(-0.707106781186546,-0.707106781186549,0.));
#5228=DIRECTION('',(0.707106781186546,0.707106781186549,0.));
#5229=DIRECTION('center_axis',(0.707106781186548,-0.707106781186547,0.));
#5230=DIRECTION('ref_axis',(0.499999999999999,0.499999999999999,-0.707106781186549));
#5231=DIRECTION('',(-0.707106781186548,0.707106781186547,0.));
#5232=DIRECTION('',(0.707106781186548,-0.707106781186547,0.));
#5233=DIRECTION('center_axis',(0.,0.,1.));
#5234=DIRECTION('ref_axis',(1.,0.,0.));
#5235=DIRECTION('center_axis',(9.42055475210264E-15,9.4205547521027E-15,
-1.));
#5236=DIRECTION('ref_axis',(0.70710678118655,-0.707106781186545,0.));
#5237=DIRECTION('center_axis',(0.707106781186543,0.707106781186552,-6.25583714006817E-15));
#5238=DIRECTION('ref_axis',(0.5,-0.5,-0.707106781186547));
#5239=DIRECTION('center_axis',(0.50000000000001,-0.500000000000004,0.707106781186537));
#5240=DIRECTION('ref_axis',(0.707106781186543,0.707106781186552,0.));
#5241=DIRECTION('center_axis',(-0.707106781186546,-0.707106781186549,0.));
#5242=DIRECTION('ref_axis',(0.653281482438193,-0.653281482438184,-0.38268343236509));
#5243=DIRECTION('',(0.707106781186546,0.707106781186549,0.));
#5244=DIRECTION('',(-0.707106781186546,-0.707106781186549,0.));
#5245=DIRECTION('center_axis',(0.5,-0.499999999999999,0.707106781186548));
#5246=DIRECTION('ref_axis',(0.853553390593272,0.146446609406734,-0.5));
#5247=DIRECTION('',(-0.5,0.499999999999999,-0.707106781186548));
#5248=DIRECTION('',(0.5,-0.499999999999999,0.707106781186548));
#5249=DIRECTION('center_axis',(0.,0.,-1.));
#5250=DIRECTION('ref_axis',(1.,0.,0.));
#5251=DIRECTION('',(0.,0.,-1.));
#5252=DIRECTION('',(0.,0.,1.));
#5253=DIRECTION('center_axis',(0.,0.,-1.));
#5254=DIRECTION('ref_axis',(0.129515515499327,-0.991577395489098,0.));
#5255=DIRECTION('center_axis',(0.,0.,1.));
#5256=DIRECTION('ref_axis',(0.129515515499327,-0.991577395489098,0.));
#5257=DIRECTION('',(0.,0.,-1.));
#5258=DIRECTION('',(0.,0.,1.));
#5259=DIRECTION('center_axis',(1.,0.,0.));
#5260=DIRECTION('ref_axis',(0.,0.707106781186546,-0.707106781186549));
#5261=DIRECTION('',(-1.,0.,0.));
#5262=DIRECTION('',(1.,0.,0.));
#5263=DIRECTION('center_axis',(1.74206726043232E-16,-1.,0.));
#5264=DIRECTION('ref_axis',(-0.382683432365091,0.,-0.923879532511287));
#5265=DIRECTION('',(-1.74206726043232E-16,1.,0.));
#5266=DIRECTION('',(1.74206726043232E-16,-1.,0.));
#5267=DIRECTION('center_axis',(0.707106781186548,0.,-0.707106781186548));
#5268=DIRECTION('ref_axis',(-0.5,0.707106781186547,-0.500000000000001));
#5269=DIRECTION('',(-0.707106781186547,0.,0.707106781186547));
#5270=DIRECTION('',(0.707106781186548,0.,-0.707106781186548));
#5271=DIRECTION('center_axis',(-0.707106781186548,-1.23182757313476E-16,
-0.707106781186548));
#5272=DIRECTION('ref_axis',(0.707106781186548,0.,-0.707106781186548));
#5273=DIRECTION('center_axis',(0.713186465553649,6.21209396112226E-17,0.700974368540744));
#5274=DIRECTION('ref_axis',(0.700974368540744,0.,-0.713186465553649));
#5275=DIRECTION('center_axis',(-1.74206726043232E-16,1.,0.));
#5276=DIRECTION('ref_axis',(-0.923879532511287,0.,-0.382683432365089));
#5277=DIRECTION('',(1.74206726043232E-16,-1.,0.));
#5278=DIRECTION('',(-1.74206726043231E-16,1.,0.));
#5279=DIRECTION('center_axis',(0.,0.,-1.));
#5280=DIRECTION('ref_axis',(-0.707106781186549,0.707106781186546,0.));
#5281=DIRECTION('',(0.,0.,-1.));
#5282=DIRECTION('',(0.,0.,1.));
#5283=DIRECTION('center_axis',(0.707106781186549,-0.707106781186546,0.));
#5284=DIRECTION('ref_axis',(-0.707106781186546,-0.707106781186549,0.));
#5285=DIRECTION('',(0.707106781186546,0.707106781186549,0.));
#5286=DIRECTION('center_axis',(0.707106781186547,0.707106781186548,0.));
#5287=DIRECTION('ref_axis',(0.707106781186548,-0.707106781186547,0.));
#5288=DIRECTION('center_axis',(0.,1.,0.));
#5289=DIRECTION('ref_axis',(1.,0.,0.));
#5290=DIRECTION('center_axis',(0.,-1.,0.));
#5291=DIRECTION('ref_axis',(-1.,0.,0.));
#5292=DIRECTION('center_axis',(0.,0.,-1.));
#5293=DIRECTION('ref_axis',(1.,0.,0.));
#5294=DIRECTION('center_axis',(0.500000000000001,-0.5,-0.707106781186547));
#5295=DIRECTION('ref_axis',(-0.816496580927725,0.,-0.577350269189627));
#5296=DIRECTION('center_axis',(-0.707106781186548,-1.23182757313476E-16,
-0.707106781186548));
#5297=DIRECTION('ref_axis',(-0.707106781186548,0.,0.707106781186548));
#5298=DIRECTION('center_axis',(1.,0.,0.));
#5299=DIRECTION('ref_axis',(0.,0.707106781186554,-0.707106781186541));
#5300=DIRECTION('',(-1.,0.,0.));
#5301=DIRECTION('center_axis',(0.486142147697652,0.873879747008657,2.15890482245864E-15));
#5302=DIRECTION('ref_axis',(-0.873879747008657,0.486142147697652,1.20100577986557E-15));
#5303=DIRECTION('',(1.,0.,0.));
#5304=DIRECTION('center_axis',(-0.707106781186546,-0.707106781186549,0.));
#5305=DIRECTION('ref_axis',(-0.707106781186549,0.707106781186546,0.));
#5306=DIRECTION('center_axis',(-0.527331624463829,0.849659554080539,0.));
#5307=DIRECTION('ref_axis',(-0.600800032390294,-0.372879767592488,-0.707106781186543));
#5308=DIRECTION('',(0.527331624463829,-0.849659554080539,0.));
#5309=DIRECTION('center_axis',(-0.527331624463828,0.849659554080539,0.));
#5310=DIRECTION('ref_axis',(0.,0.,-1.));
#5311=DIRECTION('',(-0.527331624463829,0.849659554080539,0.));
#5312=DIRECTION('center_axis',(0.,0.,1.));
#5313=DIRECTION('ref_axis',(1.,0.,0.));
#5314=DIRECTION('center_axis',(-1.,2.22044604925032E-15,0.));
#5315=DIRECTION('ref_axis',(0.,0.,-1.));
#5316=DIRECTION('center_axis',(0.,0.,-1.));
#5317=DIRECTION('ref_axis',(-0.486142147697652,-0.873879747008657,0.));
#5318=DIRECTION('center_axis',(0.,0.,1.));
#5319=DIRECTION('ref_axis',(-0.486142147697652,-0.873879747008657,0.));
#5320=DIRECTION('center_axis',(-1.,0.,0.));
#5321=DIRECTION('ref_axis',(0.,-0.707106781186541,-0.707106781186554));
#5322=DIRECTION('center_axis',(-1.,0.,0.));
#5323=DIRECTION('ref_axis',(0.,0.,-1.));
#5324=DIRECTION('',(-1.,0.,0.));
#5325=DIRECTION('',(1.,0.,0.));
#5326=DIRECTION('center_axis',(0.,0.,1.));
#5327=DIRECTION('ref_axis',(1.,0.,0.));
#5328=DIRECTION('center_axis',(-0.527331624463832,-0.849659554080537,0.));
#5329=DIRECTION('ref_axis',(0.,0.,-1.));
#5330=DIRECTION('center_axis',(0.,0.,-1.));
#5331=DIRECTION('ref_axis',(0.486142147697651,-0.873879747008657,0.));
#5332=DIRECTION('center_axis',(0.,0.,1.));
#5333=DIRECTION('ref_axis',(0.486142147697651,-0.873879747008657,0.));
#5334=DIRECTION('center_axis',(-0.52733162446383,-0.849659554080538,0.));
#5335=DIRECTION('ref_axis',(0.600800032390291,-0.372879767592499,-0.70710678118654));
#5336=DIRECTION('center_axis',(-0.527331624463832,-0.849659554080537,0.));
#5337=DIRECTION('ref_axis',(0.,0.,-1.));
#5338=DIRECTION('',(-0.52733162446383,-0.849659554080538,0.));
#5339=DIRECTION('',(0.52733162446383,0.849659554080538,0.));
#5340=DIRECTION('center_axis',(0.,0.,1.));
#5341=DIRECTION('ref_axis',(1.,0.,0.));
#5342=DIRECTION('center_axis',(0.,0.,-1.));
#5343=DIRECTION('ref_axis',(0.860281952368599,0.509818558340977,0.));
#5344=DIRECTION('center_axis',(0.,0.,1.));
#5345=DIRECTION('ref_axis',(0.860281952368599,0.509818558340977,0.));
#5346=DIRECTION('center_axis',(0.,0.,1.));
#5347=DIRECTION('ref_axis',(1.,0.,0.));
#5348=DIRECTION('center_axis',(0.,0.,-1.));
#5349=DIRECTION('ref_axis',(0.406026720598224,-0.913861205085461,0.));
#5350=DIRECTION('center_axis',(0.,0.,1.));
#5351=DIRECTION('ref_axis',(0.406026720598224,-0.913861205085461,0.));
#5352=DIRECTION('center_axis',(0.,1.,0.));
#5353=DIRECTION('ref_axis',(-0.707106781186555,0.,-0.70710678118654));
#5354=DIRECTION('',(0.,1.,0.));
#5355=DIRECTION('',(0.,-1.,0.));
#5356=DIRECTION('center_axis',(0.849659554080538,-0.52733162446383,0.));
#5357=DIRECTION('ref_axis',(0.52733162446383,0.849659554080538,0.));
#5358=DIRECTION('',(0.,0.,-1.));
#5359=DIRECTION('',(-0.52733162446383,-0.849659554080538,0.));
#5360=DIRECTION('',(0.,0.,1.));
#5361=DIRECTION('',(0.527331624463829,0.849659554080538,7.85046229341888E-17));
#5362=DIRECTION('',(0.,0.,1.));
#5363=DIRECTION('center_axis',(-0.849659554080538,0.52733162446383,0.));
#5364=DIRECTION('ref_axis',(-0.52733162446383,-0.849659554080538,0.));
#5365=DIRECTION('center_axis',(0.849659554080538,-0.52733162446383,0.));
#5366=DIRECTION('ref_axis',(0.527331624463829,0.849659554080538,0.));
#5367=DIRECTION('',(0.,0.,1.));
#5368=DIRECTION('center_axis',(0.,0.,-1.));
#5369=DIRECTION('ref_axis',(0.703968941581927,0.710230757773853,0.));
#5370=DIRECTION('',(0.,0.,1.));
#5371=DIRECTION('center_axis',(0.,0.,1.));
#5372=DIRECTION('ref_axis',(1.,0.,0.));
#5373=DIRECTION('',(0.,0.,-1.));
#5374=DIRECTION('center_axis',(1.,0.,0.));
#5375=DIRECTION('ref_axis',(0.,1.,0.));
#5376=DIRECTION('',(0.,0.,-1.));
#5377=DIRECTION('center_axis',(-1.,0.,0.));
#5378=DIRECTION('ref_axis',(0.,1.,0.));
#5379=DIRECTION('center_axis',(1.,0.,0.));
#5380=DIRECTION('ref_axis',(0.,-1.,0.));
#5381=DIRECTION('',(0.,0.,-1.));
#5382=DIRECTION('center_axis',(0.,-1.,0.));
#5383=DIRECTION('ref_axis',(0.,0.,-1.));
#5384=DIRECTION('',(0.,0.,-1.));
#5385=DIRECTION('center_axis',(0.,-1.,0.));
#5386=DIRECTION('ref_axis',(-1.,0.,5.89569750020598E-17));
#5387=DIRECTION('',(-1.,0.,0.));
#5388=DIRECTION('center_axis',(0.,-1.,0.));
#5389=DIRECTION('ref_axis',(0.707106781186549,0.,-0.707106781186546));
#5390=DIRECTION('',(0.,0.,1.));
#5391=DIRECTION('',(1.,0.,0.));
#5392=DIRECTION('center_axis',(0.,0.,1.));
#5393=DIRECTION('ref_axis',(1.,0.,0.));
#5394=DIRECTION('center_axis',(0.,0.,1.));
#5395=DIRECTION('ref_axis',(-0.860281952368583,0.509818558341003,0.));
#5396=DIRECTION('center_axis',(0.,0.,1.));
#5397=DIRECTION('ref_axis',(-0.860281952368581,0.509818558341006,0.));
#5398=DIRECTION('center_axis',(-0.527331624463834,0.849659554080535,0.));
#5399=DIRECTION('ref_axis',(0.,0.,-1.));
#5400=DIRECTION('center_axis',(0.,0.,-1.));
#5401=DIRECTION('ref_axis',(-0.860281952368581,0.509818558341006,0.));
#5402=DIRECTION('center_axis',(0.527331624463829,-0.849659554080539,0.));
#5403=DIRECTION('ref_axis',(-0.60080003239029,-0.372879767592494,-0.707106781186544));
#5404=DIRECTION('',(-0.527331624463829,0.849659554080539,0.));
#5405=DIRECTION('',(0.527331624463829,-0.849659554080539,0.));
#5406=DIRECTION('center_axis',(0.,0.,1.));
#5407=DIRECTION('ref_axis',(1.,0.,0.));
#5408=DIRECTION('center_axis',(0.,0.,-1.));
#5409=DIRECTION('ref_axis',(-0.406026720598226,-0.91386120508546,0.));
#5410=DIRECTION('center_axis',(0.,0.,1.));
#5411=DIRECTION('ref_axis',(-0.406026720598226,-0.91386120508546,0.));
#5412=DIRECTION('center_axis',(0.,1.,0.));
#5413=DIRECTION('ref_axis',(0.707106781186549,0.,-0.707106781186546));
#5414=DIRECTION('',(0.,-1.,0.));
#5415=DIRECTION('',(0.,1.,0.));
#5416=DIRECTION('center_axis',(0.,0.,1.));
#5417=DIRECTION('ref_axis',(0.,1.,0.));
#5418=DIRECTION('center_axis',(0.527331624463829,-0.849659554080539,-7.85046229341888E-17));
#5419=DIRECTION('ref_axis',(-0.784983071617677,-0.487190894688058,0.38268343236509));
#5420=DIRECTION('center_axis',(0.527331624463831,-0.849659554080537,2.69859641336274E-15));
#5421=DIRECTION('ref_axis',(-0.600800032390287,-0.372879767592491,0.707106781186548));
#5422=DIRECTION('',(0.527331624463829,-0.849659554080539,-7.85046229341888E-17));
#5423=DIRECTION('center_axis',(-0.527331624463823,0.849659554080542,-2.94392336003204E-15));
#5424=DIRECTION('ref_axis',(-0.849659554080542,-0.527331624463823,0.));
#5425=DIRECTION('',(-0.527331624463829,0.849659554080539,3.92523114670944E-17));
#5426=DIRECTION('center_axis',(0.,0.,1.));
#5427=DIRECTION('ref_axis',(1.,0.,0.));
#5428=DIRECTION('center_axis',(0.,0.,1.));
#5429=DIRECTION('ref_axis',(-0.486142147697652,-0.873879747008657,0.));
#5430=DIRECTION('center_axis',(-1.,0.,3.14018491736757E-15));
#5431=DIRECTION('ref_axis',(0.,-1.,0.));
#5432=DIRECTION('center_axis',(-4.12228343644269E-16,2.29323969352828E-16,
-1.));
#5433=DIRECTION('ref_axis',(-0.486142147697652,-0.873879747008657,0.));
#5434=DIRECTION('center_axis',(1.,0.,0.));
#5435=DIRECTION('ref_axis',(0.,-0.923879532511287,0.38268343236509));
#5436=DIRECTION('',(1.,0.,0.));
#5437=DIRECTION('center_axis',(-1.,-2.22044604925032E-15,9.19738868117232E-16));
#5438=DIRECTION('ref_axis',(2.22044604925032E-15,-1.,0.));
#5439=DIRECTION('',(-1.,0.,0.));
#5440=DIRECTION('center_axis',(0.,0.,1.));
#5441=DIRECTION('ref_axis',(1.,0.,0.));
#5442=DIRECTION('center_axis',(0.,0.,1.));
#5443=DIRECTION('ref_axis',(0.486142147697652,-0.873879747008657,0.));
#5444=DIRECTION('center_axis',(-0.527331624463828,-0.849659554080539,-6.86915450674166E-15));
#5445=DIRECTION('ref_axis',(0.849659554080539,-0.527331624463828,0.));
#5446=DIRECTION('center_axis',(0.,0.,-1.));
#5447=DIRECTION('ref_axis',(0.486142147697651,-0.873879747008657,0.));
#5448=DIRECTION('center_axis',(0.52733162446383,0.849659554080538,7.85046229341888E-17));
#5449=DIRECTION('ref_axis',(0.784983071617677,-0.487190894688058,0.38268343236509));
#5450=DIRECTION('center_axis',(-0.527331624463837,-0.849659554080533,-7.05314971674347E-15));
#5451=DIRECTION('ref_axis',(0.849659554080533,-0.527331624463837,0.));
#5452=DIRECTION('',(-0.527331624463829,-0.849659554080538,-7.85046229341888E-17));
#5453=DIRECTION('center_axis',(0.,0.,1.));
#5454=DIRECTION('ref_axis',(1.,0.,0.));
#5455=DIRECTION('center_axis',(0.,0.,1.));
#5456=DIRECTION('ref_axis',(0.961680704309008,-0.274171885793805,0.));
#5457=DIRECTION('center_axis',(0.,-1.,0.));
#5458=DIRECTION('ref_axis',(1.,0.,0.));
#5459=DIRECTION('center_axis',(0.,0.,-1.));
#5460=DIRECTION('ref_axis',(0.961680704309008,-0.274171885793805,0.));
#5461=DIRECTION('center_axis',(0.,1.,0.));
#5462=DIRECTION('ref_axis',(0.923879532511287,0.,0.38268343236509));
#5463=DIRECTION('',(0.,1.,0.));
#5464=DIRECTION('center_axis',(8.88178419700128E-15,-1.,3.67895547246893E-15));
#5465=DIRECTION('ref_axis',(1.,8.88178419700128E-15,0.));
#5466=DIRECTION('',(0.,-1.,0.));
#5467=DIRECTION('center_axis',(0.,0.,1.));
#5468=DIRECTION('ref_axis',(1.,0.,0.));
#5469=DIRECTION('center_axis',(0.,0.,1.));
#5470=DIRECTION('ref_axis',(0.923879532511287,0.382683432365089,0.));
#5471=DIRECTION('center_axis',(0.707106781186548,-0.707106781186548,0.));
#5472=DIRECTION('ref_axis',(0.707106781186548,0.707106781186548,0.));
#5473=DIRECTION('center_axis',(0.,0.,-1.));
#5474=DIRECTION('ref_axis',(0.923879532511287,0.38268343236509,0.));
#5475=DIRECTION('center_axis',(-0.707106781186546,0.707106781186549,7.85046229341888E-17));
#5476=DIRECTION('ref_axis',(0.653281482438194,0.653281482438184,0.382683432365088));
#5477=DIRECTION('',(-0.707106781186546,0.707106781186549,7.85046229341888E-17));
#5478=DIRECTION('center_axis',(0.707106781186541,-0.707106781186554,-3.9252311467095E-15));
#5479=DIRECTION('ref_axis',(0.707106781186554,0.707106781186541,0.));
#5480=DIRECTION('',(0.707106781186546,-0.707106781186549,-7.85046229341888E-17));
#5481=DIRECTION('center_axis',(0.,0.,1.));
#5482=DIRECTION('ref_axis',(1.,0.,0.));
#5483=DIRECTION('center_axis',(0.,0.,1.));
#5484=DIRECTION('ref_axis',(0.382683432365091,0.923879532511286,0.));
#5485=DIRECTION('center_axis',(1.,0.,6.28036983473503E-15));
#5486=DIRECTION('ref_axis',(0.,1.,0.));
#5487=DIRECTION('center_axis',(0.,0.,-1.));
#5488=DIRECTION('ref_axis',(0.382683432365091,0.923879532511286,0.));
#5489=DIRECTION('center_axis',(-1.,5.07530525542929E-16,0.));
#5490=DIRECTION('ref_axis',(0.,0.923879532511287,0.38268343236509));
#5491=DIRECTION('',(-1.,5.07530525542929E-16,0.));
#5492=DIRECTION('center_axis',(1.,0.,0.));
#5493=DIRECTION('ref_axis',(0.,1.,0.));
#5494=DIRECTION('',(1.,-5.07530525542929E-16,0.));
#5495=DIRECTION('center_axis',(0.,0.,1.));
#5496=DIRECTION('ref_axis',(1.,0.,0.));
#5497=DIRECTION('center_axis',(0.,0.,1.));
#5498=DIRECTION('ref_axis',(-0.38268343236509,0.923879532511287,0.));
#5499=DIRECTION('center_axis',(0.707106781186548,0.707106781186548,4.41588504004813E-15));
#5500=DIRECTION('ref_axis',(-0.707106781186548,0.707106781186548,0.));
#5501=DIRECTION('center_axis',(8.71628689685598E-16,3.61040424621264E-16,
-1.));
#5502=DIRECTION('ref_axis',(-0.382683432365089,0.923879532511287,0.));
#5503=DIRECTION('center_axis',(-0.707106781186548,-0.707106781186548,0.));
#5504=DIRECTION('ref_axis',(-0.65328148243819,0.653281482438185,0.382683432365091));
#5505=DIRECTION('',(-0.707106781186548,-0.707106781186548,0.));
#5506=DIRECTION('center_axis',(0.707106781186548,0.707106781186548,0.));
#5507=DIRECTION('ref_axis',(-0.707106781186548,0.707106781186548,0.));
#5508=DIRECTION('',(0.707106781186548,0.707106781186548,0.));
#5509=DIRECTION('center_axis',(0.,0.,1.));
#5510=DIRECTION('ref_axis',(1.,0.,0.));
#5511=DIRECTION('center_axis',(0.,0.,1.));
#5512=DIRECTION('ref_axis',(-0.923879532511287,0.38268343236509,0.));
#5513=DIRECTION('center_axis',(0.,1.,0.));
#5514=DIRECTION('ref_axis',(-1.,0.,0.));
#5515=DIRECTION('center_axis',(0.,0.,-1.));
#5516=DIRECTION('ref_axis',(-0.923879532511287,0.38268343236509,0.));
#5517=DIRECTION('center_axis',(1.77635683940025E-16,-1.,0.));
#5518=DIRECTION('ref_axis',(-0.923879532511287,0.,0.38268343236509));
#5519=DIRECTION('',(1.77635683940025E-16,-1.,0.));
#5520=DIRECTION('center_axis',(0.,1.,0.));
#5521=DIRECTION('ref_axis',(-1.,0.,0.));
#5522=DIRECTION('',(-1.77635683940025E-16,1.,0.));
#5523=DIRECTION('center_axis',(0.,0.,1.));
#5524=DIRECTION('ref_axis',(1.,0.,0.));
#5525=DIRECTION('center_axis',(0.,0.,1.));
#5526=DIRECTION('ref_axis',(-0.961680704309008,-0.274171885793804,0.));
#5527=DIRECTION('center_axis',(0.,0.,-1.));
#5528=DIRECTION('ref_axis',(-0.961680704309008,-0.274171885793804,0.));
#5529=DIRECTION('center_axis',(0.,0.,1.));
#5530=DIRECTION('ref_axis',(0.923879532511287,0.382683432365089,0.));
#5531=DIRECTION('',(0.,0.,-1.));
#5532=DIRECTION('center_axis',(0.,0.,-1.));
#5533=DIRECTION('ref_axis',(0.923879532511287,0.382683432365089,0.));
#5534=DIRECTION('',(0.,0.,1.));
#5535=DIRECTION('center_axis',(1.,0.,0.));
#5536=DIRECTION('ref_axis',(0.,1.,0.));
#5537=DIRECTION('',(0.,0.,1.));
#5538=DIRECTION('',(0.,-1.,0.));
#5539=DIRECTION('center_axis',(0.,0.,1.));
#5540=DIRECTION('ref_axis',(1.,0.,0.));
#5541=DIRECTION('center_axis',(0.,0.,-1.));
#5542=DIRECTION('ref_axis',(0.961680704309008,-0.274171885793805,0.));
#5543=DIRECTION('center_axis',(0.,0.,-1.));
#5544=DIRECTION('ref_axis',(0.486142147697652,-0.873879747008657,0.));
#5545=DIRECTION('',(0.,0.,-1.));
#5546=DIRECTION('center_axis',(0.,0.,1.));
#5547=DIRECTION('ref_axis',(0.,-1.,0.));
#5548=DIRECTION('center_axis',(0.,-1.,0.));
#5549=DIRECTION('ref_axis',(1.,0.,0.));
#5550=DIRECTION('',(0.,0.,1.));
#5551=DIRECTION('',(-1.,0.,0.));
#5552=DIRECTION('center_axis',(0.,0.,1.));
#5553=DIRECTION('ref_axis',(-0.486142147697652,-0.873879747008657,0.));
#5554=DIRECTION('',(0.,0.,-1.));
#5555=DIRECTION('center_axis',(0.,0.,-1.));
#5556=DIRECTION('ref_axis',(0.,-1.,0.));
#5557=DIRECTION('center_axis',(-0.849659554080539,-0.527331624463829,0.));
#5558=DIRECTION('ref_axis',(0.527331624463829,-0.849659554080539,0.));
#5559=DIRECTION('',(0.,0.,-1.));
#5560=DIRECTION('center_axis',(-0.849659554080539,-0.527331624463829,0.));
#5561=DIRECTION('ref_axis',(-0.527331624463829,0.849659554080539,0.));
#5562=DIRECTION('center_axis',(0.849659554080539,0.527331624463829,0.));
#5563=DIRECTION('ref_axis',(0.527331624463829,-0.849659554080539,0.));
#5564=DIRECTION('',(0.,0.,1.));
#5565=DIRECTION('',(-0.527331624463829,0.849659554080539,0.));
#5566=DIRECTION('',(0.,0.,1.));
#5567=DIRECTION('center_axis',(0.,0.,-1.));
#5568=DIRECTION('ref_axis',(0.382683432365091,0.923879532511286,0.));
#5569=DIRECTION('',(-7.85046229341887E-16,-0.707106781186548,0.707106781186547));
#5570=DIRECTION('',(-0.500000000000001,-0.499999999999998,0.707106781186548));
#5571=DIRECTION('center_axis',(3.58878276270577E-16,0.707106781186547,0.707106781186548));
#5572=DIRECTION('ref_axis',(1.,0.,-5.07530525542929E-16));
#5573=DIRECTION('',(0.,-0.707106781186548,0.707106781186547));
#5574=DIRECTION('center_axis',(0.,0.,-1.));
#5575=DIRECTION('ref_axis',(-0.38268343236509,0.923879532511287,0.));
#5576=DIRECTION('',(0.5,-0.5,0.707106781186547));
#5577=DIRECTION('center_axis',(-0.499999999999999,0.499999999999999,0.707106781186549));
#5578=DIRECTION('ref_axis',(0.816496580927727,0.,0.577350269189624));
#5579=DIRECTION('',(0.5,-0.5,0.707106781186547));
#5580=DIRECTION('center_axis',(0.,0.,-1.));
#5581=DIRECTION('ref_axis',(-0.923879532511287,0.38268343236509,0.));
#5582=DIRECTION('',(0.707106781186548,0.,0.707106781186547));
#5583=DIRECTION('center_axis',(-0.707106781186547,-1.25607396694702E-16,
0.707106781186548));
#5584=DIRECTION('ref_axis',(0.707106781186548,0.,0.707106781186547));
#5585=DIRECTION('',(0.707106781186548,0.,0.707106781186547));
#5586=DIRECTION('center_axis',(0.,0.,-1.));
#5587=DIRECTION('ref_axis',(-1.,0.,0.));
#5588=DIRECTION('',(-0.600800032390287,-0.372879767592491,-0.707106781186548));
#5589=DIRECTION('center_axis',(-0.600800032390287,-0.372879767592491,0.707106781186547));
#5590=DIRECTION('ref_axis',(0.762067329755156,0.,0.647497787579113));
#5591=DIRECTION('',(0.600800032390287,0.37287976759249,0.707106781186548));
#5592=DIRECTION('center_axis',(-0.527331624463829,0.849659554080539,0.));
#5593=DIRECTION('ref_axis',(-0.600800032390279,-0.372879767592487,-0.707106781186556));
#5594=DIRECTION('center_axis',(0.527331624463832,-0.849659554080537,0.));
#5595=DIRECTION('ref_axis',(-0.849659554080537,-0.527331624463831,0.));
#5596=DIRECTION('center_axis',(0.,0.,1.));
#5597=DIRECTION('ref_axis',(1.,0.,0.));
#5598=DIRECTION('center_axis',(0.,-1.,0.));
#5599=DIRECTION('ref_axis',(-1.,0.,0.));
#5600=DIRECTION('center_axis',(0.,0.,-1.));
#5601=DIRECTION('ref_axis',(-0.961680704309008,-0.274171885793804,0.));
#5602=DIRECTION('center_axis',(1.77635683940025E-16,-1.,0.));
#5603=DIRECTION('ref_axis',(-0.707106781186546,0.,-0.707106781186549));
#5604=DIRECTION('center_axis',(0.,-1.,0.));
#5605=DIRECTION('ref_axis',(-1.,0.,0.));
#5606=DIRECTION('',(-1.77635683940025E-16,1.,0.));
#5607=DIRECTION('center_axis',(0.,0.,1.));
#5608=DIRECTION('ref_axis',(1.,0.,0.));
#5609=DIRECTION('center_axis',(-0.707106781186552,-0.707106781186543,0.));
#5610=DIRECTION('ref_axis',(-0.707106781186543,0.707106781186552,0.));
#5611=DIRECTION('center_axis',(0.,0.,-1.));
#5612=DIRECTION('ref_axis',(-0.923879532511287,0.38268343236509,0.));
#5613=DIRECTION('center_axis',(-0.707106781186548,-0.707106781186548,0.));
#5614=DIRECTION('ref_axis',(-0.5,0.5,-0.707106781186548));
#5615=DIRECTION('center_axis',(-0.707106781186548,-0.707106781186548,0.));
#5616=DIRECTION('ref_axis',(-0.707106781186548,0.707106781186548,0.));
#5617=DIRECTION('',(0.707106781186548,0.707106781186548,0.));
#5618=DIRECTION('center_axis',(0.,0.,1.));
#5619=DIRECTION('ref_axis',(1.,0.,0.));
#5620=DIRECTION('center_axis',(-1.,0.,0.));
#5621=DIRECTION('ref_axis',(0.,1.,0.));
#5622=DIRECTION('center_axis',(0.,0.,-1.));
#5623=DIRECTION('ref_axis',(-0.382683432365089,0.923879532511287,0.));
#5624=DIRECTION('center_axis',(-1.,5.07530525542929E-16,0.));
#5625=DIRECTION('ref_axis',(0.,0.707106781186546,-0.707106781186549));
#5626=DIRECTION('center_axis',(-1.,0.,0.));
#5627=DIRECTION('ref_axis',(0.,1.,0.));
#5628=DIRECTION('',(1.,-5.07530525542929E-16,0.));
#5629=DIRECTION('center_axis',(0.,0.,1.));
#5630=DIRECTION('ref_axis',(1.,0.,0.));
#5631=DIRECTION('center_axis',(-0.707106781186545,0.70710678118655,0.));
#5632=DIRECTION('ref_axis',(0.70710678118655,0.707106781186545,0.));
#5633=DIRECTION('center_axis',(0.,0.,-1.));
#5634=DIRECTION('ref_axis',(0.382683432365091,0.923879532511286,0.));
#5635=DIRECTION('center_axis',(-0.707106781186546,0.707106781186549,0.));
#5636=DIRECTION('ref_axis',(0.5,0.5,-0.707106781186548));
#5637=DIRECTION('center_axis',(-0.707106781186548,0.707106781186548,0.));
#5638=DIRECTION('ref_axis',(0.707106781186548,0.707106781186548,0.));
#5639=DIRECTION('',(0.707106781186546,-0.707106781186549,0.));
#5640=DIRECTION('center_axis',(0.,0.,1.));
#5641=DIRECTION('ref_axis',(1.,0.,0.));
#5642=DIRECTION('center_axis',(0.,1.,0.));
#5643=DIRECTION('ref_axis',(1.,0.,0.));
#5644=DIRECTION('center_axis',(0.,1.,0.));
#5645=DIRECTION('ref_axis',(0.707106781186546,0.,-0.707106781186549));
#5646=DIRECTION('center_axis',(0.,1.,0.));
#5647=DIRECTION('ref_axis',(1.,0.,0.));
#5648=DIRECTION('center_axis',(0.,0.,1.));
#5649=DIRECTION('ref_axis',(1.,0.,0.));
#5650=DIRECTION('center_axis',(0.52733162446383,0.849659554080538,0.));
#5651=DIRECTION('ref_axis',(0.849659554080538,-0.52733162446383,0.));
#5652=DIRECTION('center_axis',(-0.52733162446383,-0.849659554080538,0.));
#5653=DIRECTION('ref_axis',(0.600800032390287,-0.372879767592484,-0.707106781186551));
#5654=DIRECTION('center_axis',(0.707106781186549,0.707106781186546,0.));
#5655=DIRECTION('ref_axis',(-0.707106781186546,0.707106781186549,0.));
#5656=DIRECTION('',(0.,0.,-1.));
#5657=DIRECTION('center_axis',(0.,0.,1.));
#5658=DIRECTION('ref_axis',(0.382683432365091,0.923879532511286,0.));
#5659=DIRECTION('',(0.,0.,1.));
#5660=DIRECTION('center_axis',(5.07530525542929E-16,1.,0.));
#5661=DIRECTION('ref_axis',(-1.,5.07530525542929E-16,0.));
#5662=DIRECTION('',(0.,0.,-1.));
#5663=DIRECTION('center_axis',(0.,0.,1.));
#5664=DIRECTION('ref_axis',(-0.38268343236509,0.923879532511287,0.));
#5665=DIRECTION('',(0.,0.,1.));
#5666=DIRECTION('center_axis',(-0.707106781186548,0.707106781186548,0.));
#5667=DIRECTION('ref_axis',(-0.707106781186548,-0.707106781186548,0.));
#5668=DIRECTION('',(0.,0.,-1.));
#5669=DIRECTION('center_axis',(0.,0.,1.));
#5670=DIRECTION('ref_axis',(-0.923879532511286,0.38268343236509,0.));
#5671=DIRECTION('',(0.,0.,1.));
#5672=DIRECTION('center_axis',(-1.,-1.77635683940025E-16,0.));
#5673=DIRECTION('ref_axis',(1.77635683940025E-16,-1.,0.));
#5674=DIRECTION('',(0.,0.,1.));
#5675=DIRECTION('center_axis',(0.,0.,1.));
#5676=DIRECTION('ref_axis',(1.,0.,0.));
#5677=DIRECTION('center_axis',(0.,0.,1.));
#5678=DIRECTION('ref_axis',(1.,0.,0.));
#5679=DIRECTION('center_axis',(0.,0.,1.));
#5680=DIRECTION('ref_axis',(1.,0.,0.));
#5681=DIRECTION('center_axis',(0.,-1.,0.));
#5682=DIRECTION('ref_axis',(-1.,0.,0.));
#5683=DIRECTION('',(0.,-1.,0.));
#5684=DIRECTION('center_axis',(0.,-1.,0.));
#5685=DIRECTION('ref_axis',(-1.,0.,0.));
#5686=DIRECTION('center_axis',(0.,1.,0.));
#5687=DIRECTION('ref_axis',(-1.,0.,0.));
#5688=DIRECTION('center_axis',(0.,-1.,0.));
#5689=DIRECTION('ref_axis',(-1.,0.,0.));
#5690=DIRECTION('',(0.,-1.,0.));
#5691=DIRECTION('center_axis',(0.,-1.,0.));
#5692=DIRECTION('ref_axis',(-1.,0.,0.));
#5693=DIRECTION('center_axis',(0.,1.,0.));
#5694=DIRECTION('ref_axis',(-1.,0.,0.));
#5695=DIRECTION('center_axis',(0.,0.,1.));
#5696=DIRECTION('ref_axis',(1.,0.,0.));
#5697=DIRECTION('',(0.,0.,-1.));
#5698=DIRECTION('',(0.,0.,1.));
#5699=DIRECTION('center_axis',(0.,0.,1.));
#5700=DIRECTION('ref_axis',(1.,0.,0.));
#5701=DIRECTION('center_axis',(0.,0.,1.));
#5702=DIRECTION('ref_axis',(1.,0.,0.));
#5703=DIRECTION('center_axis',(-0.707106781186547,0.707106781186548,0.));
#5704=DIRECTION('ref_axis',(0.707106781186548,0.707106781186547,0.));
#5705=DIRECTION('',(0.,0.,1.));
#5706=DIRECTION('',(-0.707106781186548,-0.707106781186547,0.));
#5707=DIRECTION('',(0.,0.,1.));
#5708=DIRECTION('center_axis',(0.,1.,0.));
#5709=DIRECTION('ref_axis',(1.,0.,0.));
#5710=DIRECTION('',(0.,0.,1.));
#5711=DIRECTION('',(-1.,0.,0.));
#5712=DIRECTION('center_axis',(0.,0.,-1.));
#5713=DIRECTION('ref_axis',(1.,0.,0.));
#5714=DIRECTION('',(0.707106781186546,-0.707106781186549,0.));
#5715=DIRECTION('',(1.74206726043231E-16,-1.,0.));
#5716=DIRECTION('center_axis',(0.,0.,1.));
#5717=DIRECTION('ref_axis',(1.,0.,0.));
#5718=DIRECTION('center_axis',(0.,0.,1.));
#5719=DIRECTION('ref_axis',(1.,0.,0.));
#5720=DIRECTION('',(0.707106781186547,-0.707106781186548,0.));
#5721=DIRECTION('center_axis',(0.,0.,-1.));
#5722=DIRECTION('ref_axis',(-0.923879532511287,-0.38268343236509,0.));
#5723=DIRECTION('',(0.,-1.,0.));
#5724=DIRECTION('center_axis',(0.,0.,-1.));
#5725=DIRECTION('ref_axis',(-0.923879532511287,0.38268343236509,0.));
#5726=DIRECTION('center_axis',(-1.,-1.74206726043231E-16,0.));
#5727=DIRECTION('ref_axis',(-1.74206726043231E-16,1.,0.));
#5728=DIRECTION('center_axis',(-0.707106781186549,-0.707106781186546,0.));
#5729=DIRECTION('ref_axis',(-0.707106781186546,0.707106781186549,0.));
#5730=DIRECTION('center_axis',(0.,1.,0.));
#5731=DIRECTION('ref_axis',(-1.,0.,0.));
#5732=DIRECTION('',(0.,0.,1.));
#5733=DIRECTION('center_axis',(-1.,0.,0.));
#5734=DIRECTION('ref_axis',(0.,-1.,0.));
#5735=DIRECTION('center_axis',(0.,0.,-1.));
#5736=DIRECTION('ref_axis',(-0.923879532511287,-0.38268343236509,0.));
#5737=DIRECTION('',(0.,0.,1.));
#5738=DIRECTION('',(0.,0.,-1.));
#5739=DIRECTION('center_axis',(-0.707106781186548,-0.707106781186547,0.));
#5740=DIRECTION('ref_axis',(-0.707106781186547,0.707106781186548,0.));
#5741=DIRECTION('center_axis',(0.,0.,-1.));
#5742=DIRECTION('ref_axis',(-0.923879532511287,0.38268343236509,0.));
#5743=DIRECTION('',(0.,0.,-1.));
#5744=DIRECTION('center_axis',(-1.,0.,0.));
#5745=DIRECTION('ref_axis',(0.,1.,0.));
#5746=DIRECTION('center_axis',(0.,0.,-1.));
#5747=DIRECTION('ref_axis',(1.,0.,0.));
#5748=DIRECTION('center_axis',(0.,0.,1.));
#5749=DIRECTION('ref_axis',(1.,0.,0.));
#5750=DIRECTION('center_axis',(0.,0.,-1.));
#5751=DIRECTION('ref_axis',(1.,0.,0.));
#5752=DIRECTION('center_axis',(0.,0.,-1.));
#5753=DIRECTION('ref_axis',(1.,0.,0.));
#5754=DIRECTION('center_axis',(0.,0.,1.));
#5755=DIRECTION('ref_axis',(-1.83697019872103E-16,-1.,0.));
#5756=DIRECTION('center_axis',(0.,0.,-1.));
#5757=DIRECTION('ref_axis',(-0.486142147697652,-0.873879747008657,0.));
#5758=DIRECTION('',(0.,0.707106781186547,0.707106781186548));
#5759=DIRECTION('center_axis',(0.,-0.707106781186547,0.707106781186548));
#5760=DIRECTION('ref_axis',(1.,0.,0.));
#5761=DIRECTION('',(0.,0.707106781186548,0.707106781186547));
#5762=DIRECTION('center_axis',(0.,0.,-1.));
#5763=DIRECTION('ref_axis',(0.486142147697652,-0.873879747008657,0.));
#5764=DIRECTION('',(-0.600800032390286,0.372879767592491,0.707106781186548));
#5765=DIRECTION('center_axis',(0.600800032390287,-0.372879767592492,0.707106781186547));
#5766=DIRECTION('ref_axis',(0.762067329755156,0.,-0.647497787579113));
#5767=DIRECTION('',(-0.600800032390286,0.372879767592492,0.707106781186548));
#5768=DIRECTION('center_axis',(0.,0.,-1.));
#5769=DIRECTION('ref_axis',(1.,0.,0.));
#5770=DIRECTION('',(-0.707106781186547,0.,0.707106781186548));
#5771=DIRECTION('center_axis',(0.707106781186547,0.,0.707106781186548));
#5772=DIRECTION('ref_axis',(0.707106781186548,0.,-0.707106781186547));
#5773=DIRECTION('',(-0.707106781186548,0.,0.707106781186547));
#5774=DIRECTION('center_axis',(0.,0.,-1.));
#5775=DIRECTION('ref_axis',(0.923879532511287,0.382683432365089,0.));
#5776=DIRECTION('',(-0.500000000000002,-0.499999999999999,0.707106781186547));
#5777=DIRECTION('center_axis',(0.500000000000001,0.499999999999999,0.707106781186547));
#5778=DIRECTION('ref_axis',(0.816496580927725,0.,-0.577350269189627));
#5779=DIRECTION('center_axis',(0.,0.,-1.));
#5780=DIRECTION('ref_axis',(-0.703968941581924,0.710230757773856,0.));
#5781=DIRECTION('center_axis',(-0.197330316911976,-0.317947153737412,0.92734586506745));
#5782=DIRECTION('ref_axis',(-1.33226762955019E-15,-0.945945945945946,-0.324324324324325));
#5783=DIRECTION('center_axis',(0.881092985338984,-0.472943073938542,0.));
#5784=DIRECTION('ref_axis',(-0.472943073938542,-0.881092985338984,0.));
#5785=DIRECTION('center_axis',(0.,0.,1.));
#5786=DIRECTION('ref_axis',(-8.88178419700125E-16,-1.,0.));
#5787=DIRECTION('center_axis',(-0.817496531406371,0.5759335214576,0.));
#5788=DIRECTION('ref_axis',(0.5759335214576,0.817496531406371,0.));
#5789=DIRECTION('center_axis',(0.,0.,-1.));
#5790=DIRECTION('ref_axis',(0.486142147697652,-0.873879747008657,0.));
#5791=DIRECTION('',(0.,0.,-1.));
#5792=DIRECTION('center_axis',(0.,1.,0.));
#5793=DIRECTION('ref_axis',(0.,0.,1.));
#5794=DIRECTION('',(1.,0.,0.));
#5795=DIRECTION('',(0.,0.,1.));
#5796=DIRECTION('center_axis',(1.,0.,0.));
#5797=DIRECTION('ref_axis',(0.,1.,0.));
#5798=DIRECTION('',(1.,0.,0.));
#5799=DIRECTION('center_axis',(0.817496531406372,0.575933521457599,0.));
#5800=DIRECTION('ref_axis',(-0.575933521457599,0.817496531406372,0.));
#5801=DIRECTION('center_axis',(1.,0.,0.));
#5802=DIRECTION('ref_axis',(0.,-1.,0.));
#5803=DIRECTION('center_axis',(-0.881092985338984,-0.472943073938541,0.));
#5804=DIRECTION('ref_axis',(0.472943073938541,-0.881092985338984,0.));
#5805=DIRECTION('center_axis',(0.,0.,1.));
#5806=DIRECTION('ref_axis',(-0.486142147697652,-0.873879747008657,0.));
#5807=DIRECTION('center_axis',(0.,0.,-1.));
#5808=DIRECTION('ref_axis',(0.,-1.,0.));
#5809=DIRECTION('center_axis',(-0.197330316911975,0.317947153737413,-0.92734586506745));
#5810=DIRECTION('ref_axis',(-4.44089209850063E-16,-0.945945945945945,-0.324324324324326));
#5811=DIRECTION('center_axis',(1.,0.,0.));
#5812=DIRECTION('ref_axis',(0.,1.,0.));
#5813=DIRECTION('',(0.,0.,1.));
#5814=DIRECTION('center_axis',(-1.,0.,0.));
#5815=DIRECTION('ref_axis',(0.,-1.,0.));
#5816=DIRECTION('center_axis',(1.,0.,0.));
#5817=DIRECTION('ref_axis',(0.,1.,0.));
#5818=DIRECTION('center_axis',(0.,-1.,0.));
#5819=DIRECTION('ref_axis',(0.,0.,-1.));
#5820=DIRECTION('',(-1.,0.,0.));
#5821=DIRECTION('center_axis',(1.,0.,0.));
#5822=DIRECTION('ref_axis',(0.,1.,0.));
#5823=DIRECTION('',(1.,0.,0.));
#5824=DIRECTION('center_axis',(1.,0.,0.));
#5825=DIRECTION('ref_axis',(0.,-1.,0.));
#5826=DIRECTION('center_axis',(0.,0.,1.));
#5827=DIRECTION('ref_axis',(1.,0.,0.));
#5828=DIRECTION('',(0.,0.,-1.));
#5829=DIRECTION('center_axis',(0.,0.,1.));
#5830=DIRECTION('ref_axis',(1.,0.,0.));
#5831=DIRECTION('',(0.,0.,-1.));
#5832=CARTESIAN_POINT('',(0.,0.,0.));
#5833=CARTESIAN_POINT('Origin',(11.5750000000001,-22.,9.75));
#5834=CARTESIAN_POINT('',(13.9750000000001,-22.,10.));
#5835=CARTESIAN_POINT('Origin',(11.5750000000001,-22.,10.));
#5836=CARTESIAN_POINT('',(13.4750000000001,-22.,9.5));
#5837=CARTESIAN_POINT('',(13.7250000000001,-22.,9.75));
#5838=CARTESIAN_POINT('Origin',(11.5750000000001,-22.,9.5));
#5839=CARTESIAN_POINT('Origin',(-4.44089209850063E-15,-1.44999999999999,
10.));
#5840=CARTESIAN_POINT('',(-8.43407163965997,-36.6636658122319,10.));
#5841=CARTESIAN_POINT('',(-22.5159781831343,-13.9742880482915,10.));
#5842=CARTESIAN_POINT('',(-22.1911402272858,-14.4976810327257,10.));
#5843=CARTESIAN_POINT('',(-8.0092418626197,-36.9,10.));
#5844=CARTESIAN_POINT('Origin',(-8.0092418626197,-36.4,10.));
#5845=CARTESIAN_POINT('',(8.00924186261968,-36.9,10.));
#5846=CARTESIAN_POINT('',(-4.7,-36.9,10.));
#5847=CARTESIAN_POINT('',(8.43407163965995,-36.6636658122319,10.));
#5848=CARTESIAN_POINT('Origin',(8.00924186261968,-36.4,10.));
#5849=CARTESIAN_POINT('',(22.5159781831342,-13.9742880482915,10.));
#5850=CARTESIAN_POINT('',(14.7834915816381,-26.4332053841161,10.));
#5851=CARTESIAN_POINT('',(26.5,0.,10.));
#5852=CARTESIAN_POINT('Origin',(0.,0.,10.));
#5853=CARTESIAN_POINT('',(26.5,23.9644660940672,10.));
#5854=CARTESIAN_POINT('',(26.5,-0.724999999999993,10.));
#5855=CARTESIAN_POINT('',(26.3535533905933,24.3180194846605,10.));
#5856=CARTESIAN_POINT('Origin',(26.,23.9644660940672,10.));
#5857=CARTESIAN_POINT('',(16.8180194846605,33.8535533905933,10.));
#5858=CARTESIAN_POINT('',(26.5732864376269,24.0982864376269,10.));
#5859=CARTESIAN_POINT('',(16.4644660940673,34.,10.));
#5860=CARTESIAN_POINT('Origin',(16.4644660940673,33.5,10.));
#5861=CARTESIAN_POINT('',(-16.4644660940672,34.,10.));
#5862=CARTESIAN_POINT('',(8.75,34.,10.));
#5863=CARTESIAN_POINT('',(-16.8180194846605,33.8535533905933,10.));
#5864=CARTESIAN_POINT('Origin',(-16.4644660940672,33.5,10.));
#5865=CARTESIAN_POINT('',(-26.3535533905933,24.3180194846605,10.));
#5866=CARTESIAN_POINT('',(-21.0732864376269,29.5982864376269,10.));
#5867=CARTESIAN_POINT('',(-26.5,23.9644660940672,10.));
#5868=CARTESIAN_POINT('Origin',(-26.,23.9644660940672,10.));
#5869=CARTESIAN_POINT('',(-26.5,4.44089209850063E-15,10.));
#5870=CARTESIAN_POINT('',(-26.5,11.775,10.));
#5871=CARTESIAN_POINT('Origin',(0.,0.,10.));
#5872=CARTESIAN_POINT('',(16.9350288425444,-13.4350288425444,10.));
#5873=CARTESIAN_POINT('Origin',(13.4350288425444,-13.4350288425444,10.));
#5874=CARTESIAN_POINT('',(-9.17499999999992,-22.,10.));
#5875=CARTESIAN_POINT('Origin',(-11.5749999999999,-22.,10.));
#5876=CARTESIAN_POINT('',(-9.93502884254441,-13.4350288425444,10.));
#5877=CARTESIAN_POINT('Origin',(-13.4350288425444,-13.4350288425444,10.));
#5878=CARTESIAN_POINT('Origin',(11.5750000000001,-22.,10.));
#5879=CARTESIAN_POINT('',(13.4750000000001,-22.,5.));
#5880=CARTESIAN_POINT('',(13.4750000000001,-22.,10.));
#5881=CARTESIAN_POINT('Origin',(11.5750000000001,-22.,5.));
#5882=CARTESIAN_POINT('Origin',(13.4350288425444,-13.4350288425444,9.75));
#5883=CARTESIAN_POINT('',(16.4350288425444,-13.4350288425444,9.5));
#5884=CARTESIAN_POINT('',(16.6850288425444,-13.4350288425444,9.75));
#5885=CARTESIAN_POINT('Origin',(13.4350288425444,-13.4350288425444,9.5));
#5886=CARTESIAN_POINT('Origin',(13.4350288425444,-13.4350288425444,10.));
#5887=CARTESIAN_POINT('',(16.4350288425444,-13.4350288425444,7.));
#5888=CARTESIAN_POINT('',(16.4350288425444,-13.4350288425444,10.));
#5889=CARTESIAN_POINT('',(15.0600288425444,-15.9568089677734,7.));
#5890=CARTESIAN_POINT('Origin',(13.4350288425444,-13.4350288425444,7.));
#5891=CARTESIAN_POINT('',(15.0600288425444,-15.9568089677734,6.9));
#5892=CARTESIAN_POINT('',(15.0600288425444,-15.9568089677734,7.));
#5893=CARTESIAN_POINT('',(11.8100288425444,-15.9568089677734,6.9));
#5894=CARTESIAN_POINT('Origin',(13.4350288425444,-13.4350288425444,6.9));
#5895=CARTESIAN_POINT('',(11.8100288425444,-15.9568089677734,7.));
#5896=CARTESIAN_POINT('',(11.8100288425444,-15.9568089677734,7.));
#5897=CARTESIAN_POINT('',(11.8100288425444,-10.9132487173154,7.));
#5898=CARTESIAN_POINT('Origin',(13.4350288425444,-13.4350288425444,7.));
#5899=CARTESIAN_POINT('',(11.8100288425444,-10.9132487173154,6.9));
#5900=CARTESIAN_POINT('',(11.8100288425444,-10.9132487173154,7.));
#5901=CARTESIAN_POINT('',(15.0600288425444,-10.9132487173154,6.9));
#5902=CARTESIAN_POINT('Origin',(13.4350288425444,-13.4350288425444,6.9));
#5903=CARTESIAN_POINT('',(15.0600288425444,-10.9132487173154,7.));
#5904=CARTESIAN_POINT('',(15.0600288425444,-10.9132487173154,7.));
#5905=CARTESIAN_POINT('Origin',(13.4350288425444,-13.4350288425444,7.));
#5906=CARTESIAN_POINT('Origin',(-13.4350288425444,-13.4350288425444,9.75));
#5907=CARTESIAN_POINT('',(-10.4350288425444,-13.4350288425444,9.5));
#5908=CARTESIAN_POINT('',(-10.1850288425444,-13.4350288425444,9.75));
#5909=CARTESIAN_POINT('Origin',(-13.4350288425444,-13.4350288425444,9.5));
#5910=CARTESIAN_POINT('Origin',(-13.4350288425444,-13.4350288425444,10.));
#5911=CARTESIAN_POINT('',(-10.4350288425444,-13.4350288425444,7.));
#5912=CARTESIAN_POINT('',(-10.4350288425444,-13.4350288425444,10.));
#5913=CARTESIAN_POINT('',(-11.8100288425444,-15.9568089677734,7.));
#5914=CARTESIAN_POINT('Origin',(-13.4350288425444,-13.4350288425444,7.));
#5915=CARTESIAN_POINT('',(-11.8100288425444,-15.9568089677734,6.9));
#5916=CARTESIAN_POINT('',(-11.8100288425444,-15.9568089677734,7.));
#5917=CARTESIAN_POINT('',(-15.0600288425444,-15.9568089677734,6.9));
#5918=CARTESIAN_POINT('Origin',(-13.4350288425444,-13.4350288425444,6.9));
#5919=CARTESIAN_POINT('',(-15.0600288425444,-15.9568089677734,7.));
#5920=CARTESIAN_POINT('',(-15.0600288425444,-15.9568089677734,7.));
#5921=CARTESIAN_POINT('',(-15.0600288425444,-10.9132487173154,7.));
#5922=CARTESIAN_POINT('Origin',(-13.4350288425444,-13.4350288425444,7.));
#5923=CARTESIAN_POINT('',(-15.0600288425444,-10.9132487173154,6.9));
#5924=CARTESIAN_POINT('',(-15.0600288425444,-10.9132487173154,7.));
#5925=CARTESIAN_POINT('',(-11.8100288425444,-10.9132487173154,6.9));
#5926=CARTESIAN_POINT('Origin',(-13.4350288425444,-13.4350288425444,6.9));
#5927=CARTESIAN_POINT('',(-11.8100288425444,-10.9132487173154,7.));
#5928=CARTESIAN_POINT('',(-11.8100288425444,-10.9132487173154,7.));
#5929=CARTESIAN_POINT('Origin',(-13.4350288425444,-13.4350288425444,7.));
#5930=CARTESIAN_POINT('Origin',(-11.5749999999999,-22.,9.75));
#5931=CARTESIAN_POINT('',(-9.67499999999992,-22.,9.5));
#5932=CARTESIAN_POINT('',(-9.42499999999992,-22.,9.75));
#5933=CARTESIAN_POINT('Origin',(-11.5749999999999,-22.,9.5));
#5934=CARTESIAN_POINT('Origin',(-11.5749999999999,-22.,10.));
#5935=CARTESIAN_POINT('',(-9.67499999999992,-22.,5.));
#5936=CARTESIAN_POINT('',(-9.67499999999992,-22.,10.));
#5937=CARTESIAN_POINT('Origin',(-11.5749999999999,-22.,5.));
#5938=CARTESIAN_POINT('Origin',(11.5750000000001,-22.,5.));
#5939=CARTESIAN_POINT('Origin',(-11.5749999999999,-22.,5.));
#5940=CARTESIAN_POINT('Origin',(11.8100288425444,-15.9568089677734,7.));
#5941=CARTESIAN_POINT('',(11.8100288425444,-13.4350288425444,7.));
#5942=CARTESIAN_POINT('',(11.8100288425444,-13.4350288425444,6.9));
#5943=CARTESIAN_POINT('',(11.8100288425444,-10.4350288425444,6.9));
#5944=CARTESIAN_POINT('',(11.8100288425444,-10.4350288425444,6.9));
#5945=CARTESIAN_POINT('Origin',(13.4350288425444,-14.9350288425444,6.9));
#5946=CARTESIAN_POINT('',(15.0600288425444,-13.4350288425444,6.9));
#5947=CARTESIAN_POINT('',(15.0600288425444,-16.4350288425444,6.9));
#5948=CARTESIAN_POINT('Origin',(13.4350288425444,-13.4350288425444,6.9));
#5949=CARTESIAN_POINT('Origin',(15.0600288425444,-10.9132487173154,7.));
#5950=CARTESIAN_POINT('',(15.0600288425444,-12.1741387799299,7.));
#5951=CARTESIAN_POINT('',(15.0600288425444,-16.4350288425444,6.9));
#5952=CARTESIAN_POINT('Origin',(13.4350288425444,-11.9350288425444,6.9));
#5953=CARTESIAN_POINT('Origin',(13.4350288425444,-13.4350288425444,6.9));
#5954=CARTESIAN_POINT('Origin',(-11.8100288425444,-10.9132487173154,7.));
#5955=CARTESIAN_POINT('',(-11.8100288425444,-13.4350288425444,7.));
#5956=CARTESIAN_POINT('',(-11.8100288425444,-13.4350288425444,6.9));
#5957=CARTESIAN_POINT('',(-11.8100288425444,-16.4350288425444,6.9));
#5958=CARTESIAN_POINT('',(-11.8100288425444,-16.4350288425444,6.9));
#5959=CARTESIAN_POINT('Origin',(-13.4350288425444,-11.9350288425444,6.9));
#5960=CARTESIAN_POINT('',(-15.0600288425444,-13.4350288425444,6.9));
#5961=CARTESIAN_POINT('',(-15.0600288425444,-10.4350288425444,6.9));
#5962=CARTESIAN_POINT('Origin',(-13.4350288425444,-13.4350288425444,6.9));
#5963=CARTESIAN_POINT('Origin',(-15.0600288425444,-15.9568089677734,7.));
#5964=CARTESIAN_POINT('',(-15.0600288425444,-14.6959189051589,7.));
#5965=CARTESIAN_POINT('',(-15.0600288425444,-10.4350288425444,6.9));
#5966=CARTESIAN_POINT('Origin',(-13.4350288425444,-14.9350288425444,6.9));
#5967=CARTESIAN_POINT('Origin',(-13.4350288425444,-13.4350288425444,6.9));
#5968=CARTESIAN_POINT('Origin',(13.4350288425444,-13.4350288425444,7.));
#5969=CARTESIAN_POINT('Origin',(13.4350288425444,-13.4350288425444,7.));
#5970=CARTESIAN_POINT('Origin',(-13.4350288425444,-13.4350288425444,7.));
#5971=CARTESIAN_POINT('Origin',(-13.4350288425444,-13.4350288425444,7.));
#5972=CARTESIAN_POINT('Origin',(23.6806306431741,13.0740289253759,0.5));
#5973=CARTESIAN_POINT('',(23.3270772525808,13.4275823159692,0.5));
#5974=CARTESIAN_POINT('',(23.2429110379398,12.832364804759,0.5));
#5975=CARTESIAN_POINT('Origin',(23.6806306431741,13.0740289253759,0.5));
#5976=CARTESIAN_POINT('',(23.6806306431741,13.0740289253759,0.));
#5977=CARTESIAN_POINT('Origin',(23.6806306431741,13.0740289253759,0.5));
#5978=CARTESIAN_POINT('Origin',(23.6806306431741,13.0740289253759,0.5));
#5979=CARTESIAN_POINT('Origin',(15.7159271247462,5.109325406948,0.5));
#5980=CARTESIAN_POINT('',(26.2071067811865,16.3076118445749,0.5));
#5981=CARTESIAN_POINT('',(26.5606601717798,15.9540584539816,0.));
#5982=CARTESIAN_POINT('Origin',(26.5606601717798,15.9540584539816,0.5));
#5983=CARTESIAN_POINT('',(15.7159271247462,5.109325406948,0.));
#5984=CARTESIAN_POINT('',(15.3623737341529,5.46287879754128,0.5));
#5985=CARTESIAN_POINT('Origin',(25.5,17.0147186257615,0.5));
#5986=CARTESIAN_POINT('',(26.5,17.0147186257615,0.5));
#5987=CARTESIAN_POINT('',(27.,17.0147186257615,0.));
#5988=CARTESIAN_POINT('Origin',(27.,17.0147186257615,0.5));
#5989=CARTESIAN_POINT('Origin',(25.5,17.0147186257615,0.));
#5990=CARTESIAN_POINT('Origin',(25.5,17.0147186257615,0.5));
#5991=CARTESIAN_POINT('Origin',(27.,11.3607864376269,0.5));
#5992=CARTESIAN_POINT('',(26.5,23.7573593128807,0.5));
#5993=CARTESIAN_POINT('',(27.,23.7573593128807,0.));
#5994=CARTESIAN_POINT('Origin',(27.,23.7573593128807,0.5));
#5995=CARTESIAN_POINT('',(27.,11.3607864376269,0.));
#5996=CARTESIAN_POINT('',(26.5,11.3607864376269,0.5));
#5997=CARTESIAN_POINT('Origin',(25.5,23.7573593128807,0.5));
#5998=CARTESIAN_POINT('',(26.2071067811865,24.4644660940673,0.5));
#5999=CARTESIAN_POINT('',(26.5606601717798,24.8180194846605,0.));
#6000=CARTESIAN_POINT('Origin',(26.5606601717798,24.8180194846605,0.5));
#6001=CARTESIAN_POINT('Origin',(25.5,23.7573593128807,0.));
#6002=CARTESIAN_POINT('Origin',(25.5,23.7573593128807,0.5));
#6003=CARTESIAN_POINT('Origin',(21.7197330470336,29.6589466094068,0.5));
#6004=CARTESIAN_POINT('',(20.386038969321,30.2855339059328,0.5));
#6005=CARTESIAN_POINT('',(20.7395923599143,30.639087296526,0.));
#6006=CARTESIAN_POINT('Origin',(20.7395923599143,30.639087296526,0.5));
#6007=CARTESIAN_POINT('',(21.7197330470336,29.6589466094068,0.));
#6008=CARTESIAN_POINT('',(21.3661796564403,29.3053932188135,0.5));
#6009=CARTESIAN_POINT('Origin',(-23.6806306431741,13.0740289253759,0.5));
#6010=CARTESIAN_POINT('',(-23.2429110379398,12.832364804759,0.5));
#6011=CARTESIAN_POINT('',(-23.3270772525808,13.4275823159692,0.5));
#6012=CARTESIAN_POINT('Origin',(-23.6806306431741,13.0740289253759,0.5));
#6013=CARTESIAN_POINT('',(-23.6806306431741,13.0740289253759,0.));
#6014=CARTESIAN_POINT('Origin',(-23.6806306431741,13.0740289253759,0.5));
#6015=CARTESIAN_POINT('Origin',(-23.6806306431741,13.0740289253759,0.5));
#6016=CARTESIAN_POINT('Origin',(0.,0.,0.5));
#6017=CARTESIAN_POINT('Origin',(0.,0.,0.));
#6018=CARTESIAN_POINT('Origin',(0.,0.,0.5));
#6019=CARTESIAN_POINT('Origin',(-26.6339466094067,24.7447330470336,0.5));
#6020=CARTESIAN_POINT('',(-26.2071067811865,24.4644660940673,0.5));
#6021=CARTESIAN_POINT('',(-26.5606601717798,24.8180194846605,0.));
#6022=CARTESIAN_POINT('Origin',(-26.5606601717798,24.8180194846605,0.5));
#6023=CARTESIAN_POINT('',(-20.7395923599143,30.639087296526,0.));
#6024=CARTESIAN_POINT('',(-26.6339466094067,24.7447330470336,0.));
#6025=CARTESIAN_POINT('',(-20.386038969321,30.2855339059328,0.5));
#6026=CARTESIAN_POINT('Origin',(-20.7395923599143,30.639087296526,0.5));
#6027=CARTESIAN_POINT('',(-26.2803932188134,24.3911796564404,0.5));
#6028=CARTESIAN_POINT('Origin',(-25.5,23.7573593128807,0.5));
#6029=CARTESIAN_POINT('',(-26.5,23.7573593128807,0.5));
#6030=CARTESIAN_POINT('',(-27.,23.7573593128807,0.));
#6031=CARTESIAN_POINT('Origin',(-27.,23.7573593128807,0.5));
#6032=CARTESIAN_POINT('Origin',(-25.5,23.7573593128807,0.));
#6033=CARTESIAN_POINT('Origin',(-25.5,23.7573593128807,0.5));
#6034=CARTESIAN_POINT('Origin',(-27.,7.57525253169419,0.5));
#6035=CARTESIAN_POINT('',(-26.5,17.0147186257615,0.5));
#6036=CARTESIAN_POINT('',(-27.,17.0147186257615,0.));
#6037=CARTESIAN_POINT('Origin',(-27.,17.0147186257615,0.5));
#6038=CARTESIAN_POINT('',(-27.,7.57525253169419,0.));
#6039=CARTESIAN_POINT('',(-26.5,7.57525253169419,0.5));
#6040=CARTESIAN_POINT('Origin',(-25.5,17.0147186257615,0.5));
#6041=CARTESIAN_POINT('',(-26.2071067811865,16.3076118445749,0.5));
#6042=CARTESIAN_POINT('',(-26.5606601717798,15.9540584539816,0.));
#6043=CARTESIAN_POINT('Origin',(-26.5606601717798,15.9540584539816,0.5));
#6044=CARTESIAN_POINT('Origin',(-25.5,17.0147186257615,0.));
#6045=CARTESIAN_POINT('Origin',(-25.5,17.0147186257615,0.5));
#6046=CARTESIAN_POINT('Origin',(-13.9955130299181,3.38891131211994,0.5));
#6047=CARTESIAN_POINT('',(-13.9955130299181,3.38891131211994,0.));
#6048=CARTESIAN_POINT('',(-13.6419596393249,3.74246470271321,0.5));
#6049=CARTESIAN_POINT('Origin',(-23.6806306431741,13.0740289253759,0.));
#6050=CARTESIAN_POINT('',(-23.3270772525808,13.4275823159692,8.2));
#6051=CARTESIAN_POINT('',(-23.2429110379398,12.832364804759,8.2));
#6052=CARTESIAN_POINT('Origin',(-23.6806306431741,13.0740289253759,8.2));
#6053=CARTESIAN_POINT('',(-23.2429110379398,12.832364804759,0.));
#6054=CARTESIAN_POINT('',(-23.3270772525808,13.4275823159692,0.));
#6055=CARTESIAN_POINT('Origin',(23.6806306431741,13.0740289253759,0.));
#6056=CARTESIAN_POINT('',(23.2429110379398,12.832364804759,8.2));
#6057=CARTESIAN_POINT('',(23.3270772525808,13.4275823159692,8.2));
#6058=CARTESIAN_POINT('Origin',(23.6806306431741,13.0740289253759,8.2));
#6059=CARTESIAN_POINT('',(23.3270772525808,13.4275823159692,0.));
#6060=CARTESIAN_POINT('',(23.2429110379398,12.832364804759,0.));
#6061=CARTESIAN_POINT('Origin',(-4.44089209850063E-15,-1.44999999999999,
0.));
#6062=CARTESIAN_POINT('',(17.4842864114354,-24.9260776226118,0.));
#6063=CARTESIAN_POINT('',(23.7904675142551,-14.7652854849872,0.));
#6064=CARTESIAN_POINT('',(16.0579809127589,-27.2242028208119,0.));
#6065=CARTESIAN_POINT('',(15.9631803153492,-23.8509302589992,0.));
#6066=CARTESIAN_POINT('Origin',(16.0450521778616,-25.3486942584761,0.));
#6067=CARTESIAN_POINT('',(7.,-27.8332534928993,0.));
#6068=CARTESIAN_POINT('Origin',(4.44089209850063E-14,1.28785870856518E-13,
0.));
#6069=CARTESIAN_POINT('',(7.,-36.9,0.));
#6070=CARTESIAN_POINT('',(7.,-36.9,0.));
#6071=CARTESIAN_POINT('',(-7.,-36.9,0.));
#6072=CARTESIAN_POINT('',(0.,-36.9,0.));
#6073=CARTESIAN_POINT('',(-7.,-27.8332534928993,0.));
#6074=CARTESIAN_POINT('',(-7.,-36.9,0.));
#6075=CARTESIAN_POINT('',(-15.9631803153492,-23.8509302589992,0.));
#6076=CARTESIAN_POINT('Origin',(4.44089209850063E-14,1.28785870856518E-13,
0.));
#6077=CARTESIAN_POINT('',(-17.4842864114354,-24.9260776226118,0.));
#6078=CARTESIAN_POINT('Origin',(-16.0450521778616,-25.3486942584761,0.));
#6079=CARTESIAN_POINT('',(-23.7904675142551,-14.7652854849872,0.));
#6080=CARTESIAN_POINT('',(-23.4656295584066,-15.2886784694214,0.));
#6081=CARTESIAN_POINT('',(-28.,4.44089209850063E-15,0.));
#6082=CARTESIAN_POINT('Origin',(0.,0.,0.));
#6083=CARTESIAN_POINT('',(-28.,23.9644660940672,0.));
#6084=CARTESIAN_POINT('',(-28.,11.775,0.));
#6085=CARTESIAN_POINT('',(-27.4142135623731,25.3786796564403,0.));
#6086=CARTESIAN_POINT('Origin',(-26.,23.9644660940672,0.));
#6087=CARTESIAN_POINT('',(-17.8786796564403,34.9142135623731,0.));
#6088=CARTESIAN_POINT('',(-22.1339466094067,30.6589466094067,0.));
#6089=CARTESIAN_POINT('',(-16.4644660940672,35.5,0.));
#6090=CARTESIAN_POINT('Origin',(-16.4644660940672,33.5,0.));
#6091=CARTESIAN_POINT('',(16.4644660940673,35.5,0.));
#6092=CARTESIAN_POINT('',(8.75,35.5,0.));
#6093=CARTESIAN_POINT('',(17.8786796564404,34.9142135623731,0.));
#6094=CARTESIAN_POINT('Origin',(16.4644660940673,33.5,0.));
#6095=CARTESIAN_POINT('',(27.4142135623731,25.3786796564403,0.));
#6096=CARTESIAN_POINT('',(27.6339466094067,25.1589466094067,0.));
#6097=CARTESIAN_POINT('',(28.,23.9644660940672,0.));
#6098=CARTESIAN_POINT('Origin',(26.,23.9644660940672,0.));
#6099=CARTESIAN_POINT('',(28.,0.,0.));
#6100=CARTESIAN_POINT('',(28.,-0.724999999999993,0.));
#6101=CARTESIAN_POINT('Origin',(0.,0.,0.));
#6102=CARTESIAN_POINT('',(-19.3253787975412,29.2248737341529,0.));
#6103=CARTESIAN_POINT('',(-15.3118957505076,25.2113906871193,5.55111512312578E-16));
#6104=CARTESIAN_POINT('',(19.3253787975412,29.2248737341529,0.));
#6105=CARTESIAN_POINT('',(15.6654491411009,25.5649440777126,-5.55111512312578E-16));
#6106=CARTESIAN_POINT('',(19.3253787975412,29.9319805153395,0.));
#6107=CARTESIAN_POINT('Origin',(18.9718254069479,29.5784271247462,0.));
#6108=CARTESIAN_POINT('',(16.4038059222874,32.8535533905933,0.));
#6109=CARTESIAN_POINT('',(12.4957160940672,36.7616432188135,0.));
#6110=CARTESIAN_POINT('',(16.0502525316941,33.,0.));
#6111=CARTESIAN_POINT('Origin',(16.0502525316941,32.5,0.));
#6112=CARTESIAN_POINT('',(7.5,33.,0.));
#6113=CARTESIAN_POINT('',(3.5,33.,0.));
#6114=CARTESIAN_POINT('',(7.,32.5,0.));
#6115=CARTESIAN_POINT('Origin',(7.5,32.5,0.));
#6116=CARTESIAN_POINT('',(7.,34.,0.));
#6117=CARTESIAN_POINT('',(7.,32.3946067811866,0.));
#6118=CARTESIAN_POINT('',(-7.,34.,0.));
#6119=CARTESIAN_POINT('',(-8.3357864376269,34.,0.));
#6120=CARTESIAN_POINT('',(-7.,32.5,0.));
#6121=CARTESIAN_POINT('',(-7.,32.8946067811866,0.));
#6122=CARTESIAN_POINT('',(-7.5,33.,0.));
#6123=CARTESIAN_POINT('Origin',(-7.5,32.5,0.));
#6124=CARTESIAN_POINT('',(-16.0502525316941,33.,0.));
#6125=CARTESIAN_POINT('',(-8.12867965644035,33.,0.));
#6126=CARTESIAN_POINT('',(-16.4038059222874,32.8535533905933,0.));
#6127=CARTESIAN_POINT('Origin',(-16.0502525316941,32.5,0.));
#6128=CARTESIAN_POINT('',(-19.3253787975412,29.9319805153395,0.));
#6129=CARTESIAN_POINT('',(-14.2065025316941,35.0508567811866,0.));
#6130=CARTESIAN_POINT('Origin',(-18.9718254069479,29.5784271247462,0.));
#6131=CARTESIAN_POINT('Origin',(16.6715728752538,34.,2.6));
#6132=CARTESIAN_POINT('',(26.2071067811865,24.4644660940673,8.2));
#6133=CARTESIAN_POINT('',(26.2071067811865,24.4644660940673,2.6));
#6134=CARTESIAN_POINT('',(20.386038969321,30.2855339059328,8.2));
#6135=CARTESIAN_POINT('',(26.5,24.1715728752538,8.2));
#6136=CARTESIAN_POINT('',(20.386038969321,30.2855339059328,5.4));
#6137=CARTESIAN_POINT('Origin',(25.5,23.7573593128807,2.6));
#6138=CARTESIAN_POINT('',(26.5,23.7573593128807,8.2));
#6139=CARTESIAN_POINT('',(26.5,23.7573593128807,2.6));
#6140=CARTESIAN_POINT('Origin',(25.5,23.7573593128807,8.2));
#6141=CARTESIAN_POINT('Origin',(26.5,24.1715728752538,2.6));
#6142=CARTESIAN_POINT('',(26.5,17.0147186257615,8.2));
#6143=CARTESIAN_POINT('',(26.5,17.0147186257615,2.6));
#6144=CARTESIAN_POINT('',(26.5,16.6005050633884,8.2));
#6145=CARTESIAN_POINT('Origin',(25.5,17.0147186257615,2.6));
#6146=CARTESIAN_POINT('',(26.2071067811865,16.3076118445749,8.2));
#6147=CARTESIAN_POINT('',(26.2071067811865,16.3076118445749,2.6));
#6148=CARTESIAN_POINT('Origin',(25.5,17.0147186257615,8.2));
#6149=CARTESIAN_POINT('Origin',(26.5,16.6005050633884,2.6));
#6150=CARTESIAN_POINT('',(26.3864335717928,16.4869386351811,8.2));
#6151=CARTESIAN_POINT('Origin',(-10.2542301797147,-2.93502884254441,3.1));
#6152=CARTESIAN_POINT('',(-9.80769600720596,-2.71006832871602,3.1));
#6153=CARTESIAN_POINT('',(-10.2542301797147,-2.9350288425444,2.6));
#6154=CARTESIAN_POINT('Origin',(-10.2542301797147,-2.93502884254441,3.1));
#6155=CARTESIAN_POINT('',(-10.2542301797147,-3.43502884254441,3.1));
#6156=CARTESIAN_POINT('Origin',(-10.2542301797147,-2.93502884254441,3.1));
#6157=CARTESIAN_POINT('Origin',(-10.2542301797147,-2.93502884254441,3.1));
#6158=CARTESIAN_POINT('Origin',(-10.2542301797147,-2.93502884254441,2.6));
#6159=CARTESIAN_POINT('',(-10.2542301797147,-3.43502884254441,3.8));
#6160=CARTESIAN_POINT('',(-10.2542301797147,-3.43502884254441,2.6));
#6161=CARTESIAN_POINT('',(-9.80769600720596,-2.71006832871602,4.3));
#6162=CARTESIAN_POINT('',(-9.80769600720596,-2.71006832871602,2.6));
#6163=CARTESIAN_POINT('',(-10.0361005739339,-3.38493936151666,3.8));
#6164=CARTESIAN_POINT('Ctrl Pts',(-9.80769600720596,-2.71006832871602,4.3));
#6165=CARTESIAN_POINT('Ctrl Pts',(-9.80721479457877,-2.71102350915468,4.29894638653144));
#6166=CARTESIAN_POINT('Ctrl Pts',(-9.80673664569376,-2.71198023580836,4.29789277066522));
#6167=CARTESIAN_POINT('Ctrl Pts',(-9.78299101343027,-2.75987649958531,4.24523092276691));
#6168=CARTESIAN_POINT('Ctrl Pts',(-9.76695794497019,-2.81075378705539,4.19336224897903));
#6169=CARTESIAN_POINT('Ctrl Pts',(-9.752036468015,-2.91451696090982,4.0952347921969));
#6170=CARTESIAN_POINT('Ctrl Pts',(-9.75231381488004,-2.96779521082661,4.04826861674983));
#6171=CARTESIAN_POINT('Ctrl Pts',(-9.77167162943253,-3.07780246325321,3.9592319406337));
#6172=CARTESIAN_POINT('Ctrl Pts',(-9.79168634423495,-3.13531916206462,3.91685401902224));
#6173=CARTESIAN_POINT('Ctrl Pts',(-9.84854656739127,-3.23116417053518,3.85616503285115));
#6174=CARTESIAN_POINT('Ctrl Pts',(-9.87983031118967,-3.2705131811914,3.83460291210392));
#6175=CARTESIAN_POINT('Ctrl Pts',(-9.95203655001784,-3.33593420220191,3.80741513052653));
#6176=CARTESIAN_POINT('Ctrl Pts',(-9.99016714032101,-3.36219689717451,3.80042508268096));
#6177=CARTESIAN_POINT('Ctrl Pts',(-10.0335057771335,-3.38367438831099,3.80000624404761));
#6178=CARTESIAN_POINT('Ctrl Pts',(-10.0348022600558,-3.38430990147414,3.8));
#6179=CARTESIAN_POINT('Ctrl Pts',(-10.0361005739341,-3.3849393615168,3.8));
#6180=CARTESIAN_POINT('Origin',(-10.2542301797147,-2.93502884254441,3.8));
#6181=CARTESIAN_POINT('Origin',(-4.73189460396438,-2.93502884254441,3.1));
#6182=CARTESIAN_POINT('',(-15.9350288425444,-2.93502884254441,2.6));
#6183=CARTESIAN_POINT('',(-4.73189460396438,-2.93502884254441,2.6));
#6184=CARTESIAN_POINT('',(-15.4350288425444,-3.43502884254441,3.1));
#6185=CARTESIAN_POINT('',(-4.73189460396438,-3.43502884254441,3.1));
#6186=CARTESIAN_POINT('Origin',(-15.9350288425444,-2.93502884254441,3.1));
#6187=CARTESIAN_POINT('Origin',(-8.50442538989331,-9.93502884254441,3.1));
#6188=CARTESIAN_POINT('',(-8.00456026793574,-9.92341592515269,3.1));
#6189=CARTESIAN_POINT('',(-8.50442538989331,-9.43502884254441,3.1));
#6190=CARTESIAN_POINT('Origin',(-8.50442538989331,-9.9350288425444,3.1));
#6191=CARTESIAN_POINT('',(-8.50442538989331,-9.93502884254441,2.6));
#6192=CARTESIAN_POINT('Origin',(-8.50442538989331,-9.93502884254441,3.1));
#6193=CARTESIAN_POINT('Origin',(-8.50442538989331,-9.93502884254441,3.1));
#6194=CARTESIAN_POINT('Origin',(-24.905153179398,-10.316052219886,3.1));
#6195=CARTESIAN_POINT('',(-8.,-10.316052219886,3.1));
#6196=CARTESIAN_POINT('',(-8.5,-10.316052219886,2.6));
#6197=CARTESIAN_POINT('Origin',(-8.5,-10.316052219886,3.1));
#6198=CARTESIAN_POINT('Origin',(-24.905153179398,-10.316052219886,2.6));
#6199=CARTESIAN_POINT('Origin',(-24.905153179398,-10.316052219886,3.1));
#6200=CARTESIAN_POINT('Origin',(-8.5,-11.5,3.1));
#6201=CARTESIAN_POINT('',(-8.,-22.,3.1));
#6202=CARTESIAN_POINT('',(-8.5,-22.,2.6));
#6203=CARTESIAN_POINT('Origin',(-8.5,-22.,3.1));
#6204=CARTESIAN_POINT('',(-8.5,-11.5,2.6));
#6205=CARTESIAN_POINT('',(-8.,-11.5,3.1));
#6206=CARTESIAN_POINT('Origin',(-7.,-22.,3.1));
#6207=CARTESIAN_POINT('',(-7.,-23.,3.1));
#6208=CARTESIAN_POINT('',(-7.,-23.5,2.6));
#6209=CARTESIAN_POINT('Origin',(-7.,-23.5,3.1));
#6210=CARTESIAN_POINT('Origin',(-7.,-22.,2.6));
#6211=CARTESIAN_POINT('Origin',(-7.,-22.,3.1));
#6212=CARTESIAN_POINT('Origin',(4.,-23.5,3.1));
#6213=CARTESIAN_POINT('',(7.,-23.,3.1));
#6214=CARTESIAN_POINT('',(7.,-23.5,2.6));
#6215=CARTESIAN_POINT('Origin',(7.,-23.5,3.1));
#6216=CARTESIAN_POINT('',(4.,-23.5,2.6));
#6217=CARTESIAN_POINT('',(4.,-23.,3.1));
#6218=CARTESIAN_POINT('Origin',(7.,-22.,3.1));
#6219=CARTESIAN_POINT('',(8.,-22.,3.1));
#6220=CARTESIAN_POINT('',(8.5,-22.,2.6));
#6221=CARTESIAN_POINT('Origin',(8.5,-22.,3.1));
#6222=CARTESIAN_POINT('Origin',(7.,-22.,2.6));
#6223=CARTESIAN_POINT('Origin',(7.,-22.,3.1));
#6224=CARTESIAN_POINT('Origin',(8.5,-5.15802610994301,3.1));
#6225=CARTESIAN_POINT('',(8.,-10.316052219886,3.1));
#6226=CARTESIAN_POINT('',(8.5,-10.316052219886,2.6));
#6227=CARTESIAN_POINT('Origin',(8.5,-10.316052219886,3.1));
#6228=CARTESIAN_POINT('',(8.5,-5.15802610994301,2.6));
#6229=CARTESIAN_POINT('',(8.,-5.15802610994301,3.1));
#6230=CARTESIAN_POINT('Origin',(24.905153179398,-10.316052219886,3.1));
#6231=CARTESIAN_POINT('',(12.9514047292484,1.63769623026364,3.1));
#6232=CARTESIAN_POINT('',(13.3049581198416,1.28414283967037,2.6));
#6233=CARTESIAN_POINT('Origin',(13.3049581198416,1.28414283967037,3.1));
#6234=CARTESIAN_POINT('Origin',(24.905153179398,-10.316052219886,2.6));
#6235=CARTESIAN_POINT('Origin',(24.905153179398,-10.316052219886,3.1));
#6236=CARTESIAN_POINT('Origin',(14.9609837388627,2.94016845869147,3.1));
#6237=CARTESIAN_POINT('',(23.5580064470466,12.2442979480618,3.1));
#6238=CARTESIAN_POINT('',(23.7959706055922,11.775155325421,2.6));
#6239=CARTESIAN_POINT('Ctrl Pts',(23.7959706055922,11.775155325421,2.6));
#6240=CARTESIAN_POINT('Ctrl Pts',(23.7665692232874,11.8345714783086,2.6));
#6241=CARTESIAN_POINT('Ctrl Pts',(23.734852463996,11.8980491677129,2.61253932698085));
#6242=CARTESIAN_POINT('Ctrl Pts',(23.6758217481534,12.0150846869168,2.66443146134915));
#6243=CARTESIAN_POINT('Ctrl Pts',(23.6485233637756,12.0686413828382,2.70380453725982));
#6244=CARTESIAN_POINT('Ctrl Pts',(23.6063427763942,12.1509298998646,2.79358799952321));
#6245=CARTESIAN_POINT('Ctrl Pts',(23.5882330487338,12.1859941214444,2.8489528953302));
#6246=CARTESIAN_POINT('Ctrl Pts',(23.5640548320578,12.232682083603,2.97085860041568));
#6247=CARTESIAN_POINT('Ctrl Pts',(23.5580064470466,12.2442979480619,3.03740641240299));
#6248=CARTESIAN_POINT('Ctrl Pts',(23.5580064470466,12.2442979480619,3.1));
#6249=CARTESIAN_POINT('',(14.9609837388627,2.94016845869147,2.6));
#6250=CARTESIAN_POINT('',(14.6074303482695,3.29372184928474,3.1));
#6251=CARTESIAN_POINT('Origin',(-7.7175144212722,-9.93502884254441,3.1));
#6252=CARTESIAN_POINT('',(-15.4350288425444,-9.43502884254441,3.1));
#6253=CARTESIAN_POINT('',(-7.7175144212722,-9.43502884254441,3.1));
#6254=CARTESIAN_POINT('',(-15.9350288425444,-9.93502884254441,2.6));
#6255=CARTESIAN_POINT('',(-7.7175144212722,-9.93502884254441,2.6));
#6256=CARTESIAN_POINT('Origin',(-15.9350288425444,-9.93502884254441,3.1));
#6257=CARTESIAN_POINT('Origin',(-8.50442538989331,-9.9350288425444,2.6));
#6258=CARTESIAN_POINT('',(-8.00456026793574,-9.92341592515269,4.3));
#6259=CARTESIAN_POINT('',(-8.00456026793574,-9.92341592515269,2.6));
#6260=CARTESIAN_POINT('',(-8.50442538989331,-9.43502884254441,3.80036959166838));
#6261=CARTESIAN_POINT('',(-8.50442538989331,-9.43502884254441,2.6));
#6262=CARTESIAN_POINT('Ctrl Pts',(-8.5044253898933,-9.4350288425444,3.80036959166838));
#6263=CARTESIAN_POINT('Ctrl Pts',(-8.45724616769781,-9.4350288425444,3.80218200402411));
#6264=CARTESIAN_POINT('Ctrl Pts',(-8.41132965870698,-9.4417000067031,3.8105959070051));
#6265=CARTESIAN_POINT('Ctrl Pts',(-8.31674837864732,-9.46855020456065,3.8408453500987));
#6266=CARTESIAN_POINT('Ctrl Pts',(-8.27058177134711,-9.49044316414829,3.86426665765185));
#6267=CARTESIAN_POINT('Ctrl Pts',(-8.17553475705852,-9.55280297621814,3.9293946896125));
#6268=CARTESIAN_POINT('Ctrl Pts',(-8.131421496649,-9.59697628642434,3.9745198654755));
#6269=CARTESIAN_POINT('Ctrl Pts',(-8.06802742846706,-9.68577563058619,4.06414754807835));
#6270=CARTESIAN_POINT('Ctrl Pts',(-8.04586640315038,-9.73006551893649,4.10844977287381));
#6271=CARTESIAN_POINT('Ctrl Pts',(-8.01468843533989,-9.82259830720173,4.20047729558616));
#6272=CARTESIAN_POINT('Ctrl Pts',(-8.00609169829014,-9.87142516762028,4.24876260568006));
#6273=CARTESIAN_POINT('Ctrl Pts',(-8.00461338121336,-9.92127748127487,4.29789277066579));
#6274=CARTESIAN_POINT('Ctrl Pts',(-8.00458510910628,-9.92234666457668,4.29894638653136));
#6275=CARTESIAN_POINT('Ctrl Pts',(-8.00456026793574,-9.92341592515269,4.3));
#6276=CARTESIAN_POINT('Origin',(-15.9350288425444,-1.7175144212722,3.1));
#6277=CARTESIAN_POINT('',(-15.4350288425444,-1.7175144212722,3.1));
#6278=CARTESIAN_POINT('',(-15.9350288425444,-1.7175144212722,2.6));
#6279=CARTESIAN_POINT('Origin',(-24.905153179398,-10.316052219886,4.3));
#6280=CARTESIAN_POINT('Origin',(-24.905153179398,-10.316052219886,4.3));
#6281=CARTESIAN_POINT('',(-8.52367434969248,-9.43502884254441,3.8));
#6282=CARTESIAN_POINT('Ctrl Pts',(-8.50442538989331,-9.43502884254441,3.80036959166838));
#6283=CARTESIAN_POINT('Ctrl Pts',(-8.51093761579298,-9.43502884254441,3.80011942139989));
#6284=CARTESIAN_POINT('Ctrl Pts',(-8.5173637756332,-9.43502884254441,3.8));
#6285=CARTESIAN_POINT('Ctrl Pts',(-8.52367434969248,-9.43502884254441,3.8));
#6286=CARTESIAN_POINT('Origin',(-24.905153179398,-10.316052219886,3.8));
#6287=CARTESIAN_POINT('Origin',(-9.65768287996363,-2.36313240020763,3.1));
#6288=CARTESIAN_POINT('',(-12.9514047292484,1.63769623026364,3.1));
#6289=CARTESIAN_POINT('',(-13.3049581198416,1.28414283967037,2.6));
#6290=CARTESIAN_POINT('Origin',(-13.3049581198416,1.28414283967037,3.1));
#6291=CARTESIAN_POINT('',(-23.7959706055922,11.775155325421,2.6));
#6292=CARTESIAN_POINT('',(-9.65768287996363,-2.36313240020763,2.6));
#6293=CARTESIAN_POINT('',(-23.5580064470466,12.2442979480618,3.1));
#6294=CARTESIAN_POINT('Ctrl Pts',(-23.5580064470466,12.2442979480619,3.1));
#6295=CARTESIAN_POINT('Ctrl Pts',(-23.5580064470466,12.2442979480619,3.03740641240299));
#6296=CARTESIAN_POINT('Ctrl Pts',(-23.5640548320578,12.232682083603,2.97085860041568));
#6297=CARTESIAN_POINT('Ctrl Pts',(-23.5882330487339,12.1859941214444,2.8489528953302));
#6298=CARTESIAN_POINT('Ctrl Pts',(-23.6063427763942,12.1509298998646,2.79358799952321));
#6299=CARTESIAN_POINT('Ctrl Pts',(-23.6485233637756,12.0686413828382,2.70380453725982));
#6300=CARTESIAN_POINT('Ctrl Pts',(-23.6758217481534,12.0150846869168,2.66443146134915));
#6301=CARTESIAN_POINT('Ctrl Pts',(-23.734852463996,11.8980491677128,2.61253932698086));
#6302=CARTESIAN_POINT('Ctrl Pts',(-23.7665692232874,11.8345714783086,2.6));
#6303=CARTESIAN_POINT('Ctrl Pts',(-23.7959706055922,11.775155325421,2.6));
#6304=CARTESIAN_POINT('',(-9.30412948937035,-2.00957900961436,3.1));
#6305=CARTESIAN_POINT('Origin',(-24.905153179398,-10.316052219886,3.1));
#6306=CARTESIAN_POINT('Origin',(-24.905153179398,-10.316052219886,2.6));
#6307=CARTESIAN_POINT('Origin',(-24.905153179398,-10.316052219886,3.1));
#6308=CARTESIAN_POINT('Origin',(-11.7290010068976,-6.43502884254441,3.8));
#6309=CARTESIAN_POINT('',(-15.4350288425444,-9.43502884254441,3.8));
#6310=CARTESIAN_POINT('',(-5.43502884254441,-9.43502884254441,3.8));
#6311=CARTESIAN_POINT('',(-15.4350288425444,-3.43502884254441,3.8));
#6312=CARTESIAN_POINT('',(-15.4350288425444,-9.43502884254441,3.8));
#6313=CARTESIAN_POINT('',(-15.4350288425444,-3.43502884254441,3.8));
#6314=CARTESIAN_POINT('Origin',(-15.4350288425444,-9.43502884254441,2.6));
#6315=CARTESIAN_POINT('',(-15.4350288425444,-9.43502884254441,2.6));
#6316=CARTESIAN_POINT('Origin',(23.5580064470466,12.2442979480618,2.6));
#6317=CARTESIAN_POINT('',(12.9514047292484,1.63769623026364,8.2));
#6318=CARTESIAN_POINT('',(12.9514047292484,1.63769623026364,2.6));
#6319=CARTESIAN_POINT('',(23.5580064470466,12.2442979480618,8.2));
#6320=CARTESIAN_POINT('',(23.5580064470466,12.2442979480618,8.2));
#6321=CARTESIAN_POINT('',(23.5580064470466,12.2442979480618,2.6));
#6322=CARTESIAN_POINT('Origin',(24.905153179398,-10.316052219886,2.6));
#6323=CARTESIAN_POINT('',(8.,-10.316052219886,8.2));
#6324=CARTESIAN_POINT('',(8.,-10.316052219886,2.6));
#6325=CARTESIAN_POINT('Origin',(24.905153179398,-10.316052219886,8.2));
#6326=CARTESIAN_POINT('Origin',(8.,-10.316052219886,2.6));
#6327=CARTESIAN_POINT('',(8.,-22.,8.2));
#6328=CARTESIAN_POINT('',(8.,-22.,2.6));
#6329=CARTESIAN_POINT('',(8.,-10.316052219886,8.2));
#6330=CARTESIAN_POINT('Origin',(7.,-22.,2.6));
#6331=CARTESIAN_POINT('',(7.,-23.,8.2));
#6332=CARTESIAN_POINT('',(7.,-23.,2.6));
#6333=CARTESIAN_POINT('Origin',(7.,-22.,8.2));
#6334=CARTESIAN_POINT('Origin',(8.,-23.,2.6));
#6335=CARTESIAN_POINT('',(-7.,-23.,8.2));
#6336=CARTESIAN_POINT('',(-7.,-23.,2.6));
#6337=CARTESIAN_POINT('',(8.,-23.,8.2));
#6338=CARTESIAN_POINT('Origin',(-7.,-22.,2.6));
#6339=CARTESIAN_POINT('',(-8.,-22.,8.2));
#6340=CARTESIAN_POINT('',(-8.,-22.,2.6));
#6341=CARTESIAN_POINT('Origin',(-7.,-22.,8.2));
#6342=CARTESIAN_POINT('Origin',(-8.,-23.,2.6));
#6343=CARTESIAN_POINT('',(-8.,-10.316052219886,8.2));
#6344=CARTESIAN_POINT('',(-8.,-10.316052219886,2.6));
#6345=CARTESIAN_POINT('',(-8.,-10.316052219886,8.2));
#6346=CARTESIAN_POINT('Origin',(-24.905153179398,-10.316052219886,2.6));
#6347=CARTESIAN_POINT('',(-12.9514047292484,1.63769623026364,8.2));
#6348=CARTESIAN_POINT('',(-12.9514047292484,1.63769623026364,2.6));
#6349=CARTESIAN_POINT('Origin',(-24.905153179398,-10.316052219886,8.2));
#6350=CARTESIAN_POINT('Origin',(-12.9514047292484,1.63769623026364,2.6));
#6351=CARTESIAN_POINT('',(-23.5580064470466,12.2442979480618,8.2));
#6352=CARTESIAN_POINT('',(-23.5580064470466,12.2442979480618,2.6));
#6353=CARTESIAN_POINT('',(-23.5580064470466,12.2442979480618,8.2));
#6354=CARTESIAN_POINT('Origin',(-18.9718254069479,29.5784271247462,-5.79289321881346));
#6355=CARTESIAN_POINT('',(-19.3253787975412,29.9319805153395,-5.79289321881346));
#6356=CARTESIAN_POINT('',(-19.3253787975412,29.2248737341529,-5.79289321881346));
#6357=CARTESIAN_POINT('Origin',(-18.9718254069479,29.5784271247462,-5.79289321881345));
#6358=CARTESIAN_POINT('',(-19.2218254069479,29.3284271247462,-6.14644660940673));
#6359=CARTESIAN_POINT('Origin',(-18.9718254069479,29.5784271247462,-5.79289321881346));
#6360=CARTESIAN_POINT('Origin',(-18.9718254069479,29.5784271247462,-5.79289321881346));
#6361=CARTESIAN_POINT('Origin',(-14.6515231192772,25.2581248370755,-5.79289321881346));
#6362=CARTESIAN_POINT('',(-14.4006408740841,24.8256226994543,-5.79289321881347));
#6363=CARTESIAN_POINT('',(-14.9015231192772,25.0081248370755,-6.14644660940672));
#6364=CARTESIAN_POINT('Origin',(-14.6515231192772,25.2581248370755,-5.79289321881347));
#6365=CARTESIAN_POINT('',(-15.0050765098705,24.9045714464822,-5.79289321881346));
#6366=CARTESIAN_POINT('Origin',(-14.6515231192772,25.2581248370755,-5.79289321881346));
#6367=CARTESIAN_POINT('Origin',(-14.6515231192772,25.2581248370755,-5.79289321881346));
#6368=CARTESIAN_POINT('Origin',(-14.6515231192772,25.2581248370755,-7.));
#6369=CARTESIAN_POINT('',(-14.4006408740841,24.8256226994543,8.2));
#6370=CARTESIAN_POINT('',(-15.0050765098705,24.9045714464822,8.2));
#6371=CARTESIAN_POINT('Origin',(-14.6515231192772,25.2581248370755,8.2));
#6372=CARTESIAN_POINT('',(-15.0050765098705,24.9045714464822,-7.));
#6373=CARTESIAN_POINT('',(-14.4006408740841,24.8256226994543,-7.));
#6374=CARTESIAN_POINT('Origin',(-14.6083616035423,25.2149633213405,-5.79289321881346));
#6375=CARTESIAN_POINT('',(-14.8583616035423,24.9649633213405,-6.14644660940673));
#6376=CARTESIAN_POINT('',(-14.9619149941355,24.8614099307472,-5.79289321881346));
#6377=CARTESIAN_POINT('Origin',(-18.4718254069479,30.0784271247462,-6.5));
#6378=CARTESIAN_POINT('',(-18.8253787975412,30.4319805153395,-6.5));
#6379=CARTESIAN_POINT('',(-18.7218254069479,29.8284271247462,-6.85355339059328));
#6380=CARTESIAN_POINT('Origin',(-18.4718254069479,30.0784271247462,-6.5));
#6381=CARTESIAN_POINT('',(-18.4718254069479,30.0784271247462,-7.));
#6382=CARTESIAN_POINT('Origin',(-18.4718254069479,30.0784271247462,-6.5));
#6383=CARTESIAN_POINT('Origin',(-18.4718254069479,30.0784271247462,-6.5));
#6384=CARTESIAN_POINT('Origin',(-14.011887738263,25.6184894560612,-6.5));
#6385=CARTESIAN_POINT('',(-14.261887738263,25.3684894560612,-6.85355339059328));
#6386=CARTESIAN_POINT('',(-13.7719581537037,25.1798166914027,-6.5));
#6387=CARTESIAN_POINT('Origin',(-14.011887738263,25.6184894560612,-6.5));
#6388=CARTESIAN_POINT('',(-14.011887738263,25.6184894560612,-7.));
#6389=CARTESIAN_POINT('Origin',(-14.011887738263,25.6184894560612,-6.5));
#6390=CARTESIAN_POINT('Origin',(-14.011887738263,25.6184894560612,-6.5));
#6391=CARTESIAN_POINT('Origin',(-14.8612373372524,26.4678390550507,-6.5));
#6392=CARTESIAN_POINT('',(-15.1112373372524,26.2178390550507,-6.85355339059328));
#6393=CARTESIAN_POINT('',(-14.8612373372524,26.4678390550507,-7.));
#6394=CARTESIAN_POINT('Origin',(-16.0502525316941,32.5,-6.5));
#6395=CARTESIAN_POINT('',(-16.4038059222874,32.8535533905933,-6.5));
#6396=CARTESIAN_POINT('',(-16.0502525316941,32.5,-7.));
#6397=CARTESIAN_POINT('Origin',(-16.0502525316941,32.5,-6.5));
#6398=CARTESIAN_POINT('',(-16.0502525316941,33.,-6.5));
#6399=CARTESIAN_POINT('Origin',(-16.0502525316941,32.5,-6.5));
#6400=CARTESIAN_POINT('Origin',(-16.0502525316941,32.5,-6.5));
#6401=CARTESIAN_POINT('Origin',(-16.0502525316941,32.5,8.2));
#6402=CARTESIAN_POINT('',(-16.0502525316941,33.,8.2));
#6403=CARTESIAN_POINT('',(-16.4038059222874,32.8535533905933,8.2));
#6404=CARTESIAN_POINT('Origin',(-8.20710678118655,28.0229084550874,-6.5));
#6405=CARTESIAN_POINT('',(-8.06657413082376,27.5430641322263,-6.5));
#6406=CARTESIAN_POINT('',(-7.85355339059327,28.0229084550874,-6.85355339059328));
#6407=CARTESIAN_POINT('Origin',(-8.20710678118654,28.0229084550874,-6.5));
#6408=CARTESIAN_POINT('',(-8.20710678118655,28.0229084550874,-7.));
#6409=CARTESIAN_POINT('Origin',(-8.20710678118655,28.0229084550874,-6.5));
#6410=CARTESIAN_POINT('Origin',(-8.20710678118655,28.0229084550874,-6.5));
#6411=CARTESIAN_POINT('Origin',(4.44089209850063E-14,1.28785870856518E-13,
-6.5));
#6412=CARTESIAN_POINT('Origin',(4.44089209850063E-14,1.28785870856518E-13,
-7.));
#6413=CARTESIAN_POINT('Origin',(4.44089209850063E-14,1.28785870856518E-13,
-6.5));
#6414=CARTESIAN_POINT('Origin',(-8.20710678118655,32.5,-6.5));
#6415=CARTESIAN_POINT('',(-8.20710678118654,33.,-6.5));
#6416=CARTESIAN_POINT('',(-8.20710678118655,32.5,-7.));
#6417=CARTESIAN_POINT('Origin',(-8.20710678118654,32.5,-6.5));
#6418=CARTESIAN_POINT('',(-7.85355339059327,32.5,-6.85355339059327));
#6419=CARTESIAN_POINT('Origin',(-8.20710678118655,32.5,-6.5));
#6420=CARTESIAN_POINT('Origin',(-8.20710678118655,32.5,-6.5));
#6421=CARTESIAN_POINT('Origin',(-7.5,28.2203827047049,-5.79289321881346));
#6422=CARTESIAN_POINT('',(-7.14644660940673,28.2203827047049,-6.14644660940673));
#6423=CARTESIAN_POINT('',(-7.37157534246576,27.7371569734599,-5.79289321881347));
#6424=CARTESIAN_POINT('Origin',(-7.5,28.2203827047049,-5.79289321881346));
#6425=CARTESIAN_POINT('',(-7.,28.2203827047049,-5.79289321881346));
#6426=CARTESIAN_POINT('Origin',(-7.5,28.2203827047049,-5.79289321881346));
#6427=CARTESIAN_POINT('Origin',(-7.5,28.2203827047049,-5.79289321881346));
#6428=CARTESIAN_POINT('Origin',(-7.5,32.5,-5.79289321881346));
#6429=CARTESIAN_POINT('',(-7.14644660940673,32.5,-6.14644660940673));
#6430=CARTESIAN_POINT('',(-7.,32.5,-5.79289321881346));
#6431=CARTESIAN_POINT('Origin',(-7.5,32.5,-5.79289321881346));
#6432=CARTESIAN_POINT('',(-7.5,33.,-5.79289321881346));
#6433=CARTESIAN_POINT('Origin',(-7.5,32.5,-5.79289321881346));
#6434=CARTESIAN_POINT('Origin',(-7.5,32.5,-5.79289321881346));
#6435=CARTESIAN_POINT('Origin',(-6.36789321881345,32.5,-4.6607864376269));
#6436=CARTESIAN_POINT('',(-6.01433982822017,32.5,-5.01433982822017));
#6437=CARTESIAN_POINT('',(-6.36789321881345,33.,-4.6607864376269));
#6438=CARTESIAN_POINT('Origin',(-7.5,32.5,8.2));
#6439=CARTESIAN_POINT('',(-7.,32.5,8.2));
#6440=CARTESIAN_POINT('',(-7.5,33.,8.2));
#6441=CARTESIAN_POINT('Origin',(-7.5,31.9356215079865,-5.79289321881346));
#6442=CARTESIAN_POINT('',(-7.14644660940673,31.9356215079865,-6.14644660940673));
#6443=CARTESIAN_POINT('',(-7.,31.9356215079865,-5.79289321881346));
#6444=CARTESIAN_POINT('Origin',(-7.5,28.2203827047049,-7.));
#6445=CARTESIAN_POINT('',(-7.,28.2203827047049,8.2));
#6446=CARTESIAN_POINT('',(-7.37157534246576,27.7371569734599,8.2));
#6447=CARTESIAN_POINT('Origin',(-7.5,28.2203827047049,8.2));
#6448=CARTESIAN_POINT('',(-7.37157534246576,27.7371569734599,-7.));
#6449=CARTESIAN_POINT('',(-7.,28.2203827047049,-7.));
#6450=CARTESIAN_POINT('Ctrl Pts',(-7.37157534246575,27.7371569734599,-5.79289321881346));
#6451=CARTESIAN_POINT('Ctrl Pts',(-7.60404275459805,27.6753751893773,-6.02941058586095));
#6452=CARTESIAN_POINT('Ctrl Pts',(-7.83573342688504,27.6106707587728,-6.26513768101008));
#6453=CARTESIAN_POINT('Ctrl Pts',(-8.06657413082376,27.5430641322263,-6.5));
#6454=CARTESIAN_POINT('Ctrl Pts',(-7.29388127905442,27.7578053637274,-5.8760749089741));
#6455=CARTESIAN_POINT('Ctrl Pts',(-7.52693698216864,27.6965763536654,-6.11233084890256));
#6456=CARTESIAN_POINT('Ctrl Pts',(-7.75922470710278,27.6323757142585,-6.34780594455123));
#6457=CARTESIAN_POINT('Ctrl Pts',(-7.99067014471088,27.5652942344352,-6.58241454595992));
#6458=CARTESIAN_POINT('Ctrl Pts',(-7.16036932102646,27.8798728332744,-6.04202817126013));
#6459=CARTESIAN_POINT('Ctrl Pts',(-7.39507979698503,27.8188200083099,-6.27777917994344));
#6460=CARTESIAN_POINT('Ctrl Pts',(-7.62902872887225,27.7548233588722,-6.51274054663799));
#6461=CARTESIAN_POINT('Ctrl Pts',(-7.86212520943691,27.6878707592734,-6.7468586324525));
#6462=CARTESIAN_POINT('Ctrl Pts',(-7.13133915978776,28.1066925687211,-6.13133915978777));
#6463=CARTESIAN_POINT('Ctrl Pts',(-7.36743473055976,28.0444452653791,-6.36741940472271));
#6464=CARTESIAN_POINT('Ctrl Pts',(-7.60272318077268,27.9792203068046,-6.60273787050647));
#6465=CARTESIAN_POINT('Ctrl Pts',(-7.83717406164276,27.9110550460911,-6.83717406164277));
#6466=CARTESIAN_POINT('Ctrl Pts',(-7.14644660940673,28.2203827047049,-6.14644660940673));
#6467=CARTESIAN_POINT('Ctrl Pts',(-7.38296397645421,28.1575245829204,-6.38296397645422));
#6468=CARTESIAN_POINT('Ctrl Pts',(-7.61869107160335,28.0916928974274,-6.61869107160336));
#6469=CARTESIAN_POINT('Ctrl Pts',(-7.85355339059327,28.0229084550874,-6.85355339059328));
#6470=CARTESIAN_POINT('Origin',(0.353553390593319,1.28909053613832E-13,
1.35355339059331));
#6471=CARTESIAN_POINT('Origin',(4.44089209850063E-14,1.28785870856518E-13,
1.70710678118658));
#6472=CARTESIAN_POINT('Origin',(-8.20710678118655,29.8068645239596,-6.5));
#6473=CARTESIAN_POINT('',(-7.85355339059327,29.8068645239596,-6.85355339059327));
#6474=CARTESIAN_POINT('',(-8.20710678118655,29.8068645239596,-7.));
#6475=CARTESIAN_POINT('Origin',(-14.798412703474,32.5,-6.5));
#6476=CARTESIAN_POINT('',(-14.798412703474,32.5,-7.));
#6477=CARTESIAN_POINT('',(-14.798412703474,33.,-6.5));
#6478=CARTESIAN_POINT('Origin',(-17.9494975472244,30.6007549844697,-6.5));
#6479=CARTESIAN_POINT('',(-17.9494975472244,30.6007549844697,-7.));
#6480=CARTESIAN_POINT('',(-18.3030509378177,30.954308375063,-6.5));
#6481=CARTESIAN_POINT('Ctrl Pts',(-13.7719581537037,25.1798166914027,-6.5));
#6482=CARTESIAN_POINT('Ctrl Pts',(-13.9829922849168,25.0643927683579,-6.26513768101007));
#6483=CARTESIAN_POINT('Ctrl Pts',(-14.1925752720818,24.9463156644993,-6.02941058586094));
#6484=CARTESIAN_POINT('Ctrl Pts',(-14.4006408740841,24.8256226994543,-5.79289321881345));
#6485=CARTESIAN_POINT('Ctrl Pts',(-13.8413494330215,25.1418635241215,-6.58241454595992));
#6486=CARTESIAN_POINT('Ctrl Pts',(-14.052439840704,25.0256406549892,-6.34780594455123));
#6487=CARTESIAN_POINT('Ctrl Pts',(-14.2620887736725,24.9067851369831,-6.11233084890256));
#6488=CARTESIAN_POINT('Ctrl Pts',(-14.470179489959,24.785285317137,-5.8760749089741));
#6489=CARTESIAN_POINT('Ctrl Pts',(-14.0189190182449,25.1376502044176,-6.74685504708934));
#6490=CARTESIAN_POINT('Ctrl Pts',(-14.2310857575172,25.020168739534,-6.51273696127482));
#6491=CARTESIAN_POINT('Ctrl Pts',(-14.4417652100795,24.8999946621005,-6.27777538916214));
#6492=CARTESIAN_POINT('Ctrl Pts',(-14.6509014457884,24.7772001594777,-6.04202438047883));
#6493=CARTESIAN_POINT('Ctrl Pts',(-14.1943773688351,25.277815217489,-6.83717406164276));
#6494=CARTESIAN_POINT('Ctrl Pts',(-14.4083592946453,25.1602335278624,-6.60273787050646));
#6495=CARTESIAN_POINT('Ctrl Pts',(-14.6208543638364,25.0399804796926,-6.3674194047227));
#6496=CARTESIAN_POINT('Ctrl Pts',(-14.8318146332411,24.9170511908954,-6.13133915978776));
#6497=CARTESIAN_POINT('Ctrl Pts',(-14.261887738263,25.3684894560612,-6.85355339059328));
#6498=CARTESIAN_POINT('Ctrl Pts',(-14.4765984222847,25.251054663277,-6.61869107160335));
#6499=CARTESIAN_POINT('Ctrl Pts',(-14.6898326810031,25.1309204670167,-6.38296397645421));
#6500=CARTESIAN_POINT('Ctrl Pts',(-14.9015231192772,25.0081248370755,-6.14644660940672));
#6501=CARTESIAN_POINT('Origin',(-0.249999999999956,-0.249999999999871,1.35355339059313));
#6502=CARTESIAN_POINT('Origin',(4.44089209850063E-14,1.28785870856518E-13,
1.70710678118641));
#6503=CARTESIAN_POINT('Origin',(-21.4088311754568,27.1414213562373,-2.34644660940673));
#6504=CARTESIAN_POINT('',(-21.6588311754568,26.8914213562373,-2.7));
#6505=CARTESIAN_POINT('',(-21.7623845660501,27.4949747468306,-2.34644660940673));
#6506=CARTESIAN_POINT('Origin',(-18.9718254069479,29.5784271247462,8.2));
#6507=CARTESIAN_POINT('',(-19.3253787975412,29.9319805153395,8.2));
#6508=CARTESIAN_POINT('',(-19.3253787975412,29.2248737341529,8.2));
#6509=CARTESIAN_POINT('Origin',(-7.,33.,8.2));
#6510=CARTESIAN_POINT('',(-7.,34.,8.2));
#6511=CARTESIAN_POINT('',(-7.,34.,5.4));
#6512=CARTESIAN_POINT('',(-7.,19.25,8.2));
#6513=CARTESIAN_POINT('Origin',(-16.2573593128807,33.,8.2));
#6514=CARTESIAN_POINT('',(-11.1,33.,-4.));
#6515=CARTESIAN_POINT('Origin',(-13.,33.,-4.));
#6516=CARTESIAN_POINT('Origin',(-19.6789321881345,29.5784271247462,8.2));
#6517=CARTESIAN_POINT('Origin',(-14.9847994703974,25.5914011881956,-6.5));
#6518=CARTESIAN_POINT('Origin',(-13.3394660940672,28.7424860319461,-7.));
#6519=CARTESIAN_POINT('Origin',(-7.5,30.871243015973,-6.5));
#6520=CARTESIAN_POINT('Origin',(7.5,28.2203827047049,-5.79289321881346));
#6521=CARTESIAN_POINT('',(7.37157534246576,27.73715697346,-5.79289321881345));
#6522=CARTESIAN_POINT('',(7.14644660940673,28.2203827047049,-6.14644660940673));
#6523=CARTESIAN_POINT('Origin',(7.5,28.2203827047049,-5.79289321881345));
#6524=CARTESIAN_POINT('',(7.,28.2203827047049,-5.79289321881346));
#6525=CARTESIAN_POINT('Origin',(7.5,28.2203827047049,-5.79289321881346));
#6526=CARTESIAN_POINT('Origin',(7.5,28.2203827047049,-5.79289321881346));
#6527=CARTESIAN_POINT('Origin',(7.5,28.2203827047049,-7.));
#6528=CARTESIAN_POINT('',(7.37157534246576,27.73715697346,8.2));
#6529=CARTESIAN_POINT('',(7.,28.2203827047049,8.2));
#6530=CARTESIAN_POINT('Origin',(7.5,28.2203827047049,8.2));
#6531=CARTESIAN_POINT('',(7.,28.2203827047049,-7.));
#6532=CARTESIAN_POINT('',(7.37157534246576,27.73715697346,-7.));
#6533=CARTESIAN_POINT('Origin',(7.5,32.5,-5.79289321881346));
#6534=CARTESIAN_POINT('',(7.5,33.,-5.79289321881346));
#6535=CARTESIAN_POINT('',(7.,32.5,-5.79289321881346));
#6536=CARTESIAN_POINT('Origin',(7.5,32.5,-5.79289321881345));
#6537=CARTESIAN_POINT('',(7.14644660940673,32.5,-6.14644660940673));
#6538=CARTESIAN_POINT('Origin',(7.5,32.5,-5.79289321881346));
#6539=CARTESIAN_POINT('Origin',(7.5,32.5,-5.79289321881346));
#6540=CARTESIAN_POINT('Origin',(8.20710678118655,28.0229084550874,-6.5));
#6541=CARTESIAN_POINT('',(7.85355339059327,28.0229084550874,-6.85355339059328));
#6542=CARTESIAN_POINT('',(8.06657413082377,27.5430641322263,-6.5));
#6543=CARTESIAN_POINT('Origin',(8.20710678118655,28.0229084550874,-6.5));
#6544=CARTESIAN_POINT('',(8.20710678118655,28.0229084550874,-7.));
#6545=CARTESIAN_POINT('Origin',(8.20710678118655,28.0229084550874,-6.5));
#6546=CARTESIAN_POINT('Origin',(8.20710678118655,28.0229084550874,-6.5));
#6547=CARTESIAN_POINT('Origin',(8.20710678118655,32.5,-6.5));
#6548=CARTESIAN_POINT('',(8.20710678118655,33.,-6.5));
#6549=CARTESIAN_POINT('',(7.85355339059327,32.5,-6.85355339059328));
#6550=CARTESIAN_POINT('Origin',(8.20710678118655,32.5,-6.5));
#6551=CARTESIAN_POINT('',(8.20710678118655,32.5,-7.));
#6552=CARTESIAN_POINT('Origin',(8.20710678118655,32.5,-6.5));
#6553=CARTESIAN_POINT('Origin',(8.20710678118655,32.5,-6.5));
#6554=CARTESIAN_POINT('Origin',(14.011887738263,25.6184894560613,-6.5));
#6555=CARTESIAN_POINT('',(13.7719581537037,25.1798166914027,-6.5));
#6556=CARTESIAN_POINT('',(14.261887738263,25.3684894560613,-6.85355339059327));
#6557=CARTESIAN_POINT('Origin',(14.011887738263,25.6184894560613,-6.49999999999999));
#6558=CARTESIAN_POINT('',(14.011887738263,25.6184894560613,-7.));
#6559=CARTESIAN_POINT('Origin',(14.011887738263,25.6184894560613,-6.5));
#6560=CARTESIAN_POINT('Origin',(14.011887738263,25.6184894560613,-6.5));
#6561=CARTESIAN_POINT('Origin',(4.44089209850063E-14,1.28785870856518E-13,
-6.5));
#6562=CARTESIAN_POINT('Origin',(4.44089209850063E-14,1.28785870856518E-13,
-7.));
#6563=CARTESIAN_POINT('Origin',(4.44089209850063E-14,1.28785870856518E-13,
-6.5));
#6564=CARTESIAN_POINT('Origin',(16.0502525316941,32.5,-6.5));
#6565=CARTESIAN_POINT('',(16.0502525316941,33.,-6.5));
#6566=CARTESIAN_POINT('',(16.0502525316941,32.5,-7.));
#6567=CARTESIAN_POINT('Origin',(16.0502525316941,32.5,-6.5));
#6568=CARTESIAN_POINT('',(16.4038059222874,32.8535533905933,-6.5));
#6569=CARTESIAN_POINT('Origin',(16.0502525316941,32.5,-6.5));
#6570=CARTESIAN_POINT('Origin',(16.0502525316941,32.5,-6.5));
#6571=CARTESIAN_POINT('Origin',(16.0502525316941,32.5,8.2));
#6572=CARTESIAN_POINT('',(16.4038059222874,32.8535533905933,8.2));
#6573=CARTESIAN_POINT('',(16.0502525316941,33.,8.2));
#6574=CARTESIAN_POINT('Origin',(14.6515231192773,25.2581248370755,-5.79289321881346));
#6575=CARTESIAN_POINT('',(14.4006408740842,24.8256226994544,-5.79289321881346));
#6576=CARTESIAN_POINT('',(15.0050765098705,24.9045714464822,-5.79289321881346));
#6577=CARTESIAN_POINT('Origin',(14.6515231192773,25.2581248370755,-5.79289321881346));
#6578=CARTESIAN_POINT('',(14.9015231192773,25.0081248370755,-6.14644660940673));
#6579=CARTESIAN_POINT('Origin',(14.6515231192773,25.2581248370755,-5.79289321881346));
#6580=CARTESIAN_POINT('Origin',(14.6515231192773,25.2581248370755,-5.79289321881346));
#6581=CARTESIAN_POINT('Ctrl Pts',(14.4006408740842,24.8256226994544,-5.79289321881346));
#6582=CARTESIAN_POINT('Ctrl Pts',(14.1925752720819,24.9463156644993,-6.02941058586095));
#6583=CARTESIAN_POINT('Ctrl Pts',(13.9829922849168,25.0643927683579,-6.26513768101008));
#6584=CARTESIAN_POINT('Ctrl Pts',(13.7719581537037,25.1798166914027,-6.5));
#6585=CARTESIAN_POINT('Ctrl Pts',(14.470179489959,24.785285317137,-5.87607490897411));
#6586=CARTESIAN_POINT('Ctrl Pts',(14.2620887736725,24.9067851369831,-6.11233084890257));
#6587=CARTESIAN_POINT('Ctrl Pts',(14.0524398407041,25.0256406549893,-6.34780594455123));
#6588=CARTESIAN_POINT('Ctrl Pts',(13.8413494330216,25.1418635241215,-6.58241454595992));
#6589=CARTESIAN_POINT('Ctrl Pts',(14.6509014457884,24.7772001594778,-6.04202438047885));
#6590=CARTESIAN_POINT('Ctrl Pts',(14.4417652100795,24.8999946621005,-6.27777538916215));
#6591=CARTESIAN_POINT('Ctrl Pts',(14.2310857575173,25.020168739534,-6.51273696127482));
#6592=CARTESIAN_POINT('Ctrl Pts',(14.018919018245,25.1376502044176,-6.74685504708933));
#6593=CARTESIAN_POINT('Ctrl Pts',(14.8318146332411,24.9170511908954,-6.13133915978778));
#6594=CARTESIAN_POINT('Ctrl Pts',(14.6208543638364,25.0399804796926,-6.36741940472272));
#6595=CARTESIAN_POINT('Ctrl Pts',(14.4083592946454,25.1602335278624,-6.60273787050647));
#6596=CARTESIAN_POINT('Ctrl Pts',(14.1943773688351,25.277815217489,-6.83717406164276));
#6597=CARTESIAN_POINT('Ctrl Pts',(14.9015231192773,25.0081248370755,-6.14644660940674));
#6598=CARTESIAN_POINT('Ctrl Pts',(14.6898326810032,25.1309204670168,-6.38296397645423));
#6599=CARTESIAN_POINT('Ctrl Pts',(14.4765984222847,25.251054663277,-6.61869107160335));
#6600=CARTESIAN_POINT('Ctrl Pts',(14.261887738263,25.3684894560613,-6.85355339059328));
#6601=CARTESIAN_POINT('Origin',(0.250000000000045,-0.249999999999871,1.3535533905932));
#6602=CARTESIAN_POINT('Origin',(4.44089209850063E-14,1.28785870856518E-13,
1.70710678118647));
#6603=CARTESIAN_POINT('Origin',(18.4718254069479,30.0784271247462,-6.5));
#6604=CARTESIAN_POINT('',(18.7218254069479,29.8284271247462,-6.85355339059327));
#6605=CARTESIAN_POINT('',(18.8253787975412,30.4319805153395,-6.5));
#6606=CARTESIAN_POINT('Origin',(18.4718254069479,30.0784271247462,-6.5));
#6607=CARTESIAN_POINT('',(18.4718254069479,30.0784271247462,-7.));
#6608=CARTESIAN_POINT('Origin',(18.4718254069479,30.0784271247462,-6.5));
#6609=CARTESIAN_POINT('Origin',(18.4718254069479,30.0784271247462,-6.5));
#6610=CARTESIAN_POINT('Origin',(16.134601102466,27.7412028202642,-6.5));
#6611=CARTESIAN_POINT('',(16.384601102466,27.4912028202642,-6.85355339059327));
#6612=CARTESIAN_POINT('',(16.134601102466,27.7412028202642,-7.));
#6613=CARTESIAN_POINT('Origin',(16.2387111095975,32.3115414220966,-6.5));
#6614=CARTESIAN_POINT('',(16.2387111095975,32.3115414220966,-7.));
#6615=CARTESIAN_POINT('',(16.5922645001908,32.6650948126899,-6.5));
#6616=CARTESIAN_POINT('Origin',(18.9718254069479,29.5784271247462,-5.79289321881346));
#6617=CARTESIAN_POINT('',(19.3253787975412,29.2248737341529,-5.79289321881346));
#6618=CARTESIAN_POINT('',(19.3253787975412,29.9319805153395,-5.79289321881345));
#6619=CARTESIAN_POINT('Origin',(18.9718254069479,29.5784271247462,-5.79289321881346));
#6620=CARTESIAN_POINT('',(19.2218254069479,29.3284271247462,-6.14644660940673));
#6621=CARTESIAN_POINT('Origin',(18.9718254069479,29.5784271247462,-5.79289321881346));
#6622=CARTESIAN_POINT('Origin',(18.9718254069479,29.5784271247462,-5.79289321881346));
#6623=CARTESIAN_POINT('Origin',(18.4284528991828,29.035054616981,-5.79289321881346));
#6624=CARTESIAN_POINT('',(18.6784528991828,28.785054616981,-6.14644660940673));
#6625=CARTESIAN_POINT('',(18.7820062897761,28.6815012263878,-5.79289321881346));
#6626=CARTESIAN_POINT('Origin',(20.5534379566434,27.9968145750508,-3.55615530061469));
#6627=CARTESIAN_POINT('',(20.8034379566434,27.7468145750508,-3.90970869120796));
#6628=CARTESIAN_POINT('',(20.9069913472366,28.350367965644,-3.55615530061469));
#6629=CARTESIAN_POINT('Origin',(18.9718254069479,29.5784271247462,8.2));
#6630=CARTESIAN_POINT('',(19.3253787975412,29.2248737341529,8.2));
#6631=CARTESIAN_POINT('',(19.3253787975412,29.9319805153395,8.2));
#6632=CARTESIAN_POINT('Origin',(14.6515231192773,25.2581248370755,-7.));
#6633=CARTESIAN_POINT('',(15.0050765098705,24.9045714464822,8.2));
#6634=CARTESIAN_POINT('',(14.4006408740842,24.8256226994544,8.2));
#6635=CARTESIAN_POINT('Origin',(14.6515231192773,25.2581248370755,8.2));
#6636=CARTESIAN_POINT('',(14.4006408740842,24.8256226994544,-7.));
#6637=CARTESIAN_POINT('',(15.0050765098705,24.9045714464822,-7.));
#6638=CARTESIAN_POINT('Origin',(10.1697330470336,32.5,-6.5));
#6639=CARTESIAN_POINT('',(10.1697330470336,32.5,-7.));
#6640=CARTESIAN_POINT('',(10.1697330470336,33.,-6.5));
#6641=CARTESIAN_POINT('Origin',(8.20710678118655,28.4636094157302,-6.5));
#6642=CARTESIAN_POINT('',(7.85355339059327,28.4636094157302,-6.85355339059328));
#6643=CARTESIAN_POINT('',(8.20710678118655,28.4636094157302,-7.));
#6644=CARTESIAN_POINT('Origin',(4.05355339059328,32.5,-2.34644660940673));
#6645=CARTESIAN_POINT('',(3.7,32.5,-2.7));
#6646=CARTESIAN_POINT('',(4.05355339059328,33.,-2.34644660940673));
#6647=CARTESIAN_POINT('Ctrl Pts',(8.06657413082376,27.5430641322263,-6.5));
#6648=CARTESIAN_POINT('Ctrl Pts',(7.83573342688503,27.6106707587728,-6.26513768101007));
#6649=CARTESIAN_POINT('Ctrl Pts',(7.60404275459805,27.6753751893773,-6.02941058586094));
#6650=CARTESIAN_POINT('Ctrl Pts',(7.37157534246575,27.73715697346,-5.79289321881345));
#6651=CARTESIAN_POINT('Ctrl Pts',(7.99067014471088,27.5652942344352,-6.58241454595991));
#6652=CARTESIAN_POINT('Ctrl Pts',(7.75922470710278,27.6323757142585,-6.34780594455123));
#6653=CARTESIAN_POINT('Ctrl Pts',(7.52693698216864,27.6965763536654,-6.11233084890256));
#6654=CARTESIAN_POINT('Ctrl Pts',(7.29388127905442,27.7578053637275,-5.87607490897409));
#6655=CARTESIAN_POINT('Ctrl Pts',(7.86212520943691,27.6878707592735,-6.7468586324525));
#6656=CARTESIAN_POINT('Ctrl Pts',(7.62902872887225,27.7548233588722,-6.51274054663797));
#6657=CARTESIAN_POINT('Ctrl Pts',(7.39507979698503,27.8188200083099,-6.27777917994343));
#6658=CARTESIAN_POINT('Ctrl Pts',(7.16036932102646,27.8798728332745,-6.04202817126012));
#6659=CARTESIAN_POINT('Ctrl Pts',(7.83717406164276,27.9110550460912,-6.83717406164276));
#6660=CARTESIAN_POINT('Ctrl Pts',(7.60272318077268,27.9792203068046,-6.60273787050646));
#6661=CARTESIAN_POINT('Ctrl Pts',(7.36743473055976,28.0444452653791,-6.3674194047227));
#6662=CARTESIAN_POINT('Ctrl Pts',(7.13133915978776,28.1066925687212,-6.13133915978776));
#6663=CARTESIAN_POINT('Ctrl Pts',(7.85355339059327,28.0229084550874,-6.85355339059327));
#6664=CARTESIAN_POINT('Ctrl Pts',(7.61869107160335,28.0916928974274,-6.61869107160335));
#6665=CARTESIAN_POINT('Ctrl Pts',(7.38296397645421,28.1575245829205,-6.38296397645421));
#6666=CARTESIAN_POINT('Ctrl Pts',(7.14644660940672,28.2203827047049,-6.14644660940672));
#6667=CARTESIAN_POINT('Origin',(-0.35355339059323,1.28724279477861E-13,
1.35355339059324));
#6668=CARTESIAN_POINT('Origin',(4.44089209850063E-14,1.28785870856518E-13,
1.70710678118651));
#6669=CARTESIAN_POINT('Origin',(7.5,27.9058561832985,-5.79289321881346));
#6670=CARTESIAN_POINT('',(7.14644660940673,27.9058561832985,-6.14644660940673));
#6671=CARTESIAN_POINT('',(7.,27.9058561832985,-5.79289321881346));
#6672=CARTESIAN_POINT('Origin',(7.5,32.5,8.2));
#6673=CARTESIAN_POINT('',(7.5,33.,8.2));
#6674=CARTESIAN_POINT('',(7.,32.5,8.2));
#6675=CARTESIAN_POINT('Origin',(19.6789321881345,29.5784271247462,8.2));
#6676=CARTESIAN_POINT('',(8.73959235991433,18.639087296526,8.2));
#6677=CARTESIAN_POINT('Origin',(16.2573593128807,33.,8.2));
#6678=CARTESIAN_POINT('Origin',(7.,33.,8.2));
#6679=CARTESIAN_POINT('',(14.9,33.,-4.));
#6680=CARTESIAN_POINT('Origin',(13.,33.,-4.));
#6681=CARTESIAN_POINT('Origin',(13.3394660940672,28.7424860319461,-7.));
#6682=CARTESIAN_POINT('Origin',(17.5315270008244,28.1381287186226,-6.5));
#6683=CARTESIAN_POINT('Origin',(7.5,28.1847327995143,-6.5));
#6684=CARTESIAN_POINT('Origin',(-6.66133814775094E-15,-35.4,-44.5));
#6685=CARTESIAN_POINT('',(7.5,-35.4,-45.));
#6686=CARTESIAN_POINT('',(-10.983764555063,-35.4,-45.));
#6687=CARTESIAN_POINT('',(-6.66133814775094E-15,-35.4,-45.));
#6688=CARTESIAN_POINT('',(-11.8825549100521,-34.9,-44.5));
#6689=CARTESIAN_POINT('Origin',(-10.983764555063,-35.4,-44.5));
#6690=CARTESIAN_POINT('',(7.,-34.9,-44.5));
#6691=CARTESIAN_POINT('',(-6.66133814775094E-15,-34.9,-44.5));
#6692=CARTESIAN_POINT('Origin',(7.5,-35.4,-44.5));
#6693=CARTESIAN_POINT('Origin',(-17.7497191347921,-24.4984009218357,-44.5));
#6694=CARTESIAN_POINT('',(-10.9498384258068,-35.4546632489277,-45.));
#6695=CARTESIAN_POINT('',(-17.7497191347921,-24.4984009218357,-45.));
#6696=CARTESIAN_POINT('',(-11.3746682028471,-35.7183290611596,-44.5));
#6697=CARTESIAN_POINT('Origin',(-10.9498384258068,-35.4546632489277,-44.5));
#6698=CARTESIAN_POINT('',(-18.1745489118323,-24.7620667340676,-44.5));
#6699=CARTESIAN_POINT('Origin',(-9.25051931764575,-34.4,-44.5));
#6700=CARTESIAN_POINT('',(-9.25051931764575,-36.4,-45.));
#6701=CARTESIAN_POINT('',(-9.25051931764575,-36.9,-44.5));
#6702=CARTESIAN_POINT('Origin',(-9.25051931764575,-36.4,-44.5));
#6703=CARTESIAN_POINT('Origin',(-9.25051931764575,-34.4,-44.5));
#6704=CARTESIAN_POINT('Origin',(-9.25051931764575,-34.4,-45.));
#6705=CARTESIAN_POINT('Origin',(-6.66133814775094E-15,-36.4,-44.5));
#6706=CARTESIAN_POINT('',(9.25051931764573,-36.4,-45.));
#6707=CARTESIAN_POINT('',(9.25051931764573,-36.9,-44.5));
#6708=CARTESIAN_POINT('Origin',(9.25051931764573,-36.4,-44.5));
#6709=CARTESIAN_POINT('',(-6.66133814775094E-15,-36.9,-44.5));
#6710=CARTESIAN_POINT('',(-6.66133814775094E-15,-36.4,-45.));
#6711=CARTESIAN_POINT('Origin',(9.25051931764573,-34.4,-44.5));
#6712=CARTESIAN_POINT('',(10.9498384258068,-35.4546632489277,-45.));
#6713=CARTESIAN_POINT('',(11.3746682028471,-35.7183290611596,-44.5));
#6714=CARTESIAN_POINT('Origin',(10.9498384258068,-35.4546632489277,-44.5));
#6715=CARTESIAN_POINT('Origin',(9.25051931764573,-34.4,-44.5));
#6716=CARTESIAN_POINT('Origin',(9.25051931764573,-34.4,-45.));
#6717=CARTESIAN_POINT('Origin',(10.3420704891444,-36.4339252732261,-44.5));
#6718=CARTESIAN_POINT('',(16.8947117319421,-25.8760258829399,-45.));
#6719=CARTESIAN_POINT('',(17.3195415089824,-26.1396916951718,-44.5));
#6720=CARTESIAN_POINT('Origin',(16.8947117319421,-25.8760258829399,-44.5));
#6721=CARTESIAN_POINT('',(10.7669002661846,-36.6975910854581,-44.5));
#6722=CARTESIAN_POINT('',(10.3420704891444,-36.4339252732261,-45.));
#6723=CARTESIAN_POINT('Origin',(16.0450521778616,-25.3486942584761,-44.5));
#6724=CARTESIAN_POINT('',(15.9631803153492,-23.8509302589992,-44.5));
#6725=CARTESIAN_POINT('Origin',(16.0450521778616,-25.3486942584761,-44.5));
#6726=CARTESIAN_POINT('',(16.1141179730582,-24.3510821515258,-45.));
#6727=CARTESIAN_POINT('Origin',(16.0450521778616,-25.3486942584761,-45.));
#6728=CARTESIAN_POINT('Ctrl Pts',(16.1141179730582,-24.3510821515258,-45.));
#6729=CARTESIAN_POINT('Ctrl Pts',(16.1138016939466,-24.3498822820777,-45.));
#6730=CARTESIAN_POINT('Ctrl Pts',(16.1134850447511,-24.3486825130678,-44.9999958569958));
#6731=CARTESIAN_POINT('Ctrl Pts',(16.1036810493246,-24.3115818652646,-44.9997395279258));
#6732=CARTESIAN_POINT('Ctrl Pts',(16.0938883394315,-24.275869244054,-44.9957796874767));
#6733=CARTESIAN_POINT('Ctrl Pts',(16.0741837203144,-24.2061191761243,-44.9804426644557));
#6734=CARTESIAN_POINT('Ctrl Pts',(16.0643194110158,-24.1722372173357,-44.9691363983519));
#6735=CARTESIAN_POINT('Ctrl Pts',(16.0373109347783,-24.0815555701068,-44.9275327710865));
#6736=CARTESIAN_POINT('Ctrl Pts',(16.02088066662,-24.0288370913987,-44.889652325315));
#6737=CARTESIAN_POINT('Ctrl Pts',(15.9932432316041,-23.9420389769307,-44.7963840572179));
#6738=CARTESIAN_POINT('Ctrl Pts',(15.9821584959883,-23.9082313873345,-44.7425802984862));
#6739=CARTESIAN_POINT('Ctrl Pts',(15.967097675549,-23.8626012113767,-44.6251241146563));
#6740=CARTESIAN_POINT('Ctrl Pts',(15.9631803153491,-23.8509302589993,-44.5629176482789));
#6741=CARTESIAN_POINT('Ctrl Pts',(15.9631803153491,-23.8509302589993,-44.5));
#6742=CARTESIAN_POINT('Origin',(4.44089209850063E-14,1.28785870856518E-13,
-44.5));
#6743=CARTESIAN_POINT('',(7.5,-28.2203827047046,-45.));
#6744=CARTESIAN_POINT('Origin',(4.44089209850063E-14,1.28785870856518E-13,
-45.));
#6745=CARTESIAN_POINT('',(7.,-27.8332534928993,-44.5));
#6746=CARTESIAN_POINT('Ctrl Pts',(7.5,-28.2203827047046,-45.));
#6747=CARTESIAN_POINT('Ctrl Pts',(7.49894597407537,-28.2195722138334,-45.));
#6748=CARTESIAN_POINT('Ctrl Pts',(7.49789196374851,-28.2187617000413,-44.9999966670881));
#6749=CARTESIAN_POINT('Ctrl Pts',(7.45038708587429,-28.1822297830372,-44.9996962387902));
#6750=CARTESIAN_POINT('Ctrl Pts',(7.40388733633068,-28.1464016462335,-44.9929287254628));
#6751=CARTESIAN_POINT('Ctrl Pts',(7.31476052287645,-28.0776024359002,-44.9666766729317));
#6752=CARTESIAN_POINT('Ctrl Pts',(7.27187259166964,-28.0444333573222,-44.9474739221775));
#6753=CARTESIAN_POINT('Ctrl Pts',(7.18113701072333,-27.9741465648205,-44.889753045799));
#6754=CARTESIAN_POINT('Ctrl Pts',(7.13466407044005,-27.9380619354571,-44.8474559295692));
#6755=CARTESIAN_POINT('Ctrl Pts',(7.06550344043302,-27.8842863869276,-44.7528954092057));
#6756=CARTESIAN_POINT('Ctrl Pts',(7.04032031864609,-27.8646743340208,-44.7045224566985));
#6757=CARTESIAN_POINT('Ctrl Pts',(7.00809298319566,-27.8395649678657,-44.6029049907796));
#6758=CARTESIAN_POINT('Ctrl Pts',(7.,-27.8332534928993,-44.5519650481062));
#6759=CARTESIAN_POINT('Ctrl Pts',(7.,-27.8332534928993,-44.5));
#6760=CARTESIAN_POINT('Origin',(4.44089209850063E-14,1.28785870856518E-13,
-44.5));
#6761=CARTESIAN_POINT('Origin',(7.5,-26.4644756486096,-44.5));
#6762=CARTESIAN_POINT('',(7.,-26.4644756486096,-44.5));
#6763=CARTESIAN_POINT('',(7.5,-26.4644756486096,-45.));
#6764=CARTESIAN_POINT('Origin',(9.39999999999997,-38.9,0.));
#6765=CARTESIAN_POINT('',(17.3195415089824,-26.1396916951718,0.5));
#6766=CARTESIAN_POINT('',(17.3195415089824,-26.1396916951718,0.));
#6767=CARTESIAN_POINT('',(24.2152972912953,-15.0289512972192,0.5));
#6768=CARTESIAN_POINT('',(16.4828106897991,-27.4878686330438,0.5));
#6769=CARTESIAN_POINT('',(24.2152972912953,-15.0289512972192,7.79289321881345));
#6770=CARTESIAN_POINT('',(24.2152972912953,-15.0289512972192,0.));
#6771=CARTESIAN_POINT('',(10.133390747821,-37.7183290611596,7.79289321881345));
#6772=CARTESIAN_POINT('',(12.9414053448996,-33.1939343165219,7.79289321881345));
#6773=CARTESIAN_POINT('',(10.133390747821,-37.7183290611596,-3.));
#6774=CARTESIAN_POINT('',(10.133390747821,-37.7183290611596,0.));
#6775=CARTESIAN_POINT('',(10.6701593770215,-36.8534641962947,-8.18918918918916));
#6776=CARTESIAN_POINT('Origin',(20.0636103880293,-21.7183290611597,-3.));
#6777=CARTESIAN_POINT('',(11.3746682028471,-35.7183290611596,-15.));
#6778=CARTESIAN_POINT('Origin',(-1.65874507492646,-56.7183290611596,-15.));
#6779=CARTESIAN_POINT('',(11.3746682028471,-35.7183290611596,-22.5));
#6780=CARTESIAN_POINT('Origin',(16.0450521778616,-25.3486942584761,0.));
#6781=CARTESIAN_POINT('',(15.9631803153492,-23.8509302589992,-7.));
#6782=CARTESIAN_POINT('Ctrl Pts',(17.4842864114354,-24.9260776226118,-6.93889390390723E-17));
#6783=CARTESIAN_POINT('Ctrl Pts',(17.5117186733424,-25.0194990525567,1.93482166518357E-15));
#6784=CARTESIAN_POINT('Ctrl Pts',(17.5312892234089,-25.12195303505,0.016380803572977));
#6785=CARTESIAN_POINT('Ctrl Pts',(17.5482882737359,-25.3243372208186,0.0704686011223393));
#6786=CARTESIAN_POINT('Ctrl Pts',(17.5458101138711,-25.4243300184137,0.107911665661556));
#6787=CARTESIAN_POINT('Ctrl Pts',(17.5120343040613,-25.7304359376331,0.24063305779979));
#6788=CARTESIAN_POINT('Ctrl Pts',(17.4282227100102,-25.9645798366784,0.381010131465095));
#6789=CARTESIAN_POINT('Ctrl Pts',(17.3195415089824,-26.1396916951718,0.5));
#6790=CARTESIAN_POINT('Origin',(4.44089209850063E-14,1.28785870856518E-13,
-7.));
#6791=CARTESIAN_POINT('',(7.,-27.8332534928993,-7.));
#6792=CARTESIAN_POINT('Origin',(7.,-25.9644756486096,-22.5));
#6793=CARTESIAN_POINT('',(7.,-34.9,-15.));
#6794=CARTESIAN_POINT('',(7.,-34.9,-15.));
#6795=CARTESIAN_POINT('',(7.,-36.0081081081081,-8.35135135135132));
#6796=CARTESIAN_POINT('Origin',(7.,-55.4,-15.));
#6797=CARTESIAN_POINT('',(7.,-36.9,-3.));
#6798=CARTESIAN_POINT('Origin',(7.,-20.4000000000001,-3.));
#6799=CARTESIAN_POINT('',(7.,-36.9,-3.));
#6800=CARTESIAN_POINT('Origin',(0.,-34.9,-15.));
#6801=CARTESIAN_POINT('',(-11.8825549100521,-34.9,-36.5));
#6802=CARTESIAN_POINT('',(-11.8825549100521,-34.9,-22.5));
#6803=CARTESIAN_POINT('',(-11.2940839188195,-34.9,-37.));
#6804=CARTESIAN_POINT('Origin',(-11.2940839188195,-34.9,-36.5));
#6805=CARTESIAN_POINT('',(-7.5,-34.9,-37.));
#6806=CARTESIAN_POINT('',(0.,-34.9,-37.));
#6807=CARTESIAN_POINT('',(-7.,-34.9,-36.5));
#6808=CARTESIAN_POINT('Origin',(-7.5,-34.9,-36.5));
#6809=CARTESIAN_POINT('',(-7.,-34.9,-15.));
#6810=CARTESIAN_POINT('',(-7.,-34.9,-15.));
#6811=CARTESIAN_POINT('',(0.,-34.9,-15.));
#6812=CARTESIAN_POINT('Origin',(-1.33226762955019E-14,-26.9644756486096,
-45.));
#6813=CARTESIAN_POINT('Origin',(-16.0450521778616,-25.3486942584761,-36.5));
#6814=CARTESIAN_POINT('',(-16.1141179730582,-24.3510821515257,-37.));
#6815=CARTESIAN_POINT('',(-16.8947117319422,-25.8760258829399,-37.));
#6816=CARTESIAN_POINT('Origin',(-16.0450521778616,-25.3486942584761,-37.));
#6817=CARTESIAN_POINT('',(-17.3195415089824,-26.1396916951718,-36.5));
#6818=CARTESIAN_POINT('Origin',(-16.8947117319422,-25.8760258829399,-36.5));
#6819=CARTESIAN_POINT('',(-15.9631803153492,-23.8509302589992,-36.5));
#6820=CARTESIAN_POINT('Origin',(-16.0450521778616,-25.3486942584761,-36.5));
#6821=CARTESIAN_POINT('Ctrl Pts',(-15.963180315349,-23.8509302589993,-36.5));
#6822=CARTESIAN_POINT('Ctrl Pts',(-15.963180315349,-23.8509302589993,-36.5629176482788));
#6823=CARTESIAN_POINT('Ctrl Pts',(-15.9670976755489,-23.8626012113766,-36.6251241146562));
#6824=CARTESIAN_POINT('Ctrl Pts',(-15.9821584959882,-23.9082313873345,-36.7425802984862));
#6825=CARTESIAN_POINT('Ctrl Pts',(-15.993243231604,-23.9420389769307,-36.7963840572179));
#6826=CARTESIAN_POINT('Ctrl Pts',(-16.02088066662,-24.0288370913987,-36.889652325315));
#6827=CARTESIAN_POINT('Ctrl Pts',(-16.0373109347783,-24.0815555701068,-36.9275327710865));
#6828=CARTESIAN_POINT('Ctrl Pts',(-16.0643194110158,-24.1722372173357,-36.9691363983519));
#6829=CARTESIAN_POINT('Ctrl Pts',(-16.0741837203144,-24.2061191761243,-36.9804426644557));
#6830=CARTESIAN_POINT('Ctrl Pts',(-16.0938883394388,-24.2758692440799,-36.9957796874824));
#6831=CARTESIAN_POINT('Ctrl Pts',(-16.1036810493716,-24.3115818654084,-36.9997395279268));
#6832=CARTESIAN_POINT('Ctrl Pts',(-16.1134850447463,-24.3486825130551,-36.9999958569957));
#6833=CARTESIAN_POINT('Ctrl Pts',(-16.1138016939499,-24.3498822820905,-37.));
#6834=CARTESIAN_POINT('Ctrl Pts',(-16.1141179730582,-24.3510821515257,-37.));
#6835=CARTESIAN_POINT('Origin',(-15.971953956246,-27.3628131793011,-36.5));
#6836=CARTESIAN_POINT('',(-16.3967837332863,-27.626478991533,-36.5));
#6837=CARTESIAN_POINT('',(-15.971953956246,-27.3628131793011,-37.));
#6838=CARTESIAN_POINT('Origin',(4.44089209850063E-14,1.28785870856518E-13,
-36.5));
#6839=CARTESIAN_POINT('',(-7.5,-28.2203827047046,-37.));
#6840=CARTESIAN_POINT('Origin',(4.44089209850063E-14,1.28785870856518E-13,
-37.));
#6841=CARTESIAN_POINT('',(-7.,-27.8332534928993,-36.5));
#6842=CARTESIAN_POINT('Origin',(4.44089209850063E-14,1.28785870856518E-13,
-36.5));
#6843=CARTESIAN_POINT('Ctrl Pts',(-7.,-27.8332534928993,-36.5));
#6844=CARTESIAN_POINT('Ctrl Pts',(-7.,-27.8332534928993,-36.5519650481062));
#6845=CARTESIAN_POINT('Ctrl Pts',(-7.00809298319568,-27.8395649678657,-36.6029049907796));
#6846=CARTESIAN_POINT('Ctrl Pts',(-7.0403203186461,-27.8646743340208,-36.7045224566985));
#6847=CARTESIAN_POINT('Ctrl Pts',(-7.065503440433,-27.8842863869276,-36.7528954092057));
#6848=CARTESIAN_POINT('Ctrl Pts',(-7.13466407044005,-27.9380619354571,-36.8474559295692));
#6849=CARTESIAN_POINT('Ctrl Pts',(-7.18113701072333,-27.9741465648205,-36.889753045799));
#6850=CARTESIAN_POINT('Ctrl Pts',(-7.27187259166964,-28.0444333573222,-36.9474739221775));
#6851=CARTESIAN_POINT('Ctrl Pts',(-7.31476052287645,-28.0776024359002,-36.9666766729317));
#6852=CARTESIAN_POINT('Ctrl Pts',(-7.40388733633533,-28.146401646237,-36.9929287254641));
#6853=CARTESIAN_POINT('Ctrl Pts',(-7.45038708589046,-28.1822297830693,-36.9996962387904));
#6854=CARTESIAN_POINT('Ctrl Pts',(-7.49789196374805,-28.218761700039,-36.9999966670881));
#6855=CARTESIAN_POINT('Ctrl Pts',(-7.49894597407745,-28.219572213835,-37.));
#6856=CARTESIAN_POINT('Ctrl Pts',(-7.5,-28.2203827047046,-37.));
#6857=CARTESIAN_POINT('Origin',(-7.5,-30.4322378243048,-36.5));
#6858=CARTESIAN_POINT('',(-7.,-30.4322378243048,-36.5));
#6859=CARTESIAN_POINT('',(-7.5,-30.4322378243048,-37.));
#6860=CARTESIAN_POINT('Origin',(0.,-34.9,-37.));
#6861=CARTESIAN_POINT('Origin',(-23.6280485363308,-15.0269819772043,7.79289321881345));
#6862=CARTESIAN_POINT('',(-24.0908675304502,-14.9517253687834,8.14644660940673));
#6863=CARTESIAN_POINT('',(-24.2152972912953,-15.0289512972191,7.79289321881345));
#6864=CARTESIAN_POINT('Origin',(-23.7904675142551,-14.7652854849872,7.79289321881345));
#6865=CARTESIAN_POINT('',(-10.133390747821,-37.7183290611596,7.79289321881345));
#6866=CARTESIAN_POINT('',(-24.0528783133711,-15.2906477894362,7.79289321881345));
#6867=CARTESIAN_POINT('',(-10.0089609869759,-37.6411031327239,8.14644660940673));
#6868=CARTESIAN_POINT('Origin',(-9.70856097078077,-37.4546632489277,7.79289321881345));
#6869=CARTESIAN_POINT('',(-23.928448552526,-15.2134218610006,8.14644660940673));
#6870=CARTESIAN_POINT('Origin',(-8.0092418626197,-36.4,7.79289321881345));
#6871=CARTESIAN_POINT('',(-8.0092418626197,-38.9,7.79289321881345));
#6872=CARTESIAN_POINT('Origin',(-8.0092418626197,-36.4,7.79289321881345));
#6873=CARTESIAN_POINT('',(-8.0092418626197,-38.7535533905933,8.14644660940673));
#6874=CARTESIAN_POINT('Origin',(-8.0092418626197,-38.4,7.79289321881345));
#6875=CARTESIAN_POINT('Origin',(-8.0092418626197,-36.4,8.14644660940673));
#6876=CARTESIAN_POINT('Origin',(-7.05,-38.4,7.79289321881345));
#6877=CARTESIAN_POINT('',(8.00924186261968,-38.9,7.79289321881345));
#6878=CARTESIAN_POINT('',(-7.05,-38.9,7.79289321881345));
#6879=CARTESIAN_POINT('',(8.00924186261968,-38.7535533905933,8.14644660940673));
#6880=CARTESIAN_POINT('Origin',(8.00924186261967,-38.4,7.79289321881345));
#6881=CARTESIAN_POINT('',(-7.05,-38.7535533905933,8.14644660940673));
#6882=CARTESIAN_POINT('Origin',(8.00924186261968,-36.4,7.79289321881345));
#6883=CARTESIAN_POINT('Origin',(8.00924186261968,-36.4,7.79289321881345));
#6884=CARTESIAN_POINT('',(10.0089609869759,-37.6411031327239,8.14644660940672));
#6885=CARTESIAN_POINT('Origin',(9.70856097078075,-37.4546632489277,7.79289321881345));
#6886=CARTESIAN_POINT('Origin',(8.00924186261968,-36.4,8.14644660940673));
#6887=CARTESIAN_POINT('Origin',(12.5165755678593,-32.93026850429,7.79289321881345));
#6888=CARTESIAN_POINT('',(24.0908675304502,-14.9517253687835,8.14644660940673));
#6889=CARTESIAN_POINT('Origin',(23.7904675142551,-14.7652854849872,7.79289321881345));
#6890=CARTESIAN_POINT('',(12.8169755840544,-33.1167083880862,8.14644660940673));
#6891=CARTESIAN_POINT('Origin',(0.,0.,7.79289321881345));
#6892=CARTESIAN_POINT('',(28.5,0.,7.79289321881345));
#6893=CARTESIAN_POINT('Origin',(0.,0.,7.79289321881345));
#6894=CARTESIAN_POINT('',(28.3535533905933,0.,8.14644660940673));
#6895=CARTESIAN_POINT('Origin',(28.,0.,7.79289321881345));
#6896=CARTESIAN_POINT('Origin',(0.,-1.66533453693773E-15,8.14644660940673));
#6897=CARTESIAN_POINT('Origin',(28.,-0.362499999999997,7.79289321881345));
#6898=CARTESIAN_POINT('',(28.5,23.9644660940672,7.79289321881345));
#6899=CARTESIAN_POINT('',(28.5,-0.362499999999997,7.79289321881345));
#6900=CARTESIAN_POINT('',(28.3535533905933,23.9644660940672,8.14644660940673));
#6901=CARTESIAN_POINT('Origin',(28.,23.9644660940672,7.79289321881345));
#6902=CARTESIAN_POINT('',(28.3535533905933,-0.362499999999997,8.14644660940673));
#6903=CARTESIAN_POINT('Origin',(26.,23.9644660940672,7.79289321881345));
#6904=CARTESIAN_POINT('',(27.7677669529664,25.7322330470336,7.79289321881345));
#6905=CARTESIAN_POINT('Origin',(26.,23.9644660940672,7.79289321881345));
#6906=CARTESIAN_POINT('',(27.6642135623731,25.6286796564403,8.14644660940673));
#6907=CARTESIAN_POINT('Origin',(27.4142135623731,25.3786796564403,7.79289321881345));
#6908=CARTESIAN_POINT('Origin',(26.,23.9644660940672,8.14644660940673));
#6909=CARTESIAN_POINT('Origin',(27.8901966094067,24.9026966094067,7.79289321881345));
#6910=CARTESIAN_POINT('',(18.2322330470336,35.2677669529664,7.79289321881346));
#6911=CARTESIAN_POINT('',(28.24375,25.2562499999999,7.79289321881345));
#6912=CARTESIAN_POINT('',(18.1286796564404,35.1642135623731,8.14644660940673));
#6913=CARTESIAN_POINT('Origin',(17.8786796564404,34.9142135623731,7.79289321881346));
#6914=CARTESIAN_POINT('',(28.1401966094067,25.1526966094067,8.14644660940673));
#6915=CARTESIAN_POINT('Origin',(16.4644660940673,33.5,7.79289321881345));
#6916=CARTESIAN_POINT('',(16.4644660940673,36.,7.79289321881345));
#6917=CARTESIAN_POINT('Origin',(16.4644660940673,33.5,7.79289321881345));
#6918=CARTESIAN_POINT('',(16.4644660940673,35.8535533905933,8.14644660940673));
#6919=CARTESIAN_POINT('Origin',(16.4644660940673,35.5,7.79289321881345));
#6920=CARTESIAN_POINT('Origin',(16.4644660940673,33.5,8.14644660940673));
#6921=CARTESIAN_POINT('Origin',(13.125,35.5,7.79289321881345));
#6922=CARTESIAN_POINT('',(-16.4644660940672,36.,7.79289321881345));
#6923=CARTESIAN_POINT('',(13.125,36.,7.79289321881345));
#6924=CARTESIAN_POINT('',(-16.4644660940672,35.8535533905933,8.14644660940673));
#6925=CARTESIAN_POINT('Origin',(-16.4644660940672,35.5,7.79289321881345));
#6926=CARTESIAN_POINT('',(13.125,35.8535533905933,8.14644660940673));
#6927=CARTESIAN_POINT('Origin',(-16.4644660940672,33.5,7.79289321881345));
#6928=CARTESIAN_POINT('',(-18.2322330470336,35.2677669529664,7.79289321881345));
#6929=CARTESIAN_POINT('Origin',(-16.4644660940672,33.5,7.79289321881345));
#6930=CARTESIAN_POINT('',(-18.1286796564403,35.1642135623731,8.14644660940673));
#6931=CARTESIAN_POINT('Origin',(-17.8786796564403,34.9142135623731,7.79289321881345));
#6932=CARTESIAN_POINT('Origin',(-16.4644660940672,33.5,8.14644660940673));
#6933=CARTESIAN_POINT('Origin',(-19.6401966094067,33.1526966094067,7.79289321881346));
#6934=CARTESIAN_POINT('',(-27.7677669529664,25.7322330470336,7.79289321881346));
#6935=CARTESIAN_POINT('',(-19.99375,33.50625,7.79289321881346));
#6936=CARTESIAN_POINT('',(-27.6642135623731,25.6286796564403,8.14644660940673));
#6937=CARTESIAN_POINT('Origin',(-27.4142135623731,25.3786796564403,7.79289321881346));
#6938=CARTESIAN_POINT('',(-19.8901966094067,33.4026966094067,8.14644660940673));
#6939=CARTESIAN_POINT('Origin',(-26.,23.9644660940672,7.79289321881345));
#6940=CARTESIAN_POINT('',(-28.5,23.9644660940672,7.79289321881345));
#6941=CARTESIAN_POINT('Origin',(-26.,23.9644660940672,7.79289321881345));
#6942=CARTESIAN_POINT('',(-28.3535533905933,23.9644660940672,8.14644660940673));
#6943=CARTESIAN_POINT('Origin',(-28.,23.9644660940672,7.79289321881345));
#6944=CARTESIAN_POINT('Origin',(-26.,23.9644660940672,8.14644660940673));
#6945=CARTESIAN_POINT('Origin',(-28.,18.3875,7.79289321881345));
#6946=CARTESIAN_POINT('',(-28.5,4.44089209850063E-15,7.79289321881345));
#6947=CARTESIAN_POINT('',(-28.5,18.3875,7.79289321881345));
#6948=CARTESIAN_POINT('',(-28.3535533905933,4.44089209850063E-15,8.14644660940672));
#6949=CARTESIAN_POINT('Origin',(-28.,4.44089209850063E-15,7.79289321881345));
#6950=CARTESIAN_POINT('',(-28.3535533905933,18.3875,8.14644660940672));
#6951=CARTESIAN_POINT('Origin',(0.,0.,7.79289321881345));
#6952=CARTESIAN_POINT('Origin',(0.,0.,7.79289321881345));
#6953=CARTESIAN_POINT('Origin',(0.,2.22044604925031E-15,8.14644660940673));
#6954=CARTESIAN_POINT('Origin',(26.,23.9644660940672,0.));
#6955=CARTESIAN_POINT('',(28.5,23.9644660940672,0.5));
#6956=CARTESIAN_POINT('',(28.5,23.9644660940672,0.));
#6957=CARTESIAN_POINT('',(27.7677669529664,25.7322330470336,0.5));
#6958=CARTESIAN_POINT('Origin',(26.,23.9644660940672,0.5));
#6959=CARTESIAN_POINT('',(27.7677669529664,25.7322330470336,0.));
#6960=CARTESIAN_POINT('Origin',(28.5,0.,0.));
#6961=CARTESIAN_POINT('',(28.5,0.,0.5));
#6962=CARTESIAN_POINT('',(28.5,0.,0.));
#6963=CARTESIAN_POINT('',(28.5,-0.724999999999993,0.5));
#6964=CARTESIAN_POINT('Origin',(0.,0.,0.));
#6965=CARTESIAN_POINT('Origin',(0.,0.,0.5));
#6966=CARTESIAN_POINT('Origin',(8.00924186261968,-36.4,0.));
#6967=CARTESIAN_POINT('',(8.00924186261968,-38.9,-3.));
#6968=CARTESIAN_POINT('',(8.00924186261968,-38.9,0.));
#6969=CARTESIAN_POINT('Origin',(8.00924186261968,-36.4,-3.));
#6970=CARTESIAN_POINT('Origin',(-9.4,-38.9,0.));
#6971=CARTESIAN_POINT('',(-8.0092418626197,-38.9,-3.));
#6972=CARTESIAN_POINT('',(-8.0092418626197,-38.9,0.));
#6973=CARTESIAN_POINT('',(0.,-38.9,-3.));
#6974=CARTESIAN_POINT('Origin',(-8.0092418626197,-36.4,0.));
#6975=CARTESIAN_POINT('',(-10.133390747821,-37.7183290611596,-3.));
#6976=CARTESIAN_POINT('',(-10.133390747821,-37.7183290611596,0.));
#6977=CARTESIAN_POINT('Origin',(-8.0092418626197,-36.4,-3.));
#6978=CARTESIAN_POINT('Origin',(-24.2152972912953,-15.0289512972191,0.));
#6979=CARTESIAN_POINT('',(-11.3746682028471,-35.7183290611596,-15.));
#6980=CARTESIAN_POINT('',(-11.3746682028471,-35.7183290611596,-22.5));
#6981=CARTESIAN_POINT('',(-10.6701593770215,-36.8534641962947,-8.18918918918916));
#6982=CARTESIAN_POINT('Origin',(1.6587450749264,-56.7183290611596,-15.));
#6983=CARTESIAN_POINT('Origin',(-20.0636103880293,-21.7183290611597,-3.));
#6984=CARTESIAN_POINT('',(-24.2152972912953,-15.0289512972191,0.5));
#6985=CARTESIAN_POINT('',(-24.2152972912953,-15.0289512972191,0.));
#6986=CARTESIAN_POINT('',(-17.3195415089824,-26.1396916951718,0.5));
#6987=CARTESIAN_POINT('',(-23.8904593354468,-15.5523442816534,0.5));
#6988=CARTESIAN_POINT('',(-17.3195415089824,-26.1396916951718,0.));
#6989=CARTESIAN_POINT('Origin',(16.4644660940673,33.5,9.));
#6990=CARTESIAN_POINT('',(16.4644660940673,36.,8.));
#6991=CARTESIAN_POINT('',(18.2322330470336,35.2677669529664,8.));
#6992=CARTESIAN_POINT('Origin',(8.75,35.,9.));
#6993=CARTESIAN_POINT('',(-16.4644660940672,36.,8.));
#6994=CARTESIAN_POINT('Origin',(-16.4644660940672,33.5,9.));
#6995=CARTESIAN_POINT('',(-18.2322330470336,35.2677669529664,8.));
#6996=CARTESIAN_POINT('Origin',(-21.7803932188134,30.3053932188135,9.));
#6997=CARTESIAN_POINT('',(-27.7677669529664,25.7322330470336,8.));
#6998=CARTESIAN_POINT('Origin',(-26.,23.9644660940672,9.));
#6999=CARTESIAN_POINT('',(-28.5,23.9644660940672,8.));
#7000=CARTESIAN_POINT('Origin',(-27.5,11.775,9.));
#7001=CARTESIAN_POINT('',(-28.5,4.44089209850063E-15,8.));
#7002=CARTESIAN_POINT('Origin',(0.,0.,9.));
#7003=CARTESIAN_POINT('',(-22.5159781831343,-13.9742880482915,10.));
#7004=CARTESIAN_POINT('Origin',(-23.0407997813663,-15.0250126571895,9.));
#7005=CARTESIAN_POINT('',(-10.133390747821,-37.7183290611596,8.));
#7006=CARTESIAN_POINT('Origin',(-23.4656295584066,-15.2886784694214,0.5));
#7007=CARTESIAN_POINT('Origin',(-23.7904675142551,-14.7652854849872,0.5));
#7008=CARTESIAN_POINT('Ctrl Pts',(-17.3195415089824,-26.1396916951718,0.5));
#7009=CARTESIAN_POINT('Ctrl Pts',(-17.4218996145608,-25.9747678819439,0.387932987388189));
#7010=CARTESIAN_POINT('Ctrl Pts',(-17.4978964927918,-25.7774562114149,0.267230466022992));
#7011=CARTESIAN_POINT('Ctrl Pts',(-17.5443298083462,-25.4641017813083,0.123149876809676));
#7012=CARTESIAN_POINT('Ctrl Pts',(-17.5489046803231,-25.356976788092,0.0813206595700054));
#7013=CARTESIAN_POINT('Ctrl Pts',(-17.5346090159373,-25.1416643515556,0.0199838058290659));
#7014=CARTESIAN_POINT('Ctrl Pts',(-17.515860667343,-25.033604743282,-9.92602994522871E-17));
#7015=CARTESIAN_POINT('Ctrl Pts',(-17.4842864114354,-24.9260776226118,6.93889390390723E-17));
#7016=CARTESIAN_POINT('Origin',(0.,0.,0.5));
#7017=CARTESIAN_POINT('',(-28.5,4.44089209850063E-15,0.5));
#7018=CARTESIAN_POINT('Origin',(-28.,4.44089209850063E-15,0.5));
#7019=CARTESIAN_POINT('Origin',(0.,0.,0.5));
#7020=CARTESIAN_POINT('Origin',(-28.,11.775,0.5));
#7021=CARTESIAN_POINT('',(-28.5,23.9644660940672,0.5));
#7022=CARTESIAN_POINT('Origin',(-28.,23.9644660940672,0.5));
#7023=CARTESIAN_POINT('',(-28.5,11.775,0.5));
#7024=CARTESIAN_POINT('Origin',(-26.,23.9644660940672,0.5));
#7025=CARTESIAN_POINT('',(-27.7677669529664,25.7322330470336,0.5));
#7026=CARTESIAN_POINT('Origin',(-27.4142135623731,25.3786796564403,0.5));
#7027=CARTESIAN_POINT('Origin',(-26.,23.9644660940672,0.5));
#7028=CARTESIAN_POINT('Origin',(-22.1339466094067,30.6589466094067,0.5));
#7029=CARTESIAN_POINT('',(-18.2322330470336,35.2677669529664,0.5));
#7030=CARTESIAN_POINT('Origin',(-17.8786796564403,34.9142135623731,0.5));
#7031=CARTESIAN_POINT('',(-22.4875,31.0125,0.5));
#7032=CARTESIAN_POINT('Origin',(-16.4644660940672,33.5,0.5));
#7033=CARTESIAN_POINT('',(-16.4644660940672,36.,0.5));
#7034=CARTESIAN_POINT('Origin',(-16.4644660940672,35.5,0.5));
#7035=CARTESIAN_POINT('Origin',(-16.4644660940672,33.5,0.5));
#7036=CARTESIAN_POINT('Origin',(8.75,35.5,0.5));
#7037=CARTESIAN_POINT('',(16.4644660940673,36.,0.5));
#7038=CARTESIAN_POINT('Origin',(16.4644660940673,35.5,0.5));
#7039=CARTESIAN_POINT('',(8.75,36.,0.5));
#7040=CARTESIAN_POINT('Origin',(16.4644660940673,33.5,0.5));
#7041=CARTESIAN_POINT('',(18.2322330470336,35.2677669529664,0.5));
#7042=CARTESIAN_POINT('Origin',(17.8786796564404,34.9142135623731,0.5));
#7043=CARTESIAN_POINT('Origin',(16.4644660940673,33.5,0.5));
#7044=CARTESIAN_POINT('Origin',(27.6339466094067,25.1589466094067,0.5));
#7045=CARTESIAN_POINT('Origin',(27.4142135623731,25.3786796564403,0.5));
#7046=CARTESIAN_POINT('',(27.9875,25.5124999999999,0.5));
#7047=CARTESIAN_POINT('Origin',(26.,23.9644660940672,0.5));
#7048=CARTESIAN_POINT('Origin',(28.,23.9644660940672,0.5));
#7049=CARTESIAN_POINT('Origin',(28.,-0.724999999999993,0.5));
#7050=CARTESIAN_POINT('Origin',(28.,0.,0.5));
#7051=CARTESIAN_POINT('Origin',(0.,0.,0.5));
#7052=CARTESIAN_POINT('Origin',(23.7904675142551,-14.7652854849872,0.5));
#7053=CARTESIAN_POINT('Origin',(16.0579809127589,-27.2242028208119,0.5));
#7054=CARTESIAN_POINT('Origin',(28.5,25.,0.));
#7055=CARTESIAN_POINT('',(18.2322330470336,35.2677669529664,0.));
#7056=CARTESIAN_POINT('Origin',(16.4644660940673,33.5,0.));
#7057=CARTESIAN_POINT('',(16.4644660940673,36.,0.));
#7058=CARTESIAN_POINT('Origin',(17.5,36.,0.));
#7059=CARTESIAN_POINT('',(-16.4644660940672,36.,0.));
#7060=CARTESIAN_POINT('Origin',(-16.4644660940672,33.5,0.));
#7061=CARTESIAN_POINT('',(-18.2322330470336,35.2677669529664,0.));
#7062=CARTESIAN_POINT('Origin',(-17.5,36.,0.));
#7063=CARTESIAN_POINT('',(-27.7677669529664,25.7322330470336,0.));
#7064=CARTESIAN_POINT('Origin',(-26.,23.9644660940672,0.));
#7065=CARTESIAN_POINT('',(-28.5,23.9644660940672,0.));
#7066=CARTESIAN_POINT('Origin',(-28.5,25.,0.));
#7067=CARTESIAN_POINT('',(-28.5,4.44089209850063E-15,0.));
#7068=CARTESIAN_POINT('Origin',(0.,0.,0.));
#7069=CARTESIAN_POINT('Origin',(4.44089209850063E-14,1.28785870856518E-13,
-7.));
#7070=CARTESIAN_POINT('Origin',(4.44089209850063E-14,1.28785870856518E-13,
8.2));
#7071=CARTESIAN_POINT('Origin',(-13.,33.,-4.));
#7072=CARTESIAN_POINT('',(-11.1,28.,-4.));
#7073=CARTESIAN_POINT('',(-11.1,33.,-4.));
#7074=CARTESIAN_POINT('Origin',(-13.,28.,-4.));
#7075=CARTESIAN_POINT('Origin',(-13.,28.,-4.));
#7076=CARTESIAN_POINT('Origin',(13.,33.,-4.));
#7077=CARTESIAN_POINT('',(14.9,28.,-4.));
#7078=CARTESIAN_POINT('',(14.9,33.,-4.));
#7079=CARTESIAN_POINT('Origin',(13.,28.,-4.));
#7080=CARTESIAN_POINT('Origin',(13.,28.,-4.));
#7081=CARTESIAN_POINT('Origin',(4.44089209850063E-14,1.28785870856518E-13,
-7.));
#7082=CARTESIAN_POINT('',(-15.9631803153492,-23.8509302589992,-7.));
#7083=CARTESIAN_POINT('',(-7.,-27.8332534928993,-7.));
#7084=CARTESIAN_POINT('Origin',(4.44089209850063E-14,1.28785870856518E-13,
-7.));
#7085=CARTESIAN_POINT('Origin',(4.44089209850063E-14,1.28785870856518E-13,
8.2));
#7086=CARTESIAN_POINT('Origin',(-26.5,24.1715728752538,2.6));
#7087=CARTESIAN_POINT('',(-20.386038969321,30.2855339059328,8.2));
#7088=CARTESIAN_POINT('',(-20.386038969321,30.2855339059328,5.4));
#7089=CARTESIAN_POINT('',(-26.2071067811865,24.4644660940673,8.2));
#7090=CARTESIAN_POINT('',(-16.6715728752538,34.,8.2));
#7091=CARTESIAN_POINT('',(-26.2071067811865,24.4644660940673,2.6));
#7092=CARTESIAN_POINT('Origin',(-16.6715728752538,34.,2.6));
#7093=CARTESIAN_POINT('',(7.,34.,8.2));
#7094=CARTESIAN_POINT('',(7.,34.,5.4));
#7095=CARTESIAN_POINT('',(16.6715728752538,34.,8.2));
#7096=CARTESIAN_POINT('Origin',(-4.44089209850063E-15,5.5,8.2));
#7097=CARTESIAN_POINT('',(-6.19286482948731,16.092359766099,8.2));
#7098=CARTESIAN_POINT('',(7.,19.25,8.2));
#7099=CARTESIAN_POINT('Origin',(0.,0.,8.2));
#7100=CARTESIAN_POINT('Origin',(0.,0.,8.2));
#7101=CARTESIAN_POINT('',(-26.2071067811865,16.3076118445749,8.2));
#7102=CARTESIAN_POINT('',(-26.3864335717928,16.4869386351811,8.2));
#7103=CARTESIAN_POINT('',(-26.5,17.0147186257615,8.2));
#7104=CARTESIAN_POINT('Origin',(-25.5,17.0147186257615,8.2));
#7105=CARTESIAN_POINT('',(-26.5,23.7573593128807,8.2));
#7106=CARTESIAN_POINT('',(-26.5,24.1715728752538,8.2));
#7107=CARTESIAN_POINT('Origin',(-25.5,23.7573593128807,8.2));
#7108=CARTESIAN_POINT('Origin',(7.,27.6269795670826,8.2));
#7109=CARTESIAN_POINT('Origin',(-14.5854771272804,24.4849720638921,8.2));
#7110=CARTESIAN_POINT('Origin',(-9.46378920792875,-3.43502884254441,2.6));
#7111=CARTESIAN_POINT('',(-15.4350288425444,-3.43502884254441,2.6));
#7112=CARTESIAN_POINT('Origin',(-15.4350288425444,-3.43502884254441,2.6));
#7113=CARTESIAN_POINT('Origin',(-25.5,17.0147186257615,2.6));
#7114=CARTESIAN_POINT('',(-26.5,17.0147186257615,2.6));
#7115=CARTESIAN_POINT('',(-26.2071067811865,16.3076118445749,2.6));
#7116=CARTESIAN_POINT('Origin',(-23.0591718103439,13.1596768737322,2.6));
#7117=CARTESIAN_POINT('Origin',(-25.5,23.7573593128807,2.6));
#7118=CARTESIAN_POINT('',(-26.5,23.7573593128807,2.6));
#7119=CARTESIAN_POINT('Origin',(-26.5,16.6005050633884,2.6));
#7120=CARTESIAN_POINT('Origin',(0.,0.,2.6));
#7121=CARTESIAN_POINT('Origin',(0.,0.,2.6));
#7122=CARTESIAN_POINT('',(-15.0600288425444,-13.4350288425444,2.6));
#7123=CARTESIAN_POINT('Origin',(-13.4350288425444,-13.4350288425444,2.6));
#7124=CARTESIAN_POINT('',(11.8100288425444,-13.4350288425444,2.6));
#7125=CARTESIAN_POINT('Origin',(13.4350288425444,-13.4350288425444,2.6));
#7126=CARTESIAN_POINT('Origin',(0.,0.,0.));
#7127=CARTESIAN_POINT('Origin',(-8.0092418626197,-36.4,9.));
#7128=CARTESIAN_POINT('',(-8.0092418626197,-38.9,8.));
#7129=CARTESIAN_POINT('Origin',(-4.7,-37.9,9.));
#7130=CARTESIAN_POINT('',(8.00924186261968,-38.9,8.));
#7131=CARTESIAN_POINT('Origin',(8.00924186261968,-36.4,9.));
#7132=CARTESIAN_POINT('',(10.133390747821,-37.7183290611596,8.));
#7133=CARTESIAN_POINT('Origin',(15.6331511357186,-26.96053700858,9.));
#7134=CARTESIAN_POINT('',(24.2152972912953,-15.0289512972192,8.));
#7135=CARTESIAN_POINT('Origin',(0.,0.,9.));
#7136=CARTESIAN_POINT('',(28.5,0.,8.));
#7137=CARTESIAN_POINT('Origin',(27.5,-0.724999999999993,9.));
#7138=CARTESIAN_POINT('',(28.5,23.9644660940672,8.));
#7139=CARTESIAN_POINT('Origin',(26.,23.9644660940672,9.));
#7140=CARTESIAN_POINT('',(27.7677669529664,25.7322330470336,8.));
#7141=CARTESIAN_POINT('Origin',(27.2803932188135,24.8053932188134,9.));
#7142=CARTESIAN_POINT('Origin',(-16.0450521778616,-25.3486942584761,0.));
#7143=CARTESIAN_POINT('Ctrl Pts',(8.00924186261967,-38.9,-3.));
#7144=CARTESIAN_POINT('Ctrl Pts',(8.00924186261967,-38.9,-5.03683368811372));
#7145=CARTESIAN_POINT('Ctrl Pts',(8.19142397505965,-38.5605947096585,-7.07326543016267));
#7146=CARTESIAN_POINT('Ctrl Pts',(8.54601049182012,-37.9,-8.99999999999998));
#7147=CARTESIAN_POINT('Ctrl Pts',(8.43229992780944,-38.9,-3.));
#7148=CARTESIAN_POINT('Ctrl Pts',(8.43229992780944,-38.9,-5.00801590739534));
#7149=CARTESIAN_POINT('Ctrl Pts',(8.61619739913946,-38.5703168531518,-7.01536853510567));
#7150=CARTESIAN_POINT('Ctrl Pts',(8.97431617442825,-37.9279609390161,-8.91844726120304));
#7151=CARTESIAN_POINT('Ctrl Pts',(9.27783896819349,-38.6804056857136,-3.));
#7152=CARTESIAN_POINT('Ctrl Pts',(9.27783896819349,-38.6804056857136,-4.92593418868633));
#7153=CARTESIAN_POINT('Ctrl Pts',(9.46520830085677,-38.3691123989704,-6.85166343172504));
#7154=CARTESIAN_POINT('Ctrl Pts',(9.83025966009606,-37.7619746796935,-8.67940111202913));
#7155=CARTESIAN_POINT('Ctrl Pts',(9.91029885106197,-38.0777843881789,-3.));
#7156=CARTESIAN_POINT('Ctrl Pts',(9.91029885106197,-38.0777843881789,-4.81642175649111));
#7157=CARTESIAN_POINT('Ctrl Pts',(10.0955439422076,-37.7791470713513,-6.63244743992487));
#7158=CARTESIAN_POINT('Ctrl Pts',(10.4565088473407,-37.1977071837359,-8.35267814243994));
#7159=CARTESIAN_POINT('Ctrl Pts',(10.133390747821,-37.7183290611596,-3.));
#7160=CARTESIAN_POINT('Ctrl Pts',(10.133390747821,-37.7183290611596,-4.76158589242268));
#7161=CARTESIAN_POINT('Ctrl Pts',(10.315572860261,-37.424789350594,-6.52282415581636));
#7162=CARTESIAN_POINT('Ctrl Pts',(10.6701593770215,-36.8534641962947,-8.18918918918916));
#7163=CARTESIAN_POINT('',(8.54601049182012,-37.9,-8.99999999999998));
#7164=CARTESIAN_POINT('Origin',(8.54601049182012,-35.5351351351351,-8.18918918918916));
#7165=CARTESIAN_POINT('Origin',(17.939461502828,-20.4000000000001,-3.));
#7166=CARTESIAN_POINT('Ctrl Pts',(8.54601049182012,-37.9,-8.99999999999998));
#7167=CARTESIAN_POINT('Ctrl Pts',(9.01140529506824,-37.2394052903415,-10.9267345698373));
#7168=CARTESIAN_POINT('Ctrl Pts',(9.25051931764572,-36.9,-12.9631663118863));
#7169=CARTESIAN_POINT('Ctrl Pts',(9.25051931764572,-36.9,-15.));
#7170=CARTESIAN_POINT('Ctrl Pts',(8.97431617442824,-37.9279609390161,-8.91844726120304));
#7171=CARTESIAN_POINT('Ctrl Pts',(9.43617871914805,-37.2491274338348,-10.8688376747803));
#7172=CARTESIAN_POINT('Ctrl Pts',(9.67357738283549,-36.9,-12.9343485311679));
#7173=CARTESIAN_POINT('Ctrl Pts',(9.67357738283549,-36.9,-15.));
#7174=CARTESIAN_POINT('Ctrl Pts',(9.83025243583784,-37.7619621531026,-8.67939835445094));
#7175=CARTESIAN_POINT('Ctrl Pts',(10.2851823966071,-37.0479104530625,-10.7051298138215));
#7176=CARTESIAN_POINT('Ctrl Pts',(10.519110113102,-36.680394342768,-12.8522668124589));
#7177=CARTESIAN_POINT('Ctrl Pts',(10.519110113102,-36.680394342768,-15.));
#7178=CARTESIAN_POINT('Ctrl Pts',(10.4565088473407,-37.1977071837359,-8.35267814243994));
#7179=CARTESIAN_POINT('Ctrl Pts',(10.9155252622162,-36.4579576520343,-10.4859165795995));
#7180=CARTESIAN_POINT('Ctrl Pts',(11.151576306088,-36.0777843881789,-12.7427543802636));
#7181=CARTESIAN_POINT('Ctrl Pts',(11.151576306088,-36.0777843881789,-15.));
#7182=CARTESIAN_POINT('Ctrl Pts',(10.6701593770215,-36.8534641962947,-8.18918918918916));
#7183=CARTESIAN_POINT('Ctrl Pts',(11.1355541802696,-36.1035999312769,-10.376293295491));
#7184=CARTESIAN_POINT('Ctrl Pts',(11.3746682028471,-35.7183290611596,-12.6879185161952));
#7185=CARTESIAN_POINT('Ctrl Pts',(11.3746682028471,-35.7183290611596,-15.));
#7186=CARTESIAN_POINT('',(9.25051931764572,-36.9,-15.));
#7187=CARTESIAN_POINT('Origin',(9.25051931764572,-34.4,-15.));
#7188=CARTESIAN_POINT('Origin',(-3.7828939601278,-55.4,-15.));
#7189=CARTESIAN_POINT('Origin',(9.25051931764573,-34.4,-22.5));
#7190=CARTESIAN_POINT('',(9.25051931764573,-36.9,-22.5));
#7191=CARTESIAN_POINT('Origin',(0.,-36.9,-45.));
#7192=CARTESIAN_POINT('',(-9.25051931764575,-36.9,-15.));
#7193=CARTESIAN_POINT('',(0.,-36.9,-15.));
#7194=CARTESIAN_POINT('',(-9.25051931764575,-36.9,-22.5));
#7195=CARTESIAN_POINT('Origin',(0.,-55.4,-15.));
#7196=CARTESIAN_POINT('',(-8.54601049182015,-37.9,-8.99999999999998));
#7197=CARTESIAN_POINT('',(0.,-37.9,-8.99999999999998));
#7198=CARTESIAN_POINT('Origin',(3.78289396012774,-55.4,-15.));
#7199=CARTESIAN_POINT('Origin',(0.,-20.4000000000001,-3.));
#7200=CARTESIAN_POINT('Origin',(-17.939461502828,-20.4000000000001,-3.));
#7201=CARTESIAN_POINT('Origin',(-9.25051931764575,-34.4,-22.5));
#7202=CARTESIAN_POINT('Origin',(-9.25051931764575,-34.4,-15.));
#7203=CARTESIAN_POINT('Ctrl Pts',(-9.25051931764575,-36.9,-15.));
#7204=CARTESIAN_POINT('Ctrl Pts',(-9.25051931764575,-36.9,-12.9631663118863));
#7205=CARTESIAN_POINT('Ctrl Pts',(-9.01140529506827,-37.2394052903415,-10.9267345698373));
#7206=CARTESIAN_POINT('Ctrl Pts',(-8.54601049182015,-37.9,-8.99999999999998));
#7207=CARTESIAN_POINT('Ctrl Pts',(-9.67357738283552,-36.9,-15.));
#7208=CARTESIAN_POINT('Ctrl Pts',(-9.67357738283552,-36.9,-12.9343485311679));
#7209=CARTESIAN_POINT('Ctrl Pts',(-9.43617871914808,-37.2491274338348,-10.8688376747803));
#7210=CARTESIAN_POINT('Ctrl Pts',(-8.97431617442827,-37.9279609390161,-8.91844726120304));
#7211=CARTESIAN_POINT('Ctrl Pts',(-10.519110113102,-36.680394342768,-15.));
#7212=CARTESIAN_POINT('Ctrl Pts',(-10.519110113102,-36.680394342768,-12.8522668124589));
#7213=CARTESIAN_POINT('Ctrl Pts',(-10.2851823966072,-37.0479104530625,-10.7051298138215));
#7214=CARTESIAN_POINT('Ctrl Pts',(-9.83025243583788,-37.7619621531026,-8.67939835445093));
#7215=CARTESIAN_POINT('Ctrl Pts',(-11.1515763060881,-36.0777843881789,-15.));
#7216=CARTESIAN_POINT('Ctrl Pts',(-11.1515763060881,-36.0777843881789,-12.7427543802636));
#7217=CARTESIAN_POINT('Ctrl Pts',(-10.9155252622162,-36.4579576520343,-10.4859165795995));
#7218=CARTESIAN_POINT('Ctrl Pts',(-10.4565088473407,-37.1977071837359,-8.35267814243994));
#7219=CARTESIAN_POINT('Ctrl Pts',(-11.3746682028471,-35.7183290611596,-15.));
#7220=CARTESIAN_POINT('Ctrl Pts',(-11.3746682028471,-35.7183290611596,-12.6879185161952));
#7221=CARTESIAN_POINT('Ctrl Pts',(-11.1355541802696,-36.1035999312769,-10.376293295491));
#7222=CARTESIAN_POINT('Ctrl Pts',(-10.6701593770215,-36.8534641962947,-8.18918918918916));
#7223=CARTESIAN_POINT('Origin',(-8.54601049182015,-35.5351351351351,-8.18918918918916));
#7224=CARTESIAN_POINT('Ctrl Pts',(-8.54601049182015,-37.9,-8.99999999999998));
#7225=CARTESIAN_POINT('Ctrl Pts',(-8.19142397505968,-38.5605947096585,-7.07326543016267));
#7226=CARTESIAN_POINT('Ctrl Pts',(-8.0092418626197,-38.9,-5.03683368811372));
#7227=CARTESIAN_POINT('Ctrl Pts',(-8.0092418626197,-38.9,-3.));
#7228=CARTESIAN_POINT('Ctrl Pts',(-8.97431617442827,-37.9279609390161,-8.91844726120303));
#7229=CARTESIAN_POINT('Ctrl Pts',(-8.61619739913949,-38.5703168531518,-7.01536853510567));
#7230=CARTESIAN_POINT('Ctrl Pts',(-8.43229992780947,-38.9,-5.00801590739534));
#7231=CARTESIAN_POINT('Ctrl Pts',(-8.43229992780947,-38.9,-3.));
#7232=CARTESIAN_POINT('Ctrl Pts',(-9.83025966009609,-37.7619746796935,-8.67940111202913));
#7233=CARTESIAN_POINT('Ctrl Pts',(-9.4652083008568,-38.3691123989704,-6.85166343172504));
#7234=CARTESIAN_POINT('Ctrl Pts',(-9.27783896819352,-38.6804056857136,-4.92593418868633));
#7235=CARTESIAN_POINT('Ctrl Pts',(-9.27783896819352,-38.6804056857136,-3.));
#7236=CARTESIAN_POINT('Ctrl Pts',(-10.4565088473407,-37.1977071837359,-8.35267814243994));
#7237=CARTESIAN_POINT('Ctrl Pts',(-10.0955439422076,-37.7791470713513,-6.63244743992486));
#7238=CARTESIAN_POINT('Ctrl Pts',(-9.910298851062,-38.0777843881789,-4.81642175649111));
#7239=CARTESIAN_POINT('Ctrl Pts',(-9.910298851062,-38.0777843881789,-3.));
#7240=CARTESIAN_POINT('Ctrl Pts',(-10.6701593770215,-36.8534641962947,-8.18918918918916));
#7241=CARTESIAN_POINT('Ctrl Pts',(-10.315572860261,-37.424789350594,-6.52282415581636));
#7242=CARTESIAN_POINT('Ctrl Pts',(-10.133390747821,-37.7183290611596,-4.76158589242268));
#7243=CARTESIAN_POINT('Ctrl Pts',(-10.133390747821,-37.7183290611596,-3.));
#7244=CARTESIAN_POINT('Origin',(-7.,-25.9644756486096,-22.5));
#7245=CARTESIAN_POINT('',(-7.,-36.9,-3.));
#7246=CARTESIAN_POINT('',(-7.,-36.9,-3.));
#7247=CARTESIAN_POINT('',(-7.,-36.0081081081081,-8.35135135135132));
#7248=CARTESIAN_POINT('Origin',(-7.,-20.4000000000001,-3.));
#7249=CARTESIAN_POINT('Origin',(-7.,-55.4,-15.));
#7250=CARTESIAN_POINT('Origin',(0.,-36.9,0.));
#7251=CARTESIAN_POINT('',(0.,-36.9,-3.));
#7252=CARTESIAN_POINT('Origin',(0.,-55.4,-15.));
#7253=CARTESIAN_POINT('',(0.,-36.0081081081081,-8.35135135135132));
#7254=CARTESIAN_POINT('Origin',(0.,-20.4000000000001,-3.));
#7255=CARTESIAN_POINT('Origin',(13.4350288425444,-13.4350288425444,0.));
#7256=CARTESIAN_POINT('',(11.8100288425444,-13.4350288425444,0.));
#7257=CARTESIAN_POINT('Origin',(-13.4350288425444,-13.4350288425444,0.));
#7258=CARTESIAN_POINT('',(-15.0600288425444,-13.4350288425444,0.));
#7259=UNCERTAINTY_MEASURE_WITH_UNIT(LENGTH_MEASURE(0.01),#7263,
'DISTANCE_ACCURACY_VALUE',
'Maximum model space distance between geometric entities at asserted c
onnectivities');
#7260=UNCERTAINTY_MEASURE_WITH_UNIT(LENGTH_MEASURE(0.01),#7263,
'DISTANCE_ACCURACY_VALUE',
'Maximum model space distance between geometric entities at asserted c
onnectivities');
#7261=(
GEOMETRIC_REPRESENTATION_CONTEXT(3)
GLOBAL_UNCERTAINTY_ASSIGNED_CONTEXT((#7259))
GLOBAL_UNIT_ASSIGNED_CONTEXT((#7263,#7265,#7266))
REPRESENTATION_CONTEXT('','3D')
);
#7262=(
GEOMETRIC_REPRESENTATION_CONTEXT(3)
GLOBAL_UNCERTAINTY_ASSIGNED_CONTEXT((#7260))
GLOBAL_UNIT_ASSIGNED_CONTEXT((#7263,#7265,#7266))
REPRESENTATION_CONTEXT('','3D')
);
#7263=(
LENGTH_UNIT()
NAMED_UNIT(*)
SI_UNIT(.MILLI.,.METRE.)
);
#7264=(
LENGTH_UNIT()
NAMED_UNIT(*)
SI_UNIT($,.METRE.)
);
#7265=(
NAMED_UNIT(*)
PLANE_ANGLE_UNIT()
SI_UNIT($,.RADIAN.)
);
#7266=(
NAMED_UNIT(*)
SI_UNIT($,.STERADIAN.)
SOLID_ANGLE_UNIT()
);
#7267=SHAPE_DEFINITION_REPRESENTATION(#7268,#7269);
#7268=PRODUCT_DEFINITION_SHAPE('',$,#7271);
#7269=SHAPE_REPRESENTATION('',(#3967),#7261);
#7270=PRODUCT_DEFINITION_CONTEXT('part definition',#7275,'design');
#7271=PRODUCT_DEFINITION('FusionComponent','FusionComponent',#7272,#7270);
#7272=PRODUCT_DEFINITION_FORMATION('',$,#7277);
#7273=PRODUCT_RELATED_PRODUCT_CATEGORY('FusionComponent',
'FusionComponent',(#7277));
#7274=APPLICATION_PROTOCOL_DEFINITION('international standard',
'automotive_design',2009,#7275);
#7275=APPLICATION_CONTEXT(
'Core Data for Automotive Mechanical Design Process');
#7276=PRODUCT_CONTEXT('part definition',#7275,'mechanical');
#7277=PRODUCT('FusionComponent','FusionComponent',$,(#7276));
#7278=PRESENTATION_STYLE_ASSIGNMENT((#7279));
#7279=SURFACE_STYLE_USAGE(.BOTH.,#7280);
#7280=SURFACE_SIDE_STYLE('',(#7281));
#7281=SURFACE_STYLE_FILL_AREA(#7282);
#7282=FILL_AREA_STYLE('Steel - Satin',(#7283));
#7283=FILL_AREA_STYLE_COLOUR('Steel - Satin',#7284);
#7284=COLOUR_RGB('Steel - Satin',0.627450980392157,0.627450980392157,0.627450980392157);
ENDSEC;
END-ISO-10303-21;
