ISO-10303-21;
HEADER;
/* Generated by software containing ST-Developer
 * from STEP Tools, Inc. (www.steptools.com) 
 */

FILE_DESCRIPTION(
/* description */ (''),
/* implementation_level */ '2;1');

FILE_NAME(
/* name */ '103107002_02 - Base to Controller Cable Shroud.step',
/* time_stamp */ '2025-06-26T15:21:42-05:00',
/* author */ (''),
/* organization */ (''),
/* preprocessor_version */ 'ST-DEVELOPER v20.1',
/* originating_system */ 'Autodesk Translation Framework v14.10.0.0',
/* authorisation */ '');

FILE_SCHEMA (('AUTOMOTIVE_DESIGN { 1 0 10303 214 3 1 1 }'));
ENDSEC;

DATA;
#10=MECHANICAL_DESIGN_GEOMETRIC_PRESENTATION_REPRESENTATION('',(#13),#3317);
#11=SHAPE_REPRESENTATION_RELATIONSHIP('SRR','None',#3324,#12);
#12=ADVANCED_BREP_SHAPE_REPRESENTATION('',(#14),#3316);
#13=STYLED_ITEM('',(#3334),#14);
#14=MANIFOLD_SOLID_BREP('Body1',#1683);
#15=(
BOUNDED_SURFACE()
B_SPLINE_SURFACE(2,2,((#3263,#3264,#3265),(#3266,#3267,#3268),(#3269,#3270,
#3271)),.UNSPECIFIED.,.F.,.F.,.F.)
B_SPLINE_SURFACE_WITH_KNOTS((3,3),(3,3),(2.21761855763005E-13,1.57079632679519),
(-2.3963685634582,-1.57079632679491),.UNSPECIFIED.)
GEOMETRIC_REPRESENTATION_ITEM()
RATIONAL_B_SPLINE_SURFACE(((1.,0.916006691945119,1.),(0.707106781186522,
0.647714543486627,0.707106781186522),(1.,0.916006691945119,1.)))
REPRESENTATION_ITEM('')
SURFACE()
);
#16=(
BOUNDED_SURFACE()
B_SPLINE_SURFACE(2,2,((#3298,#3299,#3300),(#3301,#3302,#3303),(#3304,#3305,
#3306)),.UNSPECIFIED.,.F.,.F.,.F.)
B_SPLINE_SURFACE_WITH_KNOTS((3,3),(3,3),(9.38408251109228E-13,1.57079632679597),
(-1.57079632679592,-0.745224090130495),.UNSPECIFIED.)
GEOMETRIC_REPRESENTATION_ITEM()
RATIONAL_B_SPLINE_SURFACE(((1.,0.91600669194469,1.),(0.707106781186499,
0.647714543486303,0.707106781186499),(1.,0.91600669194469,1.)))
REPRESENTATION_ITEM('')
SURFACE()
);
#17=B_SPLINE_CURVE_WITH_KNOTS('',3,(#2771,#2772,#2773,#2774,#2775,#2776,
#2777,#2778,#2779,#2780,#2781,#2782,#2783,#2784),.UNSPECIFIED.,.F.,.F.,
(4,2,2,2,2,2,4),(-0.063225464300364,-0.0630062159279526,-0.0509444524879552,
-0.0399671707985018,-0.0255137884208687,-0.00937096400821009,0.),
 .UNSPECIFIED.);
#18=B_SPLINE_SURFACE_WITH_KNOTS('',3,3,((#2739,#2740,#2741,#2742,#2743),
(#2744,#2745,#2746,#2747,#2748),(#2749,#2750,#2751,#2752,#2753),(#2754,
#2755,#2756,#2757,#2758),(#2759,#2760,#2761,#2762,#2763)),.UNSPECIFIED.,
 .F.,.F.,.F.,(4,1,4),(4,1,4),(-0.00369427071460536,0.5,1.01296077010558),
(-1.58375709690137,-0.673198425769625,0.0129607701055839),.UNSPECIFIED.);
#19=B_SPLINE_SURFACE_WITH_KNOTS('',3,3,((#2815,#2816,#2817,#2818,#2819,
#2820),(#2821,#2822,#2823,#2824,#2825,#2826),(#2827,#2828,#2829,#2830,#2831,
#2832),(#2833,#2834,#2835,#2836,#2837,#2838),(#2839,#2840,#2841,#2842,#2843,
#2844)),.UNSPECIFIED.,.F.,.F.,.F.,(4,1,4),(4,1,1,4),(-0.00133170929007847,
0.5,1.00669220126162),(-0.00669220126160419,0.448798950512584,0.897597901025155,
1.57748852805561),.UNSPECIFIED.);
#20=B_SPLINE_SURFACE_WITH_KNOTS('',3,3,((#2908,#2909,#2910,#2911,#2912),
(#2913,#2914,#2915,#2916,#2917),(#2918,#2919,#2920,#2921,#2922),(#2923,
#2924,#2925,#2926,#2927)),.UNSPECIFIED.,.F.,.F.,.F.,(4,4),(4,1,4),(-0.00406740160552118,
1.00406740160532),(-1.57079632679489,-0.897597901025641,0.00406740160554078),
 .UNSPECIFIED.);
#21=B_SPLINE_SURFACE_WITH_KNOTS('',3,3,((#2933,#2934,#2935,#2936),(#2937,
#2938,#2939,#2940),(#2941,#2942,#2943,#2944),(#2945,#2946,#2947,#2948)),
 .UNSPECIFIED.,.F.,.F.,.F.,(4,4),(4,4),(0.,1.),(1.83455473833996E-14,0.201357920790406),
 .UNSPECIFIED.);
#22=B_SPLINE_SURFACE_WITH_KNOTS('',3,3,((#2954,#2955,#2956,#2957,#2958,
#2959,#2960),(#2961,#2962,#2963,#2964,#2965,#2966,#2967),(#2968,#2969,#2970,
#2971,#2972,#2973,#2974),(#2975,#2976,#2977,#2978,#2979,#2980,#2981),(#2982,
#2983,#2984,#2985,#2986,#2987,#2988),(#2989,#2990,#2991,#2992,#2993,#2994,
#2995)),.UNSPECIFIED.,.F.,.F.,.F.,(4,1,1,4),(4,1,1,1,4),(-0.00219034908195131,
0.285714285714286,0.571428571428571,1.01777988917385),(-2.34853345210268,
-1.60729313900905,-0.883832715089268,-0.160372291169487,0.219137809964255),
 .UNSPECIFIED.);
#23=B_SPLINE_SURFACE_WITH_KNOTS('',3,3,((#3001,#3002,#3003,#3004),(#3005,
#3006,#3007,#3008),(#3009,#3010,#3011,#3012),(#3013,#3014,#3015,#3016),
(#3017,#3018,#3019,#3020),(#3021,#3022,#3023,#3024)),.UNSPECIFIED.,.F.,
 .F.,.F.,(4,1,1,4),(4,4),(-0.00260378601160637,0.285714285714286,0.571428571428571,
1.00072369564043),(0.808235304649358,1.68765986524213),.UNSPECIFIED.);
#24=B_SPLINE_SURFACE_WITH_KNOTS('',3,3,((#3030,#3031,#3032,#3033),(#3034,
#3035,#3036,#3037),(#3038,#3039,#3040,#3041),(#3042,#3043,#3044,#3045),
(#3046,#3047,#3048,#3049)),.UNSPECIFIED.,.F.,.F.,.F.,(4,1,4),(4,4),(-0.00433319943219906,
0.5,1.00433319943217),(0.668525868347001,1.5707963267949),.UNSPECIFIED.);
#25=B_SPLINE_SURFACE_WITH_KNOTS('',3,3,((#3073,#3074,#3075,#3076),(#3077,
#3078,#3079,#3080),(#3081,#3082,#3083,#3084),(#3085,#3086,#3087,#3088),
(#3089,#3090,#3091,#3092)),.UNSPECIFIED.,.F.,.F.,.F.,(4,1,4),(4,4),(-0.00433319943212148,
0.5,1.00433319939178),(-1.5707963267949,-0.668525868347128),
 .UNSPECIFIED.);
#26=B_SPLINE_SURFACE_WITH_KNOTS('',3,3,((#3098,#3099,#3100,#3101),(#3102,
#3103,#3104,#3105),(#3106,#3107,#3108,#3109),(#3110,#3111,#3112,#3113),
(#3114,#3115,#3116,#3117),(#3118,#3119,#3120,#3121)),.UNSPECIFIED.,.F.,
 .F.,.F.,(4,1,1,4),(4,4),(-0.00260378601160146,0.285714285714286,0.571428571428571,
1.0007236956404),(-1.68765986524216,-0.808235304649437),.UNSPECIFIED.);
#27=B_SPLINE_SURFACE_WITH_KNOTS('',3,3,((#3125,#3126,#3127,#3128,#3129,
#3130,#3131),(#3132,#3133,#3134,#3135,#3136,#3137,#3138),(#3139,#3140,#3141,
#3142,#3143,#3144,#3145),(#3146,#3147,#3148,#3149,#3150,#3151,#3152),(#3153,
#3154,#3155,#3156,#3157,#3158,#3159),(#3160,#3161,#3162,#3163,#3164,#3165,
#3166)),.UNSPECIFIED.,.F.,.F.,.F.,(4,1,1,4),(4,1,1,1,4),(-0.00219034908205548,
0.285714285714286,0.571428571428571,1.00334565419561),(-0.204703574985866,
0.1603722911696,0.883832715089317,1.60729313900903,2.33409921712436),
 .UNSPECIFIED.);
#28=B_SPLINE_SURFACE_WITH_KNOTS('',3,3,((#3170,#3171,#3172,#3173),(#3174,
#3175,#3176,#3177),(#3178,#3179,#3180,#3181),(#3182,#3183,#3184,#3185)),
 .UNSPECIFIED.,.F.,.F.,.F.,(4,4),(4,4),(0.,1.),(-0.201357920790259,2.12858283540866E-14),
 .UNSPECIFIED.);
#29=B_SPLINE_SURFACE_WITH_KNOTS('',3,3,((#3189,#3190,#3191,#3192,#3193),
(#3194,#3195,#3196,#3197,#3198),(#3199,#3200,#3201,#3202,#3203),(#3204,
#3205,#3206,#3207,#3208)),.UNSPECIFIED.,.F.,.F.,.F.,(4,4),(4,1,4),(-0.00406740160539874,
1.0040674015794),(-0.00406740160538062,0.897597901025666,1.5707963267949),
 .UNSPECIFIED.);
#30=B_SPLINE_SURFACE_WITH_KNOTS('',3,3,((#3273,#3274,#3275,#3276,#3277),
(#3278,#3279,#3280,#3281,#3282),(#3283,#3284,#3285,#3286,#3287),(#3288,
#3289,#3290,#3291,#3292)),.UNSPECIFIED.,.F.,.F.,.F.,(4,4),(4,1,4),(-0.000751100604457198,
1.00019867177486),(-0.559350415948027,-0.0797999021919437,0.559350415948018),
 .UNSPECIFIED.);
#31=ELLIPSE('',#1741,0.541196100146195,0.5);
#32=ELLIPSE('',#1755,0.541196100146197,0.5);
#33=ELLIPSE('',#1757,0.707106781186548,0.5);
#34=ELLIPSE('',#1781,0.541196100146195,0.5);
#35=ELLIPSE('',#1802,0.541196100146198,0.5);
#36=ELLIPSE('',#1812,0.707106781186548,0.5);
#37=ELLIPSE('',#1814,0.541196100146199,0.5);
#38=ELLIPSE('',#1817,6.36396103067892,4.5);
#39=ELLIPSE('',#1819,6.02079728939614,4.);
#40=ELLIPSE('',#1832,6.02079728939614,4.);
#41=ELLIPSE('',#1833,6.36396103067892,4.5);
#42=ELLIPSE('',#1835,0.541196100146197,0.5);
#43=ELLIPSE('',#1859,2.0841678636544,2.);
#44=ELLIPSE('',#1860,2.0841678636544,2.00000000000004);
#45=ELLIPSE('',#1862,2.57734286138075,2.);
#46=ELLIPSE('',#1863,2.21194399230865,1.5);
#47=ELLIPSE('',#1865,4.83611546400167,3.);
#48=ELLIPSE('',#1866,5.16120264872017,3.5);
#49=ELLIPSE('',#1868,2.57734286138075,2.);
#50=ELLIPSE('',#1869,2.21194399230865,1.5);
#51=ELLIPSE('',#1870,3.2734484264909,1.99999999999994);
#52=ELLIPSE('',#1871,3.2734484264909,2.);
#53=ELLIPSE('',#1873,2.21194399230865,1.5);
#54=ELLIPSE('',#1874,5.16120264872018,3.5);
#55=ELLIPSE('',#1875,2.21194399230865,1.5);
#56=ELLIPSE('',#1876,1.47462932820577,1.);
#57=ELLIPSE('',#1880,3.2734484264909,2.);
#58=ELLIPSE('',#1881,3.2734484264909,1.99999999999993);
#59=ELLIPSE('',#1883,2.57734286138075,2.);
#60=ELLIPSE('',#1885,4.83611546400167,3.);
#61=ELLIPSE('',#1887,2.57734286138075,2.);
#62=ELLIPSE('',#1888,2.0841678636544,2.00000000000004);
#63=ELLIPSE('',#1889,2.0841678636544,2.);
#64=ELLIPSE('',#1916,3.18975416852218,3.);
#65=SPHERICAL_SURFACE('',#1715,0.500000000000002);
#66=SPHERICAL_SURFACE('',#1719,0.5);
#67=SPHERICAL_SURFACE('',#1723,0.499999999999998);
#68=SPHERICAL_SURFACE('',#1727,0.5);
#69=SPHERICAL_SURFACE('',#1732,0.5);
#70=SPHERICAL_SURFACE('',#1736,0.499999999999998);
#71=SPHERICAL_SURFACE('',#1742,0.499999999999989);
#72=SPHERICAL_SURFACE('',#1746,0.5);
#73=SPHERICAL_SURFACE('',#1750,0.5);
#74=SPHERICAL_SURFACE('',#1758,0.5);
#75=SPHERICAL_SURFACE('',#1764,0.5);
#76=SPHERICAL_SURFACE('',#1776,0.5);
#77=CYLINDRICAL_SURFACE('',#1707,1.625);
#78=CYLINDRICAL_SURFACE('',#1713,1.625);
#79=CYLINDRICAL_SURFACE('',#1731,0.5);
#80=CYLINDRICAL_SURFACE('',#1740,0.5);
#81=CYLINDRICAL_SURFACE('',#1754,0.5);
#82=CYLINDRICAL_SURFACE('',#1756,0.5);
#83=CYLINDRICAL_SURFACE('',#1762,0.5);
#84=CYLINDRICAL_SURFACE('',#1763,0.5);
#85=CYLINDRICAL_SURFACE('',#1768,0.5);
#86=CYLINDRICAL_SURFACE('',#1774,0.5);
#87=CYLINDRICAL_SURFACE('',#1775,0.5);
#88=CYLINDRICAL_SURFACE('',#1780,0.5);
#89=CYLINDRICAL_SURFACE('',#1782,0.5);
#90=CYLINDRICAL_SURFACE('',#1783,0.5);
#91=CYLINDRICAL_SURFACE('',#1784,0.5);
#92=CYLINDRICAL_SURFACE('',#1789,0.5);
#93=CYLINDRICAL_SURFACE('',#1794,0.5);
#94=CYLINDRICAL_SURFACE('',#1799,0.5);
#95=CYLINDRICAL_SURFACE('',#1800,0.5);
#96=CYLINDRICAL_SURFACE('',#1801,0.5);
#97=CYLINDRICAL_SURFACE('',#1803,0.5);
#98=CYLINDRICAL_SURFACE('',#1809,0.5);
#99=CYLINDRICAL_SURFACE('',#1810,0.5);
#100=CYLINDRICAL_SURFACE('',#1811,0.5);
#101=CYLINDRICAL_SURFACE('',#1813,0.5);
#102=CYLINDRICAL_SURFACE('',#1815,0.5);
#103=CYLINDRICAL_SURFACE('',#1816,0.5);
#104=CYLINDRICAL_SURFACE('',#1820,0.5);
#105=CYLINDRICAL_SURFACE('',#1821,0.5);
#106=CYLINDRICAL_SURFACE('',#1827,0.5);
#107=CYLINDRICAL_SURFACE('',#1828,0.5);
#108=CYLINDRICAL_SURFACE('',#1829,0.5);
#109=CYLINDRICAL_SURFACE('',#1830,0.5);
#110=CYLINDRICAL_SURFACE('',#1834,0.5);
#111=CYLINDRICAL_SURFACE('',#1836,0.5);
#112=CYLINDRICAL_SURFACE('',#1840,2.);
#113=CYLINDRICAL_SURFACE('',#1843,2.);
#114=CYLINDRICAL_SURFACE('',#1852,4.);
#115=CYLINDRICAL_SURFACE('',#1877,2.);
#116=CYLINDRICAL_SURFACE('',#1890,2.);
#117=CYLINDRICAL_SURFACE('',#1892,2.);
#118=CYLINDRICAL_SURFACE('',#1894,3.);
#119=CYLINDRICAL_SURFACE('',#1896,2.);
#120=CYLINDRICAL_SURFACE('',#1898,2.);
#121=CYLINDRICAL_SURFACE('',#1900,3.);
#122=CYLINDRICAL_SURFACE('',#1902,2.);
#123=CYLINDRICAL_SURFACE('',#1906,2.);
#124=CYLINDRICAL_SURFACE('',#1912,3.);
#125=CYLINDRICAL_SURFACE('',#1913,3.);
#126=CYLINDRICAL_SURFACE('',#1917,2.);
#127=CYLINDRICAL_SURFACE('',#1919,2.99999999999997);
#128=CYLINDRICAL_SURFACE('',#1921,3.);
#129=FACE_BOUND('',#488,.T.);
#130=FACE_BOUND('',#489,.T.);
#131=FACE_BOUND('',#586,.T.);
#132=FACE_BOUND('',#588,.T.);
#133=LINE('',#2500,#244);
#134=LINE('',#2502,#245);
#135=LINE('',#2506,#246);
#136=LINE('',#2510,#247);
#137=LINE('',#2514,#248);
#138=LINE('',#2516,#249);
#139=LINE('',#2518,#250);
#140=LINE('',#2520,#251);
#141=LINE('',#2521,#252);
#142=LINE('',#2526,#253);
#143=LINE('',#2536,#254);
#144=LINE('',#2567,#255);
#145=LINE('',#2568,#256);
#146=LINE('',#2584,#257);
#147=LINE('',#2586,#258);
#148=LINE('',#2610,#259);
#149=LINE('',#2612,#260);
#150=LINE('',#2616,#261);
#151=LINE('',#2625,#262);
#152=LINE('',#2627,#263);
#153=LINE('',#2628,#264);
#154=LINE('',#2640,#265);
#155=LINE('',#2641,#266);
#156=LINE('',#2649,#267);
#157=LINE('',#2650,#268);
#158=LINE('',#2652,#269);
#159=LINE('',#2653,#270);
#160=LINE('',#2662,#271);
#161=LINE('',#2664,#272);
#162=LINE('',#2667,#273);
#163=LINE('',#2668,#274);
#164=LINE('',#2670,#275);
#165=LINE('',#2674,#276);
#166=LINE('',#2682,#277);
#167=LINE('',#2690,#278);
#168=LINE('',#2696,#279);
#169=LINE('',#2698,#280);
#170=LINE('',#2699,#281);
#171=LINE('',#2702,#282);
#172=LINE('',#2704,#283);
#173=LINE('',#2710,#284);
#174=LINE('',#2711,#285);
#175=LINE('',#2719,#286);
#176=LINE('',#2720,#287);
#177=LINE('',#2722,#288);
#178=LINE('',#2723,#289);
#179=LINE('',#2726,#290);
#180=LINE('',#2730,#291);
#181=LINE('',#2732,#292);
#182=LINE('',#2735,#293);
#183=LINE('',#2737,#294);
#184=LINE('',#2738,#295);
#185=LINE('',#2786,#296);
#186=LINE('',#2787,#297);
#187=LINE('',#2792,#298);
#188=LINE('',#2793,#299);
#189=LINE('',#2801,#300);
#190=LINE('',#2802,#301);
#191=LINE('',#2804,#302);
#192=LINE('',#2805,#303);
#193=LINE('',#2807,#304);
#194=LINE('',#2808,#305);
#195=LINE('',#2813,#306);
#196=LINE('',#2814,#307);
#197=LINE('',#2849,#308);
#198=LINE('',#2851,#309);
#199=LINE('',#2854,#310);
#200=LINE('',#2855,#311);
#201=LINE('',#2857,#312);
#202=LINE('',#2860,#313);
#203=LINE('',#2864,#314);
#204=LINE('',#2866,#315);
#205=LINE('',#2868,#316);
#206=LINE('',#2869,#317);
#207=LINE('',#2872,#318);
#208=LINE('',#2876,#319);
#209=LINE('',#2877,#320);
#210=LINE('',#2880,#321);
#211=LINE('',#2883,#322);
#212=LINE('',#2885,#323);
#213=LINE('',#2888,#324);
#214=LINE('',#2889,#325);
#215=LINE('',#2892,#326);
#216=LINE('',#2893,#327);
#217=LINE('',#2896,#328);
#218=LINE('',#2897,#329);
#219=LINE('',#2901,#330);
#220=LINE('',#2904,#331);
#221=LINE('',#3055,#332);
#222=LINE('',#3057,#333);
#223=LINE('',#3059,#334);
#224=LINE('',#3067,#335);
#225=LINE('',#3070,#336);
#226=LINE('',#3214,#337);
#227=LINE('',#3218,#338);
#228=LINE('',#3221,#339);
#229=LINE('',#3225,#340);
#230=LINE('',#3230,#341);
#231=LINE('',#3233,#342);
#232=LINE('',#3236,#343);
#233=LINE('',#3240,#344);
#234=LINE('',#3244,#345);
#235=LINE('',#3245,#346);
#236=LINE('',#3247,#347);
#237=LINE('',#3254,#348);
#238=LINE('',#3258,#349);
#239=LINE('',#3260,#350);
#240=LINE('',#3262,#351);
#241=LINE('',#3297,#352);
#242=LINE('',#3310,#353);
#243=LINE('',#3312,#354);
#244=VECTOR('',#1937,10.);
#245=VECTOR('',#1938,10.);
#246=VECTOR('',#1941,10.);
#247=VECTOR('',#1944,10.);
#248=VECTOR('',#1947,10.);
#249=VECTOR('',#1948,10.);
#250=VECTOR('',#1949,10.);
#251=VECTOR('',#1950,10.);
#252=VECTOR('',#1951,10.);
#253=VECTOR('',#1956,1.625);
#254=VECTOR('',#1969,1.625);
#255=VECTOR('',#2006,10.);
#256=VECTOR('',#2007,10.);
#257=VECTOR('',#2026,10.);
#258=VECTOR('',#2027,10.);
#259=VECTOR('',#2056,10.);
#260=VECTOR('',#2057,10.);
#261=VECTOR('',#2062,10.);
#262=VECTOR('',#2075,10.);
#263=VECTOR('',#2078,10.);
#264=VECTOR('',#2079,10.);
#265=VECTOR('',#2092,10.);
#266=VECTOR('',#2093,10.);
#267=VECTOR('',#2104,10.);
#268=VECTOR('',#2105,10.);
#269=VECTOR('',#2108,10.);
#270=VECTOR('',#2109,10.);
#271=VECTOR('',#2120,10.);
#272=VECTOR('',#2121,10.);
#273=VECTOR('',#2126,10.);
#274=VECTOR('',#2127,10.);
#275=VECTOR('',#2130,10.);
#276=VECTOR('',#2135,10.);
#277=VECTOR('',#2146,10.);
#278=VECTOR('',#2157,10.);
#279=VECTOR('',#2166,10.);
#280=VECTOR('',#2169,10.);
#281=VECTOR('',#2170,10.);
#282=VECTOR('',#2173,10.);
#283=VECTOR('',#2174,10.);
#284=VECTOR('',#2181,10.);
#285=VECTOR('',#2182,10.);
#286=VECTOR('',#2193,10.);
#287=VECTOR('',#2194,10.);
#288=VECTOR('',#2197,10.);
#289=VECTOR('',#2198,10.);
#290=VECTOR('',#2201,10.);
#291=VECTOR('',#2206,10.);
#292=VECTOR('',#2207,10.);
#293=VECTOR('',#2212,10.);
#294=VECTOR('',#2215,10.);
#295=VECTOR('',#2216,10.);
#296=VECTOR('',#2225,10.);
#297=VECTOR('',#2226,10.);
#298=VECTOR('',#2231,10.);
#299=VECTOR('',#2232,10.);
#300=VECTOR('',#2243,10.);
#301=VECTOR('',#2244,10.);
#302=VECTOR('',#2247,10.);
#303=VECTOR('',#2248,10.);
#304=VECTOR('',#2251,10.);
#305=VECTOR('',#2252,10.);
#306=VECTOR('',#2257,10.);
#307=VECTOR('',#2258,10.);
#308=VECTOR('',#2265,10.);
#309=VECTOR('',#2266,10.);
#310=VECTOR('',#2271,10.);
#311=VECTOR('',#2272,10.);
#312=VECTOR('',#2275,10.);
#313=VECTOR('',#2278,10.);
#314=VECTOR('',#2281,10.);
#315=VECTOR('',#2282,10.);
#316=VECTOR('',#2283,10.);
#317=VECTOR('',#2284,10.);
#318=VECTOR('',#2287,10.);
#319=VECTOR('',#2292,10.);
#320=VECTOR('',#2293,10.);
#321=VECTOR('',#2296,10.);
#322=VECTOR('',#2301,10.);
#323=VECTOR('',#2304,10.);
#324=VECTOR('',#2307,10.);
#325=VECTOR('',#2308,10.);
#326=VECTOR('',#2311,10.);
#327=VECTOR('',#2312,10.);
#328=VECTOR('',#2315,10.);
#329=VECTOR('',#2316,10.);
#330=VECTOR('',#2323,10.);
#331=VECTOR('',#2328,10.);
#332=VECTOR('',#2365,10.);
#333=VECTOR('',#2366,10.);
#334=VECTOR('',#2367,10.);
#335=VECTOR('',#2374,10.);
#336=VECTOR('',#2377,10.);
#337=VECTOR('',#2406,10.);
#338=VECTOR('',#2411,10.);
#339=VECTOR('',#2414,10.);
#340=VECTOR('',#2419,10.);
#341=VECTOR('',#2426,10.);
#342=VECTOR('',#2429,10.);
#343=VECTOR('',#2432,10.);
#344=VECTOR('',#2437,10.);
#345=VECTOR('',#2442,10.);
#346=VECTOR('',#2443,10.);
#347=VECTOR('',#2444,10.);
#348=VECTOR('',#2455,10.);
#349=VECTOR('',#2460,10.);
#350=VECTOR('',#2463,10.);
#351=VECTOR('',#2466,10.);
#352=VECTOR('',#2475,10.);
#353=VECTOR('',#2482,10.);
#354=VECTOR('',#2485,10.);
#355=PLANE('',#1702);
#356=PLANE('',#1837);
#357=PLANE('',#1838);
#358=PLANE('',#1842);
#359=PLANE('',#1845);
#360=PLANE('',#1846);
#361=PLANE('',#1847);
#362=PLANE('',#1848);
#363=PLANE('',#1849);
#364=PLANE('',#1850);
#365=PLANE('',#1851);
#366=PLANE('',#1853);
#367=PLANE('',#1854);
#368=PLANE('',#1855);
#369=PLANE('',#1856);
#370=PLANE('',#1857);
#371=PLANE('',#1872);
#372=PLANE('',#1904);
#373=PLANE('',#1908);
#374=PLANE('',#1910);
#375=PLANE('',#1920);
#376=PLANE('',#1922);
#377=FACE_OUTER_BOUND('',#486,.T.);
#378=FACE_OUTER_BOUND('',#487,.T.);
#379=FACE_OUTER_BOUND('',#490,.T.);
#380=FACE_OUTER_BOUND('',#491,.T.);
#381=FACE_OUTER_BOUND('',#492,.T.);
#382=FACE_OUTER_BOUND('',#493,.T.);
#383=FACE_OUTER_BOUND('',#494,.T.);
#384=FACE_OUTER_BOUND('',#495,.T.);
#385=FACE_OUTER_BOUND('',#496,.T.);
#386=FACE_OUTER_BOUND('',#497,.T.);
#387=FACE_OUTER_BOUND('',#498,.T.);
#388=FACE_OUTER_BOUND('',#499,.T.);
#389=FACE_OUTER_BOUND('',#500,.T.);
#390=FACE_OUTER_BOUND('',#501,.T.);
#391=FACE_OUTER_BOUND('',#502,.T.);
#392=FACE_OUTER_BOUND('',#503,.T.);
#393=FACE_OUTER_BOUND('',#504,.T.);
#394=FACE_OUTER_BOUND('',#505,.T.);
#395=FACE_OUTER_BOUND('',#506,.T.);
#396=FACE_OUTER_BOUND('',#507,.T.);
#397=FACE_OUTER_BOUND('',#508,.T.);
#398=FACE_OUTER_BOUND('',#509,.T.);
#399=FACE_OUTER_BOUND('',#510,.T.);
#400=FACE_OUTER_BOUND('',#511,.T.);
#401=FACE_OUTER_BOUND('',#512,.T.);
#402=FACE_OUTER_BOUND('',#513,.T.);
#403=FACE_OUTER_BOUND('',#514,.T.);
#404=FACE_OUTER_BOUND('',#515,.T.);
#405=FACE_OUTER_BOUND('',#516,.T.);
#406=FACE_OUTER_BOUND('',#517,.T.);
#407=FACE_OUTER_BOUND('',#518,.T.);
#408=FACE_OUTER_BOUND('',#519,.T.);
#409=FACE_OUTER_BOUND('',#520,.T.);
#410=FACE_OUTER_BOUND('',#521,.T.);
#411=FACE_OUTER_BOUND('',#522,.T.);
#412=FACE_OUTER_BOUND('',#523,.T.);
#413=FACE_OUTER_BOUND('',#524,.T.);
#414=FACE_OUTER_BOUND('',#525,.T.);
#415=FACE_OUTER_BOUND('',#526,.T.);
#416=FACE_OUTER_BOUND('',#527,.T.);
#417=FACE_OUTER_BOUND('',#528,.T.);
#418=FACE_OUTER_BOUND('',#529,.T.);
#419=FACE_OUTER_BOUND('',#530,.T.);
#420=FACE_OUTER_BOUND('',#531,.T.);
#421=FACE_OUTER_BOUND('',#532,.T.);
#422=FACE_OUTER_BOUND('',#533,.T.);
#423=FACE_OUTER_BOUND('',#534,.T.);
#424=FACE_OUTER_BOUND('',#535,.T.);
#425=FACE_OUTER_BOUND('',#536,.T.);
#426=FACE_OUTER_BOUND('',#537,.T.);
#427=FACE_OUTER_BOUND('',#538,.T.);
#428=FACE_OUTER_BOUND('',#539,.T.);
#429=FACE_OUTER_BOUND('',#540,.T.);
#430=FACE_OUTER_BOUND('',#541,.T.);
#431=FACE_OUTER_BOUND('',#542,.T.);
#432=FACE_OUTER_BOUND('',#543,.T.);
#433=FACE_OUTER_BOUND('',#544,.T.);
#434=FACE_OUTER_BOUND('',#545,.T.);
#435=FACE_OUTER_BOUND('',#546,.T.);
#436=FACE_OUTER_BOUND('',#547,.T.);
#437=FACE_OUTER_BOUND('',#548,.T.);
#438=FACE_OUTER_BOUND('',#549,.T.);
#439=FACE_OUTER_BOUND('',#550,.T.);
#440=FACE_OUTER_BOUND('',#551,.T.);
#441=FACE_OUTER_BOUND('',#552,.T.);
#442=FACE_OUTER_BOUND('',#553,.T.);
#443=FACE_OUTER_BOUND('',#554,.T.);
#444=FACE_OUTER_BOUND('',#555,.T.);
#445=FACE_OUTER_BOUND('',#556,.T.);
#446=FACE_OUTER_BOUND('',#557,.T.);
#447=FACE_OUTER_BOUND('',#558,.T.);
#448=FACE_OUTER_BOUND('',#559,.T.);
#449=FACE_OUTER_BOUND('',#560,.T.);
#450=FACE_OUTER_BOUND('',#561,.T.);
#451=FACE_OUTER_BOUND('',#562,.T.);
#452=FACE_OUTER_BOUND('',#563,.T.);
#453=FACE_OUTER_BOUND('',#564,.T.);
#454=FACE_OUTER_BOUND('',#565,.T.);
#455=FACE_OUTER_BOUND('',#566,.T.);
#456=FACE_OUTER_BOUND('',#567,.T.);
#457=FACE_OUTER_BOUND('',#568,.T.);
#458=FACE_OUTER_BOUND('',#569,.T.);
#459=FACE_OUTER_BOUND('',#570,.T.);
#460=FACE_OUTER_BOUND('',#571,.T.);
#461=FACE_OUTER_BOUND('',#572,.T.);
#462=FACE_OUTER_BOUND('',#573,.T.);
#463=FACE_OUTER_BOUND('',#574,.T.);
#464=FACE_OUTER_BOUND('',#575,.T.);
#465=FACE_OUTER_BOUND('',#576,.T.);
#466=FACE_OUTER_BOUND('',#577,.T.);
#467=FACE_OUTER_BOUND('',#578,.T.);
#468=FACE_OUTER_BOUND('',#579,.T.);
#469=FACE_OUTER_BOUND('',#580,.T.);
#470=FACE_OUTER_BOUND('',#581,.T.);
#471=FACE_OUTER_BOUND('',#582,.T.);
#472=FACE_OUTER_BOUND('',#583,.T.);
#473=FACE_OUTER_BOUND('',#584,.T.);
#474=FACE_OUTER_BOUND('',#585,.T.);
#475=FACE_OUTER_BOUND('',#587,.T.);
#476=FACE_OUTER_BOUND('',#589,.T.);
#477=FACE_OUTER_BOUND('',#590,.T.);
#478=FACE_OUTER_BOUND('',#591,.T.);
#479=FACE_OUTER_BOUND('',#592,.T.);
#480=FACE_OUTER_BOUND('',#593,.T.);
#481=FACE_OUTER_BOUND('',#594,.T.);
#482=FACE_OUTER_BOUND('',#595,.T.);
#483=FACE_OUTER_BOUND('',#596,.T.);
#484=FACE_OUTER_BOUND('',#597,.T.);
#485=FACE_OUTER_BOUND('',#598,.T.);
#486=EDGE_LOOP('',(#1078,#1079,#1080,#1081,#1082));
#487=EDGE_LOOP('',(#1083,#1084,#1085,#1086,#1087,#1088,#1089,#1090,#1091,
#1092,#1093,#1094));
#488=EDGE_LOOP('',(#1095));
#489=EDGE_LOOP('',(#1096));
#490=EDGE_LOOP('',(#1097,#1098,#1099,#1100,#1101));
#491=EDGE_LOOP('',(#1102,#1103,#1104,#1105,#1106));
#492=EDGE_LOOP('',(#1107,#1108,#1109,#1110,#1111));
#493=EDGE_LOOP('',(#1112,#1113,#1114));
#494=EDGE_LOOP('',(#1115,#1116,#1117));
#495=EDGE_LOOP('',(#1118,#1119,#1120));
#496=EDGE_LOOP('',(#1121,#1122,#1123));
#497=EDGE_LOOP('',(#1124,#1125,#1126,#1127));
#498=EDGE_LOOP('',(#1128,#1129,#1130));
#499=EDGE_LOOP('',(#1131,#1132,#1133));
#500=EDGE_LOOP('',(#1134,#1135,#1136,#1137));
#501=EDGE_LOOP('',(#1138,#1139,#1140));
#502=EDGE_LOOP('',(#1141,#1142,#1143));
#503=EDGE_LOOP('',(#1144,#1145,#1146));
#504=EDGE_LOOP('',(#1147,#1148,#1149,#1150));
#505=EDGE_LOOP('',(#1151,#1152,#1153,#1154));
#506=EDGE_LOOP('',(#1155,#1156,#1157));
#507=EDGE_LOOP('',(#1158,#1159,#1160,#1161));
#508=EDGE_LOOP('',(#1162,#1163,#1164,#1165));
#509=EDGE_LOOP('',(#1166,#1167,#1168));
#510=EDGE_LOOP('',(#1169,#1170,#1171,#1172));
#511=EDGE_LOOP('',(#1173,#1174,#1175,#1176));
#512=EDGE_LOOP('',(#1177,#1178,#1179,#1180));
#513=EDGE_LOOP('',(#1181,#1182,#1183,#1184));
#514=EDGE_LOOP('',(#1185,#1186,#1187));
#515=EDGE_LOOP('',(#1188,#1189,#1190,#1191));
#516=EDGE_LOOP('',(#1192,#1193,#1194,#1195));
#517=EDGE_LOOP('',(#1196,#1197,#1198,#1199));
#518=EDGE_LOOP('',(#1200,#1201,#1202,#1203));
#519=EDGE_LOOP('',(#1204,#1205,#1206,#1207));
#520=EDGE_LOOP('',(#1208,#1209,#1210,#1211));
#521=EDGE_LOOP('',(#1212,#1213,#1214,#1215));
#522=EDGE_LOOP('',(#1216,#1217,#1218,#1219));
#523=EDGE_LOOP('',(#1220,#1221,#1222,#1223));
#524=EDGE_LOOP('',(#1224,#1225,#1226,#1227));
#525=EDGE_LOOP('',(#1228,#1229,#1230,#1231));
#526=EDGE_LOOP('',(#1232,#1233,#1234,#1235));
#527=EDGE_LOOP('',(#1236,#1237,#1238,#1239));
#528=EDGE_LOOP('',(#1240,#1241,#1242,#1243));
#529=EDGE_LOOP('',(#1244,#1245,#1246,#1247));
#530=EDGE_LOOP('',(#1248,#1249,#1250,#1251));
#531=EDGE_LOOP('',(#1252,#1253,#1254,#1255));
#532=EDGE_LOOP('',(#1256,#1257,#1258,#1259));
#533=EDGE_LOOP('',(#1260,#1261,#1262,#1263));
#534=EDGE_LOOP('',(#1264,#1265,#1266,#1267));
#535=EDGE_LOOP('',(#1268,#1269,#1270,#1271));
#536=EDGE_LOOP('',(#1272,#1273,#1274,#1275));
#537=EDGE_LOOP('',(#1276,#1277,#1278,#1279));
#538=EDGE_LOOP('',(#1280,#1281,#1282,#1283));
#539=EDGE_LOOP('',(#1284,#1285,#1286,#1287));
#540=EDGE_LOOP('',(#1288,#1289,#1290,#1291));
#541=EDGE_LOOP('',(#1292,#1293,#1294,#1295));
#542=EDGE_LOOP('',(#1296,#1297,#1298,#1299));
#543=EDGE_LOOP('',(#1300,#1301,#1302,#1303));
#544=EDGE_LOOP('',(#1304,#1305,#1306,#1307));
#545=EDGE_LOOP('',(#1308,#1309,#1310,#1311));
#546=EDGE_LOOP('',(#1312,#1313,#1314,#1315));
#547=EDGE_LOOP('',(#1316,#1317,#1318,#1319,#1320,#1321,#1322,#1323,#1324,
#1325));
#548=EDGE_LOOP('',(#1326,#1327,#1328,#1329));
#549=EDGE_LOOP('',(#1330,#1331,#1332,#1333,#1334,#1335,#1336,#1337));
#550=EDGE_LOOP('',(#1338,#1339,#1340,#1341));
#551=EDGE_LOOP('',(#1342,#1343,#1344,#1345));
#552=EDGE_LOOP('',(#1346,#1347,#1348,#1349));
#553=EDGE_LOOP('',(#1350,#1351,#1352,#1353,#1354,#1355));
#554=EDGE_LOOP('',(#1356,#1357,#1358,#1359,#1360,#1361));
#555=EDGE_LOOP('',(#1362,#1363,#1364,#1365,#1366,#1367));
#556=EDGE_LOOP('',(#1368,#1369,#1370,#1371,#1372,#1373,#1374));
#557=EDGE_LOOP('',(#1375,#1376,#1377,#1378,#1379,#1380,#1381));
#558=EDGE_LOOP('',(#1382,#1383,#1384,#1385,#1386));
#559=EDGE_LOOP('',(#1387,#1388,#1389,#1390));
#560=EDGE_LOOP('',(#1391,#1392,#1393,#1394,#1395,#1396));
#561=EDGE_LOOP('',(#1397,#1398,#1399,#1400,#1401));
#562=EDGE_LOOP('',(#1402,#1403,#1404,#1405));
#563=EDGE_LOOP('',(#1406,#1407,#1408,#1409));
#564=EDGE_LOOP('',(#1410,#1411,#1412));
#565=EDGE_LOOP('',(#1413,#1414,#1415,#1416));
#566=EDGE_LOOP('',(#1417,#1418,#1419,#1420));
#567=EDGE_LOOP('',(#1421,#1422,#1423,#1424));
#568=EDGE_LOOP('',(#1425,#1426,#1427));
#569=EDGE_LOOP('',(#1428,#1429,#1430,#1431,#1432,#1433,#1434,#1435,#1436,
#1437,#1438,#1439));
#570=EDGE_LOOP('',(#1440,#1441,#1442,#1443));
#571=EDGE_LOOP('',(#1444,#1445,#1446));
#572=EDGE_LOOP('',(#1447,#1448,#1449,#1450));
#573=EDGE_LOOP('',(#1451,#1452,#1453,#1454));
#574=EDGE_LOOP('',(#1455,#1456,#1457,#1458));
#575=EDGE_LOOP('',(#1459,#1460,#1461));
#576=EDGE_LOOP('',(#1462,#1463,#1464,#1465));
#577=EDGE_LOOP('',(#1466,#1467,#1468,#1469,#1470));
#578=EDGE_LOOP('',(#1471,#1472,#1473,#1474));
#579=EDGE_LOOP('',(#1475,#1476,#1477,#1478,#1479));
#580=EDGE_LOOP('',(#1480,#1481,#1482,#1483,#1484));
#581=EDGE_LOOP('',(#1485,#1486,#1487,#1488));
#582=EDGE_LOOP('',(#1489,#1490,#1491,#1492,#1493));
#583=EDGE_LOOP('',(#1494,#1495,#1496,#1497,#1498,#1499,#1500,#1501,#1502,
#1503));
#584=EDGE_LOOP('',(#1504,#1505,#1506,#1507));
#585=EDGE_LOOP('',(#1508,#1509,#1510,#1511,#1512,#1513));
#586=EDGE_LOOP('',(#1514));
#587=EDGE_LOOP('',(#1515,#1516,#1517,#1518,#1519,#1520));
#588=EDGE_LOOP('',(#1521));
#589=EDGE_LOOP('',(#1522,#1523,#1524,#1525));
#590=EDGE_LOOP('',(#1526,#1527,#1528,#1529));
#591=EDGE_LOOP('',(#1530,#1531,#1532,#1533));
#592=EDGE_LOOP('',(#1534,#1535,#1536,#1537));
#593=EDGE_LOOP('',(#1538,#1539,#1540,#1541));
#594=EDGE_LOOP('',(#1542,#1543,#1544,#1545));
#595=EDGE_LOOP('',(#1546,#1547,#1548,#1549));
#596=EDGE_LOOP('',(#1550,#1551,#1552,#1553,#1554,#1555));
#597=EDGE_LOOP('',(#1556,#1557,#1558,#1559));
#598=EDGE_LOOP('',(#1560,#1561,#1562,#1563,#1564,#1565));
#599=CIRCLE('',#1698,1.625);
#600=CIRCLE('',#1699,0.5);
#601=CIRCLE('',#1700,2.125);
#602=CIRCLE('',#1701,1.625);
#603=CIRCLE('',#1703,2.5);
#604=CIRCLE('',#1704,2.5);
#605=CIRCLE('',#1705,2.5);
#606=CIRCLE('',#1706,2.125);
#607=CIRCLE('',#1708,1.625);
#608=CIRCLE('',#1710,1.625);
#609=CIRCLE('',#1711,0.5);
#610=CIRCLE('',#1712,1.625);
#611=CIRCLE('',#1714,1.625);
#612=CIRCLE('',#1716,0.500000000000002);
#613=CIRCLE('',#1717,0.500000000000002);
#614=CIRCLE('',#1718,0.5);
#615=CIRCLE('',#1720,0.499999999999999);
#616=CIRCLE('',#1721,0.5);
#617=CIRCLE('',#1722,0.5);
#618=CIRCLE('',#1724,0.5);
#619=CIRCLE('',#1725,0.499999999999998);
#620=CIRCLE('',#1726,0.500000000000002);
#621=CIRCLE('',#1728,0.5);
#622=CIRCLE('',#1729,0.5);
#623=CIRCLE('',#1730,0.499999999999998);
#624=CIRCLE('',#1733,0.499999999999998);
#625=CIRCLE('',#1734,0.5);
#626=CIRCLE('',#1735,0.499999999999999);
#627=CIRCLE('',#1737,0.5);
#628=CIRCLE('',#1738,0.499999999999998);
#629=CIRCLE('',#1739,0.5);
#630=CIRCLE('',#1743,0.5);
#631=CIRCLE('',#1744,0.499999999999989);
#632=CIRCLE('',#1745,0.5);
#633=CIRCLE('',#1747,0.500000000000003);
#634=CIRCLE('',#1748,0.5);
#635=CIRCLE('',#1749,0.5);
#636=CIRCLE('',#1751,0.5);
#637=CIRCLE('',#1752,0.5);
#638=CIRCLE('',#1753,0.499999999999998);
#639=CIRCLE('',#1759,0.499999999999998);
#640=CIRCLE('',#1760,0.5);
#641=CIRCLE('',#1761,0.499999999999998);
#642=CIRCLE('',#1765,0.499999999999998);
#643=CIRCLE('',#1766,0.5);
#644=CIRCLE('',#1767,0.500000000000002);
#645=CIRCLE('',#1769,0.499999999999998);
#646=CIRCLE('',#1771,0.499999999999998);
#647=CIRCLE('',#1772,1.5);
#648=CIRCLE('',#1773,2.);
#649=CIRCLE('',#1777,0.499999999999998);
#650=CIRCLE('',#1778,0.5);
#651=CIRCLE('',#1779,0.499999999999998);
#652=CIRCLE('',#1785,0.500000000000003);
#653=CIRCLE('',#1787,0.499999999999998);
#654=CIRCLE('',#1788,3.);
#655=CIRCLE('',#1790,0.500000000000003);
#656=CIRCLE('',#1792,0.499999999999998);
#657=CIRCLE('',#1793,3.);
#658=CIRCLE('',#1795,0.499999999999998);
#659=CIRCLE('',#1797,0.499999999999998);
#660=CIRCLE('',#1798,3.);
#661=CIRCLE('',#1804,0.500000000000007);
#662=CIRCLE('',#1806,0.499999999999998);
#663=CIRCLE('',#1807,4.);
#664=CIRCLE('',#1808,4.5);
#665=CIRCLE('',#1818,0.499999999999999);
#666=CIRCLE('',#1822,0.5);
#667=CIRCLE('',#1824,0.5);
#668=CIRCLE('',#1825,2.);
#669=CIRCLE('',#1826,1.5);
#670=CIRCLE('',#1831,0.499999999999997);
#671=CIRCLE('',#1839,0.999999999999968);
#672=CIRCLE('',#1841,2.00000000000012);
#673=CIRCLE('',#1844,2.);
#674=CIRCLE('',#1858,0.500000000000004);
#675=CIRCLE('',#1861,0.500000000000005);
#676=CIRCLE('',#1864,0.500000000000003);
#677=CIRCLE('',#1867,0.500000000000002);
#678=CIRCLE('',#1878,2.);
#679=CIRCLE('',#1879,0.500000000000037);
#680=CIRCLE('',#1882,0.500000000000005);
#681=CIRCLE('',#1884,0.500000000000003);
#682=CIRCLE('',#1886,0.5);
#683=CIRCLE('',#1891,2.);
#684=CIRCLE('',#1893,2.);
#685=CIRCLE('',#1895,3.);
#686=CIRCLE('',#1897,2.);
#687=CIRCLE('',#1899,2.);
#688=CIRCLE('',#1901,3.);
#689=CIRCLE('',#1903,2.);
#690=CIRCLE('',#1905,0.999999999999968);
#691=CIRCLE('',#1907,1.99999999999988);
#692=CIRCLE('',#1909,3.);
#693=CIRCLE('',#1911,3.);
#694=CIRCLE('',#1914,2.99999999999997);
#695=CIRCLE('',#1915,2.);
#696=CIRCLE('',#1918,2.99999999999997);
#697=VERTEX_POINT('',#2490);
#698=VERTEX_POINT('',#2491);
#699=VERTEX_POINT('',#2493);
#700=VERTEX_POINT('',#2498);
#701=VERTEX_POINT('',#2499);
#702=VERTEX_POINT('',#2501);
#703=VERTEX_POINT('',#2503);
#704=VERTEX_POINT('',#2505);
#705=VERTEX_POINT('',#2507);
#706=VERTEX_POINT('',#2509);
#707=VERTEX_POINT('',#2511);
#708=VERTEX_POINT('',#2513);
#709=VERTEX_POINT('',#2515);
#710=VERTEX_POINT('',#2517);
#711=VERTEX_POINT('',#2519);
#712=VERTEX_POINT('',#2522);
#713=VERTEX_POINT('',#2525);
#714=VERTEX_POINT('',#2529);
#715=VERTEX_POINT('',#2530);
#716=VERTEX_POINT('',#2535);
#717=VERTEX_POINT('',#2539);
#718=VERTEX_POINT('',#2540);
#719=VERTEX_POINT('',#2542);
#720=VERTEX_POINT('',#2546);
#721=VERTEX_POINT('',#2547);
#722=VERTEX_POINT('',#2549);
#723=VERTEX_POINT('',#2553);
#724=VERTEX_POINT('',#2554);
#725=VERTEX_POINT('',#2556);
#726=VERTEX_POINT('',#2560);
#727=VERTEX_POINT('',#2561);
#728=VERTEX_POINT('',#2563);
#729=VERTEX_POINT('',#2570);
#730=VERTEX_POINT('',#2571);
#731=VERTEX_POINT('',#2573);
#732=VERTEX_POINT('',#2577);
#733=VERTEX_POINT('',#2578);
#734=VERTEX_POINT('',#2583);
#735=VERTEX_POINT('',#2585);
#736=VERTEX_POINT('',#2589);
#737=VERTEX_POINT('',#2590);
#738=VERTEX_POINT('',#2592);
#739=VERTEX_POINT('',#2596);
#740=VERTEX_POINT('',#2597);
#741=VERTEX_POINT('',#2599);
#742=VERTEX_POINT('',#2603);
#743=VERTEX_POINT('',#2605);
#744=VERTEX_POINT('',#2609);
#745=VERTEX_POINT('',#2611);
#746=VERTEX_POINT('',#2615);
#747=VERTEX_POINT('',#2619);
#748=VERTEX_POINT('',#2621);
#749=VERTEX_POINT('',#2630);
#750=VERTEX_POINT('',#2631);
#751=VERTEX_POINT('',#2633);
#752=VERTEX_POINT('',#2637);
#753=VERTEX_POINT('',#2638);
#754=VERTEX_POINT('',#2643);
#755=VERTEX_POINT('',#2644);
#756=VERTEX_POINT('',#2655);
#757=VERTEX_POINT('',#2657);
#758=VERTEX_POINT('',#2661);
#759=VERTEX_POINT('',#2663);
#760=VERTEX_POINT('',#2672);
#761=VERTEX_POINT('',#2676);
#762=VERTEX_POINT('',#2680);
#763=VERTEX_POINT('',#2684);
#764=VERTEX_POINT('',#2688);
#765=VERTEX_POINT('',#2692);
#766=VERTEX_POINT('',#2701);
#767=VERTEX_POINT('',#2703);
#768=VERTEX_POINT('',#2707);
#769=VERTEX_POINT('',#2708);
#770=VERTEX_POINT('',#2713);
#771=VERTEX_POINT('',#2714);
#772=VERTEX_POINT('',#2725);
#773=VERTEX_POINT('',#2729);
#774=VERTEX_POINT('',#2731);
#775=VERTEX_POINT('',#2764);
#776=VERTEX_POINT('',#2765);
#777=VERTEX_POINT('',#2767);
#778=VERTEX_POINT('',#2769);
#779=VERTEX_POINT('',#2789);
#780=VERTEX_POINT('',#2790);
#781=VERTEX_POINT('',#2795);
#782=VERTEX_POINT('',#2796);
#783=VERTEX_POINT('',#2810);
#784=VERTEX_POINT('',#2811);
#785=VERTEX_POINT('',#2848);
#786=VERTEX_POINT('',#2850);
#787=VERTEX_POINT('',#2859);
#788=VERTEX_POINT('',#2861);
#789=VERTEX_POINT('',#2863);
#790=VERTEX_POINT('',#2865);
#791=VERTEX_POINT('',#2867);
#792=VERTEX_POINT('',#2871);
#793=VERTEX_POINT('',#2875);
#794=VERTEX_POINT('',#2879);
#795=VERTEX_POINT('',#2887);
#796=VERTEX_POINT('',#2891);
#797=VERTEX_POINT('',#2895);
#798=VERTEX_POINT('',#2928);
#799=VERTEX_POINT('',#2929);
#800=VERTEX_POINT('',#2949);
#801=VERTEX_POINT('',#2950);
#802=VERTEX_POINT('',#2996);
#803=VERTEX_POINT('',#2997);
#804=VERTEX_POINT('',#3025);
#805=VERTEX_POINT('',#3026);
#806=VERTEX_POINT('',#3050);
#807=VERTEX_POINT('',#3054);
#808=VERTEX_POINT('',#3056);
#809=VERTEX_POINT('',#3058);
#810=VERTEX_POINT('',#3060);
#811=VERTEX_POINT('',#3062);
#812=VERTEX_POINT('',#3064);
#813=VERTEX_POINT('',#3066);
#814=VERTEX_POINT('',#3068);
#815=VERTEX_POINT('',#3093);
#816=VERTEX_POINT('',#3095);
#817=VERTEX_POINT('',#3122);
#818=VERTEX_POINT('',#3167);
#819=VERTEX_POINT('',#3186);
#820=VERTEX_POINT('',#3209);
#821=VERTEX_POINT('',#3213);
#822=VERTEX_POINT('',#3217);
#823=VERTEX_POINT('',#3219);
#824=VERTEX_POINT('',#3223);
#825=VERTEX_POINT('',#3229);
#826=VERTEX_POINT('',#3231);
#827=VERTEX_POINT('',#3235);
#828=VERTEX_POINT('',#3239);
#829=VERTEX_POINT('',#3243);
#830=VERTEX_POINT('',#3246);
#831=VERTEX_POINT('',#3252);
#832=VERTEX_POINT('',#3256);
#833=VERTEX_POINT('',#3293);
#834=EDGE_CURVE('',#697,#698,#599,.T.);
#835=EDGE_CURVE('',#698,#699,#600,.T.);
#836=EDGE_CURVE('',#699,#699,#601,.T.);
#837=EDGE_CURVE('',#698,#697,#602,.T.);
#838=EDGE_CURVE('',#700,#701,#133,.T.);
#839=EDGE_CURVE('',#702,#700,#134,.T.);
#840=EDGE_CURVE('',#703,#702,#603,.T.);
#841=EDGE_CURVE('',#704,#703,#135,.T.);
#842=EDGE_CURVE('',#705,#704,#604,.T.);
#843=EDGE_CURVE('',#706,#705,#136,.T.);
#844=EDGE_CURVE('',#707,#706,#605,.T.);
#845=EDGE_CURVE('',#708,#707,#137,.T.);
#846=EDGE_CURVE('',#709,#708,#138,.T.);
#847=EDGE_CURVE('',#710,#709,#139,.T.);
#848=EDGE_CURVE('',#711,#710,#140,.T.);
#849=EDGE_CURVE('',#701,#711,#141,.T.);
#850=EDGE_CURVE('',#712,#712,#606,.T.);
#851=EDGE_CURVE('',#697,#713,#142,.T.);
#852=EDGE_CURVE('',#713,#713,#607,.T.);
#853=EDGE_CURVE('',#714,#715,#608,.T.);
#854=EDGE_CURVE('',#715,#712,#609,.T.);
#855=EDGE_CURVE('',#715,#714,#610,.T.);
#856=EDGE_CURVE('',#714,#716,#143,.T.);
#857=EDGE_CURVE('',#716,#716,#611,.T.);
#858=EDGE_CURVE('',#717,#718,#612,.F.);
#859=EDGE_CURVE('',#719,#717,#613,.F.);
#860=EDGE_CURVE('',#718,#719,#614,.F.);
#861=EDGE_CURVE('',#720,#721,#615,.F.);
#862=EDGE_CURVE('',#722,#720,#616,.F.);
#863=EDGE_CURVE('',#721,#722,#617,.F.);
#864=EDGE_CURVE('',#723,#724,#618,.F.);
#865=EDGE_CURVE('',#725,#723,#619,.F.);
#866=EDGE_CURVE('',#724,#725,#620,.F.);
#867=EDGE_CURVE('',#726,#727,#621,.F.);
#868=EDGE_CURVE('',#728,#726,#622,.F.);
#869=EDGE_CURVE('',#727,#728,#623,.F.);
#870=EDGE_CURVE('',#726,#721,#144,.T.);
#871=EDGE_CURVE('',#722,#728,#145,.T.);
#872=EDGE_CURVE('',#729,#730,#624,.F.);
#873=EDGE_CURVE('',#731,#729,#625,.F.);
#874=EDGE_CURVE('',#730,#731,#626,.F.);
#875=EDGE_CURVE('',#732,#733,#627,.F.);
#876=EDGE_CURVE('',#701,#732,#628,.F.);
#877=EDGE_CURVE('',#733,#701,#629,.F.);
#878=EDGE_CURVE('',#734,#724,#146,.T.);
#879=EDGE_CURVE('',#725,#735,#147,.T.);
#880=EDGE_CURVE('',#735,#734,#31,.T.);
#881=EDGE_CURVE('',#736,#737,#630,.F.);
#882=EDGE_CURVE('',#738,#736,#631,.F.);
#883=EDGE_CURVE('',#737,#738,#632,.F.);
#884=EDGE_CURVE('',#739,#740,#633,.F.);
#885=EDGE_CURVE('',#741,#739,#634,.F.);
#886=EDGE_CURVE('',#740,#741,#635,.F.);
#887=EDGE_CURVE('',#742,#709,#636,.F.);
#888=EDGE_CURVE('',#743,#742,#637,.F.);
#889=EDGE_CURVE('',#709,#743,#638,.F.);
#890=EDGE_CURVE('',#744,#743,#148,.T.);
#891=EDGE_CURVE('',#742,#745,#149,.T.);
#892=EDGE_CURVE('',#745,#744,#32,.T.);
#893=EDGE_CURVE('',#743,#746,#150,.T.);
#894=EDGE_CURVE('',#746,#710,#33,.T.);
#895=EDGE_CURVE('',#700,#747,#639,.F.);
#896=EDGE_CURVE('',#748,#700,#640,.F.);
#897=EDGE_CURVE('',#747,#748,#641,.F.);
#898=EDGE_CURVE('',#732,#748,#151,.T.);
#899=EDGE_CURVE('',#735,#747,#152,.T.);
#900=EDGE_CURVE('',#748,#734,#153,.T.);
#901=EDGE_CURVE('',#749,#750,#642,.F.);
#902=EDGE_CURVE('',#751,#749,#643,.F.);
#903=EDGE_CURVE('',#750,#751,#644,.F.);
#904=EDGE_CURVE('',#752,#753,#645,.T.);
#905=EDGE_CURVE('',#753,#751,#154,.T.);
#906=EDGE_CURVE('',#749,#752,#155,.T.);
#907=EDGE_CURVE('',#754,#755,#646,.T.);
#908=EDGE_CURVE('',#755,#753,#647,.T.);
#909=EDGE_CURVE('',#752,#754,#648,.T.);
#910=EDGE_CURVE('',#754,#738,#156,.T.);
#911=EDGE_CURVE('',#736,#755,#157,.T.);
#912=EDGE_CURVE('',#751,#741,#158,.T.);
#913=EDGE_CURVE('',#739,#750,#159,.T.);
#914=EDGE_CURVE('',#756,#708,#649,.F.);
#915=EDGE_CURVE('',#757,#756,#650,.F.);
#916=EDGE_CURVE('',#708,#757,#651,.F.);
#917=EDGE_CURVE('',#758,#749,#160,.T.);
#918=EDGE_CURVE('',#750,#759,#161,.T.);
#919=EDGE_CURVE('',#759,#758,#34,.T.);
#920=EDGE_CURVE('',#759,#757,#162,.T.);
#921=EDGE_CURVE('',#756,#758,#163,.T.);
#922=EDGE_CURVE('',#757,#742,#164,.T.);
#923=EDGE_CURVE('',#707,#760,#652,.T.);
#924=EDGE_CURVE('',#760,#756,#165,.T.);
#925=EDGE_CURVE('',#706,#761,#653,.T.);
#926=EDGE_CURVE('',#761,#760,#654,.T.);
#927=EDGE_CURVE('',#705,#762,#655,.T.);
#928=EDGE_CURVE('',#762,#761,#166,.T.);
#929=EDGE_CURVE('',#704,#763,#656,.T.);
#930=EDGE_CURVE('',#763,#762,#657,.T.);
#931=EDGE_CURVE('',#703,#764,#658,.T.);
#932=EDGE_CURVE('',#764,#763,#167,.T.);
#933=EDGE_CURVE('',#702,#765,#659,.T.);
#934=EDGE_CURVE('',#765,#764,#660,.T.);
#935=EDGE_CURVE('',#747,#765,#168,.T.);
#936=EDGE_CURVE('',#745,#739,#169,.T.);
#937=EDGE_CURVE('',#740,#744,#170,.T.);
#938=EDGE_CURVE('',#766,#740,#171,.T.);
#939=EDGE_CURVE('',#741,#767,#172,.T.);
#940=EDGE_CURVE('',#767,#766,#35,.T.);
#941=EDGE_CURVE('',#768,#769,#661,.T.);
#942=EDGE_CURVE('',#769,#737,#173,.T.);
#943=EDGE_CURVE('',#738,#768,#174,.T.);
#944=EDGE_CURVE('',#770,#771,#662,.T.);
#945=EDGE_CURVE('',#771,#769,#663,.T.);
#946=EDGE_CURVE('',#768,#770,#664,.T.);
#947=EDGE_CURVE('',#770,#727,#175,.T.);
#948=EDGE_CURVE('',#728,#771,#176,.T.);
#949=EDGE_CURVE('',#731,#736,#177,.T.);
#950=EDGE_CURVE('',#737,#730,#178,.T.);
#951=EDGE_CURVE('',#772,#733,#179,.T.);
#952=EDGE_CURVE('',#711,#772,#36,.T.);
#953=EDGE_CURVE('',#773,#732,#180,.T.);
#954=EDGE_CURVE('',#733,#774,#181,.T.);
#955=EDGE_CURVE('',#774,#773,#37,.T.);
#956=EDGE_CURVE('',#746,#772,#182,.T.);
#957=EDGE_CURVE('',#767,#731,#183,.T.);
#958=EDGE_CURVE('',#729,#766,#184,.T.);
#959=EDGE_CURVE('',#775,#776,#38,.T.);
#960=EDGE_CURVE('',#776,#777,#665,.T.);
#961=EDGE_CURVE('',#777,#778,#39,.T.);
#962=EDGE_CURVE('',#778,#775,#17,.T.);
#963=EDGE_CURVE('',#776,#729,#185,.T.);
#964=EDGE_CURVE('',#730,#777,#186,.T.);
#965=EDGE_CURVE('',#779,#780,#666,.T.);
#966=EDGE_CURVE('',#780,#725,#187,.T.);
#967=EDGE_CURVE('',#723,#779,#188,.T.);
#968=EDGE_CURVE('',#781,#782,#667,.T.);
#969=EDGE_CURVE('',#782,#780,#668,.T.);
#970=EDGE_CURVE('',#779,#781,#669,.T.);
#971=EDGE_CURVE('',#727,#782,#189,.T.);
#972=EDGE_CURVE('',#781,#726,#190,.T.);
#973=EDGE_CURVE('',#718,#723,#191,.T.);
#974=EDGE_CURVE('',#724,#717,#192,.T.);
#975=EDGE_CURVE('',#774,#719,#193,.T.);
#976=EDGE_CURVE('',#717,#773,#194,.T.);
#977=EDGE_CURVE('',#783,#784,#670,.T.);
#978=EDGE_CURVE('',#784,#722,#195,.T.);
#979=EDGE_CURVE('',#720,#783,#196,.T.);
#980=EDGE_CURVE('',#778,#784,#40,.T.);
#981=EDGE_CURVE('',#783,#775,#41,.T.);
#982=EDGE_CURVE('',#785,#720,#197,.T.);
#983=EDGE_CURVE('',#721,#786,#198,.T.);
#984=EDGE_CURVE('',#786,#785,#42,.T.);
#985=EDGE_CURVE('',#786,#718,#199,.T.);
#986=EDGE_CURVE('',#719,#785,#200,.T.);
#987=EDGE_CURVE('',#773,#734,#201,.T.);
#988=EDGE_CURVE('',#787,#780,#202,.T.);
#989=EDGE_CURVE('',#788,#787,#671,.T.);
#990=EDGE_CURVE('',#789,#788,#203,.T.);
#991=EDGE_CURVE('',#790,#789,#204,.T.);
#992=EDGE_CURVE('',#791,#790,#205,.T.);
#993=EDGE_CURVE('',#765,#791,#206,.T.);
#994=EDGE_CURVE('',#782,#792,#207,.T.);
#995=EDGE_CURVE('',#787,#792,#672,.T.);
#996=EDGE_CURVE('',#793,#754,#208,.T.);
#997=EDGE_CURVE('',#792,#793,#209,.T.);
#998=EDGE_CURVE('',#752,#794,#210,.T.);
#999=EDGE_CURVE('',#794,#793,#673,.T.);
#1000=EDGE_CURVE('',#759,#745,#211,.T.);
#1001=EDGE_CURVE('',#771,#784,#212,.T.);
#1002=EDGE_CURVE('',#766,#795,#213,.T.);
#1003=EDGE_CURVE('',#795,#746,#214,.T.);
#1004=EDGE_CURVE('',#775,#796,#215,.T.);
#1005=EDGE_CURVE('',#796,#795,#216,.T.);
#1006=EDGE_CURVE('',#785,#797,#217,.T.);
#1007=EDGE_CURVE('',#797,#796,#218,.T.);
#1008=EDGE_CURVE('',#777,#769,#219,.T.);
#1009=EDGE_CURVE('',#772,#797,#220,.T.);
#1010=EDGE_CURVE('',#798,#799,#674,.T.);
#1011=EDGE_CURVE('',#799,#789,#43,.T.);
#1012=EDGE_CURVE('',#789,#798,#44,.T.);
#1013=EDGE_CURVE('',#800,#801,#675,.T.);
#1014=EDGE_CURVE('',#801,#799,#45,.T.);
#1015=EDGE_CURVE('',#798,#800,#46,.T.);
#1016=EDGE_CURVE('',#802,#803,#676,.T.);
#1017=EDGE_CURVE('',#803,#801,#47,.T.);
#1018=EDGE_CURVE('',#800,#802,#48,.T.);
#1019=EDGE_CURVE('',#804,#805,#677,.T.);
#1020=EDGE_CURVE('',#805,#803,#49,.T.);
#1021=EDGE_CURVE('',#802,#804,#50,.T.);
#1022=EDGE_CURVE('',#804,#806,#51,.T.);
#1023=EDGE_CURVE('',#806,#805,#52,.T.);
#1024=EDGE_CURVE('',#807,#798,#221,.T.);
#1025=EDGE_CURVE('',#808,#807,#222,.T.);
#1026=EDGE_CURVE('',#809,#808,#223,.T.);
#1027=EDGE_CURVE('',#810,#809,#53,.T.);
#1028=EDGE_CURVE('',#811,#810,#54,.T.);
#1029=EDGE_CURVE('',#812,#811,#55,.T.);
#1030=EDGE_CURVE('',#813,#812,#224,.T.);
#1031=EDGE_CURVE('',#814,#813,#56,.T.);
#1032=EDGE_CURVE('',#804,#814,#225,.T.);
#1033=EDGE_CURVE('',#788,#807,#678,.T.);
#1034=EDGE_CURVE('',#812,#815,#679,.T.);
#1035=EDGE_CURVE('',#815,#816,#57,.T.);
#1036=EDGE_CURVE('',#816,#812,#58,.T.);
#1037=EDGE_CURVE('',#811,#817,#680,.T.);
#1038=EDGE_CURVE('',#817,#815,#59,.T.);
#1039=EDGE_CURVE('',#810,#818,#681,.T.);
#1040=EDGE_CURVE('',#818,#817,#60,.T.);
#1041=EDGE_CURVE('',#809,#819,#682,.T.);
#1042=EDGE_CURVE('',#819,#818,#61,.T.);
#1043=EDGE_CURVE('',#809,#820,#62,.T.);
#1044=EDGE_CURVE('',#820,#819,#63,.T.);
#1045=EDGE_CURVE('',#816,#821,#226,.T.);
#1046=EDGE_CURVE('',#821,#813,#683,.T.);
#1047=EDGE_CURVE('',#806,#822,#227,.T.);
#1048=EDGE_CURVE('',#822,#823,#684,.F.);
#1049=EDGE_CURVE('',#823,#803,#228,.T.);
#1050=EDGE_CURVE('',#823,#824,#685,.T.);
#1051=EDGE_CURVE('',#801,#824,#229,.T.);
#1052=EDGE_CURVE('',#790,#824,#686,.T.);
#1053=EDGE_CURVE('',#817,#825,#230,.T.);
#1054=EDGE_CURVE('',#826,#825,#687,.T.);
#1055=EDGE_CURVE('',#826,#816,#231,.T.);
#1056=EDGE_CURVE('',#827,#818,#232,.T.);
#1057=EDGE_CURVE('',#827,#825,#688,.T.);
#1058=EDGE_CURVE('',#820,#828,#233,.T.);
#1059=EDGE_CURVE('',#828,#827,#689,.F.);
#1060=EDGE_CURVE('',#760,#829,#234,.T.);
#1061=EDGE_CURVE('',#828,#829,#235,.T.);
#1062=EDGE_CURVE('',#830,#820,#236,.T.);
#1063=EDGE_CURVE('',#794,#830,#690,.T.);
#1064=EDGE_CURVE('',#830,#808,#691,.T.);
#1065=EDGE_CURVE('',#791,#831,#692,.T.);
#1066=EDGE_CURVE('',#822,#831,#237,.T.);
#1067=EDGE_CURVE('',#832,#829,#693,.T.);
#1068=EDGE_CURVE('',#832,#826,#238,.T.);
#1069=EDGE_CURVE('',#764,#831,#239,.T.);
#1070=EDGE_CURVE('',#761,#832,#240,.T.);
#1071=EDGE_CURVE('',#808,#793,#694,.T.);
#1072=EDGE_CURVE('',#833,#814,#695,.T.);
#1073=EDGE_CURVE('',#821,#833,#64,.T.);
#1074=EDGE_CURVE('',#833,#806,#241,.T.);
#1075=EDGE_CURVE('',#792,#807,#696,.T.);
#1076=EDGE_CURVE('',#763,#833,#242,.T.);
#1077=EDGE_CURVE('',#762,#821,#243,.T.);
#1078=ORIENTED_EDGE('',*,*,#834,.T.);
#1079=ORIENTED_EDGE('',*,*,#835,.T.);
#1080=ORIENTED_EDGE('',*,*,#836,.T.);
#1081=ORIENTED_EDGE('',*,*,#835,.F.);
#1082=ORIENTED_EDGE('',*,*,#837,.T.);
#1083=ORIENTED_EDGE('',*,*,#838,.F.);
#1084=ORIENTED_EDGE('',*,*,#839,.F.);
#1085=ORIENTED_EDGE('',*,*,#840,.F.);
#1086=ORIENTED_EDGE('',*,*,#841,.F.);
#1087=ORIENTED_EDGE('',*,*,#842,.F.);
#1088=ORIENTED_EDGE('',*,*,#843,.F.);
#1089=ORIENTED_EDGE('',*,*,#844,.F.);
#1090=ORIENTED_EDGE('',*,*,#845,.F.);
#1091=ORIENTED_EDGE('',*,*,#846,.F.);
#1092=ORIENTED_EDGE('',*,*,#847,.F.);
#1093=ORIENTED_EDGE('',*,*,#848,.F.);
#1094=ORIENTED_EDGE('',*,*,#849,.F.);
#1095=ORIENTED_EDGE('',*,*,#850,.F.);
#1096=ORIENTED_EDGE('',*,*,#836,.F.);
#1097=ORIENTED_EDGE('',*,*,#834,.F.);
#1098=ORIENTED_EDGE('',*,*,#851,.T.);
#1099=ORIENTED_EDGE('',*,*,#852,.T.);
#1100=ORIENTED_EDGE('',*,*,#851,.F.);
#1101=ORIENTED_EDGE('',*,*,#837,.F.);
#1102=ORIENTED_EDGE('',*,*,#853,.T.);
#1103=ORIENTED_EDGE('',*,*,#854,.T.);
#1104=ORIENTED_EDGE('',*,*,#850,.T.);
#1105=ORIENTED_EDGE('',*,*,#854,.F.);
#1106=ORIENTED_EDGE('',*,*,#855,.T.);
#1107=ORIENTED_EDGE('',*,*,#853,.F.);
#1108=ORIENTED_EDGE('',*,*,#856,.T.);
#1109=ORIENTED_EDGE('',*,*,#857,.T.);
#1110=ORIENTED_EDGE('',*,*,#856,.F.);
#1111=ORIENTED_EDGE('',*,*,#855,.F.);
#1112=ORIENTED_EDGE('',*,*,#858,.F.);
#1113=ORIENTED_EDGE('',*,*,#859,.F.);
#1114=ORIENTED_EDGE('',*,*,#860,.F.);
#1115=ORIENTED_EDGE('',*,*,#861,.F.);
#1116=ORIENTED_EDGE('',*,*,#862,.F.);
#1117=ORIENTED_EDGE('',*,*,#863,.F.);
#1118=ORIENTED_EDGE('',*,*,#864,.F.);
#1119=ORIENTED_EDGE('',*,*,#865,.F.);
#1120=ORIENTED_EDGE('',*,*,#866,.F.);
#1121=ORIENTED_EDGE('',*,*,#867,.F.);
#1122=ORIENTED_EDGE('',*,*,#868,.F.);
#1123=ORIENTED_EDGE('',*,*,#869,.F.);
#1124=ORIENTED_EDGE('',*,*,#868,.T.);
#1125=ORIENTED_EDGE('',*,*,#870,.T.);
#1126=ORIENTED_EDGE('',*,*,#863,.T.);
#1127=ORIENTED_EDGE('',*,*,#871,.T.);
#1128=ORIENTED_EDGE('',*,*,#872,.F.);
#1129=ORIENTED_EDGE('',*,*,#873,.F.);
#1130=ORIENTED_EDGE('',*,*,#874,.F.);
#1131=ORIENTED_EDGE('',*,*,#875,.F.);
#1132=ORIENTED_EDGE('',*,*,#876,.F.);
#1133=ORIENTED_EDGE('',*,*,#877,.F.);
#1134=ORIENTED_EDGE('',*,*,#878,.T.);
#1135=ORIENTED_EDGE('',*,*,#866,.T.);
#1136=ORIENTED_EDGE('',*,*,#879,.T.);
#1137=ORIENTED_EDGE('',*,*,#880,.T.);
#1138=ORIENTED_EDGE('',*,*,#881,.F.);
#1139=ORIENTED_EDGE('',*,*,#882,.F.);
#1140=ORIENTED_EDGE('',*,*,#883,.F.);
#1141=ORIENTED_EDGE('',*,*,#884,.F.);
#1142=ORIENTED_EDGE('',*,*,#885,.F.);
#1143=ORIENTED_EDGE('',*,*,#886,.F.);
#1144=ORIENTED_EDGE('',*,*,#887,.F.);
#1145=ORIENTED_EDGE('',*,*,#888,.F.);
#1146=ORIENTED_EDGE('',*,*,#889,.F.);
#1147=ORIENTED_EDGE('',*,*,#890,.T.);
#1148=ORIENTED_EDGE('',*,*,#888,.T.);
#1149=ORIENTED_EDGE('',*,*,#891,.T.);
#1150=ORIENTED_EDGE('',*,*,#892,.T.);
#1151=ORIENTED_EDGE('',*,*,#847,.T.);
#1152=ORIENTED_EDGE('',*,*,#889,.T.);
#1153=ORIENTED_EDGE('',*,*,#893,.T.);
#1154=ORIENTED_EDGE('',*,*,#894,.T.);
#1155=ORIENTED_EDGE('',*,*,#895,.F.);
#1156=ORIENTED_EDGE('',*,*,#896,.F.);
#1157=ORIENTED_EDGE('',*,*,#897,.F.);
#1158=ORIENTED_EDGE('',*,*,#896,.T.);
#1159=ORIENTED_EDGE('',*,*,#838,.T.);
#1160=ORIENTED_EDGE('',*,*,#876,.T.);
#1161=ORIENTED_EDGE('',*,*,#898,.T.);
#1162=ORIENTED_EDGE('',*,*,#899,.T.);
#1163=ORIENTED_EDGE('',*,*,#897,.T.);
#1164=ORIENTED_EDGE('',*,*,#900,.T.);
#1165=ORIENTED_EDGE('',*,*,#880,.F.);
#1166=ORIENTED_EDGE('',*,*,#901,.F.);
#1167=ORIENTED_EDGE('',*,*,#902,.F.);
#1168=ORIENTED_EDGE('',*,*,#903,.F.);
#1169=ORIENTED_EDGE('',*,*,#904,.T.);
#1170=ORIENTED_EDGE('',*,*,#905,.T.);
#1171=ORIENTED_EDGE('',*,*,#902,.T.);
#1172=ORIENTED_EDGE('',*,*,#906,.T.);
#1173=ORIENTED_EDGE('',*,*,#907,.T.);
#1174=ORIENTED_EDGE('',*,*,#908,.T.);
#1175=ORIENTED_EDGE('',*,*,#904,.F.);
#1176=ORIENTED_EDGE('',*,*,#909,.T.);
#1177=ORIENTED_EDGE('',*,*,#907,.F.);
#1178=ORIENTED_EDGE('',*,*,#910,.T.);
#1179=ORIENTED_EDGE('',*,*,#882,.T.);
#1180=ORIENTED_EDGE('',*,*,#911,.T.);
#1181=ORIENTED_EDGE('',*,*,#903,.T.);
#1182=ORIENTED_EDGE('',*,*,#912,.T.);
#1183=ORIENTED_EDGE('',*,*,#885,.T.);
#1184=ORIENTED_EDGE('',*,*,#913,.T.);
#1185=ORIENTED_EDGE('',*,*,#914,.F.);
#1186=ORIENTED_EDGE('',*,*,#915,.F.);
#1187=ORIENTED_EDGE('',*,*,#916,.F.);
#1188=ORIENTED_EDGE('',*,*,#917,.T.);
#1189=ORIENTED_EDGE('',*,*,#901,.T.);
#1190=ORIENTED_EDGE('',*,*,#918,.T.);
#1191=ORIENTED_EDGE('',*,*,#919,.T.);
#1192=ORIENTED_EDGE('',*,*,#920,.T.);
#1193=ORIENTED_EDGE('',*,*,#915,.T.);
#1194=ORIENTED_EDGE('',*,*,#921,.T.);
#1195=ORIENTED_EDGE('',*,*,#919,.F.);
#1196=ORIENTED_EDGE('',*,*,#887,.T.);
#1197=ORIENTED_EDGE('',*,*,#846,.T.);
#1198=ORIENTED_EDGE('',*,*,#916,.T.);
#1199=ORIENTED_EDGE('',*,*,#922,.T.);
#1200=ORIENTED_EDGE('',*,*,#923,.T.);
#1201=ORIENTED_EDGE('',*,*,#924,.T.);
#1202=ORIENTED_EDGE('',*,*,#914,.T.);
#1203=ORIENTED_EDGE('',*,*,#845,.T.);
#1204=ORIENTED_EDGE('',*,*,#925,.T.);
#1205=ORIENTED_EDGE('',*,*,#926,.T.);
#1206=ORIENTED_EDGE('',*,*,#923,.F.);
#1207=ORIENTED_EDGE('',*,*,#844,.T.);
#1208=ORIENTED_EDGE('',*,*,#927,.T.);
#1209=ORIENTED_EDGE('',*,*,#928,.T.);
#1210=ORIENTED_EDGE('',*,*,#925,.F.);
#1211=ORIENTED_EDGE('',*,*,#843,.T.);
#1212=ORIENTED_EDGE('',*,*,#929,.T.);
#1213=ORIENTED_EDGE('',*,*,#930,.T.);
#1214=ORIENTED_EDGE('',*,*,#927,.F.);
#1215=ORIENTED_EDGE('',*,*,#842,.T.);
#1216=ORIENTED_EDGE('',*,*,#931,.T.);
#1217=ORIENTED_EDGE('',*,*,#932,.T.);
#1218=ORIENTED_EDGE('',*,*,#929,.F.);
#1219=ORIENTED_EDGE('',*,*,#841,.T.);
#1220=ORIENTED_EDGE('',*,*,#933,.T.);
#1221=ORIENTED_EDGE('',*,*,#934,.T.);
#1222=ORIENTED_EDGE('',*,*,#931,.F.);
#1223=ORIENTED_EDGE('',*,*,#840,.T.);
#1224=ORIENTED_EDGE('',*,*,#895,.T.);
#1225=ORIENTED_EDGE('',*,*,#935,.T.);
#1226=ORIENTED_EDGE('',*,*,#933,.F.);
#1227=ORIENTED_EDGE('',*,*,#839,.T.);
#1228=ORIENTED_EDGE('',*,*,#936,.T.);
#1229=ORIENTED_EDGE('',*,*,#884,.T.);
#1230=ORIENTED_EDGE('',*,*,#937,.T.);
#1231=ORIENTED_EDGE('',*,*,#892,.F.);
#1232=ORIENTED_EDGE('',*,*,#938,.T.);
#1233=ORIENTED_EDGE('',*,*,#886,.T.);
#1234=ORIENTED_EDGE('',*,*,#939,.T.);
#1235=ORIENTED_EDGE('',*,*,#940,.T.);
#1236=ORIENTED_EDGE('',*,*,#941,.T.);
#1237=ORIENTED_EDGE('',*,*,#942,.T.);
#1238=ORIENTED_EDGE('',*,*,#883,.T.);
#1239=ORIENTED_EDGE('',*,*,#943,.T.);
#1240=ORIENTED_EDGE('',*,*,#944,.T.);
#1241=ORIENTED_EDGE('',*,*,#945,.T.);
#1242=ORIENTED_EDGE('',*,*,#941,.F.);
#1243=ORIENTED_EDGE('',*,*,#946,.T.);
#1244=ORIENTED_EDGE('',*,*,#944,.F.);
#1245=ORIENTED_EDGE('',*,*,#947,.T.);
#1246=ORIENTED_EDGE('',*,*,#869,.T.);
#1247=ORIENTED_EDGE('',*,*,#948,.T.);
#1248=ORIENTED_EDGE('',*,*,#874,.T.);
#1249=ORIENTED_EDGE('',*,*,#949,.T.);
#1250=ORIENTED_EDGE('',*,*,#881,.T.);
#1251=ORIENTED_EDGE('',*,*,#950,.T.);
#1252=ORIENTED_EDGE('',*,*,#951,.T.);
#1253=ORIENTED_EDGE('',*,*,#877,.T.);
#1254=ORIENTED_EDGE('',*,*,#849,.T.);
#1255=ORIENTED_EDGE('',*,*,#952,.T.);
#1256=ORIENTED_EDGE('',*,*,#953,.T.);
#1257=ORIENTED_EDGE('',*,*,#875,.T.);
#1258=ORIENTED_EDGE('',*,*,#954,.T.);
#1259=ORIENTED_EDGE('',*,*,#955,.T.);
#1260=ORIENTED_EDGE('',*,*,#848,.T.);
#1261=ORIENTED_EDGE('',*,*,#894,.F.);
#1262=ORIENTED_EDGE('',*,*,#956,.T.);
#1263=ORIENTED_EDGE('',*,*,#952,.F.);
#1264=ORIENTED_EDGE('',*,*,#957,.T.);
#1265=ORIENTED_EDGE('',*,*,#873,.T.);
#1266=ORIENTED_EDGE('',*,*,#958,.T.);
#1267=ORIENTED_EDGE('',*,*,#940,.F.);
#1268=ORIENTED_EDGE('',*,*,#959,.T.);
#1269=ORIENTED_EDGE('',*,*,#960,.T.);
#1270=ORIENTED_EDGE('',*,*,#961,.T.);
#1271=ORIENTED_EDGE('',*,*,#962,.T.);
#1272=ORIENTED_EDGE('',*,*,#960,.F.);
#1273=ORIENTED_EDGE('',*,*,#963,.T.);
#1274=ORIENTED_EDGE('',*,*,#872,.T.);
#1275=ORIENTED_EDGE('',*,*,#964,.T.);
#1276=ORIENTED_EDGE('',*,*,#965,.T.);
#1277=ORIENTED_EDGE('',*,*,#966,.T.);
#1278=ORIENTED_EDGE('',*,*,#865,.T.);
#1279=ORIENTED_EDGE('',*,*,#967,.T.);
#1280=ORIENTED_EDGE('',*,*,#968,.T.);
#1281=ORIENTED_EDGE('',*,*,#969,.T.);
#1282=ORIENTED_EDGE('',*,*,#965,.F.);
#1283=ORIENTED_EDGE('',*,*,#970,.T.);
#1284=ORIENTED_EDGE('',*,*,#867,.T.);
#1285=ORIENTED_EDGE('',*,*,#971,.T.);
#1286=ORIENTED_EDGE('',*,*,#968,.F.);
#1287=ORIENTED_EDGE('',*,*,#972,.T.);
#1288=ORIENTED_EDGE('',*,*,#858,.T.);
#1289=ORIENTED_EDGE('',*,*,#973,.T.);
#1290=ORIENTED_EDGE('',*,*,#864,.T.);
#1291=ORIENTED_EDGE('',*,*,#974,.T.);
#1292=ORIENTED_EDGE('',*,*,#975,.T.);
#1293=ORIENTED_EDGE('',*,*,#859,.T.);
#1294=ORIENTED_EDGE('',*,*,#976,.T.);
#1295=ORIENTED_EDGE('',*,*,#955,.F.);
#1296=ORIENTED_EDGE('',*,*,#977,.T.);
#1297=ORIENTED_EDGE('',*,*,#978,.T.);
#1298=ORIENTED_EDGE('',*,*,#862,.T.);
#1299=ORIENTED_EDGE('',*,*,#979,.T.);
#1300=ORIENTED_EDGE('',*,*,#980,.T.);
#1301=ORIENTED_EDGE('',*,*,#977,.F.);
#1302=ORIENTED_EDGE('',*,*,#981,.T.);
#1303=ORIENTED_EDGE('',*,*,#962,.F.);
#1304=ORIENTED_EDGE('',*,*,#982,.T.);
#1305=ORIENTED_EDGE('',*,*,#861,.T.);
#1306=ORIENTED_EDGE('',*,*,#983,.T.);
#1307=ORIENTED_EDGE('',*,*,#984,.T.);
#1308=ORIENTED_EDGE('',*,*,#985,.T.);
#1309=ORIENTED_EDGE('',*,*,#860,.T.);
#1310=ORIENTED_EDGE('',*,*,#986,.T.);
#1311=ORIENTED_EDGE('',*,*,#984,.F.);
#1312=ORIENTED_EDGE('',*,*,#900,.F.);
#1313=ORIENTED_EDGE('',*,*,#898,.F.);
#1314=ORIENTED_EDGE('',*,*,#953,.F.);
#1315=ORIENTED_EDGE('',*,*,#987,.T.);
#1316=ORIENTED_EDGE('',*,*,#935,.F.);
#1317=ORIENTED_EDGE('',*,*,#899,.F.);
#1318=ORIENTED_EDGE('',*,*,#879,.F.);
#1319=ORIENTED_EDGE('',*,*,#966,.F.);
#1320=ORIENTED_EDGE('',*,*,#988,.F.);
#1321=ORIENTED_EDGE('',*,*,#989,.F.);
#1322=ORIENTED_EDGE('',*,*,#990,.F.);
#1323=ORIENTED_EDGE('',*,*,#991,.F.);
#1324=ORIENTED_EDGE('',*,*,#992,.F.);
#1325=ORIENTED_EDGE('',*,*,#993,.F.);
#1326=ORIENTED_EDGE('',*,*,#969,.F.);
#1327=ORIENTED_EDGE('',*,*,#994,.T.);
#1328=ORIENTED_EDGE('',*,*,#995,.F.);
#1329=ORIENTED_EDGE('',*,*,#988,.T.);
#1330=ORIENTED_EDGE('',*,*,#971,.F.);
#1331=ORIENTED_EDGE('',*,*,#947,.F.);
#1332=ORIENTED_EDGE('',*,*,#946,.F.);
#1333=ORIENTED_EDGE('',*,*,#943,.F.);
#1334=ORIENTED_EDGE('',*,*,#910,.F.);
#1335=ORIENTED_EDGE('',*,*,#996,.F.);
#1336=ORIENTED_EDGE('',*,*,#997,.F.);
#1337=ORIENTED_EDGE('',*,*,#994,.F.);
#1338=ORIENTED_EDGE('',*,*,#909,.F.);
#1339=ORIENTED_EDGE('',*,*,#998,.T.);
#1340=ORIENTED_EDGE('',*,*,#999,.T.);
#1341=ORIENTED_EDGE('',*,*,#996,.T.);
#1342=ORIENTED_EDGE('',*,*,#918,.F.);
#1343=ORIENTED_EDGE('',*,*,#913,.F.);
#1344=ORIENTED_EDGE('',*,*,#936,.F.);
#1345=ORIENTED_EDGE('',*,*,#1000,.F.);
#1346=ORIENTED_EDGE('',*,*,#948,.F.);
#1347=ORIENTED_EDGE('',*,*,#871,.F.);
#1348=ORIENTED_EDGE('',*,*,#978,.F.);
#1349=ORIENTED_EDGE('',*,*,#1001,.F.);
#1350=ORIENTED_EDGE('',*,*,#893,.F.);
#1351=ORIENTED_EDGE('',*,*,#890,.F.);
#1352=ORIENTED_EDGE('',*,*,#937,.F.);
#1353=ORIENTED_EDGE('',*,*,#938,.F.);
#1354=ORIENTED_EDGE('',*,*,#1002,.T.);
#1355=ORIENTED_EDGE('',*,*,#1003,.T.);
#1356=ORIENTED_EDGE('',*,*,#958,.F.);
#1357=ORIENTED_EDGE('',*,*,#963,.F.);
#1358=ORIENTED_EDGE('',*,*,#959,.F.);
#1359=ORIENTED_EDGE('',*,*,#1004,.T.);
#1360=ORIENTED_EDGE('',*,*,#1005,.T.);
#1361=ORIENTED_EDGE('',*,*,#1002,.F.);
#1362=ORIENTED_EDGE('',*,*,#981,.F.);
#1363=ORIENTED_EDGE('',*,*,#979,.F.);
#1364=ORIENTED_EDGE('',*,*,#982,.F.);
#1365=ORIENTED_EDGE('',*,*,#1006,.T.);
#1366=ORIENTED_EDGE('',*,*,#1007,.T.);
#1367=ORIENTED_EDGE('',*,*,#1004,.F.);
#1368=ORIENTED_EDGE('',*,*,#905,.F.);
#1369=ORIENTED_EDGE('',*,*,#908,.F.);
#1370=ORIENTED_EDGE('',*,*,#911,.F.);
#1371=ORIENTED_EDGE('',*,*,#949,.F.);
#1372=ORIENTED_EDGE('',*,*,#957,.F.);
#1373=ORIENTED_EDGE('',*,*,#939,.F.);
#1374=ORIENTED_EDGE('',*,*,#912,.F.);
#1375=ORIENTED_EDGE('',*,*,#967,.F.);
#1376=ORIENTED_EDGE('',*,*,#973,.F.);
#1377=ORIENTED_EDGE('',*,*,#985,.F.);
#1378=ORIENTED_EDGE('',*,*,#983,.F.);
#1379=ORIENTED_EDGE('',*,*,#870,.F.);
#1380=ORIENTED_EDGE('',*,*,#972,.F.);
#1381=ORIENTED_EDGE('',*,*,#970,.F.);
#1382=ORIENTED_EDGE('',*,*,#945,.F.);
#1383=ORIENTED_EDGE('',*,*,#1001,.T.);
#1384=ORIENTED_EDGE('',*,*,#980,.F.);
#1385=ORIENTED_EDGE('',*,*,#961,.F.);
#1386=ORIENTED_EDGE('',*,*,#1008,.T.);
#1387=ORIENTED_EDGE('',*,*,#942,.F.);
#1388=ORIENTED_EDGE('',*,*,#1008,.F.);
#1389=ORIENTED_EDGE('',*,*,#964,.F.);
#1390=ORIENTED_EDGE('',*,*,#950,.F.);
#1391=ORIENTED_EDGE('',*,*,#951,.F.);
#1392=ORIENTED_EDGE('',*,*,#1009,.T.);
#1393=ORIENTED_EDGE('',*,*,#1006,.F.);
#1394=ORIENTED_EDGE('',*,*,#986,.F.);
#1395=ORIENTED_EDGE('',*,*,#975,.F.);
#1396=ORIENTED_EDGE('',*,*,#954,.F.);
#1397=ORIENTED_EDGE('',*,*,#956,.F.);
#1398=ORIENTED_EDGE('',*,*,#1003,.F.);
#1399=ORIENTED_EDGE('',*,*,#1005,.F.);
#1400=ORIENTED_EDGE('',*,*,#1007,.F.);
#1401=ORIENTED_EDGE('',*,*,#1009,.F.);
#1402=ORIENTED_EDGE('',*,*,#920,.F.);
#1403=ORIENTED_EDGE('',*,*,#1000,.T.);
#1404=ORIENTED_EDGE('',*,*,#891,.F.);
#1405=ORIENTED_EDGE('',*,*,#922,.F.);
#1406=ORIENTED_EDGE('',*,*,#878,.F.);
#1407=ORIENTED_EDGE('',*,*,#987,.F.);
#1408=ORIENTED_EDGE('',*,*,#976,.F.);
#1409=ORIENTED_EDGE('',*,*,#974,.F.);
#1410=ORIENTED_EDGE('',*,*,#1010,.T.);
#1411=ORIENTED_EDGE('',*,*,#1011,.T.);
#1412=ORIENTED_EDGE('',*,*,#1012,.T.);
#1413=ORIENTED_EDGE('',*,*,#1013,.T.);
#1414=ORIENTED_EDGE('',*,*,#1014,.T.);
#1415=ORIENTED_EDGE('',*,*,#1010,.F.);
#1416=ORIENTED_EDGE('',*,*,#1015,.T.);
#1417=ORIENTED_EDGE('',*,*,#1016,.T.);
#1418=ORIENTED_EDGE('',*,*,#1017,.T.);
#1419=ORIENTED_EDGE('',*,*,#1013,.F.);
#1420=ORIENTED_EDGE('',*,*,#1018,.T.);
#1421=ORIENTED_EDGE('',*,*,#1019,.T.);
#1422=ORIENTED_EDGE('',*,*,#1020,.T.);
#1423=ORIENTED_EDGE('',*,*,#1016,.F.);
#1424=ORIENTED_EDGE('',*,*,#1021,.T.);
#1425=ORIENTED_EDGE('',*,*,#1022,.T.);
#1426=ORIENTED_EDGE('',*,*,#1023,.T.);
#1427=ORIENTED_EDGE('',*,*,#1019,.F.);
#1428=ORIENTED_EDGE('',*,*,#1021,.F.);
#1429=ORIENTED_EDGE('',*,*,#1018,.F.);
#1430=ORIENTED_EDGE('',*,*,#1015,.F.);
#1431=ORIENTED_EDGE('',*,*,#1024,.F.);
#1432=ORIENTED_EDGE('',*,*,#1025,.F.);
#1433=ORIENTED_EDGE('',*,*,#1026,.F.);
#1434=ORIENTED_EDGE('',*,*,#1027,.F.);
#1435=ORIENTED_EDGE('',*,*,#1028,.F.);
#1436=ORIENTED_EDGE('',*,*,#1029,.F.);
#1437=ORIENTED_EDGE('',*,*,#1030,.F.);
#1438=ORIENTED_EDGE('',*,*,#1031,.F.);
#1439=ORIENTED_EDGE('',*,*,#1032,.F.);
#1440=ORIENTED_EDGE('',*,*,#1012,.F.);
#1441=ORIENTED_EDGE('',*,*,#990,.T.);
#1442=ORIENTED_EDGE('',*,*,#1033,.T.);
#1443=ORIENTED_EDGE('',*,*,#1024,.T.);
#1444=ORIENTED_EDGE('',*,*,#1034,.T.);
#1445=ORIENTED_EDGE('',*,*,#1035,.T.);
#1446=ORIENTED_EDGE('',*,*,#1036,.T.);
#1447=ORIENTED_EDGE('',*,*,#1037,.T.);
#1448=ORIENTED_EDGE('',*,*,#1038,.T.);
#1449=ORIENTED_EDGE('',*,*,#1034,.F.);
#1450=ORIENTED_EDGE('',*,*,#1029,.T.);
#1451=ORIENTED_EDGE('',*,*,#1039,.T.);
#1452=ORIENTED_EDGE('',*,*,#1040,.T.);
#1453=ORIENTED_EDGE('',*,*,#1037,.F.);
#1454=ORIENTED_EDGE('',*,*,#1028,.T.);
#1455=ORIENTED_EDGE('',*,*,#1041,.T.);
#1456=ORIENTED_EDGE('',*,*,#1042,.T.);
#1457=ORIENTED_EDGE('',*,*,#1039,.F.);
#1458=ORIENTED_EDGE('',*,*,#1027,.T.);
#1459=ORIENTED_EDGE('',*,*,#1043,.T.);
#1460=ORIENTED_EDGE('',*,*,#1044,.T.);
#1461=ORIENTED_EDGE('',*,*,#1041,.F.);
#1462=ORIENTED_EDGE('',*,*,#1036,.F.);
#1463=ORIENTED_EDGE('',*,*,#1045,.T.);
#1464=ORIENTED_EDGE('',*,*,#1046,.T.);
#1465=ORIENTED_EDGE('',*,*,#1030,.T.);
#1466=ORIENTED_EDGE('',*,*,#1023,.F.);
#1467=ORIENTED_EDGE('',*,*,#1047,.T.);
#1468=ORIENTED_EDGE('',*,*,#1048,.T.);
#1469=ORIENTED_EDGE('',*,*,#1049,.T.);
#1470=ORIENTED_EDGE('',*,*,#1020,.F.);
#1471=ORIENTED_EDGE('',*,*,#1017,.F.);
#1472=ORIENTED_EDGE('',*,*,#1049,.F.);
#1473=ORIENTED_EDGE('',*,*,#1050,.T.);
#1474=ORIENTED_EDGE('',*,*,#1051,.F.);
#1475=ORIENTED_EDGE('',*,*,#1014,.F.);
#1476=ORIENTED_EDGE('',*,*,#1051,.T.);
#1477=ORIENTED_EDGE('',*,*,#1052,.F.);
#1478=ORIENTED_EDGE('',*,*,#991,.T.);
#1479=ORIENTED_EDGE('',*,*,#1011,.F.);
#1480=ORIENTED_EDGE('',*,*,#1038,.F.);
#1481=ORIENTED_EDGE('',*,*,#1053,.T.);
#1482=ORIENTED_EDGE('',*,*,#1054,.F.);
#1483=ORIENTED_EDGE('',*,*,#1055,.T.);
#1484=ORIENTED_EDGE('',*,*,#1035,.F.);
#1485=ORIENTED_EDGE('',*,*,#1040,.F.);
#1486=ORIENTED_EDGE('',*,*,#1056,.F.);
#1487=ORIENTED_EDGE('',*,*,#1057,.T.);
#1488=ORIENTED_EDGE('',*,*,#1053,.F.);
#1489=ORIENTED_EDGE('',*,*,#1044,.F.);
#1490=ORIENTED_EDGE('',*,*,#1058,.T.);
#1491=ORIENTED_EDGE('',*,*,#1059,.T.);
#1492=ORIENTED_EDGE('',*,*,#1056,.T.);
#1493=ORIENTED_EDGE('',*,*,#1042,.F.);
#1494=ORIENTED_EDGE('',*,*,#924,.F.);
#1495=ORIENTED_EDGE('',*,*,#1060,.T.);
#1496=ORIENTED_EDGE('',*,*,#1061,.F.);
#1497=ORIENTED_EDGE('',*,*,#1058,.F.);
#1498=ORIENTED_EDGE('',*,*,#1062,.F.);
#1499=ORIENTED_EDGE('',*,*,#1063,.F.);
#1500=ORIENTED_EDGE('',*,*,#998,.F.);
#1501=ORIENTED_EDGE('',*,*,#906,.F.);
#1502=ORIENTED_EDGE('',*,*,#917,.F.);
#1503=ORIENTED_EDGE('',*,*,#921,.F.);
#1504=ORIENTED_EDGE('',*,*,#1043,.F.);
#1505=ORIENTED_EDGE('',*,*,#1026,.T.);
#1506=ORIENTED_EDGE('',*,*,#1064,.F.);
#1507=ORIENTED_EDGE('',*,*,#1062,.T.);
#1508=ORIENTED_EDGE('',*,*,#1065,.F.);
#1509=ORIENTED_EDGE('',*,*,#992,.T.);
#1510=ORIENTED_EDGE('',*,*,#1052,.T.);
#1511=ORIENTED_EDGE('',*,*,#1050,.F.);
#1512=ORIENTED_EDGE('',*,*,#1048,.F.);
#1513=ORIENTED_EDGE('',*,*,#1066,.T.);
#1514=ORIENTED_EDGE('',*,*,#852,.F.);
#1515=ORIENTED_EDGE('',*,*,#1067,.F.);
#1516=ORIENTED_EDGE('',*,*,#1068,.T.);
#1517=ORIENTED_EDGE('',*,*,#1054,.T.);
#1518=ORIENTED_EDGE('',*,*,#1057,.F.);
#1519=ORIENTED_EDGE('',*,*,#1059,.F.);
#1520=ORIENTED_EDGE('',*,*,#1061,.T.);
#1521=ORIENTED_EDGE('',*,*,#857,.F.);
#1522=ORIENTED_EDGE('',*,*,#934,.F.);
#1523=ORIENTED_EDGE('',*,*,#993,.T.);
#1524=ORIENTED_EDGE('',*,*,#1065,.T.);
#1525=ORIENTED_EDGE('',*,*,#1069,.F.);
#1526=ORIENTED_EDGE('',*,*,#926,.F.);
#1527=ORIENTED_EDGE('',*,*,#1070,.T.);
#1528=ORIENTED_EDGE('',*,*,#1067,.T.);
#1529=ORIENTED_EDGE('',*,*,#1060,.F.);
#1530=ORIENTED_EDGE('',*,*,#1064,.T.);
#1531=ORIENTED_EDGE('',*,*,#1071,.T.);
#1532=ORIENTED_EDGE('',*,*,#999,.F.);
#1533=ORIENTED_EDGE('',*,*,#1063,.T.);
#1534=ORIENTED_EDGE('',*,*,#1072,.T.);
#1535=ORIENTED_EDGE('',*,*,#1031,.T.);
#1536=ORIENTED_EDGE('',*,*,#1046,.F.);
#1537=ORIENTED_EDGE('',*,*,#1073,.T.);
#1538=ORIENTED_EDGE('',*,*,#1022,.F.);
#1539=ORIENTED_EDGE('',*,*,#1032,.T.);
#1540=ORIENTED_EDGE('',*,*,#1072,.F.);
#1541=ORIENTED_EDGE('',*,*,#1074,.T.);
#1542=ORIENTED_EDGE('',*,*,#995,.T.);
#1543=ORIENTED_EDGE('',*,*,#1075,.T.);
#1544=ORIENTED_EDGE('',*,*,#1033,.F.);
#1545=ORIENTED_EDGE('',*,*,#989,.T.);
#1546=ORIENTED_EDGE('',*,*,#1071,.F.);
#1547=ORIENTED_EDGE('',*,*,#1025,.T.);
#1548=ORIENTED_EDGE('',*,*,#1075,.F.);
#1549=ORIENTED_EDGE('',*,*,#997,.T.);
#1550=ORIENTED_EDGE('',*,*,#932,.F.);
#1551=ORIENTED_EDGE('',*,*,#1069,.T.);
#1552=ORIENTED_EDGE('',*,*,#1066,.F.);
#1553=ORIENTED_EDGE('',*,*,#1047,.F.);
#1554=ORIENTED_EDGE('',*,*,#1074,.F.);
#1555=ORIENTED_EDGE('',*,*,#1076,.F.);
#1556=ORIENTED_EDGE('',*,*,#930,.F.);
#1557=ORIENTED_EDGE('',*,*,#1076,.T.);
#1558=ORIENTED_EDGE('',*,*,#1073,.F.);
#1559=ORIENTED_EDGE('',*,*,#1077,.F.);
#1560=ORIENTED_EDGE('',*,*,#928,.F.);
#1561=ORIENTED_EDGE('',*,*,#1077,.T.);
#1562=ORIENTED_EDGE('',*,*,#1045,.F.);
#1563=ORIENTED_EDGE('',*,*,#1055,.F.);
#1564=ORIENTED_EDGE('',*,*,#1068,.F.);
#1565=ORIENTED_EDGE('',*,*,#1070,.F.);
#1566=TOROIDAL_SURFACE('',#1697,2.125,0.5);
#1567=TOROIDAL_SURFACE('',#1709,2.125,0.5);
#1568=TOROIDAL_SURFACE('',#1770,1.5,0.5);
#1569=TOROIDAL_SURFACE('',#1786,2.5,0.5);
#1570=TOROIDAL_SURFACE('',#1791,2.5,0.5);
#1571=TOROIDAL_SURFACE('',#1796,2.5,0.5);
#1572=TOROIDAL_SURFACE('',#1805,4.5,0.5);
#1573=TOROIDAL_SURFACE('',#1823,1.5,0.5);
#1574=ADVANCED_FACE('',(#377),#1566,.T.);
#1575=ADVANCED_FACE('',(#378,#129,#130),#355,.F.);
#1576=ADVANCED_FACE('',(#379),#77,.F.);
#1577=ADVANCED_FACE('',(#380),#1567,.T.);
#1578=ADVANCED_FACE('',(#381),#78,.F.);
#1579=ADVANCED_FACE('',(#382),#65,.T.);
#1580=ADVANCED_FACE('',(#383),#66,.T.);
#1581=ADVANCED_FACE('',(#384),#67,.T.);
#1582=ADVANCED_FACE('',(#385),#68,.T.);
#1583=ADVANCED_FACE('',(#386),#79,.T.);
#1584=ADVANCED_FACE('',(#387),#69,.T.);
#1585=ADVANCED_FACE('',(#388),#70,.T.);
#1586=ADVANCED_FACE('',(#389),#80,.T.);
#1587=ADVANCED_FACE('',(#390),#71,.T.);
#1588=ADVANCED_FACE('',(#391),#72,.T.);
#1589=ADVANCED_FACE('',(#392),#73,.T.);
#1590=ADVANCED_FACE('',(#393),#81,.T.);
#1591=ADVANCED_FACE('',(#394),#82,.T.);
#1592=ADVANCED_FACE('',(#395),#74,.T.);
#1593=ADVANCED_FACE('',(#396),#83,.T.);
#1594=ADVANCED_FACE('',(#397),#84,.T.);
#1595=ADVANCED_FACE('',(#398),#75,.T.);
#1596=ADVANCED_FACE('',(#399),#85,.T.);
#1597=ADVANCED_FACE('',(#400),#1568,.T.);
#1598=ADVANCED_FACE('',(#401),#86,.T.);
#1599=ADVANCED_FACE('',(#402),#87,.T.);
#1600=ADVANCED_FACE('',(#403),#76,.T.);
#1601=ADVANCED_FACE('',(#404),#88,.T.);
#1602=ADVANCED_FACE('',(#405),#89,.T.);
#1603=ADVANCED_FACE('',(#406),#90,.T.);
#1604=ADVANCED_FACE('',(#407),#91,.T.);
#1605=ADVANCED_FACE('',(#408),#1569,.T.);
#1606=ADVANCED_FACE('',(#409),#92,.T.);
#1607=ADVANCED_FACE('',(#410),#1570,.T.);
#1608=ADVANCED_FACE('',(#411),#93,.T.);
#1609=ADVANCED_FACE('',(#412),#1571,.T.);
#1610=ADVANCED_FACE('',(#413),#94,.T.);
#1611=ADVANCED_FACE('',(#414),#95,.T.);
#1612=ADVANCED_FACE('',(#415),#96,.T.);
#1613=ADVANCED_FACE('',(#416),#97,.T.);
#1614=ADVANCED_FACE('',(#417),#1572,.T.);
#1615=ADVANCED_FACE('',(#418),#98,.T.);
#1616=ADVANCED_FACE('',(#419),#99,.T.);
#1617=ADVANCED_FACE('',(#420),#100,.T.);
#1618=ADVANCED_FACE('',(#421),#101,.T.);
#1619=ADVANCED_FACE('',(#422),#102,.T.);
#1620=ADVANCED_FACE('',(#423),#103,.T.);
#1621=ADVANCED_FACE('',(#424),#18,.F.);
#1622=ADVANCED_FACE('',(#425),#104,.T.);
#1623=ADVANCED_FACE('',(#426),#105,.T.);
#1624=ADVANCED_FACE('',(#427),#1573,.T.);
#1625=ADVANCED_FACE('',(#428),#106,.T.);
#1626=ADVANCED_FACE('',(#429),#107,.T.);
#1627=ADVANCED_FACE('',(#430),#108,.T.);
#1628=ADVANCED_FACE('',(#431),#109,.T.);
#1629=ADVANCED_FACE('',(#432),#19,.F.);
#1630=ADVANCED_FACE('',(#433),#110,.T.);
#1631=ADVANCED_FACE('',(#434),#111,.T.);
#1632=ADVANCED_FACE('',(#435),#356,.F.);
#1633=ADVANCED_FACE('',(#436),#357,.T.);
#1634=ADVANCED_FACE('',(#437),#112,.T.);
#1635=ADVANCED_FACE('',(#438),#358,.T.);
#1636=ADVANCED_FACE('',(#439),#113,.T.);
#1637=ADVANCED_FACE('',(#440),#359,.F.);
#1638=ADVANCED_FACE('',(#441),#360,.F.);
#1639=ADVANCED_FACE('',(#442),#361,.F.);
#1640=ADVANCED_FACE('',(#443),#362,.F.);
#1641=ADVANCED_FACE('',(#444),#363,.F.);
#1642=ADVANCED_FACE('',(#445),#364,.T.);
#1643=ADVANCED_FACE('',(#446),#365,.T.);
#1644=ADVANCED_FACE('',(#447),#114,.F.);
#1645=ADVANCED_FACE('',(#448),#366,.F.);
#1646=ADVANCED_FACE('',(#449),#367,.F.);
#1647=ADVANCED_FACE('',(#450),#368,.F.);
#1648=ADVANCED_FACE('',(#451),#369,.F.);
#1649=ADVANCED_FACE('',(#452),#370,.F.);
#1650=ADVANCED_FACE('',(#453),#20,.F.);
#1651=ADVANCED_FACE('',(#454),#21,.F.);
#1652=ADVANCED_FACE('',(#455),#22,.F.);
#1653=ADVANCED_FACE('',(#456),#23,.F.);
#1654=ADVANCED_FACE('',(#457),#24,.F.);
#1655=ADVANCED_FACE('',(#458),#371,.F.);
#1656=ADVANCED_FACE('',(#459),#115,.T.);
#1657=ADVANCED_FACE('',(#460),#25,.F.);
#1658=ADVANCED_FACE('',(#461),#26,.F.);
#1659=ADVANCED_FACE('',(#462),#27,.F.);
#1660=ADVANCED_FACE('',(#463),#28,.F.);
#1661=ADVANCED_FACE('',(#464),#29,.F.);
#1662=ADVANCED_FACE('',(#465),#116,.T.);
#1663=ADVANCED_FACE('',(#466),#117,.T.);
#1664=ADVANCED_FACE('',(#467),#118,.F.);
#1665=ADVANCED_FACE('',(#468),#119,.T.);
#1666=ADVANCED_FACE('',(#469),#120,.T.);
#1667=ADVANCED_FACE('',(#470),#121,.F.);
#1668=ADVANCED_FACE('',(#471),#122,.T.);
#1669=ADVANCED_FACE('',(#472),#372,.T.);
#1670=ADVANCED_FACE('',(#473),#123,.T.);
#1671=ADVANCED_FACE('',(#474,#131),#373,.T.);
#1672=ADVANCED_FACE('',(#475,#132),#374,.T.);
#1673=ADVANCED_FACE('',(#476),#124,.T.);
#1674=ADVANCED_FACE('',(#477),#125,.T.);
#1675=ADVANCED_FACE('',(#478),#15,.F.);
#1676=ADVANCED_FACE('',(#479),#30,.F.);
#1677=ADVANCED_FACE('',(#480),#126,.T.);
#1678=ADVANCED_FACE('',(#481),#16,.F.);
#1679=ADVANCED_FACE('',(#482),#127,.T.);
#1680=ADVANCED_FACE('',(#483),#375,.T.);
#1681=ADVANCED_FACE('',(#484),#128,.T.);
#1682=ADVANCED_FACE('',(#485),#376,.T.);
#1683=CLOSED_SHELL('',(#1574,#1575,#1576,#1577,#1578,#1579,#1580,#1581,
#1582,#1583,#1584,#1585,#1586,#1587,#1588,#1589,#1590,#1591,#1592,#1593,
#1594,#1595,#1596,#1597,#1598,#1599,#1600,#1601,#1602,#1603,#1604,#1605,
#1606,#1607,#1608,#1609,#1610,#1611,#1612,#1613,#1614,#1615,#1616,#1617,
#1618,#1619,#1620,#1621,#1622,#1623,#1624,#1625,#1626,#1627,#1628,#1629,
#1630,#1631,#1632,#1633,#1634,#1635,#1636,#1637,#1638,#1639,#1640,#1641,
#1642,#1643,#1644,#1645,#1646,#1647,#1648,#1649,#1650,#1651,#1652,#1653,
#1654,#1655,#1656,#1657,#1658,#1659,#1660,#1661,#1662,#1663,#1664,#1665,
#1666,#1667,#1668,#1669,#1670,#1671,#1672,#1673,#1674,#1675,#1676,#1677,
#1678,#1679,#1680,#1681,#1682));
#1684=DERIVED_UNIT_ELEMENT(#1686,1.);
#1685=DERIVED_UNIT_ELEMENT(#3319,-3.);
#1686=(
MASS_UNIT()
NAMED_UNIT(*)
SI_UNIT(.KILO.,.GRAM.)
);
#1687=DERIVED_UNIT((#1684,#1685));
#1688=MEASURE_REPRESENTATION_ITEM('density measure',
POSITIVE_RATIO_MEASURE(7850.),#1687);
#1689=PROPERTY_DEFINITION_REPRESENTATION(#1694,#1691);
#1690=PROPERTY_DEFINITION_REPRESENTATION(#1695,#1692);
#1691=REPRESENTATION('material name',(#1693),#3316);
#1692=REPRESENTATION('density',(#1688),#3316);
#1693=DESCRIPTIVE_REPRESENTATION_ITEM('Steel','Steel');
#1694=PROPERTY_DEFINITION('material property','material name',#3326);
#1695=PROPERTY_DEFINITION('material property','density of part',#3326);
#1696=AXIS2_PLACEMENT_3D('',#2488,#1923,#1924);
#1697=AXIS2_PLACEMENT_3D('',#2489,#1925,#1926);
#1698=AXIS2_PLACEMENT_3D('',#2492,#1927,#1928);
#1699=AXIS2_PLACEMENT_3D('',#2494,#1929,#1930);
#1700=AXIS2_PLACEMENT_3D('',#2495,#1931,#1932);
#1701=AXIS2_PLACEMENT_3D('',#2496,#1933,#1934);
#1702=AXIS2_PLACEMENT_3D('',#2497,#1935,#1936);
#1703=AXIS2_PLACEMENT_3D('',#2504,#1939,#1940);
#1704=AXIS2_PLACEMENT_3D('',#2508,#1942,#1943);
#1705=AXIS2_PLACEMENT_3D('',#2512,#1945,#1946);
#1706=AXIS2_PLACEMENT_3D('',#2523,#1952,#1953);
#1707=AXIS2_PLACEMENT_3D('',#2524,#1954,#1955);
#1708=AXIS2_PLACEMENT_3D('',#2527,#1957,#1958);
#1709=AXIS2_PLACEMENT_3D('',#2528,#1959,#1960);
#1710=AXIS2_PLACEMENT_3D('',#2531,#1961,#1962);
#1711=AXIS2_PLACEMENT_3D('',#2532,#1963,#1964);
#1712=AXIS2_PLACEMENT_3D('',#2533,#1965,#1966);
#1713=AXIS2_PLACEMENT_3D('',#2534,#1967,#1968);
#1714=AXIS2_PLACEMENT_3D('',#2537,#1970,#1971);
#1715=AXIS2_PLACEMENT_3D('',#2538,#1972,#1973);
#1716=AXIS2_PLACEMENT_3D('',#2541,#1974,#1975);
#1717=AXIS2_PLACEMENT_3D('',#2543,#1976,#1977);
#1718=AXIS2_PLACEMENT_3D('',#2544,#1978,#1979);
#1719=AXIS2_PLACEMENT_3D('',#2545,#1980,#1981);
#1720=AXIS2_PLACEMENT_3D('',#2548,#1982,#1983);
#1721=AXIS2_PLACEMENT_3D('',#2550,#1984,#1985);
#1722=AXIS2_PLACEMENT_3D('',#2551,#1986,#1987);
#1723=AXIS2_PLACEMENT_3D('',#2552,#1988,#1989);
#1724=AXIS2_PLACEMENT_3D('',#2555,#1990,#1991);
#1725=AXIS2_PLACEMENT_3D('',#2557,#1992,#1993);
#1726=AXIS2_PLACEMENT_3D('',#2558,#1994,#1995);
#1727=AXIS2_PLACEMENT_3D('',#2559,#1996,#1997);
#1728=AXIS2_PLACEMENT_3D('',#2562,#1998,#1999);
#1729=AXIS2_PLACEMENT_3D('',#2564,#2000,#2001);
#1730=AXIS2_PLACEMENT_3D('',#2565,#2002,#2003);
#1731=AXIS2_PLACEMENT_3D('',#2566,#2004,#2005);
#1732=AXIS2_PLACEMENT_3D('',#2569,#2008,#2009);
#1733=AXIS2_PLACEMENT_3D('',#2572,#2010,#2011);
#1734=AXIS2_PLACEMENT_3D('',#2574,#2012,#2013);
#1735=AXIS2_PLACEMENT_3D('',#2575,#2014,#2015);
#1736=AXIS2_PLACEMENT_3D('',#2576,#2016,#2017);
#1737=AXIS2_PLACEMENT_3D('',#2579,#2018,#2019);
#1738=AXIS2_PLACEMENT_3D('',#2580,#2020,#2021);
#1739=AXIS2_PLACEMENT_3D('',#2581,#2022,#2023);
#1740=AXIS2_PLACEMENT_3D('',#2582,#2024,#2025);
#1741=AXIS2_PLACEMENT_3D('',#2587,#2028,#2029);
#1742=AXIS2_PLACEMENT_3D('',#2588,#2030,#2031);
#1743=AXIS2_PLACEMENT_3D('',#2591,#2032,#2033);
#1744=AXIS2_PLACEMENT_3D('',#2593,#2034,#2035);
#1745=AXIS2_PLACEMENT_3D('',#2594,#2036,#2037);
#1746=AXIS2_PLACEMENT_3D('',#2595,#2038,#2039);
#1747=AXIS2_PLACEMENT_3D('',#2598,#2040,#2041);
#1748=AXIS2_PLACEMENT_3D('',#2600,#2042,#2043);
#1749=AXIS2_PLACEMENT_3D('',#2601,#2044,#2045);
#1750=AXIS2_PLACEMENT_3D('',#2602,#2046,#2047);
#1751=AXIS2_PLACEMENT_3D('',#2604,#2048,#2049);
#1752=AXIS2_PLACEMENT_3D('',#2606,#2050,#2051);
#1753=AXIS2_PLACEMENT_3D('',#2607,#2052,#2053);
#1754=AXIS2_PLACEMENT_3D('',#2608,#2054,#2055);
#1755=AXIS2_PLACEMENT_3D('',#2613,#2058,#2059);
#1756=AXIS2_PLACEMENT_3D('',#2614,#2060,#2061);
#1757=AXIS2_PLACEMENT_3D('',#2617,#2063,#2064);
#1758=AXIS2_PLACEMENT_3D('',#2618,#2065,#2066);
#1759=AXIS2_PLACEMENT_3D('',#2620,#2067,#2068);
#1760=AXIS2_PLACEMENT_3D('',#2622,#2069,#2070);
#1761=AXIS2_PLACEMENT_3D('',#2623,#2071,#2072);
#1762=AXIS2_PLACEMENT_3D('',#2624,#2073,#2074);
#1763=AXIS2_PLACEMENT_3D('',#2626,#2076,#2077);
#1764=AXIS2_PLACEMENT_3D('',#2629,#2080,#2081);
#1765=AXIS2_PLACEMENT_3D('',#2632,#2082,#2083);
#1766=AXIS2_PLACEMENT_3D('',#2634,#2084,#2085);
#1767=AXIS2_PLACEMENT_3D('',#2635,#2086,#2087);
#1768=AXIS2_PLACEMENT_3D('',#2636,#2088,#2089);
#1769=AXIS2_PLACEMENT_3D('',#2639,#2090,#2091);
#1770=AXIS2_PLACEMENT_3D('',#2642,#2094,#2095);
#1771=AXIS2_PLACEMENT_3D('',#2645,#2096,#2097);
#1772=AXIS2_PLACEMENT_3D('',#2646,#2098,#2099);
#1773=AXIS2_PLACEMENT_3D('',#2647,#2100,#2101);
#1774=AXIS2_PLACEMENT_3D('',#2648,#2102,#2103);
#1775=AXIS2_PLACEMENT_3D('',#2651,#2106,#2107);
#1776=AXIS2_PLACEMENT_3D('',#2654,#2110,#2111);
#1777=AXIS2_PLACEMENT_3D('',#2656,#2112,#2113);
#1778=AXIS2_PLACEMENT_3D('',#2658,#2114,#2115);
#1779=AXIS2_PLACEMENT_3D('',#2659,#2116,#2117);
#1780=AXIS2_PLACEMENT_3D('',#2660,#2118,#2119);
#1781=AXIS2_PLACEMENT_3D('',#2665,#2122,#2123);
#1782=AXIS2_PLACEMENT_3D('',#2666,#2124,#2125);
#1783=AXIS2_PLACEMENT_3D('',#2669,#2128,#2129);
#1784=AXIS2_PLACEMENT_3D('',#2671,#2131,#2132);
#1785=AXIS2_PLACEMENT_3D('',#2673,#2133,#2134);
#1786=AXIS2_PLACEMENT_3D('',#2675,#2136,#2137);
#1787=AXIS2_PLACEMENT_3D('',#2677,#2138,#2139);
#1788=AXIS2_PLACEMENT_3D('',#2678,#2140,#2141);
#1789=AXIS2_PLACEMENT_3D('',#2679,#2142,#2143);
#1790=AXIS2_PLACEMENT_3D('',#2681,#2144,#2145);
#1791=AXIS2_PLACEMENT_3D('',#2683,#2147,#2148);
#1792=AXIS2_PLACEMENT_3D('',#2685,#2149,#2150);
#1793=AXIS2_PLACEMENT_3D('',#2686,#2151,#2152);
#1794=AXIS2_PLACEMENT_3D('',#2687,#2153,#2154);
#1795=AXIS2_PLACEMENT_3D('',#2689,#2155,#2156);
#1796=AXIS2_PLACEMENT_3D('',#2691,#2158,#2159);
#1797=AXIS2_PLACEMENT_3D('',#2693,#2160,#2161);
#1798=AXIS2_PLACEMENT_3D('',#2694,#2162,#2163);
#1799=AXIS2_PLACEMENT_3D('',#2695,#2164,#2165);
#1800=AXIS2_PLACEMENT_3D('',#2697,#2167,#2168);
#1801=AXIS2_PLACEMENT_3D('',#2700,#2171,#2172);
#1802=AXIS2_PLACEMENT_3D('',#2705,#2175,#2176);
#1803=AXIS2_PLACEMENT_3D('',#2706,#2177,#2178);
#1804=AXIS2_PLACEMENT_3D('',#2709,#2179,#2180);
#1805=AXIS2_PLACEMENT_3D('',#2712,#2183,#2184);
#1806=AXIS2_PLACEMENT_3D('',#2715,#2185,#2186);
#1807=AXIS2_PLACEMENT_3D('',#2716,#2187,#2188);
#1808=AXIS2_PLACEMENT_3D('',#2717,#2189,#2190);
#1809=AXIS2_PLACEMENT_3D('',#2718,#2191,#2192);
#1810=AXIS2_PLACEMENT_3D('',#2721,#2195,#2196);
#1811=AXIS2_PLACEMENT_3D('',#2724,#2199,#2200);
#1812=AXIS2_PLACEMENT_3D('',#2727,#2202,#2203);
#1813=AXIS2_PLACEMENT_3D('',#2728,#2204,#2205);
#1814=AXIS2_PLACEMENT_3D('',#2733,#2208,#2209);
#1815=AXIS2_PLACEMENT_3D('',#2734,#2210,#2211);
#1816=AXIS2_PLACEMENT_3D('',#2736,#2213,#2214);
#1817=AXIS2_PLACEMENT_3D('',#2766,#2217,#2218);
#1818=AXIS2_PLACEMENT_3D('',#2768,#2219,#2220);
#1819=AXIS2_PLACEMENT_3D('',#2770,#2221,#2222);
#1820=AXIS2_PLACEMENT_3D('',#2785,#2223,#2224);
#1821=AXIS2_PLACEMENT_3D('',#2788,#2227,#2228);
#1822=AXIS2_PLACEMENT_3D('',#2791,#2229,#2230);
#1823=AXIS2_PLACEMENT_3D('',#2794,#2233,#2234);
#1824=AXIS2_PLACEMENT_3D('',#2797,#2235,#2236);
#1825=AXIS2_PLACEMENT_3D('',#2798,#2237,#2238);
#1826=AXIS2_PLACEMENT_3D('',#2799,#2239,#2240);
#1827=AXIS2_PLACEMENT_3D('',#2800,#2241,#2242);
#1828=AXIS2_PLACEMENT_3D('',#2803,#2245,#2246);
#1829=AXIS2_PLACEMENT_3D('',#2806,#2249,#2250);
#1830=AXIS2_PLACEMENT_3D('',#2809,#2253,#2254);
#1831=AXIS2_PLACEMENT_3D('',#2812,#2255,#2256);
#1832=AXIS2_PLACEMENT_3D('',#2845,#2259,#2260);
#1833=AXIS2_PLACEMENT_3D('',#2846,#2261,#2262);
#1834=AXIS2_PLACEMENT_3D('',#2847,#2263,#2264);
#1835=AXIS2_PLACEMENT_3D('',#2852,#2267,#2268);
#1836=AXIS2_PLACEMENT_3D('',#2853,#2269,#2270);
#1837=AXIS2_PLACEMENT_3D('',#2856,#2273,#2274);
#1838=AXIS2_PLACEMENT_3D('',#2858,#2276,#2277);
#1839=AXIS2_PLACEMENT_3D('',#2862,#2279,#2280);
#1840=AXIS2_PLACEMENT_3D('',#2870,#2285,#2286);
#1841=AXIS2_PLACEMENT_3D('',#2873,#2288,#2289);
#1842=AXIS2_PLACEMENT_3D('',#2874,#2290,#2291);
#1843=AXIS2_PLACEMENT_3D('',#2878,#2294,#2295);
#1844=AXIS2_PLACEMENT_3D('',#2881,#2297,#2298);
#1845=AXIS2_PLACEMENT_3D('',#2882,#2299,#2300);
#1846=AXIS2_PLACEMENT_3D('',#2884,#2302,#2303);
#1847=AXIS2_PLACEMENT_3D('',#2886,#2305,#2306);
#1848=AXIS2_PLACEMENT_3D('',#2890,#2309,#2310);
#1849=AXIS2_PLACEMENT_3D('',#2894,#2313,#2314);
#1850=AXIS2_PLACEMENT_3D('',#2898,#2317,#2318);
#1851=AXIS2_PLACEMENT_3D('',#2899,#2319,#2320);
#1852=AXIS2_PLACEMENT_3D('',#2900,#2321,#2322);
#1853=AXIS2_PLACEMENT_3D('',#2902,#2324,#2325);
#1854=AXIS2_PLACEMENT_3D('',#2903,#2326,#2327);
#1855=AXIS2_PLACEMENT_3D('',#2905,#2329,#2330);
#1856=AXIS2_PLACEMENT_3D('',#2906,#2331,#2332);
#1857=AXIS2_PLACEMENT_3D('',#2907,#2333,#2334);
#1858=AXIS2_PLACEMENT_3D('',#2930,#2335,#2336);
#1859=AXIS2_PLACEMENT_3D('',#2931,#2337,#2338);
#1860=AXIS2_PLACEMENT_3D('',#2932,#2339,#2340);
#1861=AXIS2_PLACEMENT_3D('',#2951,#2341,#2342);
#1862=AXIS2_PLACEMENT_3D('',#2952,#2343,#2344);
#1863=AXIS2_PLACEMENT_3D('',#2953,#2345,#2346);
#1864=AXIS2_PLACEMENT_3D('',#2998,#2347,#2348);
#1865=AXIS2_PLACEMENT_3D('',#2999,#2349,#2350);
#1866=AXIS2_PLACEMENT_3D('',#3000,#2351,#2352);
#1867=AXIS2_PLACEMENT_3D('',#3027,#2353,#2354);
#1868=AXIS2_PLACEMENT_3D('',#3028,#2355,#2356);
#1869=AXIS2_PLACEMENT_3D('',#3029,#2357,#2358);
#1870=AXIS2_PLACEMENT_3D('',#3051,#2359,#2360);
#1871=AXIS2_PLACEMENT_3D('',#3052,#2361,#2362);
#1872=AXIS2_PLACEMENT_3D('',#3053,#2363,#2364);
#1873=AXIS2_PLACEMENT_3D('',#3061,#2368,#2369);
#1874=AXIS2_PLACEMENT_3D('',#3063,#2370,#2371);
#1875=AXIS2_PLACEMENT_3D('',#3065,#2372,#2373);
#1876=AXIS2_PLACEMENT_3D('',#3069,#2375,#2376);
#1877=AXIS2_PLACEMENT_3D('',#3071,#2378,#2379);
#1878=AXIS2_PLACEMENT_3D('',#3072,#2380,#2381);
#1879=AXIS2_PLACEMENT_3D('',#3094,#2382,#2383);
#1880=AXIS2_PLACEMENT_3D('',#3096,#2384,#2385);
#1881=AXIS2_PLACEMENT_3D('',#3097,#2386,#2387);
#1882=AXIS2_PLACEMENT_3D('',#3123,#2388,#2389);
#1883=AXIS2_PLACEMENT_3D('',#3124,#2390,#2391);
#1884=AXIS2_PLACEMENT_3D('',#3168,#2392,#2393);
#1885=AXIS2_PLACEMENT_3D('',#3169,#2394,#2395);
#1886=AXIS2_PLACEMENT_3D('',#3187,#2396,#2397);
#1887=AXIS2_PLACEMENT_3D('',#3188,#2398,#2399);
#1888=AXIS2_PLACEMENT_3D('',#3210,#2400,#2401);
#1889=AXIS2_PLACEMENT_3D('',#3211,#2402,#2403);
#1890=AXIS2_PLACEMENT_3D('',#3212,#2404,#2405);
#1891=AXIS2_PLACEMENT_3D('',#3215,#2407,#2408);
#1892=AXIS2_PLACEMENT_3D('',#3216,#2409,#2410);
#1893=AXIS2_PLACEMENT_3D('',#3220,#2412,#2413);
#1894=AXIS2_PLACEMENT_3D('',#3222,#2415,#2416);
#1895=AXIS2_PLACEMENT_3D('',#3224,#2417,#2418);
#1896=AXIS2_PLACEMENT_3D('',#3226,#2420,#2421);
#1897=AXIS2_PLACEMENT_3D('',#3227,#2422,#2423);
#1898=AXIS2_PLACEMENT_3D('',#3228,#2424,#2425);
#1899=AXIS2_PLACEMENT_3D('',#3232,#2427,#2428);
#1900=AXIS2_PLACEMENT_3D('',#3234,#2430,#2431);
#1901=AXIS2_PLACEMENT_3D('',#3237,#2433,#2434);
#1902=AXIS2_PLACEMENT_3D('',#3238,#2435,#2436);
#1903=AXIS2_PLACEMENT_3D('',#3241,#2438,#2439);
#1904=AXIS2_PLACEMENT_3D('',#3242,#2440,#2441);
#1905=AXIS2_PLACEMENT_3D('',#3248,#2445,#2446);
#1906=AXIS2_PLACEMENT_3D('',#3249,#2447,#2448);
#1907=AXIS2_PLACEMENT_3D('',#3250,#2449,#2450);
#1908=AXIS2_PLACEMENT_3D('',#3251,#2451,#2452);
#1909=AXIS2_PLACEMENT_3D('',#3253,#2453,#2454);
#1910=AXIS2_PLACEMENT_3D('',#3255,#2456,#2457);
#1911=AXIS2_PLACEMENT_3D('',#3257,#2458,#2459);
#1912=AXIS2_PLACEMENT_3D('',#3259,#2461,#2462);
#1913=AXIS2_PLACEMENT_3D('',#3261,#2464,#2465);
#1914=AXIS2_PLACEMENT_3D('',#3272,#2467,#2468);
#1915=AXIS2_PLACEMENT_3D('',#3294,#2469,#2470);
#1916=AXIS2_PLACEMENT_3D('',#3295,#2471,#2472);
#1917=AXIS2_PLACEMENT_3D('',#3296,#2473,#2474);
#1918=AXIS2_PLACEMENT_3D('',#3307,#2476,#2477);
#1919=AXIS2_PLACEMENT_3D('',#3308,#2478,#2479);
#1920=AXIS2_PLACEMENT_3D('',#3309,#2480,#2481);
#1921=AXIS2_PLACEMENT_3D('',#3311,#2483,#2484);
#1922=AXIS2_PLACEMENT_3D('',#3313,#2486,#2487);
#1923=DIRECTION('axis',(0.,0.,1.));
#1924=DIRECTION('refdir',(1.,0.,0.));
#1925=DIRECTION('center_axis',(1.,-6.98296267768627E-15,0.));
#1926=DIRECTION('ref_axis',(0.,0.,-1.));
#1927=DIRECTION('center_axis',(-1.,6.98296267768627E-15,0.));
#1928=DIRECTION('ref_axis',(-6.98296267768627E-15,-1.,0.));
#1929=DIRECTION('center_axis',(-6.98296267768627E-15,-1.,0.));
#1930=DIRECTION('ref_axis',(0.,0.,1.));
#1931=DIRECTION('center_axis',(1.,-6.98296267768627E-15,0.));
#1932=DIRECTION('ref_axis',(-6.98296267768627E-15,-1.,0.));
#1933=DIRECTION('center_axis',(-1.,6.98296267768627E-15,0.));
#1934=DIRECTION('ref_axis',(-6.98296267768627E-15,-1.,0.));
#1935=DIRECTION('center_axis',(-1.,6.98296267768627E-15,0.));
#1936=DIRECTION('ref_axis',(-6.98296267768627E-15,-1.,0.));
#1937=DIRECTION('',(-6.98296267768627E-15,-1.,0.));
#1938=DIRECTION('',(0.,0.,-1.));
#1939=DIRECTION('center_axis',(-1.,6.98296267768627E-15,0.));
#1940=DIRECTION('ref_axis',(6.10759578482445E-15,0.874642478663245,0.484768537054349));
#1941=DIRECTION('',(5.92154050760878E-15,0.847998304005087,-0.529998940003181));
#1942=DIRECTION('center_axis',(-1.,6.98296267768627E-15,0.));
#1943=DIRECTION('ref_axis',(-2.74425729026859E-31,-3.92993263308958E-17,
1.));
#1944=DIRECTION('',(5.92154050760878E-15,0.847998304005088,0.52999894000318));
#1945=DIRECTION('center_axis',(-1.,6.98296267768627E-15,0.));
#1946=DIRECTION('ref_axis',(-6.10759576190725E-15,-0.874642475381372,0.484768542975662));
#1947=DIRECTION('',(0.,0.,1.));
#1948=DIRECTION('',(-6.98296267768627E-15,-1.,0.));
#1949=DIRECTION('',(0.,0.,-1.));
#1950=DIRECTION('',(-6.98296267768627E-15,-1.,0.));
#1951=DIRECTION('',(0.,0.,1.));
#1952=DIRECTION('center_axis',(1.,-6.98296267768627E-15,0.));
#1953=DIRECTION('ref_axis',(-6.98296267768627E-15,-1.,0.));
#1954=DIRECTION('center_axis',(-1.,6.99440505513849E-15,0.));
#1955=DIRECTION('ref_axis',(-6.99440505513849E-15,-1.,0.));
#1956=DIRECTION('',(-1.,6.99440505513849E-15,0.));
#1957=DIRECTION('center_axis',(-1.,0.,0.));
#1958=DIRECTION('ref_axis',(0.,-1.,0.));
#1959=DIRECTION('center_axis',(1.,-6.98296267768627E-15,0.));
#1960=DIRECTION('ref_axis',(0.,0.,-1.));
#1961=DIRECTION('center_axis',(-1.,6.98296267768627E-15,0.));
#1962=DIRECTION('ref_axis',(-6.98296267768627E-15,-1.,0.));
#1963=DIRECTION('center_axis',(-6.98296267768627E-15,-1.,0.));
#1964=DIRECTION('ref_axis',(0.,0.,1.));
#1965=DIRECTION('center_axis',(-1.,6.98296267768627E-15,0.));
#1966=DIRECTION('ref_axis',(-6.98296267768627E-15,-1.,0.));
#1967=DIRECTION('center_axis',(-1.,6.99440505513849E-15,0.));
#1968=DIRECTION('ref_axis',(-6.99440505513849E-15,-1.,0.));
#1969=DIRECTION('',(-1.,6.99440505513849E-15,0.));
#1970=DIRECTION('center_axis',(-1.,0.,0.));
#1971=DIRECTION('ref_axis',(0.,-1.,0.));
#1972=DIRECTION('center_axis',(-0.182143211721537,-0.879465224064607,0.439732612032305));
#1973=DIRECTION('ref_axis',(0.336556770590788,-0.475963149477971,-0.812519920068739));
#1974=DIRECTION('center_axis',(4.44089209850068E-15,-1.,4.44089209850063E-15));
#1975=DIRECTION('ref_axis',(0.707106781186544,-3.94430452610506E-31,-0.707106781186552));
#1976=DIRECTION('center_axis',(-0.707106781186545,0.,-0.70710678118655));
#1977=DIRECTION('ref_axis',(0.,-1.,0.));
#1978=DIRECTION('center_axis',(1.,-8.88178419700124E-15,0.));
#1979=DIRECTION('ref_axis',(0.,0.,-1.));
#1980=DIRECTION('center_axis',(-0.941663177664662,-0.290400099340395,-0.170112439679112));
#1981=DIRECTION('ref_axis',(0.336556770590775,-0.812519920068743,-0.475963149477973));
#1982=DIRECTION('center_axis',(-0.707106781186548,-0.707106781186548,3.14018491736755E-15));
#1983=DIRECTION('ref_axis',(0.707106781186548,-0.707106781186548,0.));
#1984=DIRECTION('center_axis',(1.21549695916193E-14,1.23512311489549E-14,
-1.));
#1985=DIRECTION('ref_axis',(0.,-1.,-1.23512311489549E-14));
#1986=DIRECTION('center_axis',(1.,0.,0.));
#1987=DIRECTION('ref_axis',(0.,0.,-1.));
#1988=DIRECTION('center_axis',(0.182143211721524,-0.879465224064613,-0.439732612032299));
#1989=DIRECTION('ref_axis',(0.336556770590776,0.475963149477961,-0.81251992006875));
#1990=DIRECTION('center_axis',(6.28036983473511E-15,1.,0.));
#1991=DIRECTION('ref_axis',(0.,0.,-1.));
#1992=DIRECTION('center_axis',(1.,-8.88178419700128E-15,0.));
#1993=DIRECTION('ref_axis',(8.88178419700128E-15,1.,0.));
#1994=DIRECTION('center_axis',(-0.707106781186552,6.28036983473513E-15,
-0.707106781186543));
#1995=DIRECTION('ref_axis',(0.707106781186543,3.94430452610506E-31,-0.707106781186552));
#1996=DIRECTION('center_axis',(0.408248290463874,0.408248290463861,-0.816496580927722));
#1997=DIRECTION('ref_axis',(-0.577350269189635,-0.577350269189612,-0.57735026918963));
#1998=DIRECTION('center_axis',(-6.66133814775108E-15,-1.,0.));
#1999=DIRECTION('ref_axis',(0.,0.,-1.));
#2000=DIRECTION('center_axis',(-1.,-2.16936748935778E-28,1.77635683940025E-14));
#2001=DIRECTION('ref_axis',(2.24207754291971E-43,-1.,-1.22124532708767E-14));
#2002=DIRECTION('center_axis',(8.87468518373642E-29,1.33226762955019E-14,
-1.));
#2003=DIRECTION('ref_axis',(-1.,6.66133814775096E-15,5.60519385729927E-44));
#2004=DIRECTION('center_axis',(-1.,0.,0.));
#2005=DIRECTION('ref_axis',(0.,-0.707106781186544,-0.707106781186551));
#2006=DIRECTION('',(1.,0.,0.));
#2007=DIRECTION('',(-1.,0.,0.));
#2008=DIRECTION('center_axis',(-0.941663177664662,0.290400099340396,-0.170112439679109));
#2009=DIRECTION('ref_axis',(0.336556770590775,0.812519920068747,-0.475963149477967));
#2010=DIRECTION('center_axis',(-1.11022302462515E-15,1.11022302462516E-15,
-1.));
#2011=DIRECTION('ref_axis',(0.707106781186549,0.707106781186546,3.74708929979981E-30));
#2012=DIRECTION('center_axis',(-0.707106781186547,0.707106781186548,0.));
#2013=DIRECTION('ref_axis',(0.,0.,-1.));
#2014=DIRECTION('center_axis',(1.,0.,0.));
#2015=DIRECTION('ref_axis',(0.,1.,-2.7755575615629E-16));
#2016=DIRECTION('center_axis',(-0.816496580927733,-0.408248290463859,-0.408248290463852));
#2017=DIRECTION('ref_axis',(0.577350269189618,-0.577350269189635,-0.577350269189625));
#2018=DIRECTION('center_axis',(1.,-8.88178419700126E-15,0.));
#2019=DIRECTION('ref_axis',(0.,0.,-1.));
#2020=DIRECTION('center_axis',(-6.66133814775096E-15,-1.,4.44089209850063E-15));
#2021=DIRECTION('ref_axis',(1.,-6.66133814775096E-15,0.));
#2022=DIRECTION('center_axis',(0.,0.,-1.));
#2023=DIRECTION('ref_axis',(0.,-1.,0.));
#2024=DIRECTION('center_axis',(-0.707106781186552,4.94579124485393E-15,
-0.707106781186543));
#2025=DIRECTION('ref_axis',(0.499999999999999,0.707106781186548,-0.500000000000001));
#2026=DIRECTION('',(-0.707106781186552,4.94579124485393E-15,-0.707106781186543));
#2027=DIRECTION('',(0.707106781186552,-4.94579124485393E-15,0.707106781186543));
#2028=DIRECTION('center_axis',(-0.923879532511286,8.20569863179164E-15,
-0.382683432365091));
#2029=DIRECTION('ref_axis',(-0.382683432365091,6.88633358054598E-15,0.923879532511286));
#2030=DIRECTION('center_axis',(-0.816496580927736,-0.408248290463855,0.408248290463851));
#2031=DIRECTION('ref_axis',(-0.577350269189609,0.577350269189638,-0.577350269189631));
#2032=DIRECTION('center_axis',(-1.,1.77635683940025E-14,0.));
#2033=DIRECTION('ref_axis',(0.,0.,-1.));
#2034=DIRECTION('center_axis',(6.66133814775108E-15,1.,4.44089209850062E-15));
#2035=DIRECTION('ref_axis',(-1.,6.66133814775108E-15,0.));
#2036=DIRECTION('center_axis',(0.,0.,-1.));
#2037=DIRECTION('ref_axis',(0.,1.,0.));
#2038=DIRECTION('center_axis',(0.182143211721524,-0.87946522406461,-0.439732612032305));
#2039=DIRECTION('ref_axis',(0.336556770590775,0.475963149477966,-0.812519920068747));
#2040=DIRECTION('center_axis',(-0.707106781186553,-1.17756934401282E-15,
-0.707106781186543));
#2041=DIRECTION('ref_axis',(0.707106781186543,0.,-0.707106781186553));
#2042=DIRECTION('center_axis',(0.,1.,0.));
#2043=DIRECTION('ref_axis',(0.,0.,-1.));
#2044=DIRECTION('center_axis',(1.,0.,0.));
#2045=DIRECTION('ref_axis',(0.,1.,0.));
#2046=DIRECTION('center_axis',(0.40824829046386,-0.816496580927727,-0.408248290463865));
#2047=DIRECTION('ref_axis',(0.577350269189623,0.577350269189623,-0.577350269189631));
#2048=DIRECTION('center_axis',(6.66133814775096E-15,1.,0.));
#2049=DIRECTION('ref_axis',(0.,0.,-1.));
#2050=DIRECTION('center_axis',(1.,0.,0.));
#2051=DIRECTION('ref_axis',(0.,1.,0.));
#2052=DIRECTION('center_axis',(0.,0.,-1.));
#2053=DIRECTION('ref_axis',(1.,-6.66133814775096E-15,0.));
#2054=DIRECTION('center_axis',(1.,2.09708793540309E-15,0.));
#2055=DIRECTION('ref_axis',(-1.48286509986802E-15,0.707106781186548,-0.707106781186547));
#2056=DIRECTION('',(1.,2.09708793540309E-15,0.));
#2057=DIRECTION('',(-1.,-2.09708793540309E-15,0.));
#2058=DIRECTION('center_axis',(0.923879532511287,-4.24863957754306E-16,
0.38268343236509));
#2059=DIRECTION('ref_axis',(-0.38268343236509,-6.50566718994742E-15,0.923879532511287));
#2060=DIRECTION('center_axis',(0.,0.,1.));
#2061=DIRECTION('ref_axis',(0.707106781186549,0.707106781186546,0.));
#2062=DIRECTION('',(0.,0.,1.));
#2063=DIRECTION('center_axis',(-4.71027737605134E-15,-0.707106781186548,
-0.707106781186548));
#2064=DIRECTION('ref_axis',(4.71027737605134E-15,0.707106781186547,-0.707106781186547));
#2065=DIRECTION('center_axis',(-0.408248290463874,-0.408248290463859,-0.816496580927722));
#2066=DIRECTION('ref_axis',(0.57735026918963,0.577350269189616,-0.577350269189632));
#2067=DIRECTION('center_axis',(0.,0.,-1.));
#2068=DIRECTION('ref_axis',(1.,-8.88178419700128E-15,0.));
#2069=DIRECTION('center_axis',(1.77635683940026E-14,1.,0.));
#2070=DIRECTION('ref_axis',(0.,0.,-1.));
#2071=DIRECTION('center_axis',(1.,-8.88178419700128E-15,0.));
#2072=DIRECTION('ref_axis',(8.88178419700128E-15,1.,0.));
#2073=DIRECTION('center_axis',(6.98296267768627E-15,1.,0.));
#2074=DIRECTION('ref_axis',(0.707106781186547,-4.93770026216453E-15,-0.707106781186548));
#2075=DIRECTION('',(6.98296267768627E-15,1.,0.));
#2076=DIRECTION('center_axis',(-1.,6.99440505513849E-15,0.));
#2077=DIRECTION('ref_axis',(4.94579124485389E-15,0.707106781186547,-0.707106781186548));
#2078=DIRECTION('',(1.,-6.99440505513849E-15,0.));
#2079=DIRECTION('',(-1.,6.99440505513849E-15,0.));
#2080=DIRECTION('center_axis',(-0.182143211721524,-0.879465224064611,0.439732612032303));
#2081=DIRECTION('ref_axis',(0.336556770590775,-0.475963149477966,-0.812519920068748));
#2082=DIRECTION('center_axis',(-0.707106781186551,6.28036983473516E-15,
-0.707106781186544));
#2083=DIRECTION('ref_axis',(-8.88178419700129E-15,-1.,-5.52202633654708E-30));
#2084=DIRECTION('center_axis',(1.,-8.88178419700128E-15,0.));
#2085=DIRECTION('ref_axis',(0.,0.,-1.));
#2086=DIRECTION('center_axis',(4.44089209850068E-15,-1.,4.44089209850063E-15));
#2087=DIRECTION('ref_axis',(0.707106781186544,-3.94430452610506E-31,-0.707106781186552));
#2088=DIRECTION('center_axis',(-1.,6.99440505513849E-15,0.));
#2089=DIRECTION('ref_axis',(-4.94579124485388E-15,-0.707106781186546,-0.707106781186549));
#2090=DIRECTION('center_axis',(1.,-1.77635683940026E-14,0.));
#2091=DIRECTION('ref_axis',(-1.77635683940026E-14,-1.,8.3266726846887E-16));
#2092=DIRECTION('',(1.,-6.99440505513849E-15,0.));
#2093=DIRECTION('',(-1.,6.99440505513849E-15,0.));
#2094=DIRECTION('center_axis',(0.,0.,1.));
#2095=DIRECTION('ref_axis',(1.,0.,0.));
#2096=DIRECTION('center_axis',(-4.44089209850064E-15,-1.,0.));
#2097=DIRECTION('ref_axis',(-1.,4.44089209850064E-15,0.));
#2098=DIRECTION('center_axis',(0.,0.,1.));
#2099=DIRECTION('ref_axis',(-0.707106781186552,-0.707106781186543,0.));
#2100=DIRECTION('center_axis',(0.,0.,-1.));
#2101=DIRECTION('ref_axis',(-0.707106781186552,-0.707106781186543,0.));
#2102=DIRECTION('center_axis',(-6.98296267768627E-15,-1.,0.));
#2103=DIRECTION('ref_axis',(-0.70710678118654,4.93770026216448E-15,-0.707106781186555));
#2104=DIRECTION('',(6.98296267768627E-15,1.,0.));
#2105=DIRECTION('',(-6.98296267768627E-15,-1.,0.));
#2106=DIRECTION('center_axis',(0.,-1.,0.));
#2107=DIRECTION('ref_axis',(0.382683432365088,0.,-0.923879532511288));
#2108=DIRECTION('',(0.,1.,0.));
#2109=DIRECTION('',(0.,-1.,0.));
#2110=DIRECTION('center_axis',(-0.816496580927731,-0.408248290463862,-0.408248290463855));
#2111=DIRECTION('ref_axis',(0.577350269189615,-0.577350269189637,-0.577350269189626));
#2112=DIRECTION('center_axis',(0.,0.,-1.));
#2113=DIRECTION('ref_axis',(-8.88178419700128E-15,-1.,0.));
#2114=DIRECTION('center_axis',(1.,-1.77635683940025E-14,0.));
#2115=DIRECTION('ref_axis',(0.,0.,-1.));
#2116=DIRECTION('center_axis',(-8.88178419700128E-15,-1.,-4.44089209850063E-15));
#2117=DIRECTION('ref_axis',(1.,-8.88178419700128E-15,0.));
#2118=DIRECTION('center_axis',(0.707106781186552,-4.94579124485393E-15,
0.707106781186543));
#2119=DIRECTION('ref_axis',(0.499999999999996,-0.707106781186545,-0.500000000000007));
#2120=DIRECTION('',(-0.707106781186552,4.94579124485393E-15,-0.707106781186543));
#2121=DIRECTION('',(0.707106781186552,-4.94579124485393E-15,0.707106781186543));
#2122=DIRECTION('center_axis',(-0.923879532511287,8.20569863179168E-15,
-0.38268343236509));
#2123=DIRECTION('ref_axis',(0.38268343236509,-6.88633358054606E-15,-0.923879532511287));
#2124=DIRECTION('center_axis',(1.,-6.99440505513849E-15,0.));
#2125=DIRECTION('ref_axis',(-4.94579124485391E-15,-0.70710678118655,-0.707106781186545));
#2126=DIRECTION('',(1.,-6.99440505513849E-15,0.));
#2127=DIRECTION('',(-1.,6.99440505513849E-15,0.));
#2128=DIRECTION('center_axis',(6.98296267768627E-15,1.,0.));
#2129=DIRECTION('ref_axis',(0.707106781186547,-4.93770026216453E-15,-0.707106781186548));
#2130=DIRECTION('',(6.98296267768627E-15,1.,0.));
#2131=DIRECTION('center_axis',(0.,0.,-1.));
#2132=DIRECTION('ref_axis',(0.707106781186544,-0.707106781186551,0.));
#2133=DIRECTION('center_axis',(3.94430452610505E-29,4.44089209850064E-15,
-1.));
#2134=DIRECTION('ref_axis',(1.,-8.8817841970012E-15,1.68155815718978E-44));
#2135=DIRECTION('',(0.,0.,-1.));
#2136=DIRECTION('center_axis',(-1.,6.98296267768627E-15,0.));
#2137=DIRECTION('ref_axis',(0.,0.,1.));
#2138=DIRECTION('center_axis',(-7.53173793559629E-15,-0.847998304005089,
-0.529998940003178));
#2139=DIRECTION('ref_axis',(1.,-8.88178419700128E-15,-7.88860905221012E-31));
#2140=DIRECTION('center_axis',(1.,-6.98296267768627E-15,0.));
#2141=DIRECTION('ref_axis',(-6.10759576190725E-15,-0.874642475381372,0.484768542975662));
#2142=DIRECTION('center_axis',(-5.92154050760878E-15,-0.847998304005088,
-0.52999894000318));
#2143=DIRECTION('ref_axis',(0.707106781186548,-0.374765844497934,0.599625351196687));
#2144=DIRECTION('center_axis',(-5.64880345169716E-15,-0.847998304005087,
-0.529998940003181));
#2145=DIRECTION('ref_axis',(1.,-6.66133814775091E-15,-4.73316543132607E-30));
#2146=DIRECTION('',(-5.92154050760878E-15,-0.847998304005088,-0.52999894000318));
#2147=DIRECTION('center_axis',(-1.,6.98296267768627E-15,0.));
#2148=DIRECTION('ref_axis',(0.,0.,1.));
#2149=DIRECTION('center_axis',(-6.11953707267198E-15,-0.847998304005088,
0.52999894000318));
#2150=DIRECTION('ref_axis',(1.,-7.21644966006354E-15,1.97215226305253E-30));
#2151=DIRECTION('center_axis',(1.,-6.98296267768627E-15,0.));
#2152=DIRECTION('ref_axis',(-2.74425729026859E-31,-3.92993263308958E-17,
1.));
#2153=DIRECTION('center_axis',(-5.92154050760878E-15,-0.847998304005087,
0.529998940003181));
#2154=DIRECTION('ref_axis',(0.707106781186545,0.374765844497929,0.599625351196693));
#2155=DIRECTION('center_axis',(-3.76586896779814E-15,-0.847998304005089,
0.529998940003179));
#2156=DIRECTION('ref_axis',(1.,-4.44089209850064E-15,-1.97215226305253E-30));
#2157=DIRECTION('',(-5.92154050760878E-15,-0.847998304005087,0.529998940003181));
#2158=DIRECTION('center_axis',(-1.,6.98296267768627E-15,0.));
#2159=DIRECTION('ref_axis',(0.,0.,1.));
#2160=DIRECTION('center_axis',(0.,0.,1.));
#2161=DIRECTION('ref_axis',(1.,-8.88178419700128E-15,0.));
#2162=DIRECTION('center_axis',(1.,-6.98296267768627E-15,0.));
#2163=DIRECTION('ref_axis',(6.10759578482445E-15,0.874642478663245,0.48476853705435));
#2164=DIRECTION('center_axis',(0.,0.,-1.));
#2165=DIRECTION('ref_axis',(0.707106781186551,0.707106781186544,0.));
#2166=DIRECTION('',(0.,0.,1.));
#2167=DIRECTION('center_axis',(0.707106781186552,1.48286509986803E-15,0.707106781186543));
#2168=DIRECTION('ref_axis',(0.499999999999997,0.707106781186546,-0.500000000000005));
#2169=DIRECTION('',(-0.707106781186552,-1.48286509986803E-15,-0.707106781186543));
#2170=DIRECTION('',(0.707106781186552,1.48286509986803E-15,0.707106781186543));
#2171=DIRECTION('center_axis',(1.,2.09708793540309E-15,0.));
#2172=DIRECTION('ref_axis',(-1.48286509986802E-15,0.707106781186548,-0.707106781186547));
#2173=DIRECTION('',(1.,2.09708793540309E-15,0.));
#2174=DIRECTION('',(-1.,-2.09708793540309E-15,0.));
#2175=DIRECTION('center_axis',(0.923879532511287,-0.38268343236509,-8.49727915508614E-16));
#2176=DIRECTION('ref_axis',(-0.38268343236509,-0.923879532511287,-2.0514246579479E-15));
#2177=DIRECTION('center_axis',(-1.93816148621636E-30,-2.77555756156289E-16,
-1.));
#2178=DIRECTION('ref_axis',(-0.707106781186551,0.707106781186544,-1.96261557335469E-16));
#2179=DIRECTION('center_axis',(0.,0.,-1.));
#2180=DIRECTION('ref_axis',(-1.,6.66133814775084E-15,0.));
#2181=DIRECTION('',(-1.93816148621636E-30,-2.77555756156289E-16,-1.));
#2182=DIRECTION('',(1.93816148621636E-30,2.77555756156289E-16,1.));
#2183=DIRECTION('center_axis',(-1.,6.98296267768627E-15,0.));
#2184=DIRECTION('ref_axis',(0.,0.,1.));
#2185=DIRECTION('center_axis',(-7.39557098644627E-29,-1.11022302462505E-14,
1.));
#2186=DIRECTION('ref_axis',(-1.,6.66133814775096E-15,2.80259692864963E-43));
#2187=DIRECTION('center_axis',(1.,-6.98296267768627E-15,0.));
#2188=DIRECTION('ref_axis',(-9.23434071063725E-29,-1.32241014836656E-14,
1.));
#2189=DIRECTION('center_axis',(-1.,6.98296267768627E-15,0.));
#2190=DIRECTION('ref_axis',(-9.23434071063725E-29,-1.32241014836656E-14,
1.));
#2191=DIRECTION('center_axis',(-8.57636457650738E-29,-1.22818422099158E-14,
1.));
#2192=DIRECTION('ref_axis',(-0.707106781186543,-0.707106781186552,-8.68457391209475E-15));
#2193=DIRECTION('',(8.57636457650738E-29,1.22818422099158E-14,-1.));
#2194=DIRECTION('',(-8.57636457650738E-29,-1.22818422099158E-14,1.));
#2195=DIRECTION('center_axis',(1.,0.,0.));
#2196=DIRECTION('ref_axis',(0.,0.707106781186547,-0.707106781186548));
#2197=DIRECTION('',(-1.,0.,0.));
#2198=DIRECTION('',(1.,0.,0.));
#2199=DIRECTION('center_axis',(0.,0.,-1.));
#2200=DIRECTION('ref_axis',(0.707106781186549,-0.707106781186546,0.));
#2201=DIRECTION('',(0.,0.,-1.));
#2202=DIRECTION('center_axis',(4.7102773760513E-15,0.707106781186548,-0.707106781186548));
#2203=DIRECTION('ref_axis',(4.7102773760513E-15,0.707106781186547,0.707106781186547));
#2204=DIRECTION('center_axis',(-1.,-2.34380416309757E-15,0.));
#2205=DIRECTION('ref_axis',(1.65731981749955E-15,-0.707106781186547,-0.707106781186548));
#2206=DIRECTION('',(1.,2.34380416309757E-15,0.));
#2207=DIRECTION('',(-1.,-2.34380416309757E-15,0.));
#2208=DIRECTION('center_axis',(0.923879532511284,-4.24863957754316E-16,
0.382683432365097));
#2209=DIRECTION('ref_axis',(0.382683432365097,7.15036776182654E-15,-0.923879532511284));
#2210=DIRECTION('center_axis',(6.98296267768627E-15,1.,0.));
#2211=DIRECTION('ref_axis',(0.707106781186544,-4.93770026216451E-15,-0.707106781186551));
#2212=DIRECTION('',(6.98296267768627E-15,1.,0.));
#2213=DIRECTION('center_axis',(0.707106781186547,-0.707106781186548,0.));
#2214=DIRECTION('ref_axis',(0.5,0.5,-0.707106781186548));
#2215=DIRECTION('',(-0.707106781186547,0.707106781186548,0.));
#2216=DIRECTION('',(0.707106781186547,-0.707106781186548,0.));
#2217=DIRECTION('center_axis',(0.707106781186548,0.707106781186547,0.));
#2218=DIRECTION('ref_axis',(0.707106781186547,-0.707106781186548,-8.72273588157654E-17));
#2219=DIRECTION('center_axis',(0.,0.,1.));
#2220=DIRECTION('ref_axis',(0.707106781186548,0.707106781186548,0.));
#2221=DIRECTION('center_axis',(-0.66436383882992,-0.747409318683659,-4.60995019123228E-17));
#2222=DIRECTION('ref_axis',(0.747409318683659,-0.66436383882992,-9.21990038246668E-17));
#2223=DIRECTION('center_axis',(-2.77555756156288E-16,2.77555756156289E-16,
1.));
#2224=DIRECTION('ref_axis',(0.38268343236509,0.923879532511287,-1.50212092804913E-16));
#2225=DIRECTION('',(2.77555756156288E-16,-2.77555756156289E-16,-1.));
#2226=DIRECTION('',(-2.77555756156288E-16,2.77555756156289E-16,1.));
#2227=DIRECTION('center_axis',(-1.,6.99440505513849E-15,0.));
#2228=DIRECTION('ref_axis',(4.94579124485388E-15,0.707106781186546,-0.707106781186549));
#2229=DIRECTION('center_axis',(1.,-1.77635683940026E-14,0.));
#2230=DIRECTION('ref_axis',(0.,0.,-1.));
#2231=DIRECTION('',(1.,-6.99440505513849E-15,0.));
#2232=DIRECTION('',(-1.,6.99440505513849E-15,0.));
#2233=DIRECTION('center_axis',(0.,0.,1.));
#2234=DIRECTION('ref_axis',(1.,0.,0.));
#2235=DIRECTION('center_axis',(8.88178419700113E-15,1.,0.));
#2236=DIRECTION('ref_axis',(0.,0.,-1.));
#2237=DIRECTION('center_axis',(0.,0.,-1.));
#2238=DIRECTION('ref_axis',(-0.707106781186542,0.707106781186553,0.));
#2239=DIRECTION('center_axis',(0.,0.,1.));
#2240=DIRECTION('ref_axis',(-0.707106781186542,0.707106781186553,0.));
#2241=DIRECTION('center_axis',(-6.98296267768627E-15,-1.,0.));
#2242=DIRECTION('ref_axis',(-0.70710678118654,4.93770026216448E-15,-0.707106781186555));
#2243=DIRECTION('',(6.98296267768627E-15,1.,0.));
#2244=DIRECTION('',(-6.98296267768627E-15,-1.,0.));
#2245=DIRECTION('center_axis',(0.,-1.,0.));
#2246=DIRECTION('ref_axis',(0.382683432365088,0.,-0.923879532511288));
#2247=DIRECTION('',(0.,1.,0.));
#2248=DIRECTION('',(0.,-1.,0.));
#2249=DIRECTION('center_axis',(-0.707106781186552,-1.65731981749956E-15,
-0.707106781186543));
#2250=DIRECTION('ref_axis',(0.499999999999998,-0.707106781186548,-0.500000000000002));
#2251=DIRECTION('',(-0.707106781186552,-1.65731981749956E-15,-0.707106781186543));
#2252=DIRECTION('',(0.707106781186552,1.65731981749956E-15,0.707106781186543));
#2253=DIRECTION('center_axis',(1.22818422099158E-14,1.22818422099158E-14,
-1.));
#2254=DIRECTION('ref_axis',(0.382683432365091,-0.923879532511286,-6.64688510661736E-15));
#2255=DIRECTION('center_axis',(1.22124532708769E-14,1.2212453270877E-14,
-1.));
#2256=DIRECTION('ref_axis',(0.70710678118655,-0.707106781186545,-9.46633086265214E-30));
#2257=DIRECTION('',(1.22818422099158E-14,1.22818422099158E-14,-1.));
#2258=DIRECTION('',(-1.22818422099158E-14,-1.22818422099158E-14,1.));
#2259=DIRECTION('center_axis',(-0.66436383882992,0.747409318683659,4.60995019123228E-17));
#2260=DIRECTION('ref_axis',(0.747409318683659,0.66436383882992,9.21990038246668E-17));
#2261=DIRECTION('center_axis',(0.707106781186548,-0.707106781186547,0.));
#2262=DIRECTION('ref_axis',(0.707106781186547,0.707106781186548,8.72273588157654E-17));
#2263=DIRECTION('center_axis',(-0.707106781186547,-0.707106781186548,0.));
#2264=DIRECTION('ref_axis',(0.5,-0.5,-0.707106781186548));
#2265=DIRECTION('',(-0.707106781186547,-0.707106781186548,0.));
#2266=DIRECTION('',(0.707106781186547,0.707106781186548,0.));
#2267=DIRECTION('center_axis',(-0.923879532511286,-0.382683432365091,-8.49727915508615E-16));
#2268=DIRECTION('ref_axis',(-0.382683432365091,0.923879532511286,-2.05142465794792E-15));
#2269=DIRECTION('center_axis',(-1.,-2.34380416309757E-15,0.));
#2270=DIRECTION('ref_axis',(1.65731981749955E-15,-0.707106781186548,-0.707106781186547));
#2271=DIRECTION('',(1.,2.34380416309757E-15,0.));
#2272=DIRECTION('',(-1.,-2.34380416309757E-15,0.));
#2273=DIRECTION('center_axis',(0.,0.,1.));
#2274=DIRECTION('ref_axis',(1.,0.,0.));
#2275=DIRECTION('',(0.,1.,0.));
#2276=DIRECTION('center_axis',(6.99440505513849E-15,1.,0.));
#2277=DIRECTION('ref_axis',(0.,0.,-1.));
#2278=DIRECTION('',(0.,0.,-1.));
#2279=DIRECTION('center_axis',(-6.99440505513849E-15,-1.,0.));
#2280=DIRECTION('ref_axis',(-0.916006691945132,6.40692183668172E-15,0.401162984722838));
#2281=DIRECTION('',(-0.734935957133608,5.14043977377835E-15,-0.678136519376525));
#2282=DIRECTION('',(-1.,6.99440505513849E-15,0.));
#2283=DIRECTION('',(0.,0.,-1.));
#2284=DIRECTION('',(-1.,6.99440505513849E-15,0.));
#2285=DIRECTION('center_axis',(0.,0.,-1.));
#2286=DIRECTION('ref_axis',(-0.707106781186544,0.707106781186551,0.));
#2287=DIRECTION('',(0.,0.,1.));
#2288=DIRECTION('center_axis',(0.,0.,1.));
#2289=DIRECTION('ref_axis',(8.88178419700071E-15,1.,0.));
#2290=DIRECTION('center_axis',(-1.,6.98296267768627E-15,0.));
#2291=DIRECTION('ref_axis',(-6.98296267768627E-15,-1.,0.));
#2292=DIRECTION('',(0.,0.,-1.));
#2293=DIRECTION('',(0.,-1.,0.));
#2294=DIRECTION('center_axis',(0.,0.,1.));
#2295=DIRECTION('ref_axis',(-0.707106781186552,-0.707106781186543,0.));
#2296=DIRECTION('',(0.,0.,1.));
#2297=DIRECTION('center_axis',(0.,0.,-1.));
#2298=DIRECTION('ref_axis',(-8.88178419700125E-15,-1.,0.));
#2299=DIRECTION('center_axis',(-0.707106781186543,0.,0.707106781186552));
#2300=DIRECTION('ref_axis',(0.707106781186552,0.,0.707106781186543));
#2301=DIRECTION('',(0.,1.,0.));
#2302=DIRECTION('center_axis',(0.,1.,1.22818422099158E-14));
#2303=DIRECTION('ref_axis',(-1.83550194915226E-30,-1.22818422099158E-14,
1.));
#2304=DIRECTION('',(1.,0.,0.));
#2305=DIRECTION('center_axis',(2.09708793540309E-15,-1.,0.));
#2306=DIRECTION('ref_axis',(1.,2.09708793540309E-15,0.));
#2307=DIRECTION('',(0.,0.,1.));
#2308=DIRECTION('',(1.,2.09708793540309E-15,0.));
#2309=DIRECTION('center_axis',(-0.707106781186548,-0.707106781186547,0.));
#2310=DIRECTION('ref_axis',(0.707106781186547,-0.707106781186548,0.));
#2311=DIRECTION('',(0.,0.,1.));
#2312=DIRECTION('',(0.707106781186547,-0.707106781186548,0.));
#2313=DIRECTION('center_axis',(-0.707106781186548,0.707106781186547,0.));
#2314=DIRECTION('ref_axis',(-0.707106781186547,-0.707106781186548,0.));
#2315=DIRECTION('',(0.,0.,1.));
#2316=DIRECTION('',(-0.707106781186547,-0.707106781186548,0.));
#2317=DIRECTION('center_axis',(0.,0.,-1.));
#2318=DIRECTION('ref_axis',(-6.98296267768627E-15,-1.,0.));
#2319=DIRECTION('center_axis',(0.,0.,-1.));
#2320=DIRECTION('ref_axis',(-6.98296267768627E-15,-1.,0.));
#2321=DIRECTION('center_axis',(1.,0.,0.));
#2322=DIRECTION('ref_axis',(0.,-0.707106781186547,0.707106781186548));
#2323=DIRECTION('',(-1.,0.,0.));
#2324=DIRECTION('center_axis',(0.,-1.,2.77555756156289E-16));
#2325=DIRECTION('ref_axis',(0.,-2.77555756156289E-16,-1.));
#2326=DIRECTION('center_axis',(-2.34380416309757E-15,1.,0.));
#2327=DIRECTION('ref_axis',(-1.,-2.34380416309757E-15,0.));
#2328=DIRECTION('',(-1.,-2.34380416309757E-15,0.));
#2329=DIRECTION('center_axis',(0.,0.,1.));
#2330=DIRECTION('ref_axis',(1.,0.,0.));
#2331=DIRECTION('center_axis',(0.,0.,1.));
#2332=DIRECTION('ref_axis',(1.,0.,0.));
#2333=DIRECTION('center_axis',(-0.707106781186543,0.,0.707106781186552));
#2334=DIRECTION('ref_axis',(0.707106781186552,0.,0.707106781186543));
#2335=DIRECTION('center_axis',(1.9251411429306E-14,1.,1.77635683940025E-14));
#2336=DIRECTION('ref_axis',(-0.67813651937651,-3.31321580192825E-29,0.734935957133621));
#2337=DIRECTION('center_axis',(-0.959615602407945,0.,-0.281314584789409));
#2338=DIRECTION('ref_axis',(-0.281314584789409,0.,0.959615602407945));
#2339=DIRECTION('center_axis',(0.896025704614965,-2.46470722125293E-15,
0.44400218092849));
#2340=DIRECTION('ref_axis',(-0.44400218092849,0.,0.896025704614965));
#2341=DIRECTION('center_axis',(0.21183265201721,0.957560363861075,0.195461190781192));
#2342=DIRECTION('ref_axis',(-0.678136519376527,1.11022302462516E-16,0.734935957133606));
#2343=DIRECTION('center_axis',(-0.775992992615871,0.,0.630741528211886));
#2344=DIRECTION('ref_axis',(0.630741528211886,0.,0.775992992615871));
#2345=DIRECTION('center_axis',(0.678136519376525,0.,-0.734935957133608));
#2346=DIRECTION('ref_axis',(0.734935957133608,-1.88220694412745E-16,0.678136519376525));
#2347=DIRECTION('center_axis',(-0.617755693633166,-0.541722836577548,-0.570012518559182));
#2348=DIRECTION('ref_axis',(-0.678136519376529,-5.55111512312578E-17,0.734935957133604));
#2349=DIRECTION('center_axis',(0.620332583523064,0.,-0.78433888455157));
#2350=DIRECTION('ref_axis',(-0.78433888455157,0.,-0.620332583523064));
#2351=DIRECTION('center_axis',(-0.678136519376525,0.,0.734935957133608));
#2352=DIRECTION('ref_axis',(-0.734935957133608,0.,-0.678136519376525));
#2353=DIRECTION('center_axis',(-0.732720493917641,0.0775880755093313,-0.676092277970874));
#2354=DIRECTION('ref_axis',(-0.678136519376531,-2.2065682614425E-15,0.734935957133602));
#2355=DIRECTION('center_axis',(-0.775992992615871,0.,0.630741528211886));
#2356=DIRECTION('ref_axis',(-0.630741528211886,0.,-0.775992992615871));
#2357=DIRECTION('center_axis',(0.678136519376525,0.,-0.734935957133608));
#2358=DIRECTION('ref_axis',(-0.734935957133608,-1.56850578677288E-17,-0.678136519376525));
#2359=DIRECTION('center_axis',(0.382154489391623,0.783633918767516,-0.489771199229695));
#2360=DIRECTION('ref_axis',(-0.924098450511539,0.324066358872027,-0.202541474295016));
#2361=DIRECTION('center_axis',(-0.610976480892347,-0.671316795450251,0.419572997156406));
#2362=DIRECTION('ref_axis',(-0.791648747738796,0.518107019583708,-0.323816887239816));
#2363=DIRECTION('center_axis',(0.678136519376525,0.,-0.734935957133608));
#2364=DIRECTION('ref_axis',(-0.734935957133608,0.,-0.678136519376525));
#2365=DIRECTION('',(0.734935957133608,-5.14043977377835E-15,0.678136519376525));
#2366=DIRECTION('',(0.,1.,0.));
#2367=DIRECTION('',(-0.734935957133608,5.14043977377835E-15,-0.678136519376525));
#2368=DIRECTION('center_axis',(0.678136519376525,0.,-0.734935957133608));
#2369=DIRECTION('ref_axis',(0.734935957133608,-6.27402314709151E-17,0.678136519376525));
#2370=DIRECTION('center_axis',(-0.678136519376525,0.,0.734935957133608));
#2371=DIRECTION('ref_axis',(-0.734935957133608,0.,-0.678136519376525));
#2372=DIRECTION('center_axis',(0.678136519376525,0.,-0.734935957133608));
#2373=DIRECTION('ref_axis',(-0.734935957133608,-4.70551736031863E-17,-0.678136519376525));
#2374=DIRECTION('',(-0.498073976049117,-0.735328621181765,-0.459580388238606));
#2375=DIRECTION('center_axis',(0.678136519376525,0.,-0.734935957133608));
#2376=DIRECTION('ref_axis',(0.734935957133608,-9.59925541504997E-15,0.678136519376525));
#2377=DIRECTION('',(0.498073976049115,-0.735328621181768,0.459580388238604));
#2378=DIRECTION('center_axis',(0.734935957133608,-5.14043977377835E-15,
0.678136519376525));
#2379=DIRECTION('ref_axis',(-0.47951493142138,0.707106781186548,0.519678199027002));
#2380=DIRECTION('center_axis',(0.734935957133608,-6.52754256987728E-15,
0.678136519376525));
#2381=DIRECTION('ref_axis',(8.88178419700126E-15,1.,2.36658271566303E-30));
#2382=DIRECTION('center_axis',(0.732720493917547,0.0775880755093911,0.676092277970969));
#2383=DIRECTION('ref_axis',(-0.678136519376626,-6.88685219962793E-14,0.734935957133515));
#2384=DIRECTION('center_axis',(-0.610976480892347,0.671316795450249,0.419572997156409));
#2385=DIRECTION('ref_axis',(-0.791648747738796,-0.518107019583706,-0.323816887239819));
#2386=DIRECTION('center_axis',(0.382154489391623,-0.783633918767514,-0.489771199229699));
#2387=DIRECTION('ref_axis',(-0.924098450511539,-0.324066358872026,-0.202541474295018));
#2388=DIRECTION('center_axis',(0.617755693633196,-0.541722836577488,0.570012518559206));
#2389=DIRECTION('ref_axis',(-0.678136519376527,-1.38777878078145E-16,0.734935957133606));
#2390=DIRECTION('center_axis',(-0.775992992615871,0.,0.630741528211886));
#2391=DIRECTION('ref_axis',(-0.630741528211886,0.,-0.775992992615871));
#2392=DIRECTION('center_axis',(-0.211832652017065,0.957560363861134,-0.19546119078106));
#2393=DIRECTION('ref_axis',(-0.678136519376529,3.88578058618805E-16,0.734935957133604));
#2394=DIRECTION('center_axis',(0.620332583523064,0.,-0.78433888455157));
#2395=DIRECTION('ref_axis',(-0.78433888455157,0.,-0.620332583523064));
#2396=DIRECTION('center_axis',(2.40642642866311E-14,1.,2.22044604925032E-14));
#2397=DIRECTION('ref_axis',(-0.678136519376533,-2.52435489670724E-29,0.7349359571336));
#2398=DIRECTION('center_axis',(-0.775992992615871,0.,0.630741528211886));
#2399=DIRECTION('ref_axis',(0.630741528211886,0.,0.775992992615871));
#2400=DIRECTION('center_axis',(0.896025704614967,-1.97176577700232E-15,
0.444002180928485));
#2401=DIRECTION('ref_axis',(-0.444002180928485,1.06538733658284E-15,0.896025704614967));
#2402=DIRECTION('center_axis',(-0.959615602407947,0.,-0.281314584789401));
#2403=DIRECTION('ref_axis',(-0.281314584789401,0.,0.959615602407947));
#2404=DIRECTION('center_axis',(-0.498073976049117,-0.735328621181765,-0.459580388238606));
#2405=DIRECTION('ref_axis',(-0.376368135717393,-0.29415126199749,0.878534041162833));
#2406=DIRECTION('',(0.498073976049117,0.735328621181765,0.459580388238606));
#2407=DIRECTION('center_axis',(-0.498073976049117,-0.735328621181765,-0.459580388238605));
#2408=DIRECTION('ref_axis',(-4.49640324973189E-15,-0.529998940003179,0.847998304005088));
#2409=DIRECTION('center_axis',(-1.,0.,0.));
#2410=DIRECTION('ref_axis',(0.,0.992057423381766,0.125785804895194));
#2411=DIRECTION('',(1.,-1.96472052110632E-15,-3.14355283377011E-15));
#2412=DIRECTION('center_axis',(1.,0.,0.));
#2413=DIRECTION('ref_axis',(0.,0.992057423381766,0.125785804895194));
#2414=DIRECTION('',(-1.,0.,0.));
#2415=DIRECTION('center_axis',(1.,0.,0.));
#2416=DIRECTION('ref_axis',(0.,-1.,0.));
#2417=DIRECTION('center_axis',(1.,0.,0.));
#2418=DIRECTION('ref_axis',(0.,-1.,0.));
#2419=DIRECTION('',(1.,0.,0.));
#2420=DIRECTION('center_axis',(-1.,0.,0.));
#2421=DIRECTION('ref_axis',(0.,0.632455532033647,0.774596669241507));
#2422=DIRECTION('center_axis',(1.,0.,0.));
#2423=DIRECTION('ref_axis',(0.,0.632455532033647,0.774596669241507));
#2424=DIRECTION('center_axis',(-1.,0.,0.));
#2425=DIRECTION('ref_axis',(0.,-0.992057423381761,0.125785804895233));
#2426=DIRECTION('',(1.,0.,0.));
#2427=DIRECTION('center_axis',(1.,0.,0.));
#2428=DIRECTION('ref_axis',(0.,-0.992057423381761,0.125785804895233));
#2429=DIRECTION('',(-1.,1.96472052110632E-15,-3.14355283377011E-15));
#2430=DIRECTION('center_axis',(1.,0.,0.));
#2431=DIRECTION('ref_axis',(0.,0.874642481246826,-0.48476853239293));
#2432=DIRECTION('',(-1.,0.,0.));
#2433=DIRECTION('center_axis',(1.,0.,0.));
#2434=DIRECTION('ref_axis',(0.,-1.,0.));
#2435=DIRECTION('center_axis',(-1.,0.,0.));
#2436=DIRECTION('ref_axis',(0.,-0.632455532033705,0.77459666924146));
#2437=DIRECTION('',(1.,-6.99440505513849E-15,0.));
#2438=DIRECTION('center_axis',(1.,0.,0.));
#2439=DIRECTION('ref_axis',(0.,-0.632455532033705,0.77459666924146));
#2440=DIRECTION('center_axis',(-6.99440505513849E-15,-1.,0.));
#2441=DIRECTION('ref_axis',(0.,0.,1.));
#2442=DIRECTION('',(-1.,6.99440505513849E-15,0.));
#2443=DIRECTION('',(0.,0.,1.));
#2444=DIRECTION('',(0.734935957133608,-5.14043977377835E-15,0.678136519376525));
#2445=DIRECTION('center_axis',(6.99440505513849E-15,1.,0.));
#2446=DIRECTION('ref_axis',(-0.916006691945131,6.40692183668171E-15,0.401162984722841));
#2447=DIRECTION('center_axis',(-0.734935957133608,5.14043977377835E-15,
-0.678136519376525));
#2448=DIRECTION('ref_axis',(-0.479514931421388,-0.707106781186545,0.519678199026999));
#2449=DIRECTION('center_axis',(-0.734935957133608,6.52754256987766E-15,
-0.678136519376525));
#2450=DIRECTION('ref_axis',(-8.88178419700178E-15,-1.,3.94430452610506E-30));
#2451=DIRECTION('center_axis',(-1.,0.,0.));
#2452=DIRECTION('ref_axis',(0.,-1.,0.));
#2453=DIRECTION('center_axis',(1.,0.,0.));
#2454=DIRECTION('ref_axis',(0.,-1.,0.));
#2455=DIRECTION('',(0.,0.847998304005087,-0.529998940003181));
#2456=DIRECTION('center_axis',(-1.,0.,0.));
#2457=DIRECTION('ref_axis',(0.,-1.,0.));
#2458=DIRECTION('center_axis',(1.,0.,0.));
#2459=DIRECTION('ref_axis',(0.,-1.,0.));
#2460=DIRECTION('',(0.,0.847998304005088,0.52999894000318));
#2461=DIRECTION('center_axis',(-1.,6.99440505513849E-15,0.));
#2462=DIRECTION('ref_axis',(-6.99440505513849E-15,-1.,0.));
#2463=DIRECTION('',(-1.,6.99440505513849E-15,0.));
#2464=DIRECTION('center_axis',(-1.,6.99440505513849E-15,0.));
#2465=DIRECTION('ref_axis',(-6.99440505513849E-15,-1.,0.));
#2466=DIRECTION('',(-1.,6.99440505513849E-15,0.));
#2467=DIRECTION('center_axis',(-6.99440505513849E-15,-1.,0.));
#2468=DIRECTION('ref_axis',(-0.916006691945131,6.40692183668171E-15,0.401162984722841));
#2469=DIRECTION('center_axis',(0.498073976049114,-0.73532862118177,0.459580388238602));
#2470=DIRECTION('ref_axis',(6.85562717706034E-15,0.52999894000318,0.847998304005088));
#2471=DIRECTION('center_axis',(-0.940511350249261,5.45233479332182E-15,
0.339762269906933));
#2472=DIRECTION('ref_axis',(0.339762269906933,-8.5603914122275E-15,0.940511350249261));
#2473=DIRECTION('center_axis',(0.498073976049115,-0.735328621181768,0.459580388238604));
#2474=DIRECTION('ref_axis',(-0.376368135717388,0.294151261997492,0.878534041162834));
#2475=DIRECTION('',(-0.498073976049115,0.735328621181768,-0.459580388238604));
#2476=DIRECTION('center_axis',(6.99440505513849E-15,1.,0.));
#2477=DIRECTION('ref_axis',(-0.916006691945132,6.40692183668172E-15,0.401162984722838));
#2478=DIRECTION('center_axis',(0.,1.,0.));
#2479=DIRECTION('ref_axis',(-0.678136519376526,0.,0.734935957133607));
#2480=DIRECTION('center_axis',(3.70702726517629E-15,0.529998940003181,0.847998304005087));
#2481=DIRECTION('ref_axis',(5.92154050760877E-15,0.847998304005087,-0.529998940003181));
#2482=DIRECTION('',(-1.,6.99440505513849E-15,0.));
#2483=DIRECTION('center_axis',(-1.,6.99440505513849E-15,0.));
#2484=DIRECTION('ref_axis',(-3.70702726517628E-15,-0.52999894000318,0.847998304005088));
#2485=DIRECTION('',(-1.,6.99440505513849E-15,0.));
#2486=DIRECTION('center_axis',(-3.70702726517628E-15,-0.52999894000318,
0.847998304005088));
#2487=DIRECTION('ref_axis',(5.92154050760878E-15,0.847998304005088,0.52999894000318));
#2488=CARTESIAN_POINT('',(0.,0.,0.));
#2489=CARTESIAN_POINT('Origin',(-31.7179021190448,11.0000000000002,17.125));
#2490=CARTESIAN_POINT('',(-31.7179021190448,12.6250000000002,17.125));
#2491=CARTESIAN_POINT('',(-31.7179021190448,11.0000000000002,18.75));
#2492=CARTESIAN_POINT('Origin',(-31.7179021190448,11.0000000000002,17.125));
#2493=CARTESIAN_POINT('',(-31.2179021190448,11.0000000000002,19.25));
#2494=CARTESIAN_POINT('Origin',(-31.7179021190448,11.0000000000002,19.25));
#2495=CARTESIAN_POINT('Origin',(-31.2179021190448,11.0000000000002,17.125));
#2496=CARTESIAN_POINT('Origin',(-31.7179021190448,11.0000000000002,17.125));
#2497=CARTESIAN_POINT('Origin',(-31.2179021190449,2.13552553274453E-13,
13.5));
#2498=CARTESIAN_POINT('',(-31.2179021190448,13.5000000000002,4.5));
#2499=CARTESIAN_POINT('',(-31.2179021190448,9.50000000000026,4.5));
#2500=CARTESIAN_POINT('',(-31.217902119045,-6.99999999999976,4.5));
#2501=CARTESIAN_POINT('',(-31.2179021190448,13.5000000000002,17.125));
#2502=CARTESIAN_POINT('',(-31.2179021190448,13.5000000000002,15.3125));
#2503=CARTESIAN_POINT('',(-31.2179021190448,12.3249973500082,19.2449957600127));
#2504=CARTESIAN_POINT('Origin',(-31.2179021190448,11.0000000000002,17.125));
#2505=CARTESIAN_POINT('',(-31.2179021190449,1.32499735000817,26.1199957600127));
#2506=CARTESIAN_POINT('',(-31.2179021190449,3.68454791180593,24.6452766588891));
#2507=CARTESIAN_POINT('',(-31.2179021190449,-1.32499735000773,26.1199957600127));
#2508=CARTESIAN_POINT('Origin',(-31.2179021190449,2.1799916656168E-13,24.));
#2509=CARTESIAN_POINT('',(-31.217902119045,-12.3249973500077,19.2449957600127));
#2510=CARTESIAN_POINT('',(-31.217902119045,-9.18454791180549,21.2077766588891));
#2511=CARTESIAN_POINT('',(-31.217902119045,-13.4999999999998,17.125));
#2512=CARTESIAN_POINT('Origin',(-31.217902119045,-10.9999999999998,17.125));
#2513=CARTESIAN_POINT('',(-31.217902119045,-13.4999999999998,4.5));
#2514=CARTESIAN_POINT('',(-31.217902119045,-13.4999999999998,6.75));
#2515=CARTESIAN_POINT('',(-31.217902119045,-9.49999999999972,4.5));
#2516=CARTESIAN_POINT('',(-31.217902119045,-6.99999999999976,4.5));
#2517=CARTESIAN_POINT('',(-31.217902119045,-9.49999999999972,12.5));
#2518=CARTESIAN_POINT('',(-31.217902119045,-9.49999999999972,6.75));
#2519=CARTESIAN_POINT('',(-31.2179021190448,9.50000000000026,12.5));
#2520=CARTESIAN_POINT('',(-31.2179021190449,2.09689930567282E-13,12.5));
#2521=CARTESIAN_POINT('',(-31.2179021190448,9.50000000000026,6.75));
#2522=CARTESIAN_POINT('',(-31.217902119045,-10.9999999999998,19.25));
#2523=CARTESIAN_POINT('Origin',(-31.217902119045,-10.9999999999998,17.125));
#2524=CARTESIAN_POINT('Origin',(-31.2179021190448,11.0000000000002,17.125));
#2525=CARTESIAN_POINT('',(-34.2179021190449,12.625,17.125));
#2526=CARTESIAN_POINT('',(-31.2179021190448,12.6250000000002,17.125));
#2527=CARTESIAN_POINT('Origin',(-34.2179021190449,11.0000000000002,17.125));
#2528=CARTESIAN_POINT('Origin',(-31.717902119045,-10.9999999999998,17.125));
#2529=CARTESIAN_POINT('',(-31.717902119045,-9.37499999999979,17.125));
#2530=CARTESIAN_POINT('',(-31.717902119045,-10.9999999999998,18.75));
#2531=CARTESIAN_POINT('Origin',(-31.717902119045,-10.9999999999998,17.125));
#2532=CARTESIAN_POINT('Origin',(-31.717902119045,-10.9999999999998,19.25));
#2533=CARTESIAN_POINT('Origin',(-31.717902119045,-10.9999999999998,17.125));
#2534=CARTESIAN_POINT('Origin',(-31.217902119045,-10.9999999999998,17.125));
#2535=CARTESIAN_POINT('',(-34.2179021190449,-9.37500000000001,17.125));
#2536=CARTESIAN_POINT('',(-31.217902119045,-9.3749999999998,17.125));
#2537=CARTESIAN_POINT('Origin',(-34.2179021190449,-10.9999999999998,17.125));
#2538=CARTESIAN_POINT('Origin',(-36.7071067811864,9.50000000000026,0.499999999999999));
#2539=CARTESIAN_POINT('',(-36.3535533905931,9.50000000000026,0.146446609406724));
#2540=CARTESIAN_POINT('',(-36.7071067811864,9.50000000000026,0.));
#2541=CARTESIAN_POINT('Origin',(-36.7071067811864,9.50000000000026,0.5));
#2542=CARTESIAN_POINT('',(-36.7071067811864,9.00000000000025,0.5));
#2543=CARTESIAN_POINT('Origin',(-36.7071067811864,9.50000000000026,0.499999999999999));
#2544=CARTESIAN_POINT('Origin',(-36.7071067811864,9.50000000000026,0.5));
#2545=CARTESIAN_POINT('Origin',(-45.4250089002355,4.49999999999623,0.5));
#2546=CARTESIAN_POINT('',(-45.0714555096422,4.14644660940296,0.5));
#2547=CARTESIAN_POINT('',(-45.4250089002355,4.49999999999623,0.));
#2548=CARTESIAN_POINT('Origin',(-45.4250089002355,4.49999999999623,0.5));
#2549=CARTESIAN_POINT('',(-45.4250089002355,3.99999999999623,0.499999999999994));
#2550=CARTESIAN_POINT('Origin',(-45.4250089002355,4.49999999999623,0.5));
#2551=CARTESIAN_POINT('Origin',(-45.4250089002355,4.49999999999623,0.5));
#2552=CARTESIAN_POINT('Origin',(-36.7071067811864,13.5000000000003,0.5));
#2553=CARTESIAN_POINT('',(-36.7071067811864,13.5000000000003,0.));
#2554=CARTESIAN_POINT('',(-36.3535533905931,13.5000000000003,0.146446609406723));
#2555=CARTESIAN_POINT('Origin',(-36.7071067811864,13.5000000000003,0.5));
#2556=CARTESIAN_POINT('',(-36.7071067811864,14.0000000000003,0.5));
#2557=CARTESIAN_POINT('Origin',(-36.7071067811864,13.5000000000003,0.5));
#2558=CARTESIAN_POINT('Origin',(-36.7071067811864,13.5000000000003,0.5));
#2559=CARTESIAN_POINT('Origin',(-50.7179021190449,4.49999999999623,0.5));
#2560=CARTESIAN_POINT('',(-50.7179021190449,4.49999999999623,0.));
#2561=CARTESIAN_POINT('',(-51.2179021190449,4.49999999999623,0.5));
#2562=CARTESIAN_POINT('Origin',(-50.7179021190449,4.49999999999623,0.5));
#2563=CARTESIAN_POINT('',(-50.7179021190449,3.99999999999623,0.499999999999994));
#2564=CARTESIAN_POINT('Origin',(-50.7179021190449,4.49999999999623,0.5));
#2565=CARTESIAN_POINT('Origin',(-50.7179021190449,4.49999999999623,0.5));
#2566=CARTESIAN_POINT('Origin',(-41.2179021190449,4.49999999999623,0.5));
#2567=CARTESIAN_POINT('',(-41.2179021190449,4.49999999999623,0.));
#2568=CARTESIAN_POINT('',(-41.2179021190449,3.99999999999623,0.499999999999994));
#2569=CARTESIAN_POINT('Origin',(-45.4250089002274,-4.50000000000377,0.5));
#2570=CARTESIAN_POINT('',(-45.0714555096342,-4.1464466094105,0.5));
#2571=CARTESIAN_POINT('',(-45.4250089002274,-4.00000000000377,0.5));
#2572=CARTESIAN_POINT('Origin',(-45.4250089002274,-4.50000000000377,0.5));
#2573=CARTESIAN_POINT('',(-45.4250089002274,-4.50000000000377,0.));
#2574=CARTESIAN_POINT('Origin',(-45.4250089002274,-4.50000000000377,0.5));
#2575=CARTESIAN_POINT('Origin',(-45.4250089002274,-4.50000000000377,0.5));
#2576=CARTESIAN_POINT('Origin',(-31.7179021190448,9.50000000000027,4.5));
#2577=CARTESIAN_POINT('',(-31.7179021190448,9.50000000000027,4.));
#2578=CARTESIAN_POINT('',(-31.7179021190448,9.00000000000027,4.5));
#2579=CARTESIAN_POINT('Origin',(-31.7179021190448,9.50000000000027,4.5));
#2580=CARTESIAN_POINT('Origin',(-31.7179021190448,9.50000000000027,4.5));
#2581=CARTESIAN_POINT('Origin',(-31.7179021190448,9.50000000000027,4.5));
#2582=CARTESIAN_POINT('Origin',(-31.2517789203543,13.5000000000002,5.95532786083203));
#2583=CARTESIAN_POINT('',(-32.4999999999998,13.5000000000002,4.));
#2584=CARTESIAN_POINT('',(-30.898225529761,13.5000000000002,5.60177447023875));
#2585=CARTESIAN_POINT('',(-32.7071067811863,14.0000000000002,4.5));
#2586=CARTESIAN_POINT('',(-31.2517789203543,14.0000000000002,5.95532786083203));
#2587=CARTESIAN_POINT('Origin',(-32.7071067811864,13.5000000000002,4.5));
#2588=CARTESIAN_POINT('Origin',(-50.7179021190449,-4.50000000000377,0.5));
#2589=CARTESIAN_POINT('',(-50.7179021190449,-4.50000000000376,0.));
#2590=CARTESIAN_POINT('',(-50.7179021190449,-4.00000000000377,0.5));
#2591=CARTESIAN_POINT('Origin',(-50.7179021190449,-4.50000000000377,0.5));
#2592=CARTESIAN_POINT('',(-51.2179021190449,-4.50000000000376,0.5));
#2593=CARTESIAN_POINT('Origin',(-50.7179021190449,-4.50000000000377,0.5));
#2594=CARTESIAN_POINT('Origin',(-50.7179021190449,-4.50000000000377,0.5));
#2595=CARTESIAN_POINT('Origin',(-36.7071067811864,-9.49999999999972,0.5));
#2596=CARTESIAN_POINT('',(-36.3535533905931,-9.49999999999972,0.146446609406723));
#2597=CARTESIAN_POINT('',(-36.7071067811864,-8.99999999999972,0.500000000000001));
#2598=CARTESIAN_POINT('Origin',(-36.7071067811864,-9.49999999999972,0.500000000000002));
#2599=CARTESIAN_POINT('',(-36.7071067811864,-9.49999999999972,0.));
#2600=CARTESIAN_POINT('Origin',(-36.7071067811864,-9.49999999999972,0.5));
#2601=CARTESIAN_POINT('Origin',(-36.7071067811864,-9.49999999999972,0.5));
#2602=CARTESIAN_POINT('Origin',(-31.717902119045,-9.49999999999971,4.5));
#2603=CARTESIAN_POINT('',(-31.717902119045,-9.49999999999971,4.));
#2604=CARTESIAN_POINT('Origin',(-31.717902119045,-9.49999999999971,4.5));
#2605=CARTESIAN_POINT('',(-31.717902119045,-8.99999999999971,4.5));
#2606=CARTESIAN_POINT('Origin',(-31.717902119045,-9.49999999999971,4.5));
#2607=CARTESIAN_POINT('Origin',(-31.717902119045,-9.49999999999971,4.5));
#2608=CARTESIAN_POINT('Origin',(-36.3589510595224,-9.49999999999972,4.5));
#2609=CARTESIAN_POINT('',(-32.7071067811864,-8.99999999999972,4.5));
#2610=CARTESIAN_POINT('',(-36.3589510595224,-8.99999999999972,4.5));
#2611=CARTESIAN_POINT('',(-32.4999999999998,-9.49999999999972,4.));
#2612=CARTESIAN_POINT('',(-36.3589510595224,-9.49999999999972,4.));
#2613=CARTESIAN_POINT('Origin',(-32.7071067811864,-9.49999999999972,4.5));
#2614=CARTESIAN_POINT('Origin',(-31.717902119045,-9.49999999999971,6.75));
#2615=CARTESIAN_POINT('',(-31.717902119045,-8.99999999999971,12.));
#2616=CARTESIAN_POINT('',(-31.717902119045,-8.99999999999971,6.75));
#2617=CARTESIAN_POINT('Origin',(-31.717902119045,-9.49999999999971,12.5));
#2618=CARTESIAN_POINT('Origin',(-31.7179021190448,13.5000000000002,4.5));
#2619=CARTESIAN_POINT('',(-31.7179021190448,14.0000000000002,4.5));
#2620=CARTESIAN_POINT('Origin',(-31.7179021190448,13.5000000000002,4.5));
#2621=CARTESIAN_POINT('',(-31.7179021190448,13.5000000000002,4.));
#2622=CARTESIAN_POINT('Origin',(-31.7179021190448,13.5000000000002,4.5));
#2623=CARTESIAN_POINT('Origin',(-31.7179021190448,13.5000000000002,4.5));
#2624=CARTESIAN_POINT('Origin',(-31.717902119045,-6.99999999999976,4.5));
#2625=CARTESIAN_POINT('',(-31.717902119045,-6.99999999999976,4.));
#2626=CARTESIAN_POINT('Origin',(-31.8589510595222,13.5000000000002,4.5));
#2627=CARTESIAN_POINT('',(-31.8589510595222,14.0000000000002,4.5));
#2628=CARTESIAN_POINT('',(-31.8589510595222,13.5000000000002,4.));
#2629=CARTESIAN_POINT('Origin',(-36.7071067811864,-13.4999999999998,0.5));
#2630=CARTESIAN_POINT('',(-36.7071067811864,-13.9999999999998,0.5));
#2631=CARTESIAN_POINT('',(-36.3535533905931,-13.4999999999998,0.146446609406723));
#2632=CARTESIAN_POINT('Origin',(-36.7071067811864,-13.4999999999998,0.5));
#2633=CARTESIAN_POINT('',(-36.7071067811864,-13.4999999999998,0.));
#2634=CARTESIAN_POINT('Origin',(-36.7071067811864,-13.4999999999998,0.5));
#2635=CARTESIAN_POINT('Origin',(-36.7071067811864,-13.4999999999998,0.5));
#2636=CARTESIAN_POINT('Origin',(-31.217902119045,-13.4999999999998,0.5));
#2637=CARTESIAN_POINT('',(-49.217902119045,-13.9999999999997,0.5));
#2638=CARTESIAN_POINT('',(-49.217902119045,-13.4999999999997,0.));
#2639=CARTESIAN_POINT('Origin',(-49.217902119045,-13.4999999999997,0.5));
#2640=CARTESIAN_POINT('',(-31.217902119045,-13.4999999999998,0.));
#2641=CARTESIAN_POINT('',(-31.217902119045,-13.9999999999998,0.5));
#2642=CARTESIAN_POINT('Origin',(-49.217902119045,-11.9999999999997,0.5));
#2643=CARTESIAN_POINT('',(-51.217902119045,-11.9999999999997,0.5));
#2644=CARTESIAN_POINT('',(-50.717902119045,-11.9999999999997,0.));
#2645=CARTESIAN_POINT('Origin',(-50.717902119045,-11.9999999999997,0.5));
#2646=CARTESIAN_POINT('Origin',(-49.217902119045,-11.9999999999997,0.));
#2647=CARTESIAN_POINT('Origin',(-49.217902119045,-11.9999999999997,0.5));
#2648=CARTESIAN_POINT('Origin',(-50.7179021190449,7.00000000000035,0.5));
#2649=CARTESIAN_POINT('',(-51.2179021190448,7.00000000000036,0.5));
#2650=CARTESIAN_POINT('',(-50.7179021190449,7.00000000000035,0.));
#2651=CARTESIAN_POINT('Origin',(-36.7071067811864,2.44249065417534E-13,
0.5));
#2652=CARTESIAN_POINT('',(-36.7071067811864,2.44249065417534E-13,0.));
#2653=CARTESIAN_POINT('',(-36.3535533905931,2.44249065417534E-13,0.146446609406723));
#2654=CARTESIAN_POINT('Origin',(-31.717902119045,-13.4999999999998,4.5));
#2655=CARTESIAN_POINT('',(-31.717902119045,-13.9999999999998,4.5));
#2656=CARTESIAN_POINT('Origin',(-31.717902119045,-13.4999999999998,4.5));
#2657=CARTESIAN_POINT('',(-31.717902119045,-13.4999999999998,4.));
#2658=CARTESIAN_POINT('Origin',(-31.717902119045,-13.4999999999998,4.5));
#2659=CARTESIAN_POINT('Origin',(-31.717902119045,-13.4999999999998,4.5));
#2660=CARTESIAN_POINT('Origin',(-35.5330289203544,-13.4999999999998,1.67407786083199));
#2661=CARTESIAN_POINT('',(-32.7071067811864,-13.9999999999998,4.5));
#2662=CARTESIAN_POINT('',(-35.5330289203544,-13.9999999999998,1.67407786083199));
#2663=CARTESIAN_POINT('',(-32.4999999999998,-13.4999999999998,4.));
#2664=CARTESIAN_POINT('',(-35.1794755297611,-13.4999999999998,1.32052447023872));
#2665=CARTESIAN_POINT('Origin',(-32.7071067811864,-13.4999999999998,4.5));
#2666=CARTESIAN_POINT('Origin',(-31.8589510595224,-13.4999999999998,4.5));
#2667=CARTESIAN_POINT('',(-31.8589510595224,-13.4999999999998,4.));
#2668=CARTESIAN_POINT('',(-31.8589510595224,-13.9999999999998,4.5));
#2669=CARTESIAN_POINT('Origin',(-31.717902119045,-6.99999999999976,4.5));
#2670=CARTESIAN_POINT('',(-31.717902119045,-6.99999999999976,4.));
#2671=CARTESIAN_POINT('Origin',(-31.717902119045,-13.4999999999998,6.75));
#2672=CARTESIAN_POINT('',(-31.717902119045,-13.9999999999998,17.125));
#2673=CARTESIAN_POINT('Origin',(-31.717902119045,-13.4999999999998,17.125));
#2674=CARTESIAN_POINT('',(-31.717902119045,-13.9999999999998,6.75));
#2675=CARTESIAN_POINT('Origin',(-31.717902119045,-10.9999999999998,17.125));
#2676=CARTESIAN_POINT('',(-31.717902119045,-12.5899968200093,19.6689949120153));
#2677=CARTESIAN_POINT('Origin',(-31.717902119045,-12.3249973500077,19.2449957600127));
#2678=CARTESIAN_POINT('Origin',(-31.717902119045,-10.9999999999998,17.125));
#2679=CARTESIAN_POINT('Origin',(-31.717902119045,-9.18454791180549,21.2077766588891));
#2680=CARTESIAN_POINT('',(-31.7179021190449,-1.58999682000932,26.5439949120153));
#2681=CARTESIAN_POINT('Origin',(-31.7179021190449,-1.32499735000773,26.1199957600127));
#2682=CARTESIAN_POINT('',(-31.717902119045,-9.44954738180708,21.6317758108917));
#2683=CARTESIAN_POINT('Origin',(-31.7179021190449,2.21490647900523E-13,
24.));
#2684=CARTESIAN_POINT('',(-31.7179021190449,1.58999682000976,26.5439949120153));
#2685=CARTESIAN_POINT('Origin',(-31.7179021190449,1.32499735000817,26.1199957600127));
#2686=CARTESIAN_POINT('Origin',(-31.7179021190449,2.21490647900523E-13,
24.));
#2687=CARTESIAN_POINT('Origin',(-31.7179021190449,3.68454791180593,24.6452766588891));
#2688=CARTESIAN_POINT('',(-31.7179021190448,12.5899968200098,19.6689949120153));
#2689=CARTESIAN_POINT('Origin',(-31.7179021190448,12.3249973500082,19.2449957600127));
#2690=CARTESIAN_POINT('',(-31.7179021190449,3.94954738180752,25.0692758108917));
#2691=CARTESIAN_POINT('Origin',(-31.7179021190448,11.0000000000002,17.125));
#2692=CARTESIAN_POINT('',(-31.7179021190448,14.0000000000002,17.125));
#2693=CARTESIAN_POINT('Origin',(-31.7179021190448,13.5000000000002,17.125));
#2694=CARTESIAN_POINT('Origin',(-31.7179021190448,11.0000000000002,17.125));
#2695=CARTESIAN_POINT('Origin',(-31.7179021190448,13.5000000000002,15.3125));
#2696=CARTESIAN_POINT('',(-31.7179021190448,14.0000000000002,15.3125));
#2697=CARTESIAN_POINT('Origin',(-37.7830289203544,-9.49999999999973,-0.575922139167995));
#2698=CARTESIAN_POINT('',(-37.4294755297611,-9.49999999999973,-0.929475529761272));
#2699=CARTESIAN_POINT('',(-37.7830289203544,-8.99999999999973,-0.575922139167995));
#2700=CARTESIAN_POINT('Origin',(-35.7179021190448,-9.49999999999972,0.5));
#2701=CARTESIAN_POINT('',(-40.2179021190449,-8.99999999999973,0.5));
#2702=CARTESIAN_POINT('',(-35.7179021190448,-8.99999999999972,0.5));
#2703=CARTESIAN_POINT('',(-40.4250089002315,-9.49999999999973,0.));
#2704=CARTESIAN_POINT('',(-35.7179021190448,-9.49999999999972,0.));
#2705=CARTESIAN_POINT('Origin',(-40.4250089002315,-9.49999999999973,0.5));
#2706=CARTESIAN_POINT('Origin',(-50.7179021190449,-4.50000000000376,10.75));
#2707=CARTESIAN_POINT('',(-51.2179021190449,-4.50000000000376,4.));
#2708=CARTESIAN_POINT('',(-50.7179021190449,-4.00000000000376,4.));
#2709=CARTESIAN_POINT('Origin',(-50.7179021190449,-4.50000000000376,4.));
#2710=CARTESIAN_POINT('',(-50.7179021190449,-4.00000000000376,10.75));
#2711=CARTESIAN_POINT('',(-51.2179021190449,-4.50000000000376,10.75));
#2712=CARTESIAN_POINT('Origin',(-50.7179021190449,-3.76476627650391E-12,
4.));
#2713=CARTESIAN_POINT('',(-51.2179021190449,4.49999999999624,4.00000000000006));
#2714=CARTESIAN_POINT('',(-50.7179021190449,3.99999999999619,4.00000000000005));
#2715=CARTESIAN_POINT('Origin',(-50.7179021190449,4.49999999999624,4.00000000000006));
#2716=CARTESIAN_POINT('Origin',(-50.7179021190449,-3.76476627650391E-12,
4.));
#2717=CARTESIAN_POINT('Origin',(-51.2179021190449,-3.76127479516506E-12,
4.));
#2718=CARTESIAN_POINT('Origin',(-50.7179021190449,4.49999999999615,6.75000000000003));
#2719=CARTESIAN_POINT('',(-51.2179021190449,4.49999999999616,6.75000000000003));
#2720=CARTESIAN_POINT('',(-50.7179021190449,3.99999999999615,6.75000000000003));
#2721=CARTESIAN_POINT('Origin',(-41.2179021190449,-4.50000000000377,0.5));
#2722=CARTESIAN_POINT('',(-41.2179021190449,-4.50000000000377,0.));
#2723=CARTESIAN_POINT('',(-41.2179021190449,-4.00000000000377,0.5));
#2724=CARTESIAN_POINT('Origin',(-31.7179021190448,9.50000000000027,6.75));
#2725=CARTESIAN_POINT('',(-31.7179021190448,9.00000000000027,12.));
#2726=CARTESIAN_POINT('',(-31.7179021190448,9.00000000000027,6.75));
#2727=CARTESIAN_POINT('Origin',(-31.7179021190448,9.50000000000027,12.5));
#2728=CARTESIAN_POINT('Origin',(-31.8589510595224,9.50000000000027,4.5));
#2729=CARTESIAN_POINT('',(-32.4999999999998,9.50000000000027,4.));
#2730=CARTESIAN_POINT('',(-31.8589510595224,9.50000000000027,4.));
#2731=CARTESIAN_POINT('',(-32.7071067811864,9.00000000000026,4.5));
#2732=CARTESIAN_POINT('',(-31.8589510595224,9.00000000000027,4.5));
#2733=CARTESIAN_POINT('Origin',(-32.7071067811864,9.50000000000026,4.5));
#2734=CARTESIAN_POINT('Origin',(-31.7179021190449,2.13181411906125E-13,
12.5));
#2735=CARTESIAN_POINT('',(-31.7179021190449,2.13181411906125E-13,12.));
#2736=CARTESIAN_POINT('Origin',(-48.5714555096381,-1.35355339059304,0.5));
#2737=CARTESIAN_POINT('',(-48.5714555096381,-1.35355339059304,0.));
#2738=CARTESIAN_POINT('',(-48.2179021190449,-0.999999999999768,0.5));
#2739=CARTESIAN_POINT('Ctrl Pts',(-49.6298120969012,0.411896449785634,8.5025140245821));
#2740=CARTESIAN_POINT('Ctrl Pts',(-48.2632030165824,-0.954689686138386,
8.52108210095058));
#2741=CARTESIAN_POINT('Ctrl Pts',(-45.8801793260529,-3.33772423918756,7.38204015259759));
#2742=CARTESIAN_POINT('Ctrl Pts',(-45.0569641261292,-4.16094103618825,4.97120371477052));
#2743=CARTESIAN_POINT('Ctrl Pts',(-45.0708236086021,-4.14708152640021,3.94165360385189));
#2744=CARTESIAN_POINT('Ctrl Pts',(-49.6283540614387,0.411632264120377,8.36986809549473));
#2745=CARTESIAN_POINT('Ctrl Pts',(-48.2826351286795,-0.935283092477344,
8.40642237740074));
#2746=CARTESIAN_POINT('Ctrl Pts',(-45.9208757416109,-3.29676617348572,7.31250573827249));
#2747=CARTESIAN_POINT('Ctrl Pts',(-45.1035455024738,-4.11408519718012,4.95107950991496));
#2748=CARTESIAN_POINT('Ctrl Pts',(-45.1173056175037,-4.10032528766174,3.94286235864715));
#2749=CARTESIAN_POINT('Ctrl Pts',(-49.7051552342442,0.331378963661889,8.10278886947488));
#2750=CARTESIAN_POINT('Ctrl Pts',(-48.3769782278209,-0.951786473715173,
8.17413689657551));
#2751=CARTESIAN_POINT('Ctrl Pts',(-46.0300800907493,-3.24096091931045,7.17200137226232));
#2752=CARTESIAN_POINT('Ctrl Pts',(-45.2163325114762,-4.03821986079291,4.91046155417196));
#2753=CARTESIAN_POINT('Ctrl Pts',(-45.230032002224,-4.02479865337151,3.94530214242211));
#2754=CARTESIAN_POINT('Ctrl Pts',(-49.8950540244165,0.140069625754329,7.99564572426863));
#2755=CARTESIAN_POINT('Ctrl Pts',(-48.5412043136142,-1.08468145253585,8.04105374462195));
#2756=CARTESIAN_POINT('Ctrl Pts',(-46.169699449397,-3.25565218475256,7.05182168430367));
#2757=CARTESIAN_POINT('Ctrl Pts',(-45.3495377772896,-4.01170004614358,4.87611703352847));
#2758=CARTESIAN_POINT('Ctrl Pts',(-45.3633456677806,-3.99897258520024,3.9473656810612));
#2759=CARTESIAN_POINT('Ctrl Pts',(-49.9905807654905,0.0446124624956298,
7.99984762691494));
#2760=CARTESIAN_POINT('Ctrl Pts',(-48.6234213454222,-1.16885443586262,8.01439934179136));
#2761=CARTESIAN_POINT('Ctrl Pts',(-46.2399559880841,-3.28232115589175,7.00102908389986));
#2762=CARTESIAN_POINT('Ctrl Pts',(-45.4166296356982,-4.01196263844866,4.86180823202853));
#2763=CARTESIAN_POINT('Ctrl Pts',(-45.4304909977186,-3.99967845369757,3.94822571370459));
#2764=CARTESIAN_POINT('',(-49.2178781807232,-2.39383213707775E-5,8.48608772456361));
#2765=CARTESIAN_POINT('',(-45.0714555096342,-4.14644660941049,4.));
#2766=CARTESIAN_POINT('Origin',(-49.5714555096341,0.353553390589508,4.));
#2767=CARTESIAN_POINT('',(-45.4250089002274,-4.00000000000376,4.));
#2768=CARTESIAN_POINT('Origin',(-45.4250089002274,-4.50000000000376,4.));
#2769=CARTESIAN_POINT('',(-49.9250089002314,-1.89097864957105E-13,8.));
#2770=CARTESIAN_POINT('Origin',(-49.9250089002274,-3.76476627650391E-12,
4.));
#2771=CARTESIAN_POINT('Ctrl Pts',(-49.9250089002314,-1.76689979098738E-13,
8.));
#2772=CARTESIAN_POINT('Ctrl Pts',(-49.9235187815074,5.01639736439353E-7,
8.));
#2773=CARTESIAN_POINT('Ctrl Pts',(-49.9220286554343,1.00446839957538E-6,
8.00000329434355));
#2774=CARTESIAN_POINT('Ctrl Pts',(-49.8385617319224,2.92334141193861E-5,
8.00037196470107));
#2775=CARTESIAN_POINT('Ctrl Pts',(-49.7553270513197,6.10734571649454E-5,
8.01068938194421));
#2776=CARTESIAN_POINT('Ctrl Pts',(-49.6036951227604,0.000110131151036433,
8.04894331788691));
#2777=CARTESIAN_POINT('Ctrl Pts',(-49.5320041701251,0.000129042224067985,
8.07589106764543));
#2778=CARTESIAN_POINT('Ctrl Pts',(-49.3824729529426,0.00013983320835401,
8.1609620526242));
#2779=CARTESIAN_POINT('Ctrl Pts',(-49.3334759826459,0.00012204207909067,
8.21258650823265));
#2780=CARTESIAN_POINT('Ctrl Pts',(-49.2705149946302,9.27514767612349E-5,
8.29318835484339));
#2781=CARTESIAN_POINT('Ctrl Pts',(-49.2449825023959,7.07916090893521E-5,
8.34112201355335));
#2782=CARTESIAN_POINT('Ctrl Pts',(-49.2223433089104,3.09897105875633E-5,
8.4231147137626));
#2783=CARTESIAN_POINT('Ctrl Pts',(-49.2179639290335,1.55976117178469E-5,
8.4540352071898));
#2784=CARTESIAN_POINT('Ctrl Pts',(-49.2179024615058,3.42461119079665E-7,
8.4852716896805));
#2785=CARTESIAN_POINT('Origin',(-45.4250089002274,-4.50000000000376,4.));
#2786=CARTESIAN_POINT('',(-45.0714555096342,-4.14644660941049,4.));
#2787=CARTESIAN_POINT('',(-45.4250089002274,-4.00000000000376,4.));
#2788=CARTESIAN_POINT('Origin',(-31.2179021190448,13.5000000000002,0.5));
#2789=CARTESIAN_POINT('',(-49.2179021190448,13.5000000000003,0.));
#2790=CARTESIAN_POINT('',(-49.2179021190448,14.0000000000003,0.5));
#2791=CARTESIAN_POINT('Origin',(-49.2179021190448,13.5000000000003,0.5));
#2792=CARTESIAN_POINT('',(-31.2179021190448,14.0000000000002,0.5));
#2793=CARTESIAN_POINT('',(-31.2179021190448,13.5000000000002,0.));
#2794=CARTESIAN_POINT('Origin',(-49.2179021190448,12.0000000000003,0.5));
#2795=CARTESIAN_POINT('',(-50.7179021190448,12.0000000000004,0.));
#2796=CARTESIAN_POINT('',(-51.2179021190448,12.0000000000004,0.5));
#2797=CARTESIAN_POINT('Origin',(-50.7179021190448,12.0000000000004,0.5));
#2798=CARTESIAN_POINT('Origin',(-49.2179021190448,12.0000000000003,0.5));
#2799=CARTESIAN_POINT('Origin',(-49.2179021190448,12.0000000000003,0.));
#2800=CARTESIAN_POINT('Origin',(-50.7179021190449,7.00000000000035,0.5));
#2801=CARTESIAN_POINT('',(-51.2179021190448,7.00000000000036,0.5));
#2802=CARTESIAN_POINT('',(-50.7179021190449,7.00000000000035,0.));
#2803=CARTESIAN_POINT('Origin',(-36.7071067811864,2.44249065417534E-13,
0.5));
#2804=CARTESIAN_POINT('',(-36.7071067811864,2.44249065417534E-13,0.));
#2805=CARTESIAN_POINT('',(-36.3535533905931,2.44249065417534E-13,0.146446609406723));
#2806=CARTESIAN_POINT('Origin',(-35.5330289203544,9.50000000000026,1.67407786083198));
#2807=CARTESIAN_POINT('',(-35.5330289203544,9.00000000000026,1.67407786083198));
#2808=CARTESIAN_POINT('',(-35.1794755297611,9.50000000000026,1.3205244702387));
#2809=CARTESIAN_POINT('Origin',(-45.4250089002355,4.49999999999623,-2.09664161220845E-14));
#2810=CARTESIAN_POINT('',(-45.0714555096423,4.14644660940291,4.00000000000006));
#2811=CARTESIAN_POINT('',(-45.4250089002355,3.99999999999619,4.00000000000005));
#2812=CARTESIAN_POINT('Origin',(-45.4250089002355,4.49999999999618,4.00000000000006));
#2813=CARTESIAN_POINT('',(-45.4250089002355,3.99999999999623,-2.71073372270424E-14));
#2814=CARTESIAN_POINT('',(-45.0714555096422,4.14644660940296,-2.09664161220845E-14));
#2815=CARTESIAN_POINT('Ctrl Pts',(-45.0711886496699,4.14671386039726,3.96987959541521));
#2816=CARTESIAN_POINT('Ctrl Pts',(-45.066525893819,4.15137665916053,4.65324868583442));
#2817=CARTESIAN_POINT('Ctrl Pts',(-45.3725399208076,3.84535978099069,6.00957429838896));
#2818=CARTESIAN_POINT('Ctrl Pts',(-46.8908624041178,2.32703964959628,7.91894210010055));
#2819=CARTESIAN_POINT('Ctrl Pts',(-48.5815660537434,0.636332414825616,8.50795102409064));
#2820=CARTESIAN_POINT('Ctrl Pts',(-49.601575692782,-0.383671783146325,8.50094410933028));
#2821=CARTESIAN_POINT('Ctrl Pts',(-45.1175421034561,4.10026214736871,3.97050074083007));
#2822=CARTESIAN_POINT('Ctrl Pts',(-45.1129104655498,4.10488854793074,4.6397774824237));
#2823=CARTESIAN_POINT('Ctrl Pts',(-45.4168872689409,3.80125983499342,5.96812450202647));
#2824=CARTESIAN_POINT('Ctrl Pts',(-46.9227220222026,2.29508605439143,7.83040375813825));
#2825=CARTESIAN_POINT('Ctrl Pts',(-48.5962637841175,0.621933539079518,8.38973933734109));
#2826=CARTESIAN_POINT('Ctrl Pts',(-49.6009189079645,-0.383445938785183,
8.36929493997481));
#2827=CARTESIAN_POINT('Ctrl Pts',(-45.2293600877981,4.02548418279313,3.97174917613144));
#2828=CARTESIAN_POINT('Ctrl Pts',(-45.2247517253659,4.02999749934119,4.61270428554201));
#2829=CARTESIAN_POINT('Ctrl Pts',(-45.5272011130505,3.73377942906854,5.88448586120234));
#2830=CARTESIAN_POINT('Ctrl Pts',(-47.0253909520694,2.26957792675502,7.65230876393027));
#2831=CARTESIAN_POINT('Ctrl Pts',(-48.6858497364303,0.653496985406337,8.151830949112));
#2832=CARTESIAN_POINT('Ctrl Pts',(-49.6776845483881,-0.304920052200958,
8.10556389029557));
#2833=CARTESIAN_POINT('Ctrl Pts',(-45.3614139078972,3.99955926539571,3.97280717265384));
#2834=CARTESIAN_POINT('Ctrl Pts',(-45.3567678611746,4.00383863691692,4.58975458081733));
#2835=CARTESIAN_POINT('Ctrl Pts',(-45.661687863082,3.7229777747894,5.81441451043003));
#2836=CARTESIAN_POINT('Ctrl Pts',(-47.1733588077021,2.33330318799126,7.52387499395717));
#2837=CARTESIAN_POINT('Ctrl Pts',(-48.8542332813313,0.797956561174831,8.02553164724292));
#2838=CARTESIAN_POINT('Ctrl Pts',(-49.8647611002043,-0.117112069382775,
7.99783344920798));
#2839=CARTESIAN_POINT('Ctrl Pts',(-45.4277396610186,3.99991580967438,3.97324823033596));
#2840=CARTESIAN_POINT('Ctrl Pts',(-45.4230764726291,4.00405470750162,4.58019007135054));
#2841=CARTESIAN_POINT('Ctrl Pts',(-45.7291188225684,3.7324214809349,5.78481905277935));
#2842=CARTESIAN_POINT('Ctrl Pts',(-47.247612265267,2.38454361921961,7.48117354881092));
#2843=CARTESIAN_POINT('Ctrl Pts',(-48.9385793436717,0.883166707026068,8.00541028834932));
#2844=CARTESIAN_POINT('Ctrl Pts',(-49.9588527604025,-0.0230421428675633,
7.99996157914421));
#2845=CARTESIAN_POINT('Origin',(-49.9250089002355,-3.76476627650391E-12,
4.));
#2846=CARTESIAN_POINT('Origin',(-49.5714555096422,-0.353553390597038,4.));
#2847=CARTESIAN_POINT('Origin',(-37.0714555096382,12.8535533905935,0.5));
#2848=CARTESIAN_POINT('',(-40.2179021190449,9.00000000000025,0.5));
#2849=CARTESIAN_POINT('',(-36.7179021190449,12.5000000000003,0.5));
#2850=CARTESIAN_POINT('',(-40.4250089002315,9.50000000000025,0.));
#2851=CARTESIAN_POINT('',(-37.0714555096382,12.8535533905935,0.));
#2852=CARTESIAN_POINT('Origin',(-40.4250089002315,9.50000000000025,0.5));
#2853=CARTESIAN_POINT('Origin',(-31.2179021190449,9.50000000000027,0.5));
#2854=CARTESIAN_POINT('',(-31.2179021190449,9.50000000000027,0.));
#2855=CARTESIAN_POINT('',(-31.2179021190449,9.00000000000027,0.5));
#2856=CARTESIAN_POINT('Origin',(-32.4999999999998,-13.9999999999997,4.));
#2857=CARTESIAN_POINT('',(-32.4999999999998,-13.9999999999997,4.));
#2858=CARTESIAN_POINT('Origin',(-31.2179021190448,14.0000000000002,17.125));
#2859=CARTESIAN_POINT('',(-49.2179021190449,14.0000000000003,10.));
#2860=CARTESIAN_POINT('',(-49.2179021190448,14.0000000000003,15.3125));
#2861=CARTESIAN_POINT('',(-48.8960386384214,14.0000000000003,10.7349359571336));
#2862=CARTESIAN_POINT('Origin',(-48.2179021190449,14.0000000000003,10.));
#2863=CARTESIAN_POINT('',(-47.2800636466985,14.0000000000003,12.2260205144337));
#2864=CARTESIAN_POINT('',(-34.5122181663402,14.0000000000002,24.0071045802572));
#2865=CARTESIAN_POINT('',(-34.2179021190449,14.0000000000002,12.2260205144337));
#2866=CARTESIAN_POINT('',(-51.2179021190449,14.0000000000004,12.2260205144337));
#2867=CARTESIAN_POINT('',(-34.2179021190449,14.,17.125));
#2868=CARTESIAN_POINT('',(-34.2179021190449,14.0000000000002,17.125));
#2869=CARTESIAN_POINT('',(-31.2179021190448,14.0000000000002,17.125));
#2870=CARTESIAN_POINT('Origin',(-49.2179021190448,12.0000000000003,15.3125));
#2871=CARTESIAN_POINT('',(-51.217902119045,12.0000000000002,10.));
#2872=CARTESIAN_POINT('',(-51.2179021190448,12.0000000000004,15.3125));
#2873=CARTESIAN_POINT('Origin',(-49.2179021190449,12.0000000000002,10.));
#2874=CARTESIAN_POINT('Origin',(-51.2179021190449,3.53440654377223E-13,
13.5));
#2875=CARTESIAN_POINT('',(-51.217902119045,-11.9999999999997,10.));
#2876=CARTESIAN_POINT('',(-51.217902119045,-11.9999999999997,6.75));
#2877=CARTESIAN_POINT('',(-51.217902119045,-13.9999999999997,10.));
#2878=CARTESIAN_POINT('Origin',(-49.217902119045,-11.9999999999997,6.75));
#2879=CARTESIAN_POINT('',(-49.217902119045,-13.9999999999997,10.));
#2880=CARTESIAN_POINT('',(-49.217902119045,-13.9999999999997,6.75));
#2881=CARTESIAN_POINT('Origin',(-49.217902119045,-11.9999999999997,10.));
#2882=CARTESIAN_POINT('Origin',(-36.4999999999999,-13.9999999999997,5.55111512312578E-16));
#2883=CARTESIAN_POINT('',(-32.4999999999998,-13.9999999999997,4.));
#2884=CARTESIAN_POINT('Origin',(-51.2179021190449,3.99999999999623,0.));
#2885=CARTESIAN_POINT('',(-51.2179021190449,3.99999999999619,4.00000000000005));
#2886=CARTESIAN_POINT('Origin',(-40.2179021190449,-8.99999999999973,0.));
#2887=CARTESIAN_POINT('',(-40.2179021190449,-8.99999999999973,12.));
#2888=CARTESIAN_POINT('',(-40.2179021190449,-8.99999999999973,0.));
#2889=CARTESIAN_POINT('',(-40.2179021190449,-8.99999999999973,12.));
#2890=CARTESIAN_POINT('Origin',(-49.2179021190449,2.5853737601381E-13,0.));
#2891=CARTESIAN_POINT('',(-49.2179021190449,2.58681964737661E-13,12.));
#2892=CARTESIAN_POINT('',(-49.2179021190449,2.58681964737661E-13,0.));
#2893=CARTESIAN_POINT('',(-49.2179021190449,2.5853737601381E-13,12.));
#2894=CARTESIAN_POINT('Origin',(-40.2179021190449,9.00000000000025,0.));
#2895=CARTESIAN_POINT('',(-40.2179021190449,9.00000000000025,12.));
#2896=CARTESIAN_POINT('',(-40.2179021190449,9.00000000000025,0.));
#2897=CARTESIAN_POINT('',(-40.2179021190449,9.00000000000025,12.));
#2898=CARTESIAN_POINT('Origin',(-31.2179021190448,14.0000000000002,0.));
#2899=CARTESIAN_POINT('Origin',(-31.2179021190448,14.0000000000002,0.));
#2900=CARTESIAN_POINT('Origin',(-51.2179021190449,-3.76476627650391E-12,
4.));
#2901=CARTESIAN_POINT('',(-51.2179021190449,-4.00000000000376,4.));
#2902=CARTESIAN_POINT('Origin',(-51.2179021190449,-4.00000000000376,8.));
#2903=CARTESIAN_POINT('Origin',(-31.217902119045,9.00000000000027,0.));
#2904=CARTESIAN_POINT('',(-31.217902119045,9.00000000000027,12.));
#2905=CARTESIAN_POINT('Origin',(-40.217902119045,2.68673971959288E-13,12.));
#2906=CARTESIAN_POINT('Origin',(-32.4999999999998,-13.9999999999997,4.));
#2907=CARTESIAN_POINT('Origin',(-36.4999999999999,-13.9999999999997,5.55111512312578E-16));
#2908=CARTESIAN_POINT('Ctrl Pts',(-47.2800636466985,14.0000000000003,12.2260205144337));
#2909=CARTESIAN_POINT('Ctrl Pts',(-47.4880268036931,14.0000000000003,12.6449583838865));
#2910=CARTESIAN_POINT('Ctrl Pts',(-47.9753419338242,13.6332256702209,13.6266523833621));
#2911=CARTESIAN_POINT('Ctrl Pts',(-48.2077531575097,12.5928493779489,14.0948809659879));
#2912=CARTESIAN_POINT('Ctrl Pts',(-48.2065427722445,11.9918672755006,14.0924424570128));
#2913=CARTESIAN_POINT('Ctrl Pts',(-47.2800636466985,14.0000000000003,12.2260205144337));
#2914=CARTESIAN_POINT('Ctrl Pts',(-47.462458240292,14.0000000000003,12.6549523992384));
#2915=CARTESIAN_POINT('Ctrl Pts',(-47.8920048893009,13.6577618921524,13.6638171446843));
#2916=CARTESIAN_POINT('Ctrl Pts',(-48.115949961841,12.6077109678852,14.1803371136893));
#2917=CARTESIAN_POINT('Ctrl Pts',(-48.1147839371902,11.9916639846769,14.1776476044134));
#2918=CARTESIAN_POINT('Ctrl Pts',(-47.2800636466985,14.0000000000003,12.2260205144337));
#2919=CARTESIAN_POINT('Ctrl Pts',(-47.4368896768909,14.0000000000003,12.6649464145904));
#2920=CARTESIAN_POINT('Ctrl Pts',(-47.8053484262664,13.6577618921524,13.6976886613717));
#2921=CARTESIAN_POINT('Ctrl Pts',(-47.9910341940033,12.6077109678852,14.2291630911949));
#2922=CARTESIAN_POINT('Ctrl Pts',(-47.9900672929869,11.9916639846769,14.2263957502228));
#2923=CARTESIAN_POINT('Ctrl Pts',(-47.2800636466985,14.0000000000003,12.2260205144337));
#2924=CARTESIAN_POINT('Ctrl Pts',(-47.4113211134898,14.0000000000003,12.6749404299424));
#2925=CARTESIAN_POINT('Ctrl Pts',(-47.7188982537985,13.6332256702209,13.7268888352459));
#2926=CARTESIAN_POINT('Ctrl Pts',(-47.8656137899651,12.5928493779489,14.2286133950695));
#2927=CARTESIAN_POINT('Ctrl Pts',(-47.8648497036296,11.9918672755006,14.2260004406911));
#2928=CARTESIAN_POINT('',(-48.2054387235821,12.0000000000003,14.0934884930005));
#2929=CARTESIAN_POINT('',(-47.8663704638938,12.0000000000003,14.2260205144337));
#2930=CARTESIAN_POINT('Origin',(-47.8663704638938,12.0000000000003,13.7260205144337));
#2931=CARTESIAN_POINT('Origin',(-47.2800636466985,12.0000000000004,12.2260205144337));
#2932=CARTESIAN_POINT('Origin',(-47.2800636466985,12.0000000000004,12.2260205144337));
#2933=CARTESIAN_POINT('Ctrl Pts',(-48.2054387235821,12.0000000000003,14.0934884930005));
#2934=CARTESIAN_POINT('Ctrl Pts',(-48.2054387235821,11.8993210396051,14.0934884930005));
#2935=CARTESIAN_POINT('Ctrl Pts',(-48.2164609362219,11.7986448323211,14.0833181307495));
#2936=CARTESIAN_POINT('Ctrl Pts',(-48.2382832643246,11.7000000000002,14.0631823386704));
#2937=CARTESIAN_POINT('Ctrl Pts',(-48.1141567269221,12.0000000000003,14.1777157714401));
#2938=CARTESIAN_POINT('Ctrl Pts',(-48.1141567269221,11.8870138846116,14.1777157714401));
#2939=CARTESIAN_POINT('Ctrl Pts',(-48.1256060129231,11.774077213187,14.1671039723177));
#2940=CARTESIAN_POINT('Ctrl Pts',(-48.1483365735493,11.6631605667582,14.1461775101813));
#2941=CARTESIAN_POINT('Ctrl Pts',(-47.9905744789158,12.0000000000003,14.2260205144337));
#2942=CARTESIAN_POINT('Ctrl Pts',(-47.9905744789158,11.8747772507265,14.2260205144337));
#2943=CARTESIAN_POINT('Ctrl Pts',(-48.0018184644519,11.7496200091806,14.2142607782974));
#2944=CARTESIAN_POINT('Ctrl Pts',(-48.0241258298092,11.6265276056387,14.1910272334862));
#2945=CARTESIAN_POINT('Ctrl Pts',(-47.8663704638938,12.0000000000003,14.2260205144337));
#2946=CARTESIAN_POINT('Ctrl Pts',(-47.8663704638938,11.8657613861401,14.2260205144337));
#2947=CARTESIAN_POINT('Ctrl Pts',(-47.8773926765336,11.7315264430947,14.2124600314323));
#2948=CARTESIAN_POINT('Ctrl Pts',(-47.8992150046363,11.6000000000002,14.1856123086602));
#2949=CARTESIAN_POINT('',(-48.2382832643246,11.7000000000002,14.0631823386704));
#2950=CARTESIAN_POINT('',(-47.8992150046363,11.6000000000002,14.1856123086602));
#2951=CARTESIAN_POINT('Origin',(-47.8992150046363,11.7000000000002,13.6957143601036));
#2952=CARTESIAN_POINT('Origin',(-49.4920076390071,12.0000000000004,12.2260205144337));
#2953=CARTESIAN_POINT('Origin',(-49.8310758986954,12.0000000000004,12.5934884930005));
#2954=CARTESIAN_POINT('Ctrl Pts',(-41.5193458091758,8.86151249008284,19.2289905169317));
#2955=CARTESIAN_POINT('Ctrl Pts',(-42.1869522440352,8.34106009315065,18.7008848540086));
#2956=CARTESIAN_POINT('Ctrl Pts',(-44.0077945802191,7.72277304608491,17.2609606808135));
#2957=CARTESIAN_POINT('Ctrl Pts',(-46.8089791057045,8.46893924156312,15.0466257020315));
#2958=CARTESIAN_POINT('Ctrl Pts',(-48.0365209160771,10.1583630033191,14.0764062732831));
#2959=CARTESIAN_POINT('Ctrl Pts',(-47.9885309107642,11.2816931874135,14.1143329630416));
#2960=CARTESIAN_POINT('Ctrl Pts',(-47.8843264113282,11.6519720427571,14.1966950562147));
#2961=CARTESIAN_POINT('Ctrl Pts',(-41.5995878203479,8.90533568055251,19.2727871795831));
#2962=CARTESIAN_POINT('Ctrl Pts',(-42.2541103871602,8.37744249758063,18.7593312222204));
#2963=CARTESIAN_POINT('Ctrl Pts',(-44.0574266273611,7.72008831174048,17.3256058744861));
#2964=CARTESIAN_POINT('Ctrl Pts',(-46.847794967134,8.43990078344575,15.0708626045358));
#2965=CARTESIAN_POINT('Ctrl Pts',(-48.0721248179633,10.1469573722604,14.0750440579025));
#2966=CARTESIAN_POINT('Ctrl Pts',(-48.0242518565311,11.2854389625201,14.1141302554905));
#2967=CARTESIAN_POINT('Ctrl Pts',(-47.9203264908877,11.6602365898287,14.1985998735669));
#2968=CARTESIAN_POINT('Ctrl Pts',(-41.7589359728181,8.94717768730952,19.404272522103));
#2969=CARTESIAN_POINT('Ctrl Pts',(-42.3874986526567,8.40013775930501,18.901981485663));
#2970=CARTESIAN_POINT('Ctrl Pts',(-44.1562050713684,7.67712806581048,17.4490113108376));
#2971=CARTESIAN_POINT('Ctrl Pts',(-46.9250876589256,8.37265955030646,15.1063816739459));
#2972=CARTESIAN_POINT('Ctrl Pts',(-48.143058480416,10.1225575997478,14.0650918381384));
#2973=CARTESIAN_POINT('Ctrl Pts',(-48.0954267592265,11.2935331349498,14.1060774285702));
#2974=CARTESIAN_POINT('Ctrl Pts',(-47.9920572802319,11.678492207205,14.1943682652493));
#2975=CARTESIAN_POINT('Ctrl Pts',(-41.9436636873524,8.83654639116162,19.713431325249));
#2976=CARTESIAN_POINT('Ctrl Pts',(-42.5561262688836,8.25585774041403,19.1728130631697));
#2977=CARTESIAN_POINT('Ctrl Pts',(-44.300148799361,7.48886179371141,17.6136246765357));
#2978=CARTESIAN_POINT('Ctrl Pts',(-47.051463387799,8.22798303056752,15.1237927861771));
#2979=CARTESIAN_POINT('Ctrl Pts',(-48.2637958599661,10.0746187926632,14.0222169774715));
#2980=CARTESIAN_POINT('Ctrl Pts',(-48.2163351156975,11.3095921319,14.0654181593935));
#2981=CARTESIAN_POINT('Ctrl Pts',(-48.1134475565682,11.7156983100812,14.158867888264));
#2982=CARTESIAN_POINT('Ctrl Pts',(-41.9208616818355,8.62139090396255,19.9005883249109));
#2983=CARTESIAN_POINT('Ctrl Pts',(-42.5635354913304,8.02306082874764,19.3055506068908));
#2984=CARTESIAN_POINT('Ctrl Pts',(-44.3477322894137,7.28508669601917,17.657048355834));
#2985=CARTESIAN_POINT('Ctrl Pts',(-47.1215507351615,8.10956336262354,15.0948797602506));
#2986=CARTESIAN_POINT('Ctrl Pts',(-48.3405316905065,10.0375970291532,13.9696233462716));
#2987=CARTESIAN_POINT('Ctrl Pts',(-48.2929130618236,11.3220615916687,14.0137120042902));
#2988=CARTESIAN_POINT('Ctrl Pts',(-48.1894731505461,11.7451017722623,14.1092378190793));
#2989=CARTESIAN_POINT('Ctrl Pts',(-41.8523142275513,8.49063594707164,19.9550878716111));
#2990=CARTESIAN_POINT('Ctrl Pts',(-42.5229135674963,7.88201025680534,19.3364931913164));
#2991=CARTESIAN_POINT('Ctrl Pts',(-44.3481851908657,7.16175188275726,17.6524022961713));
#2992=CARTESIAN_POINT('Ctrl Pts',(-47.1527119316447,8.03773679553079,15.0648078123533));
#2993=CARTESIAN_POINT('Ctrl Pts',(-48.3813024469989,10.0150972566812,13.9311740260233));
#2994=CARTESIAN_POINT('Ctrl Pts',(-48.3332667916268,11.3296485644065,13.9754801930706));
#2995=CARTESIAN_POINT('Ctrl Pts',(-48.2289685636097,11.7629923609428,14.071712470672));
#2996=CARTESIAN_POINT('',(-41.9086999676517,8.46297085142113,19.9035845454837));
#2997=CARTESIAN_POINT('',(-41.5696317079634,8.82540358693239,19.1916713430716));
#2998=CARTESIAN_POINT('Origin',(-41.5696317079634,8.46297085142113,19.5361165669169));
#2999=CARTESIAN_POINT('Origin',(-44.1826988577712,11.,17.125));
#3000=CARTESIAN_POINT('Origin',(-44.5217671174594,11.,17.4924679785668));
#3001=CARTESIAN_POINT('Ctrl Pts',(-41.9106647482743,8.45797808199946,19.9017610699704));
#3002=CARTESIAN_POINT('Ctrl Pts',(-41.566672615618,8.76158623241595,20.2191719206414));
#3003=CARTESIAN_POINT('Ctrl Pts',(-41.0724194084599,8.91454431301237,20.6752252443969));
#3004=CARTESIAN_POINT('Ctrl Pts',(-40.5993785683601,8.86351393927016,21.1117100288995));
#3005=CARTESIAN_POINT('Ctrl Pts',(-41.9514423655875,8.5428078867349,19.8649126970124));
#3006=CARTESIAN_POINT('Ctrl Pts',(-41.5871444456887,8.85382470397356,20.2008385357266));
#3007=CARTESIAN_POINT('Ctrl Pts',(-41.0783960597107,8.99710473440412,20.6702543143262));
#3008=CARTESIAN_POINT('Ctrl Pts',(-40.5954068268696,8.9346488112338,21.1157567805541));
#3009=CARTESIAN_POINT('Ctrl Pts',(-41.9896643696994,8.71118984361953,19.7454725964488));
#3010=CARTESIAN_POINT('Ctrl Pts',(-41.592714767386,9.03700620346635,20.1264917023933));
#3011=CARTESIAN_POINT('Ctrl Pts',(-41.0630499543186,9.16133938252542,20.6308243335553));
#3012=CARTESIAN_POINT('Ctrl Pts',(-40.5664878615896,9.07618507301455,21.1010319616391));
#3013=CARTESIAN_POINT('Ctrl Pts',(-41.8857069471222,8.90391379103922,19.4486940621304));
#3014=CARTESIAN_POINT('Ctrl Pts',(-41.481624514824,9.26370018202497,19.8972934768357));
#3015=CARTESIAN_POINT('Ctrl Pts',(-40.9496447172003,9.38551684085631,20.4736970727564));
#3016=CARTESIAN_POINT('Ctrl Pts',(-40.4522904436687,9.28009856173592,21.0012082619597));
#3017=CARTESIAN_POINT('Ctrl Pts',(-41.6905549753218,8.88578767256335,19.2545047825657));
#3018=CARTESIAN_POINT('Ctrl Pts',(-41.3230516991884,9.27663331736526,19.7038556115412));
#3019=CARTESIAN_POINT('Ctrl Pts',(-40.8145901872723,9.44297451161968,20.3122130726385));
#3020=CARTESIAN_POINT('Ctrl Pts',(-40.3321529547519,9.35311530962323,20.87958168608));
#3021=CARTESIAN_POINT('Ctrl Pts',(-41.5720969178594,8.82148609906215,19.1875624269371));
#3022=CARTESIAN_POINT('Ctrl Pts',(-41.2276723085142,9.2266369879735,19.6113178467662));
#3023=CARTESIAN_POINT('Ctrl Pts',(-40.7330975945602,9.43042081279876,20.2198741748229));
#3024=CARTESIAN_POINT('Ctrl Pts',(-40.2598343845796,9.36207629413795,20.8022567518565));
#3025=CARTESIAN_POINT('',(-40.6034730403452,8.86589182452167,21.1079371654484));
#3026=CARTESIAN_POINT('',(-40.2644047806569,9.36263155106645,20.7974748363579));
#3027=CARTESIAN_POINT('Origin',(-40.2644047806569,8.86589182452167,20.7404691868816));
#3028=CARTESIAN_POINT('Origin',(-40.4497457866172,7.37567264488732,20.5694522384527));
#3029=CARTESIAN_POINT('Origin',(-40.7888140463055,7.37567264488732,20.9369202170195));
#3030=CARTESIAN_POINT('Ctrl Pts',(-40.6117822273498,8.86192337075376,21.1002135195283));
#3031=CARTESIAN_POINT('Ctrl Pts',(-40.0489196406061,8.91546684006277,21.624367042172));
#3032=CARTESIAN_POINT('Ctrl Pts',(-39.1481527921529,8.75388992948628,22.0665617185924));
#3033=CARTESIAN_POINT('Ctrl Pts',(-38.2378017943086,8.43567052489366,22.2654488464629));
#3034=CARTESIAN_POINT('Ctrl Pts',(-40.6057394473386,8.9870911787186,21.1075143864568));
#3035=CARTESIAN_POINT('Ctrl Pts',(-40.0071586480572,9.00206840044403,21.6245803091793));
#3036=CARTESIAN_POINT('Ctrl Pts',(-39.1262313926041,8.78600508537665,22.046489746161));
#3037=CARTESIAN_POINT('Ctrl Pts',(-38.2378017943086,8.43567052489366,22.2654488464629));
#3038=CARTESIAN_POINT('Ctrl Pts',(-40.525963540341,9.23738756176225,21.049203640295));
#3039=CARTESIAN_POINT('Ctrl Pts',(-39.9171427625664,9.15642819054039,21.5845860364362));
#3040=CARTESIAN_POINT('Ctrl Pts',(-39.0823885935064,8.85023539715739,22.006345801298));
#3041=CARTESIAN_POINT('Ctrl Pts',(-38.2378017943086,8.43567052489366,22.2654488464629));
#3042=CARTESIAN_POINT('Ctrl Pts',(-40.3548492739425,9.35464877977563,20.8777908857961));
#3043=CARTESIAN_POINT('Ctrl Pts',(-39.8300915775483,9.26147412678811,21.4624517302143));
#3044=CARTESIAN_POINT('Ctrl Pts',(-39.0385457944088,8.91446570893812,21.9662018564351));
#3045=CARTESIAN_POINT('Ctrl Pts',(-38.2378017943086,8.43567052489366,22.2654488464629));
#3046=CARTESIAN_POINT('Ctrl Pts',(-40.2691748890193,9.36384789683884,20.7865106907251));
#3047=CARTESIAN_POINT('Ctrl Pts',(-39.7873090484976,9.29873000395979,21.3848275647363));
#3048=CARTESIAN_POINT('Ctrl Pts',(-39.0166243948599,8.94658086482848,21.9461298840036));
#3049=CARTESIAN_POINT('Ctrl Pts',(-38.2378017943086,8.43567052489366,22.2654488464629));
#3050=CARTESIAN_POINT('',(-38.2378017943086,8.43567052489366,22.2654488464629));
#3051=CARTESIAN_POINT('Origin',(-38.2378017943086,7.37567264488733,20.5694522384527));
#3052=CARTESIAN_POINT('Origin',(-38.2378017943086,7.37567264488732,20.5694522384527));
#3053=CARTESIAN_POINT('Origin',(-34.2179021190449,-13.9999999999997,27.));
#3054=CARTESIAN_POINT('',(-50.2523116771745,12.0000000000003,12.2048078714008));
#3055=CARTESIAN_POINT('',(-35.8684912050932,12.0000000000002,25.4769764945244));
#3056=CARTESIAN_POINT('',(-50.2523116771745,-11.9999999999998,12.2048078714008));
#3057=CARTESIAN_POINT('',(-50.2523116771745,-13.9999999999997,12.2048078714008));
#3058=CARTESIAN_POINT('',(-48.2054387235823,-11.9999999999997,14.0934884930004));
#3059=CARTESIAN_POINT('',(-40.1359291385388,-11.9999999999997,21.5393469925894));
#3060=CARTESIAN_POINT('',(-48.2382832643247,-11.6999999999998,14.0631823386703));
#3061=CARTESIAN_POINT('Origin',(-49.8310758986956,-11.9999999999997,12.5934884930004));
#3062=CARTESIAN_POINT('',(-41.9086999676519,-8.46297085142094,19.9035845454835));
#3063=CARTESIAN_POINT('Origin',(-44.5217671174594,-11.,17.4924679785668));
#3064=CARTESIAN_POINT('',(-40.6034730403454,-8.86589182452143,21.1079371654482));
#3065=CARTESIAN_POINT('Origin',(-40.7888140463058,-7.37567264488706,20.9369202170192));
#3066=CARTESIAN_POINT('',(-34.9571658066639,-0.529998940002949,26.3178702182723));
#3067=CARTESIAN_POINT('',(-39.7597196538685,-7.62022141383871,21.8864811721249));
#3068=CARTESIAN_POINT('',(-34.9571658066639,0.529998940003417,26.3178702182723));
#3069=CARTESIAN_POINT('Origin',(-35.876190851613,2.4108908063392E-13,25.4698719142672));
#3070=CARTESIAN_POINT('',(-31.8310216327621,-4.08526585107234,29.2024107126947));
#3071=CARTESIAN_POINT('Origin',(-34.5122181663402,12.0000000000002,24.0071045802572));
#3072=CARTESIAN_POINT('Origin',(-48.8960386384214,12.0000000000003,10.7349359571336));
#3073=CARTESIAN_POINT('Ctrl Pts',(-38.2378017943088,-8.43567052489346,22.2654488464627));
#3074=CARTESIAN_POINT('Ctrl Pts',(-39.148152792153,-8.75388992948603,22.0665617185923));
#3075=CARTESIAN_POINT('Ctrl Pts',(-40.0489196406061,-8.91546684006252,21.6243670421719));
#3076=CARTESIAN_POINT('Ctrl Pts',(-40.6117822273498,-8.86192337075358,21.1002135195282));
#3077=CARTESIAN_POINT('Ctrl Pts',(-38.2378017943088,-8.43567052489345,22.2654488464627));
#3078=CARTESIAN_POINT('Ctrl Pts',(-39.1262313926042,-8.7860050853764,22.0464897461608));
#3079=CARTESIAN_POINT('Ctrl Pts',(-40.0071586480572,-9.00206840044375,21.6245803091793));
#3080=CARTESIAN_POINT('Ctrl Pts',(-40.6057394473386,-8.9870911787184,21.1075143864567));
#3081=CARTESIAN_POINT('Ctrl Pts',(-38.2378017943088,-8.43567052489346,22.2654488464627));
#3082=CARTESIAN_POINT('Ctrl Pts',(-39.0823885935083,-8.85023539715458,22.0063458012994));
#3083=CARTESIAN_POINT('Ctrl Pts',(-39.91714276257,-9.1564281905339,21.5845860364377));
#3084=CARTESIAN_POINT('Ctrl Pts',(-40.5259635403441,-9.237387561752,21.0492036402973));
#3085=CARTESIAN_POINT('Ctrl Pts',(-38.2378017943088,-8.43567052489346,22.2654488464627));
#3086=CARTESIAN_POINT('Ctrl Pts',(-39.0385457944123,-8.91446570893275,21.9662018564381));
#3087=CARTESIAN_POINT('Ctrl Pts',(-39.8300915775553,-9.26147412677941,21.462451730224));
#3088=CARTESIAN_POINT('Ctrl Pts',(-40.3548492739561,-9.35464877976602,20.8777908858098));
#3089=CARTESIAN_POINT('Ctrl Pts',(-38.2378017943088,-8.43567052489346,22.2654488464627));
#3090=CARTESIAN_POINT('Ctrl Pts',(-39.0166243948653,-8.9465808648206,21.9461298840081));
#3091=CARTESIAN_POINT('Ctrl Pts',(-39.7873090485079,-9.29873000395056,21.3848275647549));
#3092=CARTESIAN_POINT('Ctrl Pts',(-40.2691748890399,-9.36384789683641,20.786510690747));
#3093=CARTESIAN_POINT('',(-40.2644047806571,-9.36263155106618,20.7974748363578));
#3094=CARTESIAN_POINT('Origin',(-40.2644047806571,-8.8658918245214,20.7404691868815));
#3095=CARTESIAN_POINT('',(-38.2378017943088,-8.43567052489345,22.2654488464627));
#3096=CARTESIAN_POINT('Origin',(-38.2378017943088,-7.37567264488706,20.5694522384524));
#3097=CARTESIAN_POINT('Origin',(-38.2378017943088,-7.37567264488705,20.5694522384524));
#3098=CARTESIAN_POINT('Ctrl Pts',(-40.5993785683603,-8.86351393926991,21.1117100288994));
#3099=CARTESIAN_POINT('Ctrl Pts',(-41.0724194084602,-8.91454431301213,20.6752252443966));
#3100=CARTESIAN_POINT('Ctrl Pts',(-41.5666726156182,-8.76158623241574,20.2191719206412));
#3101=CARTESIAN_POINT('Ctrl Pts',(-41.9106647482745,-8.45797808199928,19.9017610699702));
#3102=CARTESIAN_POINT('Ctrl Pts',(-40.5954068268699,-8.93464881123353,21.1157567805538));
#3103=CARTESIAN_POINT('Ctrl Pts',(-41.0783960597109,-8.99710473440387,20.6702543143261));
#3104=CARTESIAN_POINT('Ctrl Pts',(-41.5871444456889,-8.85382470397335,20.2008385357264));
#3105=CARTESIAN_POINT('Ctrl Pts',(-41.9514423655877,-8.54280788673472,19.8649126970122));
#3106=CARTESIAN_POINT('Ctrl Pts',(-40.5664878615899,-9.0761850730143,21.1010319616389));
#3107=CARTESIAN_POINT('Ctrl Pts',(-41.0630499543187,-9.16133938252518,20.6308243335552));
#3108=CARTESIAN_POINT('Ctrl Pts',(-41.5927147673863,-9.03700620346613,20.1264917023931));
#3109=CARTESIAN_POINT('Ctrl Pts',(-41.9896643696997,-8.71118984361936,19.7454725964486));
#3110=CARTESIAN_POINT('Ctrl Pts',(-40.4522904436689,-9.28009856173564,21.0012082619595));
#3111=CARTESIAN_POINT('Ctrl Pts',(-40.9496447172006,-9.38551684085605,20.4736970727563));
#3112=CARTESIAN_POINT('Ctrl Pts',(-41.4816245148242,-9.26370018202476,19.8972934768356));
#3113=CARTESIAN_POINT('Ctrl Pts',(-41.8857069471224,-8.90391379103906,19.4486940621302));
#3114=CARTESIAN_POINT('Ctrl Pts',(-40.3321529547521,-9.35311530962294,20.8795816860798));
#3115=CARTESIAN_POINT('Ctrl Pts',(-40.8145901872726,-9.44297451161941,20.3122130726384));
#3116=CARTESIAN_POINT('Ctrl Pts',(-41.3230516991886,-9.27663331736505,19.7038556115411));
#3117=CARTESIAN_POINT('Ctrl Pts',(-41.690554975322,-8.8857876725632,19.2545047825655));
#3118=CARTESIAN_POINT('Ctrl Pts',(-40.2598343845798,-9.36207629413768,20.8022567518564));
#3119=CARTESIAN_POINT('Ctrl Pts',(-40.7330975945604,-9.43042081279851,20.2198741748228));
#3120=CARTESIAN_POINT('Ctrl Pts',(-41.2276723085145,-9.22663698797332,19.611317846766));
#3121=CARTESIAN_POINT('Ctrl Pts',(-41.5720969178596,-8.82148609906202,19.1875624269371));
#3122=CARTESIAN_POINT('',(-41.5696317079636,-8.82540358693224,19.1916713430715));
#3123=CARTESIAN_POINT('Origin',(-41.5696317079636,-8.46297085142094,19.5361165669167));
#3124=CARTESIAN_POINT('Origin',(-40.4497457866175,-7.37567264488706,20.5694522384524));
#3125=CARTESIAN_POINT('Ctrl Pts',(-47.895835434064,-11.6096537401352,14.1875984568355));
#3126=CARTESIAN_POINT('Ctrl Pts',(-47.9896517957064,-11.2523094929293,14.1134471324014));
#3127=CARTESIAN_POINT('Ctrl Pts',(-48.0268196859557,-10.1450115324796,14.0840738914994));
#3128=CARTESIAN_POINT('Ctrl Pts',(-46.8089791057043,-8.4689392415631,15.0466257020315));
#3129=CARTESIAN_POINT('Ctrl Pts',(-44.0262726321927,-7.72769514158263,17.2463537898883));
#3130=CARTESIAN_POINT('Ctrl Pts',(-42.2228453386462,-8.32898253673161,18.6725006092306));
#3131=CARTESIAN_POINT('Ctrl Pts',(-41.5586339049221,-8.83134474790189,19.1979121815724));
#3132=CARTESIAN_POINT('Ctrl Pts',(-47.931804700862,-11.6173997416544,14.1892702311827));
#3133=CARTESIAN_POINT('Ctrl Pts',(-48.0253700302771,-11.2556594756787,14.1132169227441));
#3134=CARTESIAN_POINT('Ctrl Pts',(-48.0624489718724,-10.1334665496599,14.0829139852633));
#3135=CARTESIAN_POINT('Ctrl Pts',(-46.8477949671337,-8.43990078344571,15.0708626045358));
#3136=CARTESIAN_POINT('Ctrl Pts',(-44.075833330218,-7.72483656453947,17.3107324297164));
#3137=CARTESIAN_POINT('Ctrl Pts',(-42.2896590507051,-8.36459702956445,18.7310659241639));
#3138=CARTESIAN_POINT('Ctrl Pts',(-41.6381163490031,-8.87471935825007,19.24255159436));
#3139=CARTESIAN_POINT('Ctrl Pts',(-48.0034741153969,-11.6344915987466,14.1846163795513));
#3140=CARTESIAN_POINT('Ctrl Pts',(-48.0965393178891,-11.2629043057793,14.1051194103927));
#3141=CARTESIAN_POINT('Ctrl Pts',(-48.1334328895639,-10.1087282022288,14.0733211238823));
#3142=CARTESIAN_POINT('Ctrl Pts',(-46.9250876589254,-8.37265955030641,15.106381673946));
#3143=CARTESIAN_POINT('Ctrl Pts',(-44.1744700431674,-7.68171614874577,17.4335581224482));
#3144=CARTESIAN_POINT('Ctrl Pts',(-42.4223671395256,-8.38600305402069,18.873333038091));
#3145=CARTESIAN_POINT('Ctrl Pts',(-41.7959575271376,-8.91542700698528,19.3746654821016));
#3146=CARTESIAN_POINT('Ctrl Pts',(-48.1230941226946,-11.668788750333,14.1490569022872));
#3147=CARTESIAN_POINT('Ctrl Pts',(-48.2157328168385,-11.2770856491959,14.064984887857));
#3148=CARTESIAN_POINT('Ctrl Pts',(-48.2525055682859,-10.0607141106805,14.0315227081642));
#3149=CARTESIAN_POINT('Ctrl Pts',(-47.0496749660413,-8.23003043823037,15.1235463906691));
#3150=CARTESIAN_POINT('Ctrl Pts',(-44.316262486141,-7.49639762131457,17.5948846616004));
#3151=CARTESIAN_POINT('Ctrl Pts',(-42.5881300171646,-8.24291715960965,19.1382687669823));
#3152=CARTESIAN_POINT('Ctrl Pts',(-41.9771478438481,-8.80443623428556,19.677224650172));
#3153=CARTESIAN_POINT('Ctrl Pts',(-48.1978930067078,-11.6956696181622,14.1006440310178));
#3154=CARTESIAN_POINT('Ctrl Pts',(-48.2910012819517,-11.2880230689014,14.0147130415064));
#3155=CARTESIAN_POINT('Ctrl Pts',(-48.32787027749,-10.0238440709803,13.9805742854689));
#3156=CARTESIAN_POINT('Ctrl Pts',(-47.1187788770225,-8.11422748689149,15.0960038256192));
#3157=CARTESIAN_POINT('Ctrl Pts',(-44.3641259710716,-7.29851233548235,17.6384244467052));
#3158=CARTESIAN_POINT('Ctrl Pts',(-42.5983410668104,-8.01774874748778,19.2678638320487));
#3159=CARTESIAN_POINT('Ctrl Pts',(-41.9594710444512,-8.59516457255916,19.8582866184431));
#3160=CARTESIAN_POINT('Ctrl Pts',(-48.2366258561985,-11.7118450098199,14.0647093838334));
#3161=CARTESIAN_POINT('Ctrl Pts',(-48.3304531178429,-11.2946032468171,13.9781338313032));
#3162=CARTESIAN_POINT('Ctrl Pts',(-48.3676259947165,-10.0016910606903,13.9438366035606));
#3163=CARTESIAN_POINT('Ctrl Pts',(-47.1496526599931,-8.04470602154649,15.0676860998833));
#3164=CARTESIAN_POINT('Ctrl Pts',(-44.3665327160309,-7.1794646284046,17.6357030611137));
#3165=CARTESIAN_POINT('Ctrl Pts',(-42.5626158408838,-7.8815923601914,19.3002072159454));
#3166=CARTESIAN_POINT('Ctrl Pts',(-41.8980991594147,-8.4680999931564,19.9133477556198));
#3167=CARTESIAN_POINT('',(-47.8992150046365,-11.5999999999998,14.1856123086601));
#3168=CARTESIAN_POINT('Origin',(-47.8992150046365,-11.6999999999998,13.6957143601035));
#3169=CARTESIAN_POINT('Origin',(-44.1826988577712,-11.,17.125));
#3170=CARTESIAN_POINT('Ctrl Pts',(-48.2382832643247,-11.6999999999998,14.0631823386703));
#3171=CARTESIAN_POINT('Ctrl Pts',(-48.216460936222,-11.7986448323205,14.0833181307493));
#3172=CARTESIAN_POINT('Ctrl Pts',(-48.2054387235823,-11.8993210396045,14.0934884930004));
#3173=CARTESIAN_POINT('Ctrl Pts',(-48.2054387235823,-11.9999999999997,14.0934884930004));
#3174=CARTESIAN_POINT('Ctrl Pts',(-48.1483365735494,-11.6631605667577,14.1461775101812));
#3175=CARTESIAN_POINT('Ctrl Pts',(-48.1256060129232,-11.7740772131864,14.1671039723175));
#3176=CARTESIAN_POINT('Ctrl Pts',(-48.1141567269223,-11.887013884611,14.17771577144));
#3177=CARTESIAN_POINT('Ctrl Pts',(-48.1141567269223,-11.9999999999997,14.17771577144));
#3178=CARTESIAN_POINT('Ctrl Pts',(-48.0241258298093,-11.6265276056383,14.1910272334861));
#3179=CARTESIAN_POINT('Ctrl Pts',(-48.001818464452,-11.7496200091801,14.2142607782972));
#3180=CARTESIAN_POINT('Ctrl Pts',(-47.9905744789159,-11.8747772507259,14.2260205144336));
#3181=CARTESIAN_POINT('Ctrl Pts',(-47.9905744789159,-11.9999999999997,14.2260205144336));
#3182=CARTESIAN_POINT('Ctrl Pts',(-47.8992150046365,-11.5999999999998,14.1856123086601));
#3183=CARTESIAN_POINT('Ctrl Pts',(-47.8773926765338,-11.7315264430942,14.2124600314322));
#3184=CARTESIAN_POINT('Ctrl Pts',(-47.866370463894,-11.8657613861395,14.2260205144336));
#3185=CARTESIAN_POINT('Ctrl Pts',(-47.866370463894,-11.9999999999997,14.2260205144336));
#3186=CARTESIAN_POINT('',(-47.866370463894,-11.9999999999997,14.2260205144336));
#3187=CARTESIAN_POINT('Origin',(-47.866370463894,-11.9999999999997,13.7260205144336));
#3188=CARTESIAN_POINT('Origin',(-49.4920076390073,-11.9999999999997,12.2260205144336));
#3189=CARTESIAN_POINT('Ctrl Pts',(-48.2065427722446,-11.9918672755002,14.0924424570128));
#3190=CARTESIAN_POINT('Ctrl Pts',(-48.2077531575098,-12.5928493779483,14.0948809659878));
#3191=CARTESIAN_POINT('Ctrl Pts',(-47.9753419338243,-13.6332256702202,13.6266523833618));
#3192=CARTESIAN_POINT('Ctrl Pts',(-47.4880268036933,-13.9999999999997,12.6449583838863));
#3193=CARTESIAN_POINT('Ctrl Pts',(-47.2800636466986,-13.9999999999997,12.2260205144336));
#3194=CARTESIAN_POINT('Ctrl Pts',(-48.1147839371928,-11.9916639846766,14.1776476044111));
#3195=CARTESIAN_POINT('Ctrl Pts',(-48.1159499618435,-12.6077109678843,14.1803371136869));
#3196=CARTESIAN_POINT('Ctrl Pts',(-47.8920048893031,-13.6577618921511,13.6638171446831));
#3197=CARTESIAN_POINT('Ctrl Pts',(-47.4624582402929,-13.9999999999997,12.654952399238));
#3198=CARTESIAN_POINT('Ctrl Pts',(-47.2800636466986,-13.9999999999997,12.2260205144336));
#3199=CARTESIAN_POINT('Ctrl Pts',(-47.9900672929934,-11.9916639846766,14.2263957502202));
#3200=CARTESIAN_POINT('Ctrl Pts',(-47.9910341940098,-12.6077109678847,14.2291630911922));
#3201=CARTESIAN_POINT('Ctrl Pts',(-47.805348426271,-13.6577618921517,13.6976886613697));
#3202=CARTESIAN_POINT('Ctrl Pts',(-47.4368896768923,-13.9999999999997,12.6649464145898));
#3203=CARTESIAN_POINT('Ctrl Pts',(-47.2800636466986,-13.9999999999997,12.2260205144336));
#3204=CARTESIAN_POINT('Ctrl Pts',(-47.8648497036395,-11.9918672755002,14.226000440691));
#3205=CARTESIAN_POINT('Ctrl Pts',(-47.8656137899749,-12.5928493779495,14.2286133950694));
#3206=CARTESIAN_POINT('Ctrl Pts',(-47.7188982538053,-13.6332256702221,13.7268888352434));
#3207=CARTESIAN_POINT('Ctrl Pts',(-47.4113211134919,-13.9999999999997,12.6749404299415));
#3208=CARTESIAN_POINT('Ctrl Pts',(-47.2800636466986,-13.9999999999997,12.2260205144336));
#3209=CARTESIAN_POINT('',(-47.2800636466987,-13.9999999999997,12.2260205144336));
#3210=CARTESIAN_POINT('Origin',(-47.2800636466986,-11.9999999999996,12.2260205144336));
#3211=CARTESIAN_POINT('Origin',(-47.2800636466986,-11.9999999999997,12.2260205144336));
#3212=CARTESIAN_POINT('Origin',(-38.4034466151155,-7.62022141383871,20.4166092578577));
#3213=CARTESIAN_POINT('',(-33.6008927679108,-1.58999682000931,26.5439949120153));
#3214=CARTESIAN_POINT('',(-38.4034466151155,-8.68021929384507,22.1126058658679));
#3215=CARTESIAN_POINT('Origin',(-33.6008927679108,-0.529998940002949,24.8479983040051));
#3216=CARTESIAN_POINT('Origin',(-51.2179021190449,7.37567264488732,20.5694522384527));
#3217=CARTESIAN_POINT('',(-34.2179021190449,8.43567052489365,22.2654488464628));
#3218=CARTESIAN_POINT('',(-51.2179021190449,8.43567052489369,22.2654488464629));
#3219=CARTESIAN_POINT('',(-34.2179021190449,8.82540358693239,19.1916713430716));
#3220=CARTESIAN_POINT('Origin',(-34.2179021190449,7.37567264488732,20.5694522384527));
#3221=CARTESIAN_POINT('',(-51.2179021190449,8.82540358693239,19.1916713430716));
#3222=CARTESIAN_POINT('Origin',(-51.2179021190449,11.,17.125));
#3223=CARTESIAN_POINT('',(-34.2179021190449,11.6000000000002,14.1856123086602));
#3224=CARTESIAN_POINT('Origin',(-34.2179021190449,11.,17.125));
#3225=CARTESIAN_POINT('',(-51.2179021190449,11.6000000000002,14.1856123086602));
#3226=CARTESIAN_POINT('Origin',(-51.2179021190449,12.0000000000004,12.2260205144337));
#3227=CARTESIAN_POINT('Origin',(-34.2179021190449,12.0000000000004,12.2260205144337));
#3228=CARTESIAN_POINT('Origin',(-51.2179021190449,-7.37567264488706,20.5694522384524));
#3229=CARTESIAN_POINT('',(-34.2179021190449,-8.82540358693224,19.1916713430715));
#3230=CARTESIAN_POINT('',(-51.2179021190449,-8.82540358693224,19.1916713430715));
#3231=CARTESIAN_POINT('',(-34.2179021190449,-8.43567052489346,22.2654488464627));
#3232=CARTESIAN_POINT('Origin',(-34.2179021190449,-7.37567264488706,20.5694522384524));
#3233=CARTESIAN_POINT('',(-51.2179021190449,-8.43567052489343,22.2654488464626));
#3234=CARTESIAN_POINT('Origin',(-51.2179021190449,-11.,17.125));
#3235=CARTESIAN_POINT('',(-34.2179021190449,-11.5999999999998,14.1856123086601));
#3236=CARTESIAN_POINT('',(-51.2179021190449,-11.5999999999998,14.1856123086601));
#3237=CARTESIAN_POINT('Origin',(-34.2179021190449,-11.,17.125));
#3238=CARTESIAN_POINT('Origin',(-51.2179021190449,-11.9999999999997,12.2260205144336));
#3239=CARTESIAN_POINT('',(-34.2179021190449,-13.9999999999998,12.2260205144336));
#3240=CARTESIAN_POINT('',(-51.2179021190449,-13.9999999999997,12.2260205144336));
#3241=CARTESIAN_POINT('Origin',(-34.2179021190449,-11.9999999999997,12.2260205144336));
#3242=CARTESIAN_POINT('Origin',(-31.217902119045,-13.9999999999998,0.));
#3243=CARTESIAN_POINT('',(-34.2179021190449,-13.9999999999998,17.125));
#3244=CARTESIAN_POINT('',(-31.217902119045,-13.9999999999998,17.125));
#3245=CARTESIAN_POINT('',(-34.2179021190449,-13.9999999999998,8.5625));
#3246=CARTESIAN_POINT('',(-48.8960386384215,-13.9999999999997,10.7349359571336));
#3247=CARTESIAN_POINT('',(-38.7796560997858,-13.9999999999997,20.0694750783222));
#3248=CARTESIAN_POINT('Origin',(-48.217902119045,-13.9999999999997,10.));
#3249=CARTESIAN_POINT('Origin',(-38.7796560997858,-11.9999999999997,20.0694750783222));
#3250=CARTESIAN_POINT('Origin',(-48.8960386384214,-11.9999999999998,10.7349359571336));
#3251=CARTESIAN_POINT('Origin',(-34.2179021190449,11.,17.125));
#3252=CARTESIAN_POINT('',(-34.2179021190449,12.5899968200096,19.6689949120154));
#3253=CARTESIAN_POINT('Origin',(-34.2179021190449,11.0000000000002,17.125));
#3254=CARTESIAN_POINT('',(-34.2179021190449,7.08999682000969,23.1064949120153));
#3255=CARTESIAN_POINT('Origin',(-34.2179021190449,-11.,17.125));
#3256=CARTESIAN_POINT('',(-34.2179021190449,-12.5899968200095,19.6689949120152));
#3257=CARTESIAN_POINT('Origin',(-34.2179021190449,-10.9999999999998,17.125));
#3258=CARTESIAN_POINT('',(-34.2179021190449,-12.5899968200094,19.6689949120152));
#3259=CARTESIAN_POINT('Origin',(-31.2179021190448,11.0000000000002,17.125));
#3260=CARTESIAN_POINT('',(-31.2179021190448,12.5899968200098,19.6689949120153));
#3261=CARTESIAN_POINT('Origin',(-31.217902119045,-10.9999999999998,17.125));
#3262=CARTESIAN_POINT('',(-31.217902119045,-12.5899968200093,19.6689949120153));
#3263=CARTESIAN_POINT('Ctrl Pts',(-50.2523116771742,-11.9999999999998,12.2048078714011));
#3264=CARTESIAN_POINT('Ctrl Pts',(-51.2179021190449,-11.9999999999996,11.3138429716196));
#3265=CARTESIAN_POINT('Ctrl Pts',(-51.2179021190449,-11.9999999999997,9.99999999999977));
#3266=CARTESIAN_POINT('Ctrl Pts',(-50.2523116771744,-13.9999999999999,12.204807871401));
#3267=CARTESIAN_POINT('Ctrl Pts',(-51.217902119045,-13.9999999999997,11.3138429716196));
#3268=CARTESIAN_POINT('Ctrl Pts',(-51.2179021190451,-13.9999999999998,9.99999999999998));
#3269=CARTESIAN_POINT('Ctrl Pts',(-48.8960386384214,-13.9999999999998,10.7349359571336));
#3270=CARTESIAN_POINT('Ctrl Pts',(-49.217902119045,-13.9999999999998,10.4379476572065));
#3271=CARTESIAN_POINT('Ctrl Pts',(-49.217902119045,-13.9999999999998,9.99999999999998));
#3272=CARTESIAN_POINT('Origin',(-48.2179021190449,-11.9999999999998,10.));
#3273=CARTESIAN_POINT('Ctrl Pts',(-34.9583258723447,0.529720346652224,26.3167991320157));
#3274=CARTESIAN_POINT('Ctrl Pts',(-34.8664534247559,0.394490928575982,26.4015752383846));
#3275=CARTESIAN_POINT('Ctrl Pts',(-34.7354897509741,0.0306011845452227,
26.5224185026436));
#3276=CARTESIAN_POINT('Ctrl Pts',(-34.8358734359649,-0.349485164962867,
26.4297931890448));
#3277=CARTESIAN_POINT('Ctrl Pts',(-34.9583258790591,-0.529720346461803,
26.3167991258235));
#3278=CARTESIAN_POINT('Ctrl Pts',(-34.6349131429657,0.936345496211518,26.6158095576386));
#3279=CARTESIAN_POINT('Ctrl Pts',(-34.518125339543,0.686390742089309,26.7217381035616));
#3280=CARTESIAN_POINT('Ctrl Pts',(-34.3558948362186,0.0503247864980381,
26.8708709207478));
#3281=CARTESIAN_POINT('Ctrl Pts',(-34.4792541072899,-0.603202764678724,
26.7569958675007));
#3282=CARTESIAN_POINT('Ctrl Pts',(-34.6349131481499,-0.936345496606506,
26.6158095513697));
#3283=CARTESIAN_POINT('Ctrl Pts',(-34.1206623289299,1.33882726454324,26.7013810212602));
#3284=CARTESIAN_POINT('Ctrl Pts',(-34.0151411054621,0.977179956031377,26.8698048136437));
#3285=CARTESIAN_POINT('Ctrl Pts',(-33.8677435733278,0.0705005840596623,
27.0994917871131));
#3286=CARTESIAN_POINT('Ctrl Pts',(-33.9800194358438,-0.856819215134253,
26.9258604740074));
#3287=CARTESIAN_POINT('Ctrl Pts',(-34.1206623342586,-1.33882726533572,26.701381017152));
#3288=CARTESIAN_POINT('Ctrl Pts',(-33.6010150330642,1.59205796193011,26.5427054813708));
#3289=CARTESIAN_POINT('Ctrl Pts',(-33.5090946563813,1.18556821728957,26.797228127537));
#3290=CARTESIAN_POINT('Ctrl Pts',(-33.3780704229971,0.0919495307194661,
27.1600284945531));
#3291=CARTESIAN_POINT('Ctrl Pts',(-33.4784987177327,-1.0502841796471,26.8819466589199));
#3292=CARTESIAN_POINT('Ctrl Pts',(-33.601015039776,-1.59205796136293,26.5427054627853));
#3293=CARTESIAN_POINT('',(-33.6008927679108,1.58999682000978,26.5439949120153));
#3294=CARTESIAN_POINT('Origin',(-33.6008927679108,0.529998940003417,24.8479983040051));
#3295=CARTESIAN_POINT('Origin',(-34.51991781286,2.4108908063392E-13,24.));
#3296=CARTESIAN_POINT('Origin',(-30.4747485940091,-4.08526585107234,27.7325387984274));
#3297=CARTESIAN_POINT('',(-30.4747485940091,-3.02526797106598,29.4285354064376));
#3298=CARTESIAN_POINT('Ctrl Pts',(-51.2179021190449,12.0000000000001,10.0000000000002));
#3299=CARTESIAN_POINT('Ctrl Pts',(-51.2179021190456,11.9999999999996,11.3138429716219));
#3300=CARTESIAN_POINT('Ctrl Pts',(-50.252311677172,12.0000000000002,12.204807871403));
#3301=CARTESIAN_POINT('Ctrl Pts',(-51.217902119045,14.0000000000004,10.000000000001));
#3302=CARTESIAN_POINT('Ctrl Pts',(-51.2179021190456,13.9999999999999,11.3138429716218));
#3303=CARTESIAN_POINT('Ctrl Pts',(-50.2523116771727,14.0000000000005,12.2048078714024));
#3304=CARTESIAN_POINT('Ctrl Pts',(-49.2179021190447,14.0000000000003,10.000000000001));
#3305=CARTESIAN_POINT('Ctrl Pts',(-49.2179021190449,14.0000000000001,10.4379476572071));
#3306=CARTESIAN_POINT('Ctrl Pts',(-48.8960386384212,14.0000000000003,10.7349359571334));
#3307=CARTESIAN_POINT('Origin',(-48.2179021190449,12.0000000000002,10.));
#3308=CARTESIAN_POINT('Origin',(-48.2179021190449,-13.9999999999997,10.));
#3309=CARTESIAN_POINT('Origin',(-31.2179021190449,1.58999682000976,26.5439949120153));
#3310=CARTESIAN_POINT('',(-31.2179021190449,1.58999682000976,26.5439949120153));
#3311=CARTESIAN_POINT('Origin',(-31.2179021190449,2.17993445372954E-13,
24.));
#3312=CARTESIAN_POINT('',(-31.2179021190449,-1.58999682000932,26.5439949120153));
#3313=CARTESIAN_POINT('Origin',(-31.217902119045,-12.5899968200093,19.6689949120153));
#3314=UNCERTAINTY_MEASURE_WITH_UNIT(LENGTH_MEASURE(0.01),#3318,
'DISTANCE_ACCURACY_VALUE',
'Maximum model space distance between geometric entities at asserted c
onnectivities');
#3315=UNCERTAINTY_MEASURE_WITH_UNIT(LENGTH_MEASURE(0.01),#3318,
'DISTANCE_ACCURACY_VALUE',
'Maximum model space distance between geometric entities at asserted c
onnectivities');
#3316=(
GEOMETRIC_REPRESENTATION_CONTEXT(3)
GLOBAL_UNCERTAINTY_ASSIGNED_CONTEXT((#3314))
GLOBAL_UNIT_ASSIGNED_CONTEXT((#3318,#3320,#3321))
REPRESENTATION_CONTEXT('','3D')
);
#3317=(
GEOMETRIC_REPRESENTATION_CONTEXT(3)
GLOBAL_UNCERTAINTY_ASSIGNED_CONTEXT((#3315))
GLOBAL_UNIT_ASSIGNED_CONTEXT((#3318,#3320,#3321))
REPRESENTATION_CONTEXT('','3D')
);
#3318=(
LENGTH_UNIT()
NAMED_UNIT(*)
SI_UNIT(.MILLI.,.METRE.)
);
#3319=(
LENGTH_UNIT()
NAMED_UNIT(*)
SI_UNIT($,.METRE.)
);
#3320=(
NAMED_UNIT(*)
PLANE_ANGLE_UNIT()
SI_UNIT($,.RADIAN.)
);
#3321=(
NAMED_UNIT(*)
SI_UNIT($,.STERADIAN.)
SOLID_ANGLE_UNIT()
);
#3322=SHAPE_DEFINITION_REPRESENTATION(#3323,#3324);
#3323=PRODUCT_DEFINITION_SHAPE('',$,#3326);
#3324=SHAPE_REPRESENTATION('',(#1696),#3316);
#3325=PRODUCT_DEFINITION_CONTEXT('part definition',#3330,'design');
#3326=PRODUCT_DEFINITION('FusionComponent','103107002_02 v1',#3327,#3325);
#3327=PRODUCT_DEFINITION_FORMATION('',$,#3332);
#3328=PRODUCT_RELATED_PRODUCT_CATEGORY('103107002_02 v1',
'103107002_02 v1',(#3332));
#3329=APPLICATION_PROTOCOL_DEFINITION('international standard',
'automotive_design',2009,#3330);
#3330=APPLICATION_CONTEXT(
'Core Data for Automotive Mechanical Design Process');
#3331=PRODUCT_CONTEXT('part definition',#3330,'mechanical');
#3332=PRODUCT('FusionComponent','103107002_02 v1',$,(#3331));
#3333=PRESENTATION_STYLE_ASSIGNMENT((#3335));
#3334=PRESENTATION_STYLE_ASSIGNMENT((#3336));
#3335=SURFACE_STYLE_USAGE(.BOTH.,#3337);
#3336=SURFACE_STYLE_USAGE(.BOTH.,#3338);
#3337=SURFACE_SIDE_STYLE('',(#3339));
#3338=SURFACE_SIDE_STYLE('',(#3340));
#3339=SURFACE_STYLE_FILL_AREA(#3341);
#3340=SURFACE_STYLE_FILL_AREA(#3342);
#3341=FILL_AREA_STYLE('Plate',(#3343));
#3342=FILL_AREA_STYLE('Opaque(160,160,160)',(#3344));
#3343=FILL_AREA_STYLE_COLOUR('Plate',#3345);
#3344=FILL_AREA_STYLE_COLOUR('Opaque(160,160,160)',#3346);
#3345=COLOUR_RGB('Plate',0.6,0.6,0.6);
#3346=COLOUR_RGB('Opaque(160,160,160)',0.627450980392157,0.627450980392157,
0.627450980392157);
ENDSEC;
END-ISO-10303-21;
