ISO-10303-21;
HEADER;
/* Generated by software containing ST-Developer
 * from STEP Tools, Inc. (www.steptools.com) 
 */

FILE_DESCRIPTION(
/* description */ (''),
/* implementation_level */ '2;1');

FILE_NAME(
/* name */ '103107019_01 - link_3 Elbow Upper Shroud.step',
/* time_stamp */ '2025-06-26T15:35:56-05:00',
/* author */ (''),
/* organization */ (''),
/* preprocessor_version */ 'ST-DEVELOPER v20.1',
/* originating_system */ 'Autodesk Translation Framework v14.10.0.0',
/* authorisation */ '');

FILE_SCHEMA (('AUTOMOTIVE_DESIGN { 1 0 10303 214 3 1 1 }'));
ENDSEC;

DATA;
#10=MECHANICAL_DESIGN_GEOMETRIC_PRESENTATION_REPRESENTATION('',(#13),#5170);
#11=SHAPE_REPRESENTATION_RELATIONSHIP('SRR','None',#5177,#12);
#12=ADVANCED_BREP_SHAPE_REPRESENTATION('',(#14),#5169);
#13=STYLED_ITEM('',(#5187),#14);
#14=MANIFOLD_SOLID_BREP('Body1',#1496);
#15=FACE_BOUND('',#289,.T.);
#16=FACE_BOUND('',#296,.T.);
#17=FACE_BOUND('',#300,.T.);
#18=FACE_BOUND('',#301,.T.);
#19=B_SPLINE_SURFACE_WITH_KNOTS('',3,3,((#2427,#2428,#2429,#2430,#2431,
#2432),(#2433,#2434,#2435,#2436,#2437,#2438),(#2439,#2440,#2441,#2442,#2443,
#2444),(#2445,#2446,#2447,#2448,#2449,#2450),(#2451,#2452,#2453,#2454,#2455,
#2456),(#2457,#2458,#2459,#2460,#2461,#2462),(#2463,#2464,#2465,#2466,#2467,
#2468),(#2469,#2470,#2471,#2472,#2473,#2474),(#2475,#2476,#2477,#2478,#2479,
#2480),(#2481,#2482,#2483,#2484,#2485,#2486),(#2487,#2488,#2489,#2490,#2491,
#2492),(#2493,#2494,#2495,#2496,#2497,#2498),(#2499,#2500,#2501,#2502,#2503,
#2504),(#2505,#2506,#2507,#2508,#2509,#2510),(#2511,#2512,#2513,#2514,#2515,
#2516),(#2517,#2518,#2519,#2520,#2521,#2522),(#2523,#2524,#2525,#2526,#2527,
#2528),(#2529,#2530,#2531,#2532,#2533,#2534),(#2535,#2536,#2537,#2538,#2539,
#2540)),.UNSPECIFIED.,.F.,.F.,.F.,(4,1,1,1,1,1,1,1,1,1,1,1,1,1,1,1,4),(4,
1,1,4),(0.,0.0625,0.125,0.1875,0.25,0.3125,0.375,0.4375,0.5,0.5625,0.625,
0.6875,0.75,0.8125,0.875,0.9375,1.),(0.,0.333333333333333,0.666666666666667,
1.),.UNSPECIFIED.);
#20=B_SPLINE_SURFACE_WITH_KNOTS('',3,3,((#2629,#2630,#2631,#2632,#2633,
#2634),(#2635,#2636,#2637,#2638,#2639,#2640),(#2641,#2642,#2643,#2644,#2645,
#2646),(#2647,#2648,#2649,#2650,#2651,#2652),(#2653,#2654,#2655,#2656,#2657,
#2658),(#2659,#2660,#2661,#2662,#2663,#2664),(#2665,#2666,#2667,#2668,#2669,
#2670),(#2671,#2672,#2673,#2674,#2675,#2676),(#2677,#2678,#2679,#2680,#2681,
#2682),(#2683,#2684,#2685,#2686,#2687,#2688),(#2689,#2690,#2691,#2692,#2693,
#2694),(#2695,#2696,#2697,#2698,#2699,#2700),(#2701,#2702,#2703,#2704,#2705,
#2706),(#2707,#2708,#2709,#2710,#2711,#2712),(#2713,#2714,#2715,#2716,#2717,
#2718),(#2719,#2720,#2721,#2722,#2723,#2724),(#2725,#2726,#2727,#2728,#2729,
#2730)),.UNSPECIFIED.,.F.,.F.,.F.,(4,1,1,1,1,1,1,1,1,1,1,1,1,1,4),(4,1,
1,4),(0.,0.0714285714285714,0.142857142857143,0.214285714285714,0.285714285714286,
0.357142857142857,0.428571428571429,0.5,0.571428571428571,0.642857142857143,
0.714285714285714,0.785714285714286,0.857142857142857,0.928571428571429,
1.),(0.,0.333333333333333,0.666666666666667,1.),.UNSPECIFIED.);
#21=B_SPLINE_SURFACE_WITH_KNOTS('',3,3,((#2843,#2844,#2845,#2846),(#2847,
#2848,#2849,#2850),(#2851,#2852,#2853,#2854),(#2855,#2856,#2857,#2858),
(#2859,#2860,#2861,#2862)),.UNSPECIFIED.,.F.,.F.,.F.,(4,1,4),(4,4),(0.,
0.5,1.),(0.616040369486205,1.5707963267949),.UNSPECIFIED.);
#22=B_SPLINE_SURFACE_WITH_KNOTS('',3,3,((#2888,#2889,#2890,#2891),(#2892,
#2893,#2894,#2895),(#2896,#2897,#2898,#2899),(#2900,#2901,#2902,#2903),
(#2904,#2905,#2906,#2907)),.UNSPECIFIED.,.F.,.F.,.F.,(4,1,4),(4,4),(0.,
0.5,1.),(0.,0.242783651415634),.UNSPECIFIED.);
#23=B_SPLINE_SURFACE_WITH_KNOTS('',3,3,((#2923,#2924,#2925,#2926,#2927,
#2928),(#2929,#2930,#2931,#2932,#2933,#2934),(#2935,#2936,#2937,#2938,#2939,
#2940),(#2941,#2942,#2943,#2944,#2945,#2946),(#2947,#2948,#2949,#2950,#2951,
#2952)),.UNSPECIFIED.,.F.,.F.,.F.,(4,1,4),(4,1,1,4),(-0.00456887763919729,
0.571428571428571,1.),(-0.00456887763918001,0.357284325558105,0.595473875930172,
0.838232303941437),.UNSPECIFIED.);
#24=B_SPLINE_SURFACE_WITH_KNOTS('',3,3,((#3014,#3015,#3016,#3017,#3018),
(#3019,#3020,#3021,#3022,#3023),(#3024,#3025,#3026,#3027,#3028),(#3029,
#3030,#3031,#3032,#3033)),.UNSPECIFIED.,.F.,.F.,.F.,(4,4),(4,1,4),(0.,1.),
(4.30556023644536E-16,0.209357769757226,0.488501462766859),
 .UNSPECIFIED.);
#25=B_SPLINE_SURFACE_WITH_KNOTS('',3,3,((#3047,#3048,#3049,#3050,#3051,
#3052),(#3053,#3054,#3055,#3056,#3057,#3058),(#3059,#3060,#3061,#3062,#3063,
#3064),(#3065,#3066,#3067,#3068,#3069,#3070),(#3071,#3072,#3073,#3074,#3075,
#3076)),.UNSPECIFIED.,.F.,.F.,.F.,(4,1,4),(4,1,1,4),(0.,0.571428571428571,
1.00463846558584),(-0.00463846558584283,0.357128885972463,0.595214809954105,
0.837939199521591),.UNSPECIFIED.);
#26=B_SPLINE_SURFACE_WITH_KNOTS('',3,3,((#3138,#3139,#3140,#3141),(#3142,
#3143,#3144,#3145),(#3146,#3147,#3148,#3149),(#3150,#3151,#3152,#3153),
(#3154,#3155,#3156,#3157)),.UNSPECIFIED.,.F.,.F.,.F.,(4,1,4),(4,4),(0.,
0.5,1.),(0.,0.242783647696726),.UNSPECIFIED.);
#27=B_SPLINE_SURFACE_WITH_KNOTS('',3,3,((#3171,#3172,#3173,#3174),(#3175,
#3176,#3177,#3178),(#3179,#3180,#3181,#3182),(#3183,#3184,#3185,#3186),
(#3187,#3188,#3189,#3190)),.UNSPECIFIED.,.F.,.F.,.F.,(4,1,4),(4,4),(0.,
0.5,1.),(0.616040369486534,1.5707963267949),.UNSPECIFIED.);
#28=B_SPLINE_SURFACE_WITH_KNOTS('',3,3,((#4020,#4021,#4022,#4023,#4024,
#4025),(#4026,#4027,#4028,#4029,#4030,#4031),(#4032,#4033,#4034,#4035,#4036,
#4037),(#4038,#4039,#4040,#4041,#4042,#4043),(#4044,#4045,#4046,#4047,#4048,
#4049),(#4050,#4051,#4052,#4053,#4054,#4055)),.UNSPECIFIED.,.F.,.F.,.F.,
(4,1,1,4),(4,1,1,4),(-3.00674169062972E-5,0.5,0.785714285714286,1.),(0.122239699499083,
0.133904151928647,0.139721344434975,0.163020181877197),.UNSPECIFIED.);
#29=B_SPLINE_SURFACE_WITH_KNOTS('',3,3,((#4062,#4063,#4064,#4065,#4066,
#4067),(#4068,#4069,#4070,#4071,#4072,#4073),(#4074,#4075,#4076,#4077,#4078,
#4079),(#4080,#4081,#4082,#4083,#4084,#4085),(#4086,#4087,#4088,#4089,#4090,
#4091),(#4092,#4093,#4094,#4095,#4096,#4097)),.UNSPECIFIED.,.F.,.F.,.F.,
(4,1,1,4),(4,1,1,4),(-3.00674176919578E-5,0.5,0.785714285714286,1.),(0.325950161499681,
0.349248998939401,0.355066191444909,0.366730643873618),.UNSPECIFIED.);
#30=B_SPLINE_SURFACE_WITH_KNOTS('',3,3,((#4115,#4116,#4117,#4118),(#4119,
#4120,#4121,#4122),(#4123,#4124,#4125,#4126),(#4127,#4128,#4129,#4130),
(#4131,#4132,#4133,#4134)),.UNSPECIFIED.,.F.,.F.,.F.,(4,1,4),(4,4),(0.,
0.5,1.),(0.335278465144517,1.00451965692795),.UNSPECIFIED.);
#31=B_SPLINE_SURFACE_WITH_KNOTS('',3,3,((#4145,#4146,#4147,#4148),(#4149,
#4150,#4151,#4152),(#4153,#4154,#4155,#4156),(#4157,#4158,#4159,#4160),
(#4161,#4162,#4163,#4164)),.UNSPECIFIED.,.F.,.F.,.F.,(4,1,4),(4,4),(0.,
0.5,1.),(0.168549471239076,0.837812642892468),.UNSPECIFIED.);
#32=B_SPLINE_SURFACE_WITH_KNOTS('',3,3,((#4165,#4166,#4167,#4168,#4169,
#4170,#4171,#4172,#4173,#4174,#4175,#4176),(#4177,#4178,#4179,#4180,#4181,
#4182,#4183,#4184,#4185,#4186,#4187,#4188),(#4189,#4190,#4191,#4192,#4193,
#4194,#4195,#4196,#4197,#4198,#4199,#4200),(#4201,#4202,#4203,#4204,#4205,
#4206,#4207,#4208,#4209,#4210,#4211,#4212),(#4213,#4214,#4215,#4216,#4217,
#4218,#4219,#4220,#4221,#4222,#4223,#4224),(#4225,#4226,#4227,#4228,#4229,
#4230,#4231,#4232,#4233,#4234,#4235,#4236)),.UNSPECIFIED.,.F.,.F.,.F.,(4,
1,1,4),(4,1,1,1,1,1,1,1,1,4),(0.,0.333333333333333,0.666666666666667,1.),
(0.,0.111111111111111,0.222222222222222,0.333333333333333,0.444444444444444,
0.555555555555556,0.666666666666667,0.777777777777778,0.888888888888889,
1.),.UNSPECIFIED.);
#33=B_SPLINE_SURFACE_WITH_KNOTS('',3,3,((#4249,#4250,#4251,#4252,#4253,
#4254),(#4255,#4256,#4257,#4258,#4259,#4260),(#4261,#4262,#4263,#4264,#4265,
#4266),(#4267,#4268,#4269,#4270,#4271,#4272),(#4273,#4274,#4275,#4276,#4277,
#4278),(#4279,#4280,#4281,#4282,#4283,#4284),(#4285,#4286,#4287,#4288,#4289,
#4290),(#4291,#4292,#4293,#4294,#4295,#4296),(#4297,#4298,#4299,#4300,#4301,
#4302),(#4303,#4304,#4305,#4306,#4307,#4308),(#4309,#4310,#4311,#4312,#4313,
#4314),(#4315,#4316,#4317,#4318,#4319,#4320)),.UNSPECIFIED.,.F.,.F.,.F.,
(4,1,1,1,1,1,1,1,1,4),(4,1,1,4),(0.,0.111111111111111,0.222222222222222,
0.333333333333333,0.444444444444444,0.555555555555556,0.666666666666667,
0.777777777777778,0.888888888888889,1.),(0.,0.333333333333333,0.666666666666667,
1.),.UNSPECIFIED.);
#34=B_SPLINE_SURFACE_WITH_KNOTS('',3,3,((#4331,#4332,#4333,#4334,#4335,
#4336,#4337,#4338,#4339,#4340,#4341,#4342,#4343,#4344,#4345,#4346,#4347),
(#4348,#4349,#4350,#4351,#4352,#4353,#4354,#4355,#4356,#4357,#4358,#4359,
#4360,#4361,#4362,#4363,#4364),(#4365,#4366,#4367,#4368,#4369,#4370,#4371,
#4372,#4373,#4374,#4375,#4376,#4377,#4378,#4379,#4380,#4381),(#4382,#4383,
#4384,#4385,#4386,#4387,#4388,#4389,#4390,#4391,#4392,#4393,#4394,#4395,
#4396,#4397,#4398),(#4399,#4400,#4401,#4402,#4403,#4404,#4405,#4406,#4407,
#4408,#4409,#4410,#4411,#4412,#4413,#4414,#4415),(#4416,#4417,#4418,#4419,
#4420,#4421,#4422,#4423,#4424,#4425,#4426,#4427,#4428,#4429,#4430,#4431,
#4432)),.UNSPECIFIED.,.F.,.F.,.F.,(4,1,1,4),(4,1,1,1,1,1,1,1,1,1,1,1,1,
1,4),(0.,0.333333333333333,0.666666666666667,1.),(0.,0.0714285714285714,
0.142857142857143,0.214285714285714,0.285714285714286,0.357142857142857,
0.428571428571429,0.5,0.571428571428571,0.642857142857143,0.714285714285714,
0.785714285714286,0.857142857142857,0.928571428571429,1.),.UNSPECIFIED.);
#35=B_SPLINE_SURFACE_WITH_KNOTS('',3,3,((#4450,#4451,#4452,#4453,#4454,
#4455),(#4456,#4457,#4458,#4459,#4460,#4461),(#4462,#4463,#4464,#4465,#4466,
#4467),(#4468,#4469,#4470,#4471,#4472,#4473),(#4474,#4475,#4476,#4477,#4478,
#4479),(#4480,#4481,#4482,#4483,#4484,#4485),(#4486,#4487,#4488,#4489,#4490,
#4491),(#4492,#4493,#4494,#4495,#4496,#4497),(#4498,#4499,#4500,#4501,#4502,
#4503),(#4504,#4505,#4506,#4507,#4508,#4509),(#4510,#4511,#4512,#4513,#4514,
#4515),(#4516,#4517,#4518,#4519,#4520,#4521),(#4522,#4523,#4524,#4525,#4526,
#4527),(#4528,#4529,#4530,#4531,#4532,#4533),(#4534,#4535,#4536,#4537,#4538,
#4539),(#4540,#4541,#4542,#4543,#4544,#4545),(#4546,#4547,#4548,#4549,#4550,
#4551)),.UNSPECIFIED.,.F.,.F.,.F.,(4,1,1,1,1,1,1,1,1,1,1,1,1,1,4),(4,1,
1,4),(0.,0.0714285714285714,0.142857142857143,0.214285714285714,0.285714285714286,
0.357142857142857,0.428571428571429,0.5,0.571428571428571,0.642857142857143,
0.714285714285714,0.785714285714286,0.857142857142857,0.928571428571429,
1.),(0.,0.333333333333333,0.666666666666667,1.),.UNSPECIFIED.);
#36=B_SPLINE_SURFACE_WITH_KNOTS('',3,3,((#4558,#4559,#4560,#4561,#4562,
#4563,#4564,#4565,#4566,#4567,#4568,#4569,#4570,#4571,#4572,#4573,#4574),
(#4575,#4576,#4577,#4578,#4579,#4580,#4581,#4582,#4583,#4584,#4585,#4586,
#4587,#4588,#4589,#4590,#4591),(#4592,#4593,#4594,#4595,#4596,#4597,#4598,
#4599,#4600,#4601,#4602,#4603,#4604,#4605,#4606,#4607,#4608),(#4609,#4610,
#4611,#4612,#4613,#4614,#4615,#4616,#4617,#4618,#4619,#4620,#4621,#4622,
#4623,#4624,#4625),(#4626,#4627,#4628,#4629,#4630,#4631,#4632,#4633,#4634,
#4635,#4636,#4637,#4638,#4639,#4640,#4641,#4642),(#4643,#4644,#4645,#4646,
#4647,#4648,#4649,#4650,#4651,#4652,#4653,#4654,#4655,#4656,#4657,#4658,
#4659)),.UNSPECIFIED.,.F.,.F.,.F.,(4,1,1,4),(4,1,1,1,1,1,1,1,1,1,1,1,1,
1,4),(0.,0.333333333333333,0.666666666666667,1.),(0.,0.0714285714285714,
0.142857142857143,0.214285714285714,0.285714285714286,0.357142857142857,
0.428571428571429,0.5,0.571428571428571,0.642857142857143,0.714285714285714,
0.785714285714286,0.857142857142857,0.928571428571429,1.),.UNSPECIFIED.);
#37=B_SPLINE_SURFACE_WITH_KNOTS('',3,3,((#4660,#4661,#4662,#4663,#4664,
#4665,#4666,#4667,#4668,#4669),(#4670,#4671,#4672,#4673,#4674,#4675,#4676,
#4677,#4678,#4679),(#4680,#4681,#4682,#4683,#4684,#4685,#4686,#4687,#4688,
#4689),(#4690,#4691,#4692,#4693,#4694,#4695,#4696,#4697,#4698,#4699),(#4700,
#4701,#4702,#4703,#4704,#4705,#4706,#4707,#4708,#4709),(#4710,#4711,#4712,
#4713,#4714,#4715,#4716,#4717,#4718,#4719)),.UNSPECIFIED.,.F.,.F.,.F.,(4,
1,1,4),(4,1,1,1,1,1,1,4),(0.,0.333333333333333,0.666666666666667,1.),(0.,
0.142857142857143,0.285714285714286,0.428571428571429,0.571428571428571,
0.714285714285714,0.857142857142857,1.),.UNSPECIFIED.);
#38=B_SPLINE_SURFACE_WITH_KNOTS('',3,3,((#4730,#4731,#4732,#4733,#4734,
#4735),(#4736,#4737,#4738,#4739,#4740,#4741),(#4742,#4743,#4744,#4745,#4746,
#4747),(#4748,#4749,#4750,#4751,#4752,#4753),(#4754,#4755,#4756,#4757,#4758,
#4759),(#4760,#4761,#4762,#4763,#4764,#4765),(#4766,#4767,#4768,#4769,#4770,
#4771),(#4772,#4773,#4774,#4775,#4776,#4777),(#4778,#4779,#4780,#4781,#4782,
#4783),(#4784,#4785,#4786,#4787,#4788,#4789)),.UNSPECIFIED.,.F.,.F.,.F.,
(4,1,1,1,1,1,1,4),(4,1,1,4),(0.,0.142857142857143,0.285714285714286,0.428571428571429,
0.571428571428571,0.714285714285714,0.857142857142857,1.),(0.,0.333333333333333,
0.666666666666667,1.),.UNSPECIFIED.);
#39=B_SPLINE_SURFACE_WITH_KNOTS('',3,3,((#4796,#4797,#4798,#4799,#4800,
#4801,#4802,#4803,#4804,#4805,#4806,#4807,#4808,#4809,#4810,#4811,#4812,
#4813,#4814),(#4815,#4816,#4817,#4818,#4819,#4820,#4821,#4822,#4823,#4824,
#4825,#4826,#4827,#4828,#4829,#4830,#4831,#4832,#4833),(#4834,#4835,#4836,
#4837,#4838,#4839,#4840,#4841,#4842,#4843,#4844,#4845,#4846,#4847,#4848,
#4849,#4850,#4851,#4852),(#4853,#4854,#4855,#4856,#4857,#4858,#4859,#4860,
#4861,#4862,#4863,#4864,#4865,#4866,#4867,#4868,#4869,#4870,#4871),(#4872,
#4873,#4874,#4875,#4876,#4877,#4878,#4879,#4880,#4881,#4882,#4883,#4884,
#4885,#4886,#4887,#4888,#4889,#4890),(#4891,#4892,#4893,#4894,#4895,#4896,
#4897,#4898,#4899,#4900,#4901,#4902,#4903,#4904,#4905,#4906,#4907,#4908,
#4909)),.UNSPECIFIED.,.F.,.F.,.F.,(4,1,1,4),(4,1,1,1,1,1,1,1,1,1,1,1,1,
1,1,1,4),(0.,0.333333333333333,0.666666666666667,1.),(0.,0.0625,0.125,0.1875,
0.25,0.3125,0.375,0.4375,0.5,0.5625,0.625,0.6875,0.75,0.8125,0.875,0.9375,
1.),.UNSPECIFIED.);
#40=B_SPLINE_SURFACE_WITH_KNOTS('',3,3,((#4929,#4930,#4931,#4932,#4933,
#4934),(#4935,#4936,#4937,#4938,#4939,#4940),(#4941,#4942,#4943,#4944,#4945,
#4946),(#4947,#4948,#4949,#4950,#4951,#4952),(#4953,#4954,#4955,#4956,#4957,
#4958),(#4959,#4960,#4961,#4962,#4963,#4964),(#4965,#4966,#4967,#4968,#4969,
#4970),(#4971,#4972,#4973,#4974,#4975,#4976),(#4977,#4978,#4979,#4980,#4981,
#4982),(#4983,#4984,#4985,#4986,#4987,#4988),(#4989,#4990,#4991,#4992,#4993,
#4994),(#4995,#4996,#4997,#4998,#4999,#5000),(#5001,#5002,#5003,#5004,#5005,
#5006),(#5007,#5008,#5009,#5010,#5011,#5012),(#5013,#5014,#5015,#5016,#5017,
#5018),(#5019,#5020,#5021,#5022,#5023,#5024),(#5025,#5026,#5027,#5028,#5029,
#5030),(#5031,#5032,#5033,#5034,#5035,#5036),(#5037,#5038,#5039,#5040,#5041,
#5042)),.UNSPECIFIED.,.F.,.F.,.F.,(4,1,1,1,1,1,1,1,1,1,1,1,1,1,1,1,4),(4,
1,1,4),(-0.00135339918584847,0.0625,0.125,0.1875,0.25,0.3125,0.375,0.4375,
0.5,0.5625,0.625,0.6875,0.75,0.8125,0.875,0.9375,1.),(0.,0.333333333333333,
0.666666666666667,1.00135114157726),.UNSPECIFIED.);
#41=B_SPLINE_SURFACE_WITH_KNOTS('',3,3,((#5053,#5054,#5055,#5056,#5057,
#5058,#5059,#5060,#5061,#5062,#5063,#5064,#5065,#5066,#5067,#5068,#5069,
#5070,#5071),(#5072,#5073,#5074,#5075,#5076,#5077,#5078,#5079,#5080,#5081,
#5082,#5083,#5084,#5085,#5086,#5087,#5088,#5089,#5090),(#5091,#5092,#5093,
#5094,#5095,#5096,#5097,#5098,#5099,#5100,#5101,#5102,#5103,#5104,#5105,
#5106,#5107,#5108,#5109),(#5110,#5111,#5112,#5113,#5114,#5115,#5116,#5117,
#5118,#5119,#5120,#5121,#5122,#5123,#5124,#5125,#5126,#5127,#5128),(#5129,
#5130,#5131,#5132,#5133,#5134,#5135,#5136,#5137,#5138,#5139,#5140,#5141,
#5142,#5143,#5144,#5145,#5146,#5147),(#5148,#5149,#5150,#5151,#5152,#5153,
#5154,#5155,#5156,#5157,#5158,#5159,#5160,#5161,#5162,#5163,#5164,#5165,
#5166)),.UNSPECIFIED.,.F.,.F.,.F.,(4,1,1,4),(4,1,1,1,1,1,1,1,1,1,1,1,1,
1,1,1,4),(0.,0.333333333333333,0.666666666666667,1.),(0.,0.0625,0.125,0.1875,
0.25,0.3125,0.375,0.4375,0.5,0.5625,0.625,0.6875,0.75,0.8125,0.875,0.9375,
1.),.UNSPECIFIED.);
#42=CONICAL_SURFACE('',#1600,4.,1.04719755119659);
#43=CONICAL_SURFACE('',#1626,8.,0.785398163397446);
#44=CONICAL_SURFACE('',#1655,11.5952994467195,0.523598775598299);
#45=CONICAL_SURFACE('',#1657,11.5952994467195,0.523598775598299);
#46=PLANE('',#1590);
#47=PLANE('',#1592);
#48=PLANE('',#1598);
#49=PLANE('',#1599);
#50=PLANE('',#1625);
#51=PLANE('',#1628);
#52=PLANE('',#1631);
#53=PLANE('',#1632);
#54=PLANE('',#1635);
#55=PLANE('',#1638);
#56=PLANE('',#1642);
#57=PLANE('',#1643);
#58=PLANE('',#1644);
#59=PLANE('',#1645);
#60=PLANE('',#1646);
#61=PLANE('',#1648);
#62=PLANE('',#1650);
#63=PLANE('',#1651);
#64=PLANE('',#1653);
#65=PLANE('',#1654);
#66=TOROIDAL_SURFACE('',#1563,2.5,0.5);
#67=TOROIDAL_SURFACE('',#1573,2.5,0.5);
#68=TOROIDAL_SURFACE('',#1594,13.25,0.5);
#69=TOROIDAL_SURFACE('',#1605,13.25,0.5);
#70=TOROIDAL_SURFACE('',#1610,5.79289321881347,0.5);
#71=TOROIDAL_SURFACE('',#1615,2.5,0.5);
#72=TOROIDAL_SURFACE('',#1619,2.5,0.5);
#73=TOROIDAL_SURFACE('',#1622,10.8284271247462,2.);
#74=TOROIDAL_SURFACE('',#1636,10.8284271247462,2.);
#75=B_SPLINE_CURVE_WITH_KNOTS('',3,(#2044,#2045,#2046,#2047,#2048,#2049),
 .UNSPECIFIED.,.F.,.F.,(4,1,1,4),(0.499959587767621,0.499999999999922,0.785714285714252,
1.),.UNSPECIFIED.);
#76=B_SPLINE_CURVE_WITH_KNOTS('',3,(#2060,#2061,#2062,#2063,#2064,#2065),
 .UNSPECIFIED.,.F.,.F.,(4,1,1,4),(0.499907147996454,0.499999999994531,0.785714285711942,
1.),.UNSPECIFIED.);
#77=B_SPLINE_CURVE_WITH_KNOTS('',3,(#2073,#2074,#2075,#2076,#2077,#2078),
 .UNSPECIFIED.,.F.,.F.,(4,1,1,4),(0.,0.214285714288046,0.50000000000544,
0.500092852003575),.UNSPECIFIED.);
#78=B_SPLINE_CURVE_WITH_KNOTS('',3,(#2089,#2090,#2091,#2092,#2093,#2094,
#2095,#2096,#2097,#2098,#2099,#2100,#2101),.UNSPECIFIED.,.F.,.F.,(4,3,3,
3,4),(-0.0382883837684164,-0.0278708245812489,-0.0189168473400924,0.,0.000444906113392281),
 .UNSPECIFIED.);
#79=B_SPLINE_CURVE_WITH_KNOTS('',3,(#2114,#2115,#2116,#2117,#2118,#2119,
#2120,#2121,#2122,#2123),.UNSPECIFIED.,.F.,.F.,(4,2,2,2,4),(0.0615695291847368,
0.06262309848828,0.0742106331902807,0.0789200299150587,0.0820844935088079),
 .UNSPECIFIED.);
#80=B_SPLINE_CURVE_WITH_KNOTS('',3,(#2128,#2129,#2130,#2131,#2132,#2133,
#2134,#2135,#2136,#2137),.UNSPECIFIED.,.F.,.F.,(4,2,2,2,4),(0.103454248484249,
0.106618712077985,0.111328108802763,0.122915643504764,0.123969212808288),
 .UNSPECIFIED.);
#81=B_SPLINE_CURVE_WITH_KNOTS('',3,(#2150,#2151,#2152,#2153,#2154,#2155,
#2156,#2157,#2158,#2159,#2160,#2161,#2162),.UNSPECIFIED.,.F.,.F.,(4,3,3,
3,4),(-0.0387057667321128,-0.0382612719566829,-0.0193647090072123,-0.00824799230916148,
-8.44050434270489E-6),.UNSPECIFIED.);
#82=B_SPLINE_CURVE_WITH_KNOTS('',3,(#2181,#2182,#2183,#2184,#2185,#2186,
#2187),.UNSPECIFIED.,.F.,.F.,(4,3,4),(-0.112871500175806,-0.0882512879182612,
-0.0796267166905029),.UNSPECIFIED.);
#83=B_SPLINE_CURVE_WITH_KNOTS('',3,(#2189,#2190,#2191,#2192,#2193,#2194),
 .UNSPECIFIED.,.F.,.F.,(4,2,4),(0.357344170867614,0.375438163794848,0.50279361343948),
 .UNSPECIFIED.);
#84=B_SPLINE_CURVE_WITH_KNOTS('',3,(#2197,#2198,#2199,#2200,#2201,#2202,
#2203,#2204),.UNSPECIFIED.,.F.,.F.,(4,2,2,4),(0.856449684769442,0.983805134414066,
1.05073837222972,1.05453471345362),.UNSPECIFIED.);
#85=B_SPLINE_CURVE_WITH_KNOTS('',3,(#2210,#2211,#2212,#2213,#2214,#2215,
#2216,#2217),.UNSPECIFIED.,.F.,.F.,(4,2,2,4),(0.304708584755296,0.308504925979208,
0.375438163794861,0.502793613439474),.UNSPECIFIED.);
#86=B_SPLINE_CURVE_WITH_KNOTS('',3,(#2221,#2222,#2223,#2224,#2225,#2226),
 .UNSPECIFIED.,.F.,.F.,(4,2,4),(0.856449684769571,0.983805134414175,1.00189912734139),
 .UNSPECIFIED.);
#87=B_SPLINE_CURVE_WITH_KNOTS('',3,(#2227,#2228,#2229,#2230,#2231,#2232,
#2233),.UNSPECIFIED.,.F.,.F.,(4,3,4),(-0.119134980711978,-0.103234184551896,
-0.0968284801805709),.UNSPECIFIED.);
#88=B_SPLINE_CURVE_WITH_KNOTS('',3,(#2366,#2367,#2368,#2369,#2370,#2371,
#2372,#2373,#2374,#2375),.UNSPECIFIED.,.F.,.F.,(4,1,1,1,1,1,1,4),(0.,0.00183165350225473,
0.168193044585214,0.33455443566817,0.500915826751128,0.667277217834085,
0.833638608917044,1.),.UNSPECIFIED.);
#89=B_SPLINE_CURVE_WITH_KNOTS('',3,(#2380,#2381,#2382,#2383,#2384,#2385,
#2386,#2387,#2388,#2389,#2390,#2391,#2392,#2393,#2394,#2395,#2396,#2397,
#2398,#2399,#2400,#2401,#2402,#2403),.UNSPECIFIED.,.F.,.F.,(4,2,2,2,2,2,
2,2,2,2,2,4),(0.,0.0941677175407903,0.189941001627542,0.285714285714293,
0.367315283868438,0.428571428571415,0.5349204194107,0.64342119022996,0.754804625673148,
0.867660328678377,0.982074685678849,1.),.UNSPECIFIED.);
#90=B_SPLINE_CURVE_WITH_KNOTS('',3,(#2543,#2544,#2545,#2546,#2547,#2548,
#2549,#2550,#2551,#2552,#2553,#2554,#2555,#2556,#2557,#2558,#2559,#2560,
#2561),.UNSPECIFIED.,.F.,.F.,(4,1,1,1,1,1,1,1,1,1,1,1,1,1,1,1,4),(0.,0.0625,
0.125,0.1875,0.25,0.3125,0.375,0.4375,0.5,0.5625,0.625,0.6875,0.75,0.8125,
0.875,0.9375,1.),.UNSPECIFIED.);
#91=B_SPLINE_CURVE_WITH_KNOTS('',3,(#2565,#2566,#2567,#2568,#2569,#2570,
#2571,#2572,#2573,#2574,#2575,#2576,#2577,#2578,#2579,#2580,#2581,#2582,
#2583,#2584,#2585,#2586,#2587,#2588,#2589,#2590,#2591,#2592,#2593,#2594,
#2595,#2596,#2597,#2598,#2599,#2600,#2601,#2602,#2603,#2604,#2605,#2606,
#2607,#2608,#2609,#2610,#2611,#2612,#2613,#2614,#2615,#2616,#2617,#2618,
#2619,#2620,#2621,#2622),.UNSPECIFIED.,.F.,.F.,(4,3,3,3,3,3,3,3,3,3,3,3,
3,3,3,3,3,3,3,4),(0.,0.0312498660047213,0.0543780464478039,0.0937499967384118,
0.111634352603895,0.124999985820003,0.156250042343747,0.170151886002198,
0.187500050365469,0.218750038925032,0.228947587290775,0.250000103486045,
0.286867362703516,0.312500158496214,0.343212940143497,0.375000007943343,
0.407210743023535,0.437500106281364,0.477383078994308,0.500000000000014),
 .UNSPECIFIED.);
#92=B_SPLINE_CURVE_WITH_KNOTS('',3,(#2623,#2624,#2625,#2626,#2627,#2628),
 .UNSPECIFIED.,.F.,.F.,(4,1,1,4),(0.,0.333333333333333,0.666666666666667,
1.),.UNSPECIFIED.);
#93=B_SPLINE_CURVE_WITH_KNOTS('',3,(#2732,#2733,#2734,#2735,#2736,#2737,
#2738,#2739,#2740,#2741,#2742,#2743,#2744,#2745,#2746,#2747,#2748),
 .UNSPECIFIED.,.F.,.F.,(4,1,1,1,1,1,1,1,1,1,1,1,1,1,4),(0.,0.0714285714285714,
0.142857142857143,0.214285714285714,0.285714285714286,0.357142857142857,
0.428571428571429,0.5,0.571428571428571,0.642857142857143,0.714285714285714,
0.785714285714286,0.857142857142857,0.928571428571429,1.),.UNSPECIFIED.);
#94=B_SPLINE_CURVE_WITH_KNOTS('',3,(#2750,#2751,#2752,#2753,#2754,#2755,
#2756,#2757,#2758,#2759,#2760,#2761,#2762,#2763,#2764,#2765,#2766,#2767,
#2768,#2769,#2770,#2771,#2772,#2773,#2774,#2775,#2776,#2777,#2778,#2779,
#2780,#2781,#2782,#2783,#2784,#2785,#2786,#2787,#2788,#2789,#2790,#2791,
#2792,#2793,#2794,#2795,#2796,#2797,#2798,#2799,#2800,#2801),
 .UNSPECIFIED.,.F.,.F.,(4,3,3,3,3,3,3,3,3,3,3,3,3,3,3,3,3,4),(0.,0.0357142006108109,
0.0484926940287532,0.0714281189333462,0.0992955326630249,0.142857190629465,
0.154380933367745,0.178571575280771,0.211846107127635,0.250000345768794,
0.269621544517142,0.285714391561158,0.32721615838785,0.357143349515202,
0.390148367867745,0.428571482699557,0.457706101427973,0.499999999999973),
 .UNSPECIFIED.);
#95=B_SPLINE_CURVE_WITH_KNOTS('',3,(#2802,#2803,#2804,#2805,#2806,#2807),
 .UNSPECIFIED.,.F.,.F.,(4,1,1,4),(0.,0.333333333333333,0.666666666666667,
1.),.UNSPECIFIED.);
#96=B_SPLINE_CURVE_WITH_KNOTS('',3,(#2809,#2810,#2811,#2812,#2813,#2814,
#2815,#2816,#2817,#2818,#2819,#2820,#2821,#2822,#2823,#2824,#2825,#2826,
#2827,#2828,#2829,#2830,#2831,#2832),.UNSPECIFIED.,.F.,.F.,(4,2,2,2,2,2,
2,2,2,2,2,4),(0.,0.114355246045203,0.228623577391044,0.33909184966723,0.447810084432028,
0.553931890890447,0.571428571428567,0.65302956898997,0.714285714285703,
0.808874304439642,0.904437152219821,1.),.UNSPECIFIED.);
#97=B_SPLINE_CURVE_WITH_KNOTS('',3,(#2864,#2865,#2866,#2867),
 .UNSPECIFIED.,.F.,.F.,(4,4),(0.,1.),.UNSPECIFIED.);
#98=B_SPLINE_CURVE_WITH_KNOTS('',3,(#2872,#2873,#2874,#2875),
 .UNSPECIFIED.,.F.,.F.,(4,4),(0.,1.),.UNSPECIFIED.);
#99=B_SPLINE_CURVE_WITH_KNOTS('',3,(#2877,#2878,#2879,#2880,#2881,#2882,
#2883,#2884,#2885,#2886),.UNSPECIFIED.,.F.,.F.,(4,3,3,4),(0.459378124976375,
0.473833111268375,0.486634874157804,0.48770384571917),.UNSPECIFIED.);
#100=B_SPLINE_CURVE_WITH_KNOTS('',3,(#2909,#2910,#2911,#2912),
 .UNSPECIFIED.,.F.,.F.,(4,4),(0.,1.),.UNSPECIFIED.);
#101=B_SPLINE_CURVE_WITH_KNOTS('',3,(#2914,#2915,#2916,#2917,#2918),
 .UNSPECIFIED.,.F.,.F.,(4,1,4),(0.,0.571428571428571,1.),.UNSPECIFIED.);
#102=B_SPLINE_CURVE_WITH_KNOTS('',3,(#2919,#2920,#2921,#2922),
 .UNSPECIFIED.,.F.,.F.,(4,4),(0.,0.242783651415634),.UNSPECIFIED.);
#103=B_SPLINE_CURVE_WITH_KNOTS('',3,(#2955,#2956,#2957,#2958,#2959),
 .UNSPECIFIED.,.F.,.F.,(4,1,4),(0.,0.571428571428571,1.),.UNSPECIFIED.);
#104=B_SPLINE_CURVE_WITH_KNOTS('',3,(#2960,#2961,#2962,#2963,#2964,#2965),
 .UNSPECIFIED.,.F.,.F.,(4,1,1,4),(-0.83366342630224,-0.595473875930172,
-0.357284325558105,-4.32986979603811E-15),.UNSPECIFIED.);
#105=B_SPLINE_CURVE_WITH_KNOTS('',3,(#2966,#2967,#2968,#2969,#2970,#2971,
#2972,#2973,#2974,#2975,#2976,#2977,#2978,#2979,#2980,#2981,#2982,#2983,
#2984,#2985,#2986,#2987,#2988,#2989,#2990,#2991,#2992,#2993,#2994,#2995,
#2996,#2997,#2998,#2999,#3000,#3001,#3002,#3003,#3004,#3005,#3006,#3007,
#3008,#3009,#3010,#3011,#3012,#3013),.UNSPECIFIED.,.F.,.F.,(4,2,2,2,2,2,
2,2,2,2,2,2,2,2,2,2,2,2,2,2,2,2,2,4),(0.,0.0578622584035266,0.115724183447906,
0.173413226448406,0.230705861872729,0.286910853599096,0.342278174126031,
0.396072588187377,0.428571428571428,0.473008401882092,0.516782687583797,
0.559967111106332,0.602332365292107,0.644224073578734,0.685363081418466,
0.714285714285714,0.751457729262909,0.788957957099543,0.826775017282469,
0.864874216681824,0.903267058831068,0.94173897051839,0.980158575108789,
1.),.UNSPECIFIED.);
#106=B_SPLINE_CURVE_WITH_KNOTS('',3,(#3037,#3038,#3039,#3040,#3041),
 .UNSPECIFIED.,.F.,.F.,(4,1,4),(0.,0.571428571428571,1.),.UNSPECIFIED.);
#107=B_SPLINE_CURVE_WITH_KNOTS('',3,(#3042,#3043,#3044,#3045,#3046),
 .UNSPECIFIED.,.F.,.F.,(4,1,4),(0.,0.428571428571429,1.),.UNSPECIFIED.);
#108=B_SPLINE_CURVE_WITH_KNOTS('',3,(#3078,#3079,#3080,#3081,#3082,#3083,
#3084,#3085,#3086,#3087,#3088,#3089,#3090,#3091,#3092,#3093,#3094,#3095,
#3096,#3097,#3098,#3099,#3100,#3101,#3102,#3103,#3104,#3105,#3106,#3107,
#3108,#3109,#3110,#3111,#3112,#3113,#3114,#3115,#3116,#3117,#3118,#3119,
#3120,#3121,#3122,#3123,#3124,#3125),.UNSPECIFIED.,.F.,.F.,(4,2,2,2,2,2,
2,2,2,2,2,2,2,2,2,2,2,2,2,2,2,2,2,4),(0.,0.0382966529079688,0.0766167226778424,
0.114847743785852,0.15289502191164,0.190538732131887,0.227918707522007,
0.264882986436206,0.285714285714287,0.326992754688099,0.368864302545848,
0.411307272236202,0.454631962166298,0.49845842674293,0.543165089430468,
0.571428571428572,0.625878756567764,0.681592650927435,0.738387019349507,
0.796021903103011,0.854389355126586,0.91293437160596,0.971465201678454,
1.),.UNSPECIFIED.);
#109=B_SPLINE_CURVE_WITH_KNOTS('',3,(#3127,#3128,#3129,#3130,#3131),
 .UNSPECIFIED.,.F.,.F.,(4,1,4),(0.,0.428571428571429,1.),.UNSPECIFIED.);
#110=B_SPLINE_CURVE_WITH_KNOTS('',3,(#3132,#3133,#3134,#3135,#3136,#3137),
 .UNSPECIFIED.,.F.,.F.,(4,1,1,4),(0.,0.357128885972463,0.595214809954105,
0.833300733935748),.UNSPECIFIED.);
#111=B_SPLINE_CURVE_WITH_KNOTS('',3,(#3158,#3159,#3160,#3161),
 .UNSPECIFIED.,.F.,.F.,(4,4),(0.,1.),.UNSPECIFIED.);
#112=B_SPLINE_CURVE_WITH_KNOTS('',3,(#3165,#3166,#3167,#3168,#3169,#3170),
 .UNSPECIFIED.,.F.,.F.,(4,2,4),(2.18991010671456E-15,0.0128483242144149,
0.0283257207428095),.UNSPECIFIED.);
#113=B_SPLINE_CURVE_WITH_KNOTS('',3,(#3191,#3192,#3193,#3194),
 .UNSPECIFIED.,.F.,.F.,(4,4),(0.,1.),.UNSPECIFIED.);
#114=B_SPLINE_CURVE_WITH_KNOTS('',3,(#3197,#3198,#3199,#3200),
 .UNSPECIFIED.,.F.,.F.,(4,4),(0.,1.),.UNSPECIFIED.);
#115=B_SPLINE_CURVE_WITH_KNOTS('',3,(#3205,#3206,#3207,#3208,#3209,#3210,
#3211,#3212,#3213,#3214,#3215,#3216,#3217,#3218,#3219,#3220,#3221,#3222,
#3223,#3224,#3225,#3226,#3227,#3228,#3229,#3230,#3231,#3232,#3233,#3234,
#3235,#3236,#3237,#3238),.UNSPECIFIED.,.F.,.F.,(4,3,3,3,3,3,3,3,3,3,3,4),
(0.499999999999973,0.555555398620355,0.576538898446427,0.61111045792861,
0.656988199007059,0.731796511841374,0.785912435090081,0.839434326317561,
0.890144857630182,0.940714883933062,0.981803362224323,1.),.UNSPECIFIED.);
#116=B_SPLINE_CURVE_WITH_KNOTS('',3,(#3245,#3246,#3247,#3248,#3249,#3250,
#3251,#3252,#3253,#3254,#3255,#3256,#3257,#3258,#3259,#3260,#3261,#3262,
#3263,#3264,#3265,#3266,#3267,#3268,#3269,#3270,#3271,#3272,#3273,#3274,
#3275,#3276,#3277,#3278,#3279,#3280,#3281,#3282,#3283,#3284,#3285,#3286,
#3287,#3288,#3289,#3290,#3291,#3292,#3293,#3294,#3295,#3296,#3297,#3298,
#3299,#3300,#3301,#3302,#3303,#3304,#3305,#3306,#3307,#3308,#3309,#3310,
#3311,#3312,#3313,#3314,#3315,#3316,#3317,#3318,#3319,#3320,#3321,#3322,
#3323,#3324,#3325,#3326,#3327,#3328,#3329,#3330,#3331,#3332,#3333,#3334,
#3335,#3336,#3337,#3338),.UNSPECIFIED.,.F.,.F.,(4,3,3,3,3,3,3,3,3,3,3,3,
3,3,3,3,3,3,3,3,3,3,3,3,3,3,3,3,3,3,3,4),(0.,0.0184288261808261,0.0370313886498805,
0.0563653277406069,0.0766416264147947,0.0991109893101929,0.125831479311704,
0.150097743333874,0.156277427539564,0.181654465399532,0.207158713673713,
0.229868586643156,0.247605970207696,0.250792825950383,0.270552715444379,
0.289725347950815,0.309209987589543,0.329469773381334,0.330326707767507,
0.350748386379901,0.376457070067997,0.398594070492619,0.437998587310588,
0.459900239620244,0.462471225316863,0.487596131703812,0.510345341446696,
0.52213841233286,0.531094881055089,0.551085838790884,0.57042079671312,0.589722437786434),
 .UNSPECIFIED.);
#117=B_SPLINE_CURVE_WITH_KNOTS('',3,(#3340,#3341,#3342,#3343,#3344,#3345,
#3346,#3347,#3348,#3349,#3350,#3351,#3352,#3353,#3354,#3355,#3356,#3357,
#3358,#3359,#3360,#3361,#3362,#3363,#3364,#3365,#3366,#3367,#3368,#3369,
#3370,#3371,#3372,#3373,#3374,#3375,#3376,#3377,#3378,#3379,#3380,#3381,
#3382,#3383,#3384,#3385,#3386,#3387,#3388,#3389,#3390,#3391,#3392,#3393,
#3394,#3395,#3396,#3397,#3398,#3399,#3400,#3401,#3402,#3403,#3404,#3405,
#3406,#3407,#3408,#3409,#3410,#3411,#3412,#3413,#3414,#3415,#3416,#3417,
#3418,#3419,#3420,#3421,#3422,#3423,#3424,#3425,#3426,#3427,#3428,#3429,
#3430,#3431,#3432,#3433,#3434,#3435,#3436,#3437,#3438,#3439),
 .UNSPECIFIED.,.F.,.F.,(4,3,3,3,3,3,3,3,3,3,3,3,3,3,3,3,3,3,3,3,3,3,3,3,
3,3,3,3,3,3,3,3,3,4),(0.412086640343631,0.4479842405651,0.472465905126657,
0.482678025953987,0.49702776303999,0.515759324015218,0.522783546805957,
0.54746069665299,0.578272929860665,0.608779657564121,0.617537183611067,
0.639628418598943,0.660358821012896,0.671597591226813,0.691244190503967,
0.705730207096402,0.729242909002166,0.743588121558882,0.769712517441884,
0.793456720933799,0.816429264725605,0.839375606634905,0.859453655805542,
0.872389782290738,0.889150195298757,0.90185733872046,0.914125171380402,
0.925625190946311,0.93728148373354,0.949488535189736,0.966927702689179,
0.978605202693837,0.989302601346918,1.),.UNSPECIFIED.);
#118=B_SPLINE_CURVE_WITH_KNOTS('',3,(#3441,#3442,#3443,#3444,#3445,#3446,
#3447,#3448,#3449,#3450,#3451,#3452,#3453,#3454,#3455,#3456,#3457,#3458,
#3459,#3460,#3461,#3462,#3463,#3464,#3465,#3466,#3467,#3468,#3469,#3470,
#3471,#3472,#3473,#3474,#3475,#3476,#3477,#3478,#3479,#3480,#3481,#3482,
#3483,#3484,#3485,#3486,#3487,#3488,#3489,#3490,#3491,#3492,#3493,#3494,
#3495,#3496,#3497,#3498,#3499,#3500,#3501,#3502,#3503,#3504,#3505,#3506,
#3507,#3508,#3509,#3510),.UNSPECIFIED.,.F.,.F.,(4,3,3,3,3,3,3,3,3,3,3,3,
3,3,3,3,3,3,3,3,3,3,3,4),(0.,0.0223834034862479,0.0462154168616363,0.0660179297273318,
0.0834048728424212,0.0894367612473099,0.113768453179985,0.13927351176893,
0.147427716009073,0.166389415842891,0.193925269331996,0.196050396928251,
0.232352087185465,0.233700929803755,0.27034263882356,0.277285725475006,
0.30563820113171,0.308076768368557,0.334768999197703,0.340672763210797,
0.360175978510382,0.376103907765342,0.396420699186472,0.412086640343631),
 .UNSPECIFIED.);
#119=B_SPLINE_CURVE_WITH_KNOTS('',3,(#3513,#3514,#3515,#3516,#3517,#3518,
#3519,#3520,#3521,#3522,#3523,#3524,#3525,#3526,#3527,#3528,#3529,#3530,
#3531,#3532,#3533,#3534,#3535,#3536,#3537,#3538,#3539,#3540,#3541,#3542,
#3543,#3544,#3545,#3546,#3547,#3548,#3549,#3550,#3551,#3552,#3553,#3554,
#3555,#3556,#3557,#3558,#3559,#3560,#3561,#3562,#3563,#3564,#3565,#3566,
#3567,#3568,#3569,#3570,#3571,#3572,#3573,#3574,#3575,#3576,#3577,#3578,
#3579,#3580,#3581,#3582,#3583,#3584,#3585,#3586,#3587,#3588,#3589,#3590,
#3591,#3592,#3593,#3594,#3595,#3596,#3597,#3598,#3599,#3600,#3601,#3602,
#3603),.UNSPECIFIED.,.F.,.F.,(4,3,3,3,3,3,3,3,3,3,3,3,3,3,3,3,3,3,3,3,3,
3,3,3,3,3,3,3,3,3,4),(0.589722437786434,0.608345650575399,0.619719103613067,
0.636772911423598,0.64642098008281,0.649140357993646,0.670821570986128,
0.678537621986575,0.700512832875565,0.709014058990548,0.721711185365679,
0.740776100200481,0.742202680299909,0.758593172333485,0.776601863403658,
0.78029968558147,0.799650201195639,0.81371970793375,0.823745901912449,0.826443282227859,
0.845204114205367,0.866996025949317,0.870246167129501,0.900247019461988,
0.921068167268132,0.925526114841319,0.939558075677056,0.95747192296827,
0.972355492590451,0.987631223909533,0.999999997570072),.UNSPECIFIED.);
#120=B_SPLINE_CURVE_WITH_KNOTS('',3,(#3618,#3619,#3620,#3621,#3622,#3623,
#3624,#3625,#3626,#3627,#3628,#3629,#3630,#3631,#3632,#3633,#3634,#3635,
#3636,#3637,#3638,#3639,#3640,#3641,#3642,#3643,#3644,#3645,#3646,#3647,
#3648,#3649,#3650,#3651,#3652,#3653,#3654,#3655,#3656,#3657,#3658,#3659,
#3660,#3661,#3662,#3663,#3664,#3665,#3666,#3667,#3668,#3669,#3670,#3671,
#3672,#3673,#3674,#3675,#3676,#3677,#3678,#3679),.UNSPECIFIED.,.F.,.F.,
(4,2,2,2,2,2,2,2,2,2,2,2,2,2,2,2,2,2,2,2,2,2,2,2,2,2,2,2,2,2,4),(0.374045816271474,
0.400821030062032,0.408147830350608,0.427173702733788,0.441566630335374,
0.454691262709616,0.473940837257611,0.483732983192737,0.505361101646671,
0.516532863145928,0.536148795317603,0.566732406382845,0.597616526774568,
0.630171072086799,0.662049189962629,0.691452749111692,0.719199833627614,
0.745727978591202,0.771224077121781,0.781484642597474,0.799821067481558,
0.81869281491186,0.843309001494376,0.864485631629412,0.882663907141227,
0.90842265395071,0.928820383172987,0.951374739815954,0.969240811290728,
0.984760709885632,1.),.UNSPECIFIED.);
#121=B_SPLINE_CURVE_WITH_KNOTS('',3,(#3681,#3682,#3683,#3684,#3685,#3686,
#3687,#3688),.UNSPECIFIED.,.F.,.F.,(4,2,2,4),(1.99985628403376E-11,0.474193616031291,
0.948231239214674,1.),.UNSPECIFIED.);
#122=B_SPLINE_CURVE_WITH_KNOTS('',3,(#3694,#3695,#3696,#3697,#3698,#3699,
#3700,#3701,#3702,#3703,#3704),.UNSPECIFIED.,.F.,.F.,(4,1,1,1,1,1,1,1,4),
(0.,0.141391928316778,0.282783856633556,0.424175784950334,0.565567713267113,
0.706959641583891,0.848351569900669,0.989743498217447,1.),.UNSPECIFIED.);
#123=B_SPLINE_CURVE_WITH_KNOTS('',3,(#3709,#3710,#3711,#3712,#3713,#3714,
#3715,#3716,#3717,#3718,#3719,#3720,#3721,#3722,#3723,#3724,#3725,#3726,
#3727,#3728,#3729,#3730,#3731,#3732,#3733,#3734,#3735,#3736,#3737,#3738,
#3739,#3740,#3741,#3742,#3743,#3744,#3745,#3746,#3747,#3748,#3749,#3750,
#3751,#3752,#3753,#3754,#3755,#3756,#3757,#3758,#3759,#3760,#3761,#3762,
#3763,#3764,#3765,#3766,#3767,#3768,#3769,#3770,#3771,#3772),
 .UNSPECIFIED.,.F.,.F.,(4,2,2,2,2,2,2,2,2,2,2,2,2,2,2,2,2,2,2,2,2,2,2,2,
2,2,2,2,2,2,2,4),(5.04306489046326E-9,0.0331295566396788,0.0674126217872462,
0.0867145896327299,0.103136456042554,0.14075239525075,0.181058784149456,
0.226019404848438,0.262780321146063,0.285844572730319,0.335820627566227,
0.378021418616459,0.38512641756084,0.416895079952931,0.453340182190216,
0.492017732407713,0.513064423648256,0.54351504798951,0.562727353028524,
0.60196170602793,0.639012004956064,0.644662673861662,0.695616012639151,
0.76197155618216,0.764215536935404,0.807020126869661,0.847491404059247,
0.885618553044435,0.920883554699524,0.955050839502371,0.987933952135419,
1.),.UNSPECIFIED.);
#124=B_SPLINE_CURVE_WITH_KNOTS('',3,(#3773,#3774,#3775,#3776,#3777,#3778,
#3779,#3780,#3781,#3782,#3783,#3784,#3785,#3786,#3787,#3788,#3789,#3790,
#3791,#3792,#3793,#3794,#3795,#3796,#3797,#3798,#3799,#3800,#3801,#3802,
#3803,#3804,#3805,#3806,#3807,#3808,#3809,#3810,#3811,#3812,#3813,#3814,
#3815,#3816,#3817,#3818,#3819,#3820,#3821,#3822,#3823,#3824,#3825,#3826,
#3827,#3828,#3829,#3830,#3831,#3832,#3833,#3834),.UNSPECIFIED.,.F.,.F.,
(4,2,2,2,2,2,2,2,2,2,2,2,2,2,2,2,2,2,2,2,2,2,2,2,2,2,2,2,2,2,4),(0.,0.0334739813881738,
0.0681274995549414,0.10425854235953,0.142338399562612,0.183209684909252,
0.228746257912669,0.259658450102424,0.292299660306889,0.341294052049129,
0.385450467368481,0.404391807613895,0.436986378681077,0.470147650089015,
0.502948771122469,0.531032457305447,0.556733710666961,0.568589424039921,
0.608596948884581,0.652436374589431,0.700910906898451,0.707197807397468,
0.766168093093514,0.811019358461965,0.851503801617832,0.883140997230982,
0.888627851213374,0.924077435625275,0.9584306542537,0.994690626234642,0.99987600594049),
 .UNSPECIFIED.);
#125=B_SPLINE_CURVE_WITH_KNOTS('',3,(#3840,#3841,#3842,#3843,#3844,#3845,
#3846,#3847,#3848,#3849,#3850),.UNSPECIFIED.,.F.,.F.,(4,1,1,1,1,1,1,1,4),
(0.,0.125172334951531,0.250344669903062,0.375517004854591,0.500689339806123,
0.625861674757653,0.751034009709184,0.876206344660714,1.),.UNSPECIFIED.);
#126=B_SPLINE_CURVE_WITH_KNOTS('',3,(#3851,#3852,#3853,#3854,#3855,#3856,
#3857,#3858,#3859,#3860,#3861,#3862,#3863,#3864,#3865,#3866,#3867,#3868,
#3869,#3870,#3871,#3872,#3873,#3874,#3875,#3876,#3877,#3878,#3879,#3880,
#3881,#3882,#3883,#3884,#3885,#3886,#3887,#3888,#3889,#3890,#3891,#3892,
#3893,#3894,#3895,#3896,#3897,#3898,#3899,#3900,#3901,#3902,#3903,#3904,
#3905,#3906,#3907,#3908,#3909,#3910,#3911,#3912,#3913,#3914,#3915,#3916),
 .UNSPECIFIED.,.F.,.F.,(4,2,2,2,2,2,2,2,2,2,2,2,2,2,2,2,2,2,2,2,2,2,2,2,
2,2,2,2,2,2,2,2,4),(0.,0.0204864526262655,0.0419178387001486,0.0646267283513869,
0.0892464590190422,0.111712428524944,0.117382093626487,0.152629644707696,
0.156033139078323,0.185045854980492,0.195604704581938,0.209520296216173,
0.232011576314505,0.255247525803073,0.271727397447459,0.278059342534945,
0.303958911283253,0.329100761593914,0.337267785294781,0.363076323233318,
0.392506679575638,0.395607207314063,0.420972918817813,0.445880878154715,
0.45243524384096,0.468654936542057,0.490710077354922,0.510084529803146,
0.514117701297318,0.540126304627942,0.566134907958567,0.593579983823926,
0.620236593513032),.UNSPECIFIED.);
#127=B_SPLINE_CURVE_WITH_KNOTS('',3,(#3922,#3923,#3924,#3925,#3926,#3927,
#3928,#3929,#3930,#3931,#3932,#3933,#3934,#3935,#3936,#3937,#3938,#3939,
#3940,#3941,#3942,#3943,#3944,#3945,#3946,#3947,#3948,#3949,#3950,#3951,
#3952,#3953,#3954,#3955),.UNSPECIFIED.,.F.,.F.,(4,3,3,3,3,3,3,3,3,3,3,4),
(0.500000000000014,0.573989199149824,0.649607657222547,0.714285768463457,
0.725747649886502,0.781624168685901,0.836218126514426,0.857138073073526,
0.881896516861802,0.934786911305091,0.970025079049848,1.),.UNSPECIFIED.);
#128=B_SPLINE_CURVE_WITH_KNOTS('',3,(#3960,#3961,#3962,#3963,#3964,#3965,
#3966,#3967,#3968,#3969),.UNSPECIFIED.,.F.,.F.,(4,2,2,2,4),(-0.0779187397074036,
-0.0586362413202584,-0.0389759353139908,-0.0203877995309368,-5.85552129561684E-7),
 .UNSPECIFIED.);
#129=B_SPLINE_CURVE_WITH_KNOTS('',3,(#3981,#3982,#3983,#3984,#3985,#3986,
#3987,#3988,#3989,#3990),.UNSPECIFIED.,.F.,.F.,(4,2,2,2,4),(0.,0.0184596510629056,
0.0372436399293799,0.0563196431513021,0.0772989611394932),.UNSPECIFIED.);
#130=B_SPLINE_CURVE_WITH_KNOTS('',3,(#3992,#3993,#3994,#3995,#3996,#3997,
#3998,#3999,#4000,#4001,#4002,#4003,#4004,#4005,#4006,#4007,#4008,#4009,
#4010,#4011,#4012,#4013,#4014,#4015),.UNSPECIFIED.,.F.,.F.,(4,2,2,2,2,2,
2,2,2,2,2,4),(-0.366700576455926,-0.361655934622454,-0.35778016050361,-0.355076419545938,
-0.349942183853527,-0.349252140376508,-0.347884500008699,-0.342150165221999,
-0.33717563175752,-0.331886194554781,-0.326469792395478,-0.325980228917369),
 .UNSPECIFIED.);
#131=B_SPLINE_CURVE_WITH_KNOTS('',3,(#4016,#4017,#4018,#4019),
 .UNSPECIFIED.,.F.,.F.,(4,4),(-0.832283773817582,-0.187773854640259),
 .UNSPECIFIED.);
#132=B_SPLINE_CURVE_WITH_KNOTS('',3,(#4056,#4057,#4058,#4059,#4060,#4061),
 .UNSPECIFIED.,.F.,.F.,(4,1,1,4),(-0.162990114460291,-0.139721344434975,
-0.133904151928647,-0.122269766915989),.UNSPECIFIED.);
#133=B_SPLINE_CURVE_WITH_KNOTS('',3,(#4099,#4100,#4101,#4102),
 .UNSPECIFIED.,.F.,.F.,(4,4),(-0.985295273569356,-0.340785354606262),
 .UNSPECIFIED.);
#134=B_SPLINE_CURVE_WITH_KNOTS('',3,(#4105,#4106,#4107,#4108),
 .UNSPECIFIED.,.F.,.F.,(4,4),(4.41882201019427E-7,1.),.UNSPECIFIED.);
#135=B_SPLINE_CURVE_WITH_KNOTS('',3,(#4111,#4112,#4113,#4114),
 .UNSPECIFIED.,.F.,.F.,(4,4),(0.,0.999999420152341),.UNSPECIFIED.);
#136=B_SPLINE_CURVE_WITH_KNOTS('',3,(#4135,#4136,#4137,#4138,#4139,#4140,
#4141,#4142,#4143,#4144),.UNSPECIFIED.,.F.,.F.,(4,2,2,2,4),(-0.125786255421621,
-0.0938804605030195,-0.0629057033793644,-0.0307620546204305,0.),
 .UNSPECIFIED.);
#137=B_SPLINE_CURVE_WITH_KNOTS('',3,(#4237,#4238,#4239,#4240,#4241,#4242,
#4243,#4244,#4245,#4246,#4247,#4248),.UNSPECIFIED.,.F.,.F.,(4,1,1,1,1,1,
1,1,1,4),(0.,0.111111111111111,0.222222222222222,0.333333333333333,0.444444444444444,
0.555555555555556,0.666666666666667,0.777777777777778,0.888888888888889,
1.),.UNSPECIFIED.);
#138=B_SPLINE_CURVE_WITH_KNOTS('',3,(#4321,#4322,#4323,#4324,#4325,#4326,
#4327,#4328,#4329,#4330),.UNSPECIFIED.,.F.,.F.,(4,3,3,4),(0.,0.333333333333333,
0.666666666666667,1.),.UNSPECIFIED.);
#139=B_SPLINE_CURVE_WITH_KNOTS('',3,(#4433,#4434,#4435,#4436,#4437,#4438,
#4439,#4440,#4441,#4442,#4443,#4444,#4445,#4446,#4447,#4448,#4449),
 .UNSPECIFIED.,.F.,.F.,(4,1,1,1,1,1,1,1,1,1,1,1,1,1,4),(0.,0.0714285714285714,
0.142857142857143,0.214285714285714,0.285714285714286,0.357142857142857,
0.428571428571429,0.5,0.571428571428571,0.642857142857143,0.714285714285714,
0.785714285714286,0.857142857142857,0.928571428571429,1.),.UNSPECIFIED.);
#140=B_SPLINE_CURVE_WITH_KNOTS('',3,(#4552,#4553,#4554,#4555,#4556,#4557),
 .UNSPECIFIED.,.F.,.F.,(4,1,1,4),(0.,0.333333333333333,0.666666666666667,
0.999999744036292),.UNSPECIFIED.);
#141=B_SPLINE_CURVE_WITH_KNOTS('',3,(#4720,#4721,#4722,#4723,#4724,#4725,
#4726,#4727,#4728,#4729),.UNSPECIFIED.,.F.,.F.,(4,1,1,1,1,1,1,4),(0.,0.142857142857143,
0.285714285714286,0.428571428571429,0.571428571428571,0.714285714285714,
0.857142857142857,1.),.UNSPECIFIED.);
#142=B_SPLINE_CURVE_WITH_KNOTS('',3,(#4790,#4791,#4792,#4793,#4794,#4795),
 .UNSPECIFIED.,.F.,.F.,(4,1,1,4),(0.,0.333333333333333,0.666666666666667,
0.99999955928588),.UNSPECIFIED.);
#143=B_SPLINE_CURVE_WITH_KNOTS('',3,(#4910,#4911,#4912,#4913,#4914,#4915,
#4916,#4917,#4918,#4919,#4920,#4921,#4922,#4923,#4924,#4925,#4926,#4927,
#4928),.UNSPECIFIED.,.F.,.F.,(4,1,1,1,1,1,1,1,1,1,1,1,1,1,1,1,4),(0.,0.0625,
0.125,0.1875,0.25,0.3125,0.375,0.4375,0.5,0.5625,0.625,0.6875,0.75,0.8125,
0.875,0.9375,1.),.UNSPECIFIED.);
#144=B_SPLINE_CURVE_WITH_KNOTS('',3,(#5043,#5044,#5045,#5046,#5047,#5048,
#5049,#5050,#5051,#5052),.UNSPECIFIED.,.F.,.F.,(4,3,3,4),(0.,0.333333333333333,
0.666666666666667,0.999973469490228),.UNSPECIFIED.);
#145=FACE_OUTER_BOUND('',#231,.T.);
#146=FACE_OUTER_BOUND('',#232,.T.);
#147=FACE_OUTER_BOUND('',#233,.T.);
#148=FACE_OUTER_BOUND('',#234,.T.);
#149=FACE_OUTER_BOUND('',#235,.T.);
#150=FACE_OUTER_BOUND('',#236,.T.);
#151=FACE_OUTER_BOUND('',#237,.T.);
#152=FACE_OUTER_BOUND('',#238,.T.);
#153=FACE_OUTER_BOUND('',#239,.T.);
#154=FACE_OUTER_BOUND('',#240,.T.);
#155=FACE_OUTER_BOUND('',#241,.T.);
#156=FACE_OUTER_BOUND('',#242,.T.);
#157=FACE_OUTER_BOUND('',#243,.T.);
#158=FACE_OUTER_BOUND('',#244,.T.);
#159=FACE_OUTER_BOUND('',#245,.T.);
#160=FACE_OUTER_BOUND('',#246,.T.);
#161=FACE_OUTER_BOUND('',#247,.T.);
#162=FACE_OUTER_BOUND('',#248,.T.);
#163=FACE_OUTER_BOUND('',#249,.T.);
#164=FACE_OUTER_BOUND('',#250,.T.);
#165=FACE_OUTER_BOUND('',#251,.T.);
#166=FACE_OUTER_BOUND('',#252,.T.);
#167=FACE_OUTER_BOUND('',#253,.T.);
#168=FACE_OUTER_BOUND('',#254,.T.);
#169=FACE_OUTER_BOUND('',#255,.T.);
#170=FACE_OUTER_BOUND('',#256,.T.);
#171=FACE_OUTER_BOUND('',#257,.T.);
#172=FACE_OUTER_BOUND('',#258,.T.);
#173=FACE_OUTER_BOUND('',#259,.T.);
#174=FACE_OUTER_BOUND('',#260,.T.);
#175=FACE_OUTER_BOUND('',#261,.T.);
#176=FACE_OUTER_BOUND('',#262,.T.);
#177=FACE_OUTER_BOUND('',#263,.T.);
#178=FACE_OUTER_BOUND('',#264,.T.);
#179=FACE_OUTER_BOUND('',#265,.T.);
#180=FACE_OUTER_BOUND('',#266,.T.);
#181=FACE_OUTER_BOUND('',#267,.T.);
#182=FACE_OUTER_BOUND('',#268,.T.);
#183=FACE_OUTER_BOUND('',#269,.T.);
#184=FACE_OUTER_BOUND('',#270,.T.);
#185=FACE_OUTER_BOUND('',#271,.T.);
#186=FACE_OUTER_BOUND('',#272,.T.);
#187=FACE_OUTER_BOUND('',#273,.T.);
#188=FACE_OUTER_BOUND('',#274,.T.);
#189=FACE_OUTER_BOUND('',#275,.T.);
#190=FACE_OUTER_BOUND('',#276,.T.);
#191=FACE_OUTER_BOUND('',#277,.T.);
#192=FACE_OUTER_BOUND('',#278,.T.);
#193=FACE_OUTER_BOUND('',#279,.T.);
#194=FACE_OUTER_BOUND('',#280,.T.);
#195=FACE_OUTER_BOUND('',#281,.T.);
#196=FACE_OUTER_BOUND('',#282,.T.);
#197=FACE_OUTER_BOUND('',#283,.T.);
#198=FACE_OUTER_BOUND('',#284,.T.);
#199=FACE_OUTER_BOUND('',#285,.T.);
#200=FACE_OUTER_BOUND('',#286,.T.);
#201=FACE_OUTER_BOUND('',#287,.T.);
#202=FACE_OUTER_BOUND('',#288,.T.);
#203=FACE_OUTER_BOUND('',#290,.T.);
#204=FACE_OUTER_BOUND('',#291,.T.);
#205=FACE_OUTER_BOUND('',#292,.T.);
#206=FACE_OUTER_BOUND('',#293,.T.);
#207=FACE_OUTER_BOUND('',#294,.T.);
#208=FACE_OUTER_BOUND('',#295,.T.);
#209=FACE_OUTER_BOUND('',#297,.T.);
#210=FACE_OUTER_BOUND('',#298,.T.);
#211=FACE_OUTER_BOUND('',#299,.T.);
#212=FACE_OUTER_BOUND('',#302,.T.);
#213=FACE_OUTER_BOUND('',#303,.T.);
#214=FACE_OUTER_BOUND('',#304,.T.);
#215=FACE_OUTER_BOUND('',#305,.T.);
#216=FACE_OUTER_BOUND('',#306,.T.);
#217=FACE_OUTER_BOUND('',#307,.T.);
#218=FACE_OUTER_BOUND('',#308,.T.);
#219=FACE_OUTER_BOUND('',#309,.T.);
#220=FACE_OUTER_BOUND('',#310,.T.);
#221=FACE_OUTER_BOUND('',#311,.T.);
#222=FACE_OUTER_BOUND('',#312,.T.);
#223=FACE_OUTER_BOUND('',#313,.T.);
#224=FACE_OUTER_BOUND('',#314,.T.);
#225=FACE_OUTER_BOUND('',#315,.T.);
#226=FACE_OUTER_BOUND('',#316,.T.);
#227=FACE_OUTER_BOUND('',#317,.T.);
#228=FACE_OUTER_BOUND('',#318,.T.);
#229=FACE_OUTER_BOUND('',#319,.T.);
#230=FACE_OUTER_BOUND('',#320,.T.);
#231=EDGE_LOOP('',(#924,#925,#926,#927,#928));
#232=EDGE_LOOP('',(#929,#930,#931,#932,#933));
#233=EDGE_LOOP('',(#934,#935,#936,#937,#938,#939,#940,#941,#942));
#234=EDGE_LOOP('',(#943,#944,#945,#946));
#235=EDGE_LOOP('',(#947,#948,#949,#950));
#236=EDGE_LOOP('',(#951,#952,#953,#954));
#237=EDGE_LOOP('',(#955,#956,#957,#958));
#238=EDGE_LOOP('',(#959,#960,#961,#962));
#239=EDGE_LOOP('',(#963,#964,#965,#966));
#240=EDGE_LOOP('',(#967,#968,#969,#970,#971));
#241=EDGE_LOOP('',(#972,#973,#974,#975,#976));
#242=EDGE_LOOP('',(#977,#978,#979,#980));
#243=EDGE_LOOP('',(#981,#982,#983,#984));
#244=EDGE_LOOP('',(#985,#986,#987));
#245=EDGE_LOOP('',(#988,#989,#990,#991));
#246=EDGE_LOOP('',(#992,#993,#994,#995));
#247=EDGE_LOOP('',(#996,#997,#998));
#248=EDGE_LOOP('',(#999,#1000,#1001,#1002,#1003));
#249=EDGE_LOOP('',(#1004,#1005,#1006,#1007));
#250=EDGE_LOOP('',(#1008,#1009,#1010,#1011));
#251=EDGE_LOOP('',(#1012,#1013,#1014,#1015,#1016));
#252=EDGE_LOOP('',(#1017,#1018,#1019,#1020,#1021));
#253=EDGE_LOOP('',(#1022,#1023,#1024,#1025));
#254=EDGE_LOOP('',(#1026,#1027,#1028,#1029));
#255=EDGE_LOOP('',(#1030,#1031,#1032,#1033,#1034));
#256=EDGE_LOOP('',(#1035,#1036,#1037,#1038,#1039));
#257=EDGE_LOOP('',(#1040,#1041,#1042,#1043,#1044));
#258=EDGE_LOOP('',(#1045,#1046,#1047,#1048,#1049));
#259=EDGE_LOOP('',(#1050,#1051,#1052,#1053,#1054));
#260=EDGE_LOOP('',(#1055,#1056,#1057,#1058,#1059));
#261=EDGE_LOOP('',(#1060,#1061,#1062,#1063));
#262=EDGE_LOOP('',(#1064,#1065,#1066,#1067));
#263=EDGE_LOOP('',(#1068,#1069,#1070));
#264=EDGE_LOOP('',(#1071,#1072,#1073,#1074));
#265=EDGE_LOOP('',(#1075,#1076,#1077,#1078));
#266=EDGE_LOOP('',(#1079,#1080,#1081,#1082));
#267=EDGE_LOOP('',(#1083,#1084,#1085,#1086,#1087));
#268=EDGE_LOOP('',(#1088,#1089,#1090,#1091));
#269=EDGE_LOOP('',(#1092,#1093,#1094,#1095,#1096,#1097));
#270=EDGE_LOOP('',(#1098,#1099,#1100,#1101,#1102,#1103));
#271=EDGE_LOOP('',(#1104,#1105,#1106,#1107,#1108));
#272=EDGE_LOOP('',(#1109,#1110,#1111,#1112));
#273=EDGE_LOOP('',(#1113,#1114,#1115,#1116));
#274=EDGE_LOOP('',(#1117,#1118,#1119,#1120));
#275=EDGE_LOOP('',(#1121,#1122,#1123,#1124,#1125));
#276=EDGE_LOOP('',(#1126,#1127,#1128,#1129,#1130,#1131));
#277=EDGE_LOOP('',(#1132,#1133,#1134,#1135,#1136,#1137));
#278=EDGE_LOOP('',(#1138,#1139,#1140,#1141));
#279=EDGE_LOOP('',(#1142,#1143,#1144,#1145,#1146,#1147,#1148,#1149,#1150));
#280=EDGE_LOOP('',(#1151,#1152,#1153,#1154,#1155,#1156,#1157,#1158));
#281=EDGE_LOOP('',(#1159,#1160,#1161,#1162,#1163,#1164,#1165,#1166));
#282=EDGE_LOOP('',(#1167,#1168,#1169,#1170));
#283=EDGE_LOOP('',(#1171,#1172,#1173,#1174,#1175,#1176));
#284=EDGE_LOOP('',(#1177,#1178,#1179,#1180,#1181,#1182));
#285=EDGE_LOOP('',(#1183,#1184,#1185,#1186,#1187,#1188));
#286=EDGE_LOOP('',(#1189,#1190,#1191,#1192,#1193));
#287=EDGE_LOOP('',(#1194,#1195,#1196,#1197));
#288=EDGE_LOOP('',(#1198,#1199,#1200,#1201,#1202,#1203,#1204));
#289=EDGE_LOOP('',(#1205));
#290=EDGE_LOOP('',(#1206,#1207,#1208,#1209,#1210,#1211));
#291=EDGE_LOOP('',(#1212,#1213,#1214,#1215,#1216,#1217));
#292=EDGE_LOOP('',(#1218,#1219,#1220,#1221,#1222,#1223));
#293=EDGE_LOOP('',(#1224,#1225,#1226,#1227,#1228,#1229));
#294=EDGE_LOOP('',(#1230,#1231,#1232,#1233,#1234,#1235,#1236,#1237,#1238));
#295=EDGE_LOOP('',(#1239,#1240,#1241,#1242,#1243,#1244,#1245));
#296=EDGE_LOOP('',(#1246));
#297=EDGE_LOOP('',(#1247,#1248,#1249,#1250,#1251));
#298=EDGE_LOOP('',(#1252,#1253,#1254,#1255,#1256));
#299=EDGE_LOOP('',(#1257,#1258,#1259,#1260,#1261,#1262,#1263,#1264,#1265,
#1266,#1267,#1268,#1269,#1270,#1271,#1272,#1273,#1274,#1275,#1276,#1277,
#1278,#1279,#1280));
#300=EDGE_LOOP('',(#1281));
#301=EDGE_LOOP('',(#1282));
#302=EDGE_LOOP('',(#1283,#1284,#1285,#1286,#1287));
#303=EDGE_LOOP('',(#1288,#1289,#1290,#1291,#1292,#1293));
#304=EDGE_LOOP('',(#1294,#1295,#1296,#1297,#1298,#1299));
#305=EDGE_LOOP('',(#1300,#1301,#1302,#1303,#1304,#1305));
#306=EDGE_LOOP('',(#1306,#1307,#1308,#1309,#1310,#1311));
#307=EDGE_LOOP('',(#1312,#1313,#1314,#1315,#1316,#1317));
#308=EDGE_LOOP('',(#1318,#1319,#1320,#1321,#1322,#1323));
#309=EDGE_LOOP('',(#1324,#1325,#1326,#1327,#1328,#1329));
#310=EDGE_LOOP('',(#1330,#1331,#1332,#1333,#1334,#1335));
#311=EDGE_LOOP('',(#1336,#1337,#1338,#1339));
#312=EDGE_LOOP('',(#1340,#1341,#1342,#1343));
#313=EDGE_LOOP('',(#1344,#1345,#1346,#1347,#1348));
#314=EDGE_LOOP('',(#1349,#1350,#1351,#1352,#1353));
#315=EDGE_LOOP('',(#1354,#1355,#1356,#1357));
#316=EDGE_LOOP('',(#1358,#1359,#1360,#1361));
#317=EDGE_LOOP('',(#1362,#1363,#1364,#1365));
#318=EDGE_LOOP('',(#1366,#1367,#1368,#1369,#1370));
#319=EDGE_LOOP('',(#1371,#1372,#1373,#1374,#1375));
#320=EDGE_LOOP('',(#1376,#1377,#1378,#1379));
#321=CIRCLE('',#1513,0.250000000000029);
#322=CIRCLE('',#1520,7.16273603974368);
#323=CIRCLE('',#1521,7.16273592300496);
#324=CIRCLE('',#1531,1.625);
#325=CIRCLE('',#1532,1.625);
#326=CIRCLE('',#1534,1.625);
#327=CIRCLE('',#1535,1.625);
#328=CIRCLE('',#1537,2.99999999999999);
#329=CIRCLE('',#1540,3.);
#330=CIRCLE('',#1543,2.);
#331=CIRCLE('',#1545,2.);
#332=CIRCLE('',#1547,2.);
#333=CIRCLE('',#1549,3.);
#334=CIRCLE('',#1550,3.);
#335=CIRCLE('',#1552,3.);
#336=CIRCLE('',#1553,3.);
#337=CIRCLE('',#1555,2.);
#338=CIRCLE('',#1559,0.5);
#339=CIRCLE('',#1561,0.500000000000011);
#340=CIRCLE('',#1562,0.500000000000001);
#341=CIRCLE('',#1564,0.500000000000001);
#342=CIRCLE('',#1565,2.5);
#343=CIRCLE('',#1572,0.500000000000003);
#344=CIRCLE('',#1574,0.500000000000001);
#345=CIRCLE('',#1575,2.5);
#346=CIRCLE('',#1577,0.500000000000001);
#347=CIRCLE('',#1581,0.49999999999999);
#348=CIRCLE('',#1583,0.499999999999997);
#349=CIRCLE('',#1584,0.500000000000004);
#350=CIRCLE('',#1585,0.500000000000004);
#351=CIRCLE('',#1587,0.500000000000001);
#352=CIRCLE('',#1588,0.500000000000001);
#353=CIRCLE('',#1589,0.499999999999857);
#354=CIRCLE('',#1591,10.4405989083403);
#355=CIRCLE('',#1593,13.25);
#356=CIRCLE('',#1595,13.75);
#357=CIRCLE('',#1596,0.5);
#358=CIRCLE('',#1597,0.5);
#359=CIRCLE('',#1601,4.);
#360=CIRCLE('',#1603,4.);
#361=CIRCLE('',#1606,13.25);
#362=CIRCLE('',#1607,0.500000000000011);
#363=CIRCLE('',#1608,0.500000000000011);
#364=CIRCLE('',#1609,13.75);
#365=CIRCLE('',#1611,5.79289321881347);
#366=CIRCLE('',#1612,6.14644660940674);
#367=CIRCLE('',#1616,2.5);
#368=CIRCLE('',#1620,2.5);
#369=CIRCLE('',#1623,10.8284271247462);
#370=CIRCLE('',#1624,9.41421356237309);
#371=CIRCLE('',#1627,9.41421356237309);
#372=CIRCLE('',#1630,5.);
#373=CIRCLE('',#1634,2.);
#374=CIRCLE('',#1637,10.8284271247462);
#375=CIRCLE('',#1641,2.);
#376=CIRCLE('',#1649,10.4405989083403);
#377=CIRCLE('',#1656,12.7499999850988);
#378=LINE('',#2035,#451);
#379=LINE('',#2040,#452);
#380=LINE('',#2053,#453);
#381=LINE('',#2056,#454);
#382=LINE('',#2069,#455);
#383=LINE('',#2080,#456);
#384=LINE('',#2085,#457);
#385=LINE('',#2103,#458);
#386=LINE('',#2106,#459);
#387=LINE('',#2112,#460);
#388=LINE('',#2124,#461);
#389=LINE('',#2139,#462);
#390=LINE('',#2142,#463);
#391=LINE('',#2148,#464);
#392=LINE('',#2163,#465);
#393=LINE('',#2168,#466);
#394=LINE('',#2174,#467);
#395=LINE('',#2238,#468);
#396=LINE('',#2239,#469);
#397=LINE('',#2242,#470);
#398=LINE('',#2245,#471);
#399=LINE('',#2249,#472);
#400=LINE('',#2255,#473);
#401=LINE('',#2258,#474);
#402=LINE('',#2264,#475);
#403=LINE('',#2267,#476);
#404=LINE('',#2271,#477);
#405=LINE('',#2279,#478);
#406=LINE('',#2281,#479);
#407=LINE('',#2286,#480);
#408=LINE('',#2289,#481);
#409=LINE('',#2296,#482);
#410=LINE('',#2301,#483);
#411=LINE('',#2308,#484);
#412=LINE('',#2311,#485);
#413=LINE('',#2318,#486);
#414=LINE('',#2321,#487);
#415=LINE('',#2328,#488);
#416=LINE('',#2331,#489);
#417=LINE('',#2337,#490);
#418=LINE('',#2342,#491);
#419=LINE('',#2350,#492);
#420=LINE('',#2353,#493);
#421=LINE('',#2358,#494);
#422=LINE('',#2360,#495);
#423=LINE('',#2361,#496);
#424=LINE('',#2377,#497);
#425=LINE('',#2378,#498);
#426=LINE('',#2411,#499);
#427=LINE('',#2413,#500);
#428=LINE('',#2414,#501);
#429=LINE('',#2417,#502);
#430=LINE('',#2419,#503);
#431=LINE('',#2420,#504);
#432=LINE('',#2425,#505);
#433=LINE('',#3239,#506);
#434=LINE('',#3241,#507);
#435=LINE('',#3512,#508);
#436=LINE('',#3606,#509);
#437=LINE('',#3609,#510);
#438=LINE('',#3611,#511);
#439=LINE('',#3614,#512);
#440=LINE('',#3615,#513);
#441=LINE('',#3690,#514);
#442=LINE('',#3693,#515);
#443=LINE('',#3837,#516);
#444=LINE('',#3918,#517);
#445=LINE('',#3920,#518);
#446=LINE('',#3958,#519);
#447=LINE('',#3972,#520);
#448=LINE('',#3975,#521);
#449=LINE('',#3976,#522);
#450=LINE('',#3977,#523);
#451=VECTOR('',#1664,1000.);
#452=VECTOR('',#1669,1000.);
#453=VECTOR('',#1674,1000.);
#454=VECTOR('',#1677,1000.);
#455=VECTOR('',#1682,1000.);
#456=VECTOR('',#1685,1000.);
#457=VECTOR('',#1690,1000.);
#458=VECTOR('',#1693,1000.);
#459=VECTOR('',#1696,1000.);
#460=VECTOR('',#1701,1000.);
#461=VECTOR('',#1702,1000.);
#462=VECTOR('',#1705,1000.);
#463=VECTOR('',#1708,1000.);
#464=VECTOR('',#1713,1000.);
#465=VECTOR('',#1714,1000.);
#466=VECTOR('',#1719,1.625);
#467=VECTOR('',#1726,1.625);
#468=VECTOR('',#1745,1000.);
#469=VECTOR('',#1746,1000.);
#470=VECTOR('',#1749,1000.);
#471=VECTOR('',#1752,1000.);
#472=VECTOR('',#1757,1000.);
#473=VECTOR('',#1762,1000.);
#474=VECTOR('',#1765,1000.);
#475=VECTOR('',#1770,1000.);
#476=VECTOR('',#1773,1000.);
#477=VECTOR('',#1778,1000.);
#478=VECTOR('',#1785,1000.);
#479=VECTOR('',#1788,1000.);
#480=VECTOR('',#1793,1000.);
#481=VECTOR('',#1796,1000.);
#482=VECTOR('',#1805,1000.);
#483=VECTOR('',#1810,1000.);
#484=VECTOR('',#1817,1000.);
#485=VECTOR('',#1820,1000.);
#486=VECTOR('',#1829,1000.);
#487=VECTOR('',#1832,1000.);
#488=VECTOR('',#1839,1000.);
#489=VECTOR('',#1842,1000.);
#490=VECTOR('',#1847,1000.);
#491=VECTOR('',#1852,1000.);
#492=VECTOR('',#1859,1000.);
#493=VECTOR('',#1862,1000.);
#494=VECTOR('',#1867,1000.);
#495=VECTOR('',#1868,1000.);
#496=VECTOR('',#1869,1000.);
#497=VECTOR('',#1874,1000.);
#498=VECTOR('',#1875,1000.);
#499=VECTOR('',#1886,1000.);
#500=VECTOR('',#1887,1000.);
#501=VECTOR('',#1888,1000.);
#502=VECTOR('',#1891,1000.);
#503=VECTOR('',#1892,1000.);
#504=VECTOR('',#1893,1000.);
#505=VECTOR('',#1900,1000.);
#506=VECTOR('',#1947,1000.);
#507=VECTOR('',#1950,1000.);
#508=VECTOR('',#1955,1000.);
#509=VECTOR('',#1958,1000.);
#510=VECTOR('',#1961,1000.);
#511=VECTOR('',#1964,1000.);
#512=VECTOR('',#1967,1000.);
#513=VECTOR('',#1968,1000.);
#514=VECTOR('',#1971,1000.);
#515=VECTOR('',#1976,1000.);
#516=VECTOR('',#1987,1000.);
#517=VECTOR('',#1992,1000.);
#518=VECTOR('',#1995,1000.);
#519=VECTOR('',#2002,1000.);
#520=VECTOR('',#2007,1000.);
#521=VECTOR('',#2012,1000.);
#522=VECTOR('',#2013,1000.);
#523=VECTOR('',#2014,1000.);
#524=ELLIPSE('',#1511,0.388930956714724,0.249999999999964);
#525=ELLIPSE('',#1512,0.219815686416869,0.188477115733648);
#526=ELLIPSE('',#1515,0.219492325840177,0.187381509221507);
#527=ELLIPSE('',#1516,0.388930956713479,0.249999999999635);
#528=ELLIPSE('',#1518,0.221038551381385,0.187261476841362);
#529=ELLIPSE('',#1519,0.221038551383696,0.187261476845302);
#530=ELLIPSE('',#1523,0.388930956620465,0.249999999954235);
#531=ELLIPSE('',#1525,0.38893095684102,0.250000000088549);
#532=ELLIPSE('',#1527,0.388930956738437,0.250000000020767);
#533=ELLIPSE('',#1529,0.38893095669961,0.249999999994883);
#534=ELLIPSE('',#1538,4.24264068712083,3.00000000000056);
#535=ELLIPSE('',#1541,4.24264068710588,2.99999999999481);
#536=ELLIPSE('',#1557,0.439541851469926,0.376941364213043);
#537=ELLIPSE('',#1558,0.439541851470059,0.376941364213584);
#538=ELLIPSE('',#1567,0.434600004969655,0.367144427681982);
#539=ELLIPSE('',#1568,0.434600004905445,0.367144427802018);
#540=ELLIPSE('',#1570,0.439541175544969,0.376941269070516);
#541=ELLIPSE('',#1571,0.439541175552157,0.376941269083705);
#542=ELLIPSE('',#1579,0.434597631931706,0.367140964026319);
#543=ELLIPSE('',#1580,0.434597632071083,0.367140963852489);
#544=ELLIPSE('',#1604,0.433453907283556,0.371935389908398);
#545=ELLIPSE('',#1613,0.433453904924546,0.371935385824492);
#546=ELLIPSE('',#1614,0.433453905977947,0.371935387667286);
#547=ELLIPSE('',#1617,0.439887032097761,0.377018560551105);
#548=ELLIPSE('',#1618,3.3656730627534,2.87133094195051);
#549=ELLIPSE('',#1621,0.433453907276959,0.371935389896353);
#550=ELLIPSE('',#1647,14.6744277667879,8.47228482135874);
#551=ELLIPSE('',#1652,14.6744277667881,8.47228482135885);
#552=VERTEX_POINT('',#2031);
#553=VERTEX_POINT('',#2032);
#554=VERTEX_POINT('',#2034);
#555=VERTEX_POINT('',#2036);
#556=VERTEX_POINT('',#2038);
#557=VERTEX_POINT('',#2042);
#558=VERTEX_POINT('',#2043);
#559=VERTEX_POINT('',#2050);
#560=VERTEX_POINT('',#2052);
#561=VERTEX_POINT('',#2054);
#562=VERTEX_POINT('',#2058);
#563=VERTEX_POINT('',#2059);
#564=VERTEX_POINT('',#2066);
#565=VERTEX_POINT('',#2068);
#566=VERTEX_POINT('',#2070);
#567=VERTEX_POINT('',#2072);
#568=VERTEX_POINT('',#2079);
#569=VERTEX_POINT('',#2081);
#570=VERTEX_POINT('',#2083);
#571=VERTEX_POINT('',#2087);
#572=VERTEX_POINT('',#2088);
#573=VERTEX_POINT('',#2102);
#574=VERTEX_POINT('',#2104);
#575=VERTEX_POINT('',#2108);
#576=VERTEX_POINT('',#2109);
#577=VERTEX_POINT('',#2111);
#578=VERTEX_POINT('',#2113);
#579=VERTEX_POINT('',#2126);
#580=VERTEX_POINT('',#2127);
#581=VERTEX_POINT('',#2138);
#582=VERTEX_POINT('',#2140);
#583=VERTEX_POINT('',#2144);
#584=VERTEX_POINT('',#2145);
#585=VERTEX_POINT('',#2147);
#586=VERTEX_POINT('',#2149);
#587=VERTEX_POINT('',#2165);
#588=VERTEX_POINT('',#2167);
#589=VERTEX_POINT('',#2171);
#590=VERTEX_POINT('',#2173);
#591=VERTEX_POINT('',#2177);
#592=VERTEX_POINT('',#2178);
#593=VERTEX_POINT('',#2180);
#594=VERTEX_POINT('',#2188);
#595=VERTEX_POINT('',#2195);
#596=VERTEX_POINT('',#2206);
#597=VERTEX_POINT('',#2207);
#598=VERTEX_POINT('',#2209);
#599=VERTEX_POINT('',#2218);
#600=VERTEX_POINT('',#2220);
#601=VERTEX_POINT('',#2235);
#602=VERTEX_POINT('',#2236);
#603=VERTEX_POINT('',#2241);
#604=VERTEX_POINT('',#2243);
#605=VERTEX_POINT('',#2247);
#606=VERTEX_POINT('',#2251);
#607=VERTEX_POINT('',#2252);
#608=VERTEX_POINT('',#2254);
#609=VERTEX_POINT('',#2256);
#610=VERTEX_POINT('',#2260);
#611=VERTEX_POINT('',#2261);
#612=VERTEX_POINT('',#2263);
#613=VERTEX_POINT('',#2265);
#614=VERTEX_POINT('',#2269);
#615=VERTEX_POINT('',#2273);
#616=VERTEX_POINT('',#2274);
#617=VERTEX_POINT('',#2276);
#618=VERTEX_POINT('',#2278);
#619=VERTEX_POINT('',#2283);
#620=VERTEX_POINT('',#2284);
#621=VERTEX_POINT('',#2287);
#622=VERTEX_POINT('',#2291);
#623=VERTEX_POINT('',#2295);
#624=VERTEX_POINT('',#2297);
#625=VERTEX_POINT('',#2299);
#626=VERTEX_POINT('',#2303);
#627=VERTEX_POINT('',#2304);
#628=VERTEX_POINT('',#2306);
#629=VERTEX_POINT('',#2309);
#630=VERTEX_POINT('',#2313);
#631=VERTEX_POINT('',#2317);
#632=VERTEX_POINT('',#2319);
#633=VERTEX_POINT('',#2323);
#634=VERTEX_POINT('',#2324);
#635=VERTEX_POINT('',#2326);
#636=VERTEX_POINT('',#2329);
#637=VERTEX_POINT('',#2333);
#638=VERTEX_POINT('',#2334);
#639=VERTEX_POINT('',#2336);
#640=VERTEX_POINT('',#2338);
#641=VERTEX_POINT('',#2340);
#642=VERTEX_POINT('',#2344);
#643=VERTEX_POINT('',#2345);
#644=VERTEX_POINT('',#2347);
#645=VERTEX_POINT('',#2349);
#646=VERTEX_POINT('',#2351);
#647=VERTEX_POINT('',#2355);
#648=VERTEX_POINT('',#2357);
#649=VERTEX_POINT('',#2359);
#650=VERTEX_POINT('',#2363);
#651=VERTEX_POINT('',#2365);
#652=VERTEX_POINT('',#2376);
#653=VERTEX_POINT('',#2404);
#654=VERTEX_POINT('',#2406);
#655=VERTEX_POINT('',#2410);
#656=VERTEX_POINT('',#2412);
#657=VERTEX_POINT('',#2416);
#658=VERTEX_POINT('',#2418);
#659=VERTEX_POINT('',#2424);
#660=VERTEX_POINT('',#2541);
#661=VERTEX_POINT('',#2542);
#662=VERTEX_POINT('',#2562);
#663=VERTEX_POINT('',#2564);
#664=VERTEX_POINT('',#2731);
#665=VERTEX_POINT('',#2749);
#666=VERTEX_POINT('',#2833);
#667=VERTEX_POINT('',#2835);
#668=VERTEX_POINT('',#2837);
#669=VERTEX_POINT('',#2863);
#670=VERTEX_POINT('',#2868);
#671=VERTEX_POINT('',#2870);
#672=VERTEX_POINT('',#2908);
#673=VERTEX_POINT('',#2913);
#674=VERTEX_POINT('',#2953);
#675=VERTEX_POINT('',#2954);
#676=VERTEX_POINT('',#3034);
#677=VERTEX_POINT('',#3035);
#678=VERTEX_POINT('',#3077);
#679=VERTEX_POINT('',#3126);
#680=VERTEX_POINT('',#3195);
#681=VERTEX_POINT('',#3244);
#682=VERTEX_POINT('',#3339);
#683=VERTEX_POINT('',#3440);
#684=VERTEX_POINT('',#3511);
#685=VERTEX_POINT('',#3605);
#686=VERTEX_POINT('',#3607);
#687=VERTEX_POINT('',#3613);
#688=VERTEX_POINT('',#3617);
#689=VERTEX_POINT('',#3680);
#690=VERTEX_POINT('',#3689);
#691=VERTEX_POINT('',#3836);
#692=VERTEX_POINT('',#3839);
#693=VERTEX_POINT('',#3959);
#694=VERTEX_POINT('',#3979);
#695=VERTEX_POINT('',#4104);
#696=EDGE_CURVE('',#552,#553,#524,.T.);
#697=EDGE_CURVE('',#553,#554,#378,.T.);
#698=EDGE_CURVE('',#554,#555,#525,.T.);
#699=EDGE_CURVE('',#555,#556,#321,.T.);
#700=EDGE_CURVE('',#556,#552,#379,.T.);
#701=EDGE_CURVE('',#557,#558,#75,.T.);
#702=EDGE_CURVE('',#559,#557,#526,.T.);
#703=EDGE_CURVE('',#559,#560,#380,.T.);
#704=EDGE_CURVE('',#560,#561,#527,.T.);
#705=EDGE_CURVE('',#561,#558,#381,.T.);
#706=EDGE_CURVE('',#562,#563,#76,.T.);
#707=EDGE_CURVE('',#564,#562,#528,.T.);
#708=EDGE_CURVE('',#564,#565,#382,.T.);
#709=EDGE_CURVE('',#566,#565,#529,.T.);
#710=EDGE_CURVE('',#567,#566,#77,.T.);
#711=EDGE_CURVE('',#567,#568,#383,.T.);
#712=EDGE_CURVE('',#569,#568,#322,.T.);
#713=EDGE_CURVE('',#570,#569,#323,.T.);
#714=EDGE_CURVE('',#570,#563,#384,.T.);
#715=EDGE_CURVE('',#571,#572,#78,.F.);
#716=EDGE_CURVE('',#571,#573,#385,.T.);
#717=EDGE_CURVE('',#573,#574,#530,.T.);
#718=EDGE_CURVE('',#574,#572,#386,.T.);
#719=EDGE_CURVE('',#575,#576,#531,.T.);
#720=EDGE_CURVE('',#576,#577,#387,.T.);
#721=EDGE_CURVE('',#577,#578,#79,.T.);
#722=EDGE_CURVE('',#578,#575,#388,.T.);
#723=EDGE_CURVE('',#579,#580,#80,.T.);
#724=EDGE_CURVE('',#580,#581,#389,.T.);
#725=EDGE_CURVE('',#581,#582,#532,.T.);
#726=EDGE_CURVE('',#582,#579,#390,.T.);
#727=EDGE_CURVE('',#583,#584,#533,.T.);
#728=EDGE_CURVE('',#584,#585,#391,.T.);
#729=EDGE_CURVE('',#585,#586,#81,.T.);
#730=EDGE_CURVE('',#586,#583,#392,.T.);
#731=EDGE_CURVE('',#587,#587,#324,.T.);
#732=EDGE_CURVE('',#587,#588,#393,.T.);
#733=EDGE_CURVE('',#588,#588,#325,.T.);
#734=EDGE_CURVE('',#589,#589,#326,.T.);
#735=EDGE_CURVE('',#589,#590,#394,.T.);
#736=EDGE_CURVE('',#590,#590,#327,.T.);
#737=EDGE_CURVE('',#591,#592,#328,.T.);
#738=EDGE_CURVE('',#593,#591,#82,.T.);
#739=EDGE_CURVE('',#594,#593,#83,.F.);
#740=EDGE_CURVE('',#595,#594,#534,.T.);
#741=EDGE_CURVE('',#592,#595,#84,.F.);
#742=EDGE_CURVE('',#596,#597,#329,.T.);
#743=EDGE_CURVE('',#598,#596,#85,.F.);
#744=EDGE_CURVE('',#599,#598,#535,.T.);
#745=EDGE_CURVE('',#600,#599,#86,.F.);
#746=EDGE_CURVE('',#597,#600,#87,.T.);
#747=EDGE_CURVE('',#601,#602,#330,.T.);
#748=EDGE_CURVE('',#601,#592,#395,.T.);
#749=EDGE_CURVE('',#595,#602,#396,.T.);
#750=EDGE_CURVE('',#596,#603,#397,.T.);
#751=EDGE_CURVE('',#603,#604,#331,.T.);
#752=EDGE_CURVE('',#604,#598,#398,.T.);
#753=EDGE_CURVE('',#600,#605,#332,.T.);
#754=EDGE_CURVE('',#599,#605,#399,.T.);
#755=EDGE_CURVE('',#606,#607,#333,.T.);
#756=EDGE_CURVE('',#606,#608,#400,.T.);
#757=EDGE_CURVE('',#609,#608,#334,.T.);
#758=EDGE_CURVE('',#607,#609,#401,.T.);
#759=EDGE_CURVE('',#610,#611,#335,.T.);
#760=EDGE_CURVE('',#610,#612,#402,.T.);
#761=EDGE_CURVE('',#613,#612,#336,.T.);
#762=EDGE_CURVE('',#611,#613,#403,.T.);
#763=EDGE_CURVE('',#614,#593,#337,.T.);
#764=EDGE_CURVE('',#614,#594,#404,.T.);
#765=EDGE_CURVE('',#615,#616,#536,.T.);
#766=EDGE_CURVE('',#616,#617,#537,.T.);
#767=EDGE_CURVE('',#617,#618,#405,.T.);
#768=EDGE_CURVE('',#605,#618,#338,.T.);
#769=EDGE_CURVE('',#605,#615,#406,.T.);
#770=EDGE_CURVE('',#619,#620,#339,.T.);
#771=EDGE_CURVE('',#620,#610,#407,.T.);
#772=EDGE_CURVE('',#621,#610,#340,.T.);
#773=EDGE_CURVE('',#621,#619,#408,.T.);
#774=EDGE_CURVE('',#622,#611,#341,.T.);
#775=EDGE_CURVE('',#622,#621,#342,.T.);
#776=EDGE_CURVE('',#611,#623,#409,.T.);
#777=EDGE_CURVE('',#624,#623,#538,.T.);
#778=EDGE_CURVE('',#625,#624,#539,.T.);
#779=EDGE_CURVE('',#625,#622,#410,.T.);
#780=EDGE_CURVE('',#626,#627,#540,.T.);
#781=EDGE_CURVE('',#627,#628,#541,.T.);
#782=EDGE_CURVE('',#628,#606,#411,.T.);
#783=EDGE_CURVE('',#629,#606,#343,.T.);
#784=EDGE_CURVE('',#629,#626,#412,.T.);
#785=EDGE_CURVE('',#630,#607,#344,.T.);
#786=EDGE_CURVE('',#630,#629,#345,.T.);
#787=EDGE_CURVE('',#607,#631,#413,.T.);
#788=EDGE_CURVE('',#632,#631,#346,.T.);
#789=EDGE_CURVE('',#632,#630,#414,.T.);
#790=EDGE_CURVE('',#633,#634,#542,.T.);
#791=EDGE_CURVE('',#635,#633,#543,.T.);
#792=EDGE_CURVE('',#635,#614,#415,.T.);
#793=EDGE_CURVE('',#614,#636,#347,.T.);
#794=EDGE_CURVE('',#636,#634,#416,.T.);
#795=EDGE_CURVE('',#637,#638,#348,.T.);
#796=EDGE_CURVE('',#637,#639,#417,.T.);
#797=EDGE_CURVE('',#639,#640,#349,.T.);
#798=EDGE_CURVE('',#640,#641,#350,.T.);
#799=EDGE_CURVE('',#641,#638,#418,.T.);
#800=EDGE_CURVE('',#642,#643,#351,.T.);
#801=EDGE_CURVE('',#643,#644,#352,.T.);
#802=EDGE_CURVE('',#644,#645,#419,.T.);
#803=EDGE_CURVE('',#645,#646,#353,.T.);
#804=EDGE_CURVE('',#646,#642,#420,.T.);
#805=EDGE_CURVE('',#647,#580,#354,.T.);
#806=EDGE_CURVE('',#648,#647,#421,.T.);
#807=EDGE_CURVE('',#648,#649,#422,.T.);
#808=EDGE_CURVE('',#581,#649,#423,.T.);
#809=EDGE_CURVE('',#650,#559,#355,.T.);
#810=EDGE_CURVE('',#651,#650,#88,.T.);
#811=EDGE_CURVE('',#651,#652,#424,.T.);
#812=EDGE_CURVE('',#560,#652,#425,.T.);
#813=EDGE_CURVE('',#565,#559,#89,.T.);
#814=EDGE_CURVE('',#565,#653,#356,.T.);
#815=EDGE_CURVE('',#653,#654,#357,.T.);
#816=EDGE_CURVE('',#654,#650,#358,.T.);
#817=EDGE_CURVE('',#655,#648,#426,.T.);
#818=EDGE_CURVE('',#656,#647,#427,.T.);
#819=EDGE_CURVE('',#656,#655,#428,.T.);
#820=EDGE_CURVE('',#657,#656,#429,.T.);
#821=EDGE_CURVE('',#657,#658,#430,.T.);
#822=EDGE_CURVE('',#658,#655,#431,.T.);
#823=EDGE_CURVE('',#658,#648,#359,.T.);
#824=EDGE_CURVE('',#658,#659,#432,.T.);
#825=EDGE_CURVE('',#649,#659,#360,.T.);
#826=EDGE_CURVE('',#660,#661,#90,.T.);
#827=EDGE_CURVE('',#662,#661,#544,.T.);
#828=EDGE_CURVE('',#662,#663,#91,.T.);
#829=EDGE_CURVE('',#660,#663,#92,.T.);
#830=EDGE_CURVE('',#664,#640,#93,.T.);
#831=EDGE_CURVE('',#639,#665,#94,.T.);
#832=EDGE_CURVE('',#664,#665,#95,.T.);
#833=EDGE_CURVE('',#554,#564,#96,.T.);
#834=EDGE_CURVE('',#554,#666,#361,.T.);
#835=EDGE_CURVE('',#666,#667,#362,.T.);
#836=EDGE_CURVE('',#667,#668,#363,.T.);
#837=EDGE_CURVE('',#668,#564,#364,.T.);
#838=EDGE_CURVE('',#638,#646,#365,.T.);
#839=EDGE_CURVE('',#645,#637,#366,.T.);
#840=EDGE_CURVE('',#634,#669,#97,.T.);
#841=EDGE_CURVE('',#669,#670,#545,.T.);
#842=EDGE_CURVE('',#670,#671,#546,.T.);
#843=EDGE_CURVE('',#671,#635,#98,.T.);
#844=EDGE_CURVE('',#591,#632,#99,.T.);
#845=EDGE_CURVE('',#631,#636,#367,.T.);
#846=EDGE_CURVE('',#626,#672,#100,.T.);
#847=EDGE_CURVE('',#672,#673,#101,.T.);
#848=EDGE_CURVE('',#673,#628,#102,.T.);
#849=EDGE_CURVE('',#674,#675,#103,.T.);
#850=EDGE_CURVE('',#675,#673,#104,.T.);
#851=EDGE_CURVE('',#672,#674,#105,.T.);
#852=EDGE_CURVE('',#676,#677,#547,.T.);
#853=EDGE_CURVE('',#677,#675,#106,.T.);
#854=EDGE_CURVE('',#674,#676,#107,.T.);
#855=EDGE_CURVE('',#676,#678,#108,.T.);
#856=EDGE_CURVE('',#678,#679,#109,.T.);
#857=EDGE_CURVE('',#679,#677,#110,.T.);
#858=EDGE_CURVE('',#678,#625,#111,.T.);
#859=EDGE_CURVE('',#623,#679,#548,.T.);
#860=EDGE_CURVE('',#618,#620,#368,.T.);
#861=EDGE_CURVE('',#619,#597,#112,.T.);
#862=EDGE_CURVE('',#615,#662,#113,.T.);
#863=EDGE_CURVE('',#661,#680,#549,.T.);
#864=EDGE_CURVE('',#680,#617,#114,.T.);
#865=EDGE_CURVE('',#626,#601,#369,.T.);
#866=EDGE_CURVE('',#602,#672,#370,.T.);
#867=EDGE_CURVE('',#665,#671,#115,.T.);
#868=EDGE_CURVE('',#637,#602,#433,.T.);
#869=EDGE_CURVE('',#645,#604,#434,.T.);
#870=EDGE_CURVE('',#678,#604,#371,.T.);
#871=EDGE_CURVE('',#642,#681,#116,.T.);
#872=EDGE_CURVE('',#682,#641,#117,.T.);
#873=EDGE_CURVE('',#683,#682,#118,.T.);
#874=EDGE_CURVE('',#683,#684,#435,.T.);
#875=EDGE_CURVE('',#681,#684,#119,.T.);
#876=EDGE_CURVE('',#677,#685,#436,.T.);
#877=EDGE_CURVE('',#686,#685,#372,.T.);
#878=EDGE_CURVE('',#675,#686,#437,.T.);
#879=EDGE_CURVE('',#685,#613,#438,.T.);
#880=EDGE_CURVE('',#617,#687,#439,.T.);
#881=EDGE_CURVE('',#612,#687,#440,.T.);
#882=EDGE_CURVE('',#688,#680,#120,.T.);
#883=EDGE_CURVE('',#689,#688,#121,.T.);
#884=EDGE_CURVE('',#690,#689,#441,.T.);
#885=EDGE_CURVE('',#687,#690,#373,.T.);
#886=EDGE_CURVE('',#690,#553,#442,.T.);
#887=EDGE_CURVE('',#666,#689,#122,.T.);
#888=EDGE_CURVE('',#603,#625,#374,.T.);
#889=EDGE_CURVE('',#684,#668,#123,.T.);
#890=EDGE_CURVE('',#653,#683,#124,.T.);
#891=EDGE_CURVE('',#634,#691,#443,.T.);
#892=EDGE_CURVE('',#652,#691,#375,.T.);
#893=EDGE_CURVE('',#692,#651,#125,.T.);
#894=EDGE_CURVE('',#669,#692,#126,.T.);
#895=EDGE_CURVE('',#691,#609,#444,.T.);
#896=EDGE_CURVE('',#608,#686,#445,.T.);
#897=EDGE_CURVE('',#663,#644,#127,.T.);
#898=EDGE_CURVE('',#582,#583,#446,.T.);
#899=EDGE_CURVE('',#586,#693,#128,.T.);
#900=EDGE_CURVE('',#693,#579,#550,.T.);
#901=EDGE_CURVE('',#659,#576,#447,.T.);
#902=EDGE_CURVE('',#577,#657,#376,.T.);
#903=EDGE_CURVE('',#584,#552,#448,.T.);
#904=EDGE_CURVE('',#574,#575,#449,.T.);
#905=EDGE_CURVE('',#561,#573,#450,.T.);
#906=EDGE_CURVE('',#578,#694,#551,.T.);
#907=EDGE_CURVE('',#572,#694,#129,.T.);
#908=EDGE_CURVE('',#563,#556,#130,.T.);
#909=EDGE_CURVE('',#585,#570,#131,.T.);
#910=EDGE_CURVE('',#558,#567,#132,.T.);
#911=EDGE_CURVE('',#568,#571,#133,.T.);
#912=EDGE_CURVE('',#694,#695,#134,.T.);
#913=EDGE_CURVE('',#695,#656,#377,.T.);
#914=EDGE_CURVE('',#695,#693,#135,.T.);
#915=EDGE_CURVE('',#569,#695,#136,.T.);
#916=EDGE_CURVE('',#664,#670,#137,.T.);
#917=EDGE_CURVE('',#664,#692,#138,.T.);
#918=EDGE_CURVE('',#664,#654,#139,.T.);
#919=EDGE_CURVE('',#664,#682,#140,.T.);
#920=EDGE_CURVE('',#660,#643,#141,.T.);
#921=EDGE_CURVE('',#660,#681,#142,.T.);
#922=EDGE_CURVE('',#660,#667,#143,.T.);
#923=EDGE_CURVE('',#660,#688,#144,.T.);
#924=ORIENTED_EDGE('',*,*,#696,.T.);
#925=ORIENTED_EDGE('',*,*,#697,.T.);
#926=ORIENTED_EDGE('',*,*,#698,.T.);
#927=ORIENTED_EDGE('',*,*,#699,.T.);
#928=ORIENTED_EDGE('',*,*,#700,.T.);
#929=ORIENTED_EDGE('',*,*,#701,.F.);
#930=ORIENTED_EDGE('',*,*,#702,.F.);
#931=ORIENTED_EDGE('',*,*,#703,.T.);
#932=ORIENTED_EDGE('',*,*,#704,.T.);
#933=ORIENTED_EDGE('',*,*,#705,.T.);
#934=ORIENTED_EDGE('',*,*,#706,.F.);
#935=ORIENTED_EDGE('',*,*,#707,.F.);
#936=ORIENTED_EDGE('',*,*,#708,.T.);
#937=ORIENTED_EDGE('',*,*,#709,.F.);
#938=ORIENTED_EDGE('',*,*,#710,.F.);
#939=ORIENTED_EDGE('',*,*,#711,.T.);
#940=ORIENTED_EDGE('',*,*,#712,.F.);
#941=ORIENTED_EDGE('',*,*,#713,.F.);
#942=ORIENTED_EDGE('',*,*,#714,.T.);
#943=ORIENTED_EDGE('',*,*,#715,.F.);
#944=ORIENTED_EDGE('',*,*,#716,.T.);
#945=ORIENTED_EDGE('',*,*,#717,.T.);
#946=ORIENTED_EDGE('',*,*,#718,.T.);
#947=ORIENTED_EDGE('',*,*,#719,.T.);
#948=ORIENTED_EDGE('',*,*,#720,.T.);
#949=ORIENTED_EDGE('',*,*,#721,.T.);
#950=ORIENTED_EDGE('',*,*,#722,.T.);
#951=ORIENTED_EDGE('',*,*,#723,.T.);
#952=ORIENTED_EDGE('',*,*,#724,.T.);
#953=ORIENTED_EDGE('',*,*,#725,.T.);
#954=ORIENTED_EDGE('',*,*,#726,.T.);
#955=ORIENTED_EDGE('',*,*,#727,.T.);
#956=ORIENTED_EDGE('',*,*,#728,.T.);
#957=ORIENTED_EDGE('',*,*,#729,.T.);
#958=ORIENTED_EDGE('',*,*,#730,.T.);
#959=ORIENTED_EDGE('',*,*,#731,.F.);
#960=ORIENTED_EDGE('',*,*,#732,.T.);
#961=ORIENTED_EDGE('',*,*,#733,.F.);
#962=ORIENTED_EDGE('',*,*,#732,.F.);
#963=ORIENTED_EDGE('',*,*,#734,.F.);
#964=ORIENTED_EDGE('',*,*,#735,.T.);
#965=ORIENTED_EDGE('',*,*,#736,.F.);
#966=ORIENTED_EDGE('',*,*,#735,.F.);
#967=ORIENTED_EDGE('',*,*,#737,.F.);
#968=ORIENTED_EDGE('',*,*,#738,.F.);
#969=ORIENTED_EDGE('',*,*,#739,.F.);
#970=ORIENTED_EDGE('',*,*,#740,.F.);
#971=ORIENTED_EDGE('',*,*,#741,.F.);
#972=ORIENTED_EDGE('',*,*,#742,.F.);
#973=ORIENTED_EDGE('',*,*,#743,.F.);
#974=ORIENTED_EDGE('',*,*,#744,.F.);
#975=ORIENTED_EDGE('',*,*,#745,.F.);
#976=ORIENTED_EDGE('',*,*,#746,.F.);
#977=ORIENTED_EDGE('',*,*,#747,.F.);
#978=ORIENTED_EDGE('',*,*,#748,.T.);
#979=ORIENTED_EDGE('',*,*,#741,.T.);
#980=ORIENTED_EDGE('',*,*,#749,.T.);
#981=ORIENTED_EDGE('',*,*,#743,.T.);
#982=ORIENTED_EDGE('',*,*,#750,.T.);
#983=ORIENTED_EDGE('',*,*,#751,.T.);
#984=ORIENTED_EDGE('',*,*,#752,.T.);
#985=ORIENTED_EDGE('',*,*,#753,.F.);
#986=ORIENTED_EDGE('',*,*,#745,.T.);
#987=ORIENTED_EDGE('',*,*,#754,.T.);
#988=ORIENTED_EDGE('',*,*,#755,.F.);
#989=ORIENTED_EDGE('',*,*,#756,.T.);
#990=ORIENTED_EDGE('',*,*,#757,.F.);
#991=ORIENTED_EDGE('',*,*,#758,.F.);
#992=ORIENTED_EDGE('',*,*,#759,.F.);
#993=ORIENTED_EDGE('',*,*,#760,.T.);
#994=ORIENTED_EDGE('',*,*,#761,.F.);
#995=ORIENTED_EDGE('',*,*,#762,.F.);
#996=ORIENTED_EDGE('',*,*,#739,.T.);
#997=ORIENTED_EDGE('',*,*,#763,.F.);
#998=ORIENTED_EDGE('',*,*,#764,.T.);
#999=ORIENTED_EDGE('',*,*,#765,.T.);
#1000=ORIENTED_EDGE('',*,*,#766,.T.);
#1001=ORIENTED_EDGE('',*,*,#767,.T.);
#1002=ORIENTED_EDGE('',*,*,#768,.F.);
#1003=ORIENTED_EDGE('',*,*,#769,.T.);
#1004=ORIENTED_EDGE('',*,*,#770,.T.);
#1005=ORIENTED_EDGE('',*,*,#771,.T.);
#1006=ORIENTED_EDGE('',*,*,#772,.F.);
#1007=ORIENTED_EDGE('',*,*,#773,.T.);
#1008=ORIENTED_EDGE('',*,*,#759,.T.);
#1009=ORIENTED_EDGE('',*,*,#774,.F.);
#1010=ORIENTED_EDGE('',*,*,#775,.T.);
#1011=ORIENTED_EDGE('',*,*,#772,.T.);
#1012=ORIENTED_EDGE('',*,*,#774,.T.);
#1013=ORIENTED_EDGE('',*,*,#776,.T.);
#1014=ORIENTED_EDGE('',*,*,#777,.F.);
#1015=ORIENTED_EDGE('',*,*,#778,.F.);
#1016=ORIENTED_EDGE('',*,*,#779,.T.);
#1017=ORIENTED_EDGE('',*,*,#780,.T.);
#1018=ORIENTED_EDGE('',*,*,#781,.T.);
#1019=ORIENTED_EDGE('',*,*,#782,.T.);
#1020=ORIENTED_EDGE('',*,*,#783,.F.);
#1021=ORIENTED_EDGE('',*,*,#784,.T.);
#1022=ORIENTED_EDGE('',*,*,#755,.T.);
#1023=ORIENTED_EDGE('',*,*,#785,.F.);
#1024=ORIENTED_EDGE('',*,*,#786,.T.);
#1025=ORIENTED_EDGE('',*,*,#783,.T.);
#1026=ORIENTED_EDGE('',*,*,#785,.T.);
#1027=ORIENTED_EDGE('',*,*,#787,.T.);
#1028=ORIENTED_EDGE('',*,*,#788,.F.);
#1029=ORIENTED_EDGE('',*,*,#789,.T.);
#1030=ORIENTED_EDGE('',*,*,#790,.F.);
#1031=ORIENTED_EDGE('',*,*,#791,.F.);
#1032=ORIENTED_EDGE('',*,*,#792,.T.);
#1033=ORIENTED_EDGE('',*,*,#793,.T.);
#1034=ORIENTED_EDGE('',*,*,#794,.T.);
#1035=ORIENTED_EDGE('',*,*,#795,.F.);
#1036=ORIENTED_EDGE('',*,*,#796,.T.);
#1037=ORIENTED_EDGE('',*,*,#797,.T.);
#1038=ORIENTED_EDGE('',*,*,#798,.T.);
#1039=ORIENTED_EDGE('',*,*,#799,.T.);
#1040=ORIENTED_EDGE('',*,*,#800,.T.);
#1041=ORIENTED_EDGE('',*,*,#801,.T.);
#1042=ORIENTED_EDGE('',*,*,#802,.T.);
#1043=ORIENTED_EDGE('',*,*,#803,.T.);
#1044=ORIENTED_EDGE('',*,*,#804,.T.);
#1045=ORIENTED_EDGE('',*,*,#724,.F.);
#1046=ORIENTED_EDGE('',*,*,#805,.F.);
#1047=ORIENTED_EDGE('',*,*,#806,.F.);
#1048=ORIENTED_EDGE('',*,*,#807,.T.);
#1049=ORIENTED_EDGE('',*,*,#808,.F.);
#1050=ORIENTED_EDGE('',*,*,#703,.F.);
#1051=ORIENTED_EDGE('',*,*,#809,.F.);
#1052=ORIENTED_EDGE('',*,*,#810,.F.);
#1053=ORIENTED_EDGE('',*,*,#811,.T.);
#1054=ORIENTED_EDGE('',*,*,#812,.F.);
#1055=ORIENTED_EDGE('',*,*,#813,.F.);
#1056=ORIENTED_EDGE('',*,*,#814,.T.);
#1057=ORIENTED_EDGE('',*,*,#815,.T.);
#1058=ORIENTED_EDGE('',*,*,#816,.T.);
#1059=ORIENTED_EDGE('',*,*,#809,.T.);
#1060=ORIENTED_EDGE('',*,*,#817,.T.);
#1061=ORIENTED_EDGE('',*,*,#806,.T.);
#1062=ORIENTED_EDGE('',*,*,#818,.F.);
#1063=ORIENTED_EDGE('',*,*,#819,.T.);
#1064=ORIENTED_EDGE('',*,*,#820,.F.);
#1065=ORIENTED_EDGE('',*,*,#821,.T.);
#1066=ORIENTED_EDGE('',*,*,#822,.T.);
#1067=ORIENTED_EDGE('',*,*,#819,.F.);
#1068=ORIENTED_EDGE('',*,*,#822,.F.);
#1069=ORIENTED_EDGE('',*,*,#823,.T.);
#1070=ORIENTED_EDGE('',*,*,#817,.F.);
#1071=ORIENTED_EDGE('',*,*,#823,.F.);
#1072=ORIENTED_EDGE('',*,*,#824,.T.);
#1073=ORIENTED_EDGE('',*,*,#825,.F.);
#1074=ORIENTED_EDGE('',*,*,#807,.F.);
#1075=ORIENTED_EDGE('',*,*,#826,.T.);
#1076=ORIENTED_EDGE('',*,*,#827,.F.);
#1077=ORIENTED_EDGE('',*,*,#828,.T.);
#1078=ORIENTED_EDGE('',*,*,#829,.F.);
#1079=ORIENTED_EDGE('',*,*,#830,.T.);
#1080=ORIENTED_EDGE('',*,*,#797,.F.);
#1081=ORIENTED_EDGE('',*,*,#831,.T.);
#1082=ORIENTED_EDGE('',*,*,#832,.F.);
#1083=ORIENTED_EDGE('',*,*,#833,.F.);
#1084=ORIENTED_EDGE('',*,*,#834,.T.);
#1085=ORIENTED_EDGE('',*,*,#835,.T.);
#1086=ORIENTED_EDGE('',*,*,#836,.T.);
#1087=ORIENTED_EDGE('',*,*,#837,.T.);
#1088=ORIENTED_EDGE('',*,*,#795,.T.);
#1089=ORIENTED_EDGE('',*,*,#838,.T.);
#1090=ORIENTED_EDGE('',*,*,#803,.F.);
#1091=ORIENTED_EDGE('',*,*,#839,.T.);
#1092=ORIENTED_EDGE('',*,*,#791,.T.);
#1093=ORIENTED_EDGE('',*,*,#790,.T.);
#1094=ORIENTED_EDGE('',*,*,#840,.T.);
#1095=ORIENTED_EDGE('',*,*,#841,.T.);
#1096=ORIENTED_EDGE('',*,*,#842,.T.);
#1097=ORIENTED_EDGE('',*,*,#843,.T.);
#1098=ORIENTED_EDGE('',*,*,#844,.T.);
#1099=ORIENTED_EDGE('',*,*,#788,.T.);
#1100=ORIENTED_EDGE('',*,*,#845,.T.);
#1101=ORIENTED_EDGE('',*,*,#793,.F.);
#1102=ORIENTED_EDGE('',*,*,#763,.T.);
#1103=ORIENTED_EDGE('',*,*,#738,.T.);
#1104=ORIENTED_EDGE('',*,*,#780,.F.);
#1105=ORIENTED_EDGE('',*,*,#846,.T.);
#1106=ORIENTED_EDGE('',*,*,#847,.T.);
#1107=ORIENTED_EDGE('',*,*,#848,.T.);
#1108=ORIENTED_EDGE('',*,*,#781,.F.);
#1109=ORIENTED_EDGE('',*,*,#849,.T.);
#1110=ORIENTED_EDGE('',*,*,#850,.T.);
#1111=ORIENTED_EDGE('',*,*,#847,.F.);
#1112=ORIENTED_EDGE('',*,*,#851,.T.);
#1113=ORIENTED_EDGE('',*,*,#852,.T.);
#1114=ORIENTED_EDGE('',*,*,#853,.T.);
#1115=ORIENTED_EDGE('',*,*,#849,.F.);
#1116=ORIENTED_EDGE('',*,*,#854,.T.);
#1117=ORIENTED_EDGE('',*,*,#852,.F.);
#1118=ORIENTED_EDGE('',*,*,#855,.T.);
#1119=ORIENTED_EDGE('',*,*,#856,.T.);
#1120=ORIENTED_EDGE('',*,*,#857,.T.);
#1121=ORIENTED_EDGE('',*,*,#856,.F.);
#1122=ORIENTED_EDGE('',*,*,#858,.T.);
#1123=ORIENTED_EDGE('',*,*,#778,.T.);
#1124=ORIENTED_EDGE('',*,*,#777,.T.);
#1125=ORIENTED_EDGE('',*,*,#859,.T.);
#1126=ORIENTED_EDGE('',*,*,#746,.T.);
#1127=ORIENTED_EDGE('',*,*,#753,.T.);
#1128=ORIENTED_EDGE('',*,*,#768,.T.);
#1129=ORIENTED_EDGE('',*,*,#860,.T.);
#1130=ORIENTED_EDGE('',*,*,#770,.F.);
#1131=ORIENTED_EDGE('',*,*,#861,.T.);
#1132=ORIENTED_EDGE('',*,*,#765,.F.);
#1133=ORIENTED_EDGE('',*,*,#862,.T.);
#1134=ORIENTED_EDGE('',*,*,#827,.T.);
#1135=ORIENTED_EDGE('',*,*,#863,.T.);
#1136=ORIENTED_EDGE('',*,*,#864,.T.);
#1137=ORIENTED_EDGE('',*,*,#766,.F.);
#1138=ORIENTED_EDGE('',*,*,#846,.F.);
#1139=ORIENTED_EDGE('',*,*,#865,.T.);
#1140=ORIENTED_EDGE('',*,*,#747,.T.);
#1141=ORIENTED_EDGE('',*,*,#866,.T.);
#1142=ORIENTED_EDGE('',*,*,#740,.T.);
#1143=ORIENTED_EDGE('',*,*,#764,.F.);
#1144=ORIENTED_EDGE('',*,*,#792,.F.);
#1145=ORIENTED_EDGE('',*,*,#843,.F.);
#1146=ORIENTED_EDGE('',*,*,#867,.F.);
#1147=ORIENTED_EDGE('',*,*,#831,.F.);
#1148=ORIENTED_EDGE('',*,*,#796,.F.);
#1149=ORIENTED_EDGE('',*,*,#868,.T.);
#1150=ORIENTED_EDGE('',*,*,#749,.F.);
#1151=ORIENTED_EDGE('',*,*,#855,.F.);
#1152=ORIENTED_EDGE('',*,*,#854,.F.);
#1153=ORIENTED_EDGE('',*,*,#851,.F.);
#1154=ORIENTED_EDGE('',*,*,#866,.F.);
#1155=ORIENTED_EDGE('',*,*,#868,.F.);
#1156=ORIENTED_EDGE('',*,*,#839,.F.);
#1157=ORIENTED_EDGE('',*,*,#869,.T.);
#1158=ORIENTED_EDGE('',*,*,#870,.F.);
#1159=ORIENTED_EDGE('',*,*,#871,.F.);
#1160=ORIENTED_EDGE('',*,*,#804,.F.);
#1161=ORIENTED_EDGE('',*,*,#838,.F.);
#1162=ORIENTED_EDGE('',*,*,#799,.F.);
#1163=ORIENTED_EDGE('',*,*,#872,.F.);
#1164=ORIENTED_EDGE('',*,*,#873,.F.);
#1165=ORIENTED_EDGE('',*,*,#874,.T.);
#1166=ORIENTED_EDGE('',*,*,#875,.F.);
#1167=ORIENTED_EDGE('',*,*,#853,.F.);
#1168=ORIENTED_EDGE('',*,*,#876,.T.);
#1169=ORIENTED_EDGE('',*,*,#877,.F.);
#1170=ORIENTED_EDGE('',*,*,#878,.F.);
#1171=ORIENTED_EDGE('',*,*,#857,.F.);
#1172=ORIENTED_EDGE('',*,*,#859,.F.);
#1173=ORIENTED_EDGE('',*,*,#776,.F.);
#1174=ORIENTED_EDGE('',*,*,#762,.T.);
#1175=ORIENTED_EDGE('',*,*,#879,.F.);
#1176=ORIENTED_EDGE('',*,*,#876,.F.);
#1177=ORIENTED_EDGE('',*,*,#771,.F.);
#1178=ORIENTED_EDGE('',*,*,#860,.F.);
#1179=ORIENTED_EDGE('',*,*,#767,.F.);
#1180=ORIENTED_EDGE('',*,*,#880,.T.);
#1181=ORIENTED_EDGE('',*,*,#881,.F.);
#1182=ORIENTED_EDGE('',*,*,#760,.F.);
#1183=ORIENTED_EDGE('',*,*,#864,.F.);
#1184=ORIENTED_EDGE('',*,*,#882,.F.);
#1185=ORIENTED_EDGE('',*,*,#883,.F.);
#1186=ORIENTED_EDGE('',*,*,#884,.F.);
#1187=ORIENTED_EDGE('',*,*,#885,.F.);
#1188=ORIENTED_EDGE('',*,*,#880,.F.);
#1189=ORIENTED_EDGE('',*,*,#697,.F.);
#1190=ORIENTED_EDGE('',*,*,#886,.F.);
#1191=ORIENTED_EDGE('',*,*,#884,.T.);
#1192=ORIENTED_EDGE('',*,*,#887,.F.);
#1193=ORIENTED_EDGE('',*,*,#834,.F.);
#1194=ORIENTED_EDGE('',*,*,#858,.F.);
#1195=ORIENTED_EDGE('',*,*,#870,.T.);
#1196=ORIENTED_EDGE('',*,*,#751,.F.);
#1197=ORIENTED_EDGE('',*,*,#888,.T.);
#1198=ORIENTED_EDGE('',*,*,#779,.F.);
#1199=ORIENTED_EDGE('',*,*,#888,.F.);
#1200=ORIENTED_EDGE('',*,*,#750,.F.);
#1201=ORIENTED_EDGE('',*,*,#742,.T.);
#1202=ORIENTED_EDGE('',*,*,#861,.F.);
#1203=ORIENTED_EDGE('',*,*,#773,.F.);
#1204=ORIENTED_EDGE('',*,*,#775,.F.);
#1205=ORIENTED_EDGE('',*,*,#731,.T.);
#1206=ORIENTED_EDGE('',*,*,#708,.F.);
#1207=ORIENTED_EDGE('',*,*,#837,.F.);
#1208=ORIENTED_EDGE('',*,*,#889,.F.);
#1209=ORIENTED_EDGE('',*,*,#874,.F.);
#1210=ORIENTED_EDGE('',*,*,#890,.F.);
#1211=ORIENTED_EDGE('',*,*,#814,.F.);
#1212=ORIENTED_EDGE('',*,*,#840,.F.);
#1213=ORIENTED_EDGE('',*,*,#891,.T.);
#1214=ORIENTED_EDGE('',*,*,#892,.F.);
#1215=ORIENTED_EDGE('',*,*,#811,.F.);
#1216=ORIENTED_EDGE('',*,*,#893,.F.);
#1217=ORIENTED_EDGE('',*,*,#894,.F.);
#1218=ORIENTED_EDGE('',*,*,#787,.F.);
#1219=ORIENTED_EDGE('',*,*,#758,.T.);
#1220=ORIENTED_EDGE('',*,*,#895,.F.);
#1221=ORIENTED_EDGE('',*,*,#891,.F.);
#1222=ORIENTED_EDGE('',*,*,#794,.F.);
#1223=ORIENTED_EDGE('',*,*,#845,.F.);
#1224=ORIENTED_EDGE('',*,*,#850,.F.);
#1225=ORIENTED_EDGE('',*,*,#878,.T.);
#1226=ORIENTED_EDGE('',*,*,#896,.F.);
#1227=ORIENTED_EDGE('',*,*,#756,.F.);
#1228=ORIENTED_EDGE('',*,*,#782,.F.);
#1229=ORIENTED_EDGE('',*,*,#848,.F.);
#1230=ORIENTED_EDGE('',*,*,#744,.T.);
#1231=ORIENTED_EDGE('',*,*,#752,.F.);
#1232=ORIENTED_EDGE('',*,*,#869,.F.);
#1233=ORIENTED_EDGE('',*,*,#802,.F.);
#1234=ORIENTED_EDGE('',*,*,#897,.F.);
#1235=ORIENTED_EDGE('',*,*,#828,.F.);
#1236=ORIENTED_EDGE('',*,*,#862,.F.);
#1237=ORIENTED_EDGE('',*,*,#769,.F.);
#1238=ORIENTED_EDGE('',*,*,#754,.F.);
#1239=ORIENTED_EDGE('',*,*,#748,.F.);
#1240=ORIENTED_EDGE('',*,*,#865,.F.);
#1241=ORIENTED_EDGE('',*,*,#784,.F.);
#1242=ORIENTED_EDGE('',*,*,#786,.F.);
#1243=ORIENTED_EDGE('',*,*,#789,.F.);
#1244=ORIENTED_EDGE('',*,*,#844,.F.);
#1245=ORIENTED_EDGE('',*,*,#737,.T.);
#1246=ORIENTED_EDGE('',*,*,#734,.T.);
#1247=ORIENTED_EDGE('',*,*,#726,.F.);
#1248=ORIENTED_EDGE('',*,*,#898,.T.);
#1249=ORIENTED_EDGE('',*,*,#730,.F.);
#1250=ORIENTED_EDGE('',*,*,#899,.T.);
#1251=ORIENTED_EDGE('',*,*,#900,.T.);
#1252=ORIENTED_EDGE('',*,*,#720,.F.);
#1253=ORIENTED_EDGE('',*,*,#901,.F.);
#1254=ORIENTED_EDGE('',*,*,#824,.F.);
#1255=ORIENTED_EDGE('',*,*,#821,.F.);
#1256=ORIENTED_EDGE('',*,*,#902,.F.);
#1257=ORIENTED_EDGE('',*,*,#696,.F.);
#1258=ORIENTED_EDGE('',*,*,#903,.F.);
#1259=ORIENTED_EDGE('',*,*,#727,.F.);
#1260=ORIENTED_EDGE('',*,*,#898,.F.);
#1261=ORIENTED_EDGE('',*,*,#725,.F.);
#1262=ORIENTED_EDGE('',*,*,#808,.T.);
#1263=ORIENTED_EDGE('',*,*,#825,.T.);
#1264=ORIENTED_EDGE('',*,*,#901,.T.);
#1265=ORIENTED_EDGE('',*,*,#719,.F.);
#1266=ORIENTED_EDGE('',*,*,#904,.F.);
#1267=ORIENTED_EDGE('',*,*,#717,.F.);
#1268=ORIENTED_EDGE('',*,*,#905,.F.);
#1269=ORIENTED_EDGE('',*,*,#704,.F.);
#1270=ORIENTED_EDGE('',*,*,#812,.T.);
#1271=ORIENTED_EDGE('',*,*,#892,.T.);
#1272=ORIENTED_EDGE('',*,*,#895,.T.);
#1273=ORIENTED_EDGE('',*,*,#757,.T.);
#1274=ORIENTED_EDGE('',*,*,#896,.T.);
#1275=ORIENTED_EDGE('',*,*,#877,.T.);
#1276=ORIENTED_EDGE('',*,*,#879,.T.);
#1277=ORIENTED_EDGE('',*,*,#761,.T.);
#1278=ORIENTED_EDGE('',*,*,#881,.T.);
#1279=ORIENTED_EDGE('',*,*,#885,.T.);
#1280=ORIENTED_EDGE('',*,*,#886,.T.);
#1281=ORIENTED_EDGE('',*,*,#736,.T.);
#1282=ORIENTED_EDGE('',*,*,#733,.T.);
#1283=ORIENTED_EDGE('',*,*,#718,.F.);
#1284=ORIENTED_EDGE('',*,*,#904,.T.);
#1285=ORIENTED_EDGE('',*,*,#722,.F.);
#1286=ORIENTED_EDGE('',*,*,#906,.T.);
#1287=ORIENTED_EDGE('',*,*,#907,.F.);
#1288=ORIENTED_EDGE('',*,*,#728,.F.);
#1289=ORIENTED_EDGE('',*,*,#903,.T.);
#1290=ORIENTED_EDGE('',*,*,#700,.F.);
#1291=ORIENTED_EDGE('',*,*,#908,.F.);
#1292=ORIENTED_EDGE('',*,*,#714,.F.);
#1293=ORIENTED_EDGE('',*,*,#909,.F.);
#1294=ORIENTED_EDGE('',*,*,#710,.T.);
#1295=ORIENTED_EDGE('',*,*,#709,.T.);
#1296=ORIENTED_EDGE('',*,*,#813,.T.);
#1297=ORIENTED_EDGE('',*,*,#702,.T.);
#1298=ORIENTED_EDGE('',*,*,#701,.T.);
#1299=ORIENTED_EDGE('',*,*,#910,.T.);
#1300=ORIENTED_EDGE('',*,*,#707,.T.);
#1301=ORIENTED_EDGE('',*,*,#706,.T.);
#1302=ORIENTED_EDGE('',*,*,#908,.T.);
#1303=ORIENTED_EDGE('',*,*,#699,.F.);
#1304=ORIENTED_EDGE('',*,*,#698,.F.);
#1305=ORIENTED_EDGE('',*,*,#833,.T.);
#1306=ORIENTED_EDGE('',*,*,#911,.F.);
#1307=ORIENTED_EDGE('',*,*,#711,.F.);
#1308=ORIENTED_EDGE('',*,*,#910,.F.);
#1309=ORIENTED_EDGE('',*,*,#705,.F.);
#1310=ORIENTED_EDGE('',*,*,#905,.T.);
#1311=ORIENTED_EDGE('',*,*,#716,.F.);
#1312=ORIENTED_EDGE('',*,*,#912,.F.);
#1313=ORIENTED_EDGE('',*,*,#906,.F.);
#1314=ORIENTED_EDGE('',*,*,#721,.F.);
#1315=ORIENTED_EDGE('',*,*,#902,.T.);
#1316=ORIENTED_EDGE('',*,*,#820,.T.);
#1317=ORIENTED_EDGE('',*,*,#913,.F.);
#1318=ORIENTED_EDGE('',*,*,#914,.F.);
#1319=ORIENTED_EDGE('',*,*,#913,.T.);
#1320=ORIENTED_EDGE('',*,*,#818,.T.);
#1321=ORIENTED_EDGE('',*,*,#805,.T.);
#1322=ORIENTED_EDGE('',*,*,#723,.F.);
#1323=ORIENTED_EDGE('',*,*,#900,.F.);
#1324=ORIENTED_EDGE('',*,*,#712,.T.);
#1325=ORIENTED_EDGE('',*,*,#911,.T.);
#1326=ORIENTED_EDGE('',*,*,#715,.T.);
#1327=ORIENTED_EDGE('',*,*,#907,.T.);
#1328=ORIENTED_EDGE('',*,*,#912,.T.);
#1329=ORIENTED_EDGE('',*,*,#915,.F.);
#1330=ORIENTED_EDGE('',*,*,#713,.T.);
#1331=ORIENTED_EDGE('',*,*,#915,.T.);
#1332=ORIENTED_EDGE('',*,*,#914,.T.);
#1333=ORIENTED_EDGE('',*,*,#899,.F.);
#1334=ORIENTED_EDGE('',*,*,#729,.F.);
#1335=ORIENTED_EDGE('',*,*,#909,.T.);
#1336=ORIENTED_EDGE('',*,*,#916,.F.);
#1337=ORIENTED_EDGE('',*,*,#832,.T.);
#1338=ORIENTED_EDGE('',*,*,#867,.T.);
#1339=ORIENTED_EDGE('',*,*,#842,.F.);
#1340=ORIENTED_EDGE('',*,*,#917,.F.);
#1341=ORIENTED_EDGE('',*,*,#916,.T.);
#1342=ORIENTED_EDGE('',*,*,#841,.F.);
#1343=ORIENTED_EDGE('',*,*,#894,.T.);
#1344=ORIENTED_EDGE('',*,*,#918,.F.);
#1345=ORIENTED_EDGE('',*,*,#917,.T.);
#1346=ORIENTED_EDGE('',*,*,#893,.T.);
#1347=ORIENTED_EDGE('',*,*,#810,.T.);
#1348=ORIENTED_EDGE('',*,*,#816,.F.);
#1349=ORIENTED_EDGE('',*,*,#919,.F.);
#1350=ORIENTED_EDGE('',*,*,#918,.T.);
#1351=ORIENTED_EDGE('',*,*,#815,.F.);
#1352=ORIENTED_EDGE('',*,*,#890,.T.);
#1353=ORIENTED_EDGE('',*,*,#873,.T.);
#1354=ORIENTED_EDGE('',*,*,#830,.F.);
#1355=ORIENTED_EDGE('',*,*,#919,.T.);
#1356=ORIENTED_EDGE('',*,*,#872,.T.);
#1357=ORIENTED_EDGE('',*,*,#798,.F.);
#1358=ORIENTED_EDGE('',*,*,#920,.F.);
#1359=ORIENTED_EDGE('',*,*,#829,.T.);
#1360=ORIENTED_EDGE('',*,*,#897,.T.);
#1361=ORIENTED_EDGE('',*,*,#801,.F.);
#1362=ORIENTED_EDGE('',*,*,#921,.F.);
#1363=ORIENTED_EDGE('',*,*,#920,.T.);
#1364=ORIENTED_EDGE('',*,*,#800,.F.);
#1365=ORIENTED_EDGE('',*,*,#871,.T.);
#1366=ORIENTED_EDGE('',*,*,#922,.F.);
#1367=ORIENTED_EDGE('',*,*,#921,.T.);
#1368=ORIENTED_EDGE('',*,*,#875,.T.);
#1369=ORIENTED_EDGE('',*,*,#889,.T.);
#1370=ORIENTED_EDGE('',*,*,#836,.F.);
#1371=ORIENTED_EDGE('',*,*,#923,.F.);
#1372=ORIENTED_EDGE('',*,*,#922,.T.);
#1373=ORIENTED_EDGE('',*,*,#835,.F.);
#1374=ORIENTED_EDGE('',*,*,#887,.T.);
#1375=ORIENTED_EDGE('',*,*,#883,.T.);
#1376=ORIENTED_EDGE('',*,*,#826,.F.);
#1377=ORIENTED_EDGE('',*,*,#923,.T.);
#1378=ORIENTED_EDGE('',*,*,#882,.T.);
#1379=ORIENTED_EDGE('',*,*,#863,.F.);
#1380=CYLINDRICAL_SURFACE('',#1510,0.25);
#1381=CYLINDRICAL_SURFACE('',#1514,0.25);
#1382=CYLINDRICAL_SURFACE('',#1517,0.250000000000002);
#1383=CYLINDRICAL_SURFACE('',#1522,0.249999999999998);
#1384=CYLINDRICAL_SURFACE('',#1524,0.250000000000002);
#1385=CYLINDRICAL_SURFACE('',#1526,0.250000000000001);
#1386=CYLINDRICAL_SURFACE('',#1528,0.249999999999998);
#1387=CYLINDRICAL_SURFACE('',#1530,1.625);
#1388=CYLINDRICAL_SURFACE('',#1533,1.625);
#1389=CYLINDRICAL_SURFACE('',#1536,3.);
#1390=CYLINDRICAL_SURFACE('',#1539,3.);
#1391=CYLINDRICAL_SURFACE('',#1542,2.);
#1392=CYLINDRICAL_SURFACE('',#1544,2.);
#1393=CYLINDRICAL_SURFACE('',#1546,2.);
#1394=CYLINDRICAL_SURFACE('',#1548,3.);
#1395=CYLINDRICAL_SURFACE('',#1551,3.);
#1396=CYLINDRICAL_SURFACE('',#1554,2.);
#1397=CYLINDRICAL_SURFACE('',#1556,0.500000000000004);
#1398=CYLINDRICAL_SURFACE('',#1560,0.499999999999999);
#1399=CYLINDRICAL_SURFACE('',#1566,0.500000000000001);
#1400=CYLINDRICAL_SURFACE('',#1569,0.499999999999998);
#1401=CYLINDRICAL_SURFACE('',#1576,0.500000000000002);
#1402=CYLINDRICAL_SURFACE('',#1578,0.499999999999997);
#1403=CYLINDRICAL_SURFACE('',#1582,0.500000000000004);
#1404=CYLINDRICAL_SURFACE('',#1586,0.500000000000004);
#1405=CYLINDRICAL_SURFACE('',#1602,4.);
#1406=CYLINDRICAL_SURFACE('',#1629,5.);
#1407=CYLINDRICAL_SURFACE('',#1633,2.);
#1408=CYLINDRICAL_SURFACE('',#1639,13.75);
#1409=CYLINDRICAL_SURFACE('',#1640,2.);
#1410=ADVANCED_FACE('',(#145),#1380,.T.);
#1411=ADVANCED_FACE('',(#146),#1381,.T.);
#1412=ADVANCED_FACE('',(#147),#1382,.T.);
#1413=ADVANCED_FACE('',(#148),#1383,.T.);
#1414=ADVANCED_FACE('',(#149),#1384,.T.);
#1415=ADVANCED_FACE('',(#150),#1385,.T.);
#1416=ADVANCED_FACE('',(#151),#1386,.T.);
#1417=ADVANCED_FACE('',(#152),#1387,.F.);
#1418=ADVANCED_FACE('',(#153),#1388,.F.);
#1419=ADVANCED_FACE('',(#154),#1389,.F.);
#1420=ADVANCED_FACE('',(#155),#1390,.F.);
#1421=ADVANCED_FACE('',(#156),#1391,.F.);
#1422=ADVANCED_FACE('',(#157),#1392,.F.);
#1423=ADVANCED_FACE('',(#158),#1393,.F.);
#1424=ADVANCED_FACE('',(#159),#1394,.T.);
#1425=ADVANCED_FACE('',(#160),#1395,.T.);
#1426=ADVANCED_FACE('',(#161),#1396,.F.);
#1427=ADVANCED_FACE('',(#162),#1397,.T.);
#1428=ADVANCED_FACE('',(#163),#1398,.T.);
#1429=ADVANCED_FACE('',(#164),#66,.T.);
#1430=ADVANCED_FACE('',(#165),#1399,.T.);
#1431=ADVANCED_FACE('',(#166),#1400,.T.);
#1432=ADVANCED_FACE('',(#167),#67,.T.);
#1433=ADVANCED_FACE('',(#168),#1401,.T.);
#1434=ADVANCED_FACE('',(#169),#1402,.T.);
#1435=ADVANCED_FACE('',(#170),#1403,.T.);
#1436=ADVANCED_FACE('',(#171),#1404,.T.);
#1437=ADVANCED_FACE('',(#172),#46,.F.);
#1438=ADVANCED_FACE('',(#173),#47,.F.);
#1439=ADVANCED_FACE('',(#174),#68,.T.);
#1440=ADVANCED_FACE('',(#175),#48,.T.);
#1441=ADVANCED_FACE('',(#176),#49,.T.);
#1442=ADVANCED_FACE('',(#177),#42,.F.);
#1443=ADVANCED_FACE('',(#178),#1405,.F.);
#1444=ADVANCED_FACE('',(#179),#19,.T.);
#1445=ADVANCED_FACE('',(#180),#20,.T.);
#1446=ADVANCED_FACE('',(#181),#69,.T.);
#1447=ADVANCED_FACE('',(#182),#70,.T.);
#1448=ADVANCED_FACE('',(#183),#21,.F.);
#1449=ADVANCED_FACE('',(#184),#71,.T.);
#1450=ADVANCED_FACE('',(#185),#22,.F.);
#1451=ADVANCED_FACE('',(#186),#23,.F.);
#1452=ADVANCED_FACE('',(#187),#24,.F.);
#1453=ADVANCED_FACE('',(#188),#25,.F.);
#1454=ADVANCED_FACE('',(#189),#26,.F.);
#1455=ADVANCED_FACE('',(#190),#72,.T.);
#1456=ADVANCED_FACE('',(#191),#27,.F.);
#1457=ADVANCED_FACE('',(#192),#73,.F.);
#1458=ADVANCED_FACE('',(#193),#50,.T.);
#1459=ADVANCED_FACE('',(#194),#43,.T.);
#1460=ADVANCED_FACE('',(#195),#51,.T.);
#1461=ADVANCED_FACE('',(#196),#1406,.T.);
#1462=ADVANCED_FACE('',(#197),#52,.F.);
#1463=ADVANCED_FACE('',(#198),#53,.F.);
#1464=ADVANCED_FACE('',(#199),#1407,.F.);
#1465=ADVANCED_FACE('',(#200),#54,.F.);
#1466=ADVANCED_FACE('',(#201),#74,.F.);
#1467=ADVANCED_FACE('',(#202,#15),#55,.T.);
#1468=ADVANCED_FACE('',(#203),#1408,.T.);
#1469=ADVANCED_FACE('',(#204),#1409,.F.);
#1470=ADVANCED_FACE('',(#205),#56,.F.);
#1471=ADVANCED_FACE('',(#206),#57,.F.);
#1472=ADVANCED_FACE('',(#207),#58,.T.);
#1473=ADVANCED_FACE('',(#208,#16),#59,.T.);
#1474=ADVANCED_FACE('',(#209),#60,.T.);
#1475=ADVANCED_FACE('',(#210),#61,.F.);
#1476=ADVANCED_FACE('',(#211,#17,#18),#62,.T.);
#1477=ADVANCED_FACE('',(#212),#63,.T.);
#1478=ADVANCED_FACE('',(#213),#64,.T.);
#1479=ADVANCED_FACE('',(#214),#28,.F.);
#1480=ADVANCED_FACE('',(#215),#29,.F.);
#1481=ADVANCED_FACE('',(#216),#65,.T.);
#1482=ADVANCED_FACE('',(#217),#44,.F.);
#1483=ADVANCED_FACE('',(#218),#45,.F.);
#1484=ADVANCED_FACE('',(#219),#30,.F.);
#1485=ADVANCED_FACE('',(#220),#31,.F.);
#1486=ADVANCED_FACE('',(#221),#32,.T.);
#1487=ADVANCED_FACE('',(#222),#33,.T.);
#1488=ADVANCED_FACE('',(#223),#34,.T.);
#1489=ADVANCED_FACE('',(#224),#35,.T.);
#1490=ADVANCED_FACE('',(#225),#36,.T.);
#1491=ADVANCED_FACE('',(#226),#37,.T.);
#1492=ADVANCED_FACE('',(#227),#38,.T.);
#1493=ADVANCED_FACE('',(#228),#39,.T.);
#1494=ADVANCED_FACE('',(#229),#40,.T.);
#1495=ADVANCED_FACE('',(#230),#41,.T.);
#1496=CLOSED_SHELL('',(#1410,#1411,#1412,#1413,#1414,#1415,#1416,#1417,
#1418,#1419,#1420,#1421,#1422,#1423,#1424,#1425,#1426,#1427,#1428,#1429,
#1430,#1431,#1432,#1433,#1434,#1435,#1436,#1437,#1438,#1439,#1440,#1441,
#1442,#1443,#1444,#1445,#1446,#1447,#1448,#1449,#1450,#1451,#1452,#1453,
#1454,#1455,#1456,#1457,#1458,#1459,#1460,#1461,#1462,#1463,#1464,#1465,
#1466,#1467,#1468,#1469,#1470,#1471,#1472,#1473,#1474,#1475,#1476,#1477,
#1478,#1479,#1480,#1481,#1482,#1483,#1484,#1485,#1486,#1487,#1488,#1489,
#1490,#1491,#1492,#1493,#1494,#1495));
#1497=DERIVED_UNIT_ELEMENT(#1499,1.);
#1498=DERIVED_UNIT_ELEMENT(#5172,-3.);
#1499=(
MASS_UNIT()
NAMED_UNIT(*)
SI_UNIT(.KILO.,.GRAM.)
);
#1500=DERIVED_UNIT((#1497,#1498));
#1501=MEASURE_REPRESENTATION_ITEM('density measure',
POSITIVE_RATIO_MEASURE(7850.),#1500);
#1502=PROPERTY_DEFINITION_REPRESENTATION(#1507,#1504);
#1503=PROPERTY_DEFINITION_REPRESENTATION(#1508,#1505);
#1504=REPRESENTATION('material name',(#1506),#5169);
#1505=REPRESENTATION('density',(#1501),#5169);
#1506=DESCRIPTIVE_REPRESENTATION_ITEM('Steel','Steel');
#1507=PROPERTY_DEFINITION('material property','material name',#5179);
#1508=PROPERTY_DEFINITION('material property','density of part',#5179);
#1509=AXIS2_PLACEMENT_3D('',#2029,#1658,#1659);
#1510=AXIS2_PLACEMENT_3D('',#2030,#1660,#1661);
#1511=AXIS2_PLACEMENT_3D('',#2033,#1662,#1663);
#1512=AXIS2_PLACEMENT_3D('',#2037,#1665,#1666);
#1513=AXIS2_PLACEMENT_3D('',#2039,#1667,#1668);
#1514=AXIS2_PLACEMENT_3D('',#2041,#1670,#1671);
#1515=AXIS2_PLACEMENT_3D('',#2051,#1672,#1673);
#1516=AXIS2_PLACEMENT_3D('',#2055,#1675,#1676);
#1517=AXIS2_PLACEMENT_3D('',#2057,#1678,#1679);
#1518=AXIS2_PLACEMENT_3D('',#2067,#1680,#1681);
#1519=AXIS2_PLACEMENT_3D('',#2071,#1683,#1684);
#1520=AXIS2_PLACEMENT_3D('',#2082,#1686,#1687);
#1521=AXIS2_PLACEMENT_3D('',#2084,#1688,#1689);
#1522=AXIS2_PLACEMENT_3D('',#2086,#1691,#1692);
#1523=AXIS2_PLACEMENT_3D('',#2105,#1694,#1695);
#1524=AXIS2_PLACEMENT_3D('',#2107,#1697,#1698);
#1525=AXIS2_PLACEMENT_3D('',#2110,#1699,#1700);
#1526=AXIS2_PLACEMENT_3D('',#2125,#1703,#1704);
#1527=AXIS2_PLACEMENT_3D('',#2141,#1706,#1707);
#1528=AXIS2_PLACEMENT_3D('',#2143,#1709,#1710);
#1529=AXIS2_PLACEMENT_3D('',#2146,#1711,#1712);
#1530=AXIS2_PLACEMENT_3D('',#2164,#1715,#1716);
#1531=AXIS2_PLACEMENT_3D('',#2166,#1717,#1718);
#1532=AXIS2_PLACEMENT_3D('',#2169,#1720,#1721);
#1533=AXIS2_PLACEMENT_3D('',#2170,#1722,#1723);
#1534=AXIS2_PLACEMENT_3D('',#2172,#1724,#1725);
#1535=AXIS2_PLACEMENT_3D('',#2175,#1727,#1728);
#1536=AXIS2_PLACEMENT_3D('',#2176,#1729,#1730);
#1537=AXIS2_PLACEMENT_3D('',#2179,#1731,#1732);
#1538=AXIS2_PLACEMENT_3D('',#2196,#1733,#1734);
#1539=AXIS2_PLACEMENT_3D('',#2205,#1735,#1736);
#1540=AXIS2_PLACEMENT_3D('',#2208,#1737,#1738);
#1541=AXIS2_PLACEMENT_3D('',#2219,#1739,#1740);
#1542=AXIS2_PLACEMENT_3D('',#2234,#1741,#1742);
#1543=AXIS2_PLACEMENT_3D('',#2237,#1743,#1744);
#1544=AXIS2_PLACEMENT_3D('',#2240,#1747,#1748);
#1545=AXIS2_PLACEMENT_3D('',#2244,#1750,#1751);
#1546=AXIS2_PLACEMENT_3D('',#2246,#1753,#1754);
#1547=AXIS2_PLACEMENT_3D('',#2248,#1755,#1756);
#1548=AXIS2_PLACEMENT_3D('',#2250,#1758,#1759);
#1549=AXIS2_PLACEMENT_3D('',#2253,#1760,#1761);
#1550=AXIS2_PLACEMENT_3D('',#2257,#1763,#1764);
#1551=AXIS2_PLACEMENT_3D('',#2259,#1766,#1767);
#1552=AXIS2_PLACEMENT_3D('',#2262,#1768,#1769);
#1553=AXIS2_PLACEMENT_3D('',#2266,#1771,#1772);
#1554=AXIS2_PLACEMENT_3D('',#2268,#1774,#1775);
#1555=AXIS2_PLACEMENT_3D('',#2270,#1776,#1777);
#1556=AXIS2_PLACEMENT_3D('',#2272,#1779,#1780);
#1557=AXIS2_PLACEMENT_3D('',#2275,#1781,#1782);
#1558=AXIS2_PLACEMENT_3D('',#2277,#1783,#1784);
#1559=AXIS2_PLACEMENT_3D('',#2280,#1786,#1787);
#1560=AXIS2_PLACEMENT_3D('',#2282,#1789,#1790);
#1561=AXIS2_PLACEMENT_3D('',#2285,#1791,#1792);
#1562=AXIS2_PLACEMENT_3D('',#2288,#1794,#1795);
#1563=AXIS2_PLACEMENT_3D('',#2290,#1797,#1798);
#1564=AXIS2_PLACEMENT_3D('',#2292,#1799,#1800);
#1565=AXIS2_PLACEMENT_3D('',#2293,#1801,#1802);
#1566=AXIS2_PLACEMENT_3D('',#2294,#1803,#1804);
#1567=AXIS2_PLACEMENT_3D('',#2298,#1806,#1807);
#1568=AXIS2_PLACEMENT_3D('',#2300,#1808,#1809);
#1569=AXIS2_PLACEMENT_3D('',#2302,#1811,#1812);
#1570=AXIS2_PLACEMENT_3D('',#2305,#1813,#1814);
#1571=AXIS2_PLACEMENT_3D('',#2307,#1815,#1816);
#1572=AXIS2_PLACEMENT_3D('',#2310,#1818,#1819);
#1573=AXIS2_PLACEMENT_3D('',#2312,#1821,#1822);
#1574=AXIS2_PLACEMENT_3D('',#2314,#1823,#1824);
#1575=AXIS2_PLACEMENT_3D('',#2315,#1825,#1826);
#1576=AXIS2_PLACEMENT_3D('',#2316,#1827,#1828);
#1577=AXIS2_PLACEMENT_3D('',#2320,#1830,#1831);
#1578=AXIS2_PLACEMENT_3D('',#2322,#1833,#1834);
#1579=AXIS2_PLACEMENT_3D('',#2325,#1835,#1836);
#1580=AXIS2_PLACEMENT_3D('',#2327,#1837,#1838);
#1581=AXIS2_PLACEMENT_3D('',#2330,#1840,#1841);
#1582=AXIS2_PLACEMENT_3D('',#2332,#1843,#1844);
#1583=AXIS2_PLACEMENT_3D('',#2335,#1845,#1846);
#1584=AXIS2_PLACEMENT_3D('',#2339,#1848,#1849);
#1585=AXIS2_PLACEMENT_3D('',#2341,#1850,#1851);
#1586=AXIS2_PLACEMENT_3D('',#2343,#1853,#1854);
#1587=AXIS2_PLACEMENT_3D('',#2346,#1855,#1856);
#1588=AXIS2_PLACEMENT_3D('',#2348,#1857,#1858);
#1589=AXIS2_PLACEMENT_3D('',#2352,#1860,#1861);
#1590=AXIS2_PLACEMENT_3D('',#2354,#1863,#1864);
#1591=AXIS2_PLACEMENT_3D('',#2356,#1865,#1866);
#1592=AXIS2_PLACEMENT_3D('',#2362,#1870,#1871);
#1593=AXIS2_PLACEMENT_3D('',#2364,#1872,#1873);
#1594=AXIS2_PLACEMENT_3D('',#2379,#1876,#1877);
#1595=AXIS2_PLACEMENT_3D('',#2405,#1878,#1879);
#1596=AXIS2_PLACEMENT_3D('',#2407,#1880,#1881);
#1597=AXIS2_PLACEMENT_3D('',#2408,#1882,#1883);
#1598=AXIS2_PLACEMENT_3D('',#2409,#1884,#1885);
#1599=AXIS2_PLACEMENT_3D('',#2415,#1889,#1890);
#1600=AXIS2_PLACEMENT_3D('',#2421,#1894,#1895);
#1601=AXIS2_PLACEMENT_3D('',#2422,#1896,#1897);
#1602=AXIS2_PLACEMENT_3D('',#2423,#1898,#1899);
#1603=AXIS2_PLACEMENT_3D('',#2426,#1901,#1902);
#1604=AXIS2_PLACEMENT_3D('',#2563,#1903,#1904);
#1605=AXIS2_PLACEMENT_3D('',#2808,#1905,#1906);
#1606=AXIS2_PLACEMENT_3D('',#2834,#1907,#1908);
#1607=AXIS2_PLACEMENT_3D('',#2836,#1909,#1910);
#1608=AXIS2_PLACEMENT_3D('',#2838,#1911,#1912);
#1609=AXIS2_PLACEMENT_3D('',#2839,#1913,#1914);
#1610=AXIS2_PLACEMENT_3D('',#2840,#1915,#1916);
#1611=AXIS2_PLACEMENT_3D('',#2841,#1917,#1918);
#1612=AXIS2_PLACEMENT_3D('',#2842,#1919,#1920);
#1613=AXIS2_PLACEMENT_3D('',#2869,#1921,#1922);
#1614=AXIS2_PLACEMENT_3D('',#2871,#1923,#1924);
#1615=AXIS2_PLACEMENT_3D('',#2876,#1925,#1926);
#1616=AXIS2_PLACEMENT_3D('',#2887,#1927,#1928);
#1617=AXIS2_PLACEMENT_3D('',#3036,#1929,#1930);
#1618=AXIS2_PLACEMENT_3D('',#3162,#1931,#1932);
#1619=AXIS2_PLACEMENT_3D('',#3163,#1933,#1934);
#1620=AXIS2_PLACEMENT_3D('',#3164,#1935,#1936);
#1621=AXIS2_PLACEMENT_3D('',#3196,#1937,#1938);
#1622=AXIS2_PLACEMENT_3D('',#3201,#1939,#1940);
#1623=AXIS2_PLACEMENT_3D('',#3202,#1941,#1942);
#1624=AXIS2_PLACEMENT_3D('',#3203,#1943,#1944);
#1625=AXIS2_PLACEMENT_3D('',#3204,#1945,#1946);
#1626=AXIS2_PLACEMENT_3D('',#3240,#1948,#1949);
#1627=AXIS2_PLACEMENT_3D('',#3242,#1951,#1952);
#1628=AXIS2_PLACEMENT_3D('',#3243,#1953,#1954);
#1629=AXIS2_PLACEMENT_3D('',#3604,#1956,#1957);
#1630=AXIS2_PLACEMENT_3D('',#3608,#1959,#1960);
#1631=AXIS2_PLACEMENT_3D('',#3610,#1962,#1963);
#1632=AXIS2_PLACEMENT_3D('',#3612,#1965,#1966);
#1633=AXIS2_PLACEMENT_3D('',#3616,#1969,#1970);
#1634=AXIS2_PLACEMENT_3D('',#3691,#1972,#1973);
#1635=AXIS2_PLACEMENT_3D('',#3692,#1974,#1975);
#1636=AXIS2_PLACEMENT_3D('',#3705,#1977,#1978);
#1637=AXIS2_PLACEMENT_3D('',#3706,#1979,#1980);
#1638=AXIS2_PLACEMENT_3D('',#3707,#1981,#1982);
#1639=AXIS2_PLACEMENT_3D('',#3708,#1983,#1984);
#1640=AXIS2_PLACEMENT_3D('',#3835,#1985,#1986);
#1641=AXIS2_PLACEMENT_3D('',#3838,#1988,#1989);
#1642=AXIS2_PLACEMENT_3D('',#3917,#1990,#1991);
#1643=AXIS2_PLACEMENT_3D('',#3919,#1993,#1994);
#1644=AXIS2_PLACEMENT_3D('',#3921,#1996,#1997);
#1645=AXIS2_PLACEMENT_3D('',#3956,#1998,#1999);
#1646=AXIS2_PLACEMENT_3D('',#3957,#2000,#2001);
#1647=AXIS2_PLACEMENT_3D('',#3970,#2003,#2004);
#1648=AXIS2_PLACEMENT_3D('',#3971,#2005,#2006);
#1649=AXIS2_PLACEMENT_3D('',#3973,#2008,#2009);
#1650=AXIS2_PLACEMENT_3D('',#3974,#2010,#2011);
#1651=AXIS2_PLACEMENT_3D('',#3978,#2015,#2016);
#1652=AXIS2_PLACEMENT_3D('',#3980,#2017,#2018);
#1653=AXIS2_PLACEMENT_3D('',#3991,#2019,#2020);
#1654=AXIS2_PLACEMENT_3D('',#4098,#2021,#2022);
#1655=AXIS2_PLACEMENT_3D('',#4103,#2023,#2024);
#1656=AXIS2_PLACEMENT_3D('',#4109,#2025,#2026);
#1657=AXIS2_PLACEMENT_3D('',#4110,#2027,#2028);
#1658=DIRECTION('axis',(0.,0.,1.));
#1659=DIRECTION('refdir',(1.,0.,0.));
#1660=DIRECTION('center_axis',(-0.241844762647951,0.939692620785916,-0.24184476264797));
#1661=DIRECTION('ref_axis',(-0.96984631039296,-0.241844762647955,0.0301536896070269));
#1662=DIRECTION('center_axis',(0.353553390594513,0.866025403783983,0.35355339059315));
#1663=DIRECTION('ref_axis',(0.612372435694923,-0.500000000000788,0.612372435696023));
#1664=DIRECTION('',(-0.241844762647969,0.939692620785912,-0.241844762647969));
#1665=DIRECTION('center_axis',(0.241844762647673,-0.939692620785909,0.241844762648277));
#1666=DIRECTION('ref_axis',(-0.343591376186277,-0.316029473126197,-0.884347408163782));
#1667=DIRECTION('center_axis',(0.241844762645784,-0.939692620786615,0.241844762647421));
#1668=DIRECTION('ref_axis',(-0.664463024389254,-0.342020143323727,-0.664463024389094));
#1669=DIRECTION('',(0.241844762647969,-0.939692620785912,0.241844762647969));
#1670=DIRECTION('center_axis',(0.241844762647969,-0.939692620785915,0.241844762647957));
#1671=DIRECTION('ref_axis',(0.0301536896070545,-0.241844762647954,-0.969846310392959));
#1672=DIRECTION('center_axis',(-0.241844762648001,0.939692620785856,-0.241844762648153));
#1673=DIRECTION('ref_axis',(0.890826177056752,0.313824813170782,0.328546357320814));
#1674=DIRECTION('',(0.241844762647969,-0.939692620785912,0.241844762647969));
#1675=DIRECTION('center_axis',(0.353553390592998,0.866025403783923,0.353553390594813));
#1676=DIRECTION('ref_axis',(0.612372435696684,-0.500000000000893,0.612372435694175));
#1677=DIRECTION('',(-0.241844762647969,0.939692620785912,-0.241844762647969));
#1678=DIRECTION('center_axis',(0.707106781186535,1.34892097491956E-14,-0.707106781186561));
#1679=DIRECTION('ref_axis',(-0.575437420556426,0.581157078634315,-0.575437420556393));
#1680=DIRECTION('center_axis',(-0.707106781186001,-1.23648915780504E-12,
0.707106781187094));
#1681=DIRECTION('ref_axis',(0.62539862052062,0.46664025855256,0.625398620520469));
#1682=DIRECTION('',(0.707106781186547,0.,-0.707106781186548));
#1683=DIRECTION('center_axis',(0.707106781187713,-3.48574532732294E-12,
-0.707106781185382));
#1684=DIRECTION('ref_axis',(0.625398620520447,0.466640258553141,0.625398620520208));
#1685=DIRECTION('',(-0.707106781186548,3.19984962738209E-17,0.707106781186547));
#1686=DIRECTION('center_axis',(0.0814880341558867,-0.935972703229584,0.342512480208407));
#1687=DIRECTION('ref_axis',(-0.668110314970736,-0.306308773737468,-0.678088152205266));
#1688=DIRECTION('center_axis',(0.342512999676349,-0.93597246722496,0.0814885614643604));
#1689=DIRECTION('ref_axis',(-0.659028142233503,-0.301169716293985,-0.689186991847392));
#1690=DIRECTION('',(-0.707106781186548,3.19984962738209E-17,0.707106781186547));
#1691=DIRECTION('center_axis',(0.241844762647971,-0.939692620785911,0.24184476264797));
#1692=DIRECTION('ref_axis',(-0.884481838416348,-0.315985410125155,-0.34328573827014));
#1693=DIRECTION('',(0.241844762647969,-0.939692620785912,0.241844762647969));
#1694=DIRECTION('center_axis',(0.353553390593967,0.866025403784079,0.353553390593461));
#1695=DIRECTION('ref_axis',(0.612372435588095,-0.500000000000623,0.612372435802986));
#1696=DIRECTION('',(-0.241844762647969,0.939692620785912,-0.241844762647969));
#1697=DIRECTION('center_axis',(-0.241844762647946,0.939692620785915,-0.241844762647979));
#1698=DIRECTION('ref_axis',(-0.907560473290944,-0.130885442385841,0.39900249158543));
#1699=DIRECTION('center_axis',(0.353553390594625,0.866025403784213,0.353553390592475));
#1700=DIRECTION('ref_axis',(0.612372435858031,-0.500000000000391,0.612372435533239));
#1701=DIRECTION('',(-0.241844762647969,0.939692620785912,-0.241844762647969));
#1702=DIRECTION('',(0.241844762647969,-0.939692620785912,0.241844762647969));
#1703=DIRECTION('center_axis',(0.241844762647962,-0.93969262078591,0.241844762647983));
#1704=DIRECTION('ref_axis',(0.399002491585447,-0.130885442385878,-0.907560473290931));
#1705=DIRECTION('',(0.241844762647969,-0.939692620785912,0.241844762647969));
#1706=DIRECTION('center_axis',(0.353553390593186,0.866025403784332,0.353553390593623));
#1707=DIRECTION('ref_axis',(0.61237243565961,-0.500000000000185,0.612372435731828));
#1708=DIRECTION('',(-0.241844762647969,0.939692620785912,-0.241844762647969));
#1709=DIRECTION('center_axis',(-0.241844762647971,0.93969262078591,-0.241844762647974));
#1710=DIRECTION('ref_axis',(-0.343285738270138,-0.315985410125158,-0.884481838416348));
#1711=DIRECTION('center_axis',(0.353553390593351,0.866025403784813,0.353553390592279));
#1712=DIRECTION('ref_axis',(0.61237243570815,-0.499999999999351,0.612372435683969));
#1713=DIRECTION('',(-0.241844762647969,0.939692620785912,-0.241844762647969));
#1714=DIRECTION('',(0.241844762647969,-0.939692620785912,0.241844762647969));
#1715=DIRECTION('center_axis',(-0.353553390593274,-0.866025403784439,-0.353553390593273));
#1716=DIRECTION('ref_axis',(-0.925820099772552,0.377964473009227,4.9960036108132E-16));
#1717=DIRECTION('center_axis',(-0.353553390593273,-0.866025403784439,-0.353553390593274));
#1718=DIRECTION('ref_axis',(-0.925820099772552,0.377964473009226,2.08166817117217E-16));
#1719=DIRECTION('',(-0.353553390593274,-0.866025403784439,-0.353553390593273));
#1720=DIRECTION('center_axis',(0.353553390593273,0.866025403784437,0.353553390593279));
#1721=DIRECTION('ref_axis',(-0.925820099772552,0.377964473009227,4.02455846426619E-16));
#1722=DIRECTION('center_axis',(-0.353553390593274,-0.866025403784439,-0.353553390593273));
#1723=DIRECTION('ref_axis',(-0.925820099772552,0.377964473009227,7.07767178198537E-16));
#1724=DIRECTION('center_axis',(-0.353553390593273,-0.866025403784439,-0.353553390593274));
#1725=DIRECTION('ref_axis',(-0.925820099772552,0.377964473009226,4.02455846426619E-16));
#1726=DIRECTION('',(-0.353553390593274,-0.866025403784439,-0.353553390593273));
#1727=DIRECTION('center_axis',(0.353553390593273,0.866025403784437,0.353553390593279));
#1728=DIRECTION('ref_axis',(-0.925820099772552,0.377964473009227,9.29811783123569E-16));
#1729=DIRECTION('center_axis',(0.353553390593275,0.866025403784438,0.353553390593274));
#1730=DIRECTION('ref_axis',(-0.925820099772551,0.377964473009229,2.77555756156289E-17));
#1731=DIRECTION('center_axis',(0.353553390593273,0.866025403784439,0.353553390593274));
#1732=DIRECTION('ref_axis',(-0.925820099772552,0.377964473009226,-4.16333634234433E-17));
#1733=DIRECTION('center_axis',(-0.75000000000003,-0.612372435695751,0.250000000000016));
#1734=DIRECTION('ref_axis',(0.250000000000001,-0.612372435695852,-0.749999999999953));
#1735=DIRECTION('center_axis',(0.353553390593275,0.866025403784438,0.353553390593275));
#1736=DIRECTION('ref_axis',(0.736575602930955,-0.0247701031903496,-0.675901489238513));
#1737=DIRECTION('center_axis',(0.353553390593275,0.866025403784438,0.353553390593274));
#1738=DIRECTION('ref_axis',(-0.925820099772551,0.377964473009229,1.80411241501588E-16));
#1739=DIRECTION('center_axis',(0.250000000000012,-0.612372435695776,-0.750000000000012));
#1740=DIRECTION('ref_axis',(0.750000000000681,0.612372435695248,-0.249999999999296));
#1741=DIRECTION('center_axis',(-0.612372435695793,0.500000000000001,-0.612372435695795));
#1742=DIRECTION('ref_axis',(-0.59723879129219,-0.800103145191267,-0.0560426911460022));
#1743=DIRECTION('center_axis',(-0.612372435695809,0.500000000000001,-0.61237243569578));
#1744=DIRECTION('ref_axis',(-0.353553390593275,-0.866025403784438,-0.353553390593273));
#1745=DIRECTION('',(-0.612372435695795,0.5,-0.612372435695795));
#1746=DIRECTION('',(0.612372435695795,-0.5,0.612372435695795));
#1747=DIRECTION('center_axis',(0.612372435695794,-0.5,0.612372435695795));
#1748=DIRECTION('ref_axis',(-0.0560426911459914,-0.800103145191264,-0.597238791292195));
#1749=DIRECTION('',(0.612372435695794,-0.5,0.612372435695795));
#1750=DIRECTION('center_axis',(0.612372435695795,-0.5,0.612372435695793));
#1751=DIRECTION('ref_axis',(-0.353553390593275,-0.866025403784438,-0.353553390593273));
#1752=DIRECTION('',(-0.612372435695795,0.5,-0.612372435695795));
#1753=DIRECTION('center_axis',(0.612372435695794,-0.5,0.612372435695795));
#1754=DIRECTION('ref_axis',(-0.0560426911459914,-0.800103145191264,-0.597238791292195));
#1755=DIRECTION('center_axis',(0.612372435695793,-0.5,0.612372435695796));
#1756=DIRECTION('ref_axis',(-0.0560426911459922,-0.800103145191265,-0.597238791292194));
#1757=DIRECTION('',(-0.612372435695795,0.5,-0.612372435695795));
#1758=DIRECTION('center_axis',(-0.353553390593274,-0.866025403784439,-0.353553390593274));
#1759=DIRECTION('ref_axis',(0.518003143004972,0.133456552511293,-0.844903599488588));
#1760=DIRECTION('center_axis',(0.353553390593274,0.866025403784439,0.353553390593274));
#1761=DIRECTION('ref_axis',(0.518003143004972,0.133456552511292,-0.844903599488587));
#1762=DIRECTION('',(-0.353553390593274,-0.866025403784439,-0.353553390593274));
#1763=DIRECTION('center_axis',(-0.353553390593273,-0.866025403784437,-0.353553390593279));
#1764=DIRECTION('ref_axis',(-0.925820099772551,0.377964473009227,-4.44089209850063E-16));
#1765=DIRECTION('',(-0.353553390593274,-0.866025403784439,-0.353553390593274));
#1766=DIRECTION('center_axis',(-0.353553390593273,-0.866025403784439,-0.353553390593274));
#1767=DIRECTION('ref_axis',(-0.925820099772552,0.377964473009226,1.66533453693773E-16));
#1768=DIRECTION('center_axis',(0.353553390593273,0.866025403784439,0.353553390593274));
#1769=DIRECTION('ref_axis',(-0.844903599488579,0.133456552511282,0.518003143004988));
#1770=DIRECTION('',(-0.353553390593274,-0.866025403784439,-0.353553390593274));
#1771=DIRECTION('center_axis',(-0.353553390593273,-0.866025403784437,-0.353553390593279));
#1772=DIRECTION('ref_axis',(-0.925820099772551,0.377964473009227,-2.91433543964104E-16));
#1773=DIRECTION('',(-0.353553390593274,-0.866025403784439,-0.353553390593274));
#1774=DIRECTION('center_axis',(-0.612372435695793,0.500000000000001,-0.612372435695795));
#1775=DIRECTION('ref_axis',(-0.59723879129219,-0.800103145191267,-0.0560426911460022));
#1776=DIRECTION('center_axis',(0.612372435695796,-0.5,0.612372435695793));
#1777=DIRECTION('ref_axis',(-0.597238791292188,-0.800103145191269,-0.0560426911460019));
#1778=DIRECTION('',(0.612372435695795,-0.5,0.612372435695795));
#1779=DIRECTION('center_axis',(-0.749999999999998,-0.612372435695802,0.249999999999989));
#1780=DIRECTION('ref_axis',(-0.609789397188859,0.786566092485489,0.097317383997707));
#1781=DIRECTION('center_axis',(-0.749999928033942,-0.612372582366508,0.249999856629671));
#1782=DIRECTION('ref_axis',(0.470661847699959,-0.228529993037102,0.852203888398852));
#1783=DIRECTION('center_axis',(-0.749999860731014,-0.612372561496598,0.250000109659086));
#1784=DIRECTION('ref_axis',(-0.00255795897066557,-0.375276425862407,-0.926909413609465));
#1785=DIRECTION('',(-0.749999999999999,-0.6123724356958,0.24999999999999));
#1786=DIRECTION('center_axis',(-0.749999999999996,-0.612372435695806,0.249999999999984));
#1787=DIRECTION('ref_axis',(-0.25000000000002,0.612372435695786,0.75));
#1788=DIRECTION('',(0.749999999999999,0.6123724356958,-0.24999999999999));
#1789=DIRECTION('center_axis',(-0.70710678118655,7.74380559676047E-15,0.707106781186545));
#1790=DIRECTION('ref_axis',(-0.183012701892198,0.965925826289074,-0.18301270189221));
#1791=DIRECTION('center_axis',(-0.707106781186551,2.91433543964093E-15,
0.707106781186544));
#1792=DIRECTION('ref_axis',(0.353553390593275,0.866025403784438,0.353553390593275));
#1793=DIRECTION('',(-0.707106781186549,1.19348975147204E-15,0.707106781186546));
#1794=DIRECTION('center_axis',(-0.707106781186548,0.,0.707106781186548));
#1795=DIRECTION('ref_axis',(0.353553390593272,0.86602540378444,0.353553390593272));
#1796=DIRECTION('',(0.707106781186549,-1.19348975147204E-15,-0.707106781186546));
#1797=DIRECTION('center_axis',(0.353553390593273,0.866025403784439,0.353553390593274));
#1798=DIRECTION('ref_axis',(-0.844903599488574,0.133456552511276,0.518003143004998));
#1799=DIRECTION('center_axis',(0.921395226060208,-0.257229657651418,-0.29131381810342));
#1800=DIRECTION('ref_axis',(0.35355339059327,0.866025403784441,0.353553390593272));
#1801=DIRECTION('center_axis',(-0.353553390593274,-0.866025403784439,-0.353553390593274));
#1802=DIRECTION('ref_axis',(-0.844903599488579,0.133456552511282,0.518003143004988));
#1803=DIRECTION('center_axis',(0.921395226060206,-0.25722965765142,-0.291313818103424));
#1804=DIRECTION('ref_axis',(0.36408513793098,0.309195174654887,0.878544453233821));
#1805=DIRECTION('',(0.921395226060206,-0.25722965765142,-0.291313818103425));
#1806=DIRECTION('center_axis',(0.921395108429569,-0.25722966321853,-0.291314185240858));
#1807=DIRECTION('ref_axis',(0.263148007627242,0.964560484219226,-0.0193958336914293));
#1808=DIRECTION('center_axis',(0.921395091788572,-0.257229853867021,-0.291314069532318));
#1809=DIRECTION('ref_axis',(-0.0113763677279757,0.73142380757719,-0.681828271609944));
#1810=DIRECTION('',(-0.921395226060206,0.25722965765142,0.291313818103425));
#1811=DIRECTION('center_axis',(0.291313818103396,0.257229657651429,-0.921395226060213));
#1812=DIRECTION('ref_axis',(0.878544453233825,0.309195174654901,0.364085137930959));
#1813=DIRECTION('center_axis',(0.291313759463858,0.257229558180394,-0.921395272369765));
#1814=DIRECTION('ref_axis',(0.686761504912532,-0.726743268781624,0.0142427753922613));
#1815=DIRECTION('center_axis',(0.291313702556092,0.25722969581904,-0.921395251936923));
#1816=DIRECTION('ref_axis',(-0.0123370660175006,0.964100380178409,0.265251302997606));
#1817=DIRECTION('',(0.291313818103402,0.257229657651431,-0.92139522606021));
#1818=DIRECTION('center_axis',(0.291313818103512,0.257229657651385,-0.921395226060188));
#1819=DIRECTION('ref_axis',(0.35355339059327,0.866025403784438,0.35355339059328));
#1820=DIRECTION('',(-0.291313818103402,-0.257229657651431,0.92139522606021));
#1821=DIRECTION('center_axis',(0.353553390593273,0.866025403784439,0.353553390593274));
#1822=DIRECTION('ref_axis',(0.707106781186548,0.,-0.707106781186547));
#1823=DIRECTION('center_axis',(-0.707106781186548,0.,0.707106781186548));
#1824=DIRECTION('ref_axis',(0.353553390593272,0.86602540378444,0.353553390593272));
#1825=DIRECTION('center_axis',(-0.353553390593274,-0.866025403784439,-0.353553390593274));
#1826=DIRECTION('ref_axis',(0.518003143004973,0.133456552511292,-0.844903599488587));
#1827=DIRECTION('center_axis',(-0.707106781186547,4.44089209850062E-16,
0.707106781186549));
#1828=DIRECTION('ref_axis',(-0.183012701892221,0.965925826289068,-0.183012701892221));
#1829=DIRECTION('',(-0.707106781186546,-1.22124532708767E-15,0.707106781186549));
#1830=DIRECTION('center_axis',(-0.707106781186548,0.,0.707106781186548));
#1831=DIRECTION('ref_axis',(0.353553390593272,0.86602540378444,0.353553390593272));
#1832=DIRECTION('',(0.707106781186546,1.2490009027033E-15,-0.707106781186549));
#1833=DIRECTION('center_axis',(0.250000000000009,-0.612372435695787,-0.750000000000003));
#1834=DIRECTION('ref_axis',(0.0973173839976952,0.786566092485499,-0.609789397188848));
#1835=DIRECTION('center_axis',(-0.249999880995916,0.612371990057382,0.750000403530018));
#1836=DIRECTION('ref_axis',(0.928939459608466,0.370157410587496,0.00741429494224558));
#1837=DIRECTION('center_axis',(-0.250000255947102,0.612371922919549,0.750000333364057));
#1838=DIRECTION('ref_axis',(0.855555614869982,-0.222966965303474,0.467236901633215));
#1839=DIRECTION('',(0.250000000000009,-0.612372435695788,-0.750000000000002));
#1840=DIRECTION('center_axis',(-0.250000000000006,0.61237243569579,0.750000000000002));
#1841=DIRECTION('ref_axis',(0.750000000000001,0.612372435695797,-0.249999999999991));
#1842=DIRECTION('',(-0.250000000000009,0.612372435695788,0.750000000000002));
#1843=DIRECTION('center_axis',(-0.612372435695796,0.5,-0.612372435695794));
#1844=DIRECTION('ref_axis',(0.597238791292193,0.800103145191265,0.0560426911459934));
#1845=DIRECTION('center_axis',(0.612372435695827,-0.499999999999999,0.612372435695763));
#1846=DIRECTION('ref_axis',(0.749999999999978,0.612372435695815,-0.250000000000015));
#1847=DIRECTION('',(-0.612372435695795,0.5,-0.612372435695795));
#1848=DIRECTION('center_axis',(0.612372435695799,-0.500000000000001,0.612372435695788));
#1849=DIRECTION('ref_axis',(0.749999999999992,0.61237243569581,-0.249999999999987));
#1850=DIRECTION('center_axis',(0.612372435695799,-0.500000000000001,0.612372435695788));
#1851=DIRECTION('ref_axis',(0.749999999999992,0.61237243569581,-0.249999999999987));
#1852=DIRECTION('',(0.612372435695795,-0.5,0.612372435695794));
#1853=DIRECTION('center_axis',(0.612372435695793,-0.499999999999999,0.612372435695797));
#1854=DIRECTION('ref_axis',(0.0560426911459881,0.800103145191264,0.597238791292195));
#1855=DIRECTION('center_axis',(0.612372435695789,-0.5,0.612372435695799));
#1856=DIRECTION('ref_axis',(0.353553390593274,0.866025403784438,0.353553390593274));
#1857=DIRECTION('center_axis',(0.612372435695789,-0.5,0.612372435695799));
#1858=DIRECTION('ref_axis',(0.353553390593274,0.866025403784438,0.353553390593274));
#1859=DIRECTION('',(0.612372435695794,-0.5,0.612372435695795));
#1860=DIRECTION('center_axis',(-0.612372435695791,0.5,-0.612372435695797));
#1861=DIRECTION('ref_axis',(-0.250000000000019,0.612372435695782,0.750000000000004));
#1862=DIRECTION('',(-0.612372435695794,0.5,-0.612372435695795));
#1863=DIRECTION('center_axis',(-0.707106781186548,0.,0.707106781186547));
#1864=DIRECTION('ref_axis',(0.,1.,0.));
#1865=DIRECTION('center_axis',(-0.707106781186548,3.25918778621749E-16,
0.707106781186547));
#1866=DIRECTION('ref_axis',(0.353553390593273,0.866025403784439,0.353553390593273));
#1867=DIRECTION('',(-0.612372435695794,0.500000000000001,-0.612372435695795));
#1868=DIRECTION('',(-0.353553390593274,-0.866025403784438,-0.353553390593274));
#1869=DIRECTION('',(0.612372435695792,-0.500000000000007,0.612372435695791));
#1870=DIRECTION('center_axis',(-0.707106781186547,0.,0.707106781186548));
#1871=DIRECTION('ref_axis',(0.,1.,0.));
#1872=DIRECTION('center_axis',(-0.707106781186547,-1.82125585527689E-16,
0.707106781186548));
#1873=DIRECTION('ref_axis',(0.183012701892219,0.965925826289068,0.183012701892219));
#1874=DIRECTION('',(-0.353553390593274,-0.866025403784439,-0.353553390593274));
#1875=DIRECTION('',(0.612372435695792,-0.500000000000007,0.612372435695792));
#1876=DIRECTION('center_axis',(0.707106781186548,0.,-0.707106781186547));
#1877=DIRECTION('ref_axis',(-0.707106781186547,0.,-0.707106781186548));
#1878=DIRECTION('center_axis',(0.707106781186547,1.87912128465483E-16,-0.707106781186548));
#1879=DIRECTION('ref_axis',(0.183012701892219,0.965925826289068,0.183012701892219));
#1880=DIRECTION('center_axis',(-0.621392995192535,0.477222684971387,-0.621392995192535));
#1881=DIRECTION('ref_axis',(0.337447396679319,0.878782401364923,0.337447396679319));
#1882=DIRECTION('center_axis',(-0.621392995192535,0.477222684971387,-0.621392995192535));
#1883=DIRECTION('ref_axis',(0.337447396679319,0.878782401364923,0.337447396679319));
#1884=DIRECTION('center_axis',(0.0473671727453744,-0.749999999999999,-0.659739608441172));
#1885=DIRECTION('ref_axis',(0.,0.660480968262275,-0.750842786849103));
#1886=DIRECTION('',(-0.789149130992431,-0.433012701892235,0.435595740399143));
#1887=DIRECTION('',(-0.789149130992431,-0.43301270189222,0.435595740399158));
#1888=DIRECTION('',(0.612372435695794,-0.500000000000001,0.612372435695795));
#1889=DIRECTION('center_axis',(-0.659739608441172,-0.749999999999999,0.0473671727453737));
#1890=DIRECTION('ref_axis',(-0.750842786849103,0.660480968262275,-3.46944695195362E-18));
#1891=DIRECTION('',(-0.435595740399158,0.43301270189222,0.789149130992431));
#1892=DIRECTION('',(0.612372435695794,-0.500000000000001,0.612372435695795));
#1893=DIRECTION('',(-0.435595740399172,0.433012701892202,0.789149130992433));
#1894=DIRECTION('center_axis',(-0.353553390593275,-0.866025403784438,-0.353553390593274));
#1895=DIRECTION('ref_axis',(-0.707106781186547,2.4980018054066E-16,0.707106781186548));
#1896=DIRECTION('center_axis',(-0.353553390593275,-0.866025403784438,-0.353553390593274));
#1897=DIRECTION('ref_axis',(-0.707106781186547,2.4980018054066E-16,0.707106781186548));
#1898=DIRECTION('center_axis',(-0.353553390593274,-0.866025403784438,-0.353553390593274));
#1899=DIRECTION('ref_axis',(-0.707106781186547,-4.71844785465692E-16,0.707106781186548));
#1900=DIRECTION('',(-0.353553390593274,-0.866025403784439,-0.353553390593274));
#1901=DIRECTION('center_axis',(0.353553390593279,0.866025403784434,0.353553390593279));
#1902=DIRECTION('ref_axis',(-0.707106781186547,-4.44089209850063E-16,0.707106781186548));
#1903=DIRECTION('center_axis',(-0.09789012485374,-0.786613196210071,0.609636943601924));
#1904=DIRECTION('ref_axis',(0.874536843702285,0.224372575195676,0.42993285116086));
#1905=DIRECTION('center_axis',(-0.707106781186548,0.,0.707106781186547));
#1906=DIRECTION('ref_axis',(0.707106781186547,0.,0.707106781186548));
#1907=DIRECTION('center_axis',(0.707106781186548,-1.41653233188203E-16,
-0.707106781186547));
#1908=DIRECTION('ref_axis',(0.183012701892219,0.965925826289068,0.183012701892219));
#1909=DIRECTION('center_axis',(-0.621725139092265,0.476356697067868,-0.621725139092265));
#1910=DIRECTION('ref_axis',(-0.707106781186548,-1.85962356624714E-15,0.707106781186547));
#1911=DIRECTION('center_axis',(-0.621725139092265,0.476356697067868,-0.621725139092265));
#1912=DIRECTION('ref_axis',(-0.707106781186548,-1.85962356624714E-15,0.707106781186547));
#1913=DIRECTION('center_axis',(-0.707106781186548,1.50329702772387E-16,
0.707106781186547));
#1914=DIRECTION('ref_axis',(0.183012701892219,0.965925826289068,0.183012701892219));
#1915=DIRECTION('center_axis',(0.353553390593274,0.866025403784438,0.353553390593274));
#1916=DIRECTION('ref_axis',(0.707106781186548,0.,-0.707106781186548));
#1917=DIRECTION('center_axis',(-0.353553390593274,-0.866025403784439,-0.353553390593274));
#1918=DIRECTION('ref_axis',(0.612372435695814,-0.5,0.612372435695775));
#1919=DIRECTION('center_axis',(0.353553390593274,0.866025403784439,0.353553390593274));
#1920=DIRECTION('ref_axis',(0.612372435695815,-0.5,0.612372435695774));
#1921=DIRECTION('center_axis',(0.609636903539098,-0.786613237575006,-0.0978900419605));
#1922=DIRECTION('ref_axis',(0.684263264895758,0.45988569337472,0.565940750735843));
#1923=DIRECTION('center_axis',(0.609636903300339,-0.786613230979682,-0.0978900964453426));
#1924=DIRECTION('ref_axis',(-0.429932849574205,-0.224372573452046,-0.874536844929652));
#1925=DIRECTION('center_axis',(-0.612372435695797,0.5,-0.612372435695792));
#1926=DIRECTION('ref_axis',(-0.707106781186544,0.,0.707106781186551));
#1927=DIRECTION('center_axis',(-0.612372435695796,0.5,-0.612372435695793));
#1928=DIRECTION('ref_axis',(-0.597238791292187,-0.800103145191269,-0.0560426911460025));
#1929=DIRECTION('center_axis',(0.852355087769372,-0.393464094151364,-0.344495008624672));
#1930=DIRECTION('ref_axis',(0.395571847980872,0.91595659182079,-0.0674272569888411));
#1931=DIRECTION('center_axis',(0.161340749327187,-0.428757394367202,0.888896090317642));
#1932=DIRECTION('ref_axis',(0.976798940737302,-0.0591516146946011,-0.20582739335061));
#1933=DIRECTION('center_axis',(-0.612372435695792,0.5,-0.612372435695797));
#1934=DIRECTION('ref_axis',(-0.707106781186551,0.,0.707106781186544));
#1935=DIRECTION('center_axis',(-0.612372435695793,0.5,-0.612372435695796));
#1936=DIRECTION('ref_axis',(-0.0560426911459906,-0.800103145191264,-0.597238791292195));
#1937=DIRECTION('center_axis',(-0.0978901248544604,-0.786613196210106,0.609636943601763));
#1938=DIRECTION('ref_axis',(-0.565940739435465,-0.459885698663774,-0.684263270687366));
#1939=DIRECTION('center_axis',(0.353553390593274,0.866025403784439,0.353553390593273));
#1940=DIRECTION('ref_axis',(0.707106781186547,-5.53881414183235E-16,-0.707106781186548));
#1941=DIRECTION('center_axis',(0.353553390593274,0.866025403784439,0.353553390593274));
#1942=DIRECTION('ref_axis',(0.763592150767855,-0.0488863253238724,-0.643845598324668));
#1943=DIRECTION('center_axis',(-0.353553390593274,-0.866025403784439,-0.353553390593274));
#1944=DIRECTION('ref_axis',(0.763592150767855,-0.0488863253238724,-0.643845598324668));
#1945=DIRECTION('center_axis',(0.749999999999998,0.612372435695801,-0.24999999999999));
#1946=DIRECTION('ref_axis',(1.11022302462516E-16,-0.377964473009211,-0.925820099772558));
#1947=DIRECTION('',(0.249999999999989,-0.612372435695801,-0.749999999999998));
#1948=DIRECTION('center_axis',(-0.353553390593274,-0.866025403784438,-0.353553390593274));
#1949=DIRECTION('ref_axis',(-0.707106781186531,-1.34059430223488E-14,0.707106781186564));
#1950=DIRECTION('',(-0.749999999999988,-0.612372435695804,0.250000000000011));
#1951=DIRECTION('center_axis',(-0.353553390593274,-0.866025403784438,-0.353553390593275));
#1952=DIRECTION('ref_axis',(-0.643845598324644,-0.0488863253238908,0.763592150767874));
#1953=DIRECTION('center_axis',(0.353553390593274,0.866025403784438,0.353553390593274));
#1954=DIRECTION('ref_axis',(0.707106781186548,0.,-0.707106781186548));
#1955=DIRECTION('',(-0.707106781186548,0.,0.707106781186547));
#1956=DIRECTION('center_axis',(-0.353553390593274,-0.866025403784439,-0.353553390593274));
#1957=DIRECTION('ref_axis',(0.161340749327198,-0.42875739436718,0.888896090317651));
#1958=DIRECTION('',(-0.353553390593274,-0.866025403784438,-0.353553390593274));
#1959=DIRECTION('center_axis',(-0.353553390593278,-0.866025403784438,-0.353553390593272));
#1960=DIRECTION('ref_axis',(0.161340749327198,-0.428757394367179,0.888896090317651));
#1961=DIRECTION('',(-0.353553390593274,-0.866025403784438,-0.353553390593274));
#1962=DIRECTION('center_axis',(-0.161340749327198,0.42875739436718,-0.88889609031765));
#1963=DIRECTION('ref_axis',(-0.983923775039577,5.55111512312578E-17,0.178588927181581));
#1964=DIRECTION('',(-0.921395226060205,0.257229657651423,0.291313818103426));
#1965=DIRECTION('center_axis',(0.612372435695793,-0.5,0.612372435695796));
#1966=DIRECTION('ref_axis',(-0.632455532033677,-0.774596669241483,-5.55111512312578E-17));
#1967=DIRECTION('',(-0.353553390593274,-0.866025403784439,-0.353553390593274));
#1968=DIRECTION('',(0.707106781186549,-1.19348975147204E-15,-0.707106781186546));
#1969=DIRECTION('center_axis',(-0.353553390593274,-0.866025403784439,-0.353553390593274));
#1970=DIRECTION('ref_axis',(0.612372435695794,-0.5,0.612372435695795));
#1971=DIRECTION('',(0.353553390593274,0.866025403784439,0.353553390593274));
#1972=DIRECTION('center_axis',(0.353553390593274,0.866025403784439,0.353553390593274));
#1973=DIRECTION('ref_axis',(0.612372435695794,-0.5,0.612372435695795));
#1974=DIRECTION('center_axis',(0.707106781186548,0.,-0.707106781186547));
#1975=DIRECTION('ref_axis',(0.,-1.,0.));
#1976=DIRECTION('',(-0.612372435695791,0.500000000000007,-0.612372435695792));
#1977=DIRECTION('center_axis',(0.353553390593274,0.866025403784439,0.353553390593273));
#1978=DIRECTION('ref_axis',(0.707106781186547,-5.53881414183235E-16,-0.707106781186548));
#1979=DIRECTION('center_axis',(0.353553390593274,0.866025403784439,0.353553390593274));
#1980=DIRECTION('ref_axis',(-0.643845598324644,-0.0488863253238899,0.763592150767874));
#1981=DIRECTION('center_axis',(0.353553390593274,0.866025403784439,0.353553390593274));
#1982=DIRECTION('ref_axis',(0.707106781186548,0.,-0.707106781186548));
#1983=DIRECTION('center_axis',(-0.707106781186547,-5.07098995904306E-32,
0.707106781186548));
#1984=DIRECTION('ref_axis',(-3.58573138736824E-32,1.,3.58573138736824E-32));
#1985=DIRECTION('center_axis',(-0.353553390593274,-0.866025403784438,-0.353553390593274));
#1986=DIRECTION('ref_axis',(-0.707106781186548,0.,0.707106781186548));
#1987=DIRECTION('',(-0.353553390593274,-0.866025403784439,-0.353553390593274));
#1988=DIRECTION('center_axis',(0.353553390593279,0.866025403784434,0.353553390593279));
#1989=DIRECTION('ref_axis',(-0.707106781186548,0.,0.707106781186548));
#1990=DIRECTION('center_axis',(0.612372435695796,-0.5,0.612372435695793));
#1991=DIRECTION('ref_axis',(-5.55111512312578E-17,-0.774596669241483,-0.632455532033677));
#1992=DIRECTION('',(0.707106781186546,1.2490009027033E-15,-0.707106781186549));
#1993=DIRECTION('center_axis',(-0.888896090317658,0.428757394367174,-0.161340749327175));
#1994=DIRECTION('ref_axis',(-0.178588927181555,-9.71445146547011E-17,0.983923775039582));
#1995=DIRECTION('',(-0.291313818103404,-0.257229657651435,0.921395226060208));
#1996=DIRECTION('center_axis',(-0.25000000000001,0.612372435695788,0.750000000000002));
#1997=DIRECTION('ref_axis',(0.925820099772545,0.377964473009243,3.05311331771918E-16));
#1998=DIRECTION('center_axis',(0.353553390593274,0.866025403784439,0.353553390593274));
#1999=DIRECTION('ref_axis',(0.707106781186548,0.,-0.707106781186548));
#2000=DIRECTION('center_axis',(0.0301536896070452,-0.241844762647969,-0.969846310392956));
#2001=DIRECTION('ref_axis',(-2.16840434497101E-17,-0.970287525247816,0.241954785752359));
#2002=DIRECTION('',(-0.897474898052246,0.420602540335702,-0.132786710288585));
#2003=DIRECTION('center_axis',(0.0301536896070452,-0.241844762647969,-0.969846310392956));
#2004=DIRECTION('ref_axis',(-0.969846310392956,-0.241844762647969,0.0301536896070432));
#2005=DIRECTION('center_axis',(0.707106781186548,0.,-0.707106781186547));
#2006=DIRECTION('ref_axis',(0.,-1.,0.));
#2007=DIRECTION('',(-0.612372435695792,0.500000000000007,-0.612372435695791));
#2008=DIRECTION('center_axis',(0.707106781186548,-3.25918778621749E-16,
-0.707106781186547));
#2009=DIRECTION('ref_axis',(0.353553390593273,0.866025403784439,0.353553390593273));
#2010=DIRECTION('center_axis',(-0.353553390593279,-0.866025403784434,-0.353553390593279));
#2011=DIRECTION('ref_axis',(-8.32667268468868E-17,0.377964473009234,-0.925820099772549));
#2012=DIRECTION('',(-0.707106781186548,0.,0.707106781186547));
#2013=DIRECTION('',(0.132786710288583,-0.420602540335703,0.897474898052246));
#2014=DIRECTION('',(-0.707106781186548,0.,0.707106781186547));
#2015=DIRECTION('center_axis',(-0.969846310392956,-0.241844762647969,0.0301536896070432));
#2016=DIRECTION('ref_axis',(-0.241954785752359,0.970287525247816,2.16840434497101E-17));
#2017=DIRECTION('center_axis',(-0.969846310392956,-0.241844762647969,0.0301536896070432));
#2018=DIRECTION('ref_axis',(0.0301536896070444,-0.241844762647966,-0.969846310392957));
#2019=DIRECTION('center_axis',(-0.664463024388677,-0.34202014332566,-0.664463024388677));
#2020=DIRECTION('ref_axis',(-0.707106781186548,0.,0.707106781186548));
#2021=DIRECTION('center_axis',(-0.664463024388677,-0.34202014332566,-0.664463024388677));
#2022=DIRECTION('ref_axis',(-0.707106781186548,0.,0.707106781186548));
#2023=DIRECTION('center_axis',(-0.707106781186548,0.,0.707106781186548));
#2024=DIRECTION('ref_axis',(0.353553390593273,0.866025403784439,0.353553390593273));
#2025=DIRECTION('center_axis',(0.707106781186548,-3.05962270631091E-16,
-0.707106781186547));
#2026=DIRECTION('ref_axis',(0.353553390593273,0.866025403784439,0.353553390593273));
#2027=DIRECTION('center_axis',(0.707106781186548,-3.17086328053545E-16,
-0.707106781186547));
#2028=DIRECTION('ref_axis',(0.353553390593273,0.866025403784439,0.353553390593273));
#2029=CARTESIAN_POINT('',(0.,0.,0.));
#2030=CARTESIAN_POINT('Origin',(21.9771610778295,45.4798766447467,30.1088890614748));
#2031=CARTESIAN_POINT('',(22.8583624859997,41.325,30.990090469645));
#2032=CARTESIAN_POINT('',(22.9197563879842,41.1305345216425,31.4050377622228));
#2033=CARTESIAN_POINT('Origin',(23.0965330832803,41.1305345216423,31.2282610669259));
#2034=CARTESIAN_POINT('',(21.4553345669577,46.8205745451246,29.9406159411963));
#2035=CARTESIAN_POINT('',(21.8003843825329,45.4798766447467,30.2856657567714));
#2036=CARTESIAN_POINT('',(21.3896560652517,46.7601149406895,29.771377451022));
#2037=CARTESIAN_POINT('Origin',(21.5765087557942,46.812563505586,29.7883146993826));
#2038=CARTESIAN_POINT('',(21.4659955061572,46.7350695092931,29.5977234898025));
#2039=CARTESIAN_POINT('Origin',(21.6321112622545,46.820574545124,29.7638392458998));
#2040=CARTESIAN_POINT('',(21.8110453217323,45.3943716089153,29.9427733053776));
#2041=CARTESIAN_POINT('Origin',(30.8430624340054,42.6272314479239,22.7113344503601));
#2042=CARTESIAN_POINT('',(29.7713774510213,46.7601149406911,21.3896560652587));
#2043=CARTESIAN_POINT('',(29.5977234898025,46.7350695092931,21.4659955061572));
#2044=CARTESIAN_POINT('Ctrl Pts',(29.7713774510213,46.7601149406911,21.3896560652587));
#2045=CARTESIAN_POINT('Ctrl Pts',(29.7713289606651,46.7601028330636,21.389657511188));
#2046=CARTESIAN_POINT('Ctrl Pts',(29.7351297065066,46.7510641886635,21.3907369333038));
#2047=CARTESIAN_POINT('Ctrl Pts',(29.6711002400018,46.7388857348472,21.4074467760198));
#2048=CARTESIAN_POINT('Ctrl Pts',(29.6175577886335,46.7350695092931,21.4461612073261));
#2049=CARTESIAN_POINT('Ctrl Pts',(29.5977234898025,46.7350695092931,21.4659955061572));
#2050=CARTESIAN_POINT('',(29.9406159411963,46.8205745451246,21.4553345669577));
#2051=CARTESIAN_POINT('Origin',(29.7878122731818,46.8121001272439,21.5752107162584));
#2052=CARTESIAN_POINT('',(31.4050377622231,41.1305345216425,22.919756387984));
#2053=CARTESIAN_POINT('',(31.019839129302,42.6272314479239,22.5345577550635));
#2054=CARTESIAN_POINT('',(30.990090469645,41.325,22.8583624859997));
#2055=CARTESIAN_POINT('Origin',(31.2282610669252,41.1305345216429,23.0965330832795));
#2056=CARTESIAN_POINT('',(30.6769466779082,42.5417264120925,22.5452186942629));
#2057=CARTESIAN_POINT('Origin',(29.875734523518,47.0726725800413,21.3904531492794));
#2058=CARTESIAN_POINT('',(21.6001540888263,47.217954795929,29.3783286818783));
#2059=CARTESIAN_POINT('',(21.5778907837755,46.9871675442099,29.3560653768275));
#2060=CARTESIAN_POINT('Ctrl Pts',(21.6001540888263,47.217954795929,29.3783286818783));
#2061=CARTESIAN_POINT('Ctrl Pts',(21.600133473373,47.2179141756611,29.378308066425));
#2062=CARTESIAN_POINT('Ctrl Pts',(21.5811522393824,47.1805139401403,29.3593268324345));
#2063=CARTESIAN_POINT('Ctrl Pts',(21.5613754410815,47.1008994587701,29.3395500341335));
#2064=CARTESIAN_POINT('Ctrl Pts',(21.5695193648256,47.0196948585357,29.3476939578776));
#2065=CARTESIAN_POINT('Ctrl Pts',(21.5778907837755,46.9871675442099,29.3560653768275));
#2066=CARTESIAN_POINT('',(21.7472889419779,47.3226294796717,29.5254635350299));
#2067=CARTESIAN_POINT('Origin',(21.7235328477386,47.1275568591942,29.5017074407903));
#2068=CARTESIAN_POINT('',(29.5254635350299,47.3226294796717,21.7472889419779));
#2069=CARTESIAN_POINT('',(29.8790169256232,47.3226294796717,21.3937355513846));
#2070=CARTESIAN_POINT('',(29.3783286818782,47.2179547959291,21.6001540888262));
#2071=CARTESIAN_POINT('Origin',(29.5017074407912,47.1275568591906,21.7235328477401));
#2072=CARTESIAN_POINT('',(29.3560653768275,46.9871675442099,21.5778907837755));
#2073=CARTESIAN_POINT('Ctrl Pts',(29.3560653768275,46.9871675442099,21.5778907837755));
#2074=CARTESIAN_POINT('Ctrl Pts',(29.3476939578777,47.0196948585357,21.5695193648255));
#2075=CARTESIAN_POINT('Ctrl Pts',(29.3395500341336,47.1008994587701,21.5613754410814));
#2076=CARTESIAN_POINT('Ctrl Pts',(29.3593268324346,47.1805139401403,21.5811522393824));
#2077=CARTESIAN_POINT('Ctrl Pts',(29.3783080664249,47.2179141756612,21.6001334733729));
#2078=CARTESIAN_POINT('Ctrl Pts',(29.3783286818782,47.2179547959291,21.6001540888262));
#2079=CARTESIAN_POINT('',(25.6107237855719,46.9871675442097,25.3232323750312));
#2080=CARTESIAN_POINT('',(29.7096187674208,46.9871675442099,21.2243373931822));
#2081=CARTESIAN_POINT('',(25.4597546800902,47.0239821108216,25.4597546800898));
#2082=CARTESIAN_POINT('Origin',(30.3962216172993,49.1811764372321,30.1801988211171));
#2083=CARTESIAN_POINT('',(25.3232323750312,46.9871675442097,25.6107237855719));
#2084=CARTESIAN_POINT('Origin',(30.1801968372162,49.1811816097676,30.3962210846411));
#2085=CARTESIAN_POINT('',(29.7096187674208,46.9871675442099,21.2243373931822));
#2086=CARTESIAN_POINT('Origin',(30.1516389158297,44.911412485467,22.227017713371));
#2087=CARTESIAN_POINT('',(30.2799652640322,43.6818468156138,22.3553440612083));
#2088=CARTESIAN_POINT('',(30.2842737228165,43.393515709264,22.6097235371461));
#2089=CARTESIAN_POINT('Ctrl Pts',(30.2842651391608,43.3935549076167,22.6097609355275));
#2090=CARTESIAN_POINT('Ctrl Pts',(30.2776399989536,43.4170097175121,22.5850712605423));
#2091=CARTESIAN_POINT('Ctrl Pts',(30.2728789072136,43.441108946633,22.5605355245197));
#2092=CARTESIAN_POINT('Ctrl Pts',(30.2698280722989,43.4658651285326,22.5364439148704));
#2093=CARTESIAN_POINT('Ctrl Pts',(30.2672058547619,43.4871432691531,22.5157369795292));
#2094=CARTESIAN_POINT('Ctrl Pts',(30.2658472362457,43.508906299113,22.4953563056859));
#2095=CARTESIAN_POINT('Ctrl Pts',(30.2656632987859,43.5311589578924,22.4754649108236));
#2096=CARTESIAN_POINT('Ctrl Pts',(30.2652746986416,43.5781716024082,22.4334408504697));
#2097=CARTESIAN_POINT('Ctrl Pts',(30.2701311089186,43.6272032184135,22.3937516030471));
#2098=CARTESIAN_POINT('Ctrl Pts',(30.2793119160818,43.6782363312735,22.3578710622459));
#2099=CARTESIAN_POINT('Ctrl Pts',(30.2795278398644,43.6794365811613,22.3570271863258));
#2100=CARTESIAN_POINT('Ctrl Pts',(30.2797461892,43.6806382096856,22.3561852437555));
#2101=CARTESIAN_POINT('Ctrl Pts',(30.2799668631818,43.6818406035169,22.3553456596267));
#2102=CARTESIAN_POINT('',(30.8865370790518,41.325,22.961915876593));
#2103=CARTESIAN_POINT('',(29.9855231597326,44.8259074496356,22.0609019572738));
#2104=CARTESIAN_POINT('',(30.8312956319161,41.2680423800958,23.1566744294574));
#2105=CARTESIAN_POINT('Origin',(31.1247076762473,41.1305345216892,23.2000864738444));
#2106=CARTESIAN_POINT('',(29.9091773382315,44.850951294805,22.2345561357728));
#2107=CARTESIAN_POINT('Origin',(28.29189047559,52.3761699093878,22.2814828355044));
#2108=CARTESIAN_POINT('',(31.1636953286875,40.2151647497589,25.4032876886019));
#2109=CARTESIAN_POINT('',(31.2803306778078,40.0776568913056,25.6234764283151));
#2110=CARTESIAN_POINT('Origin',(31.4571073732329,40.0776568912487,25.4466997330281));
#2111=CARTESIAN_POINT('',(30.3770634057741,43.5873197875942,24.7202091562818));
#2112=CARTESIAN_POINT('',(28.1151137802934,52.3761699093878,22.458259530801));
#2113=CARTESIAN_POINT('',(30.2930015502094,43.5982626909414,24.5325939101238));
#2114=CARTESIAN_POINT('Ctrl Pts',(30.377063405774,43.5873197875943,24.720209156282));
#2115=CARTESIAN_POINT('Ctrl Pts',(30.3745373049519,43.5883758073986,24.7176830554599));
#2116=CARTESIAN_POINT('Ctrl Pts',(30.3720429479398,43.5894008905378,24.7151168136484));
#2117=CARTESIAN_POINT('Ctrl Pts',(30.3426058656282,43.6012439394898,24.6837721875882));
#2118=CARTESIAN_POINT('Ctrl Pts',(30.3202151886464,43.6078096164657,24.649934825446));
#2119=CARTESIAN_POINT('Ctrl Pts',(30.301424221069,43.6080956652,24.5989660367224));
#2120=CARTESIAN_POINT('Ctrl Pts',(30.2970218598285,43.6070889523432,24.5823805774975));
#2121=CARTESIAN_POINT('Ctrl Pts',(30.2932530610292,43.6031079988046,24.5545264577769));
#2122=CARTESIAN_POINT('Ctrl Pts',(30.2926747338289,43.6009071982319,24.5432923878772));
#2123=CARTESIAN_POINT('Ctrl Pts',(30.2930015502092,43.5982626909414,24.5325939101238));
#2124=CARTESIAN_POINT('',(28.0494288979918,52.3157087187258,22.2890212579061));
#2125=CARTESIAN_POINT('Origin',(24.8172384778835,42.5234410796616,30.8276461179692));
#2126=CARTESIAN_POINT('',(24.5325939101238,43.5982626909414,30.2930015502094));
#2127=CARTESIAN_POINT('',(24.7202091562817,43.5873197875942,30.3770634057742));
#2128=CARTESIAN_POINT('Ctrl Pts',(24.5325939101238,43.5982626909412,30.2930015502095));
#2129=CARTESIAN_POINT('Ctrl Pts',(24.5432923878772,43.6009071982318,30.2926747338292));
#2130=CARTESIAN_POINT('Ctrl Pts',(24.5545264577769,43.6031079988044,30.2932530610295));
#2131=CARTESIAN_POINT('Ctrl Pts',(24.5823805774974,43.607088952343,30.2970218598288));
#2132=CARTESIAN_POINT('Ctrl Pts',(24.5989660367224,43.6080956651997,30.3014242210693));
#2133=CARTESIAN_POINT('Ctrl Pts',(24.649934825446,43.6078096164655,30.3202151886467));
#2134=CARTESIAN_POINT('Ctrl Pts',(24.6837721875881,43.6012439394896,30.3426058656285));
#2135=CARTESIAN_POINT('Ctrl Pts',(24.7151168136482,43.5894008905376,30.3720429479401));
#2136=CARTESIAN_POINT('Ctrl Pts',(24.7176830554597,43.5883758073985,30.3745373049521));
#2137=CARTESIAN_POINT('Ctrl Pts',(24.7202091562817,43.5873197875941,30.3770634057741));
#2138=CARTESIAN_POINT('',(25.6234764283154,40.0776568913056,31.2803306778075));
#2139=CARTESIAN_POINT('',(24.9940151731801,42.5234410796616,30.6508694226726));
#2140=CARTESIAN_POINT('',(25.4032876886019,40.2151647497589,31.1636953286876));
#2141=CARTESIAN_POINT('Origin',(25.446699733016,40.0776568912956,31.4571073731311));
#2142=CARTESIAN_POINT('',(24.8247769002853,42.4629798889996,30.5851845403709));
#2143=CARTESIAN_POINT('Origin',(23.072269594164,41.6271695422249,30.9968907966228));
#2144=CARTESIAN_POINT('',(23.1566744294574,41.2680423800958,30.8312956319162));
#2145=CARTESIAN_POINT('',(22.961915876593,41.325,30.8865370790518));
#2146=CARTESIAN_POINT('Origin',(23.2000864738666,41.1305345216508,31.124707676321));
#2147=CARTESIAN_POINT('',(22.3553440199563,43.6818469759188,30.2799652227704));
#2148=CARTESIAN_POINT('',(22.9061538380669,41.5416645063935,30.8307750405256));
#2149=CARTESIAN_POINT('',(22.609723216331,43.3935162418338,30.2842735800384));
#2150=CARTESIAN_POINT('Ctrl Pts',(22.3553455771259,43.681840924132,30.2799667806517));
#2151=CARTESIAN_POINT('Ctrl Pts',(22.3561851648878,43.6806385242017,30.2797461061765));
#2152=CARTESIAN_POINT('Ctrl Pts',(22.3570270996542,43.6794369067503,30.279527758896));
#2153=CARTESIAN_POINT('Ctrl Pts',(22.3578709791351,43.6782366506871,30.2793118347631));
#2154=CARTESIAN_POINT('Ctrl Pts',(22.3937463653324,43.6272108220226,30.2701323703552));
#2155=CARTESIAN_POINT('Ctrl Pts',(22.4334293296989,43.578185973892,30.2652760535385));
#2156=CARTESIAN_POINT('Ctrl Pts',(22.4754466212063,43.5311795286615,30.2656630906923));
#2157=CARTESIAN_POINT('Ctrl Pts',(22.5001651018823,43.5035259635128,30.2658907819609));
#2158=CARTESIAN_POINT('Ctrl Pts',(22.5256402312461,43.4766286249862,30.2679318792985));
#2159=CARTESIAN_POINT('Ctrl Pts',(22.5515559069104,43.4504780816416,30.2719589747729));
#2160=CARTESIAN_POINT('Ctrl Pts',(22.5707642359515,43.4310956720269,30.2749438004805));
#2161=CARTESIAN_POINT('Ctrl Pts',(22.5902146199781,43.4121236593159,30.2790201536866));
#2162=CARTESIAN_POINT('Ctrl Pts',(22.6097605223334,43.3935553415441,30.2842650179674));
#2163=CARTESIAN_POINT('',(23.0798080165658,41.5667083515629,30.7544292190246));
#2164=CARTESIAN_POINT('Origin',(23.4795704852405,39.5187476868983,40.4501332337177));
#2165=CARTESIAN_POINT('',(24.9840281473709,38.9045554182583,40.4501332337177));
#2166=CARTESIAN_POINT('Origin',(23.4795704852405,39.5187476868983,40.4501332337177));
#2167=CARTESIAN_POINT('',(24.2769213661843,37.1725046106894,39.7430264525312));
#2168=CARTESIAN_POINT('',(24.9840281473709,38.9045554182583,40.4501332337177));
#2169=CARTESIAN_POINT('Origin',(22.772463704054,37.7866968793294,39.7430264525311));
#2170=CARTESIAN_POINT('Origin',(40.4501332337179,39.5187476868983,23.4795704852402));
#2171=CARTESIAN_POINT('',(41.9545908958483,38.9045554182583,23.4795704852402));
#2172=CARTESIAN_POINT('Origin',(40.4501332337179,39.5187476868983,23.4795704852402));
#2173=CARTESIAN_POINT('',(41.2474841146618,37.1725046106894,22.7724637040537));
#2174=CARTESIAN_POINT('',(41.9545908958483,38.9045554182583,23.4795704852402));
#2175=CARTESIAN_POINT('Origin',(39.7430264525314,37.7866968793294,22.7724637040537));
#2176=CARTESIAN_POINT('Origin',(40.4501332337179,39.5187476868983,23.4795704852402));
#2177=CARTESIAN_POINT('',(37.8205802436334,40.8348898811562,22.8852466704459));
#2178=CARTESIAN_POINT('',(41.3129427494918,38.1378587523738,25.9992342505069));
#2179=CARTESIAN_POINT('Origin',(40.4501332337179,39.5187476868983,23.4795704852402));
#2180=CARTESIAN_POINT('',(37.7678583702272,40.8208242447215,23.1425035016612));
#2181=CARTESIAN_POINT('Ctrl Pts',(37.7678583702272,40.8208242447215,23.1425035016612));
#2182=CARTESIAN_POINT('Ctrl Pts',(37.7784545244936,40.8265351956144,23.0824790640463));
#2183=CARTESIAN_POINT('Ctrl Pts',(37.7905476630045,40.8303580088986,23.0196048420033));
#2184=CARTESIAN_POINT('Ctrl Pts',(37.8047940552505,40.8328048735996,22.9544739592294));
#2185=CARTESIAN_POINT('Ctrl Pts',(37.809784630611,40.8336620213234,22.9316583176852));
#2186=CARTESIAN_POINT('Ctrl Pts',(37.8150376314826,40.8343498308198,22.9085737002137));
#2187=CARTESIAN_POINT('Ctrl Pts',(37.8205802436334,40.8348898811561,22.8852466704459));
#2188=CARTESIAN_POINT('',(37.8973405679076,40.7865975894219,24.5836320689227));
#2189=CARTESIAN_POINT('Ctrl Pts',(37.7678583702271,40.8208242447216,23.1425035016612));
#2190=CARTESIAN_POINT('Ctrl Pts',(37.757035204447,40.8149909426837,23.2038139000217));
#2191=CARTESIAN_POINT('Ctrl Pts',(37.7487910333447,40.8101216991006,23.2647891393208));
#2192=CARTESIAN_POINT('Ctrl Pts',(37.700934058891,40.7773798363934,23.7461406115379));
#2193=CARTESIAN_POINT('Ctrl Pts',(37.7647478516767,40.7835026934542,24.1782730043023));
#2194=CARTESIAN_POINT('Ctrl Pts',(37.8973405679076,40.7865975894219,24.5836320689227));
#2195=CARTESIAN_POINT('',(39.7602852124085,39.2655096567292,26.4465767134237));
#2196=CARTESIAN_POINT('Origin',(39.7430264525316,37.786696879328,22.7724637040525));
#2197=CARTESIAN_POINT('Ctrl Pts',(39.7602852124085,39.2655096567292,26.4465767134236));
#2198=CARTESIAN_POINT('Ctrl Pts',(40.0292611028341,38.9345353664186,26.4427862554597));
#2199=CARTESIAN_POINT('Ctrl Pts',(40.3336574803192,38.6277701642689,26.3788640329662));
#2200=CARTESIAN_POINT('Ctrl Pts',(40.8586571293323,38.2950414636409,26.1969567823824));
#2201=CARTESIAN_POINT('Ctrl Pts',(41.0657266115969,38.1976164670745,26.1124922338156));
#2202=CARTESIAN_POINT('Ctrl Pts',(41.2889446038334,38.1432684505891,26.0103084116396));
#2203=CARTESIAN_POINT('Ctrl Pts',(41.3009390603904,38.1404920032641,26.0047878185623));
#2204=CARTESIAN_POINT('Ctrl Pts',(41.3129427494918,38.1378587523738,25.9992342505069));
#2205=CARTESIAN_POINT('Origin',(23.4795704852405,39.5187476868983,40.4501332337177));
#2206=CARTESIAN_POINT('',(25.9992342505071,38.1378587523737,41.3129427494918));
#2207=CARTESIAN_POINT('',(22.885246670446,40.8348898811562,37.8205802436332));
#2208=CARTESIAN_POINT('Origin',(23.4795704852405,39.5187476868983,40.4501332337177));
#2209=CARTESIAN_POINT('',(26.446576713424,39.2655096567291,39.7602852124086));
#2210=CARTESIAN_POINT('Ctrl Pts',(25.9992342505071,38.1378587523737,41.3129427494918));
#2211=CARTESIAN_POINT('Ctrl Pts',(26.0047878185625,38.140492003264,41.3009390603904));
#2212=CARTESIAN_POINT('Ctrl Pts',(26.0103084116398,38.1432684505891,41.2889446038333));
#2213=CARTESIAN_POINT('Ctrl Pts',(26.1124922338159,38.1976164670745,41.0657266115968));
#2214=CARTESIAN_POINT('Ctrl Pts',(26.1969567823826,38.2950414636408,40.8586571293322));
#2215=CARTESIAN_POINT('Ctrl Pts',(26.3788640329665,38.6277701642688,40.3336574803192));
#2216=CARTESIAN_POINT('Ctrl Pts',(26.44278625546,38.9345353664186,40.0292611028342));
#2217=CARTESIAN_POINT('Ctrl Pts',(26.446576713424,39.2655096567291,39.7602852124086));
#2218=CARTESIAN_POINT('',(24.5836320689226,40.7865975894221,37.8973405679073));
#2219=CARTESIAN_POINT('Origin',(22.7724637040625,37.7866968793387,39.7430264525262));
#2220=CARTESIAN_POINT('',(23.1425035016615,40.8208242447215,37.7678583702269));
#2221=CARTESIAN_POINT('Ctrl Pts',(24.5836320689226,40.7865975894221,37.8973405679073));
#2222=CARTESIAN_POINT('Ctrl Pts',(24.1782730043023,40.7835026934543,37.7647478516765));
#2223=CARTESIAN_POINT('Ctrl Pts',(23.746140611538,40.7773798363935,37.7009340588908));
#2224=CARTESIAN_POINT('Ctrl Pts',(23.2647891393211,40.8101216991006,37.7487910333446));
#2225=CARTESIAN_POINT('Ctrl Pts',(23.203813900022,40.8149909426837,37.7570352044468));
#2226=CARTESIAN_POINT('Ctrl Pts',(23.1425035016615,40.8208242447216,37.7678583702269));
#2227=CARTESIAN_POINT('Ctrl Pts',(22.885246670446,40.8348898811562,37.8205802436332));
#2228=CARTESIAN_POINT('Ctrl Pts',(22.9494350961133,40.8334038376599,37.805328771346));
#2229=CARTESIAN_POINT('Ctrl Pts',(23.0117195379832,40.8308009222791,37.7922877523406));
#2230=CARTESIAN_POINT('Ctrl Pts',(23.0715035321029,40.8266402538399,37.780883536446));
#2231=CARTESIAN_POINT('Ctrl Pts',(23.0955877722008,40.824964110599,37.7762892988448));
#2232=CARTESIAN_POINT('Ctrl Pts',(23.1192667204089,40.8230350795401,37.7719603748203));
#2233=CARTESIAN_POINT('Ctrl Pts',(23.1425035016615,40.8208242447215,37.7678583702269));
#2234=CARTESIAN_POINT('Origin',(50.8439519064749,32.6652234396647,35.5302434074901));
#2235=CARTESIAN_POINT('',(41.3773688176303,38.0852550880161,26.0636603186453));
#2236=CARTESIAN_POINT('',(40.5844755988169,38.5925610241934,27.270767099832));
#2237=CARTESIAN_POINT('Origin',(42.0844755988169,39.817305895585,26.7707670998319));
#2238=CARTESIAN_POINT('',(50.1368451252884,30.9331726320958,34.8231366263035));
#2239=CARTESIAN_POINT('',(49.3439519064749,31.4404785682731,36.03024340749));
#2240=CARTESIAN_POINT('Origin',(33.1766766158367,34.5869026780348,48.4903851148214));
#2241=CARTESIAN_POINT('',(26.0636603186458,38.0852550880159,41.3773688176304));
#2242=CARTESIAN_POINT('',(32.4695698346502,32.8548518704659,47.7832783336348));
#2243=CARTESIAN_POINT('',(27.2707670998324,38.5925610241931,40.5844755988169));
#2244=CARTESIAN_POINT('Origin',(26.7707670998323,39.8173058955847,42.084475598817));
#2245=CARTESIAN_POINT('',(33.6766766158367,33.3621578066432,46.9903851148214));
#2246=CARTESIAN_POINT('Origin',(33.1766766158367,34.5869026780348,48.4903851148214));
#2247=CARTESIAN_POINT('',(23.9841733019338,41.2760536230756,37.2978818009185));
#2248=CARTESIAN_POINT('Origin',(23.4841733019338,42.5007984944671,38.7978818009185));
#2249=CARTESIAN_POINT('',(33.6766766158367,33.3621578066432,46.9903851148214));
#2250=CARTESIAN_POINT('Origin',(40.4501332337179,39.5187476868983,23.4795704852402));
#2251=CARTESIAN_POINT('',(42.9400448093742,37.7994628019044,23.7868160379254));
#2252=CARTESIAN_POINT('',(38.4362392313339,40.5857349850061,21.4656764828562));
#2253=CARTESIAN_POINT('Origin',(40.2733565384213,39.085734985006,23.3027937899436));
#2254=CARTESIAN_POINT('',(42.4097147234842,36.5004246962277,23.2564859520355));
#2255=CARTESIAN_POINT('',(43.1168215046708,38.2324755037967,23.9635927332221));
#2256=CARTESIAN_POINT('',(37.905909145444,39.2866968793294,20.9353463969663));
#2257=CARTESIAN_POINT('Origin',(39.7430264525314,37.7866968793294,22.7724637040537));
#2258=CARTESIAN_POINT('',(38.6130159266305,41.0187476868983,21.6424531781529));
#2259=CARTESIAN_POINT('Origin',(23.4795704852405,39.5187476868983,40.4501332337177));
#2260=CARTESIAN_POINT('',(21.4656764828565,40.5857349850061,38.4362392313336));
#2261=CARTESIAN_POINT('',(23.7868160379258,37.7994628019043,42.940044809374));
#2262=CARTESIAN_POINT('Origin',(23.3027937899439,39.0857349850061,40.273356538421));
#2263=CARTESIAN_POINT('',(20.9353463969666,39.2866968793294,37.9059091454437));
#2264=CARTESIAN_POINT('',(21.6424531781531,41.0187476868983,38.6130159266303));
#2265=CARTESIAN_POINT('',(23.2564859520359,36.5004246962276,42.4097147234841));
#2266=CARTESIAN_POINT('Origin',(22.772463704054,37.7866968793294,39.7430264525311));
#2267=CARTESIAN_POINT('',(23.9635927332225,38.2324755037966,43.1168215046706));
#2268=CARTESIAN_POINT('Origin',(50.8439519064749,32.6652234396647,35.5302434074901));
#2269=CARTESIAN_POINT('',(37.2978818009186,41.2760536230755,23.9841733019337));
#2270=CARTESIAN_POINT('Origin',(38.7978818009186,42.5007984944671,23.4841733019337));
#2271=CARTESIAN_POINT('',(49.3439519064749,31.4404785682731,36.03024340749));
#2272=CARTESIAN_POINT('Origin',(25.0788432160439,41.761599574727,36.5996584962151));
#2273=CARTESIAN_POINT('',(25.1091733019337,42.1946122766192,36.9228818009185));
#2274=CARTESIAN_POINT('',(24.9293079891481,42.2816712337539,36.5965358007799));
#2275=CARTESIAN_POINT('Origin',(25.1772436275629,41.9811696323432,36.6042668824417));
#2276=CARTESIAN_POINT('',(24.9279870840859,42.1384260587713,36.2416955830706));
#2277=CARTESIAN_POINT('Origin',(25.1531061600282,41.973684554144,36.5135198575633));
#2278=CARTESIAN_POINT('',(23.8029870840859,41.2198674052277,36.6166955830706));
#2279=CARTESIAN_POINT('',(24.772656998196,42.011599574727,36.2934722783672));
#2280=CARTESIAN_POINT('Origin',(24.1091733019339,40.9698674052277,36.9228818009185));
#2281=CARTESIAN_POINT('',(24.9538432160439,42.0677857925749,36.9746584962151));
#2282=CARTESIAN_POINT('Origin',(27.4287169501968,40.335734985006,33.0855711996891));
#2283=CARTESIAN_POINT('',(22.7770665207473,40.7687476868983,38.0907750197319));
#2284=CARTESIAN_POINT('',(22.2941036076027,40.585734985006,37.6078121065874));
#2285=CARTESIAN_POINT('Origin',(22.6002898254506,40.335734985006,37.9139983244353));
#2286=CARTESIAN_POINT('',(27.1225307323489,40.585734985006,32.7793849818412));
#2287=CARTESIAN_POINT('',(21.948639396001,40.7687476868983,38.9192021444782));
#2288=CARTESIAN_POINT('Origin',(21.7718627007044,40.3357349850061,38.7424254491815));
#2289=CARTESIAN_POINT('',(27.6054936454934,40.7687476868983,33.2623478949858));
#2290=CARTESIAN_POINT('Origin',(23.3027937899439,39.0857349850061,40.273356538421));
#2291=CARTESIAN_POINT('',(23.8829223585589,38.4468542009802,42.6723734595118));
#2292=CARTESIAN_POINT('Origin',(23.7061456632622,38.0138414990879,42.4955967642152));
#2293=CARTESIAN_POINT('Origin',(23.4795704852405,39.5187476868983,40.4501332337177));
#2294=CARTESIAN_POINT('Origin',(34.6532808348239,34.9576851909147,39.034485121866));
#2295=CARTESIAN_POINT('',(26.456897786894,37.0540452061076,42.0958558154));
#2296=CARTESIAN_POINT('',(34.7339512094875,34.7433064937311,39.4789331670248));
#2297=CARTESIAN_POINT('',(26.5582523599315,37.4230065134201,42.0906374460792));
#2298=CARTESIAN_POINT('Origin',(26.4140363915128,37.2605871705855,41.7779138657785));
#2299=CARTESIAN_POINT('',(26.553004107527,37.7014366051834,41.8281844655378));
#2300=CARTESIAN_POINT('Origin',(26.4276073112238,37.3520035247713,41.7401167231514));
#2301=CARTESIAN_POINT('',(34.8300575301206,35.3906978928069,39.2112618171626));
#2302=CARTESIAN_POINT('Origin',(37.1709443150898,33.3121814971063,40.5474660612955));
#2303=CARTESIAN_POINT('',(41.8281844655379,37.7014366051836,26.5530041075266));
#2304=CARTESIAN_POINT('',(42.0906374461447,37.4230065132601,26.5582523599091));
#2305=CARTESIAN_POINT('Origin',(41.7329859787138,37.3465330806794,26.4238257738992));
#2306=CARTESIAN_POINT('',(42.0958558154001,37.0540452061078,26.4568977868935));
#2307=CARTESIAN_POINT('Origin',(41.7686457596432,37.2602861383516,26.4110222730999));
#2308=CARTESIAN_POINT('',(37.6153923602486,33.0978027999227,40.6281364359591));
#2309=CARTESIAN_POINT('',(42.672373459512,38.4468542009803,23.8829223585584));
#2310=CARTESIAN_POINT('Origin',(42.4955967642153,38.013841499088,23.7061456632618));
#2311=CARTESIAN_POINT('',(37.3477210103865,33.7451941989985,40.7242427565922));
#2312=CARTESIAN_POINT('Origin',(40.2733565384213,39.085734985006,23.3027937899436));
#2313=CARTESIAN_POINT('',(38.9192021444784,40.7687476868983,21.9486393960008));
#2314=CARTESIAN_POINT('Origin',(38.7424254491818,40.3357349850061,21.7718627007041));
#2315=CARTESIAN_POINT('Origin',(40.4501332337179,39.5187476868983,23.4795704852402));
#2316=CARTESIAN_POINT('Origin',(34.4997847620624,40.335734985006,26.0145033878236));
#2317=CARTESIAN_POINT('',(37.6078121065875,40.585734985006,22.2941036076026));
#2318=CARTESIAN_POINT('',(34.1935985442145,40.585734985006,25.7083171699757));
#2319=CARTESIAN_POINT('',(38.090775019732,40.7687476868983,22.7770665207472));
#2320=CARTESIAN_POINT('Origin',(37.9139983244354,40.335734985006,22.6002898254505));
#2321=CARTESIAN_POINT('',(34.676561457359,40.7687476868983,26.1912800831202));
#2322=CARTESIAN_POINT('Origin',(36.9532118868085,40.8955741709425,24.0181830442639));
#2323=CARTESIAN_POINT('',(36.5965358004513,42.2816712337266,24.9293079890603));
#2324=CARTESIAN_POINT('',(36.2416955830708,42.1384260587711,24.9279870840855));
#2325=CARTESIAN_POINT('Origin',(36.5117029792557,41.9808018183309,25.1466889487003));
#2326=CARTESIAN_POINT('',(36.9228818009187,42.194612276619,25.1091733019334));
#2327=CARTESIAN_POINT('Origin',(36.6079007087921,41.9887364819105,25.1722762107359));
#2328=CARTESIAN_POINT('',(37.3282118868085,41.2017603887904,23.8931830442639));
#2329=CARTESIAN_POINT('',(36.6166955830707,41.2198674052276,23.8029870840858));
#2330=CARTESIAN_POINT('Origin',(36.9228818009186,40.9698674052276,24.1091733019337));
#2331=CARTESIAN_POINT('',(36.6470256689606,41.1455741709425,23.711996826416));
#2332=CARTESIAN_POINT('Origin',(38.6105733665393,41.4785191421818,30.4181852111143));
#2333=CARTESIAN_POINT('',(39.429145512927,41.4225302191095,30.7367573575016));
#2334=CARTESIAN_POINT('',(39.2309222082237,41.5493567031538,31.0385340527983));
#2335=CARTESIAN_POINT('Origin',(39.054145512927,41.1163440012616,30.8617573575016));
#2336=CARTESIAN_POINT('',(35.5504768982272,44.5894498815634,26.8580887428022));
#2337=CARTESIAN_POINT('',(38.9855733665393,41.7847053600297,30.2931852111143));
#2338=CARTESIAN_POINT('',(35.4740962938733,44.6833152363112,27.0111100883751));
#2339=CARTESIAN_POINT('Origin',(35.1754768982272,44.2832636637155,26.9830887428022));
#2340=CARTESIAN_POINT('',(35.3522535935239,44.7162763656077,27.1598654380988));
#2341=CARTESIAN_POINT('Origin',(35.1754768982272,44.2832636637155,26.9830887428022));
#2342=CARTESIAN_POINT('',(38.787350061836,41.911531844074,30.5949619064109));
#2343=CARTESIAN_POINT('Origin',(28.0646184194608,43.4001983805519,36.2570065748859));
#2344=CARTESIAN_POINT('',(27.1598654380992,44.7162763656073,35.3522535935244));
#2345=CARTESIAN_POINT('',(27.0111100883756,44.6833152363108,35.4740962938738));
#2346=CARTESIAN_POINT('Origin',(26.9830887428026,44.2832636637151,35.1754768982277));
#2347=CARTESIAN_POINT('',(26.8580887428026,44.589449881563,35.5504768982277));
#2348=CARTESIAN_POINT('Origin',(26.9830887428026,44.2832636637151,35.1754768982277));
#2349=CARTESIAN_POINT('',(30.736757357502,41.4225302191092,39.429145512927));
#2350=CARTESIAN_POINT('',(27.9396184194608,43.7063845983998,36.6320065748859));
#2351=CARTESIAN_POINT('',(31.0385340527986,41.5493567031537,39.2309222082237));
#2352=CARTESIAN_POINT('Origin',(30.8617573575019,41.1163440012614,39.0541455129271));
#2353=CARTESIAN_POINT('',(28.2413951147574,43.8332110824441,36.4337832701826));
#2354=CARTESIAN_POINT('Origin',(26.0745625562539,43.325,31.7314168057463));
#2355=CARTESIAN_POINT('',(26.3187261418376,42.6168238853468,31.97558039133));
#2356=CARTESIAN_POINT('Origin',(22.6274169979695,33.575,28.2842712474619));
#2357=CARTESIAN_POINT('',(31.1362510289756,38.6833312864645,36.7931052784677));
#2358=CARTESIAN_POINT('',(26.1187479141858,42.7801054244845,31.7756021636782));
#2359=CARTESIAN_POINT('',(30.1849806622053,36.3532042804471,35.8418349116974));
#2360=CARTESIAN_POINT('',(30.8920874433919,38.085255088016,36.548941692884));
#2361=CARTESIAN_POINT('',(27.1403900076408,38.8391021402235,32.7972442571329));
#2362=CARTESIAN_POINT('Origin',(29.698484809835,43.325,21.2132034355964));
#2363=CARTESIAN_POINT('',(34.169662815836,45.2188668180852,25.6843814415975));
#2364=CARTESIAN_POINT('Origin',(29.698484809835,33.575,21.2132034355964));
#2365=CARTESIAN_POINT('',(34.3861179940409,45.0573094026417,25.9008366198018));
#2366=CARTESIAN_POINT('Ctrl Pts',(34.3861179939423,45.0573094024002,25.9008366197032));
#2367=CARTESIAN_POINT('Ctrl Pts',(34.3859867443666,45.0574071675585,25.9007028865454));
#2368=CARTESIAN_POINT('Ctrl Pts',(34.3737663394147,45.0663836847148,25.8885919727856));
#2369=CARTESIAN_POINT('Ctrl Pts',(34.3496502785264,45.0842497583875,25.8643184801498));
#2370=CARTESIAN_POINT('Ctrl Pts',(34.3135345625647,45.1109293833325,25.8282673516367));
#2371=CARTESIAN_POINT('Ctrl Pts',(34.2774770836141,45.1376550578962,25.7921918941255));
#2372=CARTESIAN_POINT('Ctrl Pts',(34.241480934449,45.1645763230579,25.7562005816557));
#2373=CARTESIAN_POINT('Ctrl Pts',(34.2055451920225,45.1916497166226,25.720263525443));
#2374=CARTESIAN_POINT('Ctrl Pts',(34.1815902294963,45.2097071575866,25.696308855258));
#2375=CARTESIAN_POINT('Ctrl Pts',(34.169662815836,45.2188668180852,25.6843814415975));
#2376=CARTESIAN_POINT('',(32.4385235869331,40.2866968793294,23.953242212694));
#2377=CARTESIAN_POINT('',(33.1456303681197,42.0187476868983,24.6603489938806));
#2378=CARTESIAN_POINT('',(31.8026953759375,40.8058484396647,23.3174140016984));
#2379=CARTESIAN_POINT('Origin',(29.3449314192417,33.575,21.5667568261897));
#2380=CARTESIAN_POINT('Ctrl Pts',(29.5254635350299,47.3226294796717,21.7472889419779));
#2381=CARTESIAN_POINT('Ctrl Pts',(29.5435397835836,47.3226294796717,21.7292126934242));
#2382=CARTESIAN_POINT('Ctrl Pts',(29.5618410853596,47.3206576815841,21.7114187958393));
#2383=CARTESIAN_POINT('Ctrl Pts',(29.5987432408372,47.312793044058,21.6765062048582));
#2384=CARTESIAN_POINT('Ctrl Pts',(29.6173433937365,47.3068340042786,21.6594046616918));
#2385=CARTESIAN_POINT('Ctrl Pts',(29.6540643879717,47.2911283190413,21.6266094035258));
#2386=CARTESIAN_POINT('Ctrl Pts',(29.6721848025008,47.2813820245291,21.6109160820112));
#2387=CARTESIAN_POINT('Ctrl Pts',(29.7049005542447,47.2601001420159,21.5834959170851));
#2388=CARTESIAN_POINT('Ctrl Pts',(29.7196182183724,47.2490437697962,21.5715293754061));
#2389=CARTESIAN_POINT('Ctrl Pts',(29.7445293712007,47.2277328341156,21.5519130120075));
#2390=CARTESIAN_POINT('Ctrl Pts',(29.7549363653612,47.2179666161688,21.5439304078851));
#2391=CARTESIAN_POINT('Ctrl Pts',(29.7825072794417,47.1897356405805,21.5233672508528));
#2392=CARTESIAN_POINT('Ctrl Pts',(29.7990463884197,47.1701158874839,21.5116922828653));
#2393=CARTESIAN_POINT('Ctrl Pts',(29.8301581347048,47.1276634932605,21.4910730623038));
#2394=CARTESIAN_POINT('Ctrl Pts',(29.8446842384939,47.1047742511778,21.4821887385461));
#2395=CARTESIAN_POINT('Ctrl Pts',(29.871402704849,47.0561411724694,21.4674138024461));
#2396=CARTESIAN_POINT('Ctrl Pts',(29.8835228056973,47.0303379659692,21.4616089288628));
#2397=CARTESIAN_POINT('Ctrl Pts',(29.9048164209318,46.9767939985403,21.4533712074108));
#2398=CARTESIAN_POINT('Ctrl Pts',(29.9139489432824,46.9490323941742,21.4509838184575));
#2399=CARTESIAN_POINT('Ctrl Pts',(29.9289607189656,46.8922733063039,21.4497158502576));
#2400=CARTESIAN_POINT('Ctrl Pts',(29.9347933421049,46.863264255352,21.4508840823471));
#2401=CARTESIAN_POINT('Ctrl Pts',(29.9394780233842,46.8296746719774,21.454283644911));
#2402=CARTESIAN_POINT('Ctrl Pts',(29.9400688866352,46.8251242204455,21.4547875123967));
#2403=CARTESIAN_POINT('Ctrl Pts',(29.9406159411963,46.8205745451246,21.4553345669577));
#2404=CARTESIAN_POINT('',(33.9848331235824,45.6582580187677,26.2066585305304));
#2405=CARTESIAN_POINT('Origin',(29.3449314192417,33.575,21.5667568261897));
#2406=CARTESIAN_POINT('',(34.1854150964856,45.5295633156815,25.9072405034336));
#2407=CARTESIAN_POINT('Origin',(33.8161094252427,45.2188668180852,26.0379348321907));
#2408=CARTESIAN_POINT('Origin',(33.8161094252427,45.2188668180852,26.0379348321907));
#2409=CARTESIAN_POINT('Origin',(27.9412097670228,43.7801054244845,30.769636891769));
#2410=CARTESIAN_POINT('',(34.7811747346494,40.6833312864645,34.7811747346494));
#2411=CARTESIAN_POINT('',(34.7811747346494,40.6833312864645,34.7811747346494));
#2412=CARTESIAN_POINT('',(29.9636498475116,44.6168238853468,29.9636498475116));
#2413=CARTESIAN_POINT('',(29.9636498475116,44.6168238853468,29.9636498475116));
#2414=CARTESIAN_POINT('',(29.7636716198597,44.7801054244845,29.7636716198598));
#2415=CARTESIAN_POINT('Origin',(19.931015761394,52.6298025194068,17.1025886366478));
#2416=CARTESIAN_POINT('',(31.97558039133,42.6168238853468,26.3187261418377));
#2417=CARTESIAN_POINT('',(31.97558039133,42.6168238853468,26.3187261418377));
#2418=CARTESIAN_POINT('',(36.7931053040759,38.6833312655558,31.1362510545833));
#2419=CARTESIAN_POINT('',(20.9369810333032,51.6298025194068,15.2801267838108));
#2420=CARTESIAN_POINT('',(36.7931052784679,38.6833312864646,31.1362510289753));
#2421=CARTESIAN_POINT('Origin',(33.9646781537218,38.6833312864645,33.9646781537215));
#2422=CARTESIAN_POINT('Origin',(33.9646781537218,38.6833312864645,33.9646781537215));
#2423=CARTESIAN_POINT('Origin',(33.7205145681381,38.085255088016,33.7205145681378));
#2424=CARTESIAN_POINT('',(35.8418349633168,36.3532042383002,30.1849807138242));
#2425=CARTESIAN_POINT('',(36.5489417445034,38.0852550458691,30.8920874950108));
#2426=CARTESIAN_POINT('Origin',(33.0134077869515,36.3532042804471,33.0134077869513));
#2427=CARTESIAN_POINT('Ctrl Pts',(26.4779416376044,45.0242838352102,34.9492719221813));
#2428=CARTESIAN_POINT('Ctrl Pts',(26.5059950257763,44.9895309897117,35.006827407579));
#2429=CARTESIAN_POINT('Ctrl Pts',(26.5548676989032,44.9212835168212,35.1140015654939));
#2430=CARTESIAN_POINT('Ctrl Pts',(26.6501152468439,44.7455277622564,35.340101510985));
#2431=CARTESIAN_POINT('Ctrl Pts',(26.6944762428844,44.6508628745983,35.4457958994172));
#2432=CARTESIAN_POINT('Ctrl Pts',(26.7135652065798,44.6116873458101,35.4841455726272));
#2433=CARTESIAN_POINT('Ctrl Pts',(26.4758128170212,45.0184793883445,34.954919051268));
#2434=CARTESIAN_POINT('Ctrl Pts',(26.5035824063161,44.9841881742663,35.0117037891966));
#2435=CARTESIAN_POINT('Ctrl Pts',(26.5522521061882,44.916203667276,35.118087536016));
#2436=CARTESIAN_POINT('Ctrl Pts',(26.64666408994,44.7414431370882,35.342556651571));
#2437=CARTESIAN_POINT('Ctrl Pts',(26.6907193509017,44.6487803185749,35.4462440019623));
#2438=CARTESIAN_POINT('Ctrl Pts',(26.7102088130699,44.610218800041,35.48422583739));
#2439=CARTESIAN_POINT('Ctrl Pts',(26.4717058609732,45.0065052679736,34.9663652365356));
#2440=CARTESIAN_POINT('Ctrl Pts',(26.4989177656155,44.9730393300594,35.0217332023677));
#2441=CARTESIAN_POINT('Ctrl Pts',(26.5471982685765,44.9055051431967,35.1267050748609));
#2442=CARTESIAN_POINT('Ctrl Pts',(26.6398590999439,44.7328802234885,35.3478221638137));
#2443=CARTESIAN_POINT('Ctrl Pts',(26.6833358787031,44.6443272486296,35.4474187609477));
#2444=CARTESIAN_POINT('Ctrl Pts',(26.703575826276,44.6070563331108,35.4845969852278));
#2445=CARTESIAN_POINT('Ctrl Pts',(26.4659824016559,44.9872105864606,34.9842152490146));
#2446=CARTESIAN_POINT('Ctrl Pts',(26.4923686716273,44.9547129870015,35.0377673179185));
#2447=CARTESIAN_POINT('Ctrl Pts',(26.5401311673296,44.8877471967796,35.1411086742653));
#2448=CARTESIAN_POINT('Ctrl Pts',(26.6299214126143,44.718896435419,35.3567384300608));
#2449=CARTESIAN_POINT('Ctrl Pts',(26.6727094060606,44.6368281180516,35.4499996178771));
#2450=CARTESIAN_POINT('Ctrl Pts',(26.6939606353913,44.6016820500346,35.4857800053562));
#2451=CARTESIAN_POINT('Ctrl Pts',(26.4606957524751,44.9663152724903,35.0030117290472));
#2452=CARTESIAN_POINT('Ctrl Pts',(26.4862928468107,44.9346456647796,35.0550386055695));
#2453=CARTESIAN_POINT('Ctrl Pts',(26.5335464075234,44.8681071724366,35.1571393825971));
#2454=CARTESIAN_POINT('Ctrl Pts',(26.6202583000065,44.7038434512708,35.3666243522118));
#2455=CARTESIAN_POINT('Ctrl Pts',(26.6625991278966,44.6285657441885,35.4533757251654));
#2456=CARTESIAN_POINT('Ctrl Pts',(26.6847769990262,44.5957322818303,35.4875767586307));
#2457=CARTESIAN_POINT('Ctrl Pts',(26.4558717588938,44.9435388853299,35.0230826125595));
#2458=CARTESIAN_POINT('Ctrl Pts',(26.4807075312358,44.9126051514892,35.073824110252));
#2459=CARTESIAN_POINT('Ctrl Pts',(26.5274309904702,44.8464184941226,35.1749816949444));
#2460=CARTESIAN_POINT('Ctrl Pts',(26.6108946406933,44.6878097217375,35.3774115390687));
#2461=CARTESIAN_POINT('Ctrl Pts',(26.653082026205,44.6196100338559,35.4575156648012));
#2462=CARTESIAN_POINT('Ctrl Pts',(26.6761232846933,44.5892716418786,35.4899672776175));
#2463=CARTESIAN_POINT('Ctrl Pts',(26.4515481554158,44.9185444971794,35.0448162330402));
#2464=CARTESIAN_POINT('Ctrl Pts',(26.4756422726661,44.8883147313111,35.0944572807621));
#2465=CARTESIAN_POINT('Ctrl Pts',(26.5217824568219,44.8225154225802,35.1948351279106));
#2466=CARTESIAN_POINT('Ctrl Pts',(26.6018816579698,44.6709221590907,35.3890022049086));
#2467=CARTESIAN_POINT('Ctrl Pts',(26.6442472129988,44.6100501970625,35.4623763011218));
#2468=CARTESIAN_POINT('Ctrl Pts',(26.6681004198461,44.5823772918158,35.4929222025892));
#2469=CARTESIAN_POINT('Ctrl Pts',(26.4477782767946,44.8909401628199,35.068672220532));
#2470=CARTESIAN_POINT('Ctrl Pts',(26.4711361288053,44.8614372855577,35.1173197813433));
#2471=CARTESIAN_POINT('Ctrl Pts',(26.5166018621165,44.7962548348812,35.2168801651377));
#2472=CARTESIAN_POINT('Ctrl Pts',(26.5932983206094,44.6533554349634,35.40125943304));
#2473=CARTESIAN_POINT('Ctrl Pts',(26.6361827420063,44.5999825628483,35.4679083330382));
#2474=CARTESIAN_POINT('Ctrl Pts',(26.6607928911301,44.5751184083,35.4964132132558));
#2475=CARTESIAN_POINT('Ctrl Pts',(26.4446206893205,44.8602690675202,35.0951781606437));
#2476=CARTESIAN_POINT('Ctrl Pts',(26.4672325551587,44.8316123896147,35.1428373396067));
#2477=CARTESIAN_POINT('Ctrl Pts',(26.5118802337416,44.7675413156899,35.241233800871));
#2478=CARTESIAN_POINT('Ctrl Pts',(26.5852351829539,44.6353189608377,35.414009262637));
#2479=CARTESIAN_POINT('Ctrl Pts',(26.6289581140636,44.5894944665438,35.474063618497));
#2480=CARTESIAN_POINT('Ctrl Pts',(26.6542567577066,44.5675448438874,35.500418291563));
#2481=CARTESIAN_POINT('Ctrl Pts',(26.4421358102615,44.8260667040989,35.1249162408315));
#2482=CARTESIAN_POINT('Ctrl Pts',(26.4639807623109,44.7985325034723,35.1714556472435));
#2483=CARTESIAN_POINT('Ctrl Pts',(26.5075912354686,44.7363947611466,35.2678814755811));
#2484=CARTESIAN_POINT('Ctrl Pts',(26.5777983008047,44.6170587472239,35.4270516902943));
#2485=CARTESIAN_POINT('Ctrl Pts',(26.6226245084852,44.5786688398343,35.4807915038323));
#2486=CARTESIAN_POINT('Ctrl Pts',(26.6485224676834,44.5596931767045,35.5049177209647));
#2487=CARTESIAN_POINT('Ctrl Pts',(26.440354531857,44.787920453061,35.158430530518));
#2488=CARTESIAN_POINT('Ctrl Pts',(26.4613606979762,44.7619141368394,35.2034687480038));
#2489=CARTESIAN_POINT('Ctrl Pts',(26.5037160070976,44.7030973726545,35.2966335195229));
#2490=CARTESIAN_POINT('Ctrl Pts',(26.5710976774425,44.5988179343062,35.4401656237601));
#2491=CARTESIAN_POINT('Ctrl Pts',(26.6172113870947,44.5675838487604,35.4880379873469));
#2492=CARTESIAN_POINT('Ctrl Pts',(26.6435948734832,44.5515894715699,35.5098918370998));
#2493=CARTESIAN_POINT('Ctrl Pts',(26.4392149055915,44.7455769495784,35.1960280566132));
#2494=CARTESIAN_POINT('Ctrl Pts',(26.4593062997075,44.7217676380751,35.2389337728756));
#2495=CARTESIAN_POINT('Ctrl Pts',(26.5001643722038,44.6681179304236,35.3269059402878));
#2496=CARTESIAN_POINT('Ctrl Pts',(26.5652654906466,44.5808469131081,35.4531894080568));
#2497=CARTESIAN_POINT('Ctrl Pts',(26.6127232769891,44.5563116852366,35.4957456336219));
#2498=CARTESIAN_POINT('Ctrl Pts',(26.6394539977514,44.5432529222646,35.5153183091938));
#2499=CARTESIAN_POINT('Ctrl Pts',(26.4385497834101,44.699262792987,35.2376051457595));
#2500=CARTESIAN_POINT('Ctrl Pts',(26.4576520381829,44.6785478452551,35.2774406492428));
#2501=CARTESIAN_POINT('Ctrl Pts',(26.4968131583026,44.632167593411,35.3577856049882));
#2502=CARTESIAN_POINT('Ctrl Pts',(26.5604358318276,44.5633472671367,35.4660499722785));
#2503=CARTESIAN_POINT('Ctrl Pts',(26.6091359109884,44.5449154344958,35.5038548447202));
#2504=CARTESIAN_POINT('Ctrl Pts',(26.636055598168,44.5346992577585,35.5211695471563));
#2505=CARTESIAN_POINT('Ctrl Pts',(26.4378850269485,44.6496462039507,35.2821059388217));
#2506=CARTESIAN_POINT('Ctrl Pts',(26.4559565038918,44.6329874224371,35.317690705516));
#2507=CARTESIAN_POINT('Ctrl Pts',(26.4936094145049,44.5962304010914,35.388321819601));
#2508=CARTESIAN_POINT('Ctrl Pts',(26.5566891000348,44.5463711460936,35.4787504985622));
#2509=CARTESIAN_POINT('Ctrl Pts',(26.6063924616978,44.5334452458348,35.5123057314476));
#2510=CARTESIAN_POINT('Ctrl Pts',(26.6333317861042,44.5259442114639,35.5274100751671));
#2511=CARTESIAN_POINT('Ctrl Pts',(26.4364151936405,44.5977679080792,35.3275505622623));
#2512=CARTESIAN_POINT('Ctrl Pts',(26.4537067671489,44.5862562607292,35.3580141213386));
#2513=CARTESIAN_POINT('Ctrl Pts',(26.4905667435018,44.5612938297712,35.4176967790477));
#2514=CARTESIAN_POINT('Ctrl Pts',(26.5540267530789,44.5298039132383,35.4914088255784));
#2515=CARTESIAN_POINT('Ctrl Pts',(26.6044004911895,44.5219354543772,35.5210394466506));
#2516=CARTESIAN_POINT('Ctrl Pts',(26.6311916309959,44.5170069744241,35.5339939136169));
#2517=CARTESIAN_POINT('Ctrl Pts',(26.4333988280011,44.5450706509429,35.3719424816126));
#2518=CARTESIAN_POINT('Ctrl Pts',(26.4505207278684,44.5396968694695,35.3970145566968));
#2519=CARTESIAN_POINT('Ctrl Pts',(26.487591010195,44.5277247344831,35.4454208383937));
#2520=CARTESIAN_POINT('Ctrl Pts',(26.5523975586733,44.5134339902831,35.5043046745566));
#2521=CARTESIAN_POINT('Ctrl Pts',(26.6030303159355,44.5104047016347,35.5299975417557));
#2522=CARTESIAN_POINT('Ctrl Pts',(26.6295217680049,44.5079136497361,35.540861961137));
#2523=CARTESIAN_POINT('Ctrl Pts',(26.4281321086887,44.492112542988,35.4140406599551));
#2524=CARTESIAN_POINT('Ctrl Pts',(26.4459069070459,44.4935262821187,35.4338799790785));
#2525=CARTESIAN_POINT('Ctrl Pts',(26.4845522350883,44.4953085658942,35.4715041607059));
#2526=CARTESIAN_POINT('Ctrl Pts',(26.5516474722083,44.4969288910779,35.517829260173));
#2527=CARTESIAN_POINT('Ctrl Pts',(26.6021156107453,44.4988614872337,35.5391176351169));
#2528=CARTESIAN_POINT('Ctrl Pts',(26.6281870068124,44.4987007180996,35.5479393679209));
#2529=CARTESIAN_POINT('Ctrl Pts',(26.4226851822732,44.4557126187801,35.4405804985392));
#2530=CARTESIAN_POINT('Ctrl Pts',(26.4416181816836,44.4622771815152,35.4573629488909));
#2531=CARTESIAN_POINT('Ctrl Pts',(26.4824412836948,44.4737356554902,35.4886868926704));
#2532=CARTESIAN_POINT('Ctrl Pts',(26.5514630150945,44.4859740305122,35.5269791804347));
#2533=CARTESIAN_POINT('Ctrl Pts',(26.6016760137886,44.4911641740978,35.5452559326558));
#2534=CARTESIAN_POINT('Ctrl Pts',(26.627416290668,44.4925125444521,35.5527350851648));
#2535=CARTESIAN_POINT('Ctrl Pts',(26.4195586641678,44.4369670139821,35.4541415267352));
#2536=CARTESIAN_POINT('Ctrl Pts',(26.4392134251718,44.4463034541981,35.4693443030523));
#2537=CARTESIAN_POINT('Ctrl Pts',(26.4813397723482,44.462826288605,35.4974279570166));
#2538=CARTESIAN_POINT('Ctrl Pts',(26.5513813424073,44.4805335086622,35.5315222015032));
#2539=CARTESIAN_POINT('Ctrl Pts',(26.6014614330888,44.4873213979364,35.5483220193529));
#2540=CARTESIAN_POINT('Ctrl Pts',(26.6270312123892,44.4894181806832,35.555133263176));
#2541=CARTESIAN_POINT('',(26.4779416376044,45.0242838352102,34.9492719221813));
#2542=CARTESIAN_POINT('',(26.4195586641678,44.4369670139821,35.4541415267352));
#2543=CARTESIAN_POINT('Ctrl Pts',(26.4779416376044,45.0242838352102,34.9492719221813));
#2544=CARTESIAN_POINT('Ctrl Pts',(26.4758128170212,45.0184793883445,34.954919051268));
#2545=CARTESIAN_POINT('Ctrl Pts',(26.4717058609732,45.0065052679736,34.9663652365356));
#2546=CARTESIAN_POINT('Ctrl Pts',(26.4659824016559,44.9872105864606,34.9842152490146));
#2547=CARTESIAN_POINT('Ctrl Pts',(26.4606957524751,44.9663152724903,35.0030117290472));
#2548=CARTESIAN_POINT('Ctrl Pts',(26.4558717588938,44.9435388853298,35.0230826125595));
#2549=CARTESIAN_POINT('Ctrl Pts',(26.4515481554158,44.9185444971794,35.0448162330402));
#2550=CARTESIAN_POINT('Ctrl Pts',(26.4477782767946,44.8909401628199,35.068672220532));
#2551=CARTESIAN_POINT('Ctrl Pts',(26.4446206893205,44.8602690675202,35.0951781606437));
#2552=CARTESIAN_POINT('Ctrl Pts',(26.4421358102615,44.8260667040989,35.1249162408316));
#2553=CARTESIAN_POINT('Ctrl Pts',(26.440354531857,44.787920453061,35.158430530518));
#2554=CARTESIAN_POINT('Ctrl Pts',(26.4392149055915,44.7455769495784,35.1960280566132));
#2555=CARTESIAN_POINT('Ctrl Pts',(26.4385497834101,44.699262792987,35.2376051457595));
#2556=CARTESIAN_POINT('Ctrl Pts',(26.4378850269485,44.6496462039507,35.2821059388217));
#2557=CARTESIAN_POINT('Ctrl Pts',(26.4364151936405,44.5977679080792,35.3275505622623));
#2558=CARTESIAN_POINT('Ctrl Pts',(26.4333988280011,44.5450706509428,35.3719424816126));
#2559=CARTESIAN_POINT('Ctrl Pts',(26.4281321086887,44.492112542988,35.4140406599551));
#2560=CARTESIAN_POINT('Ctrl Pts',(26.4226851822732,44.4557126187801,35.4405804985392));
#2561=CARTESIAN_POINT('Ctrl Pts',(26.4195586641678,44.4369670139821,35.4541415267352));
#2562=CARTESIAN_POINT('',(26.6270312123892,44.4894181806832,35.555133263176));
#2563=CARTESIAN_POINT('Origin',(26.6912389379742,44.2568554643639,35.265368016527));
#2564=CARTESIAN_POINT('',(26.7135652065798,44.6116873458101,35.4841455726272));
#2565=CARTESIAN_POINT('Ctrl Pts',(26.6270312123892,44.4894181806832,35.555133263176));
#2566=CARTESIAN_POINT('Ctrl Pts',(26.6274162890168,44.4925125311839,35.5527350954478));
#2567=CARTESIAN_POINT('Ctrl Pts',(26.6278016040612,44.4956066307574,35.5503372120732));
#2568=CARTESIAN_POINT('Ctrl Pts',(26.6282167168733,44.4986891637627,35.5479587053511));
#2569=CARTESIAN_POINT('Ctrl Pts',(26.6285239439193,44.5009705616913,35.5461983607581));
#2570=CARTESIAN_POINT('Ctrl Pts',(26.6288474930848,44.5032456235088,35.5444486302845));
#2571=CARTESIAN_POINT('Ctrl Pts',(26.6291979562167,44.5055109292584,35.5427158369292));
#2572=CARTESIAN_POINT('Ctrl Pts',(26.6297945624668,44.5093672423645,35.5397660392131));
#2573=CARTESIAN_POINT('Ctrl Pts',(26.6304699156543,44.513194832292,35.5368659428533));
#2574=CARTESIAN_POINT('Ctrl Pts',(26.6312699486537,44.5169809717214,35.5340412506207));
#2575=CARTESIAN_POINT('Ctrl Pts',(26.6316333564798,44.5187007916544,35.5327581594676));
#2576=CARTESIAN_POINT('Ctrl Pts',(26.6320224408044,44.5204120903876,35.5314905846779));
#2577=CARTESIAN_POINT('Ctrl Pts',(26.6324407513054,44.5221140437752,35.5302403823897));
#2578=CARTESIAN_POINT('Ctrl Pts',(26.6327533700415,44.5233859757866,35.5293060604966));
#2579=CARTESIAN_POINT('Ctrl Pts',(26.6330823021939,44.524652693314,35.5283814340173));
#2580=CARTESIAN_POINT('Ctrl Pts',(26.6334290263829,44.5259138563724,35.5274672734218));
#2581=CARTESIAN_POINT('Ctrl Pts',(26.634239698824,44.5288625694056,35.525329883459));
#2582=CARTESIAN_POINT('Ctrl Pts',(26.6351476343192,44.5317809181433,35.5232497068578));
#2583=CARTESIAN_POINT('Ctrl Pts',(26.6361679935943,44.5346657077566,35.5212344057603));
#2584=CARTESIAN_POINT('Ctrl Pts',(26.636621908777,44.5359490300495,35.5203378825568));
#2585=CARTESIAN_POINT('Ctrl Pts',(26.6370980724922,44.5372257110315,35.5194541981384));
#2586=CARTESIAN_POINT('Ctrl Pts',(26.6375974814327,44.5384955200042,35.5185838731006));
#2587=CARTESIAN_POINT('Ctrl Pts',(26.6382206957774,44.5400801195227,35.5174977911265));
#2588=CARTESIAN_POINT('Ctrl Pts',(26.6388801223041,44.5416540178455,35.5164325173695));
#2589=CARTESIAN_POINT('Ctrl Pts',(26.6395776891508,44.543216763142,35.5153890634602));
#2590=CARTESIAN_POINT('Ctrl Pts',(26.6408342460706,44.5460318029132,35.5135094454185));
#2591=CARTESIAN_POINT('Ctrl Pts',(26.6422145625191,44.5488106518557,35.5117006302408));
#2592=CARTESIAN_POINT('Ctrl Pts',(26.6437259610216,44.5515506837588,35.5099672030611));
#2593=CARTESIAN_POINT('Ctrl Pts',(26.6442191631007,44.5524448155376,35.5094015482139));
#2594=CARTESIAN_POINT('Ctrl Pts',(26.6447263234961,44.5533348139998,35.5088439209776));
#2595=CARTESIAN_POINT('Ctrl Pts',(26.6452475559458,44.5542205682593,35.508294449803));
#2596=CARTESIAN_POINT('Ctrl Pts',(26.646323623859,44.5560491799241,35.5071600839353));
#2597=CARTESIAN_POINT('Ctrl Pts',(26.6474597288819,44.5578597264438,35.5060604805667));
#2598=CARTESIAN_POINT('Ctrl Pts',(26.6486568643606,44.559651208965,35.5049967863729));
#2599=CARTESIAN_POINT('Ctrl Pts',(26.6507532932912,44.5627884610578,35.5031340404092));
#2600=CARTESIAN_POINT('Ctrl Pts',(26.653037026313,44.5658673025996,35.5013814211576));
#2601=CARTESIAN_POINT('Ctrl Pts',(26.655506119671,44.5688803524021,35.4997443074151));
#2602=CARTESIAN_POINT('Ctrl Pts',(26.6572228126712,44.570975243423,35.4986060670592));
#2603=CARTESIAN_POINT('Ctrl Pts',(26.6590288619186,44.5730382582439,35.4975236389273));
#2604=CARTESIAN_POINT('Ctrl Pts',(26.6609214278972,44.5750659908921,35.4964988574792));
#2605=CARTESIAN_POINT('Ctrl Pts',(26.6631890683889,44.5774955857973,35.49527098171));
#2606=CARTESIAN_POINT('Ctrl Pts',(26.6655809164935,44.5798745274525,35.4941258666839));
#2607=CARTESIAN_POINT('Ctrl Pts',(26.6680880091038,44.5821948739824,35.4930670092123));
#2608=CARTESIAN_POINT('Ctrl Pts',(26.6706827959811,44.584596382687,35.4919711145251));
#2609=CARTESIAN_POINT('Ctrl Pts',(26.6734012146481,44.5869352665393,35.4909675634121));
#2610=CARTESIAN_POINT('Ctrl Pts',(26.6762284233373,44.589199360725,35.490061341147));
#2611=CARTESIAN_POINT('Ctrl Pts',(26.6790933138858,44.5914936314162,35.4891430404881));
#2612=CARTESIAN_POINT('Ctrl Pts',(26.6820699116628,44.5937111023185,35.4883246823371));
#2613=CARTESIAN_POINT('Ctrl Pts',(26.6851397581269,44.5958376679157,35.4876116309525));
#2614=CARTESIAN_POINT('Ctrl Pts',(26.6880264881088,44.5978373837776,35.4869411131157));
#2615=CARTESIAN_POINT('Ctrl Pts',(26.6909957337796,44.5997568111873,35.4863636557553));
#2616=CARTESIAN_POINT('Ctrl Pts',(26.6940325600337,44.6015861376834,35.4858822923438));
#2617=CARTESIAN_POINT('Ctrl Pts',(26.6980312462257,44.6039948703499,35.4852484657546));
#2618=CARTESIAN_POINT('Ctrl Pts',(26.7021470723012,44.6062472657652,35.4847813346243));
#2619=CARTESIAN_POINT('Ctrl Pts',(26.7063464185313,44.6083246227455,35.4844849618292));
#2620=CARTESIAN_POINT('Ctrl Pts',(26.7087277927243,44.6095026547608,35.4843168941142));
#2621=CARTESIAN_POINT('Ctrl Pts',(26.7111360453997,44.6106244983333,35.4842036635647));
#2622=CARTESIAN_POINT('Ctrl Pts',(26.7135652065798,44.6116873458101,35.4841455726272));
#2623=CARTESIAN_POINT('Ctrl Pts',(26.4779416376044,45.0242838352102,34.9492719221813));
#2624=CARTESIAN_POINT('Ctrl Pts',(26.5059950257763,44.9895309897117,35.006827407579));
#2625=CARTESIAN_POINT('Ctrl Pts',(26.5548676989032,44.9212835168212,35.1140015654939));
#2626=CARTESIAN_POINT('Ctrl Pts',(26.6501152468438,44.7455277622564,35.340101510985));
#2627=CARTESIAN_POINT('Ctrl Pts',(26.6944762428844,44.6508628745983,35.4457958994172));
#2628=CARTESIAN_POINT('Ctrl Pts',(26.7135652065798,44.6116873458101,35.4841455726272));
#2629=CARTESIAN_POINT('Ctrl Pts',(34.9524904932126,45.0211569433515,26.4799734506192));
#2630=CARTESIAN_POINT('Ctrl Pts',(35.0096738026507,44.9865899587566,26.5076386880346));
#2631=CARTESIAN_POINT('Ctrl Pts',(35.1165070253137,44.9195678955534,26.5563235880172));
#2632=CARTESIAN_POINT('Ctrl Pts',(35.3408274825136,44.7446642084615,26.6503289355083));
#2633=CARTESIAN_POINT('Ctrl Pts',(35.4459789424546,44.6505133812262,26.6941692915666));
#2634=CARTESIAN_POINT('Ctrl Pts',(35.4841362035688,44.6115358041496,26.7131658996617));
#2635=CARTESIAN_POINT('Ctrl Pts',(34.9583341975348,45.0203806199816,26.4883968786342));
#2636=CARTESIAN_POINT('Ctrl Pts',(35.0147970969947,44.9859276265446,26.5153154299157));
#2637=CARTESIAN_POINT('Ctrl Pts',(35.120839385369,44.918775301906,26.5632185058631));
#2638=CARTESIAN_POINT('Ctrl Pts',(35.3435101197425,44.7445870413707,26.6565120744082));
#2639=CARTESIAN_POINT('Ctrl Pts',(35.4463829698835,44.6519567117115,26.6989167970724));
#2640=CARTESIAN_POINT('Ctrl Pts',(35.4840496474012,44.6132068316645,26.7169993959163));
#2641=CARTESIAN_POINT('Ctrl Pts',(34.9703030047083,45.0182262276726,26.5054252086665));
#2642=CARTESIAN_POINT('Ctrl Pts',(35.0254463507193,44.983988728851,26.5309641080316));
#2643=CARTESIAN_POINT('Ctrl Pts',(35.1300861830213,44.916523968905,26.5773819941705));
#2644=CARTESIAN_POINT('Ctrl Pts',(35.3493549809664,44.7439124384855,26.6691351275971));
#2645=CARTESIAN_POINT('Ctrl Pts',(35.4475493817803,44.6544557106763,26.7085373050945));
#2646=CARTESIAN_POINT('Ctrl Pts',(35.4841530818237,44.6162632168339,26.7247962833063));
#2647=CARTESIAN_POINT('Ctrl Pts',(34.9894712222036,45.0130183069145,26.5317731600394));
#2648=CARTESIAN_POINT('Ctrl Pts',(35.0429299195213,44.9790691814786,26.5555085136716));
#2649=CARTESIAN_POINT('Ctrl Pts',(35.1459444101569,44.9109911370053,26.5998962970761));
#2650=CARTESIAN_POINT('Ctrl Pts',(35.3595247030763,44.741358534561,26.6888121665046));
#2651=CARTESIAN_POINT('Ctrl Pts',(35.4503569836493,44.6570219106193,26.7232459911397));
#2652=CARTESIAN_POINT('Ctrl Pts',(35.4851374958851,44.6199334446672,26.7367397109218));
#2653=CARTESIAN_POINT('Ctrl Pts',(35.0102869523558,45.0055844278874,26.5592299663349));
#2654=CARTESIAN_POINT('Ctrl Pts',(35.0622875226631,44.9718938789527,26.5813700531315));
#2655=CARTESIAN_POINT('Ctrl Pts',(35.1640932495918,44.9030886221583,26.6238442252291));
#2656=CARTESIAN_POINT('Ctrl Pts',(35.3710395462678,44.7372837011014,26.7091645886366));
#2657=CARTESIAN_POINT('Ctrl Pts',(35.4541922319003,44.6583925215018,26.7381090331906));
#2658=CARTESIAN_POINT('Ctrl Pts',(35.4869364327302,44.6226443163621,26.7487767738679));
#2659=CARTESIAN_POINT('Ctrl Pts',(35.033265150649,44.9955790934712,26.5881609182026));
#2660=CARTESIAN_POINT('Ctrl Pts',(35.0839791843905,44.9621321507222,26.6088360420562));
#2661=CARTESIAN_POINT('Ctrl Pts',(35.1848786186027,44.8925503721534,26.6494065052179));
#2662=CARTESIAN_POINT('Ctrl Pts',(35.3837988690772,44.7317321490623,26.7300624368587));
#2663=CARTESIAN_POINT('Ctrl Pts',(35.4590078317077,44.6585639256261,26.7529756852571));
#2664=CARTESIAN_POINT('Ctrl Pts',(35.4895190634891,44.624365739068,26.7607412734057));
#2665=CARTESIAN_POINT('Ctrl Pts',(35.0590527223332,44.9825466653997,26.6189678204685));
#2666=CARTESIAN_POINT('Ctrl Pts',(35.1085973044623,44.9493614423288,26.6381983765356));
#2667=CARTESIAN_POINT('Ctrl Pts',(35.2086383690894,44.8790785490923,26.6767774899622));
#2668=CARTESIAN_POINT('Ctrl Pts',(35.3976333492538,44.7247974646311,26.7512776289917));
#2669=CARTESIAN_POINT('Ctrl Pts',(35.4647291604763,44.6575503957477,26.767657040522));
#2670=CARTESIAN_POINT('Ctrl Pts',(35.4928330015218,44.6250871798132,26.772450249209));
#2671=CARTESIAN_POINT('Ctrl Pts',(35.0884290277417,44.965908934893,26.6521014428996));
#2672=CARTESIAN_POINT('Ctrl Pts',(35.1368009113825,44.933063558696,26.6698124407556));
#2673=CARTESIAN_POINT('Ctrl Pts',(35.2356600992269,44.8624036870404,26.7060662659667));
#2674=CARTESIAN_POINT('Ctrl Pts',(35.4122793270961,44.7166382319187,26.7724900088149));
#2675=CARTESIAN_POINT('Ctrl Pts',(35.4712757030602,44.6553741760718,26.7819660404994));
#2676=CARTESIAN_POINT('Ctrl Pts',(35.4968365336391,44.6248005047079,26.7837586378312));
#2677=CARTESIAN_POINT('Ctrl Pts',(35.1222863696939,44.9449789947545,26.6880459722258));
#2678=CARTESIAN_POINT('Ctrl Pts',(35.1692945604521,44.9126681494612,26.7040220717137));
#2679=CARTESIAN_POINT('Ctrl Pts',(35.2660585461126,44.8423749556108,26.7372489341975));
#2680=CARTESIAN_POINT('Ctrl Pts',(35.4274099890377,44.7074715176969,26.7933221915472));
#2681=CARTESIAN_POINT('Ctrl Pts',(35.4785792802843,44.6520588598584,26.795755939113));
#2682=CARTESIAN_POINT('Ctrl Pts',(35.5015084772666,44.6234971511105,26.7945819174456));
#2683=CARTESIAN_POINT('Ctrl Pts',(35.1614923580456,44.9190553057846,26.7272472206965));
#2684=CARTESIAN_POINT('Ctrl Pts',(35.2066415107175,44.887675970505,26.7410840150965));
#2685=CARTESIAN_POINT('Ctrl Pts',(35.2996092416729,44.8191133414796,26.7700352181443));
#2686=CARTESIAN_POINT('Ctrl Pts',(35.4426586321018,44.6975585400473,26.8133654852352));
#2687=CARTESIAN_POINT('Ctrl Pts',(35.4865737915471,44.6476398920123,26.8089152564888));
#2688=CARTESIAN_POINT('Ctrl Pts',(35.5068351942707,44.62117885422,26.8048834240038));
#2689=CARTESIAN_POINT('Ctrl Pts',(35.2065958981109,44.8876726013024,26.7698804130312));
#2690=CARTESIAN_POINT('Ctrl Pts',(35.248998253926,44.8579257621888,26.7808895307755));
#2691=CARTESIAN_POINT('Ctrl Pts',(35.335510176596,44.7931701311288,26.8038264823903));
#2692=CARTESIAN_POINT('Ctrl Pts',(35.4577128119711,44.6871522811821,26.8322217152874));
#2693=CARTESIAN_POINT('Ctrl Pts',(35.4951927314331,44.6421703202356,26.8213744161821));
#2694=CARTESIAN_POINT('Ctrl Pts',(35.5128021831237,44.6178656602306,26.81466875587));
#2695=CARTESIAN_POINT('Ctrl Pts',(35.2572973966753,44.851031521067,26.8155481058415));
#2696=CARTESIAN_POINT('Ctrl Pts',(35.2955968258269,44.8239443850412,26.8228409460862));
#2697=CARTESIAN_POINT('Ctrl Pts',(35.3724348744891,44.765590495261,26.8376132723492));
#2698=CARTESIAN_POINT('Ctrl Pts',(35.4723828824802,44.6764155976867,26.8496380113735));
#2699=CARTESIAN_POINT('Ctrl Pts',(35.5043674940171,44.6357257854815,26.8331128821571));
#2700=CARTESIAN_POINT('Ctrl Pts',(35.5193844449041,44.6136046660025,26.8239782795552));
#2701=CARTESIAN_POINT('Ctrl Pts',(35.3118939255791,44.8104151430841,26.8631639858944));
#2702=CARTESIAN_POINT('Ctrl Pts',(35.3445925529161,44.7871768749403,26.8657099364092));
#2703=CARTESIAN_POINT('Ctrl Pts',(35.4087475399136,44.7377149775771,26.8702827753396));
#2704=CARTESIAN_POINT('Ctrl Pts',(35.4867404673132,44.6653314969007,26.8655835394128));
#2705=CARTESIAN_POINT('Ctrl Pts',(35.5140265984696,44.6284087173518,26.8441671121836));
#2706=CARTESIAN_POINT('Ctrl Pts',(35.5265371756151,44.6084785661064,26.8328801425725));
#2707=CARTESIAN_POINT('Ctrl Pts',(35.3675842107031,44.7680547786046,26.9112404706103));
#2708=CARTESIAN_POINT('Ctrl Pts',(35.3934407035644,44.749631237139,26.9082429233965));
#2709=CARTESIAN_POINT('Ctrl Pts',(35.4430714048961,44.7106538431447,26.9012217951643));
#2710=CARTESIAN_POINT('Ctrl Pts',(35.5011297940412,44.653720524218,26.8802526258542));
#2711=CARTESIAN_POINT('Ctrl Pts',(35.524092177007,44.6203542427879,26.8546344949678));
#2712=CARTESIAN_POINT('Ctrl Pts',(35.5341863793944,44.6026142438562,26.8414631567102));
#2713=CARTESIAN_POINT('Ctrl Pts',(35.4215505955205,44.7258627863099,26.9596765716571));
#2714=CARTESIAN_POINT('Ctrl Pts',(35.4401384004032,44.7127689437127,26.9503463373001));
#2715=CARTESIAN_POINT('Ctrl Pts',(35.4750202688589,44.684924173255,26.930378130862));
#2716=CARTESIAN_POINT('Ctrl Pts',(35.5163486527908,44.6410265034704,26.894295252125));
#2717=CARTESIAN_POINT('Ctrl Pts',(35.5344694042136,44.6117409642964,26.8646680392712));
#2718=CARTESIAN_POINT('Ctrl Pts',(35.5422194718429,44.5961913790172,26.8498296925131));
#2719=CARTESIAN_POINT('Ctrl Pts',(35.4563463061379,44.6978080406086,26.9933601006397));
#2720=CARTESIAN_POINT('Ctrl Pts',(35.4701419275489,44.6885167923104,26.9789902826668));
#2721=CARTESIAN_POINT('Ctrl Pts',(35.4957505523567,44.667973994469,26.9495509056433));
#2722=CARTESIAN_POINT('Ctrl Pts',(35.5267992237702,44.6321631279103,26.9033932910698));
#2723=CARTESIAN_POINT('Ctrl Pts',(35.5415079600757,44.6057856158468,26.8711961419154));
#2724=CARTESIAN_POINT('Ctrl Pts',(35.5477238252706,44.5916977562196,26.8553356698455));
#2725=CARTESIAN_POINT('Ctrl Pts',(35.4740962938733,44.6833152363112,27.0111100883751));
#2726=CARTESIAN_POINT('Ctrl Pts',(35.4853969180599,44.6760849137453,26.9939059305345));
#2727=CARTESIAN_POINT('Ctrl Pts',(35.5062900768687,44.6593361227914,26.9593374411773));
#2728=CARTESIAN_POINT('Ctrl Pts',(35.5319695685567,44.6277781819053,26.9078909986546));
#2729=CARTESIAN_POINT('Ctrl Pts',(35.5450227443148,44.6028097756276,26.8744512045396));
#2730=CARTESIAN_POINT('Ctrl Pts',(35.5504768982272,44.5894498815634,26.8580887428022));
#2731=CARTESIAN_POINT('',(34.9524904932126,45.0211569433515,26.4799734506192));
#2732=CARTESIAN_POINT('Ctrl Pts',(34.9524904932126,45.0211569433515,26.4799734506192));
#2733=CARTESIAN_POINT('Ctrl Pts',(34.9583341975348,45.0203806199816,26.4883968786342));
#2734=CARTESIAN_POINT('Ctrl Pts',(34.9703030047083,45.0182262276726,26.5054252086665));
#2735=CARTESIAN_POINT('Ctrl Pts',(34.9894712222036,45.0130183069146,26.5317731600394));
#2736=CARTESIAN_POINT('Ctrl Pts',(35.0102869523558,45.0055844278874,26.5592299663349));
#2737=CARTESIAN_POINT('Ctrl Pts',(35.033265150649,44.9955790934712,26.5881609182026));
#2738=CARTESIAN_POINT('Ctrl Pts',(35.0590527223333,44.9825466653997,26.6189678204685));
#2739=CARTESIAN_POINT('Ctrl Pts',(35.0884290277416,44.965908934893,26.6521014428996));
#2740=CARTESIAN_POINT('Ctrl Pts',(35.122286369694,44.9449789947545,26.6880459722258));
#2741=CARTESIAN_POINT('Ctrl Pts',(35.1614923580456,44.9190553057846,26.7272472206965));
#2742=CARTESIAN_POINT('Ctrl Pts',(35.2065958981109,44.8876726013024,26.7698804130312));
#2743=CARTESIAN_POINT('Ctrl Pts',(35.2572973966753,44.8510315210671,26.8155481058415));
#2744=CARTESIAN_POINT('Ctrl Pts',(35.3118939255791,44.8104151430841,26.8631639858944));
#2745=CARTESIAN_POINT('Ctrl Pts',(35.3675842107031,44.7680547786046,26.9112404706103));
#2746=CARTESIAN_POINT('Ctrl Pts',(35.4215505955205,44.7258627863099,26.9596765716571));
#2747=CARTESIAN_POINT('Ctrl Pts',(35.4563463061379,44.6978080406086,26.9933601006397));
#2748=CARTESIAN_POINT('Ctrl Pts',(35.4740962938733,44.6833152363112,27.0111100883751));
#2749=CARTESIAN_POINT('',(35.4841362035688,44.6115358041496,26.7131658996617));
#2750=CARTESIAN_POINT('Ctrl Pts',(35.5504768982272,44.5894498815634,26.8580887428022));
#2751=CARTESIAN_POINT('Ctrl Pts',(35.5477238318309,44.5916977508632,26.8553356764058));
#2752=CARTESIAN_POINT('Ctrl Pts',(35.5449716715256,44.5939445488142,26.8525827040252));
#2753=CARTESIAN_POINT('Ctrl Pts',(35.5422566934405,44.5961384869077,26.8498117986261));
#2754=CARTESIAN_POINT('Ctrl Pts',(35.5412852778971,44.5969234750359,26.8488203723644));
#2755=CARTESIAN_POINT('Ctrl Pts',(35.5403186222645,44.5977016961719,26.8478266501569));
#2756=CARTESIAN_POINT('Ctrl Pts',(35.5393579479287,44.5984713144694,26.8468297992748));
#2757=CARTESIAN_POINT('Ctrl Pts',(35.5376336856571,44.5998526606179,26.8450406056821));
#2758=CARTESIAN_POINT('Ctrl Pts',(35.5359287639546,44.6012062111506,26.843241348721));
#2759=CARTESIAN_POINT('Ctrl Pts',(35.5342502561563,44.6025213371795,26.8414272130444));
#2760=CARTESIAN_POINT('Ctrl Pts',(35.5322108053304,44.6041192653323,26.839222969187));
#2761=CARTESIAN_POINT('Ctrl Pts',(35.5302103496029,44.6056604670053,26.836996759694));
#2762=CARTESIAN_POINT('Ctrl Pts',(35.5282577886542,44.6071307274178,26.8347404646473));
#2763=CARTESIAN_POINT('Ctrl Pts',(35.5252055932465,44.6094290024509,26.8312134795438));
#2764=CARTESIAN_POINT('Ctrl Pts',(35.522271677117,44.6115522043491,26.8276124924266));
#2765=CARTESIAN_POINT('Ctrl Pts',(35.519479484229,44.6134605388666,26.8239103595888));
#2766=CARTESIAN_POINT('Ctrl Pts',(35.5187408412567,44.6139653671276,26.8229310023192));
#2767=CARTESIAN_POINT('Ctrl Pts',(35.5180120943118,44.6144551887478,26.8219445745192));
#2768=CARTESIAN_POINT('Ctrl Pts',(35.5172934951333,44.6149295402458,26.8209506961124));
#2769=CARTESIAN_POINT('Ctrl Pts',(35.5157850116657,44.6159252989578,26.818864346461));
#2770=CARTESIAN_POINT('Ctrl Pts',(35.5143212795256,44.6168528267804,26.8167451199282));
#2771=CARTESIAN_POINT('Ctrl Pts',(35.5129046070066,44.6177078612384,26.8145895005058));
#2772=CARTESIAN_POINT('Ctrl Pts',(35.5109559561597,44.6188839718768,26.8116244189103));
#2773=CARTESIAN_POINT('Ctrl Pts',(35.5090963449157,44.6199229216924,26.8085904820951));
#2774=CARTESIAN_POINT('Ctrl Pts',(35.5073290873704,44.6208184349112,26.8054822599031));
#2775=CARTESIAN_POINT('Ctrl Pts',(35.5053026616814,44.6218452750547,26.801918217235));
#2776=CARTESIAN_POINT('Ctrl Pts',(35.503397848751,44.6226831909016,26.798256244716));
#2777=CARTESIAN_POINT('Ctrl Pts',(35.5016175697985,44.6233280391804,26.7944949571032));
#2778=CARTESIAN_POINT('Ctrl Pts',(35.5007020435451,44.623659658856,26.7925606773369));
#2779=CARTESIAN_POINT('Ctrl Pts',(35.4998194508838,44.6239402234169,26.7906001393669));
#2780=CARTESIAN_POINT('Ctrl Pts',(35.4989701687828,44.6241696754129,26.7886143333749));
#2781=CARTESIAN_POINT('Ctrl Pts',(35.4982736075216,44.6243578665588,26.7869856218727));
#2782=CARTESIAN_POINT('Ctrl Pts',(35.4975994449714,44.6245116854416,26.7853399119978));
#2783=CARTESIAN_POINT('Ctrl Pts',(35.4969479008829,44.6246310997636,26.783677783889));
#2784=CARTESIAN_POINT('Ctrl Pts',(35.4952676369268,44.6249390567915,26.7793913296018));
#2785=CARTESIAN_POINT('Ctrl Pts',(35.4937377185067,44.6250181906819,26.7749954119942));
#2786=CARTESIAN_POINT('Ctrl Pts',(35.4923641081469,44.6248707387125,26.7705133988282));
#2787=CARTESIAN_POINT('Ctrl Pts',(35.4913735888771,44.6247644101485,26.7672813902919));
#2788=CARTESIAN_POINT('Ctrl Pts',(35.4904644500532,44.6245402958138,26.7640050080564));
#2789=CARTESIAN_POINT('Ctrl Pts',(35.4896408921036,44.6241991381009,26.7606986718891));
#2790=CARTESIAN_POINT('Ctrl Pts',(35.4887326362928,44.6238228944192,26.7570522994175));
#2791=CARTESIAN_POINT('Ctrl Pts',(35.4879284708302,44.6233042938655,26.7533694962932));
#2792=CARTESIAN_POINT('Ctrl Pts',(35.4872353885224,44.6226447196154,26.7496746290095));
#2793=CARTESIAN_POINT('Ctrl Pts',(35.4864285299769,44.621876869803,26.7453732131334));
#2794=CARTESIAN_POINT('Ctrl Pts',(35.4857722855148,44.6209177876233,26.7410552177852));
#2795=CARTESIAN_POINT('Ctrl Pts',(35.4852731964327,44.6197736087584,26.7367552961454));
#2796=CARTESIAN_POINT('Ctrl Pts',(35.4848947583445,44.6189060264416,26.7334948478948));
#2797=CARTESIAN_POINT('Ctrl Pts',(35.4846066654755,44.6179320331807,26.7302447827857));
#2798=CARTESIAN_POINT('Ctrl Pts',(35.4844102809213,44.6168556878028,26.7270191321605));
#2799=CARTESIAN_POINT('Ctrl Pts',(35.4841251950415,44.6152931877865,26.7223365467577));
#2800=CARTESIAN_POINT('Ctrl Pts',(35.4840337012311,44.61351468366,26.7177056377113));
#2801=CARTESIAN_POINT('Ctrl Pts',(35.4841362035688,44.6115358041496,26.7131658996617));
#2802=CARTESIAN_POINT('Ctrl Pts',(34.9524904932126,45.0211569433515,26.4799734506192));
#2803=CARTESIAN_POINT('Ctrl Pts',(35.0096738026507,44.9865899587566,26.5076386880346));
#2804=CARTESIAN_POINT('Ctrl Pts',(35.1165070253137,44.9195678955534,26.5563235880172));
#2805=CARTESIAN_POINT('Ctrl Pts',(35.3408274825136,44.7446642084615,26.6503289355083));
#2806=CARTESIAN_POINT('Ctrl Pts',(35.4459789424546,44.6505133812262,26.6941692915666));
#2807=CARTESIAN_POINT('Ctrl Pts',(35.4841362035688,44.6115358041496,26.7131658996617));
#2808=CARTESIAN_POINT('Origin',(21.5667568261897,33.575,29.3449314192417));
#2809=CARTESIAN_POINT('Ctrl Pts',(21.4553345669577,46.8205745451246,29.9406159411963));
#2810=CARTESIAN_POINT('Ctrl Pts',(21.4518446109211,46.8495993773451,29.9371259851597));
#2811=CARTESIAN_POINT('Ctrl Pts',(21.4501150318849,46.8786562070722,29.9318499135513));
#2812=CARTESIAN_POINT('Ctrl Pts',(21.4502584929463,46.9360066892884,29.917833843491));
#2813=CARTESIAN_POINT('Ctrl Pts',(21.4521289391506,46.9643007113721,29.9090963567337));
#2814=CARTESIAN_POINT('Ctrl Pts',(21.459357560483,47.0184226851068,29.8886848526802));
#2815=CARTESIAN_POINT('Ctrl Pts',(21.4645976797441,47.0443011181619,29.8771182184821));
#2816=CARTESIAN_POINT('Ctrl Pts',(21.4782874455372,47.0934832474077,29.8513634774098));
#2817=CARTESIAN_POINT('Ctrl Pts',(21.4866850522075,47.1168209471317,29.8372197448372));
#2818=CARTESIAN_POINT('Ctrl Pts',(21.5063376725864,47.1601682994828,29.8068633896779));
#2819=CARTESIAN_POINT('Ctrl Pts',(21.5175197292199,47.1802437854487,29.7907082428539));
#2820=CARTESIAN_POINT('Ctrl Pts',(21.5321588167649,47.2017084332383,29.7707435609451));
#2821=CARTESIAN_POINT('Ctrl Pts',(21.5342683727278,47.2047016939452,29.7678911436971));
#2822=CARTESIAN_POINT('Ctrl Pts',(21.5464264794008,47.221393450573,29.7515896529325));
#2823=CARTESIAN_POINT('Ctrl Pts',(21.5572680314177,47.2341580116135,29.7375789886627));
#2824=CARTESIAN_POINT('Ctrl Pts',(21.5775362046044,47.2544790929808,29.7122591549747));
#2825=CARTESIAN_POINT('Ctrl Pts',(21.5866410135245,47.2625411766737,29.7011480533206));
#2826=CARTESIAN_POINT('Ctrl Pts',(21.6107329410313,47.2812398815151,29.6724033130362));
#2827=CARTESIAN_POINT('Ctrl Pts',(21.6262212527825,47.2908870265218,29.654512648843));
#2828=CARTESIAN_POINT('Ctrl Pts',(21.6587430768084,47.3065710938853,29.6180708918037));
#2829=CARTESIAN_POINT('Ctrl Pts',(21.6757905091132,47.312569383004,29.5995152807375));
#2830=CARTESIAN_POINT('Ctrl Pts',(21.7108916332743,47.3205986921573,29.5623833974456));
#2831=CARTESIAN_POINT('Ctrl Pts',(21.7289448869843,47.3226294796717,29.5438075900235));
#2832=CARTESIAN_POINT('Ctrl Pts',(21.7472889419779,47.3226294796717,29.5254635350299));
#2833=CARTESIAN_POINT('',(25.6762678581706,45.2250906399867,34.1615492324092));
#2834=CARTESIAN_POINT('Origin',(21.2132034355964,33.575,29.698484809835));
#2835=CARTESIAN_POINT('',(25.8989104230309,45.5359532095328,34.1770850160829));
#2836=CARTESIAN_POINT('Origin',(26.0298212487639,45.2250906399867,33.8079958418159));
#2837=CARTESIAN_POINT('',(26.1982387741441,45.6647167018729,33.9764133671961));
#2838=CARTESIAN_POINT('Origin',(26.0298212487639,45.2250906399867,33.8079958418159));
#2839=CARTESIAN_POINT('Origin',(21.5667568261897,33.575,29.3449314192417));
#2840=CARTESIAN_POINT('Origin',(34.9579514352145,41.1163440012615,34.9579514352143));
#2841=CARTESIAN_POINT('Origin',(35.1347281305112,41.5493567031537,35.1347281305109));
#2842=CARTESIAN_POINT('Origin',(35.0829514352145,41.4225302191094,35.0829514352143));
#2843=CARTESIAN_POINT('Ctrl Pts',(35.5551332631755,44.4894181806837,26.6270312123889));
#2844=CARTESIAN_POINT('Ctrl Pts',(36.1153265029496,43.7666020858594,26.5370803215206));
#2845=CARTESIAN_POINT('Ctrl Pts',(36.641584129339,42.8836480378222,25.9530663166724));
#2846=CARTESIAN_POINT('Ctrl Pts',(36.9228818009187,42.194612276619,25.1091733019334));
#2847=CARTESIAN_POINT('Ctrl Pts',(35.5346995317063,44.4831278324432,26.5503218744877));
#2848=CARTESIAN_POINT('Ctrl Pts',(36.0751704250994,43.7804614477836,26.4501821963582));
#2849=CARTESIAN_POINT('Ctrl Pts',(36.579940845336,42.921182634994,25.8625226982263));
#2850=CARTESIAN_POINT('Ctrl Pts',(36.8427224365336,42.2600621235687,25.0290139375483));
#2851=CARTESIAN_POINT('Ctrl Pts',(35.4647450182769,44.4467859786875,26.4066927388584));
#2852=CARTESIAN_POINT('Ctrl Pts',(35.9557075963908,43.7761038542929,26.2896967082307));
#2853=CARTESIAN_POINT('Ctrl Pts',(36.4009014050041,42.9516776245777,25.6999359290702));
#2854=CARTESIAN_POINT('Ctrl Pts',(36.6017658420312,42.3239428998958,24.8965366372561));
#2855=CARTESIAN_POINT('Ctrl Pts',(35.3523445909199,44.3711386820905,26.3145660688181));
#2856=CARTESIAN_POINT('Ctrl Pts',(35.7903635252049,43.7120170229164,26.2013540319862));
#2857=CARTESIAN_POINT('Ctrl Pts',(36.1755720132316,42.8809629118198,25.6495803468199));
#2858=CARTESIAN_POINT('Ctrl Pts',(36.3398703534955,42.2185854231562,24.8952621606106));
#2859=CARTESIAN_POINT('Ctrl Pts',(35.2917770752862,44.3276839518514,26.2865537348598));
#2860=CARTESIAN_POINT('Ctrl Pts',(35.7074244605734,43.669805007025,26.1820858156331));
#2861=CARTESIAN_POINT('Ctrl Pts',(36.072916980123,42.8274618199743,25.6593610301926));
#2862=CARTESIAN_POINT('Ctrl Pts',(36.2416955830708,42.1384260587711,24.9279870840855));
#2863=CARTESIAN_POINT('',(35.2917770752862,44.3276839518514,26.2865537348598));
#2864=CARTESIAN_POINT('Ctrl Pts',(36.2416955830708,42.1384260587711,24.9279870840855));
#2865=CARTESIAN_POINT('Ctrl Pts',(36.072916980123,42.8274618199743,25.6593610301926));
#2866=CARTESIAN_POINT('Ctrl Pts',(35.7074244605734,43.669805007025,26.1820858156331));
#2867=CARTESIAN_POINT('Ctrl Pts',(35.2917770752862,44.3276839518514,26.2865537348598));
#2868=CARTESIAN_POINT('',(35.4541415267348,44.4369670139825,26.4195586641675));
#2869=CARTESIAN_POINT('Origin',(35.2313494590895,44.2359637816686,26.6472584039443));
#2870=CARTESIAN_POINT('',(35.5551332631755,44.4894181806837,26.6270312123889));
#2871=CARTESIAN_POINT('Origin',(35.2653680050049,44.2568554827121,26.6912389393185));
#2872=CARTESIAN_POINT('Ctrl Pts',(35.5551332631755,44.4894181806837,26.6270312123889));
#2873=CARTESIAN_POINT('Ctrl Pts',(36.1153265029496,43.7666020858594,26.5370803215206));
#2874=CARTESIAN_POINT('Ctrl Pts',(36.641584129339,42.8836480378222,25.9530663166724));
#2875=CARTESIAN_POINT('Ctrl Pts',(36.9228818009187,42.194612276619,25.1091733019334));
#2876=CARTESIAN_POINT('Origin',(38.7978818009186,42.5007984944671,23.4841733019337));
#2877=CARTESIAN_POINT('Ctrl Pts',(37.8205802436334,40.8348898811561,22.8852466704459));
#2878=CARTESIAN_POINT('Ctrl Pts',(37.8680385179523,40.8234564151318,22.865794553878));
#2879=CARTESIAN_POINT('Ctrl Pts',(37.9151397222792,40.8119609699084,22.8468513247148));
#2880=CARTESIAN_POINT('Ctrl Pts',(37.9612602270138,40.8006429627071,22.8284541625283));
#2881=CARTESIAN_POINT('Ctrl Pts',(38.0021059084989,40.7906194011732,22.8121610922069));
#2882=CARTESIAN_POINT('Ctrl Pts',(38.0421830435488,40.7807356343947,22.7962941425009));
#2883=CARTESIAN_POINT('Ctrl Pts',(38.0810611639704,40.7711442258605,22.7809100789026));
#2884=CARTESIAN_POINT('Ctrl Pts',(38.0843075610057,40.7703433249967,22.7796254803183));
#2885=CARTESIAN_POINT('Ctrl Pts',(38.0875455967443,40.7695444512573,22.77834427761));
#2886=CARTESIAN_POINT('Ctrl Pts',(38.090775019732,40.7687476868983,22.7770665207472));
#2887=CARTESIAN_POINT('Origin',(38.4916955830707,42.7507984944671,23.1779870840858));
#2888=CARTESIAN_POINT('Ctrl Pts',(41.692246076244,37.1031971260401,28.8111782142023));
#2889=CARTESIAN_POINT('Ctrl Pts',(41.7145250581128,36.8591529039985,28.0398946720636));
#2890=CARTESIAN_POINT('Ctrl Pts',(41.8601017071769,36.8458746876511,27.2025634448263));
#2891=CARTESIAN_POINT('Ctrl Pts',(42.0958558154001,37.0540452061078,26.4568977868935));
#2892=CARTESIAN_POINT('Ctrl Pts',(41.7328068649886,37.1787343783543,28.7884488598969));
#2893=CARTESIAN_POINT('Ctrl Pts',(41.7614612008144,36.9535842482653,28.0331644474932));
#2894=CARTESIAN_POINT('Ctrl Pts',(41.9097805301964,36.9556489887469,27.218020588703));
#2895=CARTESIAN_POINT('Ctrl Pts',(42.1421358460059,37.1674076663724,26.5031778174993));
#2896=CARTESIAN_POINT('Ctrl Pts',(41.7708464722938,37.3504223832894,28.7352233213836));
#2897=CARTESIAN_POINT('Ctrl Pts',(41.7968948377979,37.1701603843413,28.0091702923829));
#2898=CARTESIAN_POINT('Ctrl Pts',(41.9334354941095,37.2114857448258,27.235672802244));
#2899=CARTESIAN_POINT('Ctrl Pts',(42.1378515358188,37.4396230549153,26.5778187430204));
#2900=CARTESIAN_POINT('Ctrl Pts',(41.7125907075694,37.5160632012486,28.6811296432434));
#2901=CARTESIAN_POINT('Ctrl Pts',(41.7042810833407,37.3670729678551,27.9757553537988));
#2902=CARTESIAN_POINT('Ctrl Pts',(41.7896531533705,37.4202861083735,27.2226071484126));
#2903=CARTESIAN_POINT('Ctrl Pts',(41.944540691669,37.6453123935037,26.574123562227));
#2904=CARTESIAN_POINT('Ctrl Pts',(41.6633141093287,37.5859588171572,28.6575903705176));
#2905=CARTESIAN_POINT('Ctrl Pts',(41.6331811001294,37.4431255656441,27.9601612610698));
#2906=CARTESIAN_POINT('Ctrl Pts',(41.6916694449268,37.4885680913069,27.2109383694401));
#2907=CARTESIAN_POINT('Ctrl Pts',(41.8281844655379,37.7014366051836,26.5530041075266));
#2908=CARTESIAN_POINT('',(41.6633141093286,37.5859588171573,28.6575903705177));
#2909=CARTESIAN_POINT('Ctrl Pts',(41.8281844655379,37.7014366051836,26.5530041075266));
#2910=CARTESIAN_POINT('Ctrl Pts',(41.6916694449268,37.4885680913069,27.2109383694401));
#2911=CARTESIAN_POINT('Ctrl Pts',(41.6331811001294,37.4431255656441,27.9601612610698));
#2912=CARTESIAN_POINT('Ctrl Pts',(41.6633141093286,37.5859588171573,28.6575903705177));
#2913=CARTESIAN_POINT('',(41.692246076244,37.1031971260401,28.8111782142023));
#2914=CARTESIAN_POINT('Ctrl Pts',(41.6633141093287,37.5859588171572,28.6575903705177));
#2915=CARTESIAN_POINT('Ctrl Pts',(41.7196302216038,37.5060781132616,28.6844923964901));
#2916=CARTESIAN_POINT('Ctrl Pts',(41.7716444239094,37.336702164182,28.7395876278468));
#2917=CARTESIAN_POINT('Ctrl Pts',(41.7270124665965,37.1679433423094,28.7916959105121));
#2918=CARTESIAN_POINT('Ctrl Pts',(41.692246076244,37.1031971260401,28.8111782142024));
#2919=CARTESIAN_POINT('Ctrl Pts',(41.692246076244,37.1031971260401,28.8111782142023));
#2920=CARTESIAN_POINT('Ctrl Pts',(41.7145250581128,36.8591529039985,28.0398946720636));
#2921=CARTESIAN_POINT('Ctrl Pts',(41.8601017071769,36.8458746876511,27.2025634448263));
#2922=CARTESIAN_POINT('Ctrl Pts',(42.0958558154001,37.0540452061078,26.4568977868935));
#2923=CARTESIAN_POINT('Ctrl Pts',(41.6627583483801,37.5745549368249,28.6126675507126));
#2924=CARTESIAN_POINT('Ctrl Pts',(41.6419001880061,37.9266947835264,29.7813982005561));
#2925=CARTESIAN_POINT('Ctrl Pts',(41.5727254144605,38.4349944795607,31.7472871907338));
#2926=CARTESIAN_POINT('Ctrl Pts',(41.1881968918722,38.6092772320745,34.6674032019128));
#2927=CARTESIAN_POINT('Ctrl Pts',(40.7042370965057,38.2042159561321,36.2799629324891));
#2928=CARTESIAN_POINT('Ctrl Pts',(40.4041366237728,37.8728955309399,37.0055381335567));
#2929=CARTESIAN_POINT('Ctrl Pts',(41.7201813484442,37.4942962908074,28.6397850538977));
#2930=CARTESIAN_POINT('Ctrl Pts',(41.6933101244154,37.8467698359822,29.8065584682734));
#2931=CARTESIAN_POINT('Ctrl Pts',(41.6124217293348,38.3563623613177,31.7676873305044));
#2932=CARTESIAN_POINT('Ctrl Pts',(41.2136653806144,38.5369205597867,34.6690601890883));
#2933=CARTESIAN_POINT('Ctrl Pts',(40.732958157418,38.1360691058776,36.2671398315315));
#2934=CARTESIAN_POINT('Ctrl Pts',(40.4373049376891,37.8059903818223,36.9876368167405));
#2935=CARTESIAN_POINT('Ctrl Pts',(41.7731677001033,37.3239683705092,28.6953869209884));
#2936=CARTESIAN_POINT('Ctrl Pts',(41.738631901093,37.681055285368,29.8558172081806));
#2937=CARTESIAN_POINT('Ctrl Pts',(41.6429513258154,38.2001353483652,31.8032206427293));
#2938=CARTESIAN_POINT('Ctrl Pts',(41.2301780056459,38.4003130073202,34.6647461839758));
#2939=CARTESIAN_POINT('Ctrl Pts',(40.7570227873427,38.008287986727,36.2331606444029));
#2940=CARTESIAN_POINT('Ctrl Pts',(40.4689082931291,37.6804049933106,36.9415201184913));
#2941=CARTESIAN_POINT('Ctrl Pts',(41.7283157735354,37.1542155454905,28.7480371133541));
#2942=CARTESIAN_POINT('Ctrl Pts',(41.6941996190687,37.517174708648,29.9004730964421));
#2943=CARTESIAN_POINT('Ctrl Pts',(41.5997453956864,38.0478288374479,31.8311141898366));
#2944=CARTESIAN_POINT('Ctrl Pts',(41.194904769042,38.2690391259443,34.6493281979504));
#2945=CARTESIAN_POINT('Ctrl Pts',(40.7318786374733,37.8867919491412,36.1846248132425));
#2946=CARTESIAN_POINT('Ctrl Pts',(40.4493482897621,37.5619090340834,36.8778520679481));
#2947=CARTESIAN_POINT('Ctrl Pts',(41.6934929020206,37.0893985976548,28.7676398045691));
#2948=CARTESIAN_POINT('Ctrl Pts',(41.6608637046575,37.4542201363188,29.9169086598721));
#2949=CARTESIAN_POINT('Ctrl Pts',(41.5694162939188,37.9886087360812,31.8408510661361));
#2950=CARTESIAN_POINT('Ctrl Pts',(41.1713603461952,38.2171340555155,34.6412117812737));
#2951=CARTESIAN_POINT('Ctrl Pts',(40.7128466561116,37.838972870441,36.1624122413722));
#2952=CARTESIAN_POINT('Ctrl Pts',(40.4322283199345,37.5155973945438,36.8491012267232));
#2953=CARTESIAN_POINT('',(40.4218020486087,37.8898729800896,36.9640565864097));
#2954=CARTESIAN_POINT('',(40.4480202697996,37.5337150487496,36.810243564847));
#2955=CARTESIAN_POINT('Ctrl Pts',(40.4218020486087,37.8898729800896,36.9640565864097));
#2956=CARTESIAN_POINT('Ctrl Pts',(40.454224281683,37.8233481855177,36.9464514575564));
#2957=CARTESIAN_POINT('Ctrl Pts',(40.4850329764102,37.6982400737496,36.9011509609457));
#2958=CARTESIAN_POINT('Ctrl Pts',(40.4652485806996,37.5801123875453,36.8386246397146));
#2959=CARTESIAN_POINT('Ctrl Pts',(40.4480202697996,37.5337150487496,36.810243564847));
#2960=CARTESIAN_POINT('Ctrl Pts',(40.4480202697996,37.5337150487496,36.810243564847));
#2961=CARTESIAN_POINT('Ctrl Pts',(40.7215372926715,37.8461118355475,36.1335033091749));
#2962=CARTESIAN_POINT('Ctrl Pts',(41.1735182322524,38.2158952055414,34.6260308516159));
#2963=CARTESIAN_POINT('Ctrl Pts',(41.5672584078616,37.9898475860553,31.8560319957938));
#2964=CARTESIAN_POINT('Ctrl Pts',(41.659459968264,37.4623365276024,29.9462114776048));
#2965=CARTESIAN_POINT('Ctrl Pts',(41.692246076244,37.1031971260401,28.8111782142023));
#2966=CARTESIAN_POINT('Ctrl Pts',(41.6633141093286,37.5859588171573,28.6575903705177));
#2967=CARTESIAN_POINT('Ctrl Pts',(41.6604430970699,37.6327472115821,28.8134413315466));
#2968=CARTESIAN_POINT('Ctrl Pts',(41.6569572510801,37.6787816708371,28.9696300162659));
#2969=CARTESIAN_POINT('Ctrl Pts',(41.6488308541909,37.7687853643211,29.2827573036987));
#2970=CARTESIAN_POINT('Ctrl Pts',(41.6441903142496,37.8127546783885,29.439695731359));
#2971=CARTESIAN_POINT('Ctrl Pts',(41.6337481911653,37.8979820803948,29.7539316609934));
#2972=CARTESIAN_POINT('Ctrl Pts',(41.6279501351785,37.9392479510651,29.9112264897669));
#2973=CARTESIAN_POINT('Ctrl Pts',(41.6151103765593,38.0184599590714,30.2256430059469));
#2974=CARTESIAN_POINT('Ctrl Pts',(41.6080775286736,38.0564270305047,30.3827582465154));
#2975=CARTESIAN_POINT('Ctrl Pts',(41.5926773175647,38.1282326957323,30.69499460486));
#2976=CARTESIAN_POINT('Ctrl Pts',(41.5843378222822,38.1621360552889,30.8500967763254));
#2977=CARTESIAN_POINT('Ctrl Pts',(41.5660766090984,38.2257726377497,31.1590562244187));
#2978=CARTESIAN_POINT('Ctrl Pts',(41.5561804238421,38.2555605061951,31.3128974419736));
#2979=CARTESIAN_POINT('Ctrl Pts',(41.5346572876167,38.3104255956101,31.6173696594376));
#2980=CARTESIAN_POINT('Ctrl Pts',(41.5230875506524,38.3356126100668,31.7679676144509));
#2981=CARTESIAN_POINT('Ctrl Pts',(41.5026367080301,38.3728205112141,32.0105577910562));
#2982=CARTESIAN_POINT('Ctrl Pts',(41.4945035108114,38.3861065863633,32.1021498917975));
#2983=CARTESIAN_POINT('Ctrl Pts',(41.4740956386325,38.4157704882127,32.319570482283));
#2984=CARTESIAN_POINT('Ctrl Pts',(41.461470696234,38.4313309862742,32.4457478546686));
#2985=CARTESIAN_POINT('Ctrl Pts',(41.4345179750976,38.4587733872668,32.6969122691772));
#2986=CARTESIAN_POINT('Ctrl Pts',(41.4202187097355,38.4707066622104,32.8218887540951));
#2987=CARTESIAN_POINT('Ctrl Pts',(41.3897865422478,38.4907096600306,33.0704373648649));
#2988=CARTESIAN_POINT('Ctrl Pts',(41.3736813342952,38.4988292070535,33.1940055055109));
#2989=CARTESIAN_POINT('Ctrl Pts',(41.3396452057774,38.5109365805309,33.4387832779771));
#2990=CARTESIAN_POINT('Ctrl Pts',(41.3217551594434,38.5149997251594,33.5599930695858));
#2991=CARTESIAN_POINT('Ctrl Pts',(41.2839642622633,38.5188341622138,33.8008641049292));
#2992=CARTESIAN_POINT('Ctrl Pts',(41.2640886149875,38.5186527656149,33.9205273997625));
#2993=CARTESIAN_POINT('Ctrl Pts',(41.2223847123543,38.5137326629736,34.1574353805312));
#2994=CARTESIAN_POINT('Ctrl Pts',(41.2005984600353,38.5090756904798,34.2746849025533));
#2995=CARTESIAN_POINT('Ctrl Pts',(41.161434627991,38.4969976009346,34.4741579752011));
#2996=CARTESIAN_POINT('Ctrl Pts',(41.1446687918958,38.4908076639372,34.5564443488188));
#2997=CARTESIAN_POINT('Ctrl Pts',(41.1049057051466,38.473732036841,34.7443896211677));
#2998=CARTESIAN_POINT('Ctrl Pts',(41.0815615118305,38.4618958439591,34.8499181382735));
#2999=CARTESIAN_POINT('Ctrl Pts',(41.0325062924149,38.4338078620438,35.0611493089758));
#3000=CARTESIAN_POINT('Ctrl Pts',(41.0067762063631,38.4175179648297,35.1668453604281));
#3001=CARTESIAN_POINT('Ctrl Pts',(40.9527918812969,38.3805413007282,35.3779776408603));
#3002=CARTESIAN_POINT('Ctrl Pts',(40.9245181702456,38.3598185044955,35.4834042198057));
#3003=CARTESIAN_POINT('Ctrl Pts',(40.8653911555269,38.3139691214013,35.6935173372555));
#3004=CARTESIAN_POINT('Ctrl Pts',(40.8345201851476,38.288810788952,35.7981925892104));
#3005=CARTESIAN_POINT('Ctrl Pts',(40.7701989280653,38.2340192097155,36.0064715861398));
#3006=CARTESIAN_POINT('Ctrl Pts',(40.7367305643373,38.2043529317214,36.110060974275));
#3007=CARTESIAN_POINT('Ctrl Pts',(40.667506893319,38.1406083770147,36.315246926442));
#3008=CARTESIAN_POINT('Ctrl Pts',(40.6317469826122,38.1065210912473,36.4168391009838));
#3009=CARTESIAN_POINT('Ctrl Pts',(40.5582953990776,38.033968032333,36.6173952774693));
#3010=CARTESIAN_POINT('Ctrl Pts',(40.520606357806,37.9955082255307,36.7163628477613));
#3011=CARTESIAN_POINT('Ctrl Pts',(40.4622068482228,37.9337553788287,36.8643631411231));
#3012=CARTESIAN_POINT('Ctrl Pts',(40.4420998004642,37.912120992878,36.9144009110506));
#3013=CARTESIAN_POINT('Ctrl Pts',(40.4218020486087,37.8898729800896,36.9640565864097));
#3014=CARTESIAN_POINT('Ctrl Pts',(40.4218020486087,37.8898729800896,36.9640565864097));
#3015=CARTESIAN_POINT('Ctrl Pts',(40.1648965404772,37.6082833207511,37.5925407949349));
#3016=CARTESIAN_POINT('Ctrl Pts',(39.249152564496,37.2060082837438,39.0499681871717));
#3017=CARTESIAN_POINT('Ctrl Pts',(37.8020355311103,37.5144201009716,40.0792613710997));
#3018=CARTESIAN_POINT('Ctrl Pts',(36.9640565864101,37.8898729800896,40.4218020486084));
#3019=CARTESIAN_POINT('Ctrl Pts',(40.4785409564888,37.7734545895887,36.9332476109165));
#3020=CARTESIAN_POINT('Ctrl Pts',(40.2166557309654,37.4863118920984,37.5788715317227));
#3021=CARTESIAN_POINT('Ctrl Pts',(39.2795499738428,37.0759912083461,39.075273681304));
#3022=CARTESIAN_POINT('Ctrl Pts',(37.7940795053252,37.3905976596016,40.1293606557906));
#3023=CARTESIAN_POINT('Ctrl Pts',(36.9332476109168,37.7734545895887,40.4785409564885));
#3024=CARTESIAN_POINT('Ctrl Pts',(40.4882196618995,37.6419755059394,36.8764660728715));
#3025=CARTESIAN_POINT('Ctrl Pts',(40.2241759467461,37.350388089927,37.5358035074624));
#3026=CARTESIAN_POINT('Ctrl Pts',(39.2724643888741,36.9334566163423,39.0639785247796));
#3027=CARTESIAN_POINT('Ctrl Pts',(37.7555826523265,37.2531922845895,40.1361613750279));
#3028=CARTESIAN_POINT('Ctrl Pts',(36.8764660728719,37.6419755059394,40.4882196618992));
#3029=CARTESIAN_POINT('Ctrl Pts',(40.4480202697996,37.5337150487496,36.810243564847));
#3030=CARTESIAN_POINT('Ctrl Pts',(40.1853182075054,37.2394477653246,37.4755780376977));
#3031=CARTESIAN_POINT('Ctrl Pts',(39.2299069906145,36.8181844682322,39.0191842191559));
#3032=CARTESIAN_POINT('Ctrl Pts',(37.697356195315,37.1413586708495,40.0977508534069));
#3033=CARTESIAN_POINT('Ctrl Pts',(36.8102435648473,37.5337150487496,40.4480202697993));
#3034=CARTESIAN_POINT('',(36.9640565864101,37.8898729800896,40.4218020486084));
#3035=CARTESIAN_POINT('',(36.8102435648473,37.5337150487496,40.4480202697993));
#3036=CARTESIAN_POINT('Origin',(36.771462401991,37.7384440632262,40.1182365723481));
#3037=CARTESIAN_POINT('Ctrl Pts',(36.8102435648473,37.5337150487496,40.4480202697993));
#3038=CARTESIAN_POINT('Ctrl Pts',(37.697356195315,37.1413586708495,40.0977508534069));
#3039=CARTESIAN_POINT('Ctrl Pts',(39.2299069906145,36.8181844682322,39.0191842191559));
#3040=CARTESIAN_POINT('Ctrl Pts',(40.1853182075054,37.2394477653246,37.4755780376977));
#3041=CARTESIAN_POINT('Ctrl Pts',(40.4480202697996,37.5337150487496,36.810243564847));
#3042=CARTESIAN_POINT('Ctrl Pts',(40.4218020486087,37.8898729800896,36.9640565864097));
#3043=CARTESIAN_POINT('Ctrl Pts',(40.1648965404772,37.6082833207511,37.5925407949349));
#3044=CARTESIAN_POINT('Ctrl Pts',(39.249152564496,37.2060082837438,39.0499681871717));
#3045=CARTESIAN_POINT('Ctrl Pts',(37.8020355311103,37.5144201009716,40.0792613710997));
#3046=CARTESIAN_POINT('Ctrl Pts',(36.9640565864101,37.8898729800896,40.4218020486084));
#3047=CARTESIAN_POINT('Ctrl Pts',(28.7669784143684,37.0891884138865,41.6935115671334));
#3048=CARTESIAN_POINT('Ctrl Pts',(29.9158839395661,37.4539242246395,41.660906965981));
#3049=CARTESIAN_POINT('Ctrl Pts',(31.844717354854,37.9892108239207,41.5690049519074));
#3050=CARTESIAN_POINT('Ctrl Pts',(34.6404677927047,38.2165438214239,41.1712106869048));
#3051=CARTESIAN_POINT('Ctrl Pts',(36.1631843464686,37.8387335496625,40.7125910777927));
#3052=CARTESIAN_POINT('Ctrl Pts',(36.8496905982365,37.5153190298703,40.4319870762659));
#3053=CARTESIAN_POINT('Ctrl Pts',(28.7408388503601,37.1756126709243,41.7399451396932));
#3054=CARTESIAN_POINT('Ctrl Pts',(29.8939709797973,37.5378602129685,41.7053073998486));
#3055=CARTESIAN_POINT('Ctrl Pts',(31.8317590127692,38.0681571820284,41.6094307167024));
#3056=CARTESIAN_POINT('Ctrl Pts',(34.6512899865546,38.2857480186615,41.2025274926019));
#3057=CARTESIAN_POINT('Ctrl Pts',(36.1928032977478,37.9024916864896,40.737957951794));
#3058=CARTESIAN_POINT('Ctrl Pts',(36.888032969495,37.5770660469224,40.4548119216884));
#3059=CARTESIAN_POINT('Ctrl Pts',(28.6859287293854,37.3512814178406,41.7714582542853));
#3060=CARTESIAN_POINT('Ctrl Pts',(29.8472172157557,37.7071839158059,41.7376388603442));
#3061=CARTESIAN_POINT('Ctrl Pts',(31.8021608854103,38.2249572705567,41.642739285715));
#3062=CARTESIAN_POINT('Ctrl Pts',(34.6654399917583,38.4202636362855,41.2309095812702));
#3063=CARTESIAN_POINT('Ctrl Pts',(36.2400981702373,38.0271539251756,40.7563185406537));
#3064=CARTESIAN_POINT('Ctrl Pts',(36.9503603674796,37.6989158802074,40.4671870652931));
#3065=CARTESIAN_POINT('Ctrl Pts',(28.632380531888,37.5140203540954,41.7059360286563));
#3066=CARTESIAN_POINT('Ctrl Pts',(29.7992621308287,37.8663380741144,41.680618788033));
#3067=CARTESIAN_POINT('Ctrl Pts',(31.7666090402744,38.376427862542,41.6021697329537));
#3068=CARTESIAN_POINT('Ctrl Pts',(34.6679154526001,38.5543081339734,41.2072300517762));
#3069=CARTESIAN_POINT('Ctrl Pts',(36.2711411944025,38.1527372128152,40.7255640154803));
#3070=CARTESIAN_POINT('Ctrl Pts',(36.9927008181977,37.8223169268398,40.428815673762));
#3071=CARTESIAN_POINT('Ctrl Pts',(28.6119851500936,37.5743811504494,41.6627495914623));
#3072=CARTESIAN_POINT('Ctrl Pts',(29.7803437554477,37.9264404983142,41.6419127667039));
#3073=CARTESIAN_POINT('Ctrl Pts',(31.7512783855472,38.4355591642491,41.5723292565008));
#3074=CARTESIAN_POINT('Ctrl Pts',(34.6666712295008,38.6087189587737,41.1880087571168));
#3075=CARTESIAN_POINT('Ctrl Pts',(36.2807836924104,38.2039896105412,40.7039556029659));
#3076=CARTESIAN_POINT('Ctrl Pts',(37.0061674249798,37.8726345962511,40.4038666387715));
#3077=CARTESIAN_POINT('',(28.6575903705182,37.5859588171571,41.6633141093285));
#3078=CARTESIAN_POINT('Ctrl Pts',(36.9640565864101,37.8898729800896,40.4218020486084));
#3079=CARTESIAN_POINT('Ctrl Pts',(36.8682560656705,37.932795993323,40.4609624302473));
#3080=CARTESIAN_POINT('Ctrl Pts',(36.7710179388181,37.9734326386038,40.4994197145353));
#3081=CARTESIAN_POINT('Ctrl Pts',(36.5738572214278,38.0502910422172,40.5745662235651));
#3082=CARTESIAN_POINT('Ctrl Pts',(36.4739328307194,38.0865101288138,40.6112544426293));
#3083=CARTESIAN_POINT('Ctrl Pts',(36.2719619933434,38.1545146386896,40.6824614412671));
#3084=CARTESIAN_POINT('Ctrl Pts',(36.16992085582,38.1863102109513,40.7169851239926));
#3085=CARTESIAN_POINT('Ctrl Pts',(35.9642810303327,38.2454666974496,40.7835929240847));
#3086=CARTESIAN_POINT('Ctrl Pts',(35.8606920534386,38.2728482322191,40.8156879990236));
#3087=CARTESIAN_POINT('Ctrl Pts',(35.6529064476636,38.3230867539851,40.8771807427111));
#3088=CARTESIAN_POINT('Ctrl Pts',(35.5487278237111,38.3459886775146,40.9066034451205));
#3089=CARTESIAN_POINT('Ctrl Pts',(35.3397650662868,38.3874271487648,40.9629070493948));
#3090=CARTESIAN_POINT('Ctrl Pts',(35.2349901979209,38.405993200687,40.9898042976571));
#3091=CARTESIAN_POINT('Ctrl Pts',(35.0256557052965,38.4386820685159,41.0410606614925));
#3092=CARTESIAN_POINT('Ctrl Pts',(34.9211065733132,38.4528520296546,41.0654446779013));
#3093=CARTESIAN_POINT('Ctrl Pts',(34.7572129874806,38.4716374643701,41.1019584247905));
#3094=CARTESIAN_POINT('Ctrl Pts',(34.6980545992126,38.4777233459179,41.1147924249731));
#3095=CARTESIAN_POINT('Ctrl Pts',(34.5215255862035,38.4937775401816,41.1521385323444));
#3096=CARTESIAN_POINT('Ctrl Pts',(34.4041340427297,38.5018437696829,41.1756622369374));
#3097=CARTESIAN_POINT('Ctrl Pts',(34.1674301984214,38.5132966046459,41.2206470130984));
#3098=CARTESIAN_POINT('Ctrl Pts',(34.0481144965938,38.5166145528384,41.2420730340764));
#3099=CARTESIAN_POINT('Ctrl Pts',(33.8076145762182,38.5188078171999,41.2829279571702));
#3100=CARTESIAN_POINT('Ctrl Pts',(33.6864271281806,38.5176220890783,41.302325069842));
#3101=CARTESIAN_POINT('Ctrl Pts',(33.4413888385608,38.5110314519533,41.3393257114175));
#3102=CARTESIAN_POINT('Ctrl Pts',(33.3175350345771,38.5055395878314,41.3568830926933));
#3103=CARTESIAN_POINT('Ctrl Pts',(33.0684521632005,38.4905613191475,41.3900888422692));
#3104=CARTESIAN_POINT('Ctrl Pts',(32.9432239900731,38.4810294920294,41.4057122810729));
#3105=CARTESIAN_POINT('Ctrl Pts',(32.6906322242304,38.4581275063929,41.4352819657616));
#3106=CARTESIAN_POINT('Ctrl Pts',(32.5632764561101,38.4446841897525,41.4491878168427));
#3107=CARTESIAN_POINT('Ctrl Pts',(32.3560776017576,38.4199736150222,41.4703821458383));
#3108=CARTESIAN_POINT('Ctrl Pts',(32.2759886628547,38.409724097984,41.4782235856561));
#3109=CARTESIAN_POINT('Ctrl Pts',(32.0422759453153,38.3778638105449,41.5001823018944));
#3110=CARTESIAN_POINT('Ctrl Pts',(31.8890808283284,38.3547511965781,41.5132812096351));
#3111=CARTESIAN_POINT('Ctrl Pts',(31.5803057953202,38.3039566971467,41.5375388437775));
#3112=CARTESIAN_POINT('Ctrl Pts',(31.4247531483068,38.2761812483944,41.5486453034546));
#3113=CARTESIAN_POINT('Ctrl Pts',(31.1117216015863,38.2162200536283,41.5691590468478));
#3114=CARTESIAN_POINT('Ctrl Pts',(30.954264014956,38.1839592094901,41.5785290698479));
#3115=CARTESIAN_POINT('Ctrl Pts',(30.6380428129265,38.1153355624848,41.595776436193));
#3116=CARTESIAN_POINT('Ctrl Pts',(30.479294568694,38.0789190666804,41.6036295524072));
#3117=CARTESIAN_POINT('Ctrl Pts',(30.1607517999389,38.002330227168,41.6180266632754));
#3118=CARTESIAN_POINT('Ctrl Pts',(30.0009698572874,37.9621159428239,41.6245527247049));
#3119=CARTESIAN_POINT('Ctrl Pts',(29.6818487522238,37.8786859791865,41.636365522138));
#3120=CARTESIAN_POINT('Ctrl Pts',(29.5225126544552,37.8354614601058,41.6416483874603));
#3121=CARTESIAN_POINT('Ctrl Pts',(29.204763876355,37.7466506123232,41.6510299814459));
#3122=CARTESIAN_POINT('Ctrl Pts',(29.0463511928321,37.7010647803205,41.6551289769348));
#3123=CARTESIAN_POINT('Ctrl Pts',(28.8113376174687,37.6319045156783,41.6603355447635));
#3124=CARTESIAN_POINT('Ctrl Pts',(28.7344149031615,37.6090224961431,41.6618988843371));
#3125=CARTESIAN_POINT('Ctrl Pts',(28.6575903705182,37.5859588171572,41.6633141093286));
#3126=CARTESIAN_POINT('',(28.8111782142028,37.10319712604,41.6922460762439));
#3127=CARTESIAN_POINT('Ctrl Pts',(28.6575903705182,37.5859588171571,41.6633141093285));
#3128=CARTESIAN_POINT('Ctrl Pts',(28.6777668900022,37.5260482892369,41.7055511935348));
#3129=CARTESIAN_POINT('Ctrl Pts',(28.7308585783709,37.3641395614946,41.7700000973483));
#3130=CARTESIAN_POINT('Ctrl Pts',(28.7852018092872,37.1895254144005,41.7386012633804));
#3131=CARTESIAN_POINT('Ctrl Pts',(28.8111782142028,37.10319712604,41.6922460762439));
#3132=CARTESIAN_POINT('Ctrl Pts',(28.8111782142028,37.10319712604,41.6922460762439));
#3133=CARTESIAN_POINT('Ctrl Pts',(29.9457176717272,37.4621802809501,41.659474232139));
#3134=CARTESIAN_POINT('Ctrl Pts',(31.8601082116611,37.990462312453,41.5668150588152));
#3135=CARTESIAN_POINT('Ctrl Pts',(34.6250769358975,38.2152923328916,41.173400579997));
#3136=CARTESIAN_POINT('Ctrl Pts',(36.1337977307813,37.8459759246675,40.7214182967633));
#3137=CARTESIAN_POINT('Ctrl Pts',(36.8102435648473,37.5337150487496,40.4480202697993));
#3138=CARTESIAN_POINT('Ctrl Pts',(26.456897786894,37.0540452061076,42.0958558154));
#3139=CARTESIAN_POINT('Ctrl Pts',(27.2025634334048,36.8458746908396,41.860101710788));
#3140=CARTESIAN_POINT('Ctrl Pts',(28.0398946838785,36.8591529077366,41.7145250577714));
#3141=CARTESIAN_POINT('Ctrl Pts',(28.8111782142028,37.10319712604,41.6922460762439));
#3142=CARTESIAN_POINT('Ctrl Pts',(26.5031778174998,37.1674076663723,42.1421358460058));
#3143=CARTESIAN_POINT('Ctrl Pts',(27.2180205777537,36.9556489919904,41.9097805337555));
#3144=CARTESIAN_POINT('Ctrl Pts',(28.0331644590631,36.953584251714,41.7614612003753));
#3145=CARTESIAN_POINT('Ctrl Pts',(28.7884488598975,37.1787343783542,41.7328068649884));
#3146=CARTESIAN_POINT('Ctrl Pts',(26.5778187430208,37.4396230549151,42.1378515358187));
#3147=CARTESIAN_POINT('Ctrl Pts',(27.2356727921678,37.2114857483201,41.9334354972406));
#3148=CARTESIAN_POINT('Ctrl Pts',(28.0091703035051,37.1701603871024,41.7968948373987));
#3149=CARTESIAN_POINT('Ctrl Pts',(28.7352233213841,37.3504223832892,41.7708464722937));
#3150=CARTESIAN_POINT('Ctrl Pts',(26.5741235622275,37.6453123935036,41.9445406916689));
#3151=CARTESIAN_POINT('Ctrl Pts',(27.2226071384799,37.4202861118202,41.7896531557429));
#3152=CARTESIAN_POINT('Ctrl Pts',(27.9757553646043,37.3670729701372,41.7042810834678));
#3153=CARTESIAN_POINT('Ctrl Pts',(28.681129643244,37.5160632012485,41.7125907075692));
#3154=CARTESIAN_POINT('Ctrl Pts',(26.553004107527,37.7014366051834,41.8281844655378));
#3155=CARTESIAN_POINT('Ctrl Pts',(27.2109383593627,37.4885680945674,41.6916694470177));
#3156=CARTESIAN_POINT('Ctrl Pts',(27.9601612717536,37.4431255678319,41.6331811005908));
#3157=CARTESIAN_POINT('Ctrl Pts',(28.6575903705182,37.5859588171571,41.6633141093286));
#3158=CARTESIAN_POINT('Ctrl Pts',(28.6575903705182,37.5859588171571,41.6633141093285));
#3159=CARTESIAN_POINT('Ctrl Pts',(27.9601612717536,37.4431255678319,41.6331811005908));
#3160=CARTESIAN_POINT('Ctrl Pts',(27.2109383593627,37.4885680945674,41.6916694470177));
#3161=CARTESIAN_POINT('Ctrl Pts',(26.553004107527,37.7014366051834,41.8281844655378));
#3162=CARTESIAN_POINT('Origin',(27.6928163592733,39.5043263960984,43.0534167262689));
#3163=CARTESIAN_POINT('Origin',(23.4841733019338,42.5007984944671,38.7978818009185));
#3164=CARTESIAN_POINT('Origin',(23.1779870840859,42.7507984944671,38.4916955830706));
#3165=CARTESIAN_POINT('Ctrl Pts',(22.7770665207473,40.7687476868982,38.0907750197319));
#3166=CARTESIAN_POINT('Ctrl Pts',(22.7924243048392,40.778324262345,38.0519595123121));
#3167=CARTESIAN_POINT('Ctrl Pts',(22.808275611075,40.7882075878594,38.011900092285));
#3168=CARTESIAN_POINT('Ctrl Pts',(22.8441740848756,40.8103354011795,37.9218010966915));
#3169=CARTESIAN_POINT('Ctrl Pts',(22.8644186934866,40.822647718917,37.871395271427));
#3170=CARTESIAN_POINT('Ctrl Pts',(22.885246670446,40.8348898811562,37.8205802436332));
#3171=CARTESIAN_POINT('Ctrl Pts',(26.2865537348601,44.327683951851,35.2917770752865));
#3172=CARTESIAN_POINT('Ctrl Pts',(26.1820858156331,43.6698050070248,35.7074244605735));
#3173=CARTESIAN_POINT('Ctrl Pts',(25.6593610301928,42.8274618199743,36.0729169801229));
#3174=CARTESIAN_POINT('Ctrl Pts',(24.9279870840858,42.1384260587713,36.2416955830706));
#3175=CARTESIAN_POINT('Ctrl Pts',(26.3145660688184,44.3711386820902,35.3523445909203));
#3176=CARTESIAN_POINT('Ctrl Pts',(26.2013540319862,43.7120170229162,35.790363525205));
#3177=CARTESIAN_POINT('Ctrl Pts',(25.64958034682,42.8809629118199,36.1755720132315));
#3178=CARTESIAN_POINT('Ctrl Pts',(24.895262160611,42.2185854231564,36.3398703534953));
#3179=CARTESIAN_POINT('Ctrl Pts',(26.4066927388587,44.4467859786871,35.4647450182773));
#3180=CARTESIAN_POINT('Ctrl Pts',(26.2896967082307,43.7761038542926,35.955707596391));
#3181=CARTESIAN_POINT('Ctrl Pts',(25.6999359290703,42.9516776245777,36.4009014050041));
#3182=CARTESIAN_POINT('Ctrl Pts',(24.8965366372565,42.323942899896,36.601765842031));
#3183=CARTESIAN_POINT('Ctrl Pts',(26.550321874488,44.4831278324428,35.5346995317068));
#3184=CARTESIAN_POINT('Ctrl Pts',(26.4501821963582,43.7804614477833,36.0751704250996));
#3185=CARTESIAN_POINT('Ctrl Pts',(25.8625226982264,42.921182634994,36.5799408453359));
#3186=CARTESIAN_POINT('Ctrl Pts',(25.0290139375486,42.260062123569,36.8427224365334));
#3187=CARTESIAN_POINT('Ctrl Pts',(26.6270312123892,44.4894181806832,35.555133263176));
#3188=CARTESIAN_POINT('Ctrl Pts',(26.5370803215206,43.7666020858591,36.1153265029499));
#3189=CARTESIAN_POINT('Ctrl Pts',(25.9530663166725,42.8836480378222,36.641584129339));
#3190=CARTESIAN_POINT('Ctrl Pts',(25.1091733019337,42.1946122766192,36.9228818009185));
#3191=CARTESIAN_POINT('Ctrl Pts',(25.1091733019337,42.1946122766192,36.9228818009185));
#3192=CARTESIAN_POINT('Ctrl Pts',(25.9530663166725,42.8836480378222,36.641584129339));
#3193=CARTESIAN_POINT('Ctrl Pts',(26.5370803215206,43.7666020858591,36.1153265029499));
#3194=CARTESIAN_POINT('Ctrl Pts',(26.6270312123892,44.4894181806832,35.555133263176));
#3195=CARTESIAN_POINT('',(26.2865537348601,44.327683951851,35.2917770752865));
#3196=CARTESIAN_POINT('Origin',(26.647258402748,44.2359637507712,35.2313494782718));
#3197=CARTESIAN_POINT('Ctrl Pts',(26.2865537348601,44.327683951851,35.2917770752865));
#3198=CARTESIAN_POINT('Ctrl Pts',(26.1820858156331,43.6698050070248,35.7074244605735));
#3199=CARTESIAN_POINT('Ctrl Pts',(25.6593610301928,42.8274618199743,36.0729169801229));
#3200=CARTESIAN_POINT('Ctrl Pts',(24.9279870840859,42.1384260587713,36.2416955830706));
#3201=CARTESIAN_POINT('Origin',(34.4276213493246,39.8173058955849,34.4276213493244));
#3202=CARTESIAN_POINT('Origin',(33.7205145681381,38.085255088016,33.7205145681378));
#3203=CARTESIAN_POINT('Origin',(33.9276213493246,38.5925610241933,33.9276213493244));
#3204=CARTESIAN_POINT('Origin',(43.3231796335373,37.1729151245988,32.0094711345525));
#3205=CARTESIAN_POINT('Ctrl Pts',(35.4841362035688,44.6115358041496,26.7131658996617));
#3206=CARTESIAN_POINT('Ctrl Pts',(35.4842708461159,44.6089364353582,26.7072027001107));
#3207=CARTESIAN_POINT('Ctrl Pts',(35.4847405711162,44.6059910804633,26.7013972585079));
#3208=CARTESIAN_POINT('Ctrl Pts',(35.48553634964,44.6027429927455,26.6958284365305));
#3209=CARTESIAN_POINT('Ctrl Pts',(35.4858369184223,44.6015161768148,26.6937250698389));
#3210=CARTESIAN_POINT('Ctrl Pts',(35.4861840022534,44.6002461727473,26.6916554593954));
#3211=CARTESIAN_POINT('Ctrl Pts',(35.4865767030617,44.5989355603737,26.6896232302546));
#3212=CARTESIAN_POINT('Ctrl Pts',(35.4872237009156,44.596776248819,26.6862750123116));
#3213=CARTESIAN_POINT('Ctrl Pts',(35.4879944790303,44.5945067502812,26.6830282332661));
#3214=CARTESIAN_POINT('Ctrl Pts',(35.4888850978847,44.5921385447472,26.6798991946653));
#3215=CARTESIAN_POINT('Ctrl Pts',(35.4900669821219,44.5889958482088,26.6757468444416));
#3216=CARTESIAN_POINT('Ctrl Pts',(35.4914599130125,44.5856793217161,26.6718018394878));
#3217=CARTESIAN_POINT('Ctrl Pts',(35.4930518818619,44.5822163723883,26.6680952871777));
#3218=CARTESIAN_POINT('Ctrl Pts',(35.4956477486356,44.5765696820641,26.6620513774683));
#3219=CARTESIAN_POINT('Ctrl Pts',(35.4987720638671,44.5705354203095,26.6566434608826));
#3220=CARTESIAN_POINT('Ctrl Pts',(35.5023765886814,44.5642179100455,26.6519823587492));
#3221=CARTESIAN_POINT('Ctrl Pts',(35.5049840821645,44.5596478577663,26.6486105430278));
#3222=CARTESIAN_POINT('Ctrl Pts',(35.5078437993172,44.5549288330881,26.6456304919215));
#3223=CARTESIAN_POINT('Ctrl Pts',(35.5109191113261,44.5501079851397,26.6430478103472));
#3224=CARTESIAN_POINT('Ctrl Pts',(35.5139606655481,44.5453400557757,26.6404934789417));
#3225=CARTESIAN_POINT('Ctrl Pts',(35.5172104922565,44.5404753127232,26.6383268208587));
#3226=CARTESIAN_POINT('Ctrl Pts',(35.520626650504,44.5355498559915,26.6365104398584));
#3227=CARTESIAN_POINT('Ctrl Pts',(35.5238633672156,44.530883120155,26.6347894684302));
#3228=CARTESIAN_POINT('Ctrl Pts',(35.5272484763678,44.5261630050078,26.6333829222481));
#3229=CARTESIAN_POINT('Ctrl Pts',(35.5307650986628,44.5213838510195,26.6322263004597));
#3230=CARTESIAN_POINT('Ctrl Pts',(35.5342719773595,44.5166179387596,26.6310728833539));
#3231=CARTESIAN_POINT('Ctrl Pts',(35.5379122655565,44.5117892054975,26.6301658153531));
#3232=CARTESIAN_POINT('Ctrl Pts',(35.5416561754445,44.50688838873,26.6293930446107));
#3233=CARTESIAN_POINT('Ctrl Pts',(35.5446981268019,44.5029064429395,26.6287651633103));
#3234=CARTESIAN_POINT('Ctrl Pts',(35.5478088359258,44.4988758663036,26.6282244345561));
#3235=CARTESIAN_POINT('Ctrl Pts',(35.5509495183613,44.4948185048502,26.6277080165997));
#3236=CARTESIAN_POINT('Ctrl Pts',(35.5523404158348,44.4930216425724,26.6274793133017));
#3237=CARTESIAN_POINT('Ctrl Pts',(35.5537368223246,44.4912200052164,26.6272554405475));
#3238=CARTESIAN_POINT('Ctrl Pts',(35.5551332631755,44.4894181806837,26.6270312123889));
#3239=CARTESIAN_POINT('',(39.3773688176304,41.5493567031538,30.8920874433915));
#3240=CARTESIAN_POINT('Origin',(34.4276213493246,39.8173058955849,34.4276213493244));
#3241=CARTESIAN_POINT('',(30.892087443392,41.5493567031537,39.3773688176303));
#3242=CARTESIAN_POINT('Origin',(33.9276213493246,38.5925610241933,33.9276213493244));
#3243=CARTESIAN_POINT('Origin',(31.0970882645654,44.9180977559803,30.9206713414655));
#3244=CARTESIAN_POINT('',(26.6760315642704,45.1931081123911,34.6680929823132));
#3245=CARTESIAN_POINT('Ctrl Pts',(27.1598654380992,44.7162763656073,35.3522535935244));
#3246=CARTESIAN_POINT('Ctrl Pts',(27.1581016932504,44.7177164572461,35.3504898486755));
#3247=CARTESIAN_POINT('Ctrl Pts',(27.1563350862699,44.7191591130164,35.3487226849619));
#3248=CARTESIAN_POINT('Ctrl Pts',(27.1544647318044,44.7206967710861,35.3468265608126));
#3249=CARTESIAN_POINT('Ctrl Pts',(27.1525767447214,44.7222489253045,35.3449125611041));
#3250=CARTESIAN_POINT('Ctrl Pts',(27.1505832740975,44.7238976756257,35.3428674336224));
#3251=CARTESIAN_POINT('Ctrl Pts',(27.1484135104199,44.72570858107,35.3406014035571));
#3252=CARTESIAN_POINT('Ctrl Pts',(27.1461584405148,44.7275906839049,35.3382462824639));
#3253=CARTESIAN_POINT('Ctrl Pts',(27.1437132216997,44.7296477179403,35.3356528190848));
#3254=CARTESIAN_POINT('Ctrl Pts',(27.1410209150608,44.7319249463742,35.3327670783172));
#3255=CARTESIAN_POINT('Ctrl Pts',(27.1381973821388,44.7343131696772,35.3297406830532));
#3256=CARTESIAN_POINT('Ctrl Pts',(27.1351013164605,44.7369437704902,35.3263931188665));
#3257=CARTESIAN_POINT('Ctrl Pts',(27.1317241728169,44.7398371007431,35.3226830797273));
#3258=CARTESIAN_POINT('Ctrl Pts',(27.1279817606884,44.7430433707074,35.3185717664588));
#3259=CARTESIAN_POINT('Ctrl Pts',(27.1238948468133,44.7465720724769,35.3140151615369));
#3260=CARTESIAN_POINT('Ctrl Pts',(27.1194856927086,44.7504144159212,35.3090125347798));
#3261=CARTESIAN_POINT('Ctrl Pts',(27.1142423416303,44.7549837176885,35.3030634280398));
#3262=CARTESIAN_POINT('Ctrl Pts',(27.1085457022504,44.7599953727179,35.2964840698244));
#3263=CARTESIAN_POINT('Ctrl Pts',(27.1024764544856,44.7653847547623,35.2893520815525));
#3264=CARTESIAN_POINT('Ctrl Pts',(27.0969646555377,44.7702791323579,35.2828751527837));
#3265=CARTESIAN_POINT('Ctrl Pts',(27.0911486705793,44.7754822164843,35.275946236551));
#3266=CARTESIAN_POINT('Ctrl Pts',(27.0850922179873,44.7809283359017,35.2686624755136));
#3267=CARTESIAN_POINT('Ctrl Pts',(27.0835498724333,44.7823152530684,35.2668075816988));
#3268=CARTESIAN_POINT('Ctrl Pts',(27.081991735916,44.7837180153672,35.26492966636));
#3269=CARTESIAN_POINT('Ctrl Pts',(27.0804188531359,44.7851353806539,35.2630307274161));
#3270=CARTESIAN_POINT('Ctrl Pts',(27.0739597680868,44.7909558289719,35.2552326840419));
#3271=CARTESIAN_POINT('Ctrl Pts',(27.0672519175404,44.7970225075994,35.2470802676034));
#3272=CARTESIAN_POINT('Ctrl Pts',(27.06040384706,44.8032491296089,35.2386762912586));
#3273=CARTESIAN_POINT('Ctrl Pts',(27.0535214484642,44.809506964527,35.2302301873291));
#3274=CARTESIAN_POINT('Ctrl Pts',(27.0465107684349,44.8159212489585,35.2215291436333));
#3275=CARTESIAN_POINT('Ctrl Pts',(27.0394623790738,44.8224172393512,35.2126656712318));
#3276=CARTESIAN_POINT('Ctrl Pts',(27.0331862471404,44.8282014959598,35.204773325998));
#3277=CARTESIAN_POINT('Ctrl Pts',(27.0268778047292,44.8340511131208,35.1967531911505));
#3278=CARTESIAN_POINT('Ctrl Pts',(27.0205858330525,44.8399318794559,35.1886402859682));
#3279=CARTESIAN_POINT('Ctrl Pts',(27.015671533657,44.8445250098658,35.1823037595052));
#3280=CARTESIAN_POINT('Ctrl Pts',(27.0107675170585,44.8491368747561,35.1759110603901));
#3281=CARTESIAN_POINT('Ctrl Pts',(27.00587366859,44.8537679797824,35.1694610643337));
#3282=CARTESIAN_POINT('Ctrl Pts',(27.0049943963434,44.8546000452104,35.1683022008013));
#3283=CARTESIAN_POINT('Ctrl Pts',(27.004115450464,44.8554327333094,35.167141485661));
#3284=CARTESIAN_POINT('Ctrl Pts',(27.0032367846129,44.8562660512284,35.1659789477268));
#3285=CARTESIAN_POINT('Ctrl Pts',(26.9977886747761,44.8614329841938,35.1587707077035));
#3286=CARTESIAN_POINT('Ctrl Pts',(26.9923554521928,44.8666229330083,35.1514912020229));
#3287=CARTESIAN_POINT('Ctrl Pts',(26.9869168615228,44.871858071425,35.1441063725713));
#3288=CARTESIAN_POINT('Ctrl Pts',(26.9816399038606,44.8769376233634,35.1369410176618));
#3289=CARTESIAN_POINT('Ctrl Pts',(26.976358100943,44.8820595333042,35.1296767526783));
#3290=CARTESIAN_POINT('Ctrl Pts',(26.9710241913527,44.8872697231346,35.1222483556199));
#3291=CARTESIAN_POINT('Ctrl Pts',(26.9656034800238,44.8925647013418,35.1146990720393));
#3292=CARTESIAN_POINT('Ctrl Pts',(26.9601239866531,44.8979555571284,35.106973721259));
#3293=CARTESIAN_POINT('Ctrl Pts',(26.9545317355788,44.9034931532599,35.0990016894994));
#3294=CARTESIAN_POINT('Ctrl Pts',(26.9487170112133,44.9092510483765,35.0907125110096));
#3295=CARTESIAN_POINT('Ctrl Pts',(26.9427805282947,44.9151674547583,35.0821568191585));
#3296=CARTESIAN_POINT('Ctrl Pts',(26.9366867854655,44.9212718723755,35.0732978545614));
#3297=CARTESIAN_POINT('Ctrl Pts',(26.9364290365522,44.9215300728035,35.0729231442132));
#3298=CARTESIAN_POINT('Ctrl Pts',(26.9361709946074,44.92178861398,35.0725478922349));
#3299=CARTESIAN_POINT('Ctrl Pts',(26.935912660276,44.9220474956033,35.0721720987208));
#3300=CARTESIAN_POINT('Ctrl Pts',(26.9297562721388,44.9282169263026,35.0632165304859));
#3301=CARTESIAN_POINT('Ctrl Pts',(26.9234339208357,44.9345797360872,35.0539532449365));
#3302=CARTESIAN_POINT('Ctrl Pts',(26.9169555445746,44.9411320315969,35.0443818412244));
#3303=CARTESIAN_POINT('Ctrl Pts',(26.9087999698411,44.9493806626662,35.0323324796046));
#3304=CARTESIAN_POINT('Ctrl Pts',(26.9003976114097,44.9579295155332,35.0197945114956));
#3305=CARTESIAN_POINT('Ctrl Pts',(26.8917824867762,44.9667377437969,35.0068339716013));
#3306=CARTESIAN_POINT('Ctrl Pts',(26.8843642533115,44.974322253186,34.9956740273341));
#3307=CARTESIAN_POINT('Ctrl Pts',(26.8767902782132,44.9820969132579,34.9842040520922));
#3308=CARTESIAN_POINT('Ctrl Pts',(26.8690952319983,44.9900178202752,34.9724969165883));
#3309=CARTESIAN_POINT('Ctrl Pts',(26.8553978216819,45.0041172695134,34.9516578684333));
#3310=CARTESIAN_POINT('Ctrl Pts',(26.8413170092312,45.0186800326653,34.930067336447));
#3311=CARTESIAN_POINT('Ctrl Pts',(26.8272018378709,45.0333469085051,34.9082561426169));
#3312=CARTESIAN_POINT('Ctrl Pts',(26.8193564028703,45.0414989895621,34.8961331368728));
#3313=CARTESIAN_POINT('Ctrl Pts',(26.8115005722068,45.0496827331615,34.8839429704352));
#3314=CARTESIAN_POINT('Ctrl Pts',(26.8036917925569,45.0578371746347,34.8717775299586));
#3315=CARTESIAN_POINT('Ctrl Pts',(26.8027751374797,45.0587944061757,34.8703494562674));
#3316=CARTESIAN_POINT('Ctrl Pts',(26.8018591292909,45.0597512341059,34.868921724352));
#3317=CARTESIAN_POINT('Ctrl Pts',(26.8009438642984,45.060707559475,34.867494480281));
#3318=CARTESIAN_POINT('Ctrl Pts',(26.7919994554337,45.0700532300507,34.8535467660935));
#3319=CARTESIAN_POINT('Ctrl Pts',(26.7831252730008,45.0793506930854,34.8396469115524));
#3320=CARTESIAN_POINT('Ctrl Pts',(26.7743935063958,45.0885245319791,34.8259074582524));
#3321=CARTESIAN_POINT('Ctrl Pts',(26.766487375847,45.0968309344757,34.8134671450405));
#3322=CARTESIAN_POINT('Ctrl Pts',(26.7586994449964,45.105035378692,34.8011583787087));
#3323=CARTESIAN_POINT('Ctrl Pts',(26.7510618600557,45.1131037191872,34.7890326511685));
#3324=CARTESIAN_POINT('Ctrl Pts',(26.7471025761235,45.1172863045372,34.7827467376777));
#3325=CARTESIAN_POINT('Ctrl Pts',(26.7431835918336,45.121432308355,34.7765101306226));
#3326=CARTESIAN_POINT('Ctrl Pts',(26.739305843365,45.1255408292564,34.7703241017045));
#3327=CARTESIAN_POINT('Ctrl Pts',(26.7363608146099,45.1286611224611,34.7656260060978));
#3328=CARTESIAN_POINT('Ctrl Pts',(26.7334395675617,45.131759796659,34.7609570842847));
#3329=CARTESIAN_POINT('Ctrl Pts',(26.7305422074844,45.1348365040818,34.7563180826686));
#3330=CARTESIAN_POINT('Ctrl Pts',(26.7240752611189,45.1417037561163,34.7459637691417));
#3331=CARTESIAN_POINT('Ctrl Pts',(26.7177279846116,45.148461318181,34.7357584692743));
#3332=CARTESIAN_POINT('Ctrl Pts',(26.7114812294748,45.1551277286642,34.7256759205078));
#3333=CARTESIAN_POINT('Ctrl Pts',(26.7054394605253,45.1615753820427,34.7159242288317));
#3334=CARTESIAN_POINT('Ctrl Pts',(26.6994918607,45.1679376317366,34.7062875612999));
#3335=CARTESIAN_POINT('Ctrl Pts',(26.6935975414384,45.1742551641023,34.6967071426688));
#3336=CARTESIAN_POINT('Ctrl Pts',(26.687713378917,45.1805618104722,34.6871432324449));
#3337=CARTESIAN_POINT('Ctrl Pts',(26.681880911025,45.1868254312304,34.6776330125871));
#3338=CARTESIAN_POINT('Ctrl Pts',(26.6760321384604,45.1931075368291,34.668093811828));
#3339=CARTESIAN_POINT('',(34.6722706859092,45.1897415088046,26.6801003263396));
#3340=CARTESIAN_POINT('Ctrl Pts',(34.6722711635024,45.1897411778057,26.6801006557515));
#3341=CARTESIAN_POINT('Ctrl Pts',(34.689164460045,45.178640654597,26.6903980084742));
#3342=CARTESIAN_POINT('Ctrl Pts',(34.7060355433302,45.1675404356984,26.700716806535));
#3343=CARTESIAN_POINT('Ctrl Pts',(34.7231889841309,45.1562186351905,26.7112959992443));
#3344=CARTESIAN_POINT('Ctrl Pts',(34.7348873924135,45.1484973245582,26.7185108616765));
#3345=CARTESIAN_POINT('Ctrl Pts',(34.7467185596116,45.1406719734186,26.7258478079172));
#3346=CARTESIAN_POINT('Ctrl Pts',(34.7587353844495,45.1327037882128,26.7333489661814));
#3347=CARTESIAN_POINT('Ctrl Pts',(34.7637480038691,45.1293799917491,26.7364779500929));
#3348=CARTESIAN_POINT('Ctrl Pts',(34.7687929506815,45.126031385109,26.7396353786443));
#3349=CARTESIAN_POINT('Ctrl Pts',(34.7738710969842,45.122657162438,26.7428223538348));
#3350=CARTESIAN_POINT('Ctrl Pts',(34.7810067415345,45.1179158154624,26.7473005867951));
#3351=CARTESIAN_POINT('Ctrl Pts',(34.7882079473579,45.1131238849698,26.7518371621214));
#3352=CARTESIAN_POINT('Ctrl Pts',(34.7954775130992,45.108279350431,26.7564342307439));
#3353=CARTESIAN_POINT('Ctrl Pts',(34.8049669074436,45.1019554928185,26.7624350564519));
#3354=CARTESIAN_POINT('Ctrl Pts',(34.8145737679387,45.0955427499145,26.7685361399221));
#3355=CARTESIAN_POINT('Ctrl Pts',(34.8242859099308,45.0890462994653,26.7747369843686));
#3356=CARTESIAN_POINT('Ctrl Pts',(34.8279279048088,45.08661016959,26.7770622637696));
#3357=CARTESIAN_POINT('Ctrl Pts',(34.8315847138066,45.0841622638602,26.7794015741108));
#3358=CARTESIAN_POINT('Ctrl Pts',(34.8352558299325,45.0817028566212,26.781754750347));
#3359=CARTESIAN_POINT('Ctrl Pts',(34.84815301236,45.0730625895366,26.7900218119606));
#3360=CARTESIAN_POINT('Ctrl Pts',(34.8612264155054,45.0642805221213,26.7984599937318));
#3361=CARTESIAN_POINT('Ctrl Pts',(34.8744242317014,45.0553923339743,26.8070337049176));
#3362=CARTESIAN_POINT('Ctrl Pts',(34.8909032089328,45.0442944183853,26.8177389601901));
#3363=CARTESIAN_POINT('Ctrl Pts',(34.9075794913148,45.033028678986,26.8286579942811));
#3364=CARTESIAN_POINT('Ctrl Pts',(34.9243049101801,45.0216983055467,26.8396862112468));
#3365=CARTESIAN_POINT('Ctrl Pts',(34.9408644953166,45.0104802735735,26.8506050826497));
#3366=CARTESIAN_POINT('Ctrl Pts',(34.9574732732261,44.9991978358581,26.8616325214197));
#3367=CARTESIAN_POINT('Ctrl Pts',(34.9739545046377,44.9879706521387,26.8726521616651));
#3368=CARTESIAN_POINT('Ctrl Pts',(34.9786857499805,44.9847476793305,26.8758155552422));
#3369=CARTESIAN_POINT('Ctrl Pts',(34.983406499244,44.9815292714419,26.8789782630989));
#3370=CARTESIAN_POINT('Ctrl Pts',(34.9881126030833,44.9783182713957,26.8821374708896));
#3371=CARTESIAN_POINT('Ctrl Pts',(34.999983951822,44.970218386087,26.8901067080127));
#3372=CARTESIAN_POINT('Ctrl Pts',(35.011760579913,44.9621666277737,26.8980527788425));
#3373=CARTESIAN_POINT('Ctrl Pts',(35.0233733126161,44.9542104597891,26.9059285975041));
#3374=CARTESIAN_POINT('Ctrl Pts',(35.0342706944145,44.9467443962538,26.9133192612801));
#3375=CARTESIAN_POINT('Ctrl Pts',(35.0450237559337,44.9393625052179,26.9206480656459));
#3376=CARTESIAN_POINT('Ctrl Pts',(35.0555754471212,44.9321040543613,26.9278758749981));
#3377=CARTESIAN_POINT('Ctrl Pts',(35.0612959358149,44.9281689613681,26.9317943560211));
#3378=CARTESIAN_POINT('Ctrl Pts',(35.0669568827407,44.9242707595242,26.9356820143401));
#3379=CARTESIAN_POINT('Ctrl Pts',(35.0725509040836,44.9204146018926,26.9395336114243));
#3380=CARTESIAN_POINT('Ctrl Pts',(35.082329865089,44.9136736166874,26.9462666242939));
#3381=CARTESIAN_POINT('Ctrl Pts',(35.0919041625789,44.9070610938427,26.9528896335916));
#3382=CARTESIAN_POINT('Ctrl Pts',(35.1012302011028,44.9006040865098,26.9593799682852));
#3383=CARTESIAN_POINT('Ctrl Pts',(35.1081065641259,44.8958431447283,26.9641654833117));
#3384=CARTESIAN_POINT('Ctrl Pts',(35.114848349314,44.891166516138,26.9688790519195));
#3385=CARTESIAN_POINT('Ctrl Pts',(35.1214421068753,44.8865829609117,26.9735126659233));
#3386=CARTESIAN_POINT('Ctrl Pts',(35.1321446388646,44.8791432505525,26.9810336282336));
#3387=CARTESIAN_POINT('Ctrl Pts',(35.1424551888992,44.8719500548499,26.9883427374257));
#3388=CARTESIAN_POINT('Ctrl Pts',(35.1523289810257,44.8650366154182,26.9954033443908));
#3389=CARTESIAN_POINT('Ctrl Pts',(35.1583530291068,44.8608186927591,26.9997110546702));
#3390=CARTESIAN_POINT('Ctrl Pts',(35.1642156857274,44.8567041235013,27.003926993307));
#3391=CARTESIAN_POINT('Ctrl Pts',(35.1699103292413,44.8526983353349,27.008044486866));
#3392=CARTESIAN_POINT('Ctrl Pts',(35.1802809752657,44.8454033025518,27.0155429489038));
#3393=CARTESIAN_POINT('Ctrl Pts',(35.1900921396494,44.8384698225313,27.0227152727447));
#3394=CARTESIAN_POINT('Ctrl Pts',(35.1993386690651,44.8318948701497,27.029574021754));
#3395=CARTESIAN_POINT('Ctrl Pts',(35.2077427476522,44.825918961348,27.035807870487));
#3396=CARTESIAN_POINT('Ctrl Pts',(35.2156801614036,44.8202397421816,27.0417816458729));
#3397=CARTESIAN_POINT('Ctrl Pts',(35.2231845606956,44.8148364671802,27.0475125131365));
#3398=CARTESIAN_POINT('Ctrl Pts',(35.2304450755166,44.8096087924918,27.0530571337098));
#3399=CARTESIAN_POINT('Ctrl Pts',(35.237299591503,44.8046385659874,27.0583771361211));
#3400=CARTESIAN_POINT('Ctrl Pts',(35.2438116018218,44.7998800599386,27.0635210374596));
#3401=CARTESIAN_POINT('Ctrl Pts',(35.250316184712,44.7951269813172,27.0686590717988));
#3402=CARTESIAN_POINT('Ctrl Pts',(35.2564786684431,44.7905854139983,27.0736211110586));
#3403=CARTESIAN_POINT('Ctrl Pts',(35.2624027342208,44.7861837155606,27.0784789606435));
#3404=CARTESIAN_POINT('Ctrl Pts',(35.2675862917763,44.7823322294276,27.0827295790303));
#3405=CARTESIAN_POINT('Ctrl Pts',(35.2725905988193,44.7785891936538,27.0868937996301));
#3406=CARTESIAN_POINT('Ctrl Pts',(35.2775085583763,44.7748844656209,27.0910505333897));
#3407=CARTESIAN_POINT('Ctrl Pts',(35.2806771603822,44.7724975389817,27.0937286837031));
#3408=CARTESIAN_POINT('Ctrl Pts',(35.2838146077835,44.7701228741434,27.0964079534675));
#3409=CARTESIAN_POINT('Ctrl Pts',(35.2869260420845,44.7677566922357,27.0990924574815));
#3410=CARTESIAN_POINT('Ctrl Pts',(35.2909573047652,44.7646909997294,27.1025705771527));
#3411=CARTESIAN_POINT('Ctrl Pts',(35.2949421457636,44.7616413834984,27.1060557398364));
#3412=CARTESIAN_POINT('Ctrl Pts',(35.2988069366969,44.7586654704436,27.1094804174107));
#3413=CARTESIAN_POINT('Ctrl Pts',(35.3017370824314,44.7564092400046,27.1120768849971));
#3414=CARTESIAN_POINT('Ctrl Pts',(35.3045956433274,44.7541974043056,27.1146361929617));
#3415=CARTESIAN_POINT('Ctrl Pts',(35.3073438481818,44.7520614811035,27.1171199100849));
#3416=CARTESIAN_POINT('Ctrl Pts',(35.3099970422278,44.7499994009373,27.1195177602571));
#3417=CARTESIAN_POINT('Ctrl Pts',(35.3125462317213,44.7480089870138,27.1218440693855));
#3418=CARTESIAN_POINT('Ctrl Pts',(35.3149776669585,44.7461068981226,27.1240717811165));
#3419=CARTESIAN_POINT('Ctrl Pts',(35.3172569247194,44.7443238562381,27.1261600659183));
#3420=CARTESIAN_POINT('Ctrl Pts',(35.3194308723925,44.7426185825037,27.1281631677647));
#3421=CARTESIAN_POINT('Ctrl Pts',(35.3215079481885,44.7409824183729,27.1300938580898));
#3422=CARTESIAN_POINT('Ctrl Pts',(35.3236132492691,44.7393240204852,27.1320507844742));
#3423=CARTESIAN_POINT('Ctrl Pts',(35.3256223742665,44.7377339876492,27.1339364277058));
#3424=CARTESIAN_POINT('Ctrl Pts',(35.3275714077555,44.7361852890974,27.1357809152412));
#3425=CARTESIAN_POINT('Ctrl Pts',(35.3296125328821,44.734563414694,27.1377125546282));
#3426=CARTESIAN_POINT('Ctrl Pts',(35.3315878112976,44.7329868549238,27.1395990436557));
#3427=CARTESIAN_POINT('Ctrl Pts',(35.3334941223122,44.7314601569872,27.1414323641694));
#3428=CARTESIAN_POINT('Ctrl Pts',(35.3362175053673,44.7292790945797,27.1440514719557));
#3429=CARTESIAN_POINT('Ctrl Pts',(35.3387964041696,44.7272028365997,27.1465583467602));
#3430=CARTESIAN_POINT('Ctrl Pts',(35.3411553538323,44.7252969324991,27.1488678902733));
#3431=CARTESIAN_POINT('Ctrl Pts',(35.3427349381042,44.7240207136001,27.1504143915261));
#3432=CARTESIAN_POINT('Ctrl Pts',(35.3442141752734,44.7228222398888,27.1518708037341));
#3433=CARTESIAN_POINT('Ctrl Pts',(35.3455858092839,44.721708541851,27.1532271618734));
#3434=CARTESIAN_POINT('Ctrl Pts',(35.346842321021,44.7206883173265,27.1544696798547));
#3435=CARTESIAN_POINT('Ctrl Pts',(35.3480078259347,44.7197398008425,27.1556275564759));
#3436=CARTESIAN_POINT('Ctrl Pts',(35.3491050006203,44.718845548358,27.1567208441454));
#3437=CARTESIAN_POINT('Ctrl Pts',(35.3502021753059,44.7179512958736,27.1578141318148));
#3438=CARTESIAN_POINT('Ctrl Pts',(35.3512300235008,44.7171121070319,27.1588418680757));
#3439=CARTESIAN_POINT('Ctrl Pts',(35.3522535935239,44.7162763656077,27.1598654380988));
#3440=CARTESIAN_POINT('',(34.2301879917025,45.482850155918,26.4042231644865));
#3441=CARTESIAN_POINT('Ctrl Pts',(34.2301927006127,45.482844147797,26.4042264113894));
#3442=CARTESIAN_POINT('Ctrl Pts',(34.2326865568036,45.4811173033013,26.4059624430781));
#3443=CARTESIAN_POINT('Ctrl Pts',(34.2351940031445,45.4793855930514,26.4076968032319));
#3444=CARTESIAN_POINT('Ctrl Pts',(34.2378823024473,45.4775341253736,26.4095436550148));
#3445=CARTESIAN_POINT('Ctrl Pts',(34.2407445831984,45.475562834346,26.4115100314159));
#3446=CARTESIAN_POINT('Ctrl Pts',(34.2438104590746,45.4734567971714,26.4136028719968));
#3447=CARTESIAN_POINT('Ctrl Pts',(34.2472350557237,45.4711120966638,26.4159215951908));
#3448=CARTESIAN_POINT('Ctrl Pts',(34.2500806239154,45.4691638365132,26.4178482702543));
#3449=CARTESIAN_POINT('Ctrl Pts',(34.2531707831051,45.4670529805357,26.4199286311301));
#3450=CARTESIAN_POINT('Ctrl Pts',(34.2565707083902,45.46473719142,26.4222012075304));
#3451=CARTESIAN_POINT('Ctrl Pts',(34.2595559006195,45.4627038891874,26.4241965682639));
#3452=CARTESIAN_POINT('Ctrl Pts',(34.2627800919706,45.4605126186884,26.4263398715237));
#3453=CARTESIAN_POINT('Ctrl Pts',(34.2662760796959,45.4581448996541,26.4286435872867));
#3454=CARTESIAN_POINT('Ctrl Pts',(34.2674889097883,45.4573234891914,26.4294427936974));
#3455=CARTESIAN_POINT('Ctrl Pts',(34.268734451008,45.4564808423777,26.4302613072045));
#3456=CARTESIAN_POINT('Ctrl Pts',(34.2700140887067,45.4556161859479,26.4310996365616));
#3457=CARTESIAN_POINT('Ctrl Pts',(34.2751759465164,45.4521282975015,26.4344813257253));
#3458=CARTESIAN_POINT('Ctrl Pts',(34.2808781404778,45.4482859047088,26.4381910334974));
#3459=CARTESIAN_POINT('Ctrl Pts',(34.2871483424764,45.4440718842391,26.4422430314151));
#3460=CARTESIAN_POINT('Ctrl Pts',(34.293720917445,45.4396546476873,26.4464904320718));
#3461=CARTESIAN_POINT('Ctrl Pts',(34.3009173933875,45.4348292230125,26.4511137843747));
#3462=CARTESIAN_POINT('Ctrl Pts',(34.3087256422279,45.4296049920902,26.4561022355923));
#3463=CARTESIAN_POINT('Ctrl Pts',(34.3112220119414,45.4279347569175,26.4576970898025));
#3464=CARTESIAN_POINT('Ctrl Pts',(34.3137809420952,45.4262237835891,26.4593291712669));
#3465=CARTESIAN_POINT('Ctrl Pts',(34.3164007245315,45.4244731687434,26.4609975019386));
#3466=CARTESIAN_POINT('Ctrl Pts',(34.322492738752,45.4204023075961,26.4648770203427));
#3467=CARTESIAN_POINT('Ctrl Pts',(34.3289138657462,45.4161170975973,26.4689524712862));
#3468=CARTESIAN_POINT('Ctrl Pts',(34.3356440466588,45.4116315225546,26.4732096604313));
#3469=CARTESIAN_POINT('Ctrl Pts',(34.3454174993127,45.4051176478348,26.4793918770893));
#3470=CARTESIAN_POINT('Ctrl Pts',(34.3558537591166,45.3981784985546,26.4859529922708));
#3471=CARTESIAN_POINT('Ctrl Pts',(34.3668365436774,45.3908854955441,26.4928343437784));
#3472=CARTESIAN_POINT('Ctrl Pts',(34.367684159262,45.3903226452964,26.4933654241022));
#3473=CARTESIAN_POINT('Ctrl Pts',(34.3685350267461,45.3897576869751,26.4938984162313));
#3474=CARTESIAN_POINT('Ctrl Pts',(34.369389096908,45.3891906540125,26.4944332874949));
#3475=CARTESIAN_POINT('Ctrl Pts',(34.3839784281699,45.3795045273972,26.5035700240245));
#3476=CARTESIAN_POINT('Ctrl Pts',(34.3994946862334,45.3692151518802,26.5132574857496));
#3477=CARTESIAN_POINT('Ctrl Pts',(34.4156696214413,45.3585094199045,26.5233061312051));
#3478=CARTESIAN_POINT('Ctrl Pts',(34.4162706249153,45.3581116327093,26.5236795033855));
#3479=CARTESIAN_POINT('Ctrl Pts',(34.4168725366369,45.3577132731317,26.5240533693634));
#3480=CARTESIAN_POINT('Ctrl Pts',(34.4174753414812,45.3573143515802,26.5244277187677));
#3481=CARTESIAN_POINT('Ctrl Pts',(34.433850713523,45.3464775295422,26.5345970311522));
#3482=CARTESIAN_POINT('Ctrl Pts',(34.4508855475707,45.3352260918981,26.5451224782053));
#3483=CARTESIAN_POINT('Ctrl Pts',(34.4682630701539,45.3237666470238,26.5558147482998));
#3484=CARTESIAN_POINT('Ctrl Pts',(34.4715558653949,45.3215952439733,26.5578407825584));
#3485=CARTESIAN_POINT('Ctrl Pts',(34.4748609526862,45.3194163689689,26.5598728272412));
#3486=CARTESIAN_POINT('Ctrl Pts',(34.4781761793777,45.3172314258823,26.5619095962288));
#3487=CARTESIAN_POINT('Ctrl Pts',(34.4917140896454,45.3083090907908,26.5702268542494));
#3488=CARTESIAN_POINT('Ctrl Pts',(34.505420505742,45.2992859528166,26.5786225220684));
#3489=CARTESIAN_POINT('Ctrl Pts',(34.5191714160835,45.290242308277,26.587023926264));
#3490=CARTESIAN_POINT('Ctrl Pts',(34.5203541177227,45.2894644737223,26.587746522388));
#3491=CARTESIAN_POINT('Ctrl Pts',(34.5215371481895,45.2886864871908,26.5884691619502));
#3492=CARTESIAN_POINT('Ctrl Pts',(34.5227204272993,45.2879083993956,26.5891918009139));
#3493=CARTESIAN_POINT('Ctrl Pts',(34.5356724421775,45.2793915544541,26.5971017103607));
#3494=CARTESIAN_POINT('Ctrl Pts',(34.5486542930107,45.2708626982222,26.605011205385));
#3495=CARTESIAN_POINT('Ctrl Pts',(34.5615938239015,45.2623688428826,26.6128772860254));
#3496=CARTESIAN_POINT('Ctrl Pts',(34.5644557779026,45.260490179469,26.6146170987862));
#3497=CARTESIAN_POINT('Ctrl Pts',(34.5673156114145,45.2586132401042,26.6163548089959));
#3498=CARTESIAN_POINT('Ctrl Pts',(34.5701728731926,45.2567382876719,26.618090223969));
#3499=CARTESIAN_POINT('Ctrl Pts',(34.5796119008199,45.2505443407455,26.6238232058054));
#3500=CARTESIAN_POINT('Ctrl Pts',(34.5890228432911,45.2443720818442,26.6295311482027));
#3501=CARTESIAN_POINT('Ctrl Pts',(34.598387565065,45.2382305561462,26.635210030631));
#3502=CARTESIAN_POINT('Ctrl Pts',(34.6060355668748,45.2332148812776,26.6398478729651));
#3503=CARTESIAN_POINT('Ctrl Pts',(34.6136525972241,45.2282197998661,26.6444662432975));
#3504=CARTESIAN_POINT('Ctrl Pts',(34.6212395484262,45.2232433876485,26.6490689627784));
#3505=CARTESIAN_POINT('Ctrl Pts',(34.6309170465259,45.2168957496452,26.6549399388586));
#3506=CARTESIAN_POINT('Ctrl Pts',(34.6405421665647,45.2105807435523,26.6607833614699));
#3507=CARTESIAN_POINT('Ctrl Pts',(34.6501322711951,45.204284555013,26.6666157060853));
#3508=CARTESIAN_POINT('Ctrl Pts',(34.65752704194,45.1994296683762,26.6711129303596));
#3509=CARTESIAN_POINT('Ctrl Pts',(34.6649037845796,45.1945841415938,26.6756052558718));
#3510=CARTESIAN_POINT('Ctrl Pts',(34.6722704124029,45.1897416759389,26.680100198));
#3511=CARTESIAN_POINT('',(26.4030221640034,45.4828509776607,34.2313856874941));
#3512=CARTESIAN_POINT('',(33.1456303681194,45.4828493020361,27.488776118627));
#3513=CARTESIAN_POINT('Ctrl Pts',(26.6760313397256,45.1931084028147,34.6680925077283));
#3514=CARTESIAN_POINT('Ctrl Pts',(26.6703888138822,45.1991687964478,34.6588901615303));
#3515=CARTESIAN_POINT('Ctrl Pts',(26.6647359632229,45.2052484299161,34.6496510123688));
#3516=CARTESIAN_POINT('Ctrl Pts',(26.6590472427709,45.2113725796956,34.640338690753));
#3517=CARTESIAN_POINT('Ctrl Pts',(26.6555730626904,45.2151126824749,34.6346515274386));
#3518=CARTESIAN_POINT('Ctrl Pts',(26.6520860285044,45.2188688285434,34.6289379203571));
#3519=CARTESIAN_POINT('Ctrl Pts',(26.6485862077877,45.2226404250835,34.623199254035));
#3520=CARTESIAN_POINT('Ctrl Pts',(26.6433384374162,45.2282957069334,34.6145944695229));
#3521=CARTESIAN_POINT('Ctrl Pts',(26.6380594294569,45.233988419967,34.6059292352977));
#3522=CARTESIAN_POINT('Ctrl Pts',(26.632761088159,45.2397037392056,34.5972279607439));
#3523=CARTESIAN_POINT('Ctrl Pts',(26.6297635898179,45.2429371398066,34.5923052774786));
#3524=CARTESIAN_POINT('Ctrl Pts',(26.6267603501956,45.246177290198,34.5873718019519));
#3525=CARTESIAN_POINT('Ctrl Pts',(26.6237544102481,45.2494205289343,34.5824334618815));
#3526=CARTESIAN_POINT('Ctrl Pts',(26.6229071643398,45.250334659222,34.5810415550266));
#3527=CARTESIAN_POINT('Ctrl Pts',(26.6220597096414,45.2512490286127,34.5796492712813));
#3528=CARTESIAN_POINT('Ctrl Pts',(26.621212157359,45.2521635011427,34.5782568324815));
#3529=CARTESIAN_POINT('Ctrl Pts',(26.6144547436569,45.2594544604531,34.5671551161375));
#3530=CARTESIAN_POINT('Ctrl Pts',(26.6076910571783,45.2667520372672,34.5560434630629));
#3531=CARTESIAN_POINT('Ctrl Pts',(26.6009787650898,45.2739867830178,34.5450343196436));
#3532=CARTESIAN_POINT('Ctrl Pts',(26.5985899509537,45.276561531359,34.5411163141278));
#3533=CARTESIAN_POINT('Ctrl Pts',(26.5962082421271,45.2791281915697,34.537211015095));
#3534=CARTESIAN_POINT('Ctrl Pts',(26.5938367820329,45.2816833169304,34.5333237218267));
#3535=CARTESIAN_POINT('Ctrl Pts',(26.587082895144,45.2889602800616,34.522252762167));
#3536=CARTESIAN_POINT('Ctrl Pts',(26.5804120760176,45.2961436726992,34.5113279347093));
#3537=CARTESIAN_POINT('Ctrl Pts',(26.5738984248455,45.3031538863424,34.5006701394677));
#3538=CARTESIAN_POINT('Ctrl Pts',(26.5713785845706,45.3058658244255,34.4965471152249));
#3539=CARTESIAN_POINT('Ctrl Pts',(26.5688823895148,45.3085517194778,34.4924642378999));
#3540=CARTESIAN_POINT('Ctrl Pts',(26.5664132421453,45.3112078186385,34.4884272976195));
#3541=CARTESIAN_POINT('Ctrl Pts',(26.5627254122057,45.3151748730671,34.482397868427));
#3542=CARTESIAN_POINT('Ctrl Pts',(26.5590979121283,45.3190754623777,34.4764709149974));
#3543=CARTESIAN_POINT('Ctrl Pts',(26.5555422894584,45.3228970429864,34.470665615165));
#3544=CARTESIAN_POINT('Ctrl Pts',(26.5502034717304,45.3286352003212,34.4619488753591));
#3545=CARTESIAN_POINT('Ctrl Pts',(26.5450269334347,45.3341949236128,34.4535069284792));
#3546=CARTESIAN_POINT('Ctrl Pts',(26.5400340915319,45.3395523179581,34.4453768878853));
#3547=CARTESIAN_POINT('Ctrl Pts',(26.5396604896061,45.3399531984353,34.444768537194));
#3548=CARTESIAN_POINT('Ctrl Pts',(26.5392879155911,45.3403529438615,34.4441619388878));
#3549=CARTESIAN_POINT('Ctrl Pts',(26.5389163680564,45.3407515541058,34.4435570947178));
#3550=CARTESIAN_POINT('Ctrl Pts',(26.5346475247507,45.3453313306185,34.4366078224312));
#3551=CARTESIAN_POINT('Ctrl Pts',(26.5305141201443,45.3497612751114,34.4298901234412));
#3552=CARTESIAN_POINT('Ctrl Pts',(26.5265129771109,45.354041216593,34.4234075937159));
#3553=CARTESIAN_POINT('Ctrl Pts',(26.5221168095847,45.3587437077556,34.4162850573735));
#3554=CARTESIAN_POINT('Ctrl Pts',(26.5178829534266,45.3632662458159,34.4094410029416));
#3555=CARTESIAN_POINT('Ctrl Pts',(26.5137848146125,45.367636929414,34.4028331971134));
#3556=CARTESIAN_POINT('Ctrl Pts',(26.5129433215503,45.3685343855743,34.4014763805162));
#3557=CARTESIAN_POINT('Ctrl Pts',(26.5121075033728,45.3694254907665,34.4001294456656));
#3558=CARTESIAN_POINT('Ctrl Pts',(26.5112768772599,45.3703107585801,34.3987916173495));
#3559=CARTESIAN_POINT('Ctrl Pts',(26.5069302530051,45.3749433200788,34.3917908297305));
#3560=CARTESIAN_POINT('Ctrl Pts',(26.5027265149713,45.3794153277186,34.385040430921));
#3561=CARTESIAN_POINT('Ctrl Pts',(26.4985925435342,45.3838041269545,34.3784240836466));
#3562=CARTESIAN_POINT('Ctrl Pts',(26.4955867869875,45.3869951654598,34.3736134241057));
#3563=CARTESIAN_POINT('Ctrl Pts',(26.4926179710095,45.3901421346001,34.3688737714537));
#3564=CARTESIAN_POINT('Ctrl Pts',(26.4896683136717,45.3932635827912,34.3641774734648));
#3565=CARTESIAN_POINT('Ctrl Pts',(26.4875663326151,45.395487985227,34.3608308035711));
#3566=CARTESIAN_POINT('Ctrl Pts',(26.4854752114722,45.3976982247331,34.3575079657148));
#3567=CARTESIAN_POINT('Ctrl Pts',(26.4833925011276,45.3998967688524,34.3542053647901));
#3568=CARTESIAN_POINT('Ctrl Pts',(26.482832182636,45.4004882504896,34.3533168550781));
#3569=CARTESIAN_POINT('Ctrl Pts',(26.4822724728471,45.4010788856347,34.3524298101375));
#3570=CARTESIAN_POINT('Ctrl Pts',(26.4817133224193,45.4016687224011,34.351544161456));
#3571=CARTESIAN_POINT('Ctrl Pts',(26.477824316792,45.4057711577921,34.3453842936728));
#3572=CARTESIAN_POINT('Ctrl Pts',(26.4739585805672,45.4098319315348,34.3393032062669));
#3573=CARTESIAN_POINT('Ctrl Pts',(26.4701331122071,45.4138392298238,34.3333128385719));
#3574=CARTESIAN_POINT('Ctrl Pts',(26.4656895849166,45.4184939642593,34.3263546416071));
#3575=CARTESIAN_POINT('Ctrl Pts',(26.4613013418699,45.4230765664589,34.3195178475707));
#3576=CARTESIAN_POINT('Ctrl Pts',(26.4570244559745,45.427530456958,34.3128849743732));
#3577=CARTESIAN_POINT('Ctrl Pts',(26.4563865824765,45.428194729698,34.3118957186082));
#3578=CARTESIAN_POINT('Ctrl Pts',(26.4557512345318,45.4288561021005,34.3109110416369));
#3579=CARTESIAN_POINT('Ctrl Pts',(26.4551186382672,45.4295143346681,34.3099313039788));
#3580=CARTESIAN_POINT('Ctrl Pts',(26.4492793758881,45.4355902362879,34.3008877076619));
#3581=CARTESIAN_POINT('Ctrl Pts',(26.4436740044372,45.4413986778083,34.292265361187));
#3582=CARTESIAN_POINT('Ctrl Pts',(26.438490377523,45.4467502136736,34.284340455891));
#3583=CARTESIAN_POINT('Ctrl Pts',(26.4348928443277,45.4504642787944,34.2788404246689));
#3584=CARTESIAN_POINT('Ctrl Pts',(26.4314994261003,45.4539571975038,34.2736779743454));
#3585=CARTESIAN_POINT('Ctrl Pts',(26.4283575654076,45.4571805221555,34.268924334366));
#3586=CARTESIAN_POINT('Ctrl Pts',(26.4276848719336,45.4578706576102,34.2679065481226));
#3587=CARTESIAN_POINT('Ctrl Pts',(26.4270236877982,45.4585484061068,34.2669075942673));
#3588=CARTESIAN_POINT('Ctrl Pts',(26.4263742600934,45.4592136022257,34.265927630902));
#3589=CARTESIAN_POINT('Ctrl Pts',(26.4243301032322,45.4613073921894,34.2628430707235));
#3590=CARTESIAN_POINT('Ctrl Pts',(26.4224023114763,45.4632768296039,34.2599467457336));
#3591=CARTESIAN_POINT('Ctrl Pts',(26.4205971082757,45.4651168744995,34.257244777836));
#3592=CARTESIAN_POINT('Ctrl Pts',(26.4182925027509,45.4674659605365,34.2537953212084));
#3593=CARTESIAN_POINT('Ctrl Pts',(26.4161879587579,45.4696039257369,34.2506629413726));
#3594=CARTESIAN_POINT('Ctrl Pts',(26.4142704193628,45.471545832419,34.2478238002684));
#3595=CARTESIAN_POINT('Ctrl Pts',(26.4126772478556,45.4731592492821,34.2454649237186));
#3596=CARTESIAN_POINT('Ctrl Pts',(26.4112121160669,45.4746384758101,34.2433067052998));
#3597=CARTESIAN_POINT('Ctrl Pts',(26.4098501810645,45.4760099363515,34.2413092617733));
#3598=CARTESIAN_POINT('Ctrl Pts',(26.4084523609381,45.4774175330019,34.2392591883425));
#3599=CARTESIAN_POINT('Ctrl Pts',(26.4071633620952,45.4787115523621,34.2373785000358));
#3600=CARTESIAN_POINT('Ctrl Pts',(26.4059326877963,45.4799422400925,34.2355946173624));
#3601=CARTESIAN_POINT('Ctrl Pts',(26.4049362096876,45.4809387290767,34.2341502059256));
#3602=CARTESIAN_POINT('Ctrl Pts',(26.4039783642855,45.4818945144138,34.2327668649481));
#3603=CARTESIAN_POINT('Ctrl Pts',(26.4030214804823,45.4828493028082,34.2313850043728));
#3604=CARTESIAN_POINT('Origin',(34.9452594395297,37.085255088016,34.9452594395294));
#3605=CARTESIAN_POINT('',(35.0448564049791,33.2094173086111,38.6826331099311));
#3606=CARTESIAN_POINT('',(35.7519631861657,34.9414681161801,39.3897398911176));
#3607=CARTESIAN_POINT('',(38.6826331099314,33.2094173086112,35.0448564049787));
#3608=CARTESIAN_POINT('Origin',(34.2381526583431,35.3532042804471,34.2381526583429));
#3609=CARTESIAN_POINT('',(39.3897398911179,34.9414681161801,35.7519631861653));
#3610=CARTESIAN_POINT('Origin',(23.9635927332225,38.2324755037966,43.1168215046706));
#3611=CARTESIAN_POINT('',(26.3199184388639,35.6451937730174,41.4411616107706));
#3612=CARTESIAN_POINT('Origin',(24.4708803028993,41.0187476868983,35.7845888018841));
#3613=CARTESIAN_POINT('',(23.7637735217128,39.2866968793294,35.0774820206975));
#3614=CARTESIAN_POINT('',(24.4708803028993,41.0187476868983,35.7845888018841));
#3615=CARTESIAN_POINT('',(26.592200646459,39.2866968793294,32.2490548959514));
#3616=CARTESIAN_POINT('Origin',(23.2461354315077,42.0187476868983,34.5598439304925));
#3617=CARTESIAN_POINT('',(26.1436952100612,44.8418993448386,34.7013212363512));
#3618=CARTESIAN_POINT('Ctrl Pts',(26.1436953454905,44.8418989399809,34.7013220556038));
#3619=CARTESIAN_POINT('Ctrl Pts',(26.1494286236205,44.8352702707455,34.7112678191878));
#3620=CARTESIAN_POINT('Ctrl Pts',(26.1550161212218,44.8285823989299,34.721244750962));
#3621=CARTESIAN_POINT('Ctrl Pts',(26.1619841431814,44.8199107272351,34.7340704489246));
#3622=CARTESIAN_POINT('Ctrl Pts',(26.1634727718779,44.8180384253439,34.736833574789));
#3623=CARTESIAN_POINT('Ctrl Pts',(26.1687976421767,44.8112665835476,34.7468024607525));
#3624=CARTESIAN_POINT('Ctrl Pts',(26.172587139617,44.8063070036894,34.7540570733214));
#3625=CARTESIAN_POINT('Ctrl Pts',(26.1791587812951,44.7974437012896,34.7669359551001));
#3626=CARTESIAN_POINT('Ctrl Pts',(26.1819614201233,44.7935769522028,34.7725270102199));
#3627=CARTESIAN_POINT('Ctrl Pts',(26.1872655967259,44.7860843677,34.7833064634267));
#3628=CARTESIAN_POINT('Ctrl Pts',(26.1897719002866,44.7824673222696,34.7884869270817));
#3629=CARTESIAN_POINT('Ctrl Pts',(26.1958952110237,44.7734347839231,34.8013679440902));
#3630=CARTESIAN_POINT('Ctrl Pts',(26.1994844467683,44.76796738642,34.8091160778211));
#3631=CARTESIAN_POINT('Ctrl Pts',(26.204810862319,44.7595802093299,34.8209324189775));
#3632=CARTESIAN_POINT('Ctrl Pts',(26.2065916012333,44.7567285089991,34.8249383394581));
#3633=CARTESIAN_POINT('Ctrl Pts',(26.2122537485498,44.7475038205667,34.8378596608235));
#3634=CARTESIAN_POINT('Ctrl Pts',(26.21607288953,44.7410420968358,34.8468570298469));
#3635=CARTESIAN_POINT('Ctrl Pts',(26.2217230599164,44.7311013410356,34.860623213332));
#3636=CARTESIAN_POINT('Ctrl Pts',(26.223622635669,44.7276906466066,34.8653333641443));
#3637=CARTESIAN_POINT('Ctrl Pts',(26.2287836209178,44.7182291247771,34.8783632689877));
#3638=CARTESIAN_POINT('Ctrl Pts',(26.2319886207925,44.7121306135906,34.8867199879125));
#3639=CARTESIAN_POINT('Ctrl Pts',(26.2399461383877,44.6963920670828,34.9081769051916));
#3640=CARTESIAN_POINT('Ctrl Pts',(26.2445620447885,44.6866762289883,34.9213194245969));
#3641=CARTESIAN_POINT('Ctrl Pts',(26.2532996498369,44.6670709117732,34.9476477312678));
#3642=CARTESIAN_POINT('Ctrl Pts',(26.2574154642315,44.6571815390128,34.9608311964717));
#3643=CARTESIAN_POINT('Ctrl Pts',(26.2652459050425,44.6369620516464,34.9875461992873));
#3644=CARTESIAN_POINT('Ctrl Pts',(26.2689265527498,44.626636501495,35.0010574319364));
#3645=CARTESIAN_POINT('Ctrl Pts',(26.2755050205973,44.6064526263663,35.0271033769552));
#3646=CARTESIAN_POINT('Ctrl Pts',(26.2784178934098,44.5965908149983,35.0396517116357));
#3647=CARTESIAN_POINT('Ctrl Pts',(26.2833781141601,44.5780265215203,35.0629054018953));
#3648=CARTESIAN_POINT('Ctrl Pts',(26.285476123618,44.5692948297632,35.0736779997231));
#3649=CARTESIAN_POINT('Ctrl Pts',(26.2890254181062,44.552660082502,35.0937412003289));
#3650=CARTESIAN_POINT('Ctrl Pts',(26.2905073524918,44.5447404079263,35.1030812013536));
#3651=CARTESIAN_POINT('Ctrl Pts',(26.2929671049153,44.5295227031141,35.120533974271));
#3652=CARTESIAN_POINT('Ctrl Pts',(26.2939636937293,44.5222117880115,35.1286817954707));
#3653=CARTESIAN_POINT('Ctrl Pts',(26.2955693230398,44.508093969989,35.1439718067236));
#3654=CARTESIAN_POINT('Ctrl Pts',(26.2961931942638,44.5012804423508,35.1511414693494));
#3655=CARTESIAN_POINT('Ctrl Pts',(26.2968645364981,44.4917788357661,35.1608280699108));
#3656=CARTESIAN_POINT('Ctrl Pts',(26.2970335809847,44.4890583349601,35.1635652553948));
#3657=CARTESIAN_POINT('Ctrl Pts',(26.2974432351743,44.4814781187536,35.1710948925822));
#3658=CARTESIAN_POINT('Ctrl Pts',(26.2976356941838,44.4766202365154,35.1758095068002));
#3659=CARTESIAN_POINT('Ctrl Pts',(26.2978979689117,44.4667054225719,35.185225712245));
#3660=CARTESIAN_POINT('Ctrl Pts',(26.2979641940792,44.4616462570608,35.1899244679984));
#3661=CARTESIAN_POINT('Ctrl Pts',(26.2979747071052,44.449940932152,35.2005768796577));
#3662=CARTESIAN_POINT('Ctrl Pts',(26.2978769856162,44.4432856855169,35.2064782819189));
#3663=CARTESIAN_POINT('Ctrl Pts',(26.2975110434662,44.4309896051122,35.2170729148283));
#3664=CARTESIAN_POINT('Ctrl Pts',(26.2972727380384,44.4253496382104,35.2218210331467));
#3665=CARTESIAN_POINT('Ctrl Pts',(26.2967153563235,44.4150546349862,35.2302710687386));
#3666=CARTESIAN_POINT('Ctrl Pts',(26.2964125919596,44.4103741458693,35.2340248824003));
#3667=CARTESIAN_POINT('Ctrl Pts',(26.2955863150935,44.3992755325885,35.2427173435612));
#3668=CARTESIAN_POINT('Ctrl Pts',(26.2950233409519,44.3929460288249,35.2474961014196));
#3669=CARTESIAN_POINT('Ctrl Pts',(26.2939036456382,44.3818134107546,35.2556485983384));
#3670=CARTESIAN_POINT('Ctrl Pts',(26.2933700735012,44.3769676214262,35.2591081869769));
#3671=CARTESIAN_POINT('Ctrl Pts',(26.2921922169936,44.366981748388,35.2660920881285));
#3672=CARTESIAN_POINT('Ctrl Pts',(26.2915425917385,44.3618692900385,35.2695811592908));
#3673=CARTESIAN_POINT('Ctrl Pts',(26.2903578067715,44.3530511382418,35.2754820182423));
#3674=CARTESIAN_POINT('Ctrl Pts',(26.2898271459834,44.3492753830805,35.2779657805961));
#3675=CARTESIAN_POINT('Ctrl Pts',(26.2888353823504,44.3424582402585,35.2823905568625));
#3676=CARTESIAN_POINT('Ctrl Pts',(26.2883743700554,44.3393858415753,35.284359737209));
#3677=CARTESIAN_POINT('Ctrl Pts',(26.287461639709,44.3334363740088,35.2881444638004));
#3678=CARTESIAN_POINT('Ctrl Pts',(26.2870100335281,44.3305574587463,35.289961595954));
#3679=CARTESIAN_POINT('Ctrl Pts',(26.2865537348601,44.327683951851,35.2917770752865));
#3680=CARTESIAN_POINT('',(25.901034648745,45.0577944725002,34.3863160229836));
#3681=CARTESIAN_POINT('Ctrl Pts',(25.9010346486722,45.0577944723098,34.3863160229108));
#3682=CARTESIAN_POINT('Ctrl Pts',(25.945985110209,45.024695260097,34.431266484448));
#3683=CARTESIAN_POINT('Ctrl Pts',(25.9881794530999,44.9914392190993,34.478904880582));
#3684=CARTESIAN_POINT('Ctrl Pts',(26.0659764437706,44.9236870102734,34.5784342447408));
#3685=CARTESIAN_POINT('Ctrl Pts',(26.101581002343,44.8891914811884,34.6303235052484));
#3686=CARTESIAN_POINT('Ctrl Pts',(26.1368799327205,44.8497136354003,34.6895940880999));
#3687=CARTESIAN_POINT('Ctrl Pts',(26.1403102687931,44.8458137377187,34.6954480338381));
#3688=CARTESIAN_POINT('Ctrl Pts',(26.1436949392026,44.8419001545539,34.7013195978461));
#3689=CARTESIAN_POINT('',(23.9532422126943,40.2866968793294,32.4385235869329));
#3690=CARTESIAN_POINT('',(24.6603489938808,42.0187476868983,33.1456303681194));
#3691=CARTESIAN_POINT('Origin',(22.5390286503212,40.2866968793294,33.852737149306));
#3692=CARTESIAN_POINT('Origin',(8.66084721344467,43.325,17.1461285876833));
#3693=CARTESIAN_POINT('',(21.8247561896902,42.0245984396647,30.3100375639288));
#3694=CARTESIAN_POINT('Ctrl Pts',(25.6762678581706,45.2250906399867,34.1615492324092));
#3695=CARTESIAN_POINT('Ctrl Pts',(25.6867934746951,45.2170260667423,34.1720748489338));
#3696=CARTESIAN_POINT('Ctrl Pts',(25.7079267926464,45.201112270808,34.1932081149648));
#3697=CARTESIAN_POINT('Ctrl Pts',(25.7396407687514,45.1772804126545,34.2249223274365));
#3698=CARTESIAN_POINT('Ctrl Pts',(25.7713867059814,45.1535320327662,34.2566673888235));
#3699=CARTESIAN_POINT('Ctrl Pts',(25.8031854766878,45.1299308727491,34.2884693638548));
#3700=CARTESIAN_POINT('Ctrl Pts',(25.8350303128107,45.1064349130666,34.3203029937124));
#3701=CARTESIAN_POINT('Ctrl Pts',(25.8668562755404,45.0829539022829,34.3521665452276));
#3702=CARTESIAN_POINT('Ctrl Pts',(25.8889066351913,45.066745437818,34.3741254164959));
#3703=CARTESIAN_POINT('Ctrl Pts',(25.9002570205361,45.0583594723405,34.3855515300082));
#3704=CARTESIAN_POINT('Ctrl Pts',(25.9010346486665,45.057794472314,34.3863160229051));
#3705=CARTESIAN_POINT('Origin',(34.4276213493246,39.8173058955849,34.4276213493244));
#3706=CARTESIAN_POINT('Origin',(33.7205145681381,38.085255088016,33.7205145681378));
#3707=CARTESIAN_POINT('Origin',(48.0007631487335,26.4254809471617,48.0007631487335));
#3708=CARTESIAN_POINT('Origin',(29.698484809835,33.575,21.2132034355964));
#3709=CARTESIAN_POINT('Ctrl Pts',(26.4030235305776,45.4828543274117,34.2313870540925));
#3710=CARTESIAN_POINT('Ctrl Pts',(26.402405894233,45.4834699394679,34.2304951960668));
#3711=CARTESIAN_POINT('Ctrl Pts',(26.401785810688,45.4840877769429,34.2296000603236));
#3712=CARTESIAN_POINT('Ctrl Pts',(26.4003577871988,45.4855032851712,34.2275557160857));
#3713=CARTESIAN_POINT('Ctrl Pts',(26.3995441607149,45.4863063771784,34.2263988792917));
#3714=CARTESIAN_POINT('Ctrl Pts',(26.3980456428401,45.4877772783476,34.2242868939816));
#3715=CARTESIAN_POINT('Ctrl Pts',(26.3974598920072,45.4883508135429,34.2234645625277));
#3716=CARTESIAN_POINT('Ctrl Pts',(26.3962805661956,45.4895026845183,34.221815121265));
#3717=CARTESIAN_POINT('Ctrl Pts',(26.3957011913755,45.4900675347905,34.2210070395478));
#3718=CARTESIAN_POINT('Ctrl Pts',(26.3936609887435,45.4920529233285,34.2181691118559));
#3719=CARTESIAN_POINT('Ctrl Pts',(26.3920277525621,45.4936368385224,34.2159086510402));
#3720=CARTESIAN_POINT('Ctrl Pts',(26.3881829491295,45.4973527517451,34.2106104990063));
#3721=CARTESIAN_POINT('Ctrl Pts',(26.3859385922098,45.4995156338481,34.2075290632214));
#3722=CARTESIAN_POINT('Ctrl Pts',(26.380691904526,45.5045561675722,34.2003489008223));
#3723=CARTESIAN_POINT('Ctrl Pts',(26.3776323181133,45.5074871679707,34.1961742268389));
#3724=CARTESIAN_POINT('Ctrl Pts',(26.3716503916022,45.5131983690409,34.188036013357));
#3725=CARTESIAN_POINT('Ctrl Pts',(26.3688038494976,45.5159083835037,34.1841742103746));
#3726=CARTESIAN_POINT('Ctrl Pts',(26.3639960730421,45.5204738176012,34.1776633399477));
#3727=CARTESIAN_POINT('Ctrl Pts',(26.3621002842318,45.5222714337767,34.175098411384));
#3728=CARTESIAN_POINT('Ctrl Pts',(26.355992964595,45.5280484547573,34.166856292309));
#3729=CARTESIAN_POINT('Ctrl Pts',(26.3516700722279,45.5321247432329,34.1610334311968));
#3730=CARTESIAN_POINT('Ctrl Pts',(26.34363501982,45.5396641545669,34.1502623681068));
#3731=CARTESIAN_POINT('Ctrl Pts',(26.3399328494059,45.5431234767057,34.1453201091913));
#3732=CARTESIAN_POINT('Ctrl Pts',(26.3356408692571,45.5471148798437,34.1396205441518));
#3733=CARTESIAN_POINT('Ctrl Pts',(26.3350232208081,45.5476888129718,34.1388010591628));
#3734=CARTESIAN_POINT('Ctrl Pts',(26.3316490269214,45.550821565872,34.1343285116689));
#3735=CARTESIAN_POINT('Ctrl Pts',(26.3289103197455,45.5533546443061,34.1307140552888));
#3736=CARTESIAN_POINT('Ctrl Pts',(26.3230930461187,45.5587114228522,34.1230789607931));
#3737=CARTESIAN_POINT('Ctrl Pts',(26.32002198899,45.5615221630688,34.1190808415852));
#3738=CARTESIAN_POINT('Ctrl Pts',(26.3137594838304,45.5672196684967,34.1109934968111));
#3739=CARTESIAN_POINT('Ctrl Pts',(26.3105732628849,45.5700997146494,34.1069147816949));
#3740=CARTESIAN_POINT('Ctrl Pts',(26.3056476978223,45.5745205299684,34.1006722778507));
#3741=CARTESIAN_POINT('Ctrl Pts',(26.3039096768394,45.5760744069285,34.0984816180591));
#3742=CARTESIAN_POINT('Ctrl Pts',(26.2996270016057,45.5798874780212,34.0931157608011));
#3743=CARTESIAN_POINT('Ctrl Pts',(26.2970664361884,45.5821538124647,34.0899348905887));
#3744=CARTESIAN_POINT('Ctrl Pts',(26.2928153483555,45.5858950339387,34.0846965613298));
#3745=CARTESIAN_POINT('Ctrl Pts',(26.2911532272723,45.5873526601858,34.0826586891844));
#3746=CARTESIAN_POINT('Ctrl Pts',(26.2860348880963,45.5918257664964,34.0764137441546));
#3747=CARTESIAN_POINT('Ctrl Pts',(26.2825143018972,45.5948814431093,34.0721597074823));
#3748=CARTESIAN_POINT('Ctrl Pts',(26.2755249999136,45.6009078496863,34.0637902733939));
#3749=CARTESIAN_POINT('Ctrl Pts',(26.2720634171425,45.6038733730052,34.0596823673187));
#3750=CARTESIAN_POINT('Ctrl Pts',(26.2680368028392,45.6073046363263,34.0549366660913));
#3751=CARTESIAN_POINT('Ctrl Pts',(26.2675032106809,45.6077589709976,34.0543084327561));
#3752=CARTESIAN_POINT('Ctrl Pts',(26.2621519168231,45.6123119160081,34.0480141083056));
#3753=CARTESIAN_POINT('Ctrl Pts',(26.2572848048028,45.6164241029082,34.0423397205456));
#3754=CARTESIAN_POINT('Ctrl Pts',(26.24626609168,45.6256785598288,34.0295839445666));
#3755=CARTESIAN_POINT('Ctrl Pts',(26.2401755999883,45.6307524024027,34.0226010507297));
#3756=CARTESIAN_POINT('Ctrl Pts',(26.2343579750344,45.635566514034,34.0159848528828));
#3757=CARTESIAN_POINT('Ctrl Pts',(26.2341682059991,45.6357235110899,34.0157690974755));
#3758=CARTESIAN_POINT('Ctrl Pts',(26.2303694929659,45.6388655033311,34.0114513401576));
#3759=CARTESIAN_POINT('Ctrl Pts',(26.2269569865866,45.6416740112253,34.0075963183127));
#3760=CARTESIAN_POINT('Ctrl Pts',(26.2208381326815,45.6466873382065,34.0007254983996));
#3761=CARTESIAN_POINT('Ctrl Pts',(26.2181037312768,45.6489164409188,33.9976759175583));
#3762=CARTESIAN_POINT('Ctrl Pts',(26.2133251690035,45.6527931073372,33.9923857330966));
#3763=CARTESIAN_POINT('Ctrl Pts',(26.2112505059208,45.6544666429134,33.9901088515686));
#3764=CARTESIAN_POINT('Ctrl Pts',(26.2077271916199,45.6572924042651,33.9862795339597));
#3765=CARTESIAN_POINT('Ctrl Pts',(26.2062432854473,45.658474298717,33.9846856008865));
#3766=CARTESIAN_POINT('Ctrl Pts',(26.2036820175536,45.6605001040396,33.9819688741076));
#3767=CARTESIAN_POINT('Ctrl Pts',(26.2025936170834,45.6613532434208,33.9808331660532));
#3768=CARTESIAN_POINT('Ctrl Pts',(26.2006904953127,45.6628308699383,33.9788828558459));
#3769=CARTESIAN_POINT('Ctrl Pts',(26.1998716058098,45.6634627046558,33.9780533111208));
#3770=CARTESIAN_POINT('Ctrl Pts',(26.1988032972716,45.664283831922,33.9769787133447));
#3771=CARTESIAN_POINT('Ctrl Pts',(26.1985212189563,45.6645002967939,33.9766958120084));
#3772=CARTESIAN_POINT('Ctrl Pts',(26.1982387741441,45.6647167018729,33.9764133671961));
#3773=CARTESIAN_POINT('Ctrl Pts',(33.9848331235824,45.6582580187677,26.2066585305304));
#3774=CARTESIAN_POINT('Ctrl Pts',(33.9855873558716,45.6576787770303,26.2074127628196));
#3775=CARTESIAN_POINT('Ctrl Pts',(33.9863470340336,45.6570971791986,26.2081672507053));
#3776=CARTESIAN_POINT('Ctrl Pts',(33.9880970731798,45.6557624660792,26.2098907855874));
#3777=CARTESIAN_POINT('Ctrl Pts',(33.9890981293542,45.6550041155691,26.2108627252861));
#3778=CARTESIAN_POINT('Ctrl Pts',(33.9915193684383,45.6531862602338,26.2131684346169));
#3779=CARTESIAN_POINT('Ctrl Pts',(33.9929546663055,45.6521154152409,26.2145164865967));
#3780=CARTESIAN_POINT('Ctrl Pts',(33.996401571518,45.6495582759913,26.2177110519191));
#3781=CARTESIAN_POINT('Ctrl Pts',(33.9984398840763,45.6480528307089,26.2195803513803));
#3782=CARTESIAN_POINT('Ctrl Pts',(34.0032479401827,45.644514026258,26.22394833576));
#3783=CARTESIAN_POINT('Ctrl Pts',(34.0060600585615,45.6424502509745,26.2264828601652));
#3784=CARTESIAN_POINT('Ctrl Pts',(34.0126308050834,45.6376380426446,26.2323623538931));
#3785=CARTESIAN_POINT('Ctrl Pts',(34.0164603417385,45.6348386629416,26.2357663802228));
#3786=CARTESIAN_POINT('Ctrl Pts',(34.02336933752,45.6297947716765,26.2418679890708));
#3787=CARTESIAN_POINT('Ctrl Pts',(34.0262967404713,45.6276609758516,26.2444388443103));
#3788=CARTESIAN_POINT('Ctrl Pts',(34.0325131257778,45.6231306041771,26.2498817599852));
#3789=CARTESIAN_POINT('Ctrl Pts',(34.0358127814642,45.6207260042311,26.2527630097146));
#3790=CARTESIAN_POINT('Ctrl Pts',(34.0442498033002,45.6145895779701,26.2600781273519));
#3791=CARTESIAN_POINT('Ctrl Pts',(34.0494601931617,45.6107995970573,26.2645776362511));
#3792=CARTESIAN_POINT('Ctrl Pts',(34.0594104012668,45.6035720766596,26.2731061562738));
#3793=CARTESIAN_POINT('Ctrl Pts',(34.0641452904921,45.6001372532585,26.2771370092882));
#3794=CARTESIAN_POINT('Ctrl Pts',(34.0708450863822,45.5952911297139,26.2827824865004));
#3795=CARTESIAN_POINT('Ctrl Pts',(34.0728480049434,45.5938441861281,26.2844627287081));
#3796=CARTESIAN_POINT('Ctrl Pts',(34.0782687825234,45.5899340406115,26.2889876136793));
#3797=CARTESIAN_POINT('Ctrl Pts',(34.081663734023,45.5874916425746,26.2917967900052));
#3798=CARTESIAN_POINT('Ctrl Pts',(34.0884308506799,45.5826351094713,26.2973507226258));
#3799=CARTESIAN_POINT('Ctrl Pts',(34.0918024243661,45.5802215854032,26.3000942777379));
#3800=CARTESIAN_POINT('Ctrl Pts',(34.0984508061938,45.5754735541986,26.3054611184055));
#3801=CARTESIAN_POINT('Ctrl Pts',(34.1017301889321,45.5731370594729,26.3080870584931));
#3802=CARTESIAN_POINT('Ctrl Pts',(34.1078387568624,45.5687946468594,26.3129403253159));
#3803=CARTESIAN_POINT('Ctrl Pts',(34.1106664897651,45.5667883619203,26.3151719319698));
#3804=CARTESIAN_POINT('Ctrl Pts',(34.1161510355798,45.5629045804898,26.3194709195657));
#3805=CARTESIAN_POINT('Ctrl Pts',(34.1188020085624,45.5610306033834,26.3215361266232));
#3806=CARTESIAN_POINT('Ctrl Pts',(34.122730771926,45.5582586018398,26.3245766415368));
#3807=CARTESIAN_POINT('Ctrl Pts',(34.1239789761402,45.5573786663959,26.3255397445125));
#3808=CARTESIAN_POINT('Ctrl Pts',(34.1294770427669,45.5535057943986,26.3297698372212));
#3809=CARTESIAN_POINT('Ctrl Pts',(34.1338141591818,45.5504576342452,26.3330776365859));
#3810=CARTESIAN_POINT('Ctrl Pts',(34.1430532982016,45.5439696752548,26.3400839507602));
#3811=CARTESIAN_POINT('Ctrl Pts',(34.1479729666389,45.5405198639417,26.3437872724566));
#3812=CARTESIAN_POINT('Ctrl Pts',(34.1583550105055,45.5332376257576,26.3515745182088));
#3813=CARTESIAN_POINT('Ctrl Pts',(34.163817948892,45.5294040802616,26.3556570576745));
#3814=CARTESIAN_POINT('Ctrl Pts',(34.1698510618279,45.5251679477264,26.3601514822124));
#3815=CARTESIAN_POINT('Ctrl Pts',(34.1705416388465,45.5246830269327,26.3606657138157));
#3816=CARTESIAN_POINT('Ctrl Pts',(34.1776858596606,45.5196664209563,26.3659823860394));
#3817=CARTESIAN_POINT('Ctrl Pts',(34.1839324830718,45.5152782076113,26.3706088530009));
#3818=CARTESIAN_POINT('Ctrl Pts',(34.194105338371,45.5081281829364,26.3781186217629));
#3819=CARTESIAN_POINT('Ctrl Pts',(34.1982281789965,45.5052292515971,26.3811533589932));
#3820=CARTESIAN_POINT('Ctrl Pts',(34.2053870419726,45.5001958226334,26.3864077586773));
#3821=CARTESIAN_POINT('Ctrl Pts',(34.2084893726124,45.4980147133811,26.3886776788318));
#3822=CARTESIAN_POINT('Ctrl Pts',(34.2134307471561,45.49454290776,26.3922806839068));
#3823=CARTESIAN_POINT('Ctrl Pts',(34.2153975772931,45.4931618732223,26.3937100244159));
#3824=CARTESIAN_POINT('Ctrl Pts',(34.2174727690122,45.4917063284851,26.3952124036626));
#3825=CARTESIAN_POINT('Ctrl Pts',(34.2177735115947,45.4914954312239,26.3954299706281));
#3826=CARTESIAN_POINT('Ctrl Pts',(34.219972858783,45.4899534628749,26.3970198768879));
#3827=CARTESIAN_POINT('Ctrl Pts',(34.221628668217,45.4887945960253,26.3982099643828));
#3828=CARTESIAN_POINT('Ctrl Pts',(34.2244828502259,45.4868081603311,26.4002324143957));
#3829=CARTESIAN_POINT('Ctrl Pts',(34.2256862771156,45.4859733280835,26.4010775941775));
#3830=CARTESIAN_POINT('Ctrl Pts',(34.2278742713702,45.4844566921975,26.4026105204669));
#3831=CARTESIAN_POINT('Ctrl Pts',(34.2288420845543,45.483786573414,26.4032862991438));
#3832=CARTESIAN_POINT('Ctrl Pts',(34.2299174308756,45.4830425428945,26.4040355046167));
#3833=CARTESIAN_POINT('Ctrl Pts',(34.2300515181899,45.4829497792703,26.4041288905435));
#3834=CARTESIAN_POINT('Ctrl Pts',(34.2301856182453,45.4828570179209,26.4042222515731));
#3835=CARTESIAN_POINT('Origin',(34.5598439304928,42.0187476868983,23.2461354315075));
#3836=CARTESIAN_POINT('',(35.0774820206978,39.2866968793294,23.7637735217125));
#3837=CARTESIAN_POINT('',(35.7845888018844,41.0187476868983,24.4708803028991));
#3838=CARTESIAN_POINT('Origin',(33.8527371493062,40.2866968793294,22.5390286503209));
#3839=CARTESIAN_POINT('',(34.7058950695964,44.8377090889673,26.1461642383611));
#3840=CARTESIAN_POINT('Ctrl Pts',(34.7058950695964,44.8377090889673,26.1461642383611));
#3841=CARTESIAN_POINT('Ctrl Pts',(34.6915012292636,44.8474068680164,26.1379569733822));
#3842=CARTESIAN_POINT('Ctrl Pts',(34.6629178949401,44.8666337506008,26.1209882466745));
#3843=CARTESIAN_POINT('Ctrl Pts',(34.6207503348995,44.8950669220011,26.0939439777602));
#3844=CARTESIAN_POINT('Ctrl Pts',(34.5793220803752,44.9230449466135,26.0653290403086));
#3845=CARTESIAN_POINT('Ctrl Pts',(34.538640198243,44.9504487824991,26.0351382769382));
#3846=CARTESIAN_POINT('Ctrl Pts',(34.4987969454876,44.9774067241978,26.0034628047749));
#3847=CARTESIAN_POINT('Ctrl Pts',(34.4599807411595,45.0042206034661,25.9704272999981));
#3848=CARTESIAN_POINT('Ctrl Pts',(34.4223064948818,45.0308783138998,25.9363239465944));
#3849=CARTESIAN_POINT('Ctrl Pts',(34.3980749142285,45.0485280923139,25.9126806923646));
#3850=CARTESIAN_POINT('Ctrl Pts',(34.3861179939423,45.0573094024002,25.9008366197032));
#3851=CARTESIAN_POINT('Ctrl Pts',(35.2917770752862,44.3276839518514,26.2865537348598));
#3852=CARTESIAN_POINT('Ctrl Pts',(35.2893380878062,44.331544335837,26.2871667447237));
#3853=CARTESIAN_POINT('Ctrl Pts',(35.2868981023894,44.3354110853901,26.2877705339812));
#3854=CARTESIAN_POINT('Ctrl Pts',(35.2817025147433,44.34351528446,26.2889911908516));
#3855=CARTESIAN_POINT('Ctrl Pts',(35.2789377292644,44.3477614426937,26.2896073098711));
#3856=CARTESIAN_POINT('Ctrl Pts',(35.2728753348779,44.3568371046133,26.2908524064857));
#3857=CARTESIAN_POINT('Ctrl Pts',(35.2695560289789,44.3616860762635,26.2914798799197));
#3858=CARTESIAN_POINT('Ctrl Pts',(35.2621362924635,44.3722178601081,26.2927402300038));
#3859=CARTESIAN_POINT('Ctrl Pts',(35.2579939920638,44.3779361843881,26.2933689920042));
#3860=CARTESIAN_POINT('Ctrl Pts',(35.2495187173176,44.3893025056197,26.294488180911));
#3861=CARTESIAN_POINT('Ctrl Pts',(35.2452594529291,44.3949441098672,26.29500193691));
#3862=CARTESIAN_POINT('Ctrl Pts',(35.2396424217216,44.4021941158249,26.2955797820886));
#3863=CARTESIAN_POINT('Ctrl Pts',(35.2384961638731,44.4036644333206,26.2956928874163));
#3864=CARTESIAN_POINT('Ctrl Pts',(35.2301205312623,44.4143348841343,26.2964818420055));
#3865=CARTESIAN_POINT('Ctrl Pts',(35.2223527790749,44.4238386060833,26.297012729874));
#3866=CARTESIAN_POINT('Ctrl Pts',(35.2133712872692,44.4343754812721,26.2973759934858));
#3867=CARTESIAN_POINT('Ctrl Pts',(35.2125764922296,44.4353043242042,26.297406141075));
#3868=CARTESIAN_POINT('Ctrl Pts',(35.204970591705,44.4441588147459,26.2976754443278));
#3869=CARTESIAN_POINT('Ctrl Pts',(35.1978904857108,44.452139736054,26.2977795804));
#3870=CARTESIAN_POINT('Ctrl Pts',(35.1879582495071,44.4630410778192,26.2977301686124));
#3871=CARTESIAN_POINT('Ctrl Pts',(35.1852811427523,44.465951679905,26.2976984582713));
#3872=CARTESIAN_POINT('Ctrl Pts',(35.1790125568981,44.4726953548436,26.2975784351576));
#3873=CARTESIAN_POINT('Ctrl Pts',(35.1754009416246,44.4765275587672,26.2974753355449));
#3874=CARTESIAN_POINT('Ctrl Pts',(35.1658215835375,44.4865256404767,26.2971034232088));
#3875=CARTESIAN_POINT('Ctrl Pts',(35.1597745928495,44.4926743663873,26.2967722102887));
#3876=CARTESIAN_POINT('Ctrl Pts',(35.1471561468541,44.505150037267,26.2958699367201));
#3877=CARTESIAN_POINT('Ctrl Pts',(35.1405743066375,44.5114754869534,26.2952915490183));
#3878=CARTESIAN_POINT('Ctrl Pts',(35.1289070350565,44.5223745663799,26.2940685469355));
#3879=CARTESIAN_POINT('Ctrl Pts',(35.1239433885993,44.5269369616067,26.2934958347508));
#3880=CARTESIAN_POINT('Ctrl Pts',(35.1168763378181,44.5333215270827,26.2926002981435));
#3881=CARTESIAN_POINT('Ctrl Pts',(35.1148937697334,44.535101068282,26.2923407362594));
#3882=CARTESIAN_POINT('Ctrl Pts',(35.1046916562232,44.544202275788,26.2909621649538));
#3883=CARTESIAN_POINT('Ctrl Pts',(35.0961223750443,44.5516275688056,26.2896555259531));
#3884=CARTESIAN_POINT('Ctrl Pts',(35.0785153601842,44.5665218890148,26.2866599178952));
#3885=CARTESIAN_POINT('Ctrl Pts',(35.0695017770293,44.5739801276115,26.2849833678002));
#3886=CARTESIAN_POINT('Ctrl Pts',(35.0571799039267,44.5840241901919,26.2824949158663));
#3887=CARTESIAN_POINT('Ctrl Pts',(35.0541282379505,44.5865002245244,26.2818634910537));
#3888=CARTESIAN_POINT('Ctrl Pts',(35.0413219556258,44.5968523831756,26.2791503647966));
#3889=CARTESIAN_POINT('Ctrl Pts',(35.0313256656719,44.6048411497679,26.2768811260214));
#3890=CARTESIAN_POINT('Ctrl Pts',(35.009530481456,44.6220535680316,26.2715765894769));
#3891=CARTESIAN_POINT('Ctrl Pts',(34.9976803488875,44.631289051125,26.2684790523831));
#3892=CARTESIAN_POINT('Ctrl Pts',(34.9844740520553,44.6414470403743,26.2647781960082));
#3893=CARTESIAN_POINT('Ctrl Pts',(34.9832142998109,44.6424146858779,26.2644227102093));
#3894=CARTESIAN_POINT('Ctrl Pts',(34.9716399110795,44.6512931446623,26.2611339231504));
#3895=CARTESIAN_POINT('Ctrl Pts',(34.9612642733012,44.6591634884217,26.2580200780744));
#3896=CARTESIAN_POINT('Ctrl Pts',(34.9407250883882,44.6745781725925,26.2515268723372));
#3897=CARTESIAN_POINT('Ctrl Pts',(34.9305638069936,44.6821364087755,26.2481571487137));
#3898=CARTESIAN_POINT('Ctrl Pts',(34.9177926900815,44.6915312469315,26.2437211392825));
#3899=CARTESIAN_POINT('Ctrl Pts',(34.9151356536334,44.6934800252589,26.2427871752965));
#3900=CARTESIAN_POINT('Ctrl Pts',(34.9059154152973,44.7002223054868,26.2395079695602));
#3901=CARTESIAN_POINT('Ctrl Pts',(34.8993699308594,44.7049730129047,26.2371125810123));
#3902=CARTESIAN_POINT('Ctrl Pts',(34.8839711967112,44.7160631209906,26.2313193893485));
#3903=CARTESIAN_POINT('Ctrl Pts',(34.8751352386322,44.7223588885396,26.2278714276167));
#3904=CARTESIAN_POINT('Ctrl Pts',(34.8585383400987,44.7340631967881,26.2211641893351));
#3905=CARTESIAN_POINT('Ctrl Pts',(34.8507748750781,44.7394914132306,26.2179326151429));
#3906=CARTESIAN_POINT('Ctrl Pts',(34.8413451630026,44.7460383170014,26.2138928148051));
#3907=CARTESIAN_POINT('Ctrl Pts',(34.8397186157356,44.7471659459824,26.2131918779216));
#3908=CARTESIAN_POINT('Ctrl Pts',(34.8275873506589,44.7555652438697,26.2079335560218));
#3909=CARTESIAN_POINT('Ctrl Pts',(34.8169902475353,44.7628218329699,26.2031667979136));
#3910=CARTESIAN_POINT('Ctrl Pts',(34.7955675565824,44.7773898423476,26.1931733641073));
#3911=CARTESIAN_POINT('Ctrl Pts',(34.7847466665238,44.7846978473428,26.1879481943834));
#3912=CARTESIAN_POINT('Ctrl Pts',(34.7623735464283,44.7997739920536,26.176769731567));
#3913=CARTESIAN_POINT('Ctrl Pts',(34.7508197376557,44.8075416812763,26.1707944370377));
#3914=CARTESIAN_POINT('Ctrl Pts',(34.7280974142951,44.8228094506323,26.1586336569567));
#3915=CARTESIAN_POINT('Ctrl Pts',(34.7169318340553,44.8303079480952,26.1524612945045));
#3916=CARTESIAN_POINT('Ctrl Pts',(34.7059041405052,44.8377227002137,26.1461716756569));
#3917=CARTESIAN_POINT('Origin',(38.6130159266305,41.0187476868983,21.6424531781529));
#3918=CARTESIAN_POINT('',(33.6632684583246,39.2866968793294,25.1779870840857));
#3919=CARTESIAN_POINT('Origin',(39.3897398911179,34.9414681161801,35.7519631861653));
#3920=CARTESIAN_POINT('',(39.5776208039943,33.9996900792092,32.2141036653351));
#3921=CARTESIAN_POINT('Origin',(27.3023375512456,41.016273601339,38.6160460502303));
#3922=CARTESIAN_POINT('Ctrl Pts',(26.7135652065798,44.6116873458101,35.4841455726272));
#3923=CARTESIAN_POINT('Ctrl Pts',(26.7215119863505,44.6151643546219,35.4839555334107));
#3924=CARTESIAN_POINT('Ctrl Pts',(26.7296810608498,44.6180068477854,35.4843576722945));
#3925=CARTESIAN_POINT('Ctrl Pts',(26.7378744314465,44.6201456234342,35.4853424928221));
#3926=CARTESIAN_POINT('Ctrl Pts',(26.7462482219194,44.6223314954072,35.4863489993208));
#3927=CARTESIAN_POINT('Ctrl Pts',(26.7546466110289,44.6237829280586,35.4879633725601));
#3928=CARTESIAN_POINT('Ctrl Pts',(26.7628835490426,44.6244680278323,35.4901496369418));
#3929=CARTESIAN_POINT('Ctrl Pts',(26.7699287812082,44.6250540085639,35.4920195963999));
#3930=CARTESIAN_POINT('Ctrl Pts',(26.776855868734,44.6250807376371,35.4943068013785));
#3931=CARTESIAN_POINT('Ctrl Pts',(26.7835690530843,44.6245470542416,35.4969802801624));
#3932=CARTESIAN_POINT('Ctrl Pts',(26.784758724853,44.6244524779518,35.4974540586358));
#3933=CARTESIAN_POINT('Ctrl Pts',(26.7859416795295,44.6243402996522,35.4979399700592));
#3934=CARTESIAN_POINT('Ctrl Pts',(26.7871175010914,44.6242106345307,35.498437781708));
#3935=CARTESIAN_POINT('Ctrl Pts',(26.7928496154957,44.6235785187958,35.5008646068448));
#3936=CARTESIAN_POINT('Ctrl Pts',(26.7984107428162,44.6225293024855,35.5035749974831));
#3937=CARTESIAN_POINT('Ctrl Pts',(26.8037555393332,44.6210773878798,35.5065420796336));
#3938=CARTESIAN_POINT('Ctrl Pts',(26.8089776541306,44.6196587997777,35.5094410569013));
#3939=CARTESIAN_POINT('Ctrl Pts',(26.8139904390346,44.6178558883516,35.5125840561996));
#3940=CARTESIAN_POINT('Ctrl Pts',(26.8187835237093,44.6157256070638,35.5159211184891));
#3941=CARTESIAN_POINT('Ctrl Pts',(26.8206201935394,44.6149093011488,35.5171998527581));
#3942=CARTESIAN_POINT('Ctrl Pts',(26.8224265205408,44.6140451265389,35.5185075573752));
#3943=CARTESIAN_POINT('Ctrl Pts',(26.8242019761251,44.613136929303,35.5198409158422));
#3944=CARTESIAN_POINT('Ctrl Pts',(26.8263032012481,44.6120620914611,35.5214189256408));
#3945=CARTESIAN_POINT('Ctrl Pts',(26.8283611821335,44.6109255928548,35.5230328664953));
#3946=CARTESIAN_POINT('Ctrl Pts',(26.8303858030183,44.6097319540423,35.5246823421329));
#3947=CARTESIAN_POINT('Ctrl Pts',(26.8347109131954,44.6071820349862,35.5282060457162));
#3948=CARTESIAN_POINT('Ctrl Pts',(26.838878158821,44.6043720156368,35.5318894987877));
#3949=CARTESIAN_POINT('Ctrl Pts',(26.8429889213596,44.6013495907419,35.5357275525496));
#3950=CARTESIAN_POINT('Ctrl Pts',(26.8457277124278,44.5993359034446,35.538284651692));
#3951=CARTESIAN_POINT('Ctrl Pts',(26.8484436981064,44.5972291155575,35.5409101653344));
#3952=CARTESIAN_POINT('Ctrl Pts',(26.8511589895214,44.5950634757322,35.5435834999985));
#3953=CARTESIAN_POINT('Ctrl Pts',(26.8534687193039,44.5932213004228,35.5458575397787));
#3954=CARTESIAN_POINT('Ctrl Pts',(26.8557780947637,44.5913365177865,35.5481662501889));
#3955=CARTESIAN_POINT('Ctrl Pts',(26.8580887428026,44.589449881563,35.5504768982277));
#3956=CARTESIAN_POINT('Origin',(48.0007631487335,26.4254809471617,48.0007631487335));
#3957=CARTESIAN_POINT('Origin',(23.9522924584255,42.0148441202812,30.6698068796978));
#3958=CARTESIAN_POINT('',(24.6002704096483,40.5914996290902,31.0448841808677));
#3959=CARTESIAN_POINT('',(23.3353922577201,43.2719905967419,30.3371376070025));
#3960=CARTESIAN_POINT('Ctrl Pts',(22.6097945736452,43.3935230592654,30.2842740986011));
#3961=CARTESIAN_POINT('Ctrl Pts',(22.6551627916323,43.3504559430399,30.2964240398221));
#3962=CARTESIAN_POINT('Ctrl Pts',(22.7068158924701,43.3148687549014,30.306904160775));
#3963=CARTESIAN_POINT('Ctrl Pts',(22.8231949342231,43.2607037677156,30.3240293235905));
#3964=CARTESIAN_POINT('Ctrl Pts',(22.8859704373214,43.2433819150496,30.3303005360873));
#3965=CARTESIAN_POINT('Ctrl Pts',(23.0118813850858,43.2265928362755,30.3384018510318));
#3966=CARTESIAN_POINT('Ctrl Pts',(23.074086112102,43.2262918554669,30.3404109247604));
#3967=CARTESIAN_POINT('Ctrl Pts',(23.203297216143,43.2386582782843,30.3413445128189));
#3968=CARTESIAN_POINT('Ctrl Pts',(23.2703197345031,43.2525871756943,30.3399549579396));
#3969=CARTESIAN_POINT('Ctrl Pts',(23.3353840796443,43.2720026695937,30.3371363614088));
#3970=CARTESIAN_POINT('Origin',(26.5294460266749,35.6239777117075,32.3435857465838));
#3971=CARTESIAN_POINT('Origin',(2.82842712474619,43.325,-2.82842712474619));
#3972=CARTESIAN_POINT('',(29.1230096429585,41.8391021402236,23.4661553934658));
#3973=CARTESIAN_POINT('Origin',(28.2842712474619,33.575,22.6274169979695));
#3974=CARTESIAN_POINT('Origin',(26.9242264778224,41.325,26.9242264778224));
#3975=CARTESIAN_POINT('',(26.9242264778224,41.325,26.9242264778224));
#3976=CARTESIAN_POINT('',(30.7458230823469,41.5387770899147,22.5789850843097));
#3977=CARTESIAN_POINT('',(26.9242264778224,41.325,26.9242264778224));
#3978=CARTESIAN_POINT('Origin',(28.9793031181116,48.5833300067654,22.2617886968394));
#3979=CARTESIAN_POINT('',(30.3371401583964,43.2719878716493,23.3353875183332));
#3980=CARTESIAN_POINT('Origin',(32.3435857465837,35.6239777117075,26.5294460266751));
#3981=CARTESIAN_POINT('Ctrl Pts',(30.284274242938,43.3935225428372,22.6097950740558));
#3982=CARTESIAN_POINT('Ctrl Pts',(30.2960064653021,43.3519361000706,22.6536036165434));
#3983=CARTESIAN_POINT('Ctrl Pts',(30.3061891803024,43.3172976321015,22.7033002383449));
#3984=CARTESIAN_POINT('Ctrl Pts',(30.3229791139291,43.2638720019093,22.8148270985823));
#3985=CARTESIAN_POINT('Ctrl Pts',(30.3292514125688,43.2462122520975,22.8749274679268));
#3986=CARTESIAN_POINT('Ctrl Pts',(30.3379211527011,43.2270531394984,23.000112295704));
#3987=CARTESIAN_POINT('Ctrl Pts',(30.3402017210547,43.22592667158,23.0644284796089));
#3988=CARTESIAN_POINT('Ctrl Pts',(30.3414456493932,43.2376332023498,23.1983285932471));
#3989=CARTESIAN_POINT('Ctrl Pts',(30.3400591833214,43.2518690726052,23.2679125044093));
#3990=CARTESIAN_POINT('Ctrl Pts',(30.3371363562651,43.272002552347,23.3353829738433));
#3991=CARTESIAN_POINT('Origin',(22.6815857907031,41.325,31.1668671649417));
#3992=CARTESIAN_POINT('Ctrl Pts',(21.5778907837755,46.9871675442099,29.3560653768275));
#3993=CARTESIAN_POINT('Ctrl Pts',(21.5660004204343,46.9871675442099,29.3679557401687));
#3994=CARTESIAN_POINT('Ctrl Pts',(21.5545632363385,46.9854390460708,29.3802826386853));
#3995=CARTESIAN_POINT('Ctrl Pts',(21.5355579242963,46.979464184483,29.4023634366802));
#3996=CARTESIAN_POINT('Ctrl Pts',(21.5277080958868,46.9758944636607,29.4120507362896));
#3997=CARTESIAN_POINT('Ctrl Pts',(21.5152628842153,46.9682695218645,29.4284207447227));
#3998=CARTESIAN_POINT('Ctrl Pts',(21.5103989540064,46.9646945333066,29.4351248278724));
#3999=CARTESIAN_POINT('Ctrl Pts',(21.4970907706346,46.9531173602674,29.4543921248808));
#4000=CARTESIAN_POINT('Ctrl Pts',(21.4893571228703,46.9440272753769,29.4668047116688));
#4001=CARTESIAN_POINT('Ctrl Pts',(21.4818509929399,46.9323068073049,29.480343733795));
#4002=CARTESIAN_POINT('Ctrl Pts',(21.4809818949059,46.9308956999842,29.4819391731753));
#4003=CARTESIAN_POINT('Ctrl Pts',(21.4784515974272,46.9266224646647,29.4866690401052));
#4004=CARTESIAN_POINT('Ctrl Pts',(21.4768506035875,46.9236961616836,29.4897762956014));
#4005=CARTESIAN_POINT('Ctrl Pts',(21.4689532545693,46.9080747502239,29.5057144941327));
#4006=CARTESIAN_POINT('Ctrl Pts',(21.4640171607316,46.8940455641081,29.5178719098755));
#4007=CARTESIAN_POINT('Ctrl Pts',(21.4575457067395,46.8658829312769,29.5388397195115));
#4008=CARTESIAN_POINT('Ctrl Pts',(21.4556468608422,46.852010750473,29.5478790960991));
#4009=CARTESIAN_POINT('Ctrl Pts',(21.4540288884065,46.8223101967666,29.5647848572443));
#4010=CARTESIAN_POINT('Ctrl Pts',(21.4544593762704,46.8063914521179,29.572548122262));
#4011=CARTESIAN_POINT('Ctrl Pts',(21.4577637387144,46.7735594595652,29.5861432770499));
#4012=CARTESIAN_POINT('Ctrl Pts',(21.4606948677422,46.7566308760025,29.591925811044));
#4013=CARTESIAN_POINT('Ctrl Pts',(21.4652161148189,46.7381363373432,29.5969242877029));
#4014=CARTESIAN_POINT('Ctrl Pts',(21.4656008449466,46.7366029732524,29.5973288285919));
#4015=CARTESIAN_POINT('Ctrl Pts',(21.4659955061572,46.7350695092931,29.5977234898025));
#4016=CARTESIAN_POINT('Ctrl Pts',(22.3553424626597,43.6818530274995,30.2799636651175));
#4017=CARTESIAN_POINT('Ctrl Pts',(23.320749038464,44.8152274898711,28.7311733911752));
#4018=CARTESIAN_POINT('Ctrl Pts',(24.3164217349997,45.9089314987258,27.1725366385218));
#4019=CARTESIAN_POINT('Ctrl Pts',(25.3232323751931,46.987167544293,25.6107237857338));
#4020=CARTESIAN_POINT('Ctrl Pts',(29.5250486619359,47.3226288345768,21.747724511519));
#4021=CARTESIAN_POINT('Ctrl Pts',(29.5800248014815,47.3227255901566,21.6927241570828));
#4022=CARTESIAN_POINT('Ctrl Pts',(29.6653670789388,47.2947369848103,21.6143866196398));
#4023=CARTESIAN_POINT('Ctrl Pts',(29.8429022433818,47.1474849321821,21.473517584349));
#4024=CARTESIAN_POINT('Ctrl Pts',(29.9233504522147,46.9652384318834,21.4378309060349));
#4025=CARTESIAN_POINT('Ctrl Pts',(29.9406911566967,46.8200163482639,21.4554102412838));
#4026=CARTESIAN_POINT('Ctrl Pts',(29.4679158232346,47.3241336673582,21.6906469701044));
#4027=CARTESIAN_POINT('Ctrl Pts',(29.5264644542724,47.3242418274142,21.6320671400654));
#4028=CARTESIAN_POINT('Ctrl Pts',(29.6178202960691,47.2929534645094,21.5497365045097));
#4029=CARTESIAN_POINT('Ctrl Pts',(29.8044774347181,47.1304311447763,21.4099307234387));
#4030=CARTESIAN_POINT('Ctrl Pts',(29.8818919534718,46.9414617427811,21.3863896722097));
#4031=CARTESIAN_POINT('Ctrl Pts',(29.8971939118097,46.7976351876687,21.4119471830036));
#4032=CARTESIAN_POINT('Ctrl Pts',(29.3786616294868,47.2601032201236,21.6013588950746));
#4033=CARTESIAN_POINT('Ctrl Pts',(29.4350137470799,47.2602129253642,21.5449638847177));
#4034=CARTESIAN_POINT('Ctrl Pts',(29.5247775498216,47.2284754921727,21.4676089279272));
#4035=CARTESIAN_POINT('Ctrl Pts',(29.7076845896777,47.0692663922832,21.3467226798524));
#4036=CARTESIAN_POINT('Ctrl Pts',(29.7825397710011,46.8918083846532,21.3407240010067));
#4037=CARTESIAN_POINT('Ctrl Pts',(29.7992174578132,46.7627416554951,21.3741580366982));
#4038=CARTESIAN_POINT('Ctrl Pts',(29.3392324903616,47.1008991615211,21.5616931305416));
#4039=CARTESIAN_POINT('Ctrl Pts',(29.3802872002763,47.1009760456695,21.520600738024));
#4040=CARTESIAN_POINT('Ctrl Pts',(29.446638823882,47.0787343925994,21.4651502385337));
#4041=CARTESIAN_POINT('Ctrl Pts',(29.5871663260335,46.9651922484654,21.3802629611266));
#4042=CARTESIAN_POINT('Ctrl Pts',(29.6518357243051,46.8356008358754,21.3791762220523));
#4043=CARTESIAN_POINT('Ctrl Pts',(29.671175275645,46.7385098106642,21.4075565051029));
#4044=CARTESIAN_POINT('Ctrl Pts',(29.3474497265174,47.0196946383882,21.5697637097101));
#4045=CARTESIAN_POINT('Ctrl Pts',(29.3790257221649,47.0197515793699,21.5381583510283));
#4046=CARTESIAN_POINT('Ctrl Pts',(29.4302165541703,47.0032798353138,21.4954616283037));
#4047=CARTESIAN_POINT('Ctrl Pts',(29.5418234109114,46.9175861408533,21.4279244362251));
#4048=CARTESIAN_POINT('Ctrl Pts',(29.598442049068,46.814840905532,21.4242266223653));
#4049=CARTESIAN_POINT('Ctrl Pts',(29.6176322144792,46.734759460614,21.446246332584));
#4050=CARTESIAN_POINT('Ctrl Pts',(29.355852811982,46.9871673565126,21.5781034452348));
#4051=CARTESIAN_POINT('Ctrl Pts',(29.3833347635474,46.9872159039279,21.5505965047785));
#4052=CARTESIAN_POINT('Ctrl Pts',(29.4278694506933,46.9731725388713,21.5132903819818));
#4053=CARTESIAN_POINT('Ctrl Pts',(29.5264898765849,46.8992737883512,21.4527079812576));
#4054=CARTESIAN_POINT('Ctrl Pts',(29.579074012989,46.807765525518,21.4472260432015));
#4055=CARTESIAN_POINT('Ctrl Pts',(29.5977960896338,46.7347869691213,21.4660683386924));
#4056=CARTESIAN_POINT('Ctrl Pts',(29.5977234898025,46.7350695092931,21.4659955061572));
#4057=CARTESIAN_POINT('Ctrl Pts',(29.5789653892562,46.8079544809183,21.4472374056109));
#4058=CARTESIAN_POINT('Ctrl Pts',(29.5264171638241,46.8993282738406,21.452752648613));
#4059=CARTESIAN_POINT('Ctrl Pts',(29.4279421634541,46.9731180533819,21.5132457146264));
#4060=CARTESIAN_POINT('Ctrl Pts',(29.3834879510323,46.9871675442099,21.5504682095707));
#4061=CARTESIAN_POINT('Ctrl Pts',(29.3560653768275,46.9871675442099,21.5778907837755));
#4062=CARTESIAN_POINT('Ctrl Pts',(21.4554102412857,46.8200163482494,29.9406911566987));
#4063=CARTESIAN_POINT('Ctrl Pts',(21.4378309060358,46.9652384318532,29.9233504522216));
#4064=CARTESIAN_POINT('Ctrl Pts',(21.4735175843295,47.1474849321467,29.8429022434106));
#4065=CARTESIAN_POINT('Ctrl Pts',(21.6143866196776,47.2947369848225,29.6653670788986));
#4066=CARTESIAN_POINT('Ctrl Pts',(21.6927241570832,47.3227255901591,29.580024801481));
#4067=CARTESIAN_POINT('Ctrl Pts',(21.7477245115305,47.3226288345768,29.525048661925));
#4068=CARTESIAN_POINT('Ctrl Pts',(21.4119471830062,46.7976351876542,29.8971939118115));
#4069=CARTESIAN_POINT('Ctrl Pts',(21.386389672212,46.9414617427506,29.8818919534783));
#4070=CARTESIAN_POINT('Ctrl Pts',(21.4099307234205,47.1304311447377,29.8044774347479));
#4071=CARTESIAN_POINT('Ctrl Pts',(21.5497365045491,47.2929534645231,29.6178202960261));
#4072=CARTESIAN_POINT('Ctrl Pts',(21.6320671400657,47.3242418274171,29.5264644542716));
#4073=CARTESIAN_POINT('Ctrl Pts',(21.6906469701164,47.3241336673583,29.4679158232229));
#4074=CARTESIAN_POINT('Ctrl Pts',(21.3741580367015,46.7627416554821,29.799217457815));
#4075=CARTESIAN_POINT('Ctrl Pts',(21.3407240010111,46.8918083846255,29.7825397710076));
#4076=CARTESIAN_POINT('Ctrl Pts',(21.3467226798381,47.0692663922457,29.7076845897067));
#4077=CARTESIAN_POINT('Ctrl Pts',(21.4676089279639,47.2284754921864,29.5247775497797));
#4078=CARTESIAN_POINT('Ctrl Pts',(21.5449638847176,47.2602129253672,29.4350137470788));
#4079=CARTESIAN_POINT('Ctrl Pts',(21.6013588950861,47.2601032201237,29.3786616294754));
#4080=CARTESIAN_POINT('Ctrl Pts',(21.4075565051056,46.7385098106544,29.6711752756469));
#4081=CARTESIAN_POINT('Ctrl Pts',(21.3791762220562,46.8356008358548,29.6518357243113));
#4082=CARTESIAN_POINT('Ctrl Pts',(21.380262961117,46.9651922484385,29.5871663260564));
#4083=CARTESIAN_POINT('Ctrl Pts',(21.46515023856,47.0787343926089,29.4466388238509));
#4084=CARTESIAN_POINT('Ctrl Pts',(21.5206007380239,47.1009760456714,29.3802872002756));
#4085=CARTESIAN_POINT('Ctrl Pts',(21.56169313055,47.1008991615211,29.3392324903532));
#4086=CARTESIAN_POINT('Ctrl Pts',(21.4462463325862,46.7347594606059,29.6176322144811));
#4087=CARTESIAN_POINT('Ctrl Pts',(21.4242266223682,46.8148409055151,29.5984420490738));
#4088=CARTESIAN_POINT('Ctrl Pts',(21.4279244362171,46.9175861408327,29.5418234109301));
#4089=CARTESIAN_POINT('Ctrl Pts',(21.4954616283241,47.0032798353209,29.4302165541461));
#4090=CARTESIAN_POINT('Ctrl Pts',(21.5381583510282,47.0197515793714,29.3790257221642));
#4091=CARTESIAN_POINT('Ctrl Pts',(21.5697637097165,47.0196946383882,29.347449726511));
#4092=CARTESIAN_POINT('Ctrl Pts',(21.4660683386943,46.734786969114,29.5977960896357));
#4093=CARTESIAN_POINT('Ctrl Pts',(21.4472260432039,46.8077655255028,29.5790740129945));
#4094=CARTESIAN_POINT('Ctrl Pts',(21.45270798125,46.8992737883333,29.5264898766016));
#4095=CARTESIAN_POINT('Ctrl Pts',(21.5132903819998,46.9731725388773,29.4278694506722));
#4096=CARTESIAN_POINT('Ctrl Pts',(21.5505965047784,46.9872159039292,29.3833347635469));
#4097=CARTESIAN_POINT('Ctrl Pts',(21.5781034452404,46.9871673565126,29.3558528119764));
#4098=CARTESIAN_POINT('Origin',(22.6815857907031,41.325,31.1668671649417));
#4099=CARTESIAN_POINT('Ctrl Pts',(25.6107237857339,46.9871675442931,25.3232323751932));
#4100=CARTESIAN_POINT('Ctrl Pts',(27.1725366651197,45.9089315874448,24.3164216627376));
#4101=CARTESIAN_POINT('Ctrl Pts',(28.7311738629891,44.8152290112161,23.320747783531));
#4102=CARTESIAN_POINT('Ctrl Pts',(30.2799636651169,43.6818530274992,22.3553424626592));
#4103=CARTESIAN_POINT('Origin',(26.8700576850888,33.575,24.0416305603426));
#4104=CARTESIAN_POINT('',(26.1309811868097,46.2891999162116,26.1309811868096));
#4105=CARTESIAN_POINT('Ctrl Pts',(30.3371381817151,43.2719901712616,23.3353918773956));
#4106=CARTESIAN_POINT('Ctrl Pts',(28.9485991123914,44.2999814025573,24.2542762356178));
#4107=CARTESIAN_POINT('Ctrl Pts',(27.5433410043576,45.3009360200311,25.189558262834));
#4108=CARTESIAN_POINT('Ctrl Pts',(26.1309811868097,46.2891999162116,26.1309811868096));
#4109=CARTESIAN_POINT('Origin',(25.4558441227157,33.575,25.4558441227157));
#4110=CARTESIAN_POINT('Origin',(24.0416305603426,33.575,26.8700576850888));
#4111=CARTESIAN_POINT('Ctrl Pts',(26.1309811868097,46.2891999162116,26.1309811868096));
#4112=CARTESIAN_POINT('Ctrl Pts',(25.1895585285179,45.3009359842809,27.5433407095826));
#4113=CARTESIAN_POINT('Ctrl Pts',(24.2542773484254,44.2999806983315,28.9485980618307));
#4114=CARTESIAN_POINT('Ctrl Pts',(23.3353922577201,43.2719905967419,30.3371376070025));
#4115=CARTESIAN_POINT('Ctrl Pts',(30.505771472468,43.146963220829,23.223818980092));
#4116=CARTESIAN_POINT('Ctrl Pts',(28.9348803692198,44.313596726269,24.262885156698));
#4117=CARTESIAN_POINT('Ctrl Pts',(27.3420530159654,45.4448244431153,25.3235058544846));
#4118=CARTESIAN_POINT('Ctrl Pts',(25.7412689517617,46.5615183779971,26.3907655488113));
#4119=CARTESIAN_POINT('Ctrl Pts',(30.4140300748804,43.1560994300936,23.0658381467417));
#4120=CARTESIAN_POINT('Ctrl Pts',(28.8332581754351,44.3159069941604,24.1003623485459));
#4121=CARTESIAN_POINT('Ctrl Pts',(27.2337863114687,45.4413343956686,25.1583478460075));
#4122=CARTESIAN_POINT('Ctrl Pts',(25.6275485203167,46.552880147816,26.2236864261682));
#4123=CARTESIAN_POINT('Ctrl Pts',(30.2800191493055,43.2617171711572,22.7266185489412));
#4124=CARTESIAN_POINT('Ctrl Pts',(28.6805818430496,44.4176863772235,23.745972346532));
#4125=CARTESIAN_POINT('Ctrl Pts',(27.06761290203,45.5379667436815,24.7935376839321));
#4126=CARTESIAN_POINT('Ctrl Pts',(25.4504174923668,46.6451741661456,25.8503590346158));
#4127=CARTESIAN_POINT('Ctrl Pts',(30.2836013454804,43.5105932764285,22.4398576225764));
#4128=CARTESIAN_POINT('Ctrl Pts',(28.6761580349897,44.6797536408167,23.4453571942808));
#4129=CARTESIAN_POINT('Ctrl Pts',(27.0578114106361,45.8087880255882,24.4828026223677));
#4130=CARTESIAN_POINT('Ctrl Pts',(25.435999437463,46.9228559049156,25.5310599588078));
#4131=CARTESIAN_POINT('Ctrl Pts',(30.3196616814956,43.6527932992292,22.330602407933));
#4132=CARTESIAN_POINT('Ctrl Pts',(28.7116164506278,44.8303645478081,23.3325144569195));
#4133=CARTESIAN_POINT('Ctrl Pts',(27.0928922862015,45.9649368775702,24.3672383435342));
#4134=CARTESIAN_POINT('Ctrl Pts',(25.4709600940805,47.0836181071184,25.4133499099434));
#4135=CARTESIAN_POINT('Ctrl Pts',(25.4597552401242,47.0239803268342,25.4597552401235));
#4136=CARTESIAN_POINT('Ctrl Pts',(25.4900483345209,46.9267854272925,25.4900483345214));
#4137=CARTESIAN_POINT('Ctrl Pts',(25.5284354866881,46.8340757846024,25.5284354847295));
#4138=CARTESIAN_POINT('Ctrl Pts',(25.6175542685574,46.6670493952346,25.61755426052));
#4139=CARTESIAN_POINT('Ctrl Pts',(25.6684710370343,46.5912027389059,25.6684710253908));
#4140=CARTESIAN_POINT('Ctrl Pts',(25.7845649345888,46.458704236964,25.7845649136055));
#4141=CARTESIAN_POINT('Ctrl Pts',(25.8503300216739,46.4026353195169,25.850329994864));
#4142=CARTESIAN_POINT('Ctrl Pts',(25.9875270087429,46.3223909274258,25.9875269728684));
#4143=CARTESIAN_POINT('Ctrl Pts',(26.0586712607218,46.2969328710981,26.0586712211155));
#4144=CARTESIAN_POINT('Ctrl Pts',(26.1309742920579,46.2892496120914,26.1309742509911));
#4145=CARTESIAN_POINT('Ctrl Pts',(26.3907655488113,46.5615183779971,25.7412689517617));
#4146=CARTESIAN_POINT('Ctrl Pts',(25.3234708025036,45.4447877675668,27.3421055904728));
#4147=CARTESIAN_POINT('Ctrl Pts',(24.2628165012817,44.3135212998297,28.9349841971507));
#4148=CARTESIAN_POINT('Ctrl Pts',(23.2237166014416,43.1468482743027,30.505926251113));
#4149=CARTESIAN_POINT('Ctrl Pts',(26.2236864261682,46.552880147816,25.6275485203167));
#4150=CARTESIAN_POINT('Ctrl Pts',(25.1583128571216,45.4412978892018,27.2338390650927));
#4151=CARTESIAN_POINT('Ctrl Pts',(24.1002939611501,44.3158318448311,28.8333625127841));
#4152=CARTESIAN_POINT('Ctrl Pts',(23.0657361977451,43.1559852168168,30.4141858532937));
#4153=CARTESIAN_POINT('Ctrl Pts',(25.8503590346158,46.6451741661456,25.4504174923668));
#4154=CARTESIAN_POINT('Ctrl Pts',(24.7935029747774,45.5379303796982,27.0676660155349));
#4155=CARTESIAN_POINT('Ctrl Pts',(23.745904751412,44.4176114898796,28.6806872267439));
#4156=CARTESIAN_POINT('Ctrl Pts',(22.7265181066424,43.2616032465483,30.2801767182382));
#4157=CARTESIAN_POINT('Ctrl Pts',(25.5310599588078,46.9228559049156,25.435999437463));
#4158=CARTESIAN_POINT('Ctrl Pts',(24.4827681944806,45.8087514362872,27.0578646757626));
#4159=CARTESIAN_POINT('Ctrl Pts',(23.4452903097028,44.6796779529725,28.6762637854592));
#4160=CARTESIAN_POINT('Ctrl Pts',(22.4397585874665,43.5104781137629,30.2837597707054));
#4161=CARTESIAN_POINT('Ctrl Pts',(25.4133499099434,47.0836181071184,25.4709600940804));
#4162=CARTESIAN_POINT('Ctrl Pts',(24.3672039861205,45.9649001367531,27.0929455552763));
#4163=CARTESIAN_POINT('Ctrl Pts',(23.3324478054468,44.8302884296938,28.7117222825025));
#4164=CARTESIAN_POINT('Ctrl Pts',(22.3305036898792,43.6526772752995,30.3198201207371));
#4165=CARTESIAN_POINT('Ctrl Pts',(34.9524904932126,45.0211569433515,26.4799734506192));
#4166=CARTESIAN_POINT('Ctrl Pts',(34.9624613896351,45.0108422292841,26.4760920861788));
#4167=CARTESIAN_POINT('Ctrl Pts',(34.9828943278006,44.9891251646486,26.4688356008768));
#4168=CARTESIAN_POINT('Ctrl Pts',(35.0164615482889,44.9521265801712,26.459513095211));
#4169=CARTESIAN_POINT('Ctrl Pts',(35.0546841412628,44.9087679674712,26.451744239517));
#4170=CARTESIAN_POINT('Ctrl Pts',(35.0999685187017,44.8564878645681,26.4456144901834));
#4171=CARTESIAN_POINT('Ctrl Pts',(35.1554606499169,44.7925815341927,26.4413942597752));
#4172=CARTESIAN_POINT('Ctrl Pts',(35.2239944231679,44.7151790679252,26.4392313476056));
#4173=CARTESIAN_POINT('Ctrl Pts',(35.3034234703678,44.6260544290055,26.4377840886243));
#4174=CARTESIAN_POINT('Ctrl Pts',(35.3826926810425,44.5324523603103,26.4330629931395));
#4175=CARTESIAN_POINT('Ctrl Pts',(35.4301825177453,44.4700811540464,26.4250802260472));
#4176=CARTESIAN_POINT('Ctrl Pts',(35.4541415267348,44.4369670139825,26.4195586641675));
#4177=CARTESIAN_POINT('Ctrl Pts',(35.0096738026507,44.9865899587566,26.5076386880346));
#4178=CARTESIAN_POINT('Ctrl Pts',(35.0183064329392,44.9771524960918,26.5032927927707));
#4179=CARTESIAN_POINT('Ctrl Pts',(35.0364853636458,44.9569412941981,26.4951649162612));
#4180=CARTESIAN_POINT('Ctrl Pts',(35.0675183418576,44.9214952030047,26.4845573835239));
#4181=CARTESIAN_POINT('Ctrl Pts',(35.1037058185079,44.8791199622739,26.4754137246868));
#4182=CARTESIAN_POINT('Ctrl Pts',(35.1472293892715,44.8280160437186,26.4679269250881));
#4183=CARTESIAN_POINT('Ctrl Pts',(35.2005002579626,44.7661784872721,26.4622699615819));
#4184=CARTESIAN_POINT('Ctrl Pts',(35.2651031783807,44.6930337082791,26.4585362816545));
#4185=CARTESIAN_POINT('Ctrl Pts',(35.3367817850019,44.6111810921893,26.4551990547998));
#4186=CARTESIAN_POINT('Ctrl Pts',(35.40641247586,44.5284901865565,26.449968316824));
#4187=CARTESIAN_POINT('Ctrl Pts',(35.4481661342151,44.4745315510615,26.4434595289004));
#4188=CARTESIAN_POINT('Ctrl Pts',(35.4693443030519,44.4463034541985,26.4392134251715));
#4189=CARTESIAN_POINT('Ctrl Pts',(35.1165070253137,44.9195678955534,26.5563235880172));
#4190=CARTESIAN_POINT('Ctrl Pts',(35.1237773361192,44.9106631318284,26.551650313515));
#4191=CARTESIAN_POINT('Ctrl Pts',(35.139671137953,44.89108821147,26.5428417212059));
#4192=CARTESIAN_POINT('Ctrl Pts',(35.1683768261131,44.855745690897,26.5311116050259));
#4193=CARTESIAN_POINT('Ctrl Pts',(35.2030928158501,44.8136767389513,26.5208614658307));
#4194=CARTESIAN_POINT('Ctrl Pts',(35.2448545357468,44.7639232413354,26.5119930257315));
#4195=CARTESIAN_POINT('Ctrl Pts',(35.2940657005297,44.7064713904633,26.5044520569557));
#4196=CARTESIAN_POINT('Ctrl Pts',(35.3484557604361,44.6432400395273,26.497928481663));
#4197=CARTESIAN_POINT('Ctrl Pts',(35.4026036188699,44.5790541067626,26.4919817667562));
#4198=CARTESIAN_POINT('Ctrl Pts',(35.4520000442725,44.5196948313313,26.4868272212547));
#4199=CARTESIAN_POINT('Ctrl Pts',(35.4819590287728,44.4821259519056,26.4832829933073));
#4200=CARTESIAN_POINT('Ctrl Pts',(35.4974279570162,44.4628262886054,26.4813397723479));
#4201=CARTESIAN_POINT('Ctrl Pts',(35.3408274825136,44.7446642084615,26.6503289355083));
#4202=CARTESIAN_POINT('Ctrl Pts',(35.3451524607752,44.7374018862252,26.6441319257286));
#4203=CARTESIAN_POINT('Ctrl Pts',(35.354925329065,44.7216689903569,26.6320935761362));
#4204=CARTESIAN_POINT('Ctrl Pts',(35.372697410493,44.6947346257985,26.6150282502076));
#4205=CARTESIAN_POINT('Ctrl Pts',(35.3931840065809,44.6648915356626,26.5990196368704));
#4206=CARTESIAN_POINT('Ctrl Pts',(35.415688802079,44.6329901473933,26.5843487611044));
#4207=CARTESIAN_POINT('Ctrl Pts',(35.4390691849473,44.6002835027064,26.5715306031018));
#4208=CARTESIAN_POINT('Ctrl Pts',(35.4622339847706,44.5683417628105,26.5614344935139));
#4209=CARTESIAN_POINT('Ctrl Pts',(35.4846483616074,44.5384181676307,26.5548355124351));
#4210=CARTESIAN_POINT('Ctrl Pts',(35.5071203957157,44.5097215945097,26.5518376371191));
#4211=CARTESIAN_POINT('Ctrl Pts',(35.5234617087556,44.4901851772826,26.5515241660693));
#4212=CARTESIAN_POINT('Ctrl Pts',(35.5315222015027,44.4805335086626,26.551381342407));
#4213=CARTESIAN_POINT('Ctrl Pts',(35.4459789424546,44.6505133812262,26.6941692915666));
#4214=CARTESIAN_POINT('Ctrl Pts',(35.446763687236,44.6468245865056,26.6874878610796));
#4215=CARTESIAN_POINT('Ctrl Pts',(35.4492154577537,44.6385567419193,26.6745911721235));
#4216=CARTESIAN_POINT('Ctrl Pts',(35.4554260539233,44.6237459265691,26.6569440203496));
#4217=CARTESIAN_POINT('Ctrl Pts',(35.4640006202969,44.6068629018825,26.6413129236735));
#4218=CARTESIAN_POINT('Ctrl Pts',(35.474704234096,44.5883313130974,26.6280308284242));
#4219=CARTESIAN_POINT('Ctrl Pts',(35.4872624796473,44.5686330067982,26.617454765848));
#4220=CARTESIAN_POINT('Ctrl Pts',(35.5012906841082,44.5483399167379,26.6098316632786));
#4221=CARTESIAN_POINT('Ctrl Pts',(35.5162755150049,44.528033925435,26.6050468385553));
#4222=CARTESIAN_POINT('Ctrl Pts',(35.5319887400465,44.5077990245109,26.6026213314202));
#4223=CARTESIAN_POINT('Ctrl Pts',(35.5428759881769,44.4941468199664,26.6018421408134));
#4224=CARTESIAN_POINT('Ctrl Pts',(35.5483220193525,44.4873213979368,26.6014614330885));
#4225=CARTESIAN_POINT('Ctrl Pts',(35.4841362035688,44.6115358041496,26.7131658996617));
#4226=CARTESIAN_POINT('Ctrl Pts',(35.4842708464962,44.6089364280154,26.7072026832656));
#4227=CARTESIAN_POINT('Ctrl Pts',(35.4852103025796,44.6030457084412,26.695591794341));
#4228=CARTESIAN_POINT('Ctrl Pts',(35.4885759391913,44.5923931670865,26.6795954133932));
#4229=CARTESIAN_POINT('Ctrl Pts',(35.4937980832701,44.5802114212005,26.6654227840326));
#4230=CARTESIAN_POINT('Ctrl Pts',(35.5007477700622,44.5667929040146,26.6534033241989));
#4231=CARTESIAN_POINT('Ctrl Pts',(35.509312787333,44.5523897151404,26.6438179126004));
#4232=CARTESIAN_POINT('Ctrl Pts',(35.5192833285925,44.5372974215061,26.6367611179268));
#4233=CARTESIAN_POINT('Ctrl Pts',(35.530344725281,44.5218104273042,26.6320100745479));
#4234=CARTESIAN_POINT('Ctrl Pts',(35.5423623744139,44.5058937702676,26.6290753337961));
#4235=CARTESIAN_POINT('Ctrl Pts',(35.5508698356001,44.4949192718284,26.6277157959957));
#4236=CARTESIAN_POINT('Ctrl Pts',(35.5551332631755,44.4894181806837,26.6270312123889));
#4237=CARTESIAN_POINT('Ctrl Pts',(34.9524904932126,45.0211569433515,26.4799734506192));
#4238=CARTESIAN_POINT('Ctrl Pts',(34.9624613896351,45.0108422292841,26.4760920861788));
#4239=CARTESIAN_POINT('Ctrl Pts',(34.9828943278006,44.9891251646486,26.4688356008768));
#4240=CARTESIAN_POINT('Ctrl Pts',(35.0164615482889,44.9521265801712,26.459513095211));
#4241=CARTESIAN_POINT('Ctrl Pts',(35.0546841412628,44.9087679674712,26.451744239517));
#4242=CARTESIAN_POINT('Ctrl Pts',(35.0999685187017,44.8564878645681,26.4456144901834));
#4243=CARTESIAN_POINT('Ctrl Pts',(35.1554606499169,44.7925815341927,26.4413942597752));
#4244=CARTESIAN_POINT('Ctrl Pts',(35.2239944231679,44.7151790679252,26.4392313476056));
#4245=CARTESIAN_POINT('Ctrl Pts',(35.3034234703678,44.6260544290055,26.4377840886243));
#4246=CARTESIAN_POINT('Ctrl Pts',(35.3826926810425,44.5324523603103,26.4330629931395));
#4247=CARTESIAN_POINT('Ctrl Pts',(35.4301825177453,44.4700811540464,26.4250802260472));
#4248=CARTESIAN_POINT('Ctrl Pts',(35.4541415267348,44.4369670139825,26.4195586641675));
#4249=CARTESIAN_POINT('Ctrl Pts',(34.9524904932126,45.0211569433515,26.4799734506192));
#4250=CARTESIAN_POINT('Ctrl Pts',(34.9252198730422,45.0247797857442,26.4406641198827));
#4251=CARTESIAN_POINT('Ctrl Pts',(34.8778578364635,45.0198968143974,26.3669188860407));
#4252=CARTESIAN_POINT('Ctrl Pts',(34.7875563211069,44.9728696395589,26.2406037909546));
#4253=CARTESIAN_POINT('Ctrl Pts',(34.7351007143698,44.8824067810892,26.1716756566176));
#4254=CARTESIAN_POINT('Ctrl Pts',(34.705901797106,44.8377242758583,26.1461703391018));
#4255=CARTESIAN_POINT('Ctrl Pts',(34.9624613896351,45.0108422292841,26.4760920861788));
#4256=CARTESIAN_POINT('Ctrl Pts',(34.9359205435018,45.0136358789314,26.4381871866893));
#4257=CARTESIAN_POINT('Ctrl Pts',(34.8892931089476,45.007795681911,26.3668255477682));
#4258=CARTESIAN_POINT('Ctrl Pts',(34.8027240950077,44.9581043883078,26.246395493865));
#4259=CARTESIAN_POINT('Ctrl Pts',(34.7547522620653,44.867445134264,26.1824365603443));
#4260=CARTESIAN_POINT('Ctrl Pts',(34.7283026804163,44.8226624658347,26.1589466857766));
#4261=CARTESIAN_POINT('Ctrl Pts',(34.9828943278006,44.9891251646486,26.4688356008768));
#4262=CARTESIAN_POINT('Ctrl Pts',(34.9577206906694,44.9904455717545,26.4335787775355));
#4263=CARTESIAN_POINT('Ctrl Pts',(34.9127290775121,44.9827369646585,26.3668545367589));
#4264=CARTESIAN_POINT('Ctrl Pts',(34.8341791423186,44.9276014425145,26.2579493844201));
#4265=CARTESIAN_POINT('Ctrl Pts',(34.7948924652222,44.8371265961481,26.2031703876665));
#4266=CARTESIAN_POINT('Ctrl Pts',(34.7736536368023,44.7922431005017,26.1832056379267));
#4267=CARTESIAN_POINT('Ctrl Pts',(35.0164615482889,44.9521265801712,26.459513095211));
#4268=CARTESIAN_POINT('Ctrl Pts',(34.993239325942,44.9515846282565,26.4278843391842));
#4269=CARTESIAN_POINT('Ctrl Pts',(34.9513592667058,44.9409084947824,26.3678381017638));
#4270=CARTESIAN_POINT('Ctrl Pts',(34.8860217418501,44.8779133847009,26.2754191954352));
#4271=CARTESIAN_POINT('Ctrl Pts',(34.8577140115038,44.7898685566708,26.2316213902362));
#4272=CARTESIAN_POINT('Ctrl Pts',(34.8429226028267,44.7453555339751,26.2154152203483));
#4273=CARTESIAN_POINT('Ctrl Pts',(35.0546841412628,44.9087679674712,26.451744239517));
#4274=CARTESIAN_POINT('Ctrl Pts',(35.0334336017025,44.9064949037464,26.4234727260405));
#4275=CARTESIAN_POINT('Ctrl Pts',(34.9954113299109,44.892345824364,26.3698758023472));
#4276=CARTESIAN_POINT('Ctrl Pts',(34.9431375165064,44.8226515521499,26.2925417533889));
#4277=CARTESIAN_POINT('Ctrl Pts',(34.9226071712984,44.7392226522474,26.2565207963788));
#4278=CARTESIAN_POINT('Ctrl Pts',(34.9124732757329,44.6957899930644,26.242664376827));
#4279=CARTESIAN_POINT('Ctrl Pts',(35.0999685187017,44.8564878645681,26.4456144901834));
#4280=CARTESIAN_POINT('Ctrl Pts',(35.0807791297563,44.8525154206778,26.4204783867223));
#4281=CARTESIAN_POINT('Ctrl Pts',(35.0472711709315,44.8344516298897,26.3731269765128));
#4282=CARTESIAN_POINT('Ctrl Pts',(35.0059660463885,44.7614577136681,26.3087501122801));
#4283=CARTESIAN_POINT('Ctrl Pts',(34.9894907652709,44.6850366121531,26.2774870410123));
#4284=CARTESIAN_POINT('Ctrl Pts',(34.9820204497777,44.6437746347559,26.2649123264146));
#4285=CARTESIAN_POINT('Ctrl Pts',(35.1554606499169,44.7925815341927,26.4413942597752));
#4286=CARTESIAN_POINT('Ctrl Pts',(35.1383168768798,44.7870933691546,26.4191733660814));
#4287=CARTESIAN_POINT('Ctrl Pts',(35.1092201467782,44.7656416639077,26.3776814653323));
#4288=CARTESIAN_POINT('Ctrl Pts',(35.0741331562563,44.6952756186563,26.3231051743751));
#4289=CARTESIAN_POINT('Ctrl Pts',(35.0580349748222,44.6273560452246,26.2940888746279));
#4290=CARTESIAN_POINT('Ctrl Pts',(35.0511666622552,44.5894017847419,26.2820732946863));
#4291=CARTESIAN_POINT('Ctrl Pts',(35.2239944231679,44.7151790679252,26.4392313476056));
#4292=CARTESIAN_POINT('Ctrl Pts',(35.208420560828,44.7089198024759,26.4195479294744));
#4293=CARTESIAN_POINT('Ctrl Pts',(35.181902524184,44.6866416742285,26.3828736933599));
#4294=CARTESIAN_POINT('Ctrl Pts',(35.1466297212186,44.62558414709,26.3342031939022));
#4295=CARTESIAN_POINT('Ctrl Pts',(35.1280163162643,44.5662833531928,26.3059568092827));
#4296=CARTESIAN_POINT('Ctrl Pts',(35.1196121333488,44.5325502449376,26.2940623638721));
#4297=CARTESIAN_POINT('Ctrl Pts',(35.3034234703678,44.6260544290055,26.4377840886243));
#4298=CARTESIAN_POINT('Ctrl Pts',(35.2881136472636,44.6200506602906,26.4196943922135));
#4299=CARTESIAN_POINT('Ctrl Pts',(35.260430356812,44.5998948665015,26.3855056419811));
#4300=CARTESIAN_POINT('Ctrl Pts',(35.2186412582534,44.550174597912,26.3384732743833));
#4301=CARTESIAN_POINT('Ctrl Pts',(35.1951495738651,44.4983547320552,26.3105720039877));
#4302=CARTESIAN_POINT('Ctrl Pts',(35.1834048661161,44.4696635763514,26.2987599706969));
#4303=CARTESIAN_POINT('Ctrl Pts',(35.3826926810425,44.5324523603103,26.4330629931395));
#4304=CARTESIAN_POINT('Ctrl Pts',(35.3670539769556,44.5261677372584,26.4150461313531));
#4305=CARTESIAN_POINT('Ctrl Pts',(35.3362067648443,44.5079217578787,26.3805399240655));
#4306=CARTESIAN_POINT('Ctrl Pts',(35.2876687638222,44.4663891427257,26.333840940698));
#4307=CARTESIAN_POINT('Ctrl Pts',(35.2579177177817,44.4238892408594,26.3076891906723));
#4308=CARTESIAN_POINT('Ctrl Pts',(35.2420848530539,44.4016167376418,26.2966359486676));
#4309=CARTESIAN_POINT('Ctrl Pts',(35.4301825177453,44.4700811540464,26.4250802260472));
#4310=CARTESIAN_POINT('Ctrl Pts',(35.4148610133854,44.4619514081354,26.4060874163184));
#4311=CARTESIAN_POINT('Ctrl Pts',(35.3827213194692,44.4423800081148,26.3702977917859));
#4312=CARTESIAN_POINT('Ctrl Pts',(35.3309661989704,44.4029160584185,26.3246145281589));
#4313=CARTESIAN_POINT('Ctrl Pts',(35.2947308883318,44.3699477146759,26.3005516048728));
#4314=CARTESIAN_POINT('Ctrl Pts',(35.2759616330089,44.3527163395089,26.2905287540825));
#4315=CARTESIAN_POINT('Ctrl Pts',(35.4541415267348,44.4369670139825,26.4195586641675));
#4316=CARTESIAN_POINT('Ctrl Pts',(35.4389387504177,44.4276305737665,26.3999039031636));
#4317=CARTESIAN_POINT('Ctrl Pts',(35.4062116899397,44.4068078873261,26.3634117115998));
#4318=CARTESIAN_POINT('Ctrl Pts',(35.3513983606645,44.3699145377329,26.318509992533));
#4319=CARTESIAN_POINT('Ctrl Pts',(35.3119662471641,44.3421688619311,26.2958911795126));
#4320=CARTESIAN_POINT('Ctrl Pts',(35.2917770752862,44.3276839518514,26.2865537348598));
#4321=CARTESIAN_POINT('Ctrl Pts',(34.9524904932126,45.0211569433515,26.4799734506192));
#4322=CARTESIAN_POINT('Ctrl Pts',(34.9252198730422,45.0247797857442,26.4406641198827));
#4323=CARTESIAN_POINT('Ctrl Pts',(34.9015388547529,45.0223383000708,26.4037915029617));
#4324=CARTESIAN_POINT('Ctrl Pts',(34.8746480930488,45.013279694761,26.3643026786535));
#4325=CARTESIAN_POINT('Ctrl Pts',(34.8477573313447,45.0042210894512,26.3248138543454));
#4326=CARTESIAN_POINT('Ctrl Pts',(34.8176568262258,44.9885453645051,26.28270882265));
#4327=CARTESIAN_POINT('Ctrl Pts',(34.7894926719821,44.9580917874146,26.2444242732181));
#4328=CARTESIAN_POINT('Ctrl Pts',(34.7613285177384,44.9276382103241,26.2061397237861));
#4329=CARTESIAN_POINT('Ctrl Pts',(34.735100973459,44.8824071775681,26.1716758829326));
#4330=CARTESIAN_POINT('Ctrl Pts',(34.705901797106,44.8377242758583,26.1461703391018));
#4331=CARTESIAN_POINT('Ctrl Pts',(34.9524904932126,45.0211569433515,26.4799734506192));
#4332=CARTESIAN_POINT('Ctrl Pts',(34.9402369269044,45.0285641543361,26.4740451854588));
#4333=CARTESIAN_POINT('Ctrl Pts',(34.9155892699114,45.0432848061963,26.4619416852224));
#4334=CARTESIAN_POINT('Ctrl Pts',(34.8777283668656,45.0655049033041,26.442669343313));
#4335=CARTESIAN_POINT('Ctrl Pts',(34.8384759628392,45.0883094569718,26.4218245930324));
#4336=CARTESIAN_POINT('Ctrl Pts',(34.7972594996441,45.1121913578672,26.3988471257402));
#4337=CARTESIAN_POINT('Ctrl Pts',(34.7533909091661,45.1377195690237,26.3730517558096));
#4338=CARTESIAN_POINT('Ctrl Pts',(34.7061054969755,45.1656778849441,26.3435865125625));
#4339=CARTESIAN_POINT('Ctrl Pts',(34.6546234946219,45.1970312482269,26.3093683842175));
#4340=CARTESIAN_POINT('Ctrl Pts',(34.5980199543456,45.2327259943566,26.2695320844147));
#4341=CARTESIAN_POINT('Ctrl Pts',(34.5357749684857,45.2734539079468,26.2229278491071));
#4342=CARTESIAN_POINT('Ctrl Pts',(34.4699410649801,45.3197439142998,26.1674097899487));
#4343=CARTESIAN_POINT('Ctrl Pts',(34.4000246657603,45.3702800545143,26.106448519778));
#4344=CARTESIAN_POINT('Ctrl Pts',(34.3280266454098,45.4227669902222,26.0425234663957));
#4345=CARTESIAN_POINT('Ctrl Pts',(34.2572796359546,45.4756017786427,25.9762858062637));
#4346=CARTESIAN_POINT('Ctrl Pts',(34.2094977148862,45.5110681412858,25.9313231218343));
#4347=CARTESIAN_POINT('Ctrl Pts',(34.1854150964856,45.5295633156815,25.9072405034336));
#4348=CARTESIAN_POINT('Ctrl Pts',(34.9252198730422,45.0247797857442,26.4406641198827));
#4349=CARTESIAN_POINT('Ctrl Pts',(34.913586435321,45.0316948001568,26.4350522569718));
#4350=CARTESIAN_POINT('Ctrl Pts',(34.890092607131,45.0455157801025,26.4234742977132));
#4351=CARTESIAN_POINT('Ctrl Pts',(34.8537673846736,45.0665717571475,26.4046756188112));
#4352=CARTESIAN_POINT('Ctrl Pts',(34.8159136643788,45.0883405504411,26.3839811118672));
#4353=CARTESIAN_POINT('Ctrl Pts',(34.7759844737887,45.1112574444745,26.3608564310061));
#4354=CARTESIAN_POINT('Ctrl Pts',(34.7333389963345,45.1358349636708,26.3346228281888));
#4355=CARTESIAN_POINT('Ctrl Pts',(34.6872947448433,45.1628083669278,26.3044592340303));
#4356=CARTESIAN_POINT('Ctrl Pts',(34.637225297712,45.1930550344142,26.2693477323202));
#4357=CARTESIAN_POINT('Ctrl Pts',(34.5823561433351,45.2273786070695,26.2287234424276));
#4358=CARTESIAN_POINT('Ctrl Pts',(34.5227529201142,45.2661525636334,26.1812563628487));
#4359=CARTESIAN_POINT('Ctrl Pts',(34.4608498834736,45.3099481518361,26.1255090435381));
#4360=CARTESIAN_POINT('Ctrl Pts',(34.3950983534972,45.3566824120812,26.0661337175126));
#4361=CARTESIAN_POINT('Ctrl Pts',(34.328509063882,45.4048674826427,26.0042731073019));
#4362=CARTESIAN_POINT('Ctrl Pts',(34.263147880118,45.4531534016389,25.9408534341984));
#4363=CARTESIAN_POINT('Ctrl Pts',(34.2190967398529,45.4855604066085,25.8978083587309));
#4364=CARTESIAN_POINT('Ctrl Pts',(34.1968203282381,45.5024499313941,25.8750125038862));
#4365=CARTESIAN_POINT('Ctrl Pts',(34.8778578364635,45.0198968143974,26.3669188860407));
#4366=CARTESIAN_POINT('Ctrl Pts',(34.8667681371137,45.0263978708807,26.3614099355094));
#4367=CARTESIAN_POINT('Ctrl Pts',(34.8442550646704,45.0394530218473,26.3498533326083));
#4368=CARTESIAN_POINT('Ctrl Pts',(34.8091111733471,45.0594704357416,26.3305153941667));
#4369=CARTESIAN_POINT('Ctrl Pts',(34.7721601659838,45.080239469732,26.3087164906878));
#4370=CARTESIAN_POINT('Ctrl Pts',(34.73291546812,45.1021246246411,26.2839035209471));
#4371=CARTESIAN_POINT('Ctrl Pts',(34.6908627857293,45.1255462275089,26.2554290868423));
#4372=CARTESIAN_POINT('Ctrl Pts',(34.6455331446406,45.1511105855927,26.2226742326177));
#4373=CARTESIAN_POINT('Ctrl Pts',(34.5968932183888,45.1794908441418,26.1848152528144));
#4374=CARTESIAN_POINT('Ctrl Pts',(34.5446425530602,45.2109541451118,26.1419869012915));
#4375=CARTESIAN_POINT('Ctrl Pts',(34.4908382417723,45.2459920288297,26.0927803812223));
#4376=CARTESIAN_POINT('Ctrl Pts',(34.435406086567,45.2833479784677,26.03932857289));
#4377=CARTESIAN_POINT('Ctrl Pts',(34.3788307072945,45.3221422127593,25.9844436487259));
#4378=CARTESIAN_POINT('Ctrl Pts',(34.3229722972992,45.361330515115,25.9284926136907));
#4379=CARTESIAN_POINT('Ctrl Pts',(34.2679622207146,45.4004512135851,25.8724245195582));
#4380=CARTESIAN_POINT('Ctrl Pts',(34.2304052112733,45.4271249091927,25.8337494983265));
#4381=CARTESIAN_POINT('Ctrl Pts',(34.2111442330991,45.4410868687557,25.8135624715392));
#4382=CARTESIAN_POINT('Ctrl Pts',(34.7875563211069,44.9728696395589,26.2406037909546));
#4383=CARTESIAN_POINT('Ctrl Pts',(34.775533511417,44.979461750447,26.2338653072687));
#4384=CARTESIAN_POINT('Ctrl Pts',(34.7512319142171,44.9926568271842,26.2197445241019));
#4385=CARTESIAN_POINT('Ctrl Pts',(34.7138010997055,45.0127849826479,26.19641185478));
#4386=CARTESIAN_POINT('Ctrl Pts',(34.6752331881031,45.0335165215241,26.1707009650089));
#4387=CARTESIAN_POINT('Ctrl Pts',(34.6354252003386,45.055048890166,26.1424088483588));
#4388=CARTESIAN_POINT('Ctrl Pts',(34.5943993735833,45.0775621232602,26.1113697781022));
#4389=CARTESIAN_POINT('Ctrl Pts',(34.5524420703754,45.1015014109622,26.0776068375069));
#4390=CARTESIAN_POINT('Ctrl Pts',(34.5101091830244,45.1270489985686,26.0410812875688));
#4391=CARTESIAN_POINT('Ctrl Pts',(34.4670790524004,45.1540060264118,26.0029170467306));
#4392=CARTESIAN_POINT('Ctrl Pts',(34.4256412145225,45.1820837041883,25.9609114861423));
#4393=CARTESIAN_POINT('Ctrl Pts',(34.3836934237421,45.2111254883011,25.9185275951107));
#4394=CARTESIAN_POINT('Ctrl Pts',(34.3412771718537,45.2406269816617,25.8753027942382));
#4395=CARTESIAN_POINT('Ctrl Pts',(34.2979523273127,45.2706994983977,25.8311288174858));
#4396=CARTESIAN_POINT('Ctrl Pts',(34.2527058901821,45.301802079861,25.7848424054504));
#4397=CARTESIAN_POINT('Ctrl Pts',(34.2214350295536,45.3230353564311,25.7527880460263));
#4398=CARTESIAN_POINT('Ctrl Pts',(34.205709645359,45.3338955728225,25.7366753748597));
#4399=CARTESIAN_POINT('Ctrl Pts',(34.7351007143698,44.8824067810892,26.1716756566176));
#4400=CARTESIAN_POINT('Ctrl Pts',(34.7217723642497,44.8909611134476,26.1641506633286));
#4401=CARTESIAN_POINT('Ctrl Pts',(34.6951369215731,44.9080586506748,26.1485618552532));
#4402=CARTESIAN_POINT('Ctrl Pts',(34.6552320602739,44.9337377185549,26.1234844089997));
#4403=CARTESIAN_POINT('Ctrl Pts',(34.6153660933266,44.9594583377598,26.0966256429662));
#4404=CARTESIAN_POINT('Ctrl Pts',(34.575523292556,44.9851412145381,26.0678788043137));
#4405=CARTESIAN_POINT('Ctrl Pts',(34.5357703041899,45.0108584604816,26.0371938838445));
#4406=CARTESIAN_POINT('Ctrl Pts',(34.4963214261712,45.0369109483346,26.004590337782));
#4407=CARTESIAN_POINT('Ctrl Pts',(34.4572402424936,45.0633755102579,25.9701779191277));
#4408=CARTESIAN_POINT('Ctrl Pts',(34.4186578999611,45.0901640929782,25.9338621705375));
#4409=CARTESIAN_POINT('Ctrl Pts',(34.380888234773,45.1173000538723,25.8954751452693));
#4410=CARTESIAN_POINT('Ctrl Pts',(34.3422629343042,45.1447399303527,25.8570180242274));
#4411=CARTESIAN_POINT('Ctrl Pts',(34.30329051204,45.1723862032827,25.8179992986486));
#4412=CARTESIAN_POINT('Ctrl Pts',(34.2639596382898,45.2003640790134,25.7786809034396));
#4413=CARTESIAN_POINT('Ctrl Pts',(34.2243424043242,45.2286369365454,25.7390602755941));
#4414=CARTESIAN_POINT('Ctrl Pts',(34.1977050814231,45.2475736918821,25.7124237071846));
#4415=CARTESIAN_POINT('Ctrl Pts',(34.1843867361469,45.2572109338662,25.6991053619083));
#4416=CARTESIAN_POINT('Ctrl Pts',(34.705901797106,44.8377242758583,26.1461703391018));
#4417=CARTESIAN_POINT('Ctrl Pts',(34.6915012292636,44.8474068680164,26.1379569733822));
#4418=CARTESIAN_POINT('Ctrl Pts',(34.6629178949401,44.8666337506008,26.1209882466745));
#4419=CARTESIAN_POINT('Ctrl Pts',(34.6207503348995,44.8950669220011,26.0939439777602));
#4420=CARTESIAN_POINT('Ctrl Pts',(34.5793220803752,44.9230449466135,26.0653290403086));
#4421=CARTESIAN_POINT('Ctrl Pts',(34.538640198243,44.9504487824991,26.0351382769382));
#4422=CARTESIAN_POINT('Ctrl Pts',(34.4987969454876,44.9774067241978,26.0034628047749));
#4423=CARTESIAN_POINT('Ctrl Pts',(34.4599807411595,45.0042206034661,25.9704272999981));
#4424=CARTESIAN_POINT('Ctrl Pts',(34.4221676673099,45.0309765461294,25.9361982775707));
#4425=CARTESIAN_POINT('Ctrl Pts',(34.3856260202262,45.0575970747173,25.9005290738497));
#4426=CARTESIAN_POINT('Ctrl Pts',(34.3496499948674,45.0842494582711,25.8643181972286));
#4427=CARTESIAN_POINT('Ctrl Pts',(34.3135343016941,45.1109290763126,25.8282670905634));
#4428=CARTESIAN_POINT('Ctrl Pts',(34.2774768492129,45.1376547425167,25.7921916597788));
#4429=CARTESIAN_POINT('Ctrl Pts',(34.2414807303291,45.1645759980837,25.7562003775209));
#4430=CARTESIAN_POINT('Ctrl Pts',(34.2055450213327,45.1916493807566,25.7202633547572));
#4431=CARTESIAN_POINT('Ctrl Pts',(34.1815900831639,45.2097068137359,25.6963087089254));
#4432=CARTESIAN_POINT('Ctrl Pts',(34.169662815836,45.2188668180852,25.6843814415975));
#4433=CARTESIAN_POINT('Ctrl Pts',(34.9524904932126,45.0211569433515,26.4799734506192));
#4434=CARTESIAN_POINT('Ctrl Pts',(34.9402369269044,45.0285641543361,26.4740451854588));
#4435=CARTESIAN_POINT('Ctrl Pts',(34.9155892699114,45.0432848061963,26.4619416852224));
#4436=CARTESIAN_POINT('Ctrl Pts',(34.8777283668656,45.0655049033041,26.442669343313));
#4437=CARTESIAN_POINT('Ctrl Pts',(34.8384759628392,45.0883094569718,26.4218245930324));
#4438=CARTESIAN_POINT('Ctrl Pts',(34.7972594996441,45.1121913578672,26.3988471257402));
#4439=CARTESIAN_POINT('Ctrl Pts',(34.7533909091661,45.1377195690237,26.3730517558096));
#4440=CARTESIAN_POINT('Ctrl Pts',(34.7061054969755,45.1656778849441,26.3435865125625));
#4441=CARTESIAN_POINT('Ctrl Pts',(34.6546234946219,45.1970312482269,26.3093683842175));
#4442=CARTESIAN_POINT('Ctrl Pts',(34.5980199543456,45.2327259943566,26.2695320844147));
#4443=CARTESIAN_POINT('Ctrl Pts',(34.5357749684857,45.2734539079468,26.2229278491071));
#4444=CARTESIAN_POINT('Ctrl Pts',(34.4699410649801,45.3197439142998,26.1674097899487));
#4445=CARTESIAN_POINT('Ctrl Pts',(34.4000246657603,45.3702800545143,26.106448519778));
#4446=CARTESIAN_POINT('Ctrl Pts',(34.3280266454098,45.4227669902222,26.0425234663957));
#4447=CARTESIAN_POINT('Ctrl Pts',(34.2572796359546,45.4756017786427,25.9762858062637));
#4448=CARTESIAN_POINT('Ctrl Pts',(34.2094977148862,45.5110681412858,25.9313231218343));
#4449=CARTESIAN_POINT('Ctrl Pts',(34.1854150964856,45.5295633156815,25.9072405034336));
#4450=CARTESIAN_POINT('Ctrl Pts',(34.9524904932126,45.0211569433515,26.4799734506192));
#4451=CARTESIAN_POINT('Ctrl Pts',(34.9225778039449,45.0521010855536,26.4916175439405));
#4452=CARTESIAN_POINT('Ctrl Pts',(34.8680780388913,45.1038529014008,26.5189628205332));
#4453=CARTESIAN_POINT('Ctrl Pts',(34.7641343751915,45.1737853519515,26.5794736198684));
#4454=CARTESIAN_POINT('Ctrl Pts',(34.7030190247684,45.1898271911879,26.6491421029122));
#4455=CARTESIAN_POINT('Ctrl Pts',(34.6722704109876,45.1897416724721,26.6801001965847));
#4456=CARTESIAN_POINT('Ctrl Pts',(34.9402369269044,45.0285641543361,26.4740451854588));
#4457=CARTESIAN_POINT('Ctrl Pts',(34.9108463998633,45.0590323847129,26.4856449556967));
#4458=CARTESIAN_POINT('Ctrl Pts',(34.8565379039464,45.1105972772641,26.5127150883348));
#4459=CARTESIAN_POINT('Ctrl Pts',(34.7510399721923,45.1819898376671,26.5722932950089));
#4460=CARTESIAN_POINT('Ctrl Pts',(34.6878191343721,45.199779583027,26.6399636735442));
#4461=CARTESIAN_POINT('Ctrl Pts',(34.6552773226313,45.2009120964363,26.6697314142923));
#4462=CARTESIAN_POINT('Ctrl Pts',(34.9155892699114,45.0432848061963,26.4619416852224));
#4463=CARTESIAN_POINT('Ctrl Pts',(34.887122756987,45.0729499223792,26.4734350532206));
#4464=CARTESIAN_POINT('Ctrl Pts',(34.8330286431529,45.124336965141,26.4999397632217));
#4465=CARTESIAN_POINT('Ctrl Pts',(34.7244705501345,45.1987044458477,26.5577312364326));
#4466=CARTESIAN_POINT('Ctrl Pts',(34.6572263474093,45.2198079747449,26.6214970052054));
#4467=CARTESIAN_POINT('Ctrl Pts',(34.6212458439204,45.2232445195527,26.6490597664025));
#4468=CARTESIAN_POINT('Ctrl Pts',(34.8777283668656,45.0655049033041,26.442669343313));
#4469=CARTESIAN_POINT('Ctrl Pts',(34.850346430017,45.0943741864181,26.4539734623699));
#4470=CARTESIAN_POINT('Ctrl Pts',(34.7961208399126,45.1460749322176,26.4796158291604));
#4471=CARTESIAN_POINT('Ctrl Pts',(34.6832575313617,45.2249216281905,26.5349623346884));
#4472=CARTESIAN_POINT('Ctrl Pts',(34.6107387922209,45.2502944401977,26.5933081850162));
#4473=CARTESIAN_POINT('Ctrl Pts',(34.5701607705706,45.2567361611639,26.6181073905046));
#4474=CARTESIAN_POINT('Ctrl Pts',(34.8384759628392,45.0883094569718,26.4218245930324));
#4475=CARTESIAN_POINT('Ctrl Pts',(34.8119186374506,45.116741372263,26.4329325764704));
#4476=CARTESIAN_POINT('Ctrl Pts',(34.7571829630082,45.1693965458018,26.4577296358954));
#4477=CARTESIAN_POINT('Ctrl Pts',(34.6405226393747,45.252480809241,26.510904047692));
#4478=CARTESIAN_POINT('Ctrl Pts',(34.563657787443,45.2812932938053,26.5644586509711));
#4479=CARTESIAN_POINT('Ctrl Pts',(34.5191450342795,45.290240973501,26.5870539680542));
#4480=CARTESIAN_POINT('Ctrl Pts',(34.7972594996441,45.1121913578673,26.3988471257402));
#4481=CARTESIAN_POINT('Ctrl Pts',(34.771302788138,45.1405178727133,26.4097821044657));
#4482=CARTESIAN_POINT('Ctrl Pts',(34.7157996716283,45.1948244977623,26.433785795481));
#4483=CARTESIAN_POINT('Ctrl Pts',(34.5961305236027,45.281530410705,26.4852129095304));
#4484=CARTESIAN_POINT('Ctrl Pts',(34.5159420253246,45.3128545154044,26.5348658853968));
#4485=CARTESIAN_POINT('Ctrl Pts',(34.4682354504425,45.3237648078096,26.5558472984353));
#4486=CARTESIAN_POINT('Ctrl Pts',(34.7533909091661,45.1377195690237,26.3730517558096));
#4487=CARTESIAN_POINT('Ctrl Pts',(34.7278760306956,45.166285688662,26.383866680757));
#4488=CARTESIAN_POINT('Ctrl Pts',(34.6713585484714,45.2228581339485,26.4074118780633));
#4489=CARTESIAN_POINT('Ctrl Pts',(34.5502461385952,45.3121961462128,26.4573056305845));
#4490=CARTESIAN_POINT('Ctrl Pts',(34.4675295059506,45.3450147712094,26.50450173427));
#4491=CARTESIAN_POINT('Ctrl Pts',(34.4174491783956,45.3573101146727,26.5244645503326));
#4492=CARTESIAN_POINT('Ctrl Pts',(34.7061054969755,45.1656778849441,26.3435865125625));
#4493=CARTESIAN_POINT('Ctrl Pts',(34.680962527228,45.1948851266901,26.3544292616766));
#4494=CARTESIAN_POINT('Ctrl Pts',(34.6234124215001,45.2539682283369,26.3779087954187));
#4495=CARTESIAN_POINT('Ctrl Pts',(34.502508756411,45.3444500283447,26.4275188101632));
#4496=CARTESIAN_POINT('Ctrl Pts',(34.4183848803862,45.3778004588967,26.4733288550847));
#4497=CARTESIAN_POINT('Ctrl Pts',(34.3668170731207,45.3908802845577,26.4928612945334));
#4498=CARTESIAN_POINT('Ctrl Pts',(34.6546234946219,45.1970312482269,26.3093683842175));
#4499=CARTESIAN_POINT('Ctrl Pts',(34.629996258066,45.2271285911437,26.3203760392293));
#4500=CARTESIAN_POINT('Ctrl Pts',(34.5713025118505,45.288560790507,26.3448900952945));
#4501=CARTESIAN_POINT('Ctrl Pts',(34.4531331526385,45.3782245975526,26.3956317565677));
#4502=CARTESIAN_POINT('Ctrl Pts',(34.3684227323409,45.4112313125245,26.4414291540116));
#4503=CARTESIAN_POINT('Ctrl Pts',(34.3163003582466,45.4244794003146,26.4610955097894));
#4504=CARTESIAN_POINT('Ctrl Pts',(34.5980199543456,45.2327259943566,26.2695320844147));
#4505=CARTESIAN_POINT('Ctrl Pts',(34.5735983479452,45.263674820643,26.2817785609055));
#4506=CARTESIAN_POINT('Ctrl Pts',(34.5167685282873,45.3271121472264,26.3057239434787));
#4507=CARTESIAN_POINT('Ctrl Pts',(34.4016691813629,45.413319083017,26.3625133127774));
#4508=CARTESIAN_POINT('Ctrl Pts',(34.3177595524196,45.4452824894959,26.4086244751451));
#4509=CARTESIAN_POINT('Ctrl Pts',(34.2661171161329,45.4581131635182,26.4288458250725));
#4510=CARTESIAN_POINT('Ctrl Pts',(34.5357749684857,45.2734539079469,26.2229278491071));
#4511=CARTESIAN_POINT('Ctrl Pts',(34.513413587662,45.3051225301548,26.235229083797));
#4512=CARTESIAN_POINT('Ctrl Pts',(34.4573159383369,45.3689435457897,26.2640755320451));
#4513=CARTESIAN_POINT('Ctrl Pts',(34.3493276569571,45.4495496903029,26.3267899947818));
#4514=CARTESIAN_POINT('Ctrl Pts',(34.2667848918571,45.4800888218894,26.3745253458512));
#4515=CARTESIAN_POINT('Ctrl Pts',(34.2168509454997,45.491943820092,26.3953958059688));
#4516=CARTESIAN_POINT('Ctrl Pts',(34.4699410649801,45.3197439142998,26.1674097899486));
#4517=CARTESIAN_POINT('Ctrl Pts',(34.4486258662856,45.3514332959436,26.1830985016097));
#4518=CARTESIAN_POINT('Ctrl Pts',(34.3960428112907,45.4139165636858,26.2176890809862));
#4519=CARTESIAN_POINT('Ctrl Pts',(34.2973082792511,45.4872845922675,26.2878065556637));
#4520=CARTESIAN_POINT('Ctrl Pts',(34.2168740781754,45.5155100909505,26.3373309219819));
#4521=CARTESIAN_POINT('Ctrl Pts',(34.1691828803655,45.5257092173857,26.3596363706466));
#4522=CARTESIAN_POINT('Ctrl Pts',(34.4000246657603,45.3702800545143,26.106448519778));
#4523=CARTESIAN_POINT('Ctrl Pts',(34.3810314003847,45.4012142129755,26.1257266793393));
#4524=CARTESIAN_POINT('Ctrl Pts',(34.3336023623983,45.460472647588,26.1681634974705));
#4525=CARTESIAN_POINT('Ctrl Pts',(34.2436927874084,45.5255458658507,26.2473272469529));
#4526=CARTESIAN_POINT('Ctrl Pts',(34.165805970774,45.5510068195857,26.299909889342));
#4527=CARTESIAN_POINT('Ctrl Pts',(34.1212870452349,45.559162261,26.3239098138612));
#4528=CARTESIAN_POINT('Ctrl Pts',(34.3280266454098,45.4227669902222,26.0425234663957));
#4529=CARTESIAN_POINT('Ctrl Pts',(34.3116734456478,45.4524257198542,26.0662159689497));
#4530=CARTESIAN_POINT('Ctrl Pts',(34.2702166291706,45.5074400071896,26.1174202801888));
#4531=CARTESIAN_POINT('Ctrl Pts',(34.1884880849733,45.5648019825928,26.2050729152359));
#4532=CARTESIAN_POINT('Ctrl Pts',(34.1150738542792,45.5866984676557,26.2606035207023));
#4533=CARTESIAN_POINT('Ctrl Pts',(34.0746099372444,45.5924440625101,26.2864266805862));
#4534=CARTESIAN_POINT('Ctrl Pts',(34.2572796359546,45.4756017786427,25.9762858062637));
#4535=CARTESIAN_POINT('Ctrl Pts',(34.2435648951551,45.503911816635,26.0042590111683));
#4536=CARTESIAN_POINT('Ctrl Pts',(34.2079706380885,45.554533406406,26.0639539324285));
#4537=CARTESIAN_POINT('Ctrl Pts',(34.1320269952587,45.6058272136259,26.1589652574883));
#4538=CARTESIAN_POINT('Ctrl Pts',(34.0653031179362,45.6224803431051,26.2189597957045));
#4539=CARTESIAN_POINT('Ctrl Pts',(34.0293152445949,45.6255038731805,26.2471382045583));
#4540=CARTESIAN_POINT('Ctrl Pts',(34.2094977148862,45.5110681412858,25.9313231218343));
#4541=CARTESIAN_POINT('Ctrl Pts',(34.1972228434306,45.5386308953404,25.9621620384487));
#4542=CARTESIAN_POINT('Ctrl Pts',(34.1643937496055,45.5869338217313,26.0271294444174));
#4543=CARTESIAN_POINT('Ctrl Pts',(34.0923986408982,45.6339986284855,26.1274127894787));
#4544=CARTESIAN_POINT('Ctrl Pts',(34.0315807145213,45.6463335106951,26.1909648103345));
#4545=CARTESIAN_POINT('Ctrl Pts',(33.9990124486472,45.6473684599362,26.2208378555952));
#4546=CARTESIAN_POINT('Ctrl Pts',(34.1854150964856,45.5295633156815,25.9072405034336));
#4547=CARTESIAN_POINT('Ctrl Pts',(34.1740098647331,45.5566766999688,25.939468502981));
#4548=CARTESIAN_POINT('Ctrl Pts',(34.1427149797831,45.6037620937681,26.0069244296963));
#4549=CARTESIAN_POINT('Ctrl Pts',(34.0735135507915,45.6481621823119,26.1102246168518));
#4550=CARTESIAN_POINT('Ctrl Pts',(34.0156864773196,45.6582580187677,26.1758051767932));
#4551=CARTESIAN_POINT('Ctrl Pts',(33.9848331235824,45.6582580187677,26.2066585305304));
#4552=CARTESIAN_POINT('Ctrl Pts',(34.9524904932126,45.0211569433515,26.4799734506192));
#4553=CARTESIAN_POINT('Ctrl Pts',(34.9225778039449,45.0521010855536,26.4916175439405));
#4554=CARTESIAN_POINT('Ctrl Pts',(34.8680780388913,45.1038529014008,26.5189628205332));
#4555=CARTESIAN_POINT('Ctrl Pts',(34.7641344017973,45.1737853340513,26.5794736043798));
#4556=CARTESIAN_POINT('Ctrl Pts',(34.7030190716983,45.1898271788695,26.6491420494144));
#4557=CARTESIAN_POINT('Ctrl Pts',(34.6722704818224,45.1897416726691,26.6801001252674));
#4558=CARTESIAN_POINT('Ctrl Pts',(34.9524904932126,45.0211569433515,26.4799734506192));
#4559=CARTESIAN_POINT('Ctrl Pts',(34.9583341975348,45.0203806199816,26.4883968786342));
#4560=CARTESIAN_POINT('Ctrl Pts',(34.9703030047083,45.0182262276726,26.5054252086665));
#4561=CARTESIAN_POINT('Ctrl Pts',(34.9894712222036,45.0130183069146,26.5317731600394));
#4562=CARTESIAN_POINT('Ctrl Pts',(35.0102869523558,45.0055844278874,26.5592299663349));
#4563=CARTESIAN_POINT('Ctrl Pts',(35.033265150649,44.9955790934712,26.5881609182026));
#4564=CARTESIAN_POINT('Ctrl Pts',(35.0590527223333,44.9825466653997,26.6189678204685));
#4565=CARTESIAN_POINT('Ctrl Pts',(35.0884290277416,44.965908934893,26.6521014428996));
#4566=CARTESIAN_POINT('Ctrl Pts',(35.122286369694,44.9449789947545,26.6880459722258));
#4567=CARTESIAN_POINT('Ctrl Pts',(35.1614923580456,44.9190553057846,26.7272472206965));
#4568=CARTESIAN_POINT('Ctrl Pts',(35.2065958981109,44.8876726013024,26.7698804130312));
#4569=CARTESIAN_POINT('Ctrl Pts',(35.2572973966753,44.8510315210671,26.8155481058415));
#4570=CARTESIAN_POINT('Ctrl Pts',(35.3118939255791,44.8104151430841,26.8631639858944));
#4571=CARTESIAN_POINT('Ctrl Pts',(35.3675842107031,44.7680547786046,26.9112404706103));
#4572=CARTESIAN_POINT('Ctrl Pts',(35.4215505955205,44.7258627863099,26.9596765716571));
#4573=CARTESIAN_POINT('Ctrl Pts',(35.4563463061379,44.6978080406086,26.9933601006397));
#4574=CARTESIAN_POINT('Ctrl Pts',(35.4740962938733,44.6833152363112,27.0111100883752));
#4575=CARTESIAN_POINT('Ctrl Pts',(34.9225778039449,45.0521010855536,26.4916175439405));
#4576=CARTESIAN_POINT('Ctrl Pts',(34.9289325863242,45.050358038279,26.5001350361055));
#4577=CARTESIAN_POINT('Ctrl Pts',(34.9419186536216,45.046345475917,26.5173254888157));
#4578=CARTESIAN_POINT('Ctrl Pts',(34.9626250672197,45.0385227118445,26.5438748559599));
#4579=CARTESIAN_POINT('Ctrl Pts',(34.9850131250212,45.0286039277625,26.5715234647288));
#4580=CARTESIAN_POINT('Ctrl Pts',(35.0096137272735,45.0162109551881,26.6006651025925));
#4581=CARTESIAN_POINT('Ctrl Pts',(35.0370821495993,45.0008703900679,26.6317139350506));
#4582=CARTESIAN_POINT('Ctrl Pts',(35.0681897476028,44.9820060881834,26.6651239686103));
#4583=CARTESIAN_POINT('Ctrl Pts',(35.1037893094472,44.958968049791,26.7013654873765));
#4584=CARTESIAN_POINT('Ctrl Pts',(35.1446375937304,44.931153949831,26.7408255802223));
#4585=CARTESIAN_POINT('Ctrl Pts',(35.1911072885978,44.898262764445,26.7835790164075));
#4586=CARTESIAN_POINT('Ctrl Pts',(35.2427209192058,44.8606601895361,26.8291702833823));
#4587=CARTESIAN_POINT('Ctrl Pts',(35.2977971245057,44.8196250030672,26.8766426127771));
#4588=CARTESIAN_POINT('Ctrl Pts',(35.3539130527993,44.7770516557476,26.9249352639152));
#4589=CARTESIAN_POINT('Ctrl Pts',(35.4087471282268,44.7343137825877,26.9745283577213));
#4590=CARTESIAN_POINT('Ctrl Pts',(35.4445229055864,44.7054889773182,27.0097021394722));
#4591=CARTESIAN_POINT('Ctrl Pts',(35.4627956696868,44.6905455588771,27.0283142462158));
#4592=CARTESIAN_POINT('Ctrl Pts',(34.8680780388913,45.1038529014008,26.5189628205332));
#4593=CARTESIAN_POINT('Ctrl Pts',(34.87523897738,45.1004937437131,26.5275623909892));
#4594=CARTESIAN_POINT('Ctrl Pts',(34.8899372248387,45.0932837417991,26.5449295625617));
#4595=CARTESIAN_POINT('Ctrl Pts',(34.9135105618394,45.0807260830575,26.5718449440594));
#4596=CARTESIAN_POINT('Ctrl Pts',(34.9390675453623,45.0660945579679,26.600023064447));
#4597=CARTESIAN_POINT('Ctrl Pts',(34.9671342288414,45.048985270111,26.6299122566289));
#4598=CARTESIAN_POINT('Ctrl Pts',(34.9983419572529,45.0289345782247,26.6619406782857));
#4599=CARTESIAN_POINT('Ctrl Pts',(35.033361051255,45.0054503655181,26.6965083759883));
#4600=CARTESIAN_POINT('Ctrl Pts',(35.0727941450174,44.9781001335853,26.7338957261016));
#4601=CARTESIAN_POINT('Ctrl Pts',(35.11696646477,44.9466541999729,26.7741891708856));
#4602=CARTESIAN_POINT('Ctrl Pts',(35.1657207375734,44.9112862968945,26.8171068478714));
#4603=CARTESIAN_POINT('Ctrl Pts',(35.2181959281888,44.8726951894694,26.8620601416186));
#4604=CARTESIAN_POINT('Ctrl Pts',(35.2729168883623,44.8319904856265,26.9084248322165));
#4605=CARTESIAN_POINT('Ctrl Pts',(35.3283778325697,44.7902089135075,26.9560362570684));
#4606=CARTESIAN_POINT('Ctrl Pts',(35.3830946995538,44.7477733677952,27.006199089086));
#4607=CARTESIAN_POINT('Ctrl Pts',(35.419723802974,44.7181806572946,27.0429728124753));
#4608=CARTESIAN_POINT('Ctrl Pts',(35.4384864643596,44.7027179733407,27.0625621863342));
#4609=CARTESIAN_POINT('Ctrl Pts',(34.7641343751915,45.1737853519515,26.5794736198684));
#4610=CARTESIAN_POINT('Ctrl Pts',(34.7746197863527,45.1666569498457,26.5890504137713));
#4611=CARTESIAN_POINT('Ctrl Pts',(34.7960895550717,45.1519961810753,26.6084267058985));
#4612=CARTESIAN_POINT('Ctrl Pts',(34.8300679660362,45.1285637096596,26.6384386607353));
#4613=CARTESIAN_POINT('Ctrl Pts',(34.866072723898,45.1034768167383,26.6696465174625));
#4614=CARTESIAN_POINT('Ctrl Pts',(34.9043208635696,45.0765551500863,26.7022455798254));
#4615=CARTESIAN_POINT('Ctrl Pts',(34.945031200737,45.0476844374763,26.7362704994968));
#4616=CARTESIAN_POINT('Ctrl Pts',(34.9883223521916,45.0168341178426,26.7716738432595));
#4617=CARTESIAN_POINT('Ctrl Pts',(35.0341696124799,44.9840808642114,26.8083362200271));
#4618=CARTESIAN_POINT('Ctrl Pts',(35.0823478393437,44.9496100773857,26.8461396011987));
#4619=CARTESIAN_POINT('Ctrl Pts',(35.1325406944313,44.9136883679012,26.8849312267225));
#4620=CARTESIAN_POINT('Ctrl Pts',(35.184248318503,44.8765564172626,26.9248541935419));
#4621=CARTESIAN_POINT('Ctrl Pts',(35.2371160929126,44.838294912331,26.9662838723668));
#4622=CARTESIAN_POINT('Ctrl Pts',(35.2906697252682,44.798757671444,27.0101888909604));
#4623=CARTESIAN_POINT('Ctrl Pts',(35.3445268139966,44.7572014621101,27.0587065408353));
#4624=CARTESIAN_POINT('Ctrl Pts',(35.3799976989738,44.728378896207,27.0941947351006));
#4625=CARTESIAN_POINT('Ctrl Pts',(35.3975224180897,44.7137996484985,27.1125743824813));
#4626=CARTESIAN_POINT('Ctrl Pts',(34.7030190247684,45.1898271911879,26.6491421029122));
#4627=CARTESIAN_POINT('Ctrl Pts',(34.7174868053127,45.179872763189,26.6590576297486));
#4628=CARTESIAN_POINT('Ctrl Pts',(34.746671898695,45.1598241838807,26.6789813456455));
#4629=CARTESIAN_POINT('Ctrl Pts',(34.7911954782296,45.1292657065722,26.7093104119204));
#4630=CARTESIAN_POINT('Ctrl Pts',(34.8364410555019,45.0981612263549,26.7402549189854));
#4631=CARTESIAN_POINT('Ctrl Pts',(34.8824070772184,45.0664633023999,26.7719326382958));
#4632=CARTESIAN_POINT('Ctrl Pts',(34.9291460538138,45.0341443303839,26.8043586570884));
#4633=CARTESIAN_POINT('Ctrl Pts',(34.9766893959233,45.0011870106497,26.8375439346311));
#4634=CARTESIAN_POINT('Ctrl Pts',(35.0250187178651,44.9675840298886,26.8715247690897));
#4635=CARTESIAN_POINT('Ctrl Pts',(35.0740667914348,44.9333432810216,26.9063490573276));
#4636=CARTESIAN_POINT('Ctrl Pts',(35.1237560579702,44.8984952226556,26.9420197519341));
#4637=CARTESIAN_POINT('Ctrl Pts',(35.1738001965223,44.863068693759,26.9787525330006));
#4638=CARTESIAN_POINT('Ctrl Pts',(35.2239856367986,44.8271075970363,27.0166534304558));
#4639=CARTESIAN_POINT('Ctrl Pts',(35.2735857519318,44.7906395087223,27.0563815233198));
#4640=CARTESIAN_POINT('Ctrl Pts',(35.3217188244568,44.7536772686031,27.0987870789193));
#4641=CARTESIAN_POINT('Ctrl Pts',(35.3525522127778,44.7287783232705,27.1289434017853));
#4642=CARTESIAN_POINT('Ctrl Pts',(35.3676802703925,44.7162763656077,27.1444387612302));
#4643=CARTESIAN_POINT('Ctrl Pts',(34.6722704109876,45.1897416724721,26.6801001965847));
#4644=CARTESIAN_POINT('Ctrl Pts',(34.6892634993439,45.1785712485078,26.6904689788771));
#4645=CARTESIAN_POINT('Ctrl Pts',(34.7232025592431,45.1562215504036,26.7112752996369));
#4646=CARTESIAN_POINT('Ctrl Pts',(34.7739074918201,45.1226612776942,26.7427758797397));
#4647=CARTESIAN_POINT('Ctrl Pts',(34.824335172567,45.0890543190581,26.7746680729612));
#4648=CARTESIAN_POINT('Ctrl Pts',(34.874466974162,45.0553990200692,26.8069745836997));
#4649=CARTESIAN_POINT('Ctrl Pts',(34.9243423209936,45.021703604511,26.8396358217454));
#4650=CARTESIAN_POINT('Ctrl Pts',(34.9739926054243,44.9879749131944,26.8726036244045));
#4651=CARTESIAN_POINT('Ctrl Pts',(35.0234127632305,44.9542136945637,26.9058812235077));
#4652=CARTESIAN_POINT('Ctrl Pts',(35.0725944842707,44.9204200428649,26.939476703222));
#4653=CARTESIAN_POINT('Ctrl Pts',(35.1215144980191,44.8865919575491,26.9734182374818));
#4654=CARTESIAN_POINT('Ctrl Pts',(35.1700001649048,44.8527098924088,27.0079263423905));
#4655=CARTESIAN_POINT('Ctrl Pts',(35.2179468178096,44.8187584848252,27.0431433141522));
#4656=CARTESIAN_POINT('Ctrl Pts',(35.2647228078687,44.7847023722535,27.0797874222562));
#4657=CARTESIAN_POINT('Ctrl Pts',(35.309687465502,44.7505176278762,27.1185579454314));
#4658=CARTESIAN_POINT('Ctrl Pts',(35.3382738335766,44.7276907918069,27.1458856781515));
#4659=CARTESIAN_POINT('Ctrl Pts',(35.3522535935239,44.7162763656077,27.1598654380988));
#4660=CARTESIAN_POINT('Ctrl Pts',(26.4779416376044,45.0242838352102,34.9492719221813));
#4661=CARTESIAN_POINT('Ctrl Pts',(26.4948303938685,45.0226570656896,34.9610308351536));
#4662=CARTESIAN_POINT('Ctrl Pts',(26.5293059083059,45.0170070202459,34.9856654450636));
#4663=CARTESIAN_POINT('Ctrl Pts',(26.5852722382471,44.9996713130469,35.0292031941199));
#4664=CARTESIAN_POINT('Ctrl Pts',(26.648551826292,44.9702683058884,35.0840453041138));
#4665=CARTESIAN_POINT('Ctrl Pts',(26.7231076990171,44.9236592820499,35.1570587318054));
#4666=CARTESIAN_POINT('Ctrl Pts',(26.8124372595281,44.854207278612,35.2549643538518));
#4667=CARTESIAN_POINT('Ctrl Pts',(26.91167695601,44.7680653013627,35.3675116316419));
#4668=CARTESIAN_POINT('Ctrl Pts',(26.975394538941,44.7124768603101,35.4383807444393));
#4669=CARTESIAN_POINT('Ctrl Pts',(27.0111100883756,44.6833152363108,35.4740962938738));
#4670=CARTESIAN_POINT('Ctrl Pts',(26.5059950257763,44.9895309897117,35.006827407579));
#4671=CARTESIAN_POINT('Ctrl Pts',(26.5213717488608,44.988131744352,35.0171335961651));
#4672=CARTESIAN_POINT('Ctrl Pts',(26.5532567478477,44.9828869897859,35.0393612094893));
#4673=CARTESIAN_POINT('Ctrl Pts',(26.6061371735883,44.966032347443,35.0802236810864));
#4674=CARTESIAN_POINT('Ctrl Pts',(26.666496155238,44.9371474333105,35.132853515141));
#4675=CARTESIAN_POINT('Ctrl Pts',(26.7374617802702,44.891721184668,35.2029742965387));
#4676=CARTESIAN_POINT('Ctrl Pts',(26.8207910972664,44.8262354116887,35.2941125963372));
#4677=CARTESIAN_POINT('Ctrl Pts',(26.9091299909819,44.7493151377447,35.3936919649537));
#4678=CARTESIAN_POINT('Ctrl Pts',(26.9638985441797,44.7010924482642,35.4547108464187));
#4679=CARTESIAN_POINT('Ctrl Pts',(26.993905930535,44.6760849137449,35.4853969180604));
#4680=CARTESIAN_POINT('Ctrl Pts',(26.5548676989032,44.9212835168212,35.1140015654939));
#4681=CARTESIAN_POINT('Ctrl Pts',(26.5686715500651,44.9197179718868,35.1227839894739));
#4682=CARTESIAN_POINT('Ctrl Pts',(26.5977228157542,44.9139029245929,35.1426716457713));
#4683=CARTESIAN_POINT('Ctrl Pts',(26.6468568130808,44.8956318933196,35.1816823010757));
#4684=CARTESIAN_POINT('Ctrl Pts',(26.7032438695291,44.8654714869027,35.2327373038356));
#4685=CARTESIAN_POINT('Ctrl Pts',(26.7679785474996,44.821436657084,35.2976904847862));
#4686=CARTESIAN_POINT('Ctrl Pts',(26.837808326881,44.7659985030314,35.3724780736299));
#4687=CARTESIAN_POINT('Ctrl Pts',(26.9024214635168,44.7099921200711,35.4438823290218));
#4688=CARTESIAN_POINT('Ctrl Pts',(26.9396612307243,44.6766960791017,35.4851078884597));
#4689=CARTESIAN_POINT('Ctrl Pts',(26.9593374411777,44.659336122791,35.5062900768692));
#4690=CARTESIAN_POINT('Ctrl Pts',(26.6501152468438,44.7455277622564,35.340101510985));
#4691=CARTESIAN_POINT('Ctrl Pts',(26.6624848831813,44.7453458832033,35.3454969176455));
#4692=CARTESIAN_POINT('Ctrl Pts',(26.6882110710606,44.7428802829135,35.3582119167457));
#4693=CARTESIAN_POINT('Ctrl Pts',(26.7294283517345,44.7330131816445,35.3826760049112));
#4694=CARTESIAN_POINT('Ctrl Pts',(26.7721556764515,44.7174651334528,35.4115849262474));
#4695=CARTESIAN_POINT('Ctrl Pts',(26.8138267063,44.6978130813967,35.4426304330088));
#4696=CARTESIAN_POINT('Ctrl Pts',(26.8507570121548,44.6762467249836,35.4728523612389));
#4697=CARTESIAN_POINT('Ctrl Pts',(26.8806185755946,44.6541884891041,35.5008227047021));
#4698=CARTESIAN_POINT('Ctrl Pts',(26.8988702804529,44.6365687337545,35.5216035759515));
#4699=CARTESIAN_POINT('Ctrl Pts',(26.907890998655,44.6277781819049,35.5319695685573));
#4700=CARTESIAN_POINT('Ctrl Pts',(26.6944762428844,44.6508628745983,35.4457958994172));
#4701=CARTESIAN_POINT('Ctrl Pts',(26.7039724228304,44.6537575012809,35.4465978399431));
#4702=CARTESIAN_POINT('Ctrl Pts',(26.7233807543432,44.657959362033,35.449636478843));
#4703=CARTESIAN_POINT('Ctrl Pts',(26.7529320646799,44.6593945879773,35.4583150585456));
#4704=CARTESIAN_POINT('Ctrl Pts',(26.7819497459965,44.6559960240561,35.4707625348062));
#4705=CARTESIAN_POINT('Ctrl Pts',(26.809302368862,44.6479944676287,35.4864133192264));
#4706=CARTESIAN_POINT('Ctrl Pts',(26.8338073694196,44.6358039484584,35.5045351699679));
#4707=CARTESIAN_POINT('Ctrl Pts',(26.8549267109012,44.6205622315164,35.5240197602324));
#4708=CARTESIAN_POINT('Ctrl Pts',(26.8679334936525,44.608767649714,35.537985590198));
#4709=CARTESIAN_POINT('Ctrl Pts',(26.87445120454,44.6028097756272,35.5450227443153));
#4710=CARTESIAN_POINT('Ctrl Pts',(26.7135652065798,44.6116873458101,35.4841455726272));
#4711=CARTESIAN_POINT('Ctrl Pts',(26.721236963174,44.6150440218537,35.4839621103124));
#4712=CARTESIAN_POINT('Ctrl Pts',(26.7369952311238,44.6205748318554,35.4846989788395));
#4713=CARTESIAN_POINT('Ctrl Pts',(26.7608045341371,44.624948032998,35.4890647093967));
#4714=CARTESIAN_POINT('Ctrl Pts',(26.783830199195,44.625230720213,35.4965091179381));
#4715=CARTESIAN_POINT('Ctrl Pts',(26.805289178802,44.6214083186718,35.5067830889297));
#4716=CARTESIAN_POINT('Ctrl Pts',(26.8245675101872,44.613647317833,35.519546030041));
#4717=CARTESIAN_POINT('Ctrl Pts',(26.8416505895732,44.602818967373,35.534081700964));
#4718=CARTESIAN_POINT('Ctrl Pts',(26.8525825968893,44.5939456308753,35.5449707523145));
#4719=CARTESIAN_POINT('Ctrl Pts',(26.8580887428026,44.589449881563,35.5504768982277));
#4720=CARTESIAN_POINT('Ctrl Pts',(26.4779416376044,45.0242838352102,34.9492719221813));
#4721=CARTESIAN_POINT('Ctrl Pts',(26.4948303938685,45.0226570656896,34.9610308351536));
#4722=CARTESIAN_POINT('Ctrl Pts',(26.5293059083059,45.0170070202459,34.9856654450636));
#4723=CARTESIAN_POINT('Ctrl Pts',(26.5852722382471,44.9996713130469,35.0292031941199));
#4724=CARTESIAN_POINT('Ctrl Pts',(26.648551826292,44.9702683058884,35.0840453041138));
#4725=CARTESIAN_POINT('Ctrl Pts',(26.7231076990171,44.9236592820499,35.1570587318054));
#4726=CARTESIAN_POINT('Ctrl Pts',(26.8124372595281,44.854207278612,35.2549643538518));
#4727=CARTESIAN_POINT('Ctrl Pts',(26.91167695601,44.7680653013627,35.3675116316419));
#4728=CARTESIAN_POINT('Ctrl Pts',(26.975394538941,44.7124768603101,35.4383807444393));
#4729=CARTESIAN_POINT('Ctrl Pts',(27.0111100883756,44.6833152363108,35.4740962938738));
#4730=CARTESIAN_POINT('Ctrl Pts',(26.4779416376044,45.0242838352102,34.9492719221813));
#4731=CARTESIAN_POINT('Ctrl Pts',(26.4892953473819,45.0552408851606,34.9191539003856));
#4732=CARTESIAN_POINT('Ctrl Pts',(26.5158766968847,45.1066827073771,34.8641924118824));
#4733=CARTESIAN_POINT('Ctrl Pts',(26.5756007074497,45.1772314629139,34.7600579779862));
#4734=CARTESIAN_POINT('Ctrl Pts',(26.6450711385975,45.1931956340999,34.6988390140394));
#4735=CARTESIAN_POINT('Ctrl Pts',(26.6760313374267,45.1931083971836,34.6680925054294));
#4736=CARTESIAN_POINT('Ctrl Pts',(26.4948303938685,45.0226570656896,34.9610308351536));
#4737=CARTESIAN_POINT('Ctrl Pts',(26.5063741857885,45.0516797258937,34.9319448304966));
#4738=CARTESIAN_POINT('Ctrl Pts',(26.5331384620395,45.0999069384911,34.8786185546351));
#4739=CARTESIAN_POINT('Ctrl Pts',(26.594898329345,45.1628396423101,34.7811605713203));
#4740=CARTESIAN_POINT('Ctrl Pts',(26.66509754202,45.1731383627304,34.7279427783049));
#4741=CARTESIAN_POINT('Ctrl Pts',(26.6969856202975,45.1706023374711,34.7022666569745));
#4742=CARTESIAN_POINT('Ctrl Pts',(26.5293059083059,45.0170070202459,34.9856654450636));
#4743=CARTESIAN_POINT('Ctrl Pts',(26.5411197985163,45.042456173847,34.9586234356462));
#4744=CARTESIAN_POINT('Ctrl Pts',(26.5683222945948,45.0843986766857,34.9089742842699));
#4745=CARTESIAN_POINT('Ctrl Pts',(26.634387043486,45.1324312242068,34.8253898036328));
#4746=CARTESIAN_POINT('Ctrl Pts',(26.7054935752293,45.1324632999263,34.7871798422531));
#4747=CARTESIAN_POINT('Ctrl Pts',(26.7391293963465,45.1255602446189,34.7704529923229));
#4748=CARTESIAN_POINT('Ctrl Pts',(26.5852722382471,44.9996713130469,35.0292031941199));
#4749=CARTESIAN_POINT('Ctrl Pts',(26.597472176677,45.0202714342772,35.0053830304342));
#4750=CARTESIAN_POINT('Ctrl Pts',(26.6260865774767,45.052852004226,34.962534509564));
#4751=CARTESIAN_POINT('Ctrl Pts',(26.6982328584284,45.0801781815632,34.9000906894229));
#4752=CARTESIAN_POINT('Ctrl Pts',(26.7682384060828,45.0692856619305,34.8791879603623));
#4753=CARTESIAN_POINT('Ctrl Pts',(26.8035286916078,45.0578561113218,34.8718942325491));
#4754=CARTESIAN_POINT('Ctrl Pts',(26.648551826292,44.9702683058884,35.0840453041138));
#4755=CARTESIAN_POINT('Ctrl Pts',(26.6613255366445,44.9863201073643,35.0637368664135));
#4756=CARTESIAN_POINT('Ctrl Pts',(26.6923054109079,45.0095136905624,35.0288792956252));
#4757=CARTESIAN_POINT('Ctrl Pts',(26.7675518653399,45.0200464635183,34.9850722759041));
#4758=CARTESIAN_POINT('Ctrl Pts',(26.8335937603291,45.0036404290405,34.9746299504982));
#4759=CARTESIAN_POINT('Ctrl Pts',(26.8689065925635,44.990038357902,34.9726352572324));
#4760=CARTESIAN_POINT('Ctrl Pts',(26.7231076990171,44.9236592820499,35.1570587318054));
#4761=CARTESIAN_POINT('Ctrl Pts',(26.7365658014143,44.9355787154099,35.1403989823234));
#4762=CARTESIAN_POINT('Ctrl Pts',(26.7698256510794,44.9504242816251,35.1134489494658));
#4763=CARTESIAN_POINT('Ctrl Pts',(26.8416867374497,44.9522110366398,35.080715589939));
#4764=CARTESIAN_POINT('Ctrl Pts',(26.9019641607815,44.9353985873214,35.0734172352837));
#4765=CARTESIAN_POINT('Ctrl Pts',(26.9354163301281,44.9220973787212,35.0725462380507));
#4766=CARTESIAN_POINT('Ctrl Pts',(26.8124372595281,44.854207278612,35.2549643538518));
#4767=CARTESIAN_POINT('Ctrl Pts',(26.8258824262076,44.8635722275728,35.2407144227648));
#4768=CARTESIAN_POINT('Ctrl Pts',(26.8585131809606,44.8749569591306,35.2170158849962));
#4769=CARTESIAN_POINT('Ctrl Pts',(26.9208274152517,44.8783562469605,35.1838815362564));
#4770=CARTESIAN_POINT('Ctrl Pts',(26.9752379175619,44.8645131920076,35.1737765285244));
#4771=CARTESIAN_POINT('Ctrl Pts',(27.0049681951297,44.8538321051429,35.1702094642928));
#4772=CARTESIAN_POINT('Ctrl Pts',(26.91167695601,44.7680653013627,35.3675116316419));
#4773=CARTESIAN_POINT('Ctrl Pts',(26.9249439013513,44.7773211137968,35.353346867781));
#4774=CARTESIAN_POINT('Ctrl Pts',(26.9555490322951,44.7909234610489,35.3269459481446));
#4775=CARTESIAN_POINT('Ctrl Pts',(27.0091157158128,44.8002481632897,35.2880977965112));
#4776=CARTESIAN_POINT('Ctrl Pts',(27.0563300457094,44.7913212493117,35.2719673129467));
#4777=CARTESIAN_POINT('Ctrl Pts',(27.0799921945428,44.785168200519,35.2633769938305));
#4778=CARTESIAN_POINT('Ctrl Pts',(26.975394538941,44.7124768603101,35.4383807444393));
#4779=CARTESIAN_POINT('Ctrl Pts',(26.990858928084,44.7206210919116,35.4260190368415));
#4780=CARTESIAN_POINT('Ctrl Pts',(27.0231321865177,44.7338484877279,35.4007098894898));
#4781=CARTESIAN_POINT('Ctrl Pts',(27.0755718499053,44.7431567467596,35.3622297420434));
#4782=CARTESIAN_POINT('Ctrl Pts',(27.113239656951,44.7414504268912,35.3372157697737));
#4783=CARTESIAN_POINT('Ctrl Pts',(27.1317152854617,44.7392608689885,35.3241034408869));
#4784=CARTESIAN_POINT('Ctrl Pts',(27.0111100883756,44.6833152363108,35.4740962938738));
#4785=CARTESIAN_POINT('Ctrl Pts',(27.0283142462162,44.6905455588767,35.4627956696873));
#4786=CARTESIAN_POINT('Ctrl Pts',(27.0625621863346,44.7027179733403,35.4384864643601));
#4787=CARTESIAN_POINT('Ctrl Pts',(27.1125743824818,44.7137996484981,35.3975224180902));
#4788=CARTESIAN_POINT('Ctrl Pts',(27.1444387612306,44.7162763656073,35.367680270393));
#4789=CARTESIAN_POINT('Ctrl Pts',(27.1598654380993,44.7162763656073,35.3522535935244));
#4790=CARTESIAN_POINT('Ctrl Pts',(26.4779416376044,45.0242838352102,34.9492719221813));
#4791=CARTESIAN_POINT('Ctrl Pts',(26.4892953473819,45.0552408851606,34.9191539003856));
#4792=CARTESIAN_POINT('Ctrl Pts',(26.5158766968847,45.1066827073771,34.8641924118824));
#4793=CARTESIAN_POINT('Ctrl Pts',(26.5756006811285,45.1772314318221,34.7600580238797));
#4794=CARTESIAN_POINT('Ctrl Pts',(26.6450710467477,45.193195612993,34.6988390949796));
#4795=CARTESIAN_POINT('Ctrl Pts',(26.6760312146253,45.1931083975296,34.6680926273832));
#4796=CARTESIAN_POINT('Ctrl Pts',(26.4779416376044,45.0242838352102,34.9492719221813));
#4797=CARTESIAN_POINT('Ctrl Pts',(26.4726816273222,45.0307999937412,34.9384802686692));
#4798=CARTESIAN_POINT('Ctrl Pts',(26.4619594156299,45.0437401782348,34.9167804410841));
#4799=CARTESIAN_POINT('Ctrl Pts',(26.4450293885153,45.0631733140131,34.8835728163713));
#4800=CARTESIAN_POINT('Ctrl Pts',(26.4269738420465,45.0829477804025,34.8493802394015));
#4801=CARTESIAN_POINT('Ctrl Pts',(26.4074564780935,45.1034138418427,34.8138398832166));
#4802=CARTESIAN_POINT('Ctrl Pts',(26.3860782307244,45.1249820979518,34.776540320725));
#4803=CARTESIAN_POINT('Ctrl Pts',(26.3623287896281,45.1481267159725,34.7370080752804));
#4804=CARTESIAN_POINT('Ctrl Pts',(26.3355679702967,45.1733888745915,34.6947096070361));
#4805=CARTESIAN_POINT('Ctrl Pts',(26.3050163530333,45.2013826322307,34.6491126351415));
#4806=CARTESIAN_POINT('Ctrl Pts',(26.2700225303988,45.2326987607609,34.5996307001791));
#4807=CARTESIAN_POINT('Ctrl Pts',(26.229899912182,45.2677643315428,34.545772729894));
#4808=CARTESIAN_POINT('Ctrl Pts',(26.1827454120633,45.3070376243046,34.489050506416));
#4809=CARTESIAN_POINT('Ctrl Pts',(26.1308557162693,45.3501332980845,34.4288989954359));
#4810=CARTESIAN_POINT('Ctrl Pts',(26.075763101162,45.3954926304665,34.366139476034));
#4811=CARTESIAN_POINT('Ctrl Pts',(26.0186756607633,45.4418738446867,34.3028826812332));
#4812=CARTESIAN_POINT('Ctrl Pts',(25.9600194125561,45.4883452771608,34.2405886362318));
#4813=CARTESIAN_POINT('Ctrl Pts',(25.9201463969606,45.5196825172861,34.1983209900126));
#4814=CARTESIAN_POINT('Ctrl Pts',(25.8989104230309,45.5359532095328,34.1770850160829));
#4815=CARTESIAN_POINT('Ctrl Pts',(26.4892953473819,45.0552408851606,34.9191539003856));
#4816=CARTESIAN_POINT('Ctrl Pts',(26.4839834782005,45.0613060376751,34.9088091870043));
#4817=CARTESIAN_POINT('Ctrl Pts',(26.4731501479625,45.0734743887476,34.8879180015527));
#4818=CARTESIAN_POINT('Ctrl Pts',(26.4560503106437,45.0921183600128,34.8557114785965));
#4819=CARTESIAN_POINT('Ctrl Pts',(26.4378370791217,45.1114342484255,34.8223268828462));
#4820=CARTESIAN_POINT('Ctrl Pts',(26.4181903428091,45.1317575361543,34.7874298900571));
#4821=CARTESIAN_POINT('Ctrl Pts',(26.3967379130613,45.153487063383,34.7506341189694));
#4822=CARTESIAN_POINT('Ctrl Pts',(26.3729447269627,45.1770425226433,34.7115011539303));
#4823=CARTESIAN_POINT('Ctrl Pts',(26.3462402676922,45.2029314677591,34.6695448215525));
#4824=CARTESIAN_POINT('Ctrl Pts',(26.3158836988932,45.2316627308977,34.6243751958888));
#4825=CARTESIAN_POINT('Ctrl Pts',(26.2819185506361,45.2636590571762,34.5750645374997));
#4826=CARTESIAN_POINT('Ctrl Pts',(26.2417948282255,45.299350738653,34.5228125592374));
#4827=CARTESIAN_POINT('Ctrl Pts',(26.1970863193103,45.3388533881301,34.4670507785485));
#4828=CARTESIAN_POINT('Ctrl Pts',(26.1480701178218,45.3815680423669,34.4086105566699));
#4829=CARTESIAN_POINT('Ctrl Pts',(26.0966038145821,45.4260239530607,34.3480074973691));
#4830=CARTESIAN_POINT('Ctrl Pts',(26.0433699720891,45.4712264036731,34.2871500482494));
#4831=CARTESIAN_POINT('Ctrl Pts',(25.9884795950043,45.5165399811618,34.2271040234155));
#4832=CARTESIAN_POINT('Ctrl Pts',(25.9511316526819,45.5472084446542,34.1861275272601));
#4833=CARTESIAN_POINT('Ctrl Pts',(25.931119529653,45.5630810863317,34.1656608914052));
#4834=CARTESIAN_POINT('Ctrl Pts',(26.5158766968847,45.1066827073771,34.8641924118824));
#4835=CARTESIAN_POINT('Ctrl Pts',(26.5103510384989,45.1126355966014,34.8540415302309));
#4836=CARTESIAN_POINT('Ctrl Pts',(26.4990854330768,45.1247557237367,34.8334174923886));
#4837=CARTESIAN_POINT('Ctrl Pts',(26.4813257541538,45.1438148253348,34.8012641800837));
#4838=CARTESIAN_POINT('Ctrl Pts',(26.4624514907276,45.1640265059974,34.7676219395808));
#4839=CARTESIAN_POINT('Ctrl Pts',(26.4421325947725,45.1856946203834,34.7322059445383));
#4840=CARTESIAN_POINT('Ctrl Pts',(26.4201360173626,45.2091178798473,34.6945983753469));
#4841=CARTESIAN_POINT('Ctrl Pts',(26.3959900014316,45.2346444693438,34.6545240521886));
#4842=CARTESIAN_POINT('Ctrl Pts',(26.3695415763832,45.2625785498408,34.6114488232137));
#4843=CARTESIAN_POINT('Ctrl Pts',(26.3395472651375,45.2932724746507,34.5656976159778));
#4844=CARTESIAN_POINT('Ctrl Pts',(26.3051776051255,45.327009455184,34.5178416277804));
#4845=CARTESIAN_POINT('Ctrl Pts',(26.2686535614721,45.3633558928014,34.466360306433));
#4846=CARTESIAN_POINT('Ctrl Pts',(26.2291358523671,45.4021490581057,34.4126139805221));
#4847=CARTESIAN_POINT('Ctrl Pts',(26.1861178400916,45.4427075030032,34.3582767473747));
#4848=CARTESIAN_POINT('Ctrl Pts',(26.1421321249069,45.4838402206841,34.3025992152499));
#4849=CARTESIAN_POINT('Ctrl Pts',(26.0965641043741,45.5252058874152,34.2470741242389));
#4850=CARTESIAN_POINT('Ctrl Pts',(26.0490993034363,45.5667461910049,34.1919993108906));
#4851=CARTESIAN_POINT('Ctrl Pts',(26.0163619882828,45.5953930692032,34.1534420740834));
#4852=CARTESIAN_POINT('Ctrl Pts',(25.9985426467118,45.610191647982,34.1343331967986));
#4853=CARTESIAN_POINT('Ctrl Pts',(26.5756007074497,45.1772314629139,34.7600579779862));
#4854=CARTESIAN_POINT('Ctrl Pts',(26.569241450369,45.1844684943081,34.7485365420524));
#4855=CARTESIAN_POINT('Ctrl Pts',(26.5563609749974,45.1991712868358,34.7252004885725));
#4856=CARTESIAN_POINT('Ctrl Pts',(26.5363631354745,45.2220667335897,34.6891549846458));
#4857=CARTESIAN_POINT('Ctrl Pts',(26.5154629551934,45.2459441985888,34.6519418045734));
#4858=CARTESIAN_POINT('Ctrl Pts',(26.4934621432289,45.2709209774012,34.6134401292973));
#4859=CARTESIAN_POINT('Ctrl Pts',(26.4698364980839,45.2971282804838,34.5738242358538));
#4860=CARTESIAN_POINT('Ctrl Pts',(26.4448632729261,45.3245632317465,34.532767131485));
#4861=CARTESIAN_POINT('Ctrl Pts',(26.4182625161718,45.3532356029529,34.4904151207708));
#4862=CARTESIAN_POINT('Ctrl Pts',(26.3902000656544,45.3830671272996,34.446709616369));
#4863=CARTESIAN_POINT('Ctrl Pts',(26.3607301056262,45.4139570561109,34.4017252841543));
#4864=CARTESIAN_POINT('Ctrl Pts',(26.329389729966,45.4456891706865,34.355912972332));
#4865=CARTESIAN_POINT('Ctrl Pts',(26.2958086404452,45.4786424529495,34.31014470677));
#4866=CARTESIAN_POINT('Ctrl Pts',(26.26044138642,45.5120540505567,34.2636821625304));
#4867=CARTESIAN_POINT('Ctrl Pts',(26.2243541052239,45.5460629628781,34.2156539287028));
#4868=CARTESIAN_POINT('Ctrl Pts',(26.1859394794372,45.5810279886829,34.1668369728252));
#4869=CARTESIAN_POINT('Ctrl Pts',(26.1449611460161,45.617379121608,34.1165904023505));
#4870=CARTESIAN_POINT('Ctrl Pts',(26.1169701464791,45.6421600930621,34.0817438832138));
#4871=CARTESIAN_POINT('Ctrl Pts',(26.1018118953632,45.6546154690408,34.0651008293029));
#4872=CARTESIAN_POINT('Ctrl Pts',(26.6450711385975,45.1931956340999,34.6988390140394));
#4873=CARTESIAN_POINT('Ctrl Pts',(26.6369545912425,45.2019688728884,34.6854655649105));
#4874=CARTESIAN_POINT('Ctrl Pts',(26.6206321032018,45.2196113019169,34.6585729938446));
#4875=CARTESIAN_POINT('Ctrl Pts',(26.5957981932478,45.2464089932124,34.6177661423816));
#4876=CARTESIAN_POINT('Ctrl Pts',(26.5705332866912,45.2735829518977,34.576469080887));
#4877=CARTESIAN_POINT('Ctrl Pts',(26.5447682482173,45.3011703318714,34.5346599926061));
#4878=CARTESIAN_POINT('Ctrl Pts',(26.5184548870931,45.3292013637317,34.492311400559));
#4879=CARTESIAN_POINT('Ctrl Pts',(26.4915677841721,45.3576997326158,34.4493902052197));
#4880=CARTESIAN_POINT('Ctrl Pts',(26.4640173053164,45.3866893964247,34.405925032257));
#4881=CARTESIAN_POINT('Ctrl Pts',(26.4357246768605,45.416198913408,34.361960704804));
#4882=CARTESIAN_POINT('Ctrl Pts',(26.4064627102522,45.446212426703,34.3176528499794));
#4883=CARTESIAN_POINT('Ctrl Pts',(26.3765873655874,45.4767605139066,34.2728147983792));
#4884=CARTESIAN_POINT('Ctrl Pts',(26.3442343658274,45.5078553795746,34.228872927933));
#4885=CARTESIAN_POINT('Ctrl Pts',(26.3114619709261,45.5390300973808,34.1841819403722));
#4886=CARTESIAN_POINT('Ctrl Pts',(26.2778460119761,45.5703403101081,34.1392010042211));
#4887=CARTESIAN_POINT('Ctrl Pts',(26.2423938305903,45.6017776608564,34.0948576995638));
#4888=CARTESIAN_POINT('Ctrl Pts',(26.2055883593794,45.6332487638474,34.0508940582287));
#4889=CARTESIAN_POINT('Ctrl Pts',(26.1807521841578,45.6542290396059,34.0212762628871));
#4890=CARTESIAN_POINT('Ctrl Pts',(26.1673854204069,45.6647167018729,34.0072667209333));
#4891=CARTESIAN_POINT('Ctrl Pts',(26.6760313374267,45.1931083971836,34.6680925054294));
#4892=CARTESIAN_POINT('Ctrl Pts',(26.6668638386707,45.2029547983079,34.6531413141284));
#4893=CARTESIAN_POINT('Ctrl Pts',(26.6485742554514,45.222641886641,34.6232074952433));
#4894=CARTESIAN_POINT('Ctrl Pts',(26.6212115074359,45.2521635361883,34.5782572324607));
#4895=CARTESIAN_POINT('Ctrl Pts',(26.5938526071924,45.2816847733366,34.5333044318559));
#4896=CARTESIAN_POINT('Ctrl Pts',(26.566442478579,45.3112125068512,34.4883871665518));
#4897=CARTESIAN_POINT('Ctrl Pts',(26.5389411695579,45.3407513971714,34.4435329275456));
#4898=CARTESIAN_POINT('Ctrl Pts',(26.5113166758581,45.3703057928204,34.3987635087875));
#4899=CARTESIAN_POINT('Ctrl Pts',(26.4834526648446,45.3998882053733,34.3541620156769));
#4900=CARTESIAN_POINT('Ctrl Pts',(26.455227272277,45.4295210208373,34.3098202179935));
#4901=CARTESIAN_POINT('Ctrl Pts',(26.4264624780074,45.4591941093239,34.2658551849811));
#4902=CARTESIAN_POINT('Ctrl Pts',(26.3971710902391,45.4889815820225,34.2223092455159));
#4903=CARTESIAN_POINT('Ctrl Pts',(26.3658578576392,45.5187589007787,34.180180641718));
#4904=CARTESIAN_POINT('Ctrl Pts',(26.3345458202153,45.5482904829417,34.1378953380682));
#4905=CARTESIAN_POINT('Ctrl Pts',(26.3024184293264,45.5776556844342,34.0960986877961));
#4906=CARTESIAN_POINT('Ctrl Pts',(26.2687366778592,45.6068835175898,34.0554416275048));
#4907=CARTESIAN_POINT('Ctrl Pts',(26.2340658541421,45.6359161987748,34.0155032981533));
#4908=CARTESIAN_POINT('Ctrl Pts',(26.2107391832864,45.6551390714433,33.9889137763384));
#4909=CARTESIAN_POINT('Ctrl Pts',(26.1982387741441,45.6647167018729,33.9764133671961));
#4910=CARTESIAN_POINT('Ctrl Pts',(26.4779416376044,45.0242838352102,34.9492719221813));
#4911=CARTESIAN_POINT('Ctrl Pts',(26.4726816273222,45.0307999937412,34.9384802686692));
#4912=CARTESIAN_POINT('Ctrl Pts',(26.4619594156299,45.0437401782348,34.9167804410841));
#4913=CARTESIAN_POINT('Ctrl Pts',(26.4450293885153,45.0631733140131,34.8835728163713));
#4914=CARTESIAN_POINT('Ctrl Pts',(26.4269738420465,45.0829477804025,34.8493802394015));
#4915=CARTESIAN_POINT('Ctrl Pts',(26.4074564780935,45.1034138418427,34.8138398832166));
#4916=CARTESIAN_POINT('Ctrl Pts',(26.3860782307244,45.1249820979518,34.776540320725));
#4917=CARTESIAN_POINT('Ctrl Pts',(26.3623287896281,45.1481267159725,34.7370080752804));
#4918=CARTESIAN_POINT('Ctrl Pts',(26.3355679702967,45.1733888745915,34.6947096070361));
#4919=CARTESIAN_POINT('Ctrl Pts',(26.3050163530333,45.2013826322307,34.6491126351415));
#4920=CARTESIAN_POINT('Ctrl Pts',(26.2700225303988,45.2326987607609,34.5996307001791));
#4921=CARTESIAN_POINT('Ctrl Pts',(26.229899912182,45.2677643315428,34.545772729894));
#4922=CARTESIAN_POINT('Ctrl Pts',(26.1827454120633,45.3070376243046,34.489050506416));
#4923=CARTESIAN_POINT('Ctrl Pts',(26.1308557162693,45.3501332980845,34.4288989954359));
#4924=CARTESIAN_POINT('Ctrl Pts',(26.075763101162,45.3954926304665,34.366139476034));
#4925=CARTESIAN_POINT('Ctrl Pts',(26.0186756607633,45.4418738446867,34.3028826812332));
#4926=CARTESIAN_POINT('Ctrl Pts',(25.9600194125561,45.4883452771608,34.2405886362318));
#4927=CARTESIAN_POINT('Ctrl Pts',(25.9201463969606,45.5196825172861,34.1983209900126));
#4928=CARTESIAN_POINT('Ctrl Pts',(25.8989104230309,45.5359532095328,34.1770850160829));
#4929=CARTESIAN_POINT('Ctrl Pts',(26.4782832026903,45.0238604596453,34.9499729006699));
#4930=CARTESIAN_POINT('Ctrl Pts',(26.4388581544304,45.0276846132877,34.9224999896981));
#4931=CARTESIAN_POINT('Ctrl Pts',(26.3648729172407,45.023068840822,34.874787554063));
#4932=CARTESIAN_POINT('Ctrl Pts',(26.2385373977383,44.9766571802372,34.7837373636938));
#4933=CARTESIAN_POINT('Ctrl Pts',(26.1694430708872,44.88577985445,34.7311226143637));
#4934=CARTESIAN_POINT('Ctrl Pts',(26.143854107212,44.8407927390084,34.7017850904731));
#4935=CARTESIAN_POINT('Ctrl Pts',(26.4729137440713,45.0305197837652,34.938950113718));
#4936=CARTESIAN_POINT('Ctrl Pts',(26.433771892205,45.0338972734816,34.9120354524001));
#4937=CARTESIAN_POINT('Ctrl Pts',(26.3598999196755,45.0289041871983,34.8647989311457));
#4938=CARTESIAN_POINT('Ctrl Pts',(26.2324175196058,44.9825477557176,34.7729081443821));
#4939=CARTESIAN_POINT('Ctrl Pts',(26.1625953192851,44.8934277826918,34.7191045724947));
#4940=CARTESIAN_POINT('Ctrl Pts',(26.1363746269236,44.8494615554927,34.6887907538246));
#4941=CARTESIAN_POINT('Ctrl Pts',(26.4620816187495,45.0435999073541,34.9170201380028));
#4942=CARTESIAN_POINT('Ctrl Pts',(26.4234163304759,45.0461576369538,34.8911371630097));
#4943=CARTESIAN_POINT('Ctrl Pts',(26.3496184547409,45.0404601659101,34.8447528949724));
#4944=CARTESIAN_POINT('Ctrl Pts',(26.2197621188903,44.9941443329285,34.7512491076551));
#4945=CARTESIAN_POINT('Ctrl Pts',(26.1485747829551,44.9084617989233,34.6953034646103));
#4946=CARTESIAN_POINT('Ctrl Pts',(26.1210965296683,44.8664029408404,34.6632112688067));
#4947=CARTESIAN_POINT('Ctrl Pts',(26.4450293885153,45.0631733140131,34.8835728163713));
#4948=CARTESIAN_POINT('Ctrl Pts',(26.4068346170681,45.0646507011049,34.8590648516744));
#4949=CARTESIAN_POINT('Ctrl Pts',(26.3326888526829,45.0579796907586,34.8137208431689));
#4950=CARTESIAN_POINT('Ctrl Pts',(26.1991167951565,45.0115981343191,34.7180966943672));
#4951=CARTESIAN_POINT('Ctrl Pts',(26.1262448322474,44.9308302484545,34.6597384955423));
#4952=CARTESIAN_POINT('Ctrl Pts',(26.0969600299375,44.8912791819382,34.6255072834715));
#4953=CARTESIAN_POINT('Ctrl Pts',(26.4269738420465,45.0829477804025,34.8493802394015));
#4954=CARTESIAN_POINT('Ctrl Pts',(26.3890097316447,45.0834589507927,34.8261131104768));
#4955=CARTESIAN_POINT('Ctrl Pts',(26.3140573052671,45.0758622472919,34.7815966005766));
#4956=CARTESIAN_POINT('Ctrl Pts',(26.1768105419021,45.029321466106,34.6843393562807));
#4957=CARTESIAN_POINT('Ctrl Pts',(26.102721664689,44.95308100032,34.6244840742266));
#4958=CARTESIAN_POINT('Ctrl Pts',(26.0717955838043,44.9156652938693,34.5886759231636));
#4959=CARTESIAN_POINT('Ctrl Pts',(26.4074564780935,45.1034138418427,34.8138398832166));
#4960=CARTESIAN_POINT('Ctrl Pts',(26.3694862033711,45.1030340713862,34.7917232019123));
#4961=CARTESIAN_POINT('Ctrl Pts',(26.2932579031752,45.0945191182231,34.7478658123577));
#4962=CARTESIAN_POINT('Ctrl Pts',(26.1526007294019,45.0477028133214,34.6496952396323));
#4963=CARTESIAN_POINT('Ctrl Pts',(26.0778420115486,44.9755063697157,34.5893361060527));
#4964=CARTESIAN_POINT('Ctrl Pts',(26.0455065669833,44.9398658898803,34.5525252183209));
#4965=CARTESIAN_POINT('Ctrl Pts',(26.3860782307244,45.1249820979518,34.776540320725));
#4966=CARTESIAN_POINT('Ctrl Pts',(26.3478740663147,45.123758451175,34.7555138296188));
#4967=CARTESIAN_POINT('Ctrl Pts',(26.2699004896129,45.1143020125408,34.7122270198342));
#4968=CARTESIAN_POINT('Ctrl Pts',(26.1264341773495,45.0670137113093,34.6141833187714));
#4969=CARTESIAN_POINT('Ctrl Pts',(26.0515942240338,44.9982225400582,34.5543590720236));
#4970=CARTESIAN_POINT('Ctrl Pts',(26.0181500093483,44.9639658340509,34.5171211339221));
#4971=CARTESIAN_POINT('Ctrl Pts',(26.3623287896281,45.1481267159726,34.7370080752804));
#4972=CARTESIAN_POINT('Ctrl Pts',(26.3236669537265,45.1460723189556,34.7170555322076));
#4973=CARTESIAN_POINT('Ctrl Pts',(26.2435187944236,45.1355886906272,34.6743802546729));
#4974=CARTESIAN_POINT('Ctrl Pts',(26.0982304295298,45.0874290198043,34.5778881309306));
#4975=CARTESIAN_POINT('Ctrl Pts',(26.0239254361175,45.021240839627,34.5195953818493));
#4976=CARTESIAN_POINT('Ctrl Pts',(25.9897539142292,44.9879701317007,34.4824937776171));
#4977=CARTESIAN_POINT('Ctrl Pts',(26.3355679702967,45.1733888745915,34.6947096070361));
#4978=CARTESIAN_POINT('Ctrl Pts',(26.2962473612518,45.1704733719718,34.6758825518679));
#4979=CARTESIAN_POINT('Ctrl Pts',(26.2136470849824,45.1587499187458,34.6340433780289));
#4980=CARTESIAN_POINT('Ctrl Pts',(26.0679386119746,45.1090990033668,34.5410263785752));
#4981=CARTESIAN_POINT('Ctrl Pts',(25.9947815458622,45.044573381506,34.4851323777966));
#4982=CARTESIAN_POINT('Ctrl Pts',(25.9603237936869,45.0118836719631,34.4486963382983));
#4983=CARTESIAN_POINT('Ctrl Pts',(26.3050163530333,45.2013826322307,34.6491126351414));
#4984=CARTESIAN_POINT('Ctrl Pts',(26.2648686466866,45.1975023303557,34.6315878160172));
#4985=CARTESIAN_POINT('Ctrl Pts',(26.1797845495753,45.1841233397637,34.5911608273706));
#4986=CARTESIAN_POINT('Ctrl Pts',(26.0355528540341,45.1319353444015,34.5038843278491));
#4987=CARTESIAN_POINT('Ctrl Pts',(25.9642660580644,45.0681375455136,34.4509025924471));
#4988=CARTESIAN_POINT('Ctrl Pts',(25.9299599974699,45.0356469396349,34.4156362045275));
#4989=CARTESIAN_POINT('Ctrl Pts',(26.2700225303989,45.2326987607609,34.5996307001791));
#4990=CARTESIAN_POINT('Ctrl Pts',(26.2290848506609,45.2276497622805,34.5836923094765));
#4991=CARTESIAN_POINT('Ctrl Pts',(26.142252866965,45.211834932324,34.5453957024858));
#4992=CARTESIAN_POINT('Ctrl Pts',(26.0019361820813,45.1557068872125,34.4660867158285));
#4993=CARTESIAN_POINT('Ctrl Pts',(25.9320939139243,45.0917491247353,34.417086838885));
#4994=CARTESIAN_POINT('Ctrl Pts',(25.8983656093282,45.059096728411,34.3835462238019));
#4995=CARTESIAN_POINT('Ctrl Pts',(26.229899912182,45.2677643315428,34.545772729894));
#4996=CARTESIAN_POINT('Ctrl Pts',(26.1882259772633,45.2610663966272,34.5319539439332));
#4997=CARTESIAN_POINT('Ctrl Pts',(26.0996641680433,45.2421955673508,34.4983348796913));
#4998=CARTESIAN_POINT('Ctrl Pts',(25.9649038379455,45.1802202425947,34.4297092977187));
#4999=CARTESIAN_POINT('Ctrl Pts',(25.8983569099989,45.1155729012996,34.3838235678162));
#5000=CARTESIAN_POINT('Ctrl Pts',(25.8664700161773,45.0825540359181,34.351778888427));
#5001=CARTESIAN_POINT('Ctrl Pts',(26.1827454120633,45.3070376243046,34.489050506416));
#5002=CARTESIAN_POINT('Ctrl Pts',(26.1407576546183,45.2984130051427,34.4783496388173));
#5003=CARTESIAN_POINT('Ctrl Pts',(26.0530803891912,45.2745019244923,34.4501607280839));
#5004=CARTESIAN_POINT('Ctrl Pts',(25.9277722625929,45.2055684293488,34.3927641300485));
#5005=CARTESIAN_POINT('Ctrl Pts',(25.8645611245404,45.1396552499103,34.3498964907371));
#5006=CARTESIAN_POINT('Ctrl Pts',(25.8346681869077,45.1060276731874,34.3199406066072));
#5007=CARTESIAN_POINT('Ctrl Pts',(26.1308557162693,45.3501332980845,34.4288989954358));
#5008=CARTESIAN_POINT('Ctrl Pts',(26.0895686160715,45.3385233322587,34.4216803055291));
#5009=CARTESIAN_POINT('Ctrl Pts',(26.0053813308392,45.3081915977002,34.4003563532132));
#5010=CARTESIAN_POINT('Ctrl Pts',(25.8899123677741,45.2313442685794,34.3556100636725));
#5011=CARTESIAN_POINT('Ctrl Pts',(25.8303118300803,45.1638978320744,34.3156807555833));
#5012=CARTESIAN_POINT('Ctrl Pts',(25.8028527977901,45.1295144788554,34.2881361342284));
#5013=CARTESIAN_POINT('Ctrl Pts',(26.075763101162,45.3954926304665,34.366139476034));
#5014=CARTESIAN_POINT('Ctrl Pts',(26.036141325174,45.3803614774681,34.3631084477188));
#5015=CARTESIAN_POINT('Ctrl Pts',(25.9563632889828,45.3425573982026,34.3507466561374));
#5016=CARTESIAN_POINT('Ctrl Pts',(25.8515023649256,45.2575039885418,34.3178711076461));
#5017=CARTESIAN_POINT('Ctrl Pts',(25.7957921812696,45.1883559256404,34.2811483389639));
#5018=CARTESIAN_POINT('Ctrl Pts',(25.7710873443889,45.1531051338309,34.2563675763618));
#5019=CARTESIAN_POINT('Ctrl Pts',(26.0186756607633,45.4418738446867,34.3028826812332));
#5020=CARTESIAN_POINT('Ctrl Pts',(25.9810334948745,45.422853703564,34.3047159720214));
#5021=CARTESIAN_POINT('Ctrl Pts',(25.9070048311896,45.3770478657142,34.3017160261746));
#5022=CARTESIAN_POINT('Ctrl Pts',(25.8120512020142,45.2842196790575,34.2792256970295));
#5023=CARTESIAN_POINT('Ctrl Pts',(25.7610312165548,45.2130707797545,34.2463868377151));
#5024=CARTESIAN_POINT('Ctrl Pts',(25.7393783357042,45.1768416638271,34.2246594408182));
#5025=CARTESIAN_POINT('Ctrl Pts',(25.9600194125561,45.4883452771608,34.2405886362318));
#5026=CARTESIAN_POINT('Ctrl Pts',(25.9249669927505,45.4653284866027,34.2471076154943));
#5027=CARTESIAN_POINT('Ctrl Pts',(25.8573976398166,45.4115280628482,34.2531385416728));
#5028=CARTESIAN_POINT('Ctrl Pts',(25.770864123467,45.3117516761086,34.2389700384758));
#5029=CARTESIAN_POINT('Ctrl Pts',(25.7260426317891,45.2379725500183,34.2113937297499));
#5030=CARTESIAN_POINT('Ctrl Pts',(25.7077044948415,45.2006603935849,34.1929853927683));
#5031=CARTESIAN_POINT('Ctrl Pts',(25.9201463969606,45.5196825172861,34.1983209900126));
#5032=CARTESIAN_POINT('Ctrl Pts',(25.8868015885804,45.493964444612,34.2081549001063));
#5033=CARTESIAN_POINT('Ctrl Pts',(25.8230940807507,45.4351388217069,34.2198655497742));
#5034=CARTESIAN_POINT('Ctrl Pts',(25.7425851882026,45.3304744077479,34.2113777620074));
#5035=CARTESIAN_POINT('Ctrl Pts',(25.7025541432678,45.254662027894,34.1879026187007));
#5036=CARTESIAN_POINT('Ctrl Pts',(25.6866000512631,45.2165646683606,34.1718810167039));
#5037=CARTESIAN_POINT('Ctrl Pts',(25.8989104230309,45.5359532095328,34.1770850160829));
#5038=CARTESIAN_POINT('Ctrl Pts',(25.8667013164087,45.5088253327338,34.1885091407607));
#5039=CARTESIAN_POINT('Ctrl Pts',(25.8052940425659,45.4474294706158,34.2028758041258));
#5040=CARTESIAN_POINT('Ctrl Pts',(25.7283778536094,45.3400359712922,34.1975086665644));
#5041=CARTESIAN_POINT('Ctrl Pts',(25.6908130454639,45.2631442282473,34.1761601471868));
#5042=CARTESIAN_POINT('Ctrl Pts',(25.6760893363848,45.2246241157923,34.161370310189));
#5043=CARTESIAN_POINT('Ctrl Pts',(26.4779416376044,45.0242838352102,34.9492719221813));
#5044=CARTESIAN_POINT('Ctrl Pts',(26.4385345396551,45.0280796307583,34.9218344585793));
#5045=CARTESIAN_POINT('Ctrl Pts',(26.4015454709927,45.0257597628913,34.8979933411154));
#5046=CARTESIAN_POINT('Ctrl Pts',(26.362011278176,45.0168755662915,34.8709093359808));
#5047=CARTESIAN_POINT('Ctrl Pts',(26.3224770853593,45.0079913696918,34.8438253308463));
#5048=CARTESIAN_POINT('Ctrl Pts',(26.2803977683883,44.9925428443593,34.8134984380411));
#5049=CARTESIAN_POINT('Ctrl Pts',(26.2421002668594,44.9622032550847,34.7851850042751));
#5050=CARTESIAN_POINT('Ctrl Pts',(26.2038058134873,44.9318660805844,34.7568738240187));
#5051=CARTESIAN_POINT('Ctrl Pts',(26.1692925917204,44.8866401640459,34.7305757332924));
#5052=CARTESIAN_POINT('Ctrl Pts',(26.1436953454905,44.8418989399809,34.7013220556038));
#5053=CARTESIAN_POINT('Ctrl Pts',(26.4779416376044,45.0242838352102,34.9492719221813));
#5054=CARTESIAN_POINT('Ctrl Pts',(26.4758128170212,45.0184793883445,34.954919051268));
#5055=CARTESIAN_POINT('Ctrl Pts',(26.4717058609732,45.0065052679736,34.9663652365356));
#5056=CARTESIAN_POINT('Ctrl Pts',(26.4659824016559,44.9872105864606,34.9842152490146));
#5057=CARTESIAN_POINT('Ctrl Pts',(26.4606957524751,44.9663152724903,35.0030117290472));
#5058=CARTESIAN_POINT('Ctrl Pts',(26.4558717588938,44.9435388853298,35.0230826125595));
#5059=CARTESIAN_POINT('Ctrl Pts',(26.4515481554158,44.9185444971794,35.0448162330402));
#5060=CARTESIAN_POINT('Ctrl Pts',(26.4477782767946,44.8909401628199,35.068672220532));
#5061=CARTESIAN_POINT('Ctrl Pts',(26.4446206893205,44.8602690675202,35.0951781606437));
#5062=CARTESIAN_POINT('Ctrl Pts',(26.4421358102615,44.8260667040989,35.1249162408316));
#5063=CARTESIAN_POINT('Ctrl Pts',(26.440354531857,44.787920453061,35.158430530518));
#5064=CARTESIAN_POINT('Ctrl Pts',(26.4392149055915,44.7455769495784,35.1960280566132));
#5065=CARTESIAN_POINT('Ctrl Pts',(26.4385497834101,44.699262792987,35.2376051457595));
#5066=CARTESIAN_POINT('Ctrl Pts',(26.4378850269485,44.6496462039507,35.2821059388217));
#5067=CARTESIAN_POINT('Ctrl Pts',(26.4364151936405,44.5977679080792,35.3275505622623));
#5068=CARTESIAN_POINT('Ctrl Pts',(26.4333988280011,44.5450706509428,35.3719424816126));
#5069=CARTESIAN_POINT('Ctrl Pts',(26.4281321086887,44.492112542988,35.4140406599551));
#5070=CARTESIAN_POINT('Ctrl Pts',(26.4226851822732,44.4557126187801,35.4405804985392));
#5071=CARTESIAN_POINT('Ctrl Pts',(26.4195586641678,44.4369670139821,35.4541415267352));
#5072=CARTESIAN_POINT('Ctrl Pts',(26.4385345396551,45.0280796307583,34.9218344585793));
#5073=CARTESIAN_POINT('Ctrl Pts',(26.4371938912276,45.0218061280231,34.9278958651892));
#5074=CARTESIAN_POINT('Ctrl Pts',(26.4346111074375,45.0089501376331,34.9401396002025));
#5075=CARTESIAN_POINT('Ctrl Pts',(26.4310438114327,44.9884564159638,34.9591228853458));
#5076=CARTESIAN_POINT('Ctrl Pts',(26.427806388671,44.9664497337814,34.9790174978047));
#5077=CARTESIAN_POINT('Ctrl Pts',(26.424945700087,44.942623364524,35.0001777935246));
#5078=CARTESIAN_POINT('Ctrl Pts',(26.4225167191631,44.9166216317622,35.0230133753621));
#5079=CARTESIAN_POINT('Ctrl Pts',(26.4205836257662,44.8880429098052,35.0479977648788));
#5080=CARTESIAN_POINT('Ctrl Pts',(26.4192021560387,44.8564309618131,35.075660698376));
#5081=CARTESIAN_POINT('Ctrl Pts',(26.4184233652981,44.8213578249948,35.1065619728484));
#5082=CARTESIAN_POINT('Ctrl Pts',(26.4182499905301,44.7824769465223,35.1411797572841));
#5083=CARTESIAN_POINT('Ctrl Pts',(26.4185694851182,44.7396293220619,35.1797130022846));
#5084=CARTESIAN_POINT('Ctrl Pts',(26.4191412939719,44.693126793253,35.2219417840627));
#5085=CARTESIAN_POINT('Ctrl Pts',(26.4193749923819,44.6435734097843,35.266711074496));
#5086=CARTESIAN_POINT('Ctrl Pts',(26.4183544213959,44.5917442306155,35.3121108618665));
#5087=CARTESIAN_POINT('Ctrl Pts',(26.4153021072367,44.5387183524974,35.35642489139));
#5088=CARTESIAN_POINT('Ctrl Pts',(26.4095059539763,44.484700510023,35.398628198708));
#5089=CARTESIAN_POINT('Ctrl Pts',(26.4034047919621,44.4470652110676,35.4253048290982));
#5090=CARTESIAN_POINT('Ctrl Pts',(26.3999039031639,44.4276305737661,35.4389387504181));
#5091=CARTESIAN_POINT('Ctrl Pts',(26.3645564023304,45.0234398950242,34.8741522236515));
#5092=CARTESIAN_POINT('Ctrl Pts',(26.3645609215377,45.0166305398611,34.8806356063734));
#5093=CARTESIAN_POINT('Ctrl Pts',(26.3646314363943,45.0027140337586,34.8937724903917));
#5094=CARTESIAN_POINT('Ctrl Pts',(26.3649457263472,44.9805932882648,34.9142602411394));
#5095=CARTESIAN_POINT('Ctrl Pts',(26.3655055888243,44.9568638258132,34.9358488593631));
#5096=CARTESIAN_POINT('Ctrl Pts',(26.3663725696464,44.9311786533783,34.9589212275104));
#5097=CARTESIAN_POINT('Ctrl Pts',(26.3676079411139,44.9031623671925,34.9839061895601));
#5098=CARTESIAN_POINT('Ctrl Pts',(26.3692696634694,44.8724342698936,35.0112688806511));
#5099=CARTESIAN_POINT('Ctrl Pts',(26.3713977770256,44.8386406546683,35.0414686643614));
#5100=CARTESIAN_POINT('Ctrl Pts',(26.3740015995123,44.8015660693185,35.0749145030314));
#5101=CARTESIAN_POINT('Ctrl Pts',(26.3769863252873,44.7611534417268,35.1118116584088));
#5102=CARTESIAN_POINT('Ctrl Pts',(26.3800881759437,44.717569176554,35.1520051041781));
#5103=CARTESIAN_POINT('Ctrl Pts',(26.3828845080369,44.6713436712661,35.1949623628437));
#5104=CARTESIAN_POINT('Ctrl Pts',(26.3845586798035,44.6228631342153,35.2393275095821));
#5105=CARTESIAN_POINT('Ctrl Pts',(26.3840850612312,44.5722975552399,35.2834222532586));
#5106=CARTESIAN_POINT('Ctrl Pts',(26.3808103128088,44.5200525360663,35.3261682630837));
#5107=CARTESIAN_POINT('Ctrl Pts',(26.3741811542689,44.4658097907764,35.3668833872912));
#5108=CARTESIAN_POINT('Ctrl Pts',(26.3673106031682,44.4269613525569,35.3929004856461));
#5109=CARTESIAN_POINT('Ctrl Pts',(26.3634117116,44.4068078873258,35.4062116899401));
#5110=CARTESIAN_POINT('Ctrl Pts',(26.2383184514173,44.9770943190268,34.7831715452359));
#5111=CARTESIAN_POINT('Ctrl Pts',(26.2416794845185,44.9688022480489,34.791778837398));
#5112=CARTESIAN_POINT('Ctrl Pts',(26.2483641318499,44.9518497539895,34.809323531074));
#5113=CARTESIAN_POINT('Ctrl Pts',(26.2582690263984,44.9249933598452,34.8368071250424));
#5114=CARTESIAN_POINT('Ctrl Pts',(26.2680607238502,44.8965133479279,34.8656611538553));
#5115=CARTESIAN_POINT('Ctrl Pts',(26.2777599101288,44.866344165009,34.8961047856129));
#5116=CARTESIAN_POINT('Ctrl Pts',(26.2873508352558,44.8344720820216,34.9283208623996));
#5117=CARTESIAN_POINT('Ctrl Pts',(26.2967723633811,44.8009306938125,34.9624297036071));
#5118=CARTESIAN_POINT('Ctrl Pts',(26.305903050121,44.765812645092,34.9984631167936));
#5119=CARTESIAN_POINT('Ctrl Pts',(26.314578744166,44.7293343578118,35.0363785621439));
#5120=CARTESIAN_POINT('Ctrl Pts',(26.3224812037968,44.6915780345075,35.0758984337621));
#5121=CARTESIAN_POINT('Ctrl Pts',(26.3292469371446,44.6526449956673,35.1166813474789));
#5122=CARTESIAN_POINT('Ctrl Pts',(26.3344077821708,44.6124366771648,35.1581857633423));
#5123=CARTESIAN_POINT('Ctrl Pts',(26.3372388696174,44.5702343494337,35.1994062549575));
#5124=CARTESIAN_POINT('Ctrl Pts',(26.3371846673751,44.525295908405,35.2395907428045));
#5125=CARTESIAN_POINT('Ctrl Pts',(26.3341985393114,44.4773476514006,35.2786742774361));
#5126=CARTESIAN_POINT('Ctrl Pts',(26.3281540972834,44.4255231109326,35.3163954085885));
#5127=CARTESIAN_POINT('Ctrl Pts',(26.3219684265705,44.3886219485228,35.3398114178928));
#5128=CARTESIAN_POINT('Ctrl Pts',(26.3185099925332,44.3699145377326,35.3513983606648));
#5129=CARTESIAN_POINT('Ctrl Pts',(26.1692870792438,44.8866330125933,34.7305715957825));
#5130=CARTESIAN_POINT('Ctrl Pts',(26.1754633790291,44.8782240202765,34.7417211168244));
#5131=CARTESIAN_POINT('Ctrl Pts',(26.1875238329981,44.8611906444988,34.7642479103927));
#5132=CARTESIAN_POINT('Ctrl Pts',(26.2046276472371,44.8347451139453,34.7986773527664));
#5133=CARTESIAN_POINT('Ctrl Pts',(26.220702899568,44.8073492255347,34.8337710603253));
#5134=CARTESIAN_POINT('Ctrl Pts',(26.2357333811074,44.7790399708452,34.8695801304332));
#5135=CARTESIAN_POINT('Ctrl Pts',(26.2496867289177,44.7498504791962,34.9061412041436));
#5136=CARTESIAN_POINT('Ctrl Pts',(26.2625090690834,44.7197724658395,34.9434582836452));
#5137=CARTESIAN_POINT('Ctrl Pts',(26.2741443095099,44.6888234113326,34.9815275205786));
#5138=CARTESIAN_POINT('Ctrl Pts',(26.2845117819366,44.6569934265677,35.0203042929806));
#5139=CARTESIAN_POINT('Ctrl Pts',(26.2934368650371,44.6240973158567,35.0595940880487));
#5140=CARTESIAN_POINT('Ctrl Pts',(26.3007906438406,44.5900473279971,35.0992749171446));
#5141=CARTESIAN_POINT('Ctrl Pts',(26.3062475048943,44.5544306408971,35.1387906584821));
#5142=CARTESIAN_POINT('Ctrl Pts',(26.3093361300541,44.5165767723435,35.1773321548599));
#5143=CARTESIAN_POINT('Ctrl Pts',(26.3098663299237,44.4763075777133,35.2143552002449));
#5144=CARTESIAN_POINT('Ctrl Pts',(26.3078949587179,44.4338631419859,35.2496015859046));
#5145=CARTESIAN_POINT('Ctrl Pts',(26.3033003984619,44.3891519710022,35.2823131617203));
#5146=CARTESIAN_POINT('Ctrl Pts',(26.298532808615,44.3579191268612,35.3021918429297));
#5147=CARTESIAN_POINT('Ctrl Pts',(26.2958911795129,44.3421688619307,35.3119662471644));
#5148=CARTESIAN_POINT('Ctrl Pts',(26.1436890294385,44.8418878998972,34.7013148370703));
#5149=CARTESIAN_POINT('Ctrl Pts',(26.1510125087575,44.8334193315488,34.7140194222541));
#5150=CARTESIAN_POINT('Ctrl Pts',(26.1651997390704,44.8162832447536,34.7395592310341));
#5151=CARTESIAN_POINT('Ctrl Pts',(26.1849848394701,44.7897800565777,34.7781263330363));
#5152=CARTESIAN_POINT('Ctrl Pts',(26.2032610665431,44.7625118969753,34.816911389493));
#5153=CARTESIAN_POINT('Ctrl Pts',(26.2200456411041,44.7345834028161,34.8559032306157));
#5154=CARTESIAN_POINT('Ctrl Pts',(26.2353464518697,44.7060735685354,34.8950808094191));
#5155=CARTESIAN_POINT('Ctrl Pts',(26.2491571143029,44.6770061157577,34.9344003831291));
#5156=CARTESIAN_POINT('Ctrl Pts',(26.2614820230763,44.6474309357698,34.9738329766245));
#5157=CARTESIAN_POINT('Ctrl Pts',(26.2722803432732,44.6172981315816,35.0132895723793));
#5158=CARTESIAN_POINT('Ctrl Pts',(26.2814530610636,44.5864330882735,35.0525995717886));
#5159=CARTESIAN_POINT('Ctrl Pts',(26.2889257282162,44.5547075188047,35.0916380635904));
#5160=CARTESIAN_POINT('Ctrl Pts',(26.2944119827033,44.5216369920201,35.1298408986423));
#5161=CARTESIAN_POINT('Ctrl Pts',(26.2975556804504,44.4866137263084,35.1665522370303));
#5162=CARTESIAN_POINT('Ctrl Pts',(26.298314639047,44.4495985734685,35.2014278827896));
#5163=CARTESIAN_POINT('Ctrl Pts',(26.2967842108823,44.4107928091944,35.2343005305775));
#5164=CARTESIAN_POINT('Ctrl Pts',(26.2928843769465,44.3701106205872,35.264515916231));
#5165=CARTESIAN_POINT('Ctrl Pts',(26.2888078738117,44.3418792241027,35.2828085137583));
#5166=CARTESIAN_POINT('Ctrl Pts',(26.2865537348601,44.327683951851,35.2917770752865));
#5167=UNCERTAINTY_MEASURE_WITH_UNIT(LENGTH_MEASURE(0.01),#5171,
'DISTANCE_ACCURACY_VALUE',
'Maximum model space distance between geometric entities at asserted c
onnectivities');
#5168=UNCERTAINTY_MEASURE_WITH_UNIT(LENGTH_MEASURE(0.01),#5171,
'DISTANCE_ACCURACY_VALUE',
'Maximum model space distance between geometric entities at asserted c
onnectivities');
#5169=(
GEOMETRIC_REPRESENTATION_CONTEXT(3)
GLOBAL_UNCERTAINTY_ASSIGNED_CONTEXT((#5167))
GLOBAL_UNIT_ASSIGNED_CONTEXT((#5171,#5173,#5174))
REPRESENTATION_CONTEXT('','3D')
);
#5170=(
GEOMETRIC_REPRESENTATION_CONTEXT(3)
GLOBAL_UNCERTAINTY_ASSIGNED_CONTEXT((#5168))
GLOBAL_UNIT_ASSIGNED_CONTEXT((#5171,#5173,#5174))
REPRESENTATION_CONTEXT('','3D')
);
#5171=(
LENGTH_UNIT()
NAMED_UNIT(*)
SI_UNIT(.MILLI.,.METRE.)
);
#5172=(
LENGTH_UNIT()
NAMED_UNIT(*)
SI_UNIT($,.METRE.)
);
#5173=(
NAMED_UNIT(*)
PLANE_ANGLE_UNIT()
SI_UNIT($,.RADIAN.)
);
#5174=(
NAMED_UNIT(*)
SI_UNIT($,.STERADIAN.)
SOLID_ANGLE_UNIT()
);
#5175=SHAPE_DEFINITION_REPRESENTATION(#5176,#5177);
#5176=PRODUCT_DEFINITION_SHAPE('',$,#5179);
#5177=SHAPE_REPRESENTATION('',(#1509),#5169);
#5178=PRODUCT_DEFINITION_CONTEXT('part definition',#5183,'design');
#5179=PRODUCT_DEFINITION('link_3 upper cable shroud','103107019_01 v1',
#5180,#5178);
#5180=PRODUCT_DEFINITION_FORMATION('',$,#5185);
#5181=PRODUCT_RELATED_PRODUCT_CATEGORY('103107019_01 v1',
'103107019_01 v1',(#5185));
#5182=APPLICATION_PROTOCOL_DEFINITION('international standard',
'automotive_design',2009,#5183);
#5183=APPLICATION_CONTEXT(
'Core Data for Automotive Mechanical Design Process');
#5184=PRODUCT_CONTEXT('part definition',#5183,'mechanical');
#5185=PRODUCT('link_3 upper cable shroud','103107019_01 v1',$,(#5184));
#5186=PRESENTATION_STYLE_ASSIGNMENT((#5188));
#5187=PRESENTATION_STYLE_ASSIGNMENT((#5189));
#5188=SURFACE_STYLE_USAGE(.BOTH.,#5190);
#5189=SURFACE_STYLE_USAGE(.BOTH.,#5191);
#5190=SURFACE_SIDE_STYLE('',(#5192));
#5191=SURFACE_SIDE_STYLE('',(#5193));
#5192=SURFACE_STYLE_FILL_AREA(#5194);
#5193=SURFACE_STYLE_FILL_AREA(#5195);
#5194=FILL_AREA_STYLE('Plate',(#5196));
#5195=FILL_AREA_STYLE('Opaque(160,160,160)',(#5197));
#5196=FILL_AREA_STYLE_COLOUR('Plate',#5198);
#5197=FILL_AREA_STYLE_COLOUR('Opaque(160,160,160)',#5199);
#5198=COLOUR_RGB('Plate',0.6,0.6,0.6);
#5199=COLOUR_RGB('Opaque(160,160,160)',0.627450980392157,0.627450980392157,
0.627450980392157);
ENDSEC;
END-ISO-10303-21;
