ISO-10303-21;
HEADER;
/* Generated by software containing ST-Developer
 * from STEP Tools, Inc. (www.steptools.com) 
 */

FILE_DESCRIPTION(
/* description */ (''),
/* implementation_level */ '2;1');

FILE_NAME(
/* name */ '103107060_01 - Y PCB Cable Lock.step',
/* time_stamp */ '2025-06-27T09:46:24-05:00',
/* author */ (''),
/* organization */ (''),
/* preprocessor_version */ 'ST-DEVELOPER v20.1',
/* originating_system */ 'Autodesk Translation Framework v14.10.0.0',
/* authorisation */ '');

FILE_SCHEMA (('AUTOMOTIVE_DESIGN { 1 0 10303 214 3 1 1 }'));
ENDSEC;

DATA;
#10=MECHANICAL_DESIGN_GEOMETRIC_PRESENTATION_REPRESENTATION('',(#13),#5226);
#11=SHAPE_REPRESENTATION_RELATIONSHIP('SRR','None',#5233,#12);
#12=ADVANCED_BREP_SHAPE_REPRESENTATION('',(#14),#5225);
#13=STYLED_ITEM('',(#5242),#14);
#14=MANIFOLD_SOLID_BREP('Body1',#2774);
#15=FACE_BOUND('',#453,.T.);
#16=FACE_BOUND('',#455,.T.);
#17=FACE_BOUND('',#462,.T.);
#18=FACE_BOUND('',#466,.T.);
#19=CONICAL_SURFACE('',#2883,2.,0.785398163397449);
#20=CONICAL_SURFACE('',#2886,2.,0.785398163397447);
#21=CONICAL_SURFACE('',#2984,1.99999999999999,0.785398163397448);
#22=CONICAL_SURFACE('',#2985,2.00000000000001,0.785398163397449);
#23=CONICAL_SURFACE('',#3076,3.25,0.463647609000822);
#24=CONICAL_SURFACE('',#3078,3.25,0.46364760900081);
#25=ELLIPSE('',#2850,0.353553390593275,0.25);
#26=ELLIPSE('',#2852,0.790569415042096,0.75);
#27=ELLIPSE('',#2880,0.790569415042095,0.75);
#28=ELLIPSE('',#2881,0.353553390593273,0.25);
#29=ELLIPSE('',#2988,0.388930956715104,0.25);
#30=ELLIPSE('',#2991,0.388930956715104,0.25);
#31=ELLIPSE('',#2996,0.388930956715104,0.25);
#32=ELLIPSE('',#2999,0.388930956715104,0.25);
#33=ELLIPSE('',#3003,0.388930956715104,0.25);
#34=ELLIPSE('',#3009,0.388930956715104,0.25);
#35=ELLIPSE('',#3012,0.388930956715104,0.25);
#36=ELLIPSE('',#3015,0.388930956715104,0.25);
#37=B_SPLINE_SURFACE_WITH_KNOTS('',3,3,((#4181,#4182,#4183,#4184,#4185,
#4186,#4187),(#4188,#4189,#4190,#4191,#4192,#4193,#4194),(#4195,#4196,#4197,
#4198,#4199,#4200,#4201),(#4202,#4203,#4204,#4205,#4206,#4207,#4208),(#4209,
#4210,#4211,#4212,#4213,#4214,#4215),(#4216,#4217,#4218,#4219,#4220,#4221,
#4222),(#4223,#4224,#4225,#4226,#4227,#4228,#4229)),.UNSPECIFIED.,.F.,.F.,
 .F.,(4,1,1,1,4),(4,1,1,1,4),(0.,0.285714285714286,0.571428571428571,0.857142857142857,
1.),(-2.81780074242045,-2.21398629761607,-1.61017185281168,-0.805085926405841,
1.99861509435121E-15),.UNSPECIFIED.);
#38=B_SPLINE_SURFACE_WITH_KNOTS('',3,3,((#4326,#4327,#4328,#4329,#4330,
#4331,#4332),(#4333,#4334,#4335,#4336,#4337,#4338,#4339),(#4340,#4341,#4342,
#4343,#4344,#4345,#4346),(#4347,#4348,#4349,#4350,#4351,#4352,#4353),(#4354,
#4355,#4356,#4357,#4358,#4359,#4360),(#4361,#4362,#4363,#4364,#4365,#4366,
#4367),(#4368,#4369,#4370,#4371,#4372,#4373,#4374)),.UNSPECIFIED.,.F.,.F.,
 .F.,(4,1,1,1,4),(4,1,1,1,4),(0.,0.285714285714286,0.571428571428571,0.857142857142857,
1.),(-4.51709090878288E-15,0.805085926405839,1.61017185281168,2.21398629761606,
2.81780074242045),.UNSPECIFIED.);
#39=B_SPLINE_SURFACE_WITH_KNOTS('',3,3,((#4380,#4381,#4382,#4383),(#4384,
#4385,#4386,#4387),(#4388,#4389,#4390,#4391),(#4392,#4393,#4394,#4395),
(#4396,#4397,#4398,#4399),(#4400,#4401,#4402,#4403),(#4404,#4405,#4406,
#4407)),.UNSPECIFIED.,.F.,.F.,.F.,(4,1,1,1,4),(4,4),(0.,0.285714285714286,
0.571428571428571,0.857142857142857,1.),(0.133418433173305,0.350475092202887),
 .UNSPECIFIED.);
#40=B_SPLINE_SURFACE_WITH_KNOTS('',3,3,((#4438,#4439,#4440,#4441),(#4442,
#4443,#4444,#4445),(#4446,#4447,#4448,#4449),(#4450,#4451,#4452,#4453),
(#4454,#4455,#4456,#4457),(#4458,#4459,#4460,#4461),(#4462,#4463,#4464,
#4465)),.UNSPECIFIED.,.F.,.F.,.F.,(4,1,1,1,4),(4,4),(0.,0.285714285714286,
0.571428571428571,0.857142857142857,1.),(0.133418433173305,0.350475092202891),
 .UNSPECIFIED.);
#41=B_SPLINE_SURFACE_WITH_KNOTS('',3,3,((#5109,#5110,#5111,#5112,#5113),
(#5114,#5115,#5116,#5117,#5118),(#5119,#5120,#5121,#5122,#5123),(#5124,
#5125,#5126,#5127,#5128),(#5129,#5130,#5131,#5132,#5133)),.UNSPECIFIED.,
 .F.,.F.,.F.,(4,1,4),(4,1,4),(0.,0.5,1.),(1.31087122986681E-16,0.139699509315766,
0.325965521736788),.UNSPECIFIED.);
#42=B_SPLINE_SURFACE_WITH_KNOTS('',3,3,((#5148,#5149,#5150,#5151,#5152),
(#5153,#5154,#5155,#5156,#5157),(#5158,#5159,#5160,#5161,#5162),(#5163,
#5164,#5165,#5166,#5167),(#5168,#5169,#5170,#5171,#5172)),.UNSPECIFIED.,
 .F.,.F.,.F.,(4,1,4),(4,1,4),(0.,0.5,1.),(1.35898259134601E-16,0.139699509315779,
0.325965521736817),.UNSPECIFIED.);
#43=PLANE('',#2816);
#44=PLANE('',#2819);
#45=PLANE('',#2826);
#46=PLANE('',#2829);
#47=PLANE('',#2846);
#48=PLANE('',#2882);
#49=PLANE('',#2885);
#50=PLANE('',#2888);
#51=PLANE('',#2894);
#52=PLANE('',#2897);
#53=PLANE('',#2900);
#54=PLANE('',#2902);
#55=PLANE('',#2957);
#56=PLANE('',#2963);
#57=PLANE('',#2965);
#58=PLANE('',#2974);
#59=PLANE('',#2975);
#60=PLANE('',#2976);
#61=PLANE('',#2977);
#62=PLANE('',#2982);
#63=PLANE('',#2983);
#64=PLANE('',#2989);
#65=PLANE('',#2990);
#66=PLANE('',#2997);
#67=PLANE('',#2998);
#68=PLANE('',#3005);
#69=PLANE('',#3006);
#70=PLANE('',#3013);
#71=PLANE('',#3014);
#72=PLANE('',#3018);
#73=PLANE('',#3019);
#74=PLANE('',#3020);
#75=PLANE('',#3021);
#76=PLANE('',#3022);
#77=PLANE('',#3023);
#78=PLANE('',#3024);
#79=PLANE('',#3025);
#80=PLANE('',#3026);
#81=PLANE('',#3027);
#82=PLANE('',#3028);
#83=PLANE('',#3029);
#84=PLANE('',#3030);
#85=PLANE('',#3034);
#86=PLANE('',#3035);
#87=PLANE('',#3042);
#88=PLANE('',#3043);
#89=PLANE('',#3050);
#90=PLANE('',#3052);
#91=PLANE('',#3058);
#92=PLANE('',#3060);
#93=PLANE('',#3063);
#94=PLANE('',#3064);
#95=PLANE('',#3065);
#96=PLANE('',#3066);
#97=PLANE('',#3067);
#98=PLANE('',#3068);
#99=PLANE('',#3069);
#100=PLANE('',#3070);
#101=PLANE('',#3071);
#102=PLANE('',#3072);
#103=PLANE('',#3073);
#104=PLANE('',#3074);
#105=PLANE('',#3075);
#106=PLANE('',#3080);
#107=PLANE('',#3082);
#108=PLANE('',#3093);
#109=PLANE('',#3094);
#110=PLANE('',#3097);
#111=PLANE('',#3098);
#112=PLANE('',#3099);
#113=(
BOUNDED_SURFACE()
B_SPLINE_SURFACE(2,2,((#3988,#3989,#3990),(#3991,#3992,#3993),(#3994,#3995,
#3996)),.UNSPECIFIED.,.F.,.F.,.F.)
B_SPLINE_SURFACE_WITH_KNOTS((3,3),(3,3),(-2.22044604925031E-15,1.5707963267949),
(-2.35619449019235,-1.05812685021462),.UNSPECIFIED.)
GEOMETRIC_REPRESENTATION_ITEM()
RATIONAL_B_SPLINE_SURFACE(((1.,0.796668145892713,1.),(0.707106781186541,
0.563329448316046,0.707106781186541),(1.,0.796668145892713,1.)))
REPRESENTATION_ITEM('')
SURFACE()
);
#114=(
BOUNDED_SURFACE()
B_SPLINE_SURFACE(2,2,((#4008,#4009,#4010),(#4011,#4012,#4013),(#4014,#4015,
#4016)),.UNSPECIFIED.,.F.,.F.,.F.)
B_SPLINE_SURFACE_WITH_KNOTS((3,3),(3,3),(0.,1.5707963267949),(-2.08346580337518,
-0.785398163397436),.UNSPECIFIED.)
GEOMETRIC_REPRESENTATION_ITEM()
RATIONAL_B_SPLINE_SURFACE(((1.,0.796668145892709,1.),(0.70710678118654,
0.563329448316043,0.70710678118654),(1.,0.796668145892709,1.)))
REPRESENTATION_ITEM('')
SURFACE()
);
#115=(
BOUNDED_SURFACE()
B_SPLINE_SURFACE(2,2,((#4128,#4129,#4130),(#4131,#4132,#4133),(#4134,#4135,
#4136)),.UNSPECIFIED.,.F.,.F.,.F.)
B_SPLINE_SURFACE_WITH_KNOTS((3,3),(3,3),(-1.5707963267949,2.22044604925031E-15),
(-2.35619449019235,-1.05812685021462),.UNSPECIFIED.)
GEOMETRIC_REPRESENTATION_ITEM()
RATIONAL_B_SPLINE_SURFACE(((1.,0.796668145892713,1.),(0.707106781186542,
0.563329448316047,0.707106781186542),(1.,0.796668145892713,1.)))
REPRESENTATION_ITEM('')
SURFACE()
);
#116=(
BOUNDED_SURFACE()
B_SPLINE_SURFACE(2,2,((#4144,#4145,#4146),(#4147,#4148,#4149),(#4150,#4151,
#4152)),.UNSPECIFIED.,.F.,.F.,.F.)
B_SPLINE_SURFACE_WITH_KNOTS((3,3),(3,3),(-1.5707963267949,0.),(-2.08346580337518,
-0.785398163397436),.UNSPECIFIED.)
GEOMETRIC_REPRESENTATION_ITEM()
RATIONAL_B_SPLINE_SURFACE(((1.,0.796668145892709,1.),(0.70710678118654,
0.563329448316043,0.70710678118654),(1.,0.796668145892709,1.)))
REPRESENTATION_ITEM('')
SURFACE()
);
#117=(
BOUNDED_SURFACE()
B_SPLINE_SURFACE(2,2,((#4603,#4604,#4605),(#4606,#4607,#4608),(#4609,#4610,
#4611)),.UNSPECIFIED.,.F.,.F.,.F.)
B_SPLINE_SURFACE_WITH_KNOTS((3,3),(3,3),(-1.5707963267949,0.),(-0.227449869328154,
0.227449869328154),.UNSPECIFIED.)
GEOMETRIC_REPRESENTATION_ITEM()
RATIONAL_B_SPLINE_SURFACE(((1.,0.974244600894909,1.),(0.707106781186547,
0.688894963827171,0.707106781186547),(1.,0.974244600894909,1.)))
REPRESENTATION_ITEM('')
SURFACE()
);
#118=(
BOUNDED_SURFACE()
B_SPLINE_SURFACE(2,2,((#4623,#4624,#4625,#4626,#4627),(#4628,#4629,#4630,
#4631,#4632),(#4633,#4634,#4635,#4636,#4637)),.UNSPECIFIED.,.F.,.F.,.F.)
B_SPLINE_SURFACE_WITH_KNOTS((3,3),(3,2,3),(-1.5707963267949,0.),(-2.90506720502016,
-1.49616683380994,-0.0872664625997132),.UNSPECIFIED.)
GEOMETRIC_REPRESENTATION_ITEM()
RATIONAL_B_SPLINE_SURFACE(((1.,0.761967734955954,1.,0.761967734955954,1.),
(0.707106781186557,0.538792552432716,0.707106781186557,0.538792552432716,
0.707106781186557),(1.,0.761967734955954,1.,0.761967734955954,1.)))
REPRESENTATION_ITEM('')
SURFACE()
);
#119=(
BOUNDED_SURFACE()
B_SPLINE_SURFACE(2,2,((#4716,#4717,#4718,#4719,#4720),(#4721,#4722,#4723,
#4724,#4725),(#4726,#4727,#4728,#4729,#4730)),.UNSPECIFIED.,.F.,.F.,.F.)
B_SPLINE_SURFACE_WITH_KNOTS((3,3),(3,2,3),(-1.5707963267949,0.),(-3.05432619099008,
-1.64542581977986,-0.236525448569633),.UNSPECIFIED.)
GEOMETRIC_REPRESENTATION_ITEM()
RATIONAL_B_SPLINE_SURFACE(((1.,0.761967734955953,1.,0.761967734955953,1.),
(0.707106781186551,0.538792552432711,0.707106781186551,0.538792552432711,
0.707106781186551),(1.,0.761967734955953,1.,0.761967734955953,1.)))
REPRESENTATION_ITEM('')
SURFACE()
);
#120=(
BOUNDED_SURFACE()
B_SPLINE_SURFACE(2,2,((#4738,#4739,#4740),(#4741,#4742,#4743),(#4744,#4745,
#4746)),.UNSPECIFIED.,.F.,.F.,.F.)
B_SPLINE_SURFACE_WITH_KNOTS((3,3),(3,3),(-1.5707963267949,0.),(-0.367633276056591,
0.0872664625997184),.UNSPECIFIED.)
GEOMETRIC_REPRESENTATION_ITEM()
RATIONAL_B_SPLINE_SURFACE(((1.,0.974244600894909,1.),(0.70710678118655,
0.688894963827174,0.70710678118655),(1.,0.974244600894909,1.)))
REPRESENTATION_ITEM('')
SURFACE()
);
#121=TOROIDAL_SURFACE('',#2790,2.5,0.5);
#122=TOROIDAL_SURFACE('',#2799,29.2,0.5);
#123=TOROIDAL_SURFACE('',#2808,2.5,0.5);
#124=TOROIDAL_SURFACE('',#2830,2.5,0.5);
#125=TOROIDAL_SURFACE('',#2837,29.2,0.5);
#126=TOROIDAL_SURFACE('',#2844,2.5,0.5);
#127=TOROIDAL_SURFACE('',#2855,2.,0.5);
#128=TOROIDAL_SURFACE('',#2861,2.,0.5);
#129=TOROIDAL_SURFACE('',#2867,2.00000000000001,0.5);
#130=TOROIDAL_SURFACE('',#2873,1.99999999999999,0.5);
#131=TOROIDAL_SURFACE('',#2905,3.80901699437495,0.5);
#132=TOROIDAL_SURFACE('',#2916,29.,0.5);
#133=TOROIDAL_SURFACE('',#2925,1.99999999999999,0.5);
#134=TOROIDAL_SURFACE('',#2931,2.00000000000001,0.5);
#135=TOROIDAL_SURFACE('',#2937,2.,0.5);
#136=TOROIDAL_SURFACE('',#2942,2.,0.5);
#137=TOROIDAL_SURFACE('',#2949,29.,0.5);
#138=TOROIDAL_SURFACE('',#2967,3.80901699437495,0.5);
#139=FACE_OUTER_BOUND('',#302,.T.);
#140=FACE_OUTER_BOUND('',#303,.T.);
#141=FACE_OUTER_BOUND('',#304,.T.);
#142=FACE_OUTER_BOUND('',#305,.T.);
#143=FACE_OUTER_BOUND('',#306,.T.);
#144=FACE_OUTER_BOUND('',#307,.T.);
#145=FACE_OUTER_BOUND('',#308,.T.);
#146=FACE_OUTER_BOUND('',#309,.T.);
#147=FACE_OUTER_BOUND('',#310,.T.);
#148=FACE_OUTER_BOUND('',#311,.T.);
#149=FACE_OUTER_BOUND('',#312,.T.);
#150=FACE_OUTER_BOUND('',#313,.T.);
#151=FACE_OUTER_BOUND('',#314,.T.);
#152=FACE_OUTER_BOUND('',#315,.T.);
#153=FACE_OUTER_BOUND('',#316,.T.);
#154=FACE_OUTER_BOUND('',#317,.T.);
#155=FACE_OUTER_BOUND('',#318,.T.);
#156=FACE_OUTER_BOUND('',#319,.T.);
#157=FACE_OUTER_BOUND('',#320,.T.);
#158=FACE_OUTER_BOUND('',#321,.T.);
#159=FACE_OUTER_BOUND('',#322,.T.);
#160=FACE_OUTER_BOUND('',#323,.T.);
#161=FACE_OUTER_BOUND('',#324,.T.);
#162=FACE_OUTER_BOUND('',#325,.T.);
#163=FACE_OUTER_BOUND('',#326,.T.);
#164=FACE_OUTER_BOUND('',#327,.T.);
#165=FACE_OUTER_BOUND('',#328,.T.);
#166=FACE_OUTER_BOUND('',#329,.T.);
#167=FACE_OUTER_BOUND('',#330,.T.);
#168=FACE_OUTER_BOUND('',#331,.T.);
#169=FACE_OUTER_BOUND('',#332,.T.);
#170=FACE_OUTER_BOUND('',#333,.T.);
#171=FACE_OUTER_BOUND('',#334,.T.);
#172=FACE_OUTER_BOUND('',#335,.T.);
#173=FACE_OUTER_BOUND('',#336,.T.);
#174=FACE_OUTER_BOUND('',#337,.T.);
#175=FACE_OUTER_BOUND('',#338,.T.);
#176=FACE_OUTER_BOUND('',#339,.T.);
#177=FACE_OUTER_BOUND('',#340,.T.);
#178=FACE_OUTER_BOUND('',#341,.T.);
#179=FACE_OUTER_BOUND('',#342,.T.);
#180=FACE_OUTER_BOUND('',#343,.T.);
#181=FACE_OUTER_BOUND('',#344,.T.);
#182=FACE_OUTER_BOUND('',#345,.T.);
#183=FACE_OUTER_BOUND('',#346,.T.);
#184=FACE_OUTER_BOUND('',#347,.T.);
#185=FACE_OUTER_BOUND('',#348,.T.);
#186=FACE_OUTER_BOUND('',#349,.T.);
#187=FACE_OUTER_BOUND('',#350,.T.);
#188=FACE_OUTER_BOUND('',#351,.T.);
#189=FACE_OUTER_BOUND('',#352,.T.);
#190=FACE_OUTER_BOUND('',#353,.T.);
#191=FACE_OUTER_BOUND('',#354,.T.);
#192=FACE_OUTER_BOUND('',#355,.T.);
#193=FACE_OUTER_BOUND('',#356,.T.);
#194=FACE_OUTER_BOUND('',#357,.T.);
#195=FACE_OUTER_BOUND('',#358,.T.);
#196=FACE_OUTER_BOUND('',#359,.T.);
#197=FACE_OUTER_BOUND('',#360,.T.);
#198=FACE_OUTER_BOUND('',#361,.T.);
#199=FACE_OUTER_BOUND('',#362,.T.);
#200=FACE_OUTER_BOUND('',#363,.T.);
#201=FACE_OUTER_BOUND('',#364,.T.);
#202=FACE_OUTER_BOUND('',#365,.T.);
#203=FACE_OUTER_BOUND('',#366,.T.);
#204=FACE_OUTER_BOUND('',#367,.T.);
#205=FACE_OUTER_BOUND('',#368,.T.);
#206=FACE_OUTER_BOUND('',#369,.T.);
#207=FACE_OUTER_BOUND('',#370,.T.);
#208=FACE_OUTER_BOUND('',#371,.T.);
#209=FACE_OUTER_BOUND('',#372,.T.);
#210=FACE_OUTER_BOUND('',#373,.T.);
#211=FACE_OUTER_BOUND('',#374,.T.);
#212=FACE_OUTER_BOUND('',#375,.T.);
#213=FACE_OUTER_BOUND('',#376,.T.);
#214=FACE_OUTER_BOUND('',#377,.T.);
#215=FACE_OUTER_BOUND('',#378,.T.);
#216=FACE_OUTER_BOUND('',#379,.T.);
#217=FACE_OUTER_BOUND('',#380,.T.);
#218=FACE_OUTER_BOUND('',#381,.T.);
#219=FACE_OUTER_BOUND('',#382,.T.);
#220=FACE_OUTER_BOUND('',#383,.T.);
#221=FACE_OUTER_BOUND('',#384,.T.);
#222=FACE_OUTER_BOUND('',#385,.T.);
#223=FACE_OUTER_BOUND('',#386,.T.);
#224=FACE_OUTER_BOUND('',#387,.T.);
#225=FACE_OUTER_BOUND('',#388,.T.);
#226=FACE_OUTER_BOUND('',#389,.T.);
#227=FACE_OUTER_BOUND('',#390,.T.);
#228=FACE_OUTER_BOUND('',#391,.T.);
#229=FACE_OUTER_BOUND('',#392,.T.);
#230=FACE_OUTER_BOUND('',#393,.T.);
#231=FACE_OUTER_BOUND('',#394,.T.);
#232=FACE_OUTER_BOUND('',#395,.T.);
#233=FACE_OUTER_BOUND('',#396,.T.);
#234=FACE_OUTER_BOUND('',#397,.T.);
#235=FACE_OUTER_BOUND('',#398,.T.);
#236=FACE_OUTER_BOUND('',#399,.T.);
#237=FACE_OUTER_BOUND('',#400,.T.);
#238=FACE_OUTER_BOUND('',#401,.T.);
#239=FACE_OUTER_BOUND('',#402,.T.);
#240=FACE_OUTER_BOUND('',#403,.T.);
#241=FACE_OUTER_BOUND('',#404,.T.);
#242=FACE_OUTER_BOUND('',#405,.T.);
#243=FACE_OUTER_BOUND('',#406,.T.);
#244=FACE_OUTER_BOUND('',#407,.T.);
#245=FACE_OUTER_BOUND('',#408,.T.);
#246=FACE_OUTER_BOUND('',#409,.T.);
#247=FACE_OUTER_BOUND('',#410,.T.);
#248=FACE_OUTER_BOUND('',#411,.T.);
#249=FACE_OUTER_BOUND('',#412,.T.);
#250=FACE_OUTER_BOUND('',#413,.T.);
#251=FACE_OUTER_BOUND('',#414,.T.);
#252=FACE_OUTER_BOUND('',#415,.T.);
#253=FACE_OUTER_BOUND('',#416,.T.);
#254=FACE_OUTER_BOUND('',#417,.T.);
#255=FACE_OUTER_BOUND('',#418,.T.);
#256=FACE_OUTER_BOUND('',#419,.T.);
#257=FACE_OUTER_BOUND('',#420,.T.);
#258=FACE_OUTER_BOUND('',#421,.T.);
#259=FACE_OUTER_BOUND('',#422,.T.);
#260=FACE_OUTER_BOUND('',#423,.T.);
#261=FACE_OUTER_BOUND('',#424,.T.);
#262=FACE_OUTER_BOUND('',#425,.T.);
#263=FACE_OUTER_BOUND('',#426,.T.);
#264=FACE_OUTER_BOUND('',#427,.T.);
#265=FACE_OUTER_BOUND('',#428,.T.);
#266=FACE_OUTER_BOUND('',#429,.T.);
#267=FACE_OUTER_BOUND('',#430,.T.);
#268=FACE_OUTER_BOUND('',#431,.T.);
#269=FACE_OUTER_BOUND('',#432,.T.);
#270=FACE_OUTER_BOUND('',#433,.T.);
#271=FACE_OUTER_BOUND('',#434,.T.);
#272=FACE_OUTER_BOUND('',#435,.T.);
#273=FACE_OUTER_BOUND('',#436,.T.);
#274=FACE_OUTER_BOUND('',#437,.T.);
#275=FACE_OUTER_BOUND('',#438,.T.);
#276=FACE_OUTER_BOUND('',#439,.T.);
#277=FACE_OUTER_BOUND('',#440,.T.);
#278=FACE_OUTER_BOUND('',#441,.T.);
#279=FACE_OUTER_BOUND('',#442,.T.);
#280=FACE_OUTER_BOUND('',#443,.T.);
#281=FACE_OUTER_BOUND('',#444,.T.);
#282=FACE_OUTER_BOUND('',#445,.T.);
#283=FACE_OUTER_BOUND('',#446,.T.);
#284=FACE_OUTER_BOUND('',#447,.T.);
#285=FACE_OUTER_BOUND('',#448,.T.);
#286=FACE_OUTER_BOUND('',#449,.T.);
#287=FACE_OUTER_BOUND('',#450,.T.);
#288=FACE_OUTER_BOUND('',#451,.T.);
#289=FACE_OUTER_BOUND('',#452,.T.);
#290=FACE_OUTER_BOUND('',#454,.T.);
#291=FACE_OUTER_BOUND('',#456,.T.);
#292=FACE_OUTER_BOUND('',#457,.T.);
#293=FACE_OUTER_BOUND('',#458,.T.);
#294=FACE_OUTER_BOUND('',#459,.T.);
#295=FACE_OUTER_BOUND('',#460,.T.);
#296=FACE_OUTER_BOUND('',#461,.T.);
#297=FACE_OUTER_BOUND('',#463,.T.);
#298=FACE_OUTER_BOUND('',#464,.T.);
#299=FACE_OUTER_BOUND('',#465,.T.);
#300=FACE_OUTER_BOUND('',#467,.T.);
#301=FACE_OUTER_BOUND('',#468,.T.);
#302=EDGE_LOOP('',(#1742,#1743,#1744,#1745));
#303=EDGE_LOOP('',(#1746,#1747,#1748,#1749));
#304=EDGE_LOOP('',(#1750,#1751,#1752,#1753));
#305=EDGE_LOOP('',(#1754,#1755,#1756,#1757));
#306=EDGE_LOOP('',(#1758,#1759,#1760,#1761));
#307=EDGE_LOOP('',(#1762,#1763,#1764,#1765));
#308=EDGE_LOOP('',(#1766,#1767,#1768,#1769));
#309=EDGE_LOOP('',(#1770,#1771,#1772,#1773));
#310=EDGE_LOOP('',(#1774,#1775,#1776,#1777));
#311=EDGE_LOOP('',(#1778,#1779,#1780,#1781,#1782,#1783,#1784,#1785,#1786,
#1787,#1788));
#312=EDGE_LOOP('',(#1789,#1790,#1791,#1792));
#313=EDGE_LOOP('',(#1793,#1794,#1795,#1796,#1797));
#314=EDGE_LOOP('',(#1798,#1799,#1800,#1801));
#315=EDGE_LOOP('',(#1802,#1803,#1804,#1805));
#316=EDGE_LOOP('',(#1806,#1807,#1808,#1809));
#317=EDGE_LOOP('',(#1810,#1811,#1812,#1813));
#318=EDGE_LOOP('',(#1814,#1815,#1816,#1817));
#319=EDGE_LOOP('',(#1818,#1819,#1820,#1821,#1822));
#320=EDGE_LOOP('',(#1823,#1824,#1825,#1826));
#321=EDGE_LOOP('',(#1827,#1828,#1829,#1830));
#322=EDGE_LOOP('',(#1831,#1832,#1833,#1834));
#323=EDGE_LOOP('',(#1835,#1836,#1837,#1838));
#324=EDGE_LOOP('',(#1839,#1840,#1841,#1842));
#325=EDGE_LOOP('',(#1843,#1844,#1845,#1846));
#326=EDGE_LOOP('',(#1847,#1848,#1849,#1850));
#327=EDGE_LOOP('',(#1851,#1852,#1853,#1854));
#328=EDGE_LOOP('',(#1855,#1856,#1857,#1858,#1859,#1860,#1861,#1862,#1863,
#1864,#1865,#1866,#1867,#1868));
#329=EDGE_LOOP('',(#1869,#1870,#1871,#1872));
#330=EDGE_LOOP('',(#1873,#1874,#1875,#1876));
#331=EDGE_LOOP('',(#1877,#1878,#1879,#1880));
#332=EDGE_LOOP('',(#1881,#1882,#1883,#1884));
#333=EDGE_LOOP('',(#1885,#1886,#1887,#1888));
#334=EDGE_LOOP('',(#1889,#1890,#1891,#1892,#1893,#1894,#1895,#1896));
#335=EDGE_LOOP('',(#1897,#1898,#1899,#1900));
#336=EDGE_LOOP('',(#1901,#1902,#1903,#1904));
#337=EDGE_LOOP('',(#1905,#1906,#1907,#1908));
#338=EDGE_LOOP('',(#1909,#1910,#1911,#1912));
#339=EDGE_LOOP('',(#1913,#1914,#1915,#1916));
#340=EDGE_LOOP('',(#1917,#1918,#1919,#1920));
#341=EDGE_LOOP('',(#1921,#1922,#1923,#1924));
#342=EDGE_LOOP('',(#1925,#1926,#1927,#1928));
#343=EDGE_LOOP('',(#1929,#1930,#1931,#1932));
#344=EDGE_LOOP('',(#1933,#1934,#1935,#1936));
#345=EDGE_LOOP('',(#1937,#1938,#1939,#1940));
#346=EDGE_LOOP('',(#1941,#1942,#1943,#1944,#1945));
#347=EDGE_LOOP('',(#1946,#1947,#1948,#1949,#1950));
#348=EDGE_LOOP('',(#1951,#1952,#1953,#1954));
#349=EDGE_LOOP('',(#1955,#1956,#1957,#1958));
#350=EDGE_LOOP('',(#1959,#1960,#1961,#1962));
#351=EDGE_LOOP('',(#1963,#1964,#1965,#1966));
#352=EDGE_LOOP('',(#1967,#1968,#1969,#1970,#1971,#1972));
#353=EDGE_LOOP('',(#1973,#1974,#1975));
#354=EDGE_LOOP('',(#1976,#1977,#1978,#1979));
#355=EDGE_LOOP('',(#1980,#1981,#1982,#1983,#1984,#1985,#1986,#1987));
#356=EDGE_LOOP('',(#1988,#1989,#1990,#1991));
#357=EDGE_LOOP('',(#1992,#1993,#1994,#1995));
#358=EDGE_LOOP('',(#1996,#1997,#1998,#1999));
#359=EDGE_LOOP('',(#2000,#2001,#2002,#2003));
#360=EDGE_LOOP('',(#2004,#2005,#2006,#2007));
#361=EDGE_LOOP('',(#2008,#2009,#2010,#2011));
#362=EDGE_LOOP('',(#2012,#2013,#2014,#2015));
#363=EDGE_LOOP('',(#2016,#2017,#2018,#2019));
#364=EDGE_LOOP('',(#2020,#2021,#2022,#2023,#2024,#2025,#2026,#2027));
#365=EDGE_LOOP('',(#2028,#2029,#2030,#2031));
#366=EDGE_LOOP('',(#2032,#2033,#2034,#2035));
#367=EDGE_LOOP('',(#2036,#2037,#2038,#2039));
#368=EDGE_LOOP('',(#2040,#2041,#2042,#2043));
#369=EDGE_LOOP('',(#2044,#2045,#2046,#2047));
#370=EDGE_LOOP('',(#2048,#2049,#2050,#2051));
#371=EDGE_LOOP('',(#2052,#2053,#2054,#2055));
#372=EDGE_LOOP('',(#2056,#2057,#2058,#2059));
#373=EDGE_LOOP('',(#2060,#2061,#2062,#2063,#2064,#2065,#2066,#2067,#2068,
#2069));
#374=EDGE_LOOP('',(#2070,#2071,#2072,#2073));
#375=EDGE_LOOP('',(#2074,#2075,#2076,#2077,#2078));
#376=EDGE_LOOP('',(#2079,#2080,#2081,#2082));
#377=EDGE_LOOP('',(#2083,#2084,#2085,#2086));
#378=EDGE_LOOP('',(#2087,#2088,#2089,#2090));
#379=EDGE_LOOP('',(#2091,#2092,#2093,#2094));
#380=EDGE_LOOP('',(#2095,#2096,#2097,#2098,#2099,#2100));
#381=EDGE_LOOP('',(#2101,#2102,#2103,#2104,#2105,#2106,#2107,#2108,#2109));
#382=EDGE_LOOP('',(#2110,#2111,#2112));
#383=EDGE_LOOP('',(#2113,#2114,#2115));
#384=EDGE_LOOP('',(#2116,#2117,#2118));
#385=EDGE_LOOP('',(#2119,#2120,#2121,#2122,#2123,#2124,#2125,#2126,#2127,
#2128,#2129,#2130,#2131,#2132,#2133,#2134,#2135,#2136,#2137,#2138,#2139,
#2140,#2141,#2142,#2143,#2144,#2145,#2146));
#386=EDGE_LOOP('',(#2147,#2148,#2149,#2150,#2151));
#387=EDGE_LOOP('',(#2152,#2153,#2154,#2155));
#388=EDGE_LOOP('',(#2156,#2157,#2158,#2159));
#389=EDGE_LOOP('',(#2160,#2161,#2162,#2163));
#390=EDGE_LOOP('',(#2164,#2165,#2166,#2167));
#391=EDGE_LOOP('',(#2168,#2169,#2170,#2171));
#392=EDGE_LOOP('',(#2172,#2173,#2174,#2175,#2176,#2177));
#393=EDGE_LOOP('',(#2178,#2179,#2180,#2181));
#394=EDGE_LOOP('',(#2182,#2183,#2184,#2185));
#395=EDGE_LOOP('',(#2186,#2187,#2188,#2189));
#396=EDGE_LOOP('',(#2190,#2191,#2192,#2193,#2194,#2195));
#397=EDGE_LOOP('',(#2196,#2197,#2198,#2199));
#398=EDGE_LOOP('',(#2200,#2201,#2202,#2203));
#399=EDGE_LOOP('',(#2204,#2205,#2206,#2207));
#400=EDGE_LOOP('',(#2208,#2209,#2210,#2211,#2212,#2213));
#401=EDGE_LOOP('',(#2214,#2215,#2216,#2217));
#402=EDGE_LOOP('',(#2218,#2219,#2220,#2221));
#403=EDGE_LOOP('',(#2222,#2223,#2224,#2225));
#404=EDGE_LOOP('',(#2226,#2227,#2228,#2229,#2230,#2231));
#405=EDGE_LOOP('',(#2232,#2233,#2234,#2235));
#406=EDGE_LOOP('',(#2236,#2237,#2238,#2239));
#407=EDGE_LOOP('',(#2240,#2241,#2242,#2243));
#408=EDGE_LOOP('',(#2244,#2245,#2246,#2247));
#409=EDGE_LOOP('',(#2248,#2249,#2250,#2251));
#410=EDGE_LOOP('',(#2252,#2253,#2254,#2255));
#411=EDGE_LOOP('',(#2256,#2257,#2258,#2259,#2260,#2261,#2262));
#412=EDGE_LOOP('',(#2263,#2264,#2265,#2266));
#413=EDGE_LOOP('',(#2267,#2268,#2269,#2270));
#414=EDGE_LOOP('',(#2271,#2272,#2273,#2274));
#415=EDGE_LOOP('',(#2275,#2276,#2277,#2278,#2279,#2280));
#416=EDGE_LOOP('',(#2281,#2282,#2283,#2284,#2285,#2286,#2287,#2288,#2289));
#417=EDGE_LOOP('',(#2290,#2291,#2292,#2293,#2294,#2295,#2296));
#418=EDGE_LOOP('',(#2297,#2298,#2299,#2300,#2301,#2302));
#419=EDGE_LOOP('',(#2303,#2304,#2305,#2306));
#420=EDGE_LOOP('',(#2307,#2308,#2309,#2310));
#421=EDGE_LOOP('',(#2311,#2312,#2313,#2314,#2315,#2316));
#422=EDGE_LOOP('',(#2317,#2318,#2319,#2320));
#423=EDGE_LOOP('',(#2321,#2322,#2323,#2324));
#424=EDGE_LOOP('',(#2325,#2326,#2327,#2328));
#425=EDGE_LOOP('',(#2329,#2330,#2331,#2332,#2333,#2334));
#426=EDGE_LOOP('',(#2335,#2336,#2337,#2338));
#427=EDGE_LOOP('',(#2339,#2340,#2341,#2342));
#428=EDGE_LOOP('',(#2343,#2344,#2345,#2346,#2347,#2348,#2349,#2350));
#429=EDGE_LOOP('',(#2351,#2352,#2353,#2354));
#430=EDGE_LOOP('',(#2355,#2356,#2357,#2358));
#431=EDGE_LOOP('',(#2359,#2360,#2361,#2362));
#432=EDGE_LOOP('',(#2363,#2364,#2365,#2366,#2367,#2368));
#433=EDGE_LOOP('',(#2369,#2370,#2371,#2372));
#434=EDGE_LOOP('',(#2373,#2374,#2375,#2376));
#435=EDGE_LOOP('',(#2377,#2378,#2379,#2380));
#436=EDGE_LOOP('',(#2381,#2382,#2383,#2384,#2385,#2386));
#437=EDGE_LOOP('',(#2387,#2388,#2389,#2390));
#438=EDGE_LOOP('',(#2391,#2392,#2393,#2394,#2395,#2396,#2397,#2398));
#439=EDGE_LOOP('',(#2399,#2400,#2401,#2402));
#440=EDGE_LOOP('',(#2403,#2404,#2405,#2406));
#441=EDGE_LOOP('',(#2407,#2408,#2409,#2410));
#442=EDGE_LOOP('',(#2411,#2412,#2413,#2414));
#443=EDGE_LOOP('',(#2415,#2416,#2417,#2418));
#444=EDGE_LOOP('',(#2419,#2420,#2421,#2422));
#445=EDGE_LOOP('',(#2423,#2424,#2425,#2426,#2427,#2428));
#446=EDGE_LOOP('',(#2429,#2430,#2431,#2432,#2433,#2434,#2435,#2436,#2437,
#2438));
#447=EDGE_LOOP('',(#2439,#2440,#2441,#2442,#2443,#2444));
#448=EDGE_LOOP('',(#2445,#2446,#2447,#2448,#2449));
#449=EDGE_LOOP('',(#2450,#2451,#2452,#2453,#2454,#2455));
#450=EDGE_LOOP('',(#2456,#2457,#2458,#2459));
#451=EDGE_LOOP('',(#2460,#2461,#2462,#2463,#2464,#2465));
#452=EDGE_LOOP('',(#2466));
#453=EDGE_LOOP('',(#2467));
#454=EDGE_LOOP('',(#2468));
#455=EDGE_LOOP('',(#2469));
#456=EDGE_LOOP('',(#2470,#2471,#2472,#2473));
#457=EDGE_LOOP('',(#2474,#2475,#2476,#2477));
#458=EDGE_LOOP('',(#2478,#2479,#2480,#2481));
#459=EDGE_LOOP('',(#2482,#2483,#2484,#2485));
#460=EDGE_LOOP('',(#2486,#2487,#2488,#2489));
#461=EDGE_LOOP('',(#2490,#2491,#2492,#2493));
#462=EDGE_LOOP('',(#2494));
#463=EDGE_LOOP('',(#2495,#2496,#2497,#2498,#2499,#2500,#2501,#2502,#2503));
#464=EDGE_LOOP('',(#2504,#2505,#2506,#2507,#2508,#2509,#2510,#2511,#2512,
#2513,#2514));
#465=EDGE_LOOP('',(#2515,#2516,#2517,#2518));
#466=EDGE_LOOP('',(#2519));
#467=EDGE_LOOP('',(#2520,#2521,#2522,#2523));
#468=EDGE_LOOP('',(#2524,#2525,#2526,#2527,#2528,#2529,#2530,#2531,#2532,
#2533,#2534,#2535,#2536,#2537,#2538,#2539,#2540,#2541,#2542,#2543,#2544,
#2545,#2546,#2547,#2548,#2549,#2550,#2551,#2552,#2553,#2554,#2555));
#469=CIRCLE('',#2789,0.500000000000002);
#470=CIRCLE('',#2791,0.499999999999996);
#471=CIRCLE('',#2792,2.5);
#472=CIRCLE('',#2793,2.);
#473=CIRCLE('',#2795,0.500000000000002);
#474=CIRCLE('',#2796,0.499999999999995);
#475=CIRCLE('',#2797,0.5);
#476=CIRCLE('',#2798,1.);
#477=CIRCLE('',#2800,0.499999999999999);
#478=CIRCLE('',#2801,29.2);
#479=CIRCLE('',#2802,28.7);
#480=CIRCLE('',#2803,0.500000000000004);
#481=CIRCLE('',#2804,0.5);
#482=CIRCLE('',#2805,1.);
#483=CIRCLE('',#2807,0.500000000000002);
#484=CIRCLE('',#2809,0.499999999999996);
#485=CIRCLE('',#2810,2.5);
#486=CIRCLE('',#2811,2.);
#487=CIRCLE('',#2814,0.499999999999998);
#488=CIRCLE('',#2815,0.499999999999998);
#489=CIRCLE('',#2818,2.);
#490=CIRCLE('',#2821,1.);
#491=CIRCLE('',#2823,28.7);
#492=CIRCLE('',#2825,1.);
#493=CIRCLE('',#2828,2.);
#494=CIRCLE('',#2831,2.5);
#495=CIRCLE('',#2832,0.5);
#496=CIRCLE('',#2834,0.500000000000002);
#497=CIRCLE('',#2835,0.5);
#498=CIRCLE('',#2836,0.5);
#499=CIRCLE('',#2838,0.5);
#500=CIRCLE('',#2839,29.2);
#501=CIRCLE('',#2840,0.5);
#502=CIRCLE('',#2841,0.5);
#503=CIRCLE('',#2843,0.500000000000002);
#504=CIRCLE('',#2845,2.5);
#505=CIRCLE('',#2847,1.);
#506=CIRCLE('',#2848,1.);
#507=CIRCLE('',#2849,0.500000000000002);
#508=CIRCLE('',#2851,0.5);
#509=CIRCLE('',#2854,0.500000000000003);
#510=CIRCLE('',#2856,0.499999999999998);
#511=CIRCLE('',#2857,2.5);
#512=CIRCLE('',#2858,2.35355339059327);
#513=CIRCLE('',#2860,0.499999999999997);
#514=CIRCLE('',#2862,0.499999999999998);
#515=CIRCLE('',#2863,2.5);
#516=CIRCLE('',#2864,2.35355339059327);
#517=CIRCLE('',#2866,0.499999999999993);
#518=CIRCLE('',#2868,0.5);
#519=CIRCLE('',#2869,2.50000000000001);
#520=CIRCLE('',#2870,2.35355339059328);
#521=CIRCLE('',#2872,0.499999999999996);
#522=CIRCLE('',#2874,0.5);
#523=CIRCLE('',#2875,2.49999999999999);
#524=CIRCLE('',#2876,2.35355339059327);
#525=CIRCLE('',#2878,0.500000000000002);
#526=CIRCLE('',#2879,0.499999999999999);
#527=CIRCLE('',#2884,1.5);
#528=CIRCLE('',#2887,1.5);
#529=CIRCLE('',#2890,28.5);
#530=CIRCLE('',#2891,28.5);
#531=CIRCLE('',#2893,0.75);
#532=CIRCLE('',#2896,2.5);
#533=CIRCLE('',#2899,2.5);
#534=CIRCLE('',#2901,3.80901699437495);
#535=CIRCLE('',#2903,3.80901699437495);
#536=CIRCLE('',#2904,3.80901699437495);
#537=CIRCLE('',#2906,3.80901699437495);
#538=CIRCLE('',#2907,0.49999999999998);
#539=CIRCLE('',#2908,3.361803398875);
#540=CIRCLE('',#2909,0.499999999999998);
#541=CIRCLE('',#2911,0.5);
#542=CIRCLE('',#2912,0.5);
#543=CIRCLE('',#2913,0.5);
#544=CIRCLE('',#2914,1.);
#545=CIRCLE('',#2915,0.5);
#546=CIRCLE('',#2917,0.5);
#547=CIRCLE('',#2918,28.5);
#548=CIRCLE('',#2919,29.);
#549=CIRCLE('',#2920,0.5);
#550=CIRCLE('',#2921,0.75);
#551=CIRCLE('',#2922,0.25);
#552=CIRCLE('',#2924,0.5);
#553=CIRCLE('',#2926,0.5);
#554=CIRCLE('',#2927,2.49999999999999);
#555=CIRCLE('',#2928,1.99999999999999);
#556=CIRCLE('',#2930,0.5);
#557=CIRCLE('',#2932,0.5);
#558=CIRCLE('',#2933,2.50000000000001);
#559=CIRCLE('',#2934,2.00000000000001);
#560=CIRCLE('',#2936,0.5);
#561=CIRCLE('',#2938,0.5);
#562=CIRCLE('',#2939,2.);
#563=CIRCLE('',#2941,0.5);
#564=CIRCLE('',#2943,0.5);
#565=CIRCLE('',#2944,2.);
#566=CIRCLE('',#2946,0.5);
#567=CIRCLE('',#2947,0.5);
#568=CIRCLE('',#2948,0.25);
#569=CIRCLE('',#2950,0.5);
#570=CIRCLE('',#2951,29.);
#571=CIRCLE('',#2952,0.5);
#572=CIRCLE('',#2953,1.);
#573=CIRCLE('',#2954,0.5);
#574=CIRCLE('',#2956,0.5);
#575=CIRCLE('',#2959,1.);
#576=CIRCLE('',#2961,28.5);
#577=CIRCLE('',#2968,3.80901699437495);
#578=CIRCLE('',#2969,0.499999999999989);
#579=CIRCLE('',#2970,3.361803398875);
#580=CIRCLE('',#2971,3.361803398875);
#581=CIRCLE('',#2972,0.5);
#582=CIRCLE('',#2973,3.80901699437495);
#583=CIRCLE('',#2978,1.49999999999999);
#584=CIRCLE('',#2979,1.50000000000001);
#585=CIRCLE('',#2980,1.);
#586=CIRCLE('',#2981,0.499999999999998);
#587=CIRCLE('',#2987,0.25);
#588=CIRCLE('',#2993,0.25);
#589=CIRCLE('',#2995,0.25);
#590=CIRCLE('',#3001,0.25);
#591=CIRCLE('',#3004,0.25);
#592=CIRCLE('',#3007,0.25);
#593=CIRCLE('',#3011,0.25);
#594=CIRCLE('',#3017,0.25);
#595=CIRCLE('',#3032,0.25);
#596=CIRCLE('',#3033,0.25);
#597=CIRCLE('',#3036,0.25);
#598=CIRCLE('',#3038,0.25);
#599=CIRCLE('',#3040,0.25);
#600=CIRCLE('',#3041,0.25);
#601=CIRCLE('',#3044,0.25);
#602=CIRCLE('',#3046,0.25);
#603=CIRCLE('',#3048,0.25);
#604=CIRCLE('',#3049,0.25);
#605=CIRCLE('',#3051,0.25);
#606=CIRCLE('',#3054,0.25);
#607=CIRCLE('',#3056,0.25);
#608=CIRCLE('',#3057,0.25);
#609=CIRCLE('',#3059,0.25);
#610=CIRCLE('',#3062,0.25);
#611=CIRCLE('',#3077,3.);
#612=CIRCLE('',#3079,3.);
#613=CIRCLE('',#3081,1.625);
#614=CIRCLE('',#3083,1.625);
#615=CIRCLE('',#3085,1.625);
#616=CIRCLE('',#3087,1.625);
#617=CIRCLE('',#3090,1.);
#618=CIRCLE('',#3092,1.);
#619=CIRCLE('',#3096,0.499999999999998);
#620=LINE('',#3972,#845);
#621=LINE('',#3975,#846);
#622=LINE('',#3986,#847);
#623=LINE('',#3987,#848);
#624=LINE('',#4026,#849);
#625=LINE('',#4027,#850);
#626=LINE('',#4053,#851);
#627=LINE('',#4054,#852);
#628=LINE('',#4057,#853);
#629=LINE('',#4059,#854);
#630=LINE('',#4061,#855);
#631=LINE('',#4063,#856);
#632=LINE('',#4067,#857);
#633=LINE('',#4069,#858);
#634=LINE('',#4071,#859);
#635=LINE('',#4073,#860);
#636=LINE('',#4077,#861);
#637=LINE('',#4078,#862);
#638=LINE('',#4081,#863);
#639=LINE('',#4084,#864);
#640=LINE('',#4087,#865);
#641=LINE('',#4088,#866);
#642=LINE('',#4091,#867);
#643=LINE('',#4095,#868);
#644=LINE('',#4099,#869);
#645=LINE('',#4103,#870);
#646=LINE('',#4104,#871);
#647=LINE('',#4107,#872);
#648=LINE('',#4109,#873);
#649=LINE('',#4113,#874);
#650=LINE('',#4114,#875);
#651=LINE('',#4127,#876);
#652=LINE('',#4159,#877);
#653=LINE('',#4169,#878);
#654=LINE('',#4171,#879);
#655=LINE('',#4175,#880);
#656=LINE('',#4179,#881);
#657=LINE('',#4180,#882);
#658=LINE('',#4242,#883);
#659=LINE('',#4243,#884);
#660=LINE('',#4254,#885);
#661=LINE('',#4255,#886);
#662=LINE('',#4279,#887);
#663=LINE('',#4281,#888);
#664=LINE('',#4285,#889);
#665=LINE('',#4301,#890);
#666=LINE('',#4312,#891);
#667=LINE('',#4313,#892);
#668=LINE('',#4324,#893);
#669=LINE('',#4325,#894);
#670=LINE('',#4498,#895);
#671=LINE('',#4500,#896);
#672=LINE('',#4501,#897);
#673=LINE('',#4504,#898);
#674=LINE('',#4508,#899);
#675=LINE('',#4509,#900);
#676=LINE('',#4512,#901);
#677=LINE('',#4515,#902);
#678=LINE('',#4518,#903);
#679=LINE('',#4522,#904);
#680=LINE('',#4526,#905);
#681=LINE('',#4530,#906);
#682=LINE('',#4531,#907);
#683=LINE('',#4534,#908);
#684=LINE('',#4538,#909);
#685=LINE('',#4539,#910);
#686=LINE('',#4542,#911);
#687=LINE('',#4550,#912);
#688=LINE('',#4558,#913);
#689=LINE('',#4599,#914);
#690=LINE('',#4602,#915);
#691=LINE('',#4647,#916);
#692=LINE('',#4648,#917);
#693=LINE('',#4659,#918);
#694=LINE('',#4660,#919);
#695=LINE('',#4695,#920);
#696=LINE('',#4697,#921);
#697=LINE('',#4699,#922);
#698=LINE('',#4707,#923);
#699=LINE('',#4715,#924);
#700=LINE('',#4756,#925);
#701=LINE('',#4757,#926);
#702=LINE('',#4760,#927);
#703=LINE('',#4761,#928);
#704=LINE('',#4763,#929);
#705=LINE('',#4765,#930);
#706=LINE('',#4766,#931);
#707=LINE('',#4768,#932);
#708=LINE('',#4769,#933);
#709=LINE('',#4772,#934);
#710=LINE('',#4776,#935);
#711=LINE('',#4778,#936);
#712=LINE('',#4780,#937);
#713=LINE('',#4782,#938);
#714=LINE('',#4784,#939);
#715=LINE('',#4787,#940);
#716=LINE('',#4794,#941);
#717=LINE('',#4810,#942);
#718=LINE('',#4814,#943);
#719=LINE('',#4819,#944);
#720=LINE('',#4822,#945);
#721=LINE('',#4824,#946);
#722=LINE('',#4825,#947);
#723=LINE('',#4833,#948);
#724=LINE('',#4836,#949);
#725=LINE('',#4839,#950);
#726=LINE('',#4841,#951);
#727=LINE('',#4842,#952);
#728=LINE('',#4844,#953);
#729=LINE('',#4846,#954);
#730=LINE('',#4850,#955);
#731=LINE('',#4857,#956);
#732=LINE('',#4860,#957);
#733=LINE('',#4863,#958);
#734=LINE('',#4865,#959);
#735=LINE('',#4866,#960);
#736=LINE('',#4868,#961);
#737=LINE('',#4870,#962);
#738=LINE('',#4874,#963);
#739=LINE('',#4881,#964);
#740=LINE('',#4884,#965);
#741=LINE('',#4887,#966);
#742=LINE('',#4889,#967);
#743=LINE('',#4890,#968);
#744=LINE('',#4893,#969);
#745=LINE('',#4895,#970);
#746=LINE('',#4897,#971);
#747=LINE('',#4901,#972);
#748=LINE('',#4908,#973);
#749=LINE('',#4911,#974);
#750=LINE('',#4914,#975);
#751=LINE('',#4916,#976);
#752=LINE('',#4917,#977);
#753=LINE('',#4919,#978);
#754=LINE('',#4921,#979);
#755=LINE('',#4923,#980);
#756=LINE('',#4927,#981);
#757=LINE('',#4931,#982);
#758=LINE('',#4932,#983);
#759=LINE('',#4935,#984);
#760=LINE('',#4936,#985);
#761=LINE('',#4938,#986);
#762=LINE('',#4941,#987);
#763=LINE('',#4942,#988);
#764=LINE('',#4945,#989);
#765=LINE('',#4946,#990);
#766=LINE('',#4948,#991);
#767=LINE('',#4949,#992);
#768=LINE('',#4952,#993);
#769=LINE('',#4953,#994);
#770=LINE('',#4957,#995);
#771=LINE('',#4958,#996);
#772=LINE('',#4960,#997);
#773=LINE('',#4962,#998);
#774=LINE('',#4964,#999);
#775=LINE('',#4965,#1000);
#776=LINE('',#4968,#1001);
#777=LINE('',#4974,#1002);
#778=LINE('',#4977,#1003);
#779=LINE('',#4980,#1004);
#780=LINE('',#4982,#1005);
#781=LINE('',#4983,#1006);
#782=LINE('',#4985,#1007);
#783=LINE('',#4987,#1008);
#784=LINE('',#4991,#1009);
#785=LINE('',#4998,#1010);
#786=LINE('',#5001,#1011);
#787=LINE('',#5004,#1012);
#788=LINE('',#5006,#1013);
#789=LINE('',#5007,#1014);
#790=LINE('',#5009,#1015);
#791=LINE('',#5011,#1016);
#792=LINE('',#5015,#1017);
#793=LINE('',#5022,#1018);
#794=LINE('',#5025,#1019);
#795=LINE('',#5028,#1020);
#796=LINE('',#5032,#1021);
#797=LINE('',#5033,#1022);
#798=LINE('',#5035,#1023);
#799=LINE('',#5036,#1024);
#800=LINE('',#5039,#1025);
#801=LINE('',#5040,#1026);
#802=LINE('',#5044,#1027);
#803=LINE('',#5050,#1028);
#804=LINE('',#5053,#1029);
#805=LINE('',#5056,#1030);
#806=LINE('',#5060,#1031);
#807=LINE('',#5062,#1032);
#808=LINE('',#5063,#1033);
#809=LINE('',#5066,#1034);
#810=LINE('',#5067,#1035);
#811=LINE('',#5071,#1036);
#812=LINE('',#5073,#1037);
#813=LINE('',#5075,#1038);
#814=LINE('',#5078,#1039);
#815=LINE('',#5079,#1040);
#816=LINE('',#5081,#1041);
#817=LINE('',#5082,#1042);
#818=LINE('',#5085,#1043);
#819=LINE('',#5086,#1044);
#820=LINE('',#5089,#1045);
#821=LINE('',#5090,#1046);
#822=LINE('',#5095,#1047);
#823=LINE('',#5096,#1048);
#824=LINE('',#5099,#1049);
#825=LINE('',#5100,#1050);
#826=LINE('',#5102,#1051);
#827=LINE('',#5104,#1052);
#828=LINE('',#5105,#1053);
#829=LINE('',#5106,#1054);
#830=LINE('',#5108,#1055);
#831=LINE('',#5146,#1056);
#832=LINE('',#5180,#1057);
#833=LINE('',#5191,#1058);
#834=LINE('',#5195,#1059);
#835=LINE('',#5199,#1060);
#836=LINE('',#5202,#1061);
#837=LINE('',#5205,#1062);
#838=LINE('',#5208,#1063);
#839=LINE('',#5211,#1064);
#840=LINE('',#5212,#1065);
#841=LINE('',#5214,#1066);
#842=LINE('',#5215,#1067);
#843=LINE('',#5219,#1068);
#844=LINE('',#5221,#1069);
#845=VECTOR('',#3104,10.);
#846=VECTOR('',#3107,10.);
#847=VECTOR('',#3120,10.);
#848=VECTOR('',#3121,10.);
#849=VECTOR('',#3146,10.);
#850=VECTOR('',#3147,10.);
#851=VECTOR('',#3158,10.);
#852=VECTOR('',#3159,10.);
#853=VECTOR('',#3162,10.);
#854=VECTOR('',#3163,10.);
#855=VECTOR('',#3164,10.);
#856=VECTOR('',#3165,10.);
#857=VECTOR('',#3168,10.);
#858=VECTOR('',#3169,10.);
#859=VECTOR('',#3170,10.);
#860=VECTOR('',#3171,10.);
#861=VECTOR('',#3176,10.);
#862=VECTOR('',#3177,10.);
#863=VECTOR('',#3180,10.);
#864=VECTOR('',#3183,10.);
#865=VECTOR('',#3186,10.);
#866=VECTOR('',#3187,10.);
#867=VECTOR('',#3190,10.);
#868=VECTOR('',#3195,10.);
#869=VECTOR('',#3200,10.);
#870=VECTOR('',#3205,10.);
#871=VECTOR('',#3206,10.);
#872=VECTOR('',#3209,10.);
#873=VECTOR('',#3210,10.);
#874=VECTOR('',#3215,10.);
#875=VECTOR('',#3216,10.);
#876=VECTOR('',#3227,10.);
#877=VECTOR('',#3246,10.);
#878=VECTOR('',#3253,10.);
#879=VECTOR('',#3254,10.);
#880=VECTOR('',#3257,10.);
#881=VECTOR('',#3260,10.);
#882=VECTOR('',#3261,10.);
#883=VECTOR('',#3274,10.);
#884=VECTOR('',#3275,10.);
#885=VECTOR('',#3288,10.);
#886=VECTOR('',#3289,10.);
#887=VECTOR('',#3300,10.);
#888=VECTOR('',#3301,10.);
#889=VECTOR('',#3304,10.);
#890=VECTOR('',#3305,10.);
#891=VECTOR('',#3318,10.);
#892=VECTOR('',#3319,10.);
#893=VECTOR('',#3332,10.);
#894=VECTOR('',#3333,10.);
#895=VECTOR('',#3342,10.);
#896=VECTOR('',#3343,10.);
#897=VECTOR('',#3344,10.);
#898=VECTOR('',#3347,10.);
#899=VECTOR('',#3352,10.);
#900=VECTOR('',#3353,10.);
#901=VECTOR('',#3356,10.);
#902=VECTOR('',#3361,10.);
#903=VECTOR('',#3364,10.);
#904=VECTOR('',#3367,10.);
#905=VECTOR('',#3372,10.);
#906=VECTOR('',#3377,10.);
#907=VECTOR('',#3378,10.);
#908=VECTOR('',#3381,10.);
#909=VECTOR('',#3386,10.);
#910=VECTOR('',#3387,10.);
#911=VECTOR('',#3390,10.);
#912=VECTOR('',#3391,10.);
#913=VECTOR('',#3402,10.);
#914=VECTOR('',#3419,10.);
#915=VECTOR('',#3422,10.);
#916=VECTOR('',#3447,10.);
#917=VECTOR('',#3448,10.);
#918=VECTOR('',#3461,10.);
#919=VECTOR('',#3462,10.);
#920=VECTOR('',#3473,10.);
#921=VECTOR('',#3474,10.);
#922=VECTOR('',#3477,10.);
#923=VECTOR('',#3488,10.);
#924=VECTOR('',#3499,10.);
#925=VECTOR('',#3520,10.);
#926=VECTOR('',#3521,10.);
#927=VECTOR('',#3524,10.);
#928=VECTOR('',#3525,10.);
#929=VECTOR('',#3526,10.);
#930=VECTOR('',#3527,10.);
#931=VECTOR('',#3528,10.);
#932=VECTOR('',#3529,10.);
#933=VECTOR('',#3530,10.);
#934=VECTOR('',#3533,10.);
#935=VECTOR('',#3540,10.);
#936=VECTOR('',#3543,10.);
#937=VECTOR('',#3546,10.);
#938=VECTOR('',#3549,10.);
#939=VECTOR('',#3552,10.);
#940=VECTOR('',#3555,10.);
#941=VECTOR('',#3556,10.);
#942=VECTOR('',#3579,10.);
#943=VECTOR('',#3582,10.);
#944=VECTOR('',#3587,10.);
#945=VECTOR('',#3592,10.);
#946=VECTOR('',#3595,10.);
#947=VECTOR('',#3596,10.);
#948=VECTOR('',#3605,10.);
#949=VECTOR('',#3608,10.);
#950=VECTOR('',#3611,10.);
#951=VECTOR('',#3612,10.);
#952=VECTOR('',#3613,10.);
#953=VECTOR('',#3616,10.);
#954=VECTOR('',#3617,10.);
#955=VECTOR('',#3622,10.);
#956=VECTOR('',#3629,10.);
#957=VECTOR('',#3632,10.);
#958=VECTOR('',#3635,10.);
#959=VECTOR('',#3636,10.);
#960=VECTOR('',#3637,10.);
#961=VECTOR('',#3640,10.);
#962=VECTOR('',#3641,10.);
#963=VECTOR('',#3646,10.);
#964=VECTOR('',#3653,10.);
#965=VECTOR('',#3656,10.);
#966=VECTOR('',#3659,10.);
#967=VECTOR('',#3660,10.);
#968=VECTOR('',#3661,10.);
#969=VECTOR('',#3664,10.);
#970=VECTOR('',#3665,10.);
#971=VECTOR('',#3666,10.);
#972=VECTOR('',#3671,10.);
#973=VECTOR('',#3678,10.);
#974=VECTOR('',#3681,10.);
#975=VECTOR('',#3684,10.);
#976=VECTOR('',#3685,10.);
#977=VECTOR('',#3686,10.);
#978=VECTOR('',#3689,10.);
#979=VECTOR('',#3690,10.);
#980=VECTOR('',#3691,10.);
#981=VECTOR('',#3696,10.);
#982=VECTOR('',#3701,10.);
#983=VECTOR('',#3702,10.);
#984=VECTOR('',#3705,10.);
#985=VECTOR('',#3706,10.);
#986=VECTOR('',#3709,10.);
#987=VECTOR('',#3712,10.);
#988=VECTOR('',#3713,10.);
#989=VECTOR('',#3716,10.);
#990=VECTOR('',#3717,10.);
#991=VECTOR('',#3720,10.);
#992=VECTOR('',#3721,10.);
#993=VECTOR('',#3724,10.);
#994=VECTOR('',#3725,10.);
#995=VECTOR('',#3730,10.);
#996=VECTOR('',#3731,10.);
#997=VECTOR('',#3734,10.);
#998=VECTOR('',#3737,10.);
#999=VECTOR('',#3738,10.);
#1000=VECTOR('',#3739,10.);
#1001=VECTOR('',#3744,10.);
#1002=VECTOR('',#3749,10.);
#1003=VECTOR('',#3752,10.);
#1004=VECTOR('',#3755,10.);
#1005=VECTOR('',#3756,10.);
#1006=VECTOR('',#3757,10.);
#1007=VECTOR('',#3760,10.);
#1008=VECTOR('',#3761,10.);
#1009=VECTOR('',#3766,10.);
#1010=VECTOR('',#3773,10.);
#1011=VECTOR('',#3776,10.);
#1012=VECTOR('',#3779,10.);
#1013=VECTOR('',#3780,10.);
#1014=VECTOR('',#3781,10.);
#1015=VECTOR('',#3784,10.);
#1016=VECTOR('',#3785,10.);
#1017=VECTOR('',#3790,10.);
#1018=VECTOR('',#3797,10.);
#1019=VECTOR('',#3800,10.);
#1020=VECTOR('',#3803,10.);
#1021=VECTOR('',#3806,10.);
#1022=VECTOR('',#3807,10.);
#1023=VECTOR('',#3808,10.);
#1024=VECTOR('',#3809,10.);
#1025=VECTOR('',#3812,10.);
#1026=VECTOR('',#3813,10.);
#1027=VECTOR('',#3818,10.);
#1028=VECTOR('',#3823,10.);
#1029=VECTOR('',#3826,10.);
#1030=VECTOR('',#3829,10.);
#1031=VECTOR('',#3832,10.);
#1032=VECTOR('',#3833,10.);
#1033=VECTOR('',#3834,10.);
#1034=VECTOR('',#3837,10.);
#1035=VECTOR('',#3838,10.);
#1036=VECTOR('',#3843,10.);
#1037=VECTOR('',#3846,10.);
#1038=VECTOR('',#3849,10.);
#1039=VECTOR('',#3852,10.);
#1040=VECTOR('',#3853,10.);
#1041=VECTOR('',#3856,10.);
#1042=VECTOR('',#3857,10.);
#1043=VECTOR('',#3860,10.);
#1044=VECTOR('',#3861,10.);
#1045=VECTOR('',#3864,10.);
#1046=VECTOR('',#3865,10.);
#1047=VECTOR('',#3872,10.);
#1048=VECTOR('',#3873,10.);
#1049=VECTOR('',#3876,10.);
#1050=VECTOR('',#3877,10.);
#1051=VECTOR('',#3880,10.);
#1052=VECTOR('',#3883,10.);
#1053=VECTOR('',#3884,10.);
#1054=VECTOR('',#3885,10.);
#1055=VECTOR('',#3888,10.);
#1056=VECTOR('',#3891,3.25000000000001);
#1057=VECTOR('',#3896,3.25000000000001);
#1058=VECTOR('',#3911,1.625);
#1059=VECTOR('',#3916,1.625);
#1060=VECTOR('',#3921,10.);
#1061=VECTOR('',#3924,10.);
#1062=VECTOR('',#3927,10.);
#1063=VECTOR('',#3930,10.);
#1064=VECTOR('',#3933,10.);
#1065=VECTOR('',#3934,10.);
#1066=VECTOR('',#3937,10.);
#1067=VECTOR('',#3938,10.);
#1068=VECTOR('',#3945,10.);
#1069=VECTOR('',#3948,10.);
#1070=B_SPLINE_CURVE_WITH_KNOTS('',3,(#3955,#3956,#3957,#3958,#3959,#3960,
#3961,#3962,#3963,#3964,#3965,#3966,#3967,#3968,#3969,#3970),
 .UNSPECIFIED.,.F.,.F.,(4,2,2,2,2,2,2,4),(0.205719142749746,0.228263643988916,
0.2395358946085,0.250808145228085,0.260724772295652,0.270641399363218,0.289610056743919,
0.308578714124619),.UNSPECIFIED.);
#1071=B_SPLINE_CURVE_WITH_KNOTS('',3,(#4037,#4038,#4039,#4040,#4041,#4042,
#4043,#4044,#4045,#4046,#4047,#4048,#4049,#4050,#4051,#4052),
 .UNSPECIFIED.,.F.,.F.,(4,2,2,2,2,2,2,4),(0.102859571374872,0.121828228755573,
0.140796886136273,0.15071351320384,0.160630140271407,0.171902390890991,
0.183174641510576,0.205719142749745),.UNSPECIFIED.);
#1072=B_SPLINE_CURVE_WITH_KNOTS('',3,(#4117,#4118,#4119,#4120),
 .UNSPECIFIED.,.F.,.F.,(4,4),(0.33772279043633,0.489471700973134),
 .UNSPECIFIED.);
#1073=B_SPLINE_CURVE_WITH_KNOTS('',3,(#4162,#4163,#4164,#4165),
 .UNSPECIFIED.,.F.,.F.,(4,4),(0.,0.151748910536805),.UNSPECIFIED.);
#1074=B_SPLINE_CURVE_WITH_KNOTS('',3,(#4265,#4266,#4267,#4268,#4269,#4270,
#4271,#4272,#4273,#4274,#4275,#4276,#4277,#4278),.UNSPECIFIED.,.F.,.F.,
(4,2,2,2,2,2,4),(-0.0645292090323582,-0.0590128023031688,-0.04440030996529,
-0.029506401151696,-0.0146124923381171,0.,0.00551640672934078),
 .UNSPECIFIED.);
#1075=B_SPLINE_CURVE_WITH_KNOTS('',3,(#4287,#4288,#4289,#4290,#4291,#4292,
#4293,#4294,#4295,#4296,#4297,#4298,#4299,#4300),.UNSPECIFIED.,.F.,.F.,
(4,2,2,2,2,2,4),(-0.0645292091520436,-0.059012802369602,-0.0444003100143052,
-0.0295064011823757,-0.0146124923530468,0.,0.00551640678396912),
 .UNSPECIFIED.);
#1076=B_SPLINE_CURVE_WITH_KNOTS('',3,(#4410,#4411,#4412,#4413,#4414,#4415,
#4416,#4417,#4418,#4419,#4420,#4421,#4422,#4423,#4424,#4425,#4426,#4427,
#4428,#4429),.UNSPECIFIED.,.F.,.F.,(4,2,2,2,2,2,2,2,2,4),(0.,0.1031097383181,
0.139636521090715,0.153565032244951,0.161847915136946,0.168259669377665,
0.174777506596233,0.184023377279617,0.198765197181494,0.21713215927809),
 .UNSPECIFIED.);
#1077=B_SPLINE_CURVE_WITH_KNOTS('',3,(#4430,#4431,#4432,#4433),
 .UNSPECIFIED.,.F.,.F.,(4,4),(0.235431198537769,0.350475092202887),
 .UNSPECIFIED.);
#1078=B_SPLINE_CURVE_WITH_KNOTS('',3,(#4434,#4435,#4436,#4437),
 .UNSPECIFIED.,.F.,.F.,(4,4),(-0.350475092202887,-0.133418433173305),
 .UNSPECIFIED.);
#1079=B_SPLINE_CURVE_WITH_KNOTS('',3,(#4468,#4469,#4470,#4471,#4472,#4473,
#4474,#4475,#4476,#4477,#4478,#4479,#4480,#4481,#4482,#4483,#4484,#4485,
#4486,#4487),.UNSPECIFIED.,.F.,.F.,(4,2,2,2,2,2,2,2,2,4),(0.,0.0310541224037126,
0.0497100757336885,0.06087793186859,0.0697977130098485,0.0790685305136196,
0.0926516917187612,0.119761148176694,0.181935198265521,0.245611916385075),
 .UNSPECIFIED.);
#1080=B_SPLINE_CURVE_WITH_KNOTS('',3,(#4488,#4489,#4490,#4491),
 .UNSPECIFIED.,.F.,.F.,(4,4),(0.133418433173305,0.350475092202891),
 .UNSPECIFIED.);
#1081=B_SPLINE_CURVE_WITH_KNOTS('',3,(#4492,#4493,#4494,#4495),
 .UNSPECIFIED.,.F.,.F.,(4,4),(-0.350475092202891,-0.235431198537771),
 .UNSPECIFIED.);
#1082=B_SPLINE_CURVE_WITH_KNOTS('',3,(#4544,#4545,#4546,#4547,#4548),
 .UNSPECIFIED.,.F.,.F.,(4,1,4),(1.31087122986681E-16,0.139699509315766,
0.325965521736788),.UNSPECIFIED.);
#1083=B_SPLINE_CURVE_WITH_KNOTS('',3,(#4562,#4563,#4564,#4565,#4566,#4567,
#4568,#4569,#4570,#4571,#4572,#4573,#4574,#4575,#4576,#4577,#4578,#4579,
#4580,#4581,#4582,#4583,#4584,#4585,#4586,#4587),.UNSPECIFIED.,.F.,.F.,
(4,2,2,2,2,2,2,2,2,2,2,2,4),(-0.299939808330219,-0.29839217417686,-0.249856121659856,
-0.207489320134089,-0.183631339521728,-0.163292689409667,-0.149196086953243,
-0.135099484496822,-0.114760834384714,-0.0909028537722439,-0.0485360522466376,
0.,0.00154763417559662),.UNSPECIFIED.);
#1084=B_SPLINE_CURVE_WITH_KNOTS('',3,(#4669,#4670,#4671,#4672,#4673,#4674,
#4675,#4676,#4677,#4678,#4679,#4680,#4681,#4682,#4683,#4684,#4685,#4686,
#4687,#4688,#4689,#4690,#4691,#4692,#4693,#4694),.UNSPECIFIED.,.F.,.F.,
(4,2,2,2,2,2,2,2,2,2,2,2,4),(-0.299939820174727,-0.298392185859216,-0.249856132184594,
-0.207489328687708,-0.183631346965324,-0.163292695907083,-0.149196092794805,
-0.135099489682447,-0.11476083862393,-0.0909028569013713,-0.048536053404288,
0.,0.0015476343378901),.UNSPECIFIED.);
#1085=B_SPLINE_CURVE_WITH_KNOTS('',3,(#4789,#4790,#4791,#4792,#4793),
 .UNSPECIFIED.,.F.,.F.,(4,1,4),(1.35898259134601E-16,0.139699509315779,
0.325965521736817),.UNSPECIFIED.);
#1086=B_SPLINE_CURVE_WITH_KNOTS('',3,(#5135,#5136,#5137,#5138),
 .UNSPECIFIED.,.F.,.F.,(4,4),(-0.325965521736788,-0.162971518466373),
 .UNSPECIFIED.);
#1087=B_SPLINE_CURVE_WITH_KNOTS('',3,(#5139,#5140,#5141,#5142,#5143),
 .UNSPECIFIED.,.F.,.F.,(4,1,4),(-0.162971518466373,-0.139699509315766,-1.31087122986681E-16),
 .UNSPECIFIED.);
#1088=B_SPLINE_CURVE_WITH_KNOTS('',3,(#5173,#5174,#5175,#5176,#5177),
 .UNSPECIFIED.,.F.,.F.,(4,1,4),(-0.325965521736817,-0.139699509315779,-1.35898259134601E-16),
 .UNSPECIFIED.);
#1089=VERTEX_POINT('',#3953);
#1090=VERTEX_POINT('',#3954);
#1091=VERTEX_POINT('',#3971);
#1092=VERTEX_POINT('',#3973);
#1093=VERTEX_POINT('',#3977);
#1094=VERTEX_POINT('',#3978);
#1095=VERTEX_POINT('',#3983);
#1096=VERTEX_POINT('',#3984);
#1097=VERTEX_POINT('',#3997);
#1098=VERTEX_POINT('',#3998);
#1099=VERTEX_POINT('',#4003);
#1100=VERTEX_POINT('',#4004);
#1101=VERTEX_POINT('',#4017);
#1102=VERTEX_POINT('',#4018);
#1103=VERTEX_POINT('',#4023);
#1104=VERTEX_POINT('',#4024);
#1105=VERTEX_POINT('',#4029);
#1106=VERTEX_POINT('',#4030);
#1107=VERTEX_POINT('',#4035);
#1108=VERTEX_POINT('',#4036);
#1109=VERTEX_POINT('',#4056);
#1110=VERTEX_POINT('',#4058);
#1111=VERTEX_POINT('',#4060);
#1112=VERTEX_POINT('',#4062);
#1113=VERTEX_POINT('',#4064);
#1114=VERTEX_POINT('',#4066);
#1115=VERTEX_POINT('',#4068);
#1116=VERTEX_POINT('',#4070);
#1117=VERTEX_POINT('',#4072);
#1118=VERTEX_POINT('',#4076);
#1119=VERTEX_POINT('',#4080);
#1120=VERTEX_POINT('',#4082);
#1121=VERTEX_POINT('',#4086);
#1122=VERTEX_POINT('',#4090);
#1123=VERTEX_POINT('',#4094);
#1124=VERTEX_POINT('',#4098);
#1125=VERTEX_POINT('',#4102);
#1126=VERTEX_POINT('',#4106);
#1127=VERTEX_POINT('',#4108);
#1128=VERTEX_POINT('',#4112);
#1129=VERTEX_POINT('',#4116);
#1130=VERTEX_POINT('',#4121);
#1131=VERTEX_POINT('',#4125);
#1132=VERTEX_POINT('',#4137);
#1133=VERTEX_POINT('',#4141);
#1134=VERTEX_POINT('',#4153);
#1135=VERTEX_POINT('',#4157);
#1136=VERTEX_POINT('',#4161);
#1137=VERTEX_POINT('',#4168);
#1138=VERTEX_POINT('',#4170);
#1139=VERTEX_POINT('',#4172);
#1140=VERTEX_POINT('',#4174);
#1141=VERTEX_POINT('',#4176);
#1142=VERTEX_POINT('',#4178);
#1143=VERTEX_POINT('',#4230);
#1144=VERTEX_POINT('',#4231);
#1145=VERTEX_POINT('',#4233);
#1146=VERTEX_POINT('',#4235);
#1147=VERTEX_POINT('',#4239);
#1148=VERTEX_POINT('',#4240);
#1149=VERTEX_POINT('',#4245);
#1150=VERTEX_POINT('',#4246);
#1151=VERTEX_POINT('',#4251);
#1152=VERTEX_POINT('',#4252);
#1153=VERTEX_POINT('',#4257);
#1154=VERTEX_POINT('',#4258);
#1155=VERTEX_POINT('',#4263);
#1156=VERTEX_POINT('',#4264);
#1157=VERTEX_POINT('',#4280);
#1158=VERTEX_POINT('',#4282);
#1159=VERTEX_POINT('',#4284);
#1160=VERTEX_POINT('',#4286);
#1161=VERTEX_POINT('',#4303);
#1162=VERTEX_POINT('',#4304);
#1163=VERTEX_POINT('',#4309);
#1164=VERTEX_POINT('',#4310);
#1165=VERTEX_POINT('',#4315);
#1166=VERTEX_POINT('',#4316);
#1167=VERTEX_POINT('',#4321);
#1168=VERTEX_POINT('',#4322);
#1169=VERTEX_POINT('',#4375);
#1170=VERTEX_POINT('',#4376);
#1171=VERTEX_POINT('',#4408);
#1172=VERTEX_POINT('',#4409);
#1173=VERTEX_POINT('',#4466);
#1174=VERTEX_POINT('',#4467);
#1175=VERTEX_POINT('',#4497);
#1176=VERTEX_POINT('',#4499);
#1177=VERTEX_POINT('',#4503);
#1178=VERTEX_POINT('',#4507);
#1179=VERTEX_POINT('',#4511);
#1180=VERTEX_POINT('',#4517);
#1181=VERTEX_POINT('',#4519);
#1182=VERTEX_POINT('',#4521);
#1183=VERTEX_POINT('',#4525);
#1184=VERTEX_POINT('',#4529);
#1185=VERTEX_POINT('',#4533);
#1186=VERTEX_POINT('',#4537);
#1187=VERTEX_POINT('',#4541);
#1188=VERTEX_POINT('',#4543);
#1189=VERTEX_POINT('',#4549);
#1190=VERTEX_POINT('',#4555);
#1191=VERTEX_POINT('',#4557);
#1192=VERTEX_POINT('',#4561);
#1193=VERTEX_POINT('',#4589);
#1194=VERTEX_POINT('',#4591);
#1195=VERTEX_POINT('',#4595);
#1196=VERTEX_POINT('',#4596);
#1197=VERTEX_POINT('',#4598);
#1198=VERTEX_POINT('',#4600);
#1199=VERTEX_POINT('',#4612);
#1200=VERTEX_POINT('',#4613);
#1201=VERTEX_POINT('',#4618);
#1202=VERTEX_POINT('',#4619);
#1203=VERTEX_POINT('',#4638);
#1204=VERTEX_POINT('',#4639);
#1205=VERTEX_POINT('',#4644);
#1206=VERTEX_POINT('',#4645);
#1207=VERTEX_POINT('',#4650);
#1208=VERTEX_POINT('',#4651);
#1209=VERTEX_POINT('',#4656);
#1210=VERTEX_POINT('',#4657);
#1211=VERTEX_POINT('',#4662);
#1212=VERTEX_POINT('',#4663);
#1213=VERTEX_POINT('',#4668);
#1214=VERTEX_POINT('',#4696);
#1215=VERTEX_POINT('',#4701);
#1216=VERTEX_POINT('',#4705);
#1217=VERTEX_POINT('',#4709);
#1218=VERTEX_POINT('',#4713);
#1219=VERTEX_POINT('',#4731);
#1220=VERTEX_POINT('',#4735);
#1221=VERTEX_POINT('',#4747);
#1222=VERTEX_POINT('',#4748);
#1223=VERTEX_POINT('',#4753);
#1224=VERTEX_POINT('',#4754);
#1225=VERTEX_POINT('',#4759);
#1226=VERTEX_POINT('',#4762);
#1227=VERTEX_POINT('',#4764);
#1228=VERTEX_POINT('',#4767);
#1229=VERTEX_POINT('',#4771);
#1230=VERTEX_POINT('',#4786);
#1231=VERTEX_POINT('',#4788);
#1232=VERTEX_POINT('',#4797);
#1233=VERTEX_POINT('',#4799);
#1234=VERTEX_POINT('',#4801);
#1235=VERTEX_POINT('',#4809);
#1236=VERTEX_POINT('',#4811);
#1237=VERTEX_POINT('',#4813);
#1238=VERTEX_POINT('',#4816);
#1239=VERTEX_POINT('',#4818);
#1240=VERTEX_POINT('',#4829);
#1241=VERTEX_POINT('',#4830);
#1242=VERTEX_POINT('',#4832);
#1243=VERTEX_POINT('',#4834);
#1244=VERTEX_POINT('',#4838);
#1245=VERTEX_POINT('',#4840);
#1246=VERTEX_POINT('',#4845);
#1247=VERTEX_POINT('',#4849);
#1248=VERTEX_POINT('',#4853);
#1249=VERTEX_POINT('',#4854);
#1250=VERTEX_POINT('',#4856);
#1251=VERTEX_POINT('',#4858);
#1252=VERTEX_POINT('',#4862);
#1253=VERTEX_POINT('',#4864);
#1254=VERTEX_POINT('',#4869);
#1255=VERTEX_POINT('',#4873);
#1256=VERTEX_POINT('',#4877);
#1257=VERTEX_POINT('',#4878);
#1258=VERTEX_POINT('',#4880);
#1259=VERTEX_POINT('',#4882);
#1260=VERTEX_POINT('',#4886);
#1261=VERTEX_POINT('',#4888);
#1262=VERTEX_POINT('',#4892);
#1263=VERTEX_POINT('',#4894);
#1264=VERTEX_POINT('',#4896);
#1265=VERTEX_POINT('',#4900);
#1266=VERTEX_POINT('',#4904);
#1267=VERTEX_POINT('',#4905);
#1268=VERTEX_POINT('',#4907);
#1269=VERTEX_POINT('',#4909);
#1270=VERTEX_POINT('',#4913);
#1271=VERTEX_POINT('',#4915);
#1272=VERTEX_POINT('',#4920);
#1273=VERTEX_POINT('',#4922);
#1274=VERTEX_POINT('',#4926);
#1275=VERTEX_POINT('',#4930);
#1276=VERTEX_POINT('',#4934);
#1277=VERTEX_POINT('',#4940);
#1278=VERTEX_POINT('',#4944);
#1279=VERTEX_POINT('',#4951);
#1280=VERTEX_POINT('',#4956);
#1281=VERTEX_POINT('',#4963);
#1282=VERTEX_POINT('',#4970);
#1283=VERTEX_POINT('',#4971);
#1284=VERTEX_POINT('',#4973);
#1285=VERTEX_POINT('',#4975);
#1286=VERTEX_POINT('',#4979);
#1287=VERTEX_POINT('',#4981);
#1288=VERTEX_POINT('',#4986);
#1289=VERTEX_POINT('',#4990);
#1290=VERTEX_POINT('',#4994);
#1291=VERTEX_POINT('',#4995);
#1292=VERTEX_POINT('',#4997);
#1293=VERTEX_POINT('',#4999);
#1294=VERTEX_POINT('',#5003);
#1295=VERTEX_POINT('',#5005);
#1296=VERTEX_POINT('',#5010);
#1297=VERTEX_POINT('',#5014);
#1298=VERTEX_POINT('',#5018);
#1299=VERTEX_POINT('',#5019);
#1300=VERTEX_POINT('',#5021);
#1301=VERTEX_POINT('',#5023);
#1302=VERTEX_POINT('',#5027);
#1303=VERTEX_POINT('',#5029);
#1304=VERTEX_POINT('',#5031);
#1305=VERTEX_POINT('',#5034);
#1306=VERTEX_POINT('',#5038);
#1307=VERTEX_POINT('',#5042);
#1308=VERTEX_POINT('',#5046);
#1309=VERTEX_POINT('',#5047);
#1310=VERTEX_POINT('',#5049);
#1311=VERTEX_POINT('',#5051);
#1312=VERTEX_POINT('',#5055);
#1313=VERTEX_POINT('',#5057);
#1314=VERTEX_POINT('',#5059);
#1315=VERTEX_POINT('',#5061);
#1316=VERTEX_POINT('',#5065);
#1317=VERTEX_POINT('',#5069);
#1318=VERTEX_POINT('',#5077);
#1319=VERTEX_POINT('',#5084);
#1320=VERTEX_POINT('',#5088);
#1321=VERTEX_POINT('',#5094);
#1322=VERTEX_POINT('',#5098);
#1323=VERTEX_POINT('',#5134);
#1324=VERTEX_POINT('',#5145);
#1325=VERTEX_POINT('',#5179);
#1326=VERTEX_POINT('',#5183);
#1327=VERTEX_POINT('',#5186);
#1328=VERTEX_POINT('',#5189);
#1329=VERTEX_POINT('',#5193);
#1330=VERTEX_POINT('',#5198);
#1331=VERTEX_POINT('',#5200);
#1332=VERTEX_POINT('',#5204);
#1333=VERTEX_POINT('',#5206);
#1334=VERTEX_POINT('',#5210);
#1335=EDGE_CURVE('',#1089,#1090,#1070,.T.);
#1336=EDGE_CURVE('',#1090,#1091,#620,.T.);
#1337=EDGE_CURVE('',#1091,#1092,#469,.T.);
#1338=EDGE_CURVE('',#1092,#1089,#621,.T.);
#1339=EDGE_CURVE('',#1093,#1094,#470,.T.);
#1340=EDGE_CURVE('',#1094,#1092,#471,.T.);
#1341=EDGE_CURVE('',#1091,#1093,#472,.T.);
#1342=EDGE_CURVE('',#1095,#1096,#473,.T.);
#1343=EDGE_CURVE('',#1096,#1094,#622,.T.);
#1344=EDGE_CURVE('',#1093,#1095,#623,.T.);
#1345=EDGE_CURVE('',#1097,#1098,#474,.T.);
#1346=EDGE_CURVE('',#1098,#1096,#475,.T.);
#1347=EDGE_CURVE('',#1095,#1097,#476,.T.);
#1348=EDGE_CURVE('',#1099,#1100,#477,.T.);
#1349=EDGE_CURVE('',#1100,#1098,#478,.T.);
#1350=EDGE_CURVE('',#1097,#1099,#479,.T.);
#1351=EDGE_CURVE('',#1101,#1102,#480,.T.);
#1352=EDGE_CURVE('',#1102,#1100,#481,.T.);
#1353=EDGE_CURVE('',#1099,#1101,#482,.T.);
#1354=EDGE_CURVE('',#1103,#1104,#483,.T.);
#1355=EDGE_CURVE('',#1104,#1102,#624,.T.);
#1356=EDGE_CURVE('',#1101,#1103,#625,.T.);
#1357=EDGE_CURVE('',#1105,#1106,#484,.T.);
#1358=EDGE_CURVE('',#1106,#1104,#485,.T.);
#1359=EDGE_CURVE('',#1103,#1105,#486,.T.);
#1360=EDGE_CURVE('',#1107,#1108,#1071,.T.);
#1361=EDGE_CURVE('',#1108,#1106,#626,.T.);
#1362=EDGE_CURVE('',#1105,#1107,#627,.T.);
#1363=EDGE_CURVE('',#1109,#1107,#628,.T.);
#1364=EDGE_CURVE('',#1110,#1109,#629,.T.);
#1365=EDGE_CURVE('',#1111,#1110,#630,.T.);
#1366=EDGE_CURVE('',#1112,#1111,#631,.T.);
#1367=EDGE_CURVE('',#1113,#1112,#487,.T.);
#1368=EDGE_CURVE('',#1113,#1114,#632,.T.);
#1369=EDGE_CURVE('',#1114,#1115,#633,.T.);
#1370=EDGE_CURVE('',#1115,#1116,#634,.T.);
#1371=EDGE_CURVE('',#1116,#1117,#635,.T.);
#1372=EDGE_CURVE('',#1108,#1117,#488,.T.);
#1373=EDGE_CURVE('',#1118,#1105,#636,.T.);
#1374=EDGE_CURVE('',#1109,#1118,#637,.T.);
#1375=EDGE_CURVE('',#1103,#1119,#638,.T.);
#1376=EDGE_CURVE('',#1120,#1119,#489,.T.);
#1377=EDGE_CURVE('',#1120,#1118,#639,.T.);
#1378=EDGE_CURVE('',#1121,#1101,#640,.T.);
#1379=EDGE_CURVE('',#1119,#1121,#641,.T.);
#1380=EDGE_CURVE('',#1122,#1099,#642,.T.);
#1381=EDGE_CURVE('',#1121,#1122,#490,.T.);
#1382=EDGE_CURVE('',#1123,#1097,#643,.T.);
#1383=EDGE_CURVE('',#1122,#1123,#491,.T.);
#1384=EDGE_CURVE('',#1124,#1095,#644,.T.);
#1385=EDGE_CURVE('',#1123,#1124,#492,.T.);
#1386=EDGE_CURVE('',#1125,#1093,#645,.T.);
#1387=EDGE_CURVE('',#1124,#1125,#646,.T.);
#1388=EDGE_CURVE('',#1126,#1091,#647,.T.);
#1389=EDGE_CURVE('',#1126,#1127,#648,.T.);
#1390=EDGE_CURVE('',#1125,#1127,#493,.T.);
#1391=EDGE_CURVE('',#1128,#1090,#649,.T.);
#1392=EDGE_CURVE('',#1126,#1128,#650,.T.);
#1393=EDGE_CURVE('',#1127,#1129,#1072,.F.);
#1394=EDGE_CURVE('',#1129,#1130,#494,.T.);
#1395=EDGE_CURVE('',#1130,#1125,#495,.T.);
#1396=EDGE_CURVE('',#1131,#1124,#496,.T.);
#1397=EDGE_CURVE('',#1130,#1131,#651,.T.);
#1398=EDGE_CURVE('',#1132,#1123,#497,.T.);
#1399=EDGE_CURVE('',#1131,#1132,#498,.T.);
#1400=EDGE_CURVE('',#1133,#1122,#499,.T.);
#1401=EDGE_CURVE('',#1132,#1133,#500,.T.);
#1402=EDGE_CURVE('',#1134,#1121,#501,.T.);
#1403=EDGE_CURVE('',#1133,#1134,#502,.T.);
#1404=EDGE_CURVE('',#1135,#1119,#503,.T.);
#1405=EDGE_CURVE('',#1134,#1135,#652,.T.);
#1406=EDGE_CURVE('',#1120,#1136,#1073,.T.);
#1407=EDGE_CURVE('',#1135,#1136,#504,.T.);
#1408=EDGE_CURVE('',#1137,#1129,#653,.T.);
#1409=EDGE_CURVE('',#1138,#1137,#654,.T.);
#1410=EDGE_CURVE('',#1139,#1138,#505,.T.);
#1411=EDGE_CURVE('',#1140,#1139,#655,.T.);
#1412=EDGE_CURVE('',#1141,#1140,#506,.T.);
#1413=EDGE_CURVE('',#1142,#1141,#656,.T.);
#1414=EDGE_CURVE('',#1136,#1142,#657,.T.);
#1415=EDGE_CURVE('',#1143,#1144,#507,.T.);
#1416=EDGE_CURVE('',#1144,#1145,#25,.T.);
#1417=EDGE_CURVE('',#1145,#1146,#508,.T.);
#1418=EDGE_CURVE('',#1146,#1143,#26,.T.);
#1419=EDGE_CURVE('',#1147,#1148,#509,.T.);
#1420=EDGE_CURVE('',#1148,#1146,#658,.T.);
#1421=EDGE_CURVE('',#1145,#1147,#659,.T.);
#1422=EDGE_CURVE('',#1149,#1150,#510,.T.);
#1423=EDGE_CURVE('',#1150,#1148,#511,.T.);
#1424=EDGE_CURVE('',#1147,#1149,#512,.T.);
#1425=EDGE_CURVE('',#1151,#1152,#513,.T.);
#1426=EDGE_CURVE('',#1152,#1150,#660,.T.);
#1427=EDGE_CURVE('',#1149,#1151,#661,.T.);
#1428=EDGE_CURVE('',#1153,#1154,#514,.T.);
#1429=EDGE_CURVE('',#1154,#1152,#515,.T.);
#1430=EDGE_CURVE('',#1151,#1153,#516,.T.);
#1431=EDGE_CURVE('',#1155,#1156,#1074,.T.);
#1432=EDGE_CURVE('',#1156,#1154,#662,.T.);
#1433=EDGE_CURVE('',#1153,#1157,#663,.T.);
#1434=EDGE_CURVE('',#1157,#1158,#517,.T.);
#1435=EDGE_CURVE('',#1158,#1159,#664,.T.);
#1436=EDGE_CURVE('',#1159,#1160,#1075,.T.);
#1437=EDGE_CURVE('',#1160,#1155,#665,.T.);
#1438=EDGE_CURVE('',#1161,#1162,#518,.T.);
#1439=EDGE_CURVE('',#1162,#1158,#519,.T.);
#1440=EDGE_CURVE('',#1157,#1161,#520,.T.);
#1441=EDGE_CURVE('',#1163,#1164,#521,.T.);
#1442=EDGE_CURVE('',#1164,#1162,#666,.T.);
#1443=EDGE_CURVE('',#1161,#1163,#667,.T.);
#1444=EDGE_CURVE('',#1165,#1166,#522,.T.);
#1445=EDGE_CURVE('',#1166,#1164,#523,.T.);
#1446=EDGE_CURVE('',#1163,#1165,#524,.T.);
#1447=EDGE_CURVE('',#1167,#1168,#525,.T.);
#1448=EDGE_CURVE('',#1168,#1166,#668,.T.);
#1449=EDGE_CURVE('',#1165,#1167,#669,.T.);
#1450=EDGE_CURVE('',#1169,#1170,#526,.T.);
#1451=EDGE_CURVE('',#1170,#1168,#27,.T.);
#1452=EDGE_CURVE('',#1167,#1169,#28,.T.);
#1453=EDGE_CURVE('',#1171,#1172,#1076,.T.);
#1454=EDGE_CURVE('',#1172,#1144,#1077,.T.);
#1455=EDGE_CURVE('',#1143,#1171,#1078,.T.);
#1456=EDGE_CURVE('',#1173,#1174,#1079,.T.);
#1457=EDGE_CURVE('',#1174,#1170,#1080,.T.);
#1458=EDGE_CURVE('',#1169,#1173,#1081,.T.);
#1459=EDGE_CURVE('',#1153,#1175,#670,.T.);
#1460=EDGE_CURVE('',#1175,#1176,#671,.T.);
#1461=EDGE_CURVE('',#1157,#1176,#672,.T.);
#1462=EDGE_CURVE('',#1151,#1177,#673,.T.);
#1463=EDGE_CURVE('',#1177,#1175,#527,.T.);
#1464=EDGE_CURVE('',#1149,#1178,#674,.T.);
#1465=EDGE_CURVE('',#1178,#1177,#675,.T.);
#1466=EDGE_CURVE('',#1147,#1179,#676,.T.);
#1467=EDGE_CURVE('',#1179,#1178,#528,.T.);
#1468=EDGE_CURVE('',#1172,#1179,#677,.T.);
#1469=EDGE_CURVE('',#1180,#1143,#678,.T.);
#1470=EDGE_CURVE('',#1181,#1180,#529,.T.);
#1471=EDGE_CURVE('',#1182,#1181,#679,.T.);
#1472=EDGE_CURVE('',#1171,#1182,#530,.T.);
#1473=EDGE_CURVE('',#1146,#1183,#680,.T.);
#1474=EDGE_CURVE('',#1180,#1183,#531,.T.);
#1475=EDGE_CURVE('',#1184,#1148,#681,.T.);
#1476=EDGE_CURVE('',#1183,#1184,#682,.T.);
#1477=EDGE_CURVE('',#1185,#1150,#683,.T.);
#1478=EDGE_CURVE('',#1184,#1185,#532,.T.);
#1479=EDGE_CURVE('',#1186,#1152,#684,.T.);
#1480=EDGE_CURVE('',#1185,#1186,#685,.T.);
#1481=EDGE_CURVE('',#1187,#1154,#686,.T.);
#1482=EDGE_CURVE('',#1188,#1187,#1082,.T.);
#1483=EDGE_CURVE('',#1189,#1188,#687,.T.);
#1484=EDGE_CURVE('',#1186,#1189,#533,.T.);
#1485=EDGE_CURVE('',#1187,#1156,#534,.T.);
#1486=EDGE_CURVE('',#1190,#1160,#535,.T.);
#1487=EDGE_CURVE('',#1191,#1190,#688,.T.);
#1488=EDGE_CURVE('',#1155,#1191,#536,.T.);
#1489=EDGE_CURVE('',#1192,#1191,#1083,.T.);
#1490=EDGE_CURVE('',#1192,#1188,#537,.T.);
#1491=EDGE_CURVE('',#1188,#1193,#538,.T.);
#1492=EDGE_CURVE('',#1193,#1194,#539,.T.);
#1493=EDGE_CURVE('',#1194,#1187,#540,.T.);
#1494=EDGE_CURVE('',#1195,#1196,#541,.T.);
#1495=EDGE_CURVE('',#1195,#1197,#689,.T.);
#1496=EDGE_CURVE('',#1197,#1198,#542,.T.);
#1497=EDGE_CURVE('',#1198,#1196,#690,.T.);
#1498=EDGE_CURVE('',#1199,#1200,#543,.T.);
#1499=EDGE_CURVE('',#1200,#1198,#544,.T.);
#1500=EDGE_CURVE('',#1197,#1199,#545,.T.);
#1501=EDGE_CURVE('',#1201,#1202,#546,.T.);
#1502=EDGE_CURVE('',#1202,#1200,#547,.T.);
#1503=EDGE_CURVE('',#1199,#1201,#548,.T.);
#1504=EDGE_CURVE('',#1203,#1204,#549,.T.);
#1505=EDGE_CURVE('',#1204,#1202,#550,.T.);
#1506=EDGE_CURVE('',#1201,#1203,#551,.T.);
#1507=EDGE_CURVE('',#1205,#1206,#552,.T.);
#1508=EDGE_CURVE('',#1206,#1204,#691,.T.);
#1509=EDGE_CURVE('',#1203,#1205,#692,.T.);
#1510=EDGE_CURVE('',#1207,#1208,#553,.T.);
#1511=EDGE_CURVE('',#1208,#1206,#554,.T.);
#1512=EDGE_CURVE('',#1205,#1207,#555,.T.);
#1513=EDGE_CURVE('',#1209,#1210,#556,.T.);
#1514=EDGE_CURVE('',#1210,#1208,#693,.T.);
#1515=EDGE_CURVE('',#1207,#1209,#694,.T.);
#1516=EDGE_CURVE('',#1211,#1212,#557,.T.);
#1517=EDGE_CURVE('',#1212,#1210,#558,.T.);
#1518=EDGE_CURVE('',#1209,#1211,#559,.T.);
#1519=EDGE_CURVE('',#1190,#1213,#1084,.T.);
#1520=EDGE_CURVE('',#1213,#1212,#695,.T.);
#1521=EDGE_CURVE('',#1211,#1214,#696,.T.);
#1522=EDGE_CURVE('',#1214,#1189,#560,.T.);
#1523=EDGE_CURVE('',#1189,#1192,#697,.T.);
#1524=EDGE_CURVE('',#1215,#1186,#561,.T.);
#1525=EDGE_CURVE('',#1214,#1215,#562,.T.);
#1526=EDGE_CURVE('',#1216,#1185,#563,.T.);
#1527=EDGE_CURVE('',#1215,#1216,#698,.T.);
#1528=EDGE_CURVE('',#1217,#1184,#564,.T.);
#1529=EDGE_CURVE('',#1216,#1217,#565,.T.);
#1530=EDGE_CURVE('',#1218,#1183,#566,.T.);
#1531=EDGE_CURVE('',#1217,#1218,#699,.T.);
#1532=EDGE_CURVE('',#1219,#1180,#567,.T.);
#1533=EDGE_CURVE('',#1218,#1219,#568,.T.);
#1534=EDGE_CURVE('',#1220,#1181,#569,.T.);
#1535=EDGE_CURVE('',#1219,#1220,#570,.T.);
#1536=EDGE_CURVE('',#1221,#1222,#571,.T.);
#1537=EDGE_CURVE('',#1222,#1181,#572,.T.);
#1538=EDGE_CURVE('',#1220,#1221,#573,.T.);
#1539=EDGE_CURVE('',#1223,#1224,#574,.F.);
#1540=EDGE_CURVE('',#1224,#1222,#700,.T.);
#1541=EDGE_CURVE('',#1221,#1223,#701,.T.);
#1542=EDGE_CURVE('',#1225,#1198,#702,.T.);
#1543=EDGE_CURVE('',#1117,#1225,#703,.T.);
#1544=EDGE_CURVE('',#1226,#1116,#704,.T.);
#1545=EDGE_CURVE('',#1226,#1227,#705,.T.);
#1546=EDGE_CURVE('',#1227,#1115,#706,.T.);
#1547=EDGE_CURVE('',#1114,#1228,#707,.T.);
#1548=EDGE_CURVE('',#1228,#1196,#708,.T.);
#1549=EDGE_CURVE('',#1200,#1229,#709,.T.);
#1550=EDGE_CURVE('',#1225,#1229,#575,.T.);
#1551=EDGE_CURVE('',#1229,#1174,#576,.T.);
#1552=EDGE_CURVE('',#1170,#1202,#710,.T.);
#1553=EDGE_CURVE('',#1204,#1168,#711,.T.);
#1554=EDGE_CURVE('',#1206,#1166,#712,.T.);
#1555=EDGE_CURVE('',#1208,#1164,#713,.T.);
#1556=EDGE_CURVE('',#1210,#1162,#714,.T.);
#1557=EDGE_CURVE('',#1212,#1230,#715,.T.);
#1558=EDGE_CURVE('',#1231,#1230,#1085,.T.);
#1559=EDGE_CURVE('',#1231,#1158,#716,.T.);
#1560=EDGE_CURVE('',#1159,#1231,#577,.T.);
#1561=EDGE_CURVE('',#1231,#1232,#578,.T.);
#1562=EDGE_CURVE('',#1232,#1233,#579,.T.);
#1563=EDGE_CURVE('',#1233,#1234,#580,.T.);
#1564=EDGE_CURVE('',#1234,#1230,#581,.T.);
#1565=EDGE_CURVE('',#1230,#1213,#582,.T.);
#1566=EDGE_CURVE('',#1235,#1173,#717,.T.);
#1567=EDGE_CURVE('',#1236,#1235,#583,.T.);
#1568=EDGE_CURVE('',#1237,#1236,#718,.T.);
#1569=EDGE_CURVE('',#1176,#1237,#584,.T.);
#1570=EDGE_CURVE('',#1182,#1238,#585,.T.);
#1571=EDGE_CURVE('',#1238,#1239,#719,.T.);
#1572=EDGE_CURVE('',#1239,#1089,#586,.T.);
#1573=EDGE_CURVE('',#1235,#1165,#720,.T.);
#1574=EDGE_CURVE('',#1161,#1237,#721,.T.);
#1575=EDGE_CURVE('',#1236,#1163,#722,.T.);
#1576=EDGE_CURVE('',#1240,#1241,#587,.T.);
#1577=EDGE_CURVE('',#1241,#1242,#723,.T.);
#1578=EDGE_CURVE('',#1242,#1243,#29,.T.);
#1579=EDGE_CURVE('',#1243,#1240,#724,.T.);
#1580=EDGE_CURVE('',#1244,#1243,#725,.T.);
#1581=EDGE_CURVE('',#1245,#1244,#726,.T.);
#1582=EDGE_CURVE('',#1245,#1240,#727,.T.);
#1583=EDGE_CURVE('',#1110,#1242,#728,.T.);
#1584=EDGE_CURVE('',#1246,#1109,#729,.T.);
#1585=EDGE_CURVE('',#1244,#1246,#30,.T.);
#1586=EDGE_CURVE('',#1246,#1247,#730,.T.);
#1587=EDGE_CURVE('',#1247,#1245,#588,.T.);
#1588=EDGE_CURVE('',#1248,#1249,#589,.T.);
#1589=EDGE_CURVE('',#1249,#1250,#731,.T.);
#1590=EDGE_CURVE('',#1250,#1251,#31,.T.);
#1591=EDGE_CURVE('',#1251,#1248,#732,.T.);
#1592=EDGE_CURVE('',#1252,#1251,#733,.T.);
#1593=EDGE_CURVE('',#1253,#1252,#734,.T.);
#1594=EDGE_CURVE('',#1253,#1248,#735,.T.);
#1595=EDGE_CURVE('',#1112,#1250,#736,.T.);
#1596=EDGE_CURVE('',#1254,#1111,#737,.T.);
#1597=EDGE_CURVE('',#1252,#1254,#32,.T.);
#1598=EDGE_CURVE('',#1254,#1255,#738,.T.);
#1599=EDGE_CURVE('',#1255,#1253,#590,.T.);
#1600=EDGE_CURVE('',#1256,#1257,#33,.T.);
#1601=EDGE_CURVE('',#1257,#1258,#739,.T.);
#1602=EDGE_CURVE('',#1258,#1259,#591,.T.);
#1603=EDGE_CURVE('',#1259,#1256,#740,.T.);
#1604=EDGE_CURVE('',#1260,#1259,#741,.T.);
#1605=EDGE_CURVE('',#1261,#1260,#742,.T.);
#1606=EDGE_CURVE('',#1261,#1256,#743,.T.);
#1607=EDGE_CURVE('',#1262,#1258,#744,.T.);
#1608=EDGE_CURVE('',#1263,#1262,#745,.T.);
#1609=EDGE_CURVE('',#1264,#1263,#746,.T.);
#1610=EDGE_CURVE('',#1260,#1264,#592,.T.);
#1611=EDGE_CURVE('',#1264,#1265,#747,.T.);
#1612=EDGE_CURVE('',#1265,#1261,#34,.T.);
#1613=EDGE_CURVE('',#1266,#1267,#593,.T.);
#1614=EDGE_CURVE('',#1267,#1268,#748,.T.);
#1615=EDGE_CURVE('',#1268,#1269,#35,.T.);
#1616=EDGE_CURVE('',#1269,#1266,#749,.T.);
#1617=EDGE_CURVE('',#1269,#1270,#750,.T.);
#1618=EDGE_CURVE('',#1271,#1270,#751,.T.);
#1619=EDGE_CURVE('',#1266,#1271,#752,.T.);
#1620=EDGE_CURVE('',#1128,#1268,#753,.T.);
#1621=EDGE_CURVE('',#1272,#1128,#754,.T.);
#1622=EDGE_CURVE('',#1273,#1272,#755,.T.);
#1623=EDGE_CURVE('',#1270,#1273,#36,.T.);
#1624=EDGE_CURVE('',#1273,#1274,#756,.T.);
#1625=EDGE_CURVE('',#1274,#1271,#594,.T.);
#1626=EDGE_CURVE('',#1241,#1275,#757,.T.);
#1627=EDGE_CURVE('',#1110,#1275,#758,.T.);
#1628=EDGE_CURVE('',#1249,#1276,#759,.T.);
#1629=EDGE_CURVE('',#1276,#1112,#760,.T.);
#1630=EDGE_CURVE('',#1118,#1247,#761,.T.);
#1631=EDGE_CURVE('',#1277,#1111,#762,.T.);
#1632=EDGE_CURVE('',#1277,#1255,#763,.T.);
#1633=EDGE_CURVE('',#1278,#1272,#764,.T.);
#1634=EDGE_CURVE('',#1278,#1274,#765,.T.);
#1635=EDGE_CURVE('',#1127,#1278,#766,.T.);
#1636=EDGE_CURVE('',#1267,#1126,#767,.T.);
#1637=EDGE_CURVE('',#1257,#1279,#768,.T.);
#1638=EDGE_CURVE('',#1279,#1262,#769,.T.);
#1639=EDGE_CURVE('',#1280,#1263,#770,.T.);
#1640=EDGE_CURVE('',#1280,#1265,#771,.T.);
#1641=EDGE_CURVE('',#1276,#1277,#772,.T.);
#1642=EDGE_CURVE('',#1275,#1120,#773,.T.);
#1643=EDGE_CURVE('',#1281,#1142,#774,.T.);
#1644=EDGE_CURVE('',#1281,#1276,#775,.T.);
#1645=EDGE_CURVE('',#1279,#1280,#776,.T.);
#1646=EDGE_CURVE('',#1282,#1283,#595,.T.);
#1647=EDGE_CURVE('',#1283,#1284,#777,.T.);
#1648=EDGE_CURVE('',#1284,#1285,#596,.T.);
#1649=EDGE_CURVE('',#1285,#1282,#778,.T.);
#1650=EDGE_CURVE('',#1285,#1286,#779,.T.);
#1651=EDGE_CURVE('',#1287,#1286,#780,.T.);
#1652=EDGE_CURVE('',#1282,#1287,#781,.T.);
#1653=EDGE_CURVE('',#1116,#1284,#782,.T.);
#1654=EDGE_CURVE('',#1288,#1115,#783,.T.);
#1655=EDGE_CURVE('',#1286,#1288,#597,.T.);
#1656=EDGE_CURVE('',#1288,#1289,#784,.T.);
#1657=EDGE_CURVE('',#1289,#1287,#598,.T.);
#1658=EDGE_CURVE('',#1290,#1291,#599,.T.);
#1659=EDGE_CURVE('',#1291,#1292,#785,.T.);
#1660=EDGE_CURVE('',#1292,#1293,#600,.T.);
#1661=EDGE_CURVE('',#1293,#1290,#786,.T.);
#1662=EDGE_CURVE('',#1293,#1294,#787,.T.);
#1663=EDGE_CURVE('',#1295,#1294,#788,.T.);
#1664=EDGE_CURVE('',#1290,#1295,#789,.T.);
#1665=EDGE_CURVE('',#1114,#1292,#790,.T.);
#1666=EDGE_CURVE('',#1296,#1113,#791,.T.);
#1667=EDGE_CURVE('',#1294,#1296,#601,.T.);
#1668=EDGE_CURVE('',#1296,#1297,#792,.T.);
#1669=EDGE_CURVE('',#1297,#1295,#602,.T.);
#1670=EDGE_CURVE('',#1298,#1299,#603,.T.);
#1671=EDGE_CURVE('',#1299,#1300,#793,.T.);
#1672=EDGE_CURVE('',#1300,#1301,#604,.T.);
#1673=EDGE_CURVE('',#1301,#1298,#794,.T.);
#1674=EDGE_CURVE('',#1302,#1298,#795,.T.);
#1675=EDGE_CURVE('',#1303,#1302,#605,.T.);
#1676=EDGE_CURVE('',#1304,#1303,#796,.T.);
#1677=EDGE_CURVE('',#1224,#1304,#797,.T.);
#1678=EDGE_CURVE('',#1223,#1305,#798,.T.);
#1679=EDGE_CURVE('',#1299,#1305,#799,.T.);
#1680=EDGE_CURVE('',#1306,#1301,#800,.T.);
#1681=EDGE_CURVE('',#1302,#1306,#801,.T.);
#1682=EDGE_CURVE('',#1306,#1307,#606,.T.);
#1683=EDGE_CURVE('',#1307,#1303,#802,.T.);
#1684=EDGE_CURVE('',#1308,#1309,#607,.T.);
#1685=EDGE_CURVE('',#1309,#1310,#803,.T.);
#1686=EDGE_CURVE('',#1310,#1311,#608,.T.);
#1687=EDGE_CURVE('',#1311,#1308,#804,.T.);
#1688=EDGE_CURVE('',#1312,#1308,#805,.T.);
#1689=EDGE_CURVE('',#1313,#1312,#609,.T.);
#1690=EDGE_CURVE('',#1314,#1313,#806,.T.);
#1691=EDGE_CURVE('',#1315,#1314,#807,.T.);
#1692=EDGE_CURVE('',#1309,#1315,#808,.T.);
#1693=EDGE_CURVE('',#1316,#1311,#809,.T.);
#1694=EDGE_CURVE('',#1312,#1316,#810,.T.);
#1695=EDGE_CURVE('',#1316,#1317,#610,.T.);
#1696=EDGE_CURVE('',#1317,#1313,#811,.T.);
#1697=EDGE_CURVE('',#1227,#1289,#812,.T.);
#1698=EDGE_CURVE('',#1283,#1226,#813,.T.);
#1699=EDGE_CURVE('',#1113,#1318,#814,.T.);
#1700=EDGE_CURVE('',#1318,#1297,#815,.T.);
#1701=EDGE_CURVE('',#1318,#1195,#816,.T.);
#1702=EDGE_CURVE('',#1291,#1228,#817,.T.);
#1703=EDGE_CURVE('',#1319,#1315,#818,.T.);
#1704=EDGE_CURVE('',#1319,#1310,#819,.T.);
#1705=EDGE_CURVE('',#1305,#1320,#820,.T.);
#1706=EDGE_CURVE('',#1320,#1300,#821,.T.);
#1707=EDGE_CURVE('',#1307,#1321,#822,.T.);
#1708=EDGE_CURVE('',#1304,#1321,#823,.T.);
#1709=EDGE_CURVE('',#1317,#1322,#824,.T.);
#1710=EDGE_CURVE('',#1322,#1314,#825,.T.);
#1711=EDGE_CURVE('',#1320,#1321,#826,.T.);
#1712=EDGE_CURVE('',#1321,#1319,#827,.T.);
#1713=EDGE_CURVE('',#1322,#1239,#828,.T.);
#1714=EDGE_CURVE('',#1222,#1238,#829,.T.);
#1715=EDGE_CURVE('',#1319,#1322,#830,.T.);
#1716=EDGE_CURVE('',#1194,#1323,#1086,.T.);
#1717=EDGE_CURVE('',#1323,#1193,#1087,.T.);
#1718=EDGE_CURVE('',#1323,#1324,#831,.T.);
#1719=EDGE_CURVE('',#1324,#1324,#611,.T.);
#1720=EDGE_CURVE('',#1234,#1232,#1088,.T.);
#1721=EDGE_CURVE('',#1233,#1325,#832,.T.);
#1722=EDGE_CURVE('',#1325,#1325,#612,.T.);
#1723=EDGE_CURVE('',#1326,#1326,#613,.T.);
#1724=EDGE_CURVE('',#1327,#1327,#614,.T.);
#1725=EDGE_CURVE('',#1328,#1328,#615,.T.);
#1726=EDGE_CURVE('',#1328,#1327,#833,.T.);
#1727=EDGE_CURVE('',#1329,#1329,#616,.T.);
#1728=EDGE_CURVE('',#1329,#1326,#834,.T.);
#1729=EDGE_CURVE('',#1330,#1140,#835,.T.);
#1730=EDGE_CURVE('',#1330,#1331,#617,.T.);
#1731=EDGE_CURVE('',#1331,#1141,#836,.T.);
#1732=EDGE_CURVE('',#1138,#1332,#837,.T.);
#1733=EDGE_CURVE('',#1332,#1333,#618,.T.);
#1734=EDGE_CURVE('',#1333,#1139,#838,.T.);
#1735=EDGE_CURVE('',#1334,#1137,#839,.T.);
#1736=EDGE_CURVE('',#1332,#1334,#840,.T.);
#1737=EDGE_CURVE('',#1334,#1262,#841,.T.);
#1738=EDGE_CURVE('',#1280,#1272,#842,.T.);
#1739=EDGE_CURVE('',#1279,#1320,#619,.T.);
#1740=EDGE_CURVE('',#1281,#1331,#843,.T.);
#1741=EDGE_CURVE('',#1333,#1330,#844,.T.);
#1742=ORIENTED_EDGE('',*,*,#1335,.T.);
#1743=ORIENTED_EDGE('',*,*,#1336,.T.);
#1744=ORIENTED_EDGE('',*,*,#1337,.T.);
#1745=ORIENTED_EDGE('',*,*,#1338,.T.);
#1746=ORIENTED_EDGE('',*,*,#1339,.T.);
#1747=ORIENTED_EDGE('',*,*,#1340,.T.);
#1748=ORIENTED_EDGE('',*,*,#1337,.F.);
#1749=ORIENTED_EDGE('',*,*,#1341,.T.);
#1750=ORIENTED_EDGE('',*,*,#1342,.T.);
#1751=ORIENTED_EDGE('',*,*,#1343,.T.);
#1752=ORIENTED_EDGE('',*,*,#1339,.F.);
#1753=ORIENTED_EDGE('',*,*,#1344,.T.);
#1754=ORIENTED_EDGE('',*,*,#1345,.T.);
#1755=ORIENTED_EDGE('',*,*,#1346,.T.);
#1756=ORIENTED_EDGE('',*,*,#1342,.F.);
#1757=ORIENTED_EDGE('',*,*,#1347,.T.);
#1758=ORIENTED_EDGE('',*,*,#1348,.T.);
#1759=ORIENTED_EDGE('',*,*,#1349,.T.);
#1760=ORIENTED_EDGE('',*,*,#1345,.F.);
#1761=ORIENTED_EDGE('',*,*,#1350,.T.);
#1762=ORIENTED_EDGE('',*,*,#1351,.T.);
#1763=ORIENTED_EDGE('',*,*,#1352,.T.);
#1764=ORIENTED_EDGE('',*,*,#1348,.F.);
#1765=ORIENTED_EDGE('',*,*,#1353,.T.);
#1766=ORIENTED_EDGE('',*,*,#1354,.T.);
#1767=ORIENTED_EDGE('',*,*,#1355,.T.);
#1768=ORIENTED_EDGE('',*,*,#1351,.F.);
#1769=ORIENTED_EDGE('',*,*,#1356,.T.);
#1770=ORIENTED_EDGE('',*,*,#1357,.T.);
#1771=ORIENTED_EDGE('',*,*,#1358,.T.);
#1772=ORIENTED_EDGE('',*,*,#1354,.F.);
#1773=ORIENTED_EDGE('',*,*,#1359,.T.);
#1774=ORIENTED_EDGE('',*,*,#1360,.T.);
#1775=ORIENTED_EDGE('',*,*,#1361,.T.);
#1776=ORIENTED_EDGE('',*,*,#1357,.F.);
#1777=ORIENTED_EDGE('',*,*,#1362,.T.);
#1778=ORIENTED_EDGE('',*,*,#1360,.F.);
#1779=ORIENTED_EDGE('',*,*,#1363,.F.);
#1780=ORIENTED_EDGE('',*,*,#1364,.F.);
#1781=ORIENTED_EDGE('',*,*,#1365,.F.);
#1782=ORIENTED_EDGE('',*,*,#1366,.F.);
#1783=ORIENTED_EDGE('',*,*,#1367,.F.);
#1784=ORIENTED_EDGE('',*,*,#1368,.T.);
#1785=ORIENTED_EDGE('',*,*,#1369,.T.);
#1786=ORIENTED_EDGE('',*,*,#1370,.T.);
#1787=ORIENTED_EDGE('',*,*,#1371,.T.);
#1788=ORIENTED_EDGE('',*,*,#1372,.F.);
#1789=ORIENTED_EDGE('',*,*,#1362,.F.);
#1790=ORIENTED_EDGE('',*,*,#1373,.F.);
#1791=ORIENTED_EDGE('',*,*,#1374,.F.);
#1792=ORIENTED_EDGE('',*,*,#1363,.T.);
#1793=ORIENTED_EDGE('',*,*,#1359,.F.);
#1794=ORIENTED_EDGE('',*,*,#1375,.T.);
#1795=ORIENTED_EDGE('',*,*,#1376,.F.);
#1796=ORIENTED_EDGE('',*,*,#1377,.T.);
#1797=ORIENTED_EDGE('',*,*,#1373,.T.);
#1798=ORIENTED_EDGE('',*,*,#1356,.F.);
#1799=ORIENTED_EDGE('',*,*,#1378,.F.);
#1800=ORIENTED_EDGE('',*,*,#1379,.F.);
#1801=ORIENTED_EDGE('',*,*,#1375,.F.);
#1802=ORIENTED_EDGE('',*,*,#1353,.F.);
#1803=ORIENTED_EDGE('',*,*,#1380,.F.);
#1804=ORIENTED_EDGE('',*,*,#1381,.F.);
#1805=ORIENTED_EDGE('',*,*,#1378,.T.);
#1806=ORIENTED_EDGE('',*,*,#1350,.F.);
#1807=ORIENTED_EDGE('',*,*,#1382,.F.);
#1808=ORIENTED_EDGE('',*,*,#1383,.F.);
#1809=ORIENTED_EDGE('',*,*,#1380,.T.);
#1810=ORIENTED_EDGE('',*,*,#1347,.F.);
#1811=ORIENTED_EDGE('',*,*,#1384,.F.);
#1812=ORIENTED_EDGE('',*,*,#1385,.F.);
#1813=ORIENTED_EDGE('',*,*,#1382,.T.);
#1814=ORIENTED_EDGE('',*,*,#1344,.F.);
#1815=ORIENTED_EDGE('',*,*,#1386,.F.);
#1816=ORIENTED_EDGE('',*,*,#1387,.F.);
#1817=ORIENTED_EDGE('',*,*,#1384,.T.);
#1818=ORIENTED_EDGE('',*,*,#1341,.F.);
#1819=ORIENTED_EDGE('',*,*,#1388,.F.);
#1820=ORIENTED_EDGE('',*,*,#1389,.T.);
#1821=ORIENTED_EDGE('',*,*,#1390,.F.);
#1822=ORIENTED_EDGE('',*,*,#1386,.T.);
#1823=ORIENTED_EDGE('',*,*,#1336,.F.);
#1824=ORIENTED_EDGE('',*,*,#1391,.F.);
#1825=ORIENTED_EDGE('',*,*,#1392,.F.);
#1826=ORIENTED_EDGE('',*,*,#1388,.T.);
#1827=ORIENTED_EDGE('',*,*,#1393,.T.);
#1828=ORIENTED_EDGE('',*,*,#1394,.T.);
#1829=ORIENTED_EDGE('',*,*,#1395,.T.);
#1830=ORIENTED_EDGE('',*,*,#1390,.T.);
#1831=ORIENTED_EDGE('',*,*,#1396,.T.);
#1832=ORIENTED_EDGE('',*,*,#1387,.T.);
#1833=ORIENTED_EDGE('',*,*,#1395,.F.);
#1834=ORIENTED_EDGE('',*,*,#1397,.T.);
#1835=ORIENTED_EDGE('',*,*,#1398,.T.);
#1836=ORIENTED_EDGE('',*,*,#1385,.T.);
#1837=ORIENTED_EDGE('',*,*,#1396,.F.);
#1838=ORIENTED_EDGE('',*,*,#1399,.T.);
#1839=ORIENTED_EDGE('',*,*,#1400,.T.);
#1840=ORIENTED_EDGE('',*,*,#1383,.T.);
#1841=ORIENTED_EDGE('',*,*,#1398,.F.);
#1842=ORIENTED_EDGE('',*,*,#1401,.T.);
#1843=ORIENTED_EDGE('',*,*,#1402,.T.);
#1844=ORIENTED_EDGE('',*,*,#1381,.T.);
#1845=ORIENTED_EDGE('',*,*,#1400,.F.);
#1846=ORIENTED_EDGE('',*,*,#1403,.T.);
#1847=ORIENTED_EDGE('',*,*,#1404,.T.);
#1848=ORIENTED_EDGE('',*,*,#1379,.T.);
#1849=ORIENTED_EDGE('',*,*,#1402,.F.);
#1850=ORIENTED_EDGE('',*,*,#1405,.T.);
#1851=ORIENTED_EDGE('',*,*,#1406,.F.);
#1852=ORIENTED_EDGE('',*,*,#1376,.T.);
#1853=ORIENTED_EDGE('',*,*,#1404,.F.);
#1854=ORIENTED_EDGE('',*,*,#1407,.T.);
#1855=ORIENTED_EDGE('',*,*,#1407,.F.);
#1856=ORIENTED_EDGE('',*,*,#1405,.F.);
#1857=ORIENTED_EDGE('',*,*,#1403,.F.);
#1858=ORIENTED_EDGE('',*,*,#1401,.F.);
#1859=ORIENTED_EDGE('',*,*,#1399,.F.);
#1860=ORIENTED_EDGE('',*,*,#1397,.F.);
#1861=ORIENTED_EDGE('',*,*,#1394,.F.);
#1862=ORIENTED_EDGE('',*,*,#1408,.F.);
#1863=ORIENTED_EDGE('',*,*,#1409,.F.);
#1864=ORIENTED_EDGE('',*,*,#1410,.F.);
#1865=ORIENTED_EDGE('',*,*,#1411,.F.);
#1866=ORIENTED_EDGE('',*,*,#1412,.F.);
#1867=ORIENTED_EDGE('',*,*,#1413,.F.);
#1868=ORIENTED_EDGE('',*,*,#1414,.F.);
#1869=ORIENTED_EDGE('',*,*,#1415,.T.);
#1870=ORIENTED_EDGE('',*,*,#1416,.T.);
#1871=ORIENTED_EDGE('',*,*,#1417,.T.);
#1872=ORIENTED_EDGE('',*,*,#1418,.T.);
#1873=ORIENTED_EDGE('',*,*,#1419,.T.);
#1874=ORIENTED_EDGE('',*,*,#1420,.T.);
#1875=ORIENTED_EDGE('',*,*,#1417,.F.);
#1876=ORIENTED_EDGE('',*,*,#1421,.T.);
#1877=ORIENTED_EDGE('',*,*,#1422,.T.);
#1878=ORIENTED_EDGE('',*,*,#1423,.T.);
#1879=ORIENTED_EDGE('',*,*,#1419,.F.);
#1880=ORIENTED_EDGE('',*,*,#1424,.T.);
#1881=ORIENTED_EDGE('',*,*,#1425,.T.);
#1882=ORIENTED_EDGE('',*,*,#1426,.T.);
#1883=ORIENTED_EDGE('',*,*,#1422,.F.);
#1884=ORIENTED_EDGE('',*,*,#1427,.T.);
#1885=ORIENTED_EDGE('',*,*,#1428,.T.);
#1886=ORIENTED_EDGE('',*,*,#1429,.T.);
#1887=ORIENTED_EDGE('',*,*,#1425,.F.);
#1888=ORIENTED_EDGE('',*,*,#1430,.T.);
#1889=ORIENTED_EDGE('',*,*,#1431,.T.);
#1890=ORIENTED_EDGE('',*,*,#1432,.T.);
#1891=ORIENTED_EDGE('',*,*,#1428,.F.);
#1892=ORIENTED_EDGE('',*,*,#1433,.T.);
#1893=ORIENTED_EDGE('',*,*,#1434,.T.);
#1894=ORIENTED_EDGE('',*,*,#1435,.T.);
#1895=ORIENTED_EDGE('',*,*,#1436,.T.);
#1896=ORIENTED_EDGE('',*,*,#1437,.T.);
#1897=ORIENTED_EDGE('',*,*,#1438,.T.);
#1898=ORIENTED_EDGE('',*,*,#1439,.T.);
#1899=ORIENTED_EDGE('',*,*,#1434,.F.);
#1900=ORIENTED_EDGE('',*,*,#1440,.T.);
#1901=ORIENTED_EDGE('',*,*,#1441,.T.);
#1902=ORIENTED_EDGE('',*,*,#1442,.T.);
#1903=ORIENTED_EDGE('',*,*,#1438,.F.);
#1904=ORIENTED_EDGE('',*,*,#1443,.T.);
#1905=ORIENTED_EDGE('',*,*,#1444,.T.);
#1906=ORIENTED_EDGE('',*,*,#1445,.T.);
#1907=ORIENTED_EDGE('',*,*,#1441,.F.);
#1908=ORIENTED_EDGE('',*,*,#1446,.T.);
#1909=ORIENTED_EDGE('',*,*,#1447,.T.);
#1910=ORIENTED_EDGE('',*,*,#1448,.T.);
#1911=ORIENTED_EDGE('',*,*,#1444,.F.);
#1912=ORIENTED_EDGE('',*,*,#1449,.T.);
#1913=ORIENTED_EDGE('',*,*,#1450,.T.);
#1914=ORIENTED_EDGE('',*,*,#1451,.T.);
#1915=ORIENTED_EDGE('',*,*,#1447,.F.);
#1916=ORIENTED_EDGE('',*,*,#1452,.T.);
#1917=ORIENTED_EDGE('',*,*,#1453,.T.);
#1918=ORIENTED_EDGE('',*,*,#1454,.T.);
#1919=ORIENTED_EDGE('',*,*,#1415,.F.);
#1920=ORIENTED_EDGE('',*,*,#1455,.T.);
#1921=ORIENTED_EDGE('',*,*,#1456,.T.);
#1922=ORIENTED_EDGE('',*,*,#1457,.T.);
#1923=ORIENTED_EDGE('',*,*,#1450,.F.);
#1924=ORIENTED_EDGE('',*,*,#1458,.T.);
#1925=ORIENTED_EDGE('',*,*,#1433,.F.);
#1926=ORIENTED_EDGE('',*,*,#1459,.T.);
#1927=ORIENTED_EDGE('',*,*,#1460,.T.);
#1928=ORIENTED_EDGE('',*,*,#1461,.F.);
#1929=ORIENTED_EDGE('',*,*,#1430,.F.);
#1930=ORIENTED_EDGE('',*,*,#1462,.T.);
#1931=ORIENTED_EDGE('',*,*,#1463,.T.);
#1932=ORIENTED_EDGE('',*,*,#1459,.F.);
#1933=ORIENTED_EDGE('',*,*,#1427,.F.);
#1934=ORIENTED_EDGE('',*,*,#1464,.T.);
#1935=ORIENTED_EDGE('',*,*,#1465,.T.);
#1936=ORIENTED_EDGE('',*,*,#1462,.F.);
#1937=ORIENTED_EDGE('',*,*,#1424,.F.);
#1938=ORIENTED_EDGE('',*,*,#1466,.T.);
#1939=ORIENTED_EDGE('',*,*,#1467,.T.);
#1940=ORIENTED_EDGE('',*,*,#1464,.F.);
#1941=ORIENTED_EDGE('',*,*,#1421,.F.);
#1942=ORIENTED_EDGE('',*,*,#1416,.F.);
#1943=ORIENTED_EDGE('',*,*,#1454,.F.);
#1944=ORIENTED_EDGE('',*,*,#1468,.T.);
#1945=ORIENTED_EDGE('',*,*,#1466,.F.);
#1946=ORIENTED_EDGE('',*,*,#1455,.F.);
#1947=ORIENTED_EDGE('',*,*,#1469,.F.);
#1948=ORIENTED_EDGE('',*,*,#1470,.F.);
#1949=ORIENTED_EDGE('',*,*,#1471,.F.);
#1950=ORIENTED_EDGE('',*,*,#1472,.F.);
#1951=ORIENTED_EDGE('',*,*,#1418,.F.);
#1952=ORIENTED_EDGE('',*,*,#1473,.T.);
#1953=ORIENTED_EDGE('',*,*,#1474,.F.);
#1954=ORIENTED_EDGE('',*,*,#1469,.T.);
#1955=ORIENTED_EDGE('',*,*,#1420,.F.);
#1956=ORIENTED_EDGE('',*,*,#1475,.F.);
#1957=ORIENTED_EDGE('',*,*,#1476,.F.);
#1958=ORIENTED_EDGE('',*,*,#1473,.F.);
#1959=ORIENTED_EDGE('',*,*,#1423,.F.);
#1960=ORIENTED_EDGE('',*,*,#1477,.F.);
#1961=ORIENTED_EDGE('',*,*,#1478,.F.);
#1962=ORIENTED_EDGE('',*,*,#1475,.T.);
#1963=ORIENTED_EDGE('',*,*,#1426,.F.);
#1964=ORIENTED_EDGE('',*,*,#1479,.F.);
#1965=ORIENTED_EDGE('',*,*,#1480,.F.);
#1966=ORIENTED_EDGE('',*,*,#1477,.T.);
#1967=ORIENTED_EDGE('',*,*,#1429,.F.);
#1968=ORIENTED_EDGE('',*,*,#1481,.F.);
#1969=ORIENTED_EDGE('',*,*,#1482,.F.);
#1970=ORIENTED_EDGE('',*,*,#1483,.F.);
#1971=ORIENTED_EDGE('',*,*,#1484,.F.);
#1972=ORIENTED_EDGE('',*,*,#1479,.T.);
#1973=ORIENTED_EDGE('',*,*,#1432,.F.);
#1974=ORIENTED_EDGE('',*,*,#1485,.F.);
#1975=ORIENTED_EDGE('',*,*,#1481,.T.);
#1976=ORIENTED_EDGE('',*,*,#1437,.F.);
#1977=ORIENTED_EDGE('',*,*,#1486,.F.);
#1978=ORIENTED_EDGE('',*,*,#1487,.F.);
#1979=ORIENTED_EDGE('',*,*,#1488,.F.);
#1980=ORIENTED_EDGE('',*,*,#1431,.F.);
#1981=ORIENTED_EDGE('',*,*,#1488,.T.);
#1982=ORIENTED_EDGE('',*,*,#1489,.F.);
#1983=ORIENTED_EDGE('',*,*,#1490,.T.);
#1984=ORIENTED_EDGE('',*,*,#1491,.T.);
#1985=ORIENTED_EDGE('',*,*,#1492,.T.);
#1986=ORIENTED_EDGE('',*,*,#1493,.T.);
#1987=ORIENTED_EDGE('',*,*,#1485,.T.);
#1988=ORIENTED_EDGE('',*,*,#1494,.F.);
#1989=ORIENTED_EDGE('',*,*,#1495,.T.);
#1990=ORIENTED_EDGE('',*,*,#1496,.T.);
#1991=ORIENTED_EDGE('',*,*,#1497,.T.);
#1992=ORIENTED_EDGE('',*,*,#1498,.T.);
#1993=ORIENTED_EDGE('',*,*,#1499,.T.);
#1994=ORIENTED_EDGE('',*,*,#1496,.F.);
#1995=ORIENTED_EDGE('',*,*,#1500,.T.);
#1996=ORIENTED_EDGE('',*,*,#1501,.T.);
#1997=ORIENTED_EDGE('',*,*,#1502,.T.);
#1998=ORIENTED_EDGE('',*,*,#1498,.F.);
#1999=ORIENTED_EDGE('',*,*,#1503,.T.);
#2000=ORIENTED_EDGE('',*,*,#1504,.T.);
#2001=ORIENTED_EDGE('',*,*,#1505,.T.);
#2002=ORIENTED_EDGE('',*,*,#1501,.F.);
#2003=ORIENTED_EDGE('',*,*,#1506,.T.);
#2004=ORIENTED_EDGE('',*,*,#1507,.T.);
#2005=ORIENTED_EDGE('',*,*,#1508,.T.);
#2006=ORIENTED_EDGE('',*,*,#1504,.F.);
#2007=ORIENTED_EDGE('',*,*,#1509,.T.);
#2008=ORIENTED_EDGE('',*,*,#1510,.T.);
#2009=ORIENTED_EDGE('',*,*,#1511,.T.);
#2010=ORIENTED_EDGE('',*,*,#1507,.F.);
#2011=ORIENTED_EDGE('',*,*,#1512,.T.);
#2012=ORIENTED_EDGE('',*,*,#1513,.T.);
#2013=ORIENTED_EDGE('',*,*,#1514,.T.);
#2014=ORIENTED_EDGE('',*,*,#1510,.F.);
#2015=ORIENTED_EDGE('',*,*,#1515,.T.);
#2016=ORIENTED_EDGE('',*,*,#1516,.T.);
#2017=ORIENTED_EDGE('',*,*,#1517,.T.);
#2018=ORIENTED_EDGE('',*,*,#1513,.F.);
#2019=ORIENTED_EDGE('',*,*,#1518,.T.);
#2020=ORIENTED_EDGE('',*,*,#1519,.T.);
#2021=ORIENTED_EDGE('',*,*,#1520,.T.);
#2022=ORIENTED_EDGE('',*,*,#1516,.F.);
#2023=ORIENTED_EDGE('',*,*,#1521,.T.);
#2024=ORIENTED_EDGE('',*,*,#1522,.T.);
#2025=ORIENTED_EDGE('',*,*,#1523,.T.);
#2026=ORIENTED_EDGE('',*,*,#1489,.T.);
#2027=ORIENTED_EDGE('',*,*,#1487,.T.);
#2028=ORIENTED_EDGE('',*,*,#1524,.T.);
#2029=ORIENTED_EDGE('',*,*,#1484,.T.);
#2030=ORIENTED_EDGE('',*,*,#1522,.F.);
#2031=ORIENTED_EDGE('',*,*,#1525,.T.);
#2032=ORIENTED_EDGE('',*,*,#1526,.T.);
#2033=ORIENTED_EDGE('',*,*,#1480,.T.);
#2034=ORIENTED_EDGE('',*,*,#1524,.F.);
#2035=ORIENTED_EDGE('',*,*,#1527,.T.);
#2036=ORIENTED_EDGE('',*,*,#1528,.T.);
#2037=ORIENTED_EDGE('',*,*,#1478,.T.);
#2038=ORIENTED_EDGE('',*,*,#1526,.F.);
#2039=ORIENTED_EDGE('',*,*,#1529,.T.);
#2040=ORIENTED_EDGE('',*,*,#1530,.T.);
#2041=ORIENTED_EDGE('',*,*,#1476,.T.);
#2042=ORIENTED_EDGE('',*,*,#1528,.F.);
#2043=ORIENTED_EDGE('',*,*,#1531,.T.);
#2044=ORIENTED_EDGE('',*,*,#1532,.T.);
#2045=ORIENTED_EDGE('',*,*,#1474,.T.);
#2046=ORIENTED_EDGE('',*,*,#1530,.F.);
#2047=ORIENTED_EDGE('',*,*,#1533,.T.);
#2048=ORIENTED_EDGE('',*,*,#1534,.T.);
#2049=ORIENTED_EDGE('',*,*,#1470,.T.);
#2050=ORIENTED_EDGE('',*,*,#1532,.F.);
#2051=ORIENTED_EDGE('',*,*,#1535,.T.);
#2052=ORIENTED_EDGE('',*,*,#1536,.T.);
#2053=ORIENTED_EDGE('',*,*,#1537,.T.);
#2054=ORIENTED_EDGE('',*,*,#1534,.F.);
#2055=ORIENTED_EDGE('',*,*,#1538,.T.);
#2056=ORIENTED_EDGE('',*,*,#1539,.T.);
#2057=ORIENTED_EDGE('',*,*,#1540,.T.);
#2058=ORIENTED_EDGE('',*,*,#1536,.F.);
#2059=ORIENTED_EDGE('',*,*,#1541,.T.);
#2060=ORIENTED_EDGE('',*,*,#1497,.F.);
#2061=ORIENTED_EDGE('',*,*,#1542,.F.);
#2062=ORIENTED_EDGE('',*,*,#1543,.F.);
#2063=ORIENTED_EDGE('',*,*,#1371,.F.);
#2064=ORIENTED_EDGE('',*,*,#1544,.F.);
#2065=ORIENTED_EDGE('',*,*,#1545,.T.);
#2066=ORIENTED_EDGE('',*,*,#1546,.T.);
#2067=ORIENTED_EDGE('',*,*,#1369,.F.);
#2068=ORIENTED_EDGE('',*,*,#1547,.T.);
#2069=ORIENTED_EDGE('',*,*,#1548,.T.);
#2070=ORIENTED_EDGE('',*,*,#1499,.F.);
#2071=ORIENTED_EDGE('',*,*,#1549,.T.);
#2072=ORIENTED_EDGE('',*,*,#1550,.F.);
#2073=ORIENTED_EDGE('',*,*,#1542,.T.);
#2074=ORIENTED_EDGE('',*,*,#1457,.F.);
#2075=ORIENTED_EDGE('',*,*,#1551,.F.);
#2076=ORIENTED_EDGE('',*,*,#1549,.F.);
#2077=ORIENTED_EDGE('',*,*,#1502,.F.);
#2078=ORIENTED_EDGE('',*,*,#1552,.F.);
#2079=ORIENTED_EDGE('',*,*,#1451,.F.);
#2080=ORIENTED_EDGE('',*,*,#1552,.T.);
#2081=ORIENTED_EDGE('',*,*,#1505,.F.);
#2082=ORIENTED_EDGE('',*,*,#1553,.T.);
#2083=ORIENTED_EDGE('',*,*,#1448,.F.);
#2084=ORIENTED_EDGE('',*,*,#1553,.F.);
#2085=ORIENTED_EDGE('',*,*,#1508,.F.);
#2086=ORIENTED_EDGE('',*,*,#1554,.T.);
#2087=ORIENTED_EDGE('',*,*,#1445,.F.);
#2088=ORIENTED_EDGE('',*,*,#1554,.F.);
#2089=ORIENTED_EDGE('',*,*,#1511,.F.);
#2090=ORIENTED_EDGE('',*,*,#1555,.T.);
#2091=ORIENTED_EDGE('',*,*,#1442,.F.);
#2092=ORIENTED_EDGE('',*,*,#1555,.F.);
#2093=ORIENTED_EDGE('',*,*,#1514,.F.);
#2094=ORIENTED_EDGE('',*,*,#1556,.T.);
#2095=ORIENTED_EDGE('',*,*,#1439,.F.);
#2096=ORIENTED_EDGE('',*,*,#1556,.F.);
#2097=ORIENTED_EDGE('',*,*,#1517,.F.);
#2098=ORIENTED_EDGE('',*,*,#1557,.T.);
#2099=ORIENTED_EDGE('',*,*,#1558,.F.);
#2100=ORIENTED_EDGE('',*,*,#1559,.T.);
#2101=ORIENTED_EDGE('',*,*,#1436,.F.);
#2102=ORIENTED_EDGE('',*,*,#1560,.T.);
#2103=ORIENTED_EDGE('',*,*,#1561,.T.);
#2104=ORIENTED_EDGE('',*,*,#1562,.T.);
#2105=ORIENTED_EDGE('',*,*,#1563,.T.);
#2106=ORIENTED_EDGE('',*,*,#1564,.T.);
#2107=ORIENTED_EDGE('',*,*,#1565,.T.);
#2108=ORIENTED_EDGE('',*,*,#1519,.F.);
#2109=ORIENTED_EDGE('',*,*,#1486,.T.);
#2110=ORIENTED_EDGE('',*,*,#1435,.F.);
#2111=ORIENTED_EDGE('',*,*,#1559,.F.);
#2112=ORIENTED_EDGE('',*,*,#1560,.F.);
#2113=ORIENTED_EDGE('',*,*,#1523,.F.);
#2114=ORIENTED_EDGE('',*,*,#1483,.T.);
#2115=ORIENTED_EDGE('',*,*,#1490,.F.);
#2116=ORIENTED_EDGE('',*,*,#1520,.F.);
#2117=ORIENTED_EDGE('',*,*,#1565,.F.);
#2118=ORIENTED_EDGE('',*,*,#1557,.F.);
#2119=ORIENTED_EDGE('',*,*,#1361,.F.);
#2120=ORIENTED_EDGE('',*,*,#1372,.T.);
#2121=ORIENTED_EDGE('',*,*,#1543,.T.);
#2122=ORIENTED_EDGE('',*,*,#1550,.T.);
#2123=ORIENTED_EDGE('',*,*,#1551,.T.);
#2124=ORIENTED_EDGE('',*,*,#1456,.F.);
#2125=ORIENTED_EDGE('',*,*,#1566,.F.);
#2126=ORIENTED_EDGE('',*,*,#1567,.F.);
#2127=ORIENTED_EDGE('',*,*,#1568,.F.);
#2128=ORIENTED_EDGE('',*,*,#1569,.F.);
#2129=ORIENTED_EDGE('',*,*,#1460,.F.);
#2130=ORIENTED_EDGE('',*,*,#1463,.F.);
#2131=ORIENTED_EDGE('',*,*,#1465,.F.);
#2132=ORIENTED_EDGE('',*,*,#1467,.F.);
#2133=ORIENTED_EDGE('',*,*,#1468,.F.);
#2134=ORIENTED_EDGE('',*,*,#1453,.F.);
#2135=ORIENTED_EDGE('',*,*,#1472,.T.);
#2136=ORIENTED_EDGE('',*,*,#1570,.T.);
#2137=ORIENTED_EDGE('',*,*,#1571,.T.);
#2138=ORIENTED_EDGE('',*,*,#1572,.T.);
#2139=ORIENTED_EDGE('',*,*,#1338,.F.);
#2140=ORIENTED_EDGE('',*,*,#1340,.F.);
#2141=ORIENTED_EDGE('',*,*,#1343,.F.);
#2142=ORIENTED_EDGE('',*,*,#1346,.F.);
#2143=ORIENTED_EDGE('',*,*,#1349,.F.);
#2144=ORIENTED_EDGE('',*,*,#1352,.F.);
#2145=ORIENTED_EDGE('',*,*,#1355,.F.);
#2146=ORIENTED_EDGE('',*,*,#1358,.F.);
#2147=ORIENTED_EDGE('',*,*,#1449,.F.);
#2148=ORIENTED_EDGE('',*,*,#1573,.F.);
#2149=ORIENTED_EDGE('',*,*,#1566,.T.);
#2150=ORIENTED_EDGE('',*,*,#1458,.F.);
#2151=ORIENTED_EDGE('',*,*,#1452,.F.);
#2152=ORIENTED_EDGE('',*,*,#1443,.F.);
#2153=ORIENTED_EDGE('',*,*,#1574,.T.);
#2154=ORIENTED_EDGE('',*,*,#1568,.T.);
#2155=ORIENTED_EDGE('',*,*,#1575,.T.);
#2156=ORIENTED_EDGE('',*,*,#1446,.F.);
#2157=ORIENTED_EDGE('',*,*,#1575,.F.);
#2158=ORIENTED_EDGE('',*,*,#1567,.T.);
#2159=ORIENTED_EDGE('',*,*,#1573,.T.);
#2160=ORIENTED_EDGE('',*,*,#1440,.F.);
#2161=ORIENTED_EDGE('',*,*,#1461,.T.);
#2162=ORIENTED_EDGE('',*,*,#1569,.T.);
#2163=ORIENTED_EDGE('',*,*,#1574,.F.);
#2164=ORIENTED_EDGE('',*,*,#1576,.T.);
#2165=ORIENTED_EDGE('',*,*,#1577,.T.);
#2166=ORIENTED_EDGE('',*,*,#1578,.T.);
#2167=ORIENTED_EDGE('',*,*,#1579,.T.);
#2168=ORIENTED_EDGE('',*,*,#1579,.F.);
#2169=ORIENTED_EDGE('',*,*,#1580,.F.);
#2170=ORIENTED_EDGE('',*,*,#1581,.F.);
#2171=ORIENTED_EDGE('',*,*,#1582,.T.);
#2172=ORIENTED_EDGE('',*,*,#1578,.F.);
#2173=ORIENTED_EDGE('',*,*,#1583,.F.);
#2174=ORIENTED_EDGE('',*,*,#1364,.T.);
#2175=ORIENTED_EDGE('',*,*,#1584,.F.);
#2176=ORIENTED_EDGE('',*,*,#1585,.F.);
#2177=ORIENTED_EDGE('',*,*,#1580,.T.);
#2178=ORIENTED_EDGE('',*,*,#1585,.T.);
#2179=ORIENTED_EDGE('',*,*,#1586,.T.);
#2180=ORIENTED_EDGE('',*,*,#1587,.T.);
#2181=ORIENTED_EDGE('',*,*,#1581,.T.);
#2182=ORIENTED_EDGE('',*,*,#1588,.T.);
#2183=ORIENTED_EDGE('',*,*,#1589,.T.);
#2184=ORIENTED_EDGE('',*,*,#1590,.T.);
#2185=ORIENTED_EDGE('',*,*,#1591,.T.);
#2186=ORIENTED_EDGE('',*,*,#1591,.F.);
#2187=ORIENTED_EDGE('',*,*,#1592,.F.);
#2188=ORIENTED_EDGE('',*,*,#1593,.F.);
#2189=ORIENTED_EDGE('',*,*,#1594,.T.);
#2190=ORIENTED_EDGE('',*,*,#1590,.F.);
#2191=ORIENTED_EDGE('',*,*,#1595,.F.);
#2192=ORIENTED_EDGE('',*,*,#1366,.T.);
#2193=ORIENTED_EDGE('',*,*,#1596,.F.);
#2194=ORIENTED_EDGE('',*,*,#1597,.F.);
#2195=ORIENTED_EDGE('',*,*,#1592,.T.);
#2196=ORIENTED_EDGE('',*,*,#1597,.T.);
#2197=ORIENTED_EDGE('',*,*,#1598,.T.);
#2198=ORIENTED_EDGE('',*,*,#1599,.T.);
#2199=ORIENTED_EDGE('',*,*,#1593,.T.);
#2200=ORIENTED_EDGE('',*,*,#1600,.T.);
#2201=ORIENTED_EDGE('',*,*,#1601,.T.);
#2202=ORIENTED_EDGE('',*,*,#1602,.T.);
#2203=ORIENTED_EDGE('',*,*,#1603,.T.);
#2204=ORIENTED_EDGE('',*,*,#1603,.F.);
#2205=ORIENTED_EDGE('',*,*,#1604,.F.);
#2206=ORIENTED_EDGE('',*,*,#1605,.F.);
#2207=ORIENTED_EDGE('',*,*,#1606,.T.);
#2208=ORIENTED_EDGE('',*,*,#1602,.F.);
#2209=ORIENTED_EDGE('',*,*,#1607,.F.);
#2210=ORIENTED_EDGE('',*,*,#1608,.F.);
#2211=ORIENTED_EDGE('',*,*,#1609,.F.);
#2212=ORIENTED_EDGE('',*,*,#1610,.F.);
#2213=ORIENTED_EDGE('',*,*,#1604,.T.);
#2214=ORIENTED_EDGE('',*,*,#1610,.T.);
#2215=ORIENTED_EDGE('',*,*,#1611,.T.);
#2216=ORIENTED_EDGE('',*,*,#1612,.T.);
#2217=ORIENTED_EDGE('',*,*,#1605,.T.);
#2218=ORIENTED_EDGE('',*,*,#1613,.T.);
#2219=ORIENTED_EDGE('',*,*,#1614,.T.);
#2220=ORIENTED_EDGE('',*,*,#1615,.T.);
#2221=ORIENTED_EDGE('',*,*,#1616,.T.);
#2222=ORIENTED_EDGE('',*,*,#1616,.F.);
#2223=ORIENTED_EDGE('',*,*,#1617,.T.);
#2224=ORIENTED_EDGE('',*,*,#1618,.F.);
#2225=ORIENTED_EDGE('',*,*,#1619,.F.);
#2226=ORIENTED_EDGE('',*,*,#1615,.F.);
#2227=ORIENTED_EDGE('',*,*,#1620,.F.);
#2228=ORIENTED_EDGE('',*,*,#1621,.F.);
#2229=ORIENTED_EDGE('',*,*,#1622,.F.);
#2230=ORIENTED_EDGE('',*,*,#1623,.F.);
#2231=ORIENTED_EDGE('',*,*,#1617,.F.);
#2232=ORIENTED_EDGE('',*,*,#1623,.T.);
#2233=ORIENTED_EDGE('',*,*,#1624,.T.);
#2234=ORIENTED_EDGE('',*,*,#1625,.T.);
#2235=ORIENTED_EDGE('',*,*,#1618,.T.);
#2236=ORIENTED_EDGE('',*,*,#1577,.F.);
#2237=ORIENTED_EDGE('',*,*,#1626,.T.);
#2238=ORIENTED_EDGE('',*,*,#1627,.F.);
#2239=ORIENTED_EDGE('',*,*,#1583,.T.);
#2240=ORIENTED_EDGE('',*,*,#1589,.F.);
#2241=ORIENTED_EDGE('',*,*,#1628,.T.);
#2242=ORIENTED_EDGE('',*,*,#1629,.T.);
#2243=ORIENTED_EDGE('',*,*,#1595,.T.);
#2244=ORIENTED_EDGE('',*,*,#1586,.F.);
#2245=ORIENTED_EDGE('',*,*,#1584,.T.);
#2246=ORIENTED_EDGE('',*,*,#1374,.T.);
#2247=ORIENTED_EDGE('',*,*,#1630,.T.);
#2248=ORIENTED_EDGE('',*,*,#1598,.F.);
#2249=ORIENTED_EDGE('',*,*,#1596,.T.);
#2250=ORIENTED_EDGE('',*,*,#1631,.F.);
#2251=ORIENTED_EDGE('',*,*,#1632,.T.);
#2252=ORIENTED_EDGE('',*,*,#1624,.F.);
#2253=ORIENTED_EDGE('',*,*,#1622,.T.);
#2254=ORIENTED_EDGE('',*,*,#1633,.F.);
#2255=ORIENTED_EDGE('',*,*,#1634,.T.);
#2256=ORIENTED_EDGE('',*,*,#1613,.F.);
#2257=ORIENTED_EDGE('',*,*,#1619,.T.);
#2258=ORIENTED_EDGE('',*,*,#1625,.F.);
#2259=ORIENTED_EDGE('',*,*,#1634,.F.);
#2260=ORIENTED_EDGE('',*,*,#1635,.F.);
#2261=ORIENTED_EDGE('',*,*,#1389,.F.);
#2262=ORIENTED_EDGE('',*,*,#1636,.F.);
#2263=ORIENTED_EDGE('',*,*,#1601,.F.);
#2264=ORIENTED_EDGE('',*,*,#1637,.T.);
#2265=ORIENTED_EDGE('',*,*,#1638,.T.);
#2266=ORIENTED_EDGE('',*,*,#1607,.T.);
#2267=ORIENTED_EDGE('',*,*,#1614,.F.);
#2268=ORIENTED_EDGE('',*,*,#1636,.T.);
#2269=ORIENTED_EDGE('',*,*,#1392,.T.);
#2270=ORIENTED_EDGE('',*,*,#1620,.T.);
#2271=ORIENTED_EDGE('',*,*,#1611,.F.);
#2272=ORIENTED_EDGE('',*,*,#1609,.T.);
#2273=ORIENTED_EDGE('',*,*,#1639,.F.);
#2274=ORIENTED_EDGE('',*,*,#1640,.T.);
#2275=ORIENTED_EDGE('',*,*,#1588,.F.);
#2276=ORIENTED_EDGE('',*,*,#1594,.F.);
#2277=ORIENTED_EDGE('',*,*,#1599,.F.);
#2278=ORIENTED_EDGE('',*,*,#1632,.F.);
#2279=ORIENTED_EDGE('',*,*,#1641,.F.);
#2280=ORIENTED_EDGE('',*,*,#1628,.F.);
#2281=ORIENTED_EDGE('',*,*,#1641,.T.);
#2282=ORIENTED_EDGE('',*,*,#1631,.T.);
#2283=ORIENTED_EDGE('',*,*,#1365,.T.);
#2284=ORIENTED_EDGE('',*,*,#1627,.T.);
#2285=ORIENTED_EDGE('',*,*,#1642,.T.);
#2286=ORIENTED_EDGE('',*,*,#1406,.T.);
#2287=ORIENTED_EDGE('',*,*,#1414,.T.);
#2288=ORIENTED_EDGE('',*,*,#1643,.F.);
#2289=ORIENTED_EDGE('',*,*,#1644,.T.);
#2290=ORIENTED_EDGE('',*,*,#1576,.F.);
#2291=ORIENTED_EDGE('',*,*,#1582,.F.);
#2292=ORIENTED_EDGE('',*,*,#1587,.F.);
#2293=ORIENTED_EDGE('',*,*,#1630,.F.);
#2294=ORIENTED_EDGE('',*,*,#1377,.F.);
#2295=ORIENTED_EDGE('',*,*,#1642,.F.);
#2296=ORIENTED_EDGE('',*,*,#1626,.F.);
#2297=ORIENTED_EDGE('',*,*,#1600,.F.);
#2298=ORIENTED_EDGE('',*,*,#1606,.F.);
#2299=ORIENTED_EDGE('',*,*,#1612,.F.);
#2300=ORIENTED_EDGE('',*,*,#1640,.F.);
#2301=ORIENTED_EDGE('',*,*,#1645,.F.);
#2302=ORIENTED_EDGE('',*,*,#1637,.F.);
#2303=ORIENTED_EDGE('',*,*,#1646,.T.);
#2304=ORIENTED_EDGE('',*,*,#1647,.T.);
#2305=ORIENTED_EDGE('',*,*,#1648,.T.);
#2306=ORIENTED_EDGE('',*,*,#1649,.T.);
#2307=ORIENTED_EDGE('',*,*,#1649,.F.);
#2308=ORIENTED_EDGE('',*,*,#1650,.T.);
#2309=ORIENTED_EDGE('',*,*,#1651,.F.);
#2310=ORIENTED_EDGE('',*,*,#1652,.F.);
#2311=ORIENTED_EDGE('',*,*,#1648,.F.);
#2312=ORIENTED_EDGE('',*,*,#1653,.F.);
#2313=ORIENTED_EDGE('',*,*,#1370,.F.);
#2314=ORIENTED_EDGE('',*,*,#1654,.F.);
#2315=ORIENTED_EDGE('',*,*,#1655,.F.);
#2316=ORIENTED_EDGE('',*,*,#1650,.F.);
#2317=ORIENTED_EDGE('',*,*,#1655,.T.);
#2318=ORIENTED_EDGE('',*,*,#1656,.T.);
#2319=ORIENTED_EDGE('',*,*,#1657,.T.);
#2320=ORIENTED_EDGE('',*,*,#1651,.T.);
#2321=ORIENTED_EDGE('',*,*,#1658,.T.);
#2322=ORIENTED_EDGE('',*,*,#1659,.T.);
#2323=ORIENTED_EDGE('',*,*,#1660,.T.);
#2324=ORIENTED_EDGE('',*,*,#1661,.T.);
#2325=ORIENTED_EDGE('',*,*,#1661,.F.);
#2326=ORIENTED_EDGE('',*,*,#1662,.T.);
#2327=ORIENTED_EDGE('',*,*,#1663,.F.);
#2328=ORIENTED_EDGE('',*,*,#1664,.F.);
#2329=ORIENTED_EDGE('',*,*,#1660,.F.);
#2330=ORIENTED_EDGE('',*,*,#1665,.F.);
#2331=ORIENTED_EDGE('',*,*,#1368,.F.);
#2332=ORIENTED_EDGE('',*,*,#1666,.F.);
#2333=ORIENTED_EDGE('',*,*,#1667,.F.);
#2334=ORIENTED_EDGE('',*,*,#1662,.F.);
#2335=ORIENTED_EDGE('',*,*,#1667,.T.);
#2336=ORIENTED_EDGE('',*,*,#1668,.T.);
#2337=ORIENTED_EDGE('',*,*,#1669,.T.);
#2338=ORIENTED_EDGE('',*,*,#1663,.T.);
#2339=ORIENTED_EDGE('',*,*,#1670,.T.);
#2340=ORIENTED_EDGE('',*,*,#1671,.T.);
#2341=ORIENTED_EDGE('',*,*,#1672,.T.);
#2342=ORIENTED_EDGE('',*,*,#1673,.T.);
#2343=ORIENTED_EDGE('',*,*,#1670,.F.);
#2344=ORIENTED_EDGE('',*,*,#1674,.F.);
#2345=ORIENTED_EDGE('',*,*,#1675,.F.);
#2346=ORIENTED_EDGE('',*,*,#1676,.F.);
#2347=ORIENTED_EDGE('',*,*,#1677,.F.);
#2348=ORIENTED_EDGE('',*,*,#1539,.F.);
#2349=ORIENTED_EDGE('',*,*,#1678,.T.);
#2350=ORIENTED_EDGE('',*,*,#1679,.F.);
#2351=ORIENTED_EDGE('',*,*,#1673,.F.);
#2352=ORIENTED_EDGE('',*,*,#1680,.F.);
#2353=ORIENTED_EDGE('',*,*,#1681,.F.);
#2354=ORIENTED_EDGE('',*,*,#1674,.T.);
#2355=ORIENTED_EDGE('',*,*,#1682,.T.);
#2356=ORIENTED_EDGE('',*,*,#1683,.T.);
#2357=ORIENTED_EDGE('',*,*,#1675,.T.);
#2358=ORIENTED_EDGE('',*,*,#1681,.T.);
#2359=ORIENTED_EDGE('',*,*,#1684,.T.);
#2360=ORIENTED_EDGE('',*,*,#1685,.T.);
#2361=ORIENTED_EDGE('',*,*,#1686,.T.);
#2362=ORIENTED_EDGE('',*,*,#1687,.T.);
#2363=ORIENTED_EDGE('',*,*,#1684,.F.);
#2364=ORIENTED_EDGE('',*,*,#1688,.F.);
#2365=ORIENTED_EDGE('',*,*,#1689,.F.);
#2366=ORIENTED_EDGE('',*,*,#1690,.F.);
#2367=ORIENTED_EDGE('',*,*,#1691,.F.);
#2368=ORIENTED_EDGE('',*,*,#1692,.F.);
#2369=ORIENTED_EDGE('',*,*,#1687,.F.);
#2370=ORIENTED_EDGE('',*,*,#1693,.F.);
#2371=ORIENTED_EDGE('',*,*,#1694,.F.);
#2372=ORIENTED_EDGE('',*,*,#1688,.T.);
#2373=ORIENTED_EDGE('',*,*,#1695,.T.);
#2374=ORIENTED_EDGE('',*,*,#1696,.T.);
#2375=ORIENTED_EDGE('',*,*,#1689,.T.);
#2376=ORIENTED_EDGE('',*,*,#1694,.T.);
#2377=ORIENTED_EDGE('',*,*,#1656,.F.);
#2378=ORIENTED_EDGE('',*,*,#1654,.T.);
#2379=ORIENTED_EDGE('',*,*,#1546,.F.);
#2380=ORIENTED_EDGE('',*,*,#1697,.T.);
#2381=ORIENTED_EDGE('',*,*,#1646,.F.);
#2382=ORIENTED_EDGE('',*,*,#1652,.T.);
#2383=ORIENTED_EDGE('',*,*,#1657,.F.);
#2384=ORIENTED_EDGE('',*,*,#1697,.F.);
#2385=ORIENTED_EDGE('',*,*,#1545,.F.);
#2386=ORIENTED_EDGE('',*,*,#1698,.F.);
#2387=ORIENTED_EDGE('',*,*,#1668,.F.);
#2388=ORIENTED_EDGE('',*,*,#1666,.T.);
#2389=ORIENTED_EDGE('',*,*,#1699,.T.);
#2390=ORIENTED_EDGE('',*,*,#1700,.T.);
#2391=ORIENTED_EDGE('',*,*,#1658,.F.);
#2392=ORIENTED_EDGE('',*,*,#1664,.T.);
#2393=ORIENTED_EDGE('',*,*,#1669,.F.);
#2394=ORIENTED_EDGE('',*,*,#1700,.F.);
#2395=ORIENTED_EDGE('',*,*,#1701,.T.);
#2396=ORIENTED_EDGE('',*,*,#1494,.T.);
#2397=ORIENTED_EDGE('',*,*,#1548,.F.);
#2398=ORIENTED_EDGE('',*,*,#1702,.F.);
#2399=ORIENTED_EDGE('',*,*,#1685,.F.);
#2400=ORIENTED_EDGE('',*,*,#1692,.T.);
#2401=ORIENTED_EDGE('',*,*,#1703,.F.);
#2402=ORIENTED_EDGE('',*,*,#1704,.T.);
#2403=ORIENTED_EDGE('',*,*,#1671,.F.);
#2404=ORIENTED_EDGE('',*,*,#1679,.T.);
#2405=ORIENTED_EDGE('',*,*,#1705,.T.);
#2406=ORIENTED_EDGE('',*,*,#1706,.T.);
#2407=ORIENTED_EDGE('',*,*,#1647,.F.);
#2408=ORIENTED_EDGE('',*,*,#1698,.T.);
#2409=ORIENTED_EDGE('',*,*,#1544,.T.);
#2410=ORIENTED_EDGE('',*,*,#1653,.T.);
#2411=ORIENTED_EDGE('',*,*,#1659,.F.);
#2412=ORIENTED_EDGE('',*,*,#1702,.T.);
#2413=ORIENTED_EDGE('',*,*,#1547,.F.);
#2414=ORIENTED_EDGE('',*,*,#1665,.T.);
#2415=ORIENTED_EDGE('',*,*,#1683,.F.);
#2416=ORIENTED_EDGE('',*,*,#1707,.T.);
#2417=ORIENTED_EDGE('',*,*,#1708,.F.);
#2418=ORIENTED_EDGE('',*,*,#1676,.T.);
#2419=ORIENTED_EDGE('',*,*,#1696,.F.);
#2420=ORIENTED_EDGE('',*,*,#1709,.T.);
#2421=ORIENTED_EDGE('',*,*,#1710,.T.);
#2422=ORIENTED_EDGE('',*,*,#1690,.T.);
#2423=ORIENTED_EDGE('',*,*,#1672,.F.);
#2424=ORIENTED_EDGE('',*,*,#1706,.F.);
#2425=ORIENTED_EDGE('',*,*,#1711,.T.);
#2426=ORIENTED_EDGE('',*,*,#1707,.F.);
#2427=ORIENTED_EDGE('',*,*,#1682,.F.);
#2428=ORIENTED_EDGE('',*,*,#1680,.T.);
#2429=ORIENTED_EDGE('',*,*,#1540,.F.);
#2430=ORIENTED_EDGE('',*,*,#1677,.T.);
#2431=ORIENTED_EDGE('',*,*,#1708,.T.);
#2432=ORIENTED_EDGE('',*,*,#1712,.T.);
#2433=ORIENTED_EDGE('',*,*,#1703,.T.);
#2434=ORIENTED_EDGE('',*,*,#1691,.T.);
#2435=ORIENTED_EDGE('',*,*,#1710,.F.);
#2436=ORIENTED_EDGE('',*,*,#1713,.T.);
#2437=ORIENTED_EDGE('',*,*,#1571,.F.);
#2438=ORIENTED_EDGE('',*,*,#1714,.F.);
#2439=ORIENTED_EDGE('',*,*,#1686,.F.);
#2440=ORIENTED_EDGE('',*,*,#1704,.F.);
#2441=ORIENTED_EDGE('',*,*,#1715,.T.);
#2442=ORIENTED_EDGE('',*,*,#1709,.F.);
#2443=ORIENTED_EDGE('',*,*,#1695,.F.);
#2444=ORIENTED_EDGE('',*,*,#1693,.T.);
#2445=ORIENTED_EDGE('',*,*,#1493,.F.);
#2446=ORIENTED_EDGE('',*,*,#1716,.T.);
#2447=ORIENTED_EDGE('',*,*,#1717,.T.);
#2448=ORIENTED_EDGE('',*,*,#1491,.F.);
#2449=ORIENTED_EDGE('',*,*,#1482,.T.);
#2450=ORIENTED_EDGE('',*,*,#1492,.F.);
#2451=ORIENTED_EDGE('',*,*,#1717,.F.);
#2452=ORIENTED_EDGE('',*,*,#1718,.T.);
#2453=ORIENTED_EDGE('',*,*,#1719,.T.);
#2454=ORIENTED_EDGE('',*,*,#1718,.F.);
#2455=ORIENTED_EDGE('',*,*,#1716,.F.);
#2456=ORIENTED_EDGE('',*,*,#1564,.F.);
#2457=ORIENTED_EDGE('',*,*,#1720,.T.);
#2458=ORIENTED_EDGE('',*,*,#1561,.F.);
#2459=ORIENTED_EDGE('',*,*,#1558,.T.);
#2460=ORIENTED_EDGE('',*,*,#1562,.F.);
#2461=ORIENTED_EDGE('',*,*,#1720,.F.);
#2462=ORIENTED_EDGE('',*,*,#1563,.F.);
#2463=ORIENTED_EDGE('',*,*,#1721,.T.);
#2464=ORIENTED_EDGE('',*,*,#1722,.T.);
#2465=ORIENTED_EDGE('',*,*,#1721,.F.);
#2466=ORIENTED_EDGE('',*,*,#1719,.F.);
#2467=ORIENTED_EDGE('',*,*,#1723,.F.);
#2468=ORIENTED_EDGE('',*,*,#1722,.F.);
#2469=ORIENTED_EDGE('',*,*,#1724,.F.);
#2470=ORIENTED_EDGE('',*,*,#1725,.F.);
#2471=ORIENTED_EDGE('',*,*,#1726,.T.);
#2472=ORIENTED_EDGE('',*,*,#1724,.T.);
#2473=ORIENTED_EDGE('',*,*,#1726,.F.);
#2474=ORIENTED_EDGE('',*,*,#1727,.F.);
#2475=ORIENTED_EDGE('',*,*,#1728,.T.);
#2476=ORIENTED_EDGE('',*,*,#1723,.T.);
#2477=ORIENTED_EDGE('',*,*,#1728,.F.);
#2478=ORIENTED_EDGE('',*,*,#1537,.F.);
#2479=ORIENTED_EDGE('',*,*,#1714,.T.);
#2480=ORIENTED_EDGE('',*,*,#1570,.F.);
#2481=ORIENTED_EDGE('',*,*,#1471,.T.);
#2482=ORIENTED_EDGE('',*,*,#1412,.T.);
#2483=ORIENTED_EDGE('',*,*,#1729,.F.);
#2484=ORIENTED_EDGE('',*,*,#1730,.T.);
#2485=ORIENTED_EDGE('',*,*,#1731,.T.);
#2486=ORIENTED_EDGE('',*,*,#1410,.T.);
#2487=ORIENTED_EDGE('',*,*,#1732,.T.);
#2488=ORIENTED_EDGE('',*,*,#1733,.T.);
#2489=ORIENTED_EDGE('',*,*,#1734,.T.);
#2490=ORIENTED_EDGE('',*,*,#1409,.T.);
#2491=ORIENTED_EDGE('',*,*,#1735,.F.);
#2492=ORIENTED_EDGE('',*,*,#1736,.F.);
#2493=ORIENTED_EDGE('',*,*,#1732,.F.);
#2494=ORIENTED_EDGE('',*,*,#1727,.T.);
#2495=ORIENTED_EDGE('',*,*,#1608,.T.);
#2496=ORIENTED_EDGE('',*,*,#1737,.F.);
#2497=ORIENTED_EDGE('',*,*,#1735,.T.);
#2498=ORIENTED_EDGE('',*,*,#1408,.T.);
#2499=ORIENTED_EDGE('',*,*,#1393,.F.);
#2500=ORIENTED_EDGE('',*,*,#1635,.T.);
#2501=ORIENTED_EDGE('',*,*,#1633,.T.);
#2502=ORIENTED_EDGE('',*,*,#1738,.F.);
#2503=ORIENTED_EDGE('',*,*,#1639,.T.);
#2504=ORIENTED_EDGE('',*,*,#1335,.F.);
#2505=ORIENTED_EDGE('',*,*,#1572,.F.);
#2506=ORIENTED_EDGE('',*,*,#1713,.F.);
#2507=ORIENTED_EDGE('',*,*,#1715,.F.);
#2508=ORIENTED_EDGE('',*,*,#1712,.F.);
#2509=ORIENTED_EDGE('',*,*,#1711,.F.);
#2510=ORIENTED_EDGE('',*,*,#1739,.F.);
#2511=ORIENTED_EDGE('',*,*,#1645,.T.);
#2512=ORIENTED_EDGE('',*,*,#1738,.T.);
#2513=ORIENTED_EDGE('',*,*,#1621,.T.);
#2514=ORIENTED_EDGE('',*,*,#1391,.T.);
#2515=ORIENTED_EDGE('',*,*,#1413,.T.);
#2516=ORIENTED_EDGE('',*,*,#1731,.F.);
#2517=ORIENTED_EDGE('',*,*,#1740,.F.);
#2518=ORIENTED_EDGE('',*,*,#1643,.T.);
#2519=ORIENTED_EDGE('',*,*,#1725,.T.);
#2520=ORIENTED_EDGE('',*,*,#1411,.T.);
#2521=ORIENTED_EDGE('',*,*,#1734,.F.);
#2522=ORIENTED_EDGE('',*,*,#1741,.T.);
#2523=ORIENTED_EDGE('',*,*,#1729,.T.);
#2524=ORIENTED_EDGE('',*,*,#1701,.F.);
#2525=ORIENTED_EDGE('',*,*,#1699,.F.);
#2526=ORIENTED_EDGE('',*,*,#1367,.T.);
#2527=ORIENTED_EDGE('',*,*,#1629,.F.);
#2528=ORIENTED_EDGE('',*,*,#1644,.F.);
#2529=ORIENTED_EDGE('',*,*,#1740,.T.);
#2530=ORIENTED_EDGE('',*,*,#1730,.F.);
#2531=ORIENTED_EDGE('',*,*,#1741,.F.);
#2532=ORIENTED_EDGE('',*,*,#1733,.F.);
#2533=ORIENTED_EDGE('',*,*,#1736,.T.);
#2534=ORIENTED_EDGE('',*,*,#1737,.T.);
#2535=ORIENTED_EDGE('',*,*,#1638,.F.);
#2536=ORIENTED_EDGE('',*,*,#1739,.T.);
#2537=ORIENTED_EDGE('',*,*,#1705,.F.);
#2538=ORIENTED_EDGE('',*,*,#1678,.F.);
#2539=ORIENTED_EDGE('',*,*,#1541,.F.);
#2540=ORIENTED_EDGE('',*,*,#1538,.F.);
#2541=ORIENTED_EDGE('',*,*,#1535,.F.);
#2542=ORIENTED_EDGE('',*,*,#1533,.F.);
#2543=ORIENTED_EDGE('',*,*,#1531,.F.);
#2544=ORIENTED_EDGE('',*,*,#1529,.F.);
#2545=ORIENTED_EDGE('',*,*,#1527,.F.);
#2546=ORIENTED_EDGE('',*,*,#1525,.F.);
#2547=ORIENTED_EDGE('',*,*,#1521,.F.);
#2548=ORIENTED_EDGE('',*,*,#1518,.F.);
#2549=ORIENTED_EDGE('',*,*,#1515,.F.);
#2550=ORIENTED_EDGE('',*,*,#1512,.F.);
#2551=ORIENTED_EDGE('',*,*,#1509,.F.);
#2552=ORIENTED_EDGE('',*,*,#1506,.F.);
#2553=ORIENTED_EDGE('',*,*,#1503,.F.);
#2554=ORIENTED_EDGE('',*,*,#1500,.F.);
#2555=ORIENTED_EDGE('',*,*,#1495,.F.);
#2556=CYLINDRICAL_SURFACE('',#2788,0.5);
#2557=CYLINDRICAL_SURFACE('',#2794,0.5);
#2558=CYLINDRICAL_SURFACE('',#2806,0.5);
#2559=CYLINDRICAL_SURFACE('',#2812,0.5);
#2560=CYLINDRICAL_SURFACE('',#2813,0.499999999999998);
#2561=CYLINDRICAL_SURFACE('',#2817,2.);
#2562=CYLINDRICAL_SURFACE('',#2820,1.);
#2563=CYLINDRICAL_SURFACE('',#2822,28.7);
#2564=CYLINDRICAL_SURFACE('',#2824,1.);
#2565=CYLINDRICAL_SURFACE('',#2827,2.);
#2566=CYLINDRICAL_SURFACE('',#2833,0.5);
#2567=CYLINDRICAL_SURFACE('',#2842,0.5);
#2568=CYLINDRICAL_SURFACE('',#2853,0.5);
#2569=CYLINDRICAL_SURFACE('',#2859,0.5);
#2570=CYLINDRICAL_SURFACE('',#2865,0.5);
#2571=CYLINDRICAL_SURFACE('',#2871,0.5);
#2572=CYLINDRICAL_SURFACE('',#2877,0.5);
#2573=CYLINDRICAL_SURFACE('',#2889,28.5);
#2574=CYLINDRICAL_SURFACE('',#2892,0.75);
#2575=CYLINDRICAL_SURFACE('',#2895,2.5);
#2576=CYLINDRICAL_SURFACE('',#2898,2.5);
#2577=CYLINDRICAL_SURFACE('',#2910,0.5);
#2578=CYLINDRICAL_SURFACE('',#2923,0.5);
#2579=CYLINDRICAL_SURFACE('',#2929,0.5);
#2580=CYLINDRICAL_SURFACE('',#2935,0.5);
#2581=CYLINDRICAL_SURFACE('',#2940,0.5);
#2582=CYLINDRICAL_SURFACE('',#2945,0.5);
#2583=CYLINDRICAL_SURFACE('',#2955,0.5);
#2584=CYLINDRICAL_SURFACE('',#2958,1.);
#2585=CYLINDRICAL_SURFACE('',#2960,28.5);
#2586=CYLINDRICAL_SURFACE('',#2962,0.75);
#2587=CYLINDRICAL_SURFACE('',#2964,2.49999999999999);
#2588=CYLINDRICAL_SURFACE('',#2966,2.50000000000001);
#2589=CYLINDRICAL_SURFACE('',#2986,0.25);
#2590=CYLINDRICAL_SURFACE('',#2992,0.25);
#2591=CYLINDRICAL_SURFACE('',#2994,0.25);
#2592=CYLINDRICAL_SURFACE('',#3000,0.25);
#2593=CYLINDRICAL_SURFACE('',#3002,0.25);
#2594=CYLINDRICAL_SURFACE('',#3008,0.25);
#2595=CYLINDRICAL_SURFACE('',#3010,0.25);
#2596=CYLINDRICAL_SURFACE('',#3016,0.25);
#2597=CYLINDRICAL_SURFACE('',#3031,0.25);
#2598=CYLINDRICAL_SURFACE('',#3037,0.25);
#2599=CYLINDRICAL_SURFACE('',#3039,0.25);
#2600=CYLINDRICAL_SURFACE('',#3045,0.25);
#2601=CYLINDRICAL_SURFACE('',#3047,0.25);
#2602=CYLINDRICAL_SURFACE('',#3053,0.25);
#2603=CYLINDRICAL_SURFACE('',#3055,0.25);
#2604=CYLINDRICAL_SURFACE('',#3061,0.25);
#2605=CYLINDRICAL_SURFACE('',#3084,1.625);
#2606=CYLINDRICAL_SURFACE('',#3086,1.625);
#2607=CYLINDRICAL_SURFACE('',#3088,1.);
#2608=CYLINDRICAL_SURFACE('',#3089,1.);
#2609=CYLINDRICAL_SURFACE('',#3091,1.);
#2610=CYLINDRICAL_SURFACE('',#3095,0.499999999999998);
#2611=ADVANCED_FACE('',(#139),#2556,.T.);
#2612=ADVANCED_FACE('',(#140),#121,.T.);
#2613=ADVANCED_FACE('',(#141),#2557,.T.);
#2614=ADVANCED_FACE('',(#142),#113,.F.);
#2615=ADVANCED_FACE('',(#143),#122,.T.);
#2616=ADVANCED_FACE('',(#144),#114,.F.);
#2617=ADVANCED_FACE('',(#145),#2558,.T.);
#2618=ADVANCED_FACE('',(#146),#123,.T.);
#2619=ADVANCED_FACE('',(#147),#2559,.T.);
#2620=ADVANCED_FACE('',(#148),#2560,.F.);
#2621=ADVANCED_FACE('',(#149),#43,.T.);
#2622=ADVANCED_FACE('',(#150),#2561,.F.);
#2623=ADVANCED_FACE('',(#151),#44,.T.);
#2624=ADVANCED_FACE('',(#152),#2562,.T.);
#2625=ADVANCED_FACE('',(#153),#2563,.F.);
#2626=ADVANCED_FACE('',(#154),#2564,.T.);
#2627=ADVANCED_FACE('',(#155),#45,.T.);
#2628=ADVANCED_FACE('',(#156),#2565,.F.);
#2629=ADVANCED_FACE('',(#157),#46,.T.);
#2630=ADVANCED_FACE('',(#158),#124,.T.);
#2631=ADVANCED_FACE('',(#159),#2566,.T.);
#2632=ADVANCED_FACE('',(#160),#115,.F.);
#2633=ADVANCED_FACE('',(#161),#125,.T.);
#2634=ADVANCED_FACE('',(#162),#116,.F.);
#2635=ADVANCED_FACE('',(#163),#2567,.T.);
#2636=ADVANCED_FACE('',(#164),#126,.T.);
#2637=ADVANCED_FACE('',(#165),#47,.F.);
#2638=ADVANCED_FACE('',(#166),#37,.F.);
#2639=ADVANCED_FACE('',(#167),#2568,.T.);
#2640=ADVANCED_FACE('',(#168),#127,.T.);
#2641=ADVANCED_FACE('',(#169),#2569,.T.);
#2642=ADVANCED_FACE('',(#170),#128,.T.);
#2643=ADVANCED_FACE('',(#171),#2570,.T.);
#2644=ADVANCED_FACE('',(#172),#129,.T.);
#2645=ADVANCED_FACE('',(#173),#2571,.T.);
#2646=ADVANCED_FACE('',(#174),#130,.T.);
#2647=ADVANCED_FACE('',(#175),#2572,.T.);
#2648=ADVANCED_FACE('',(#176),#38,.F.);
#2649=ADVANCED_FACE('',(#177),#39,.F.);
#2650=ADVANCED_FACE('',(#178),#40,.F.);
#2651=ADVANCED_FACE('',(#179),#48,.T.);
#2652=ADVANCED_FACE('',(#180),#19,.T.);
#2653=ADVANCED_FACE('',(#181),#49,.T.);
#2654=ADVANCED_FACE('',(#182),#20,.T.);
#2655=ADVANCED_FACE('',(#183),#50,.T.);
#2656=ADVANCED_FACE('',(#184),#2573,.F.);
#2657=ADVANCED_FACE('',(#185),#2574,.T.);
#2658=ADVANCED_FACE('',(#186),#51,.T.);
#2659=ADVANCED_FACE('',(#187),#2575,.T.);
#2660=ADVANCED_FACE('',(#188),#52,.T.);
#2661=ADVANCED_FACE('',(#189),#2576,.T.);
#2662=ADVANCED_FACE('',(#190),#53,.T.);
#2663=ADVANCED_FACE('',(#191),#54,.T.);
#2664=ADVANCED_FACE('',(#192),#131,.T.);
#2665=ADVANCED_FACE('',(#193),#2577,.T.);
#2666=ADVANCED_FACE('',(#194),#117,.F.);
#2667=ADVANCED_FACE('',(#195),#132,.T.);
#2668=ADVANCED_FACE('',(#196),#118,.F.);
#2669=ADVANCED_FACE('',(#197),#2578,.T.);
#2670=ADVANCED_FACE('',(#198),#133,.T.);
#2671=ADVANCED_FACE('',(#199),#2579,.T.);
#2672=ADVANCED_FACE('',(#200),#134,.T.);
#2673=ADVANCED_FACE('',(#201),#2580,.T.);
#2674=ADVANCED_FACE('',(#202),#135,.T.);
#2675=ADVANCED_FACE('',(#203),#2581,.T.);
#2676=ADVANCED_FACE('',(#204),#136,.T.);
#2677=ADVANCED_FACE('',(#205),#2582,.T.);
#2678=ADVANCED_FACE('',(#206),#119,.F.);
#2679=ADVANCED_FACE('',(#207),#137,.T.);
#2680=ADVANCED_FACE('',(#208),#120,.F.);
#2681=ADVANCED_FACE('',(#209),#2583,.T.);
#2682=ADVANCED_FACE('',(#210),#55,.T.);
#2683=ADVANCED_FACE('',(#211),#2584,.T.);
#2684=ADVANCED_FACE('',(#212),#2585,.F.);
#2685=ADVANCED_FACE('',(#213),#2586,.T.);
#2686=ADVANCED_FACE('',(#214),#56,.T.);
#2687=ADVANCED_FACE('',(#215),#2587,.T.);
#2688=ADVANCED_FACE('',(#216),#57,.T.);
#2689=ADVANCED_FACE('',(#217),#2588,.T.);
#2690=ADVANCED_FACE('',(#218),#138,.T.);
#2691=ADVANCED_FACE('',(#219),#58,.T.);
#2692=ADVANCED_FACE('',(#220),#59,.T.);
#2693=ADVANCED_FACE('',(#221),#60,.T.);
#2694=ADVANCED_FACE('',(#222),#61,.T.);
#2695=ADVANCED_FACE('',(#223),#62,.T.);
#2696=ADVANCED_FACE('',(#224),#63,.T.);
#2697=ADVANCED_FACE('',(#225),#21,.T.);
#2698=ADVANCED_FACE('',(#226),#22,.T.);
#2699=ADVANCED_FACE('',(#227),#2589,.T.);
#2700=ADVANCED_FACE('',(#228),#64,.F.);
#2701=ADVANCED_FACE('',(#229),#65,.F.);
#2702=ADVANCED_FACE('',(#230),#2590,.T.);
#2703=ADVANCED_FACE('',(#231),#2591,.T.);
#2704=ADVANCED_FACE('',(#232),#66,.F.);
#2705=ADVANCED_FACE('',(#233),#67,.F.);
#2706=ADVANCED_FACE('',(#234),#2592,.T.);
#2707=ADVANCED_FACE('',(#235),#2593,.T.);
#2708=ADVANCED_FACE('',(#236),#68,.T.);
#2709=ADVANCED_FACE('',(#237),#69,.T.);
#2710=ADVANCED_FACE('',(#238),#2594,.T.);
#2711=ADVANCED_FACE('',(#239),#2595,.T.);
#2712=ADVANCED_FACE('',(#240),#70,.T.);
#2713=ADVANCED_FACE('',(#241),#71,.T.);
#2714=ADVANCED_FACE('',(#242),#2596,.T.);
#2715=ADVANCED_FACE('',(#243),#72,.T.);
#2716=ADVANCED_FACE('',(#244),#73,.T.);
#2717=ADVANCED_FACE('',(#245),#74,.T.);
#2718=ADVANCED_FACE('',(#246),#75,.T.);
#2719=ADVANCED_FACE('',(#247),#76,.T.);
#2720=ADVANCED_FACE('',(#248),#77,.T.);
#2721=ADVANCED_FACE('',(#249),#78,.T.);
#2722=ADVANCED_FACE('',(#250),#79,.T.);
#2723=ADVANCED_FACE('',(#251),#80,.T.);
#2724=ADVANCED_FACE('',(#252),#81,.F.);
#2725=ADVANCED_FACE('',(#253),#82,.T.);
#2726=ADVANCED_FACE('',(#254),#83,.F.);
#2727=ADVANCED_FACE('',(#255),#84,.T.);
#2728=ADVANCED_FACE('',(#256),#2597,.T.);
#2729=ADVANCED_FACE('',(#257),#85,.F.);
#2730=ADVANCED_FACE('',(#258),#86,.F.);
#2731=ADVANCED_FACE('',(#259),#2598,.T.);
#2732=ADVANCED_FACE('',(#260),#2599,.T.);
#2733=ADVANCED_FACE('',(#261),#87,.F.);
#2734=ADVANCED_FACE('',(#262),#88,.F.);
#2735=ADVANCED_FACE('',(#263),#2600,.T.);
#2736=ADVANCED_FACE('',(#264),#2601,.T.);
#2737=ADVANCED_FACE('',(#265),#89,.T.);
#2738=ADVANCED_FACE('',(#266),#90,.T.);
#2739=ADVANCED_FACE('',(#267),#2602,.T.);
#2740=ADVANCED_FACE('',(#268),#2603,.T.);
#2741=ADVANCED_FACE('',(#269),#91,.T.);
#2742=ADVANCED_FACE('',(#270),#92,.T.);
#2743=ADVANCED_FACE('',(#271),#2604,.T.);
#2744=ADVANCED_FACE('',(#272),#93,.T.);
#2745=ADVANCED_FACE('',(#273),#94,.F.);
#2746=ADVANCED_FACE('',(#274),#95,.T.);
#2747=ADVANCED_FACE('',(#275),#96,.F.);
#2748=ADVANCED_FACE('',(#276),#97,.T.);
#2749=ADVANCED_FACE('',(#277),#98,.T.);
#2750=ADVANCED_FACE('',(#278),#99,.T.);
#2751=ADVANCED_FACE('',(#279),#100,.T.);
#2752=ADVANCED_FACE('',(#280),#101,.T.);
#2753=ADVANCED_FACE('',(#281),#102,.T.);
#2754=ADVANCED_FACE('',(#282),#103,.T.);
#2755=ADVANCED_FACE('',(#283),#104,.T.);
#2756=ADVANCED_FACE('',(#284),#105,.T.);
#2757=ADVANCED_FACE('',(#285),#41,.F.);
#2758=ADVANCED_FACE('',(#286),#23,.F.);
#2759=ADVANCED_FACE('',(#287),#42,.F.);
#2760=ADVANCED_FACE('',(#288),#24,.F.);
#2761=ADVANCED_FACE('',(#289,#15),#106,.T.);
#2762=ADVANCED_FACE('',(#290,#16),#107,.T.);
#2763=ADVANCED_FACE('',(#291),#2605,.F.);
#2764=ADVANCED_FACE('',(#292),#2606,.F.);
#2765=ADVANCED_FACE('',(#293),#2607,.T.);
#2766=ADVANCED_FACE('',(#294),#2608,.T.);
#2767=ADVANCED_FACE('',(#295),#2609,.T.);
#2768=ADVANCED_FACE('',(#296,#17),#108,.T.);
#2769=ADVANCED_FACE('',(#297),#109,.T.);
#2770=ADVANCED_FACE('',(#298),#2610,.F.);
#2771=ADVANCED_FACE('',(#299,#18),#110,.T.);
#2772=ADVANCED_FACE('',(#300),#111,.T.);
#2773=ADVANCED_FACE('',(#301),#112,.F.);
#2774=CLOSED_SHELL('',(#2611,#2612,#2613,#2614,#2615,#2616,#2617,#2618,
#2619,#2620,#2621,#2622,#2623,#2624,#2625,#2626,#2627,#2628,#2629,#2630,
#2631,#2632,#2633,#2634,#2635,#2636,#2637,#2638,#2639,#2640,#2641,#2642,
#2643,#2644,#2645,#2646,#2647,#2648,#2649,#2650,#2651,#2652,#2653,#2654,
#2655,#2656,#2657,#2658,#2659,#2660,#2661,#2662,#2663,#2664,#2665,#2666,
#2667,#2668,#2669,#2670,#2671,#2672,#2673,#2674,#2675,#2676,#2677,#2678,
#2679,#2680,#2681,#2682,#2683,#2684,#2685,#2686,#2687,#2688,#2689,#2690,
#2691,#2692,#2693,#2694,#2695,#2696,#2697,#2698,#2699,#2700,#2701,#2702,
#2703,#2704,#2705,#2706,#2707,#2708,#2709,#2710,#2711,#2712,#2713,#2714,
#2715,#2716,#2717,#2718,#2719,#2720,#2721,#2722,#2723,#2724,#2725,#2726,
#2727,#2728,#2729,#2730,#2731,#2732,#2733,#2734,#2735,#2736,#2737,#2738,
#2739,#2740,#2741,#2742,#2743,#2744,#2745,#2746,#2747,#2748,#2749,#2750,
#2751,#2752,#2753,#2754,#2755,#2756,#2757,#2758,#2759,#2760,#2761,#2762,
#2763,#2764,#2765,#2766,#2767,#2768,#2769,#2770,#2771,#2772,#2773));
#2775=DERIVED_UNIT_ELEMENT(#2777,1.);
#2776=DERIVED_UNIT_ELEMENT(#5228,-3.);
#2777=(
MASS_UNIT()
NAMED_UNIT(*)
SI_UNIT(.KILO.,.GRAM.)
);
#2778=DERIVED_UNIT((#2775,#2776));
#2779=MEASURE_REPRESENTATION_ITEM('density measure',
POSITIVE_RATIO_MEASURE(7850.),#2778);
#2780=PROPERTY_DEFINITION_REPRESENTATION(#2785,#2782);
#2781=PROPERTY_DEFINITION_REPRESENTATION(#2786,#2783);
#2782=REPRESENTATION('material name',(#2784),#5225);
#2783=REPRESENTATION('density',(#2779),#5225);
#2784=DESCRIPTIVE_REPRESENTATION_ITEM('Steel','Steel');
#2785=PROPERTY_DEFINITION('material property','material name',#5235);
#2786=PROPERTY_DEFINITION('material property','density of part',#5235);
#2787=AXIS2_PLACEMENT_3D('',#3951,#3100,#3101);
#2788=AXIS2_PLACEMENT_3D('',#3952,#3102,#3103);
#2789=AXIS2_PLACEMENT_3D('',#3974,#3105,#3106);
#2790=AXIS2_PLACEMENT_3D('',#3976,#3108,#3109);
#2791=AXIS2_PLACEMENT_3D('',#3979,#3110,#3111);
#2792=AXIS2_PLACEMENT_3D('',#3980,#3112,#3113);
#2793=AXIS2_PLACEMENT_3D('',#3981,#3114,#3115);
#2794=AXIS2_PLACEMENT_3D('',#3982,#3116,#3117);
#2795=AXIS2_PLACEMENT_3D('',#3985,#3118,#3119);
#2796=AXIS2_PLACEMENT_3D('',#3999,#3122,#3123);
#2797=AXIS2_PLACEMENT_3D('',#4000,#3124,#3125);
#2798=AXIS2_PLACEMENT_3D('',#4001,#3126,#3127);
#2799=AXIS2_PLACEMENT_3D('',#4002,#3128,#3129);
#2800=AXIS2_PLACEMENT_3D('',#4005,#3130,#3131);
#2801=AXIS2_PLACEMENT_3D('',#4006,#3132,#3133);
#2802=AXIS2_PLACEMENT_3D('',#4007,#3134,#3135);
#2803=AXIS2_PLACEMENT_3D('',#4019,#3136,#3137);
#2804=AXIS2_PLACEMENT_3D('',#4020,#3138,#3139);
#2805=AXIS2_PLACEMENT_3D('',#4021,#3140,#3141);
#2806=AXIS2_PLACEMENT_3D('',#4022,#3142,#3143);
#2807=AXIS2_PLACEMENT_3D('',#4025,#3144,#3145);
#2808=AXIS2_PLACEMENT_3D('',#4028,#3148,#3149);
#2809=AXIS2_PLACEMENT_3D('',#4031,#3150,#3151);
#2810=AXIS2_PLACEMENT_3D('',#4032,#3152,#3153);
#2811=AXIS2_PLACEMENT_3D('',#4033,#3154,#3155);
#2812=AXIS2_PLACEMENT_3D('',#4034,#3156,#3157);
#2813=AXIS2_PLACEMENT_3D('',#4055,#3160,#3161);
#2814=AXIS2_PLACEMENT_3D('',#4065,#3166,#3167);
#2815=AXIS2_PLACEMENT_3D('',#4074,#3172,#3173);
#2816=AXIS2_PLACEMENT_3D('',#4075,#3174,#3175);
#2817=AXIS2_PLACEMENT_3D('',#4079,#3178,#3179);
#2818=AXIS2_PLACEMENT_3D('',#4083,#3181,#3182);
#2819=AXIS2_PLACEMENT_3D('',#4085,#3184,#3185);
#2820=AXIS2_PLACEMENT_3D('',#4089,#3188,#3189);
#2821=AXIS2_PLACEMENT_3D('',#4092,#3191,#3192);
#2822=AXIS2_PLACEMENT_3D('',#4093,#3193,#3194);
#2823=AXIS2_PLACEMENT_3D('',#4096,#3196,#3197);
#2824=AXIS2_PLACEMENT_3D('',#4097,#3198,#3199);
#2825=AXIS2_PLACEMENT_3D('',#4100,#3201,#3202);
#2826=AXIS2_PLACEMENT_3D('',#4101,#3203,#3204);
#2827=AXIS2_PLACEMENT_3D('',#4105,#3207,#3208);
#2828=AXIS2_PLACEMENT_3D('',#4110,#3211,#3212);
#2829=AXIS2_PLACEMENT_3D('',#4111,#3213,#3214);
#2830=AXIS2_PLACEMENT_3D('',#4115,#3217,#3218);
#2831=AXIS2_PLACEMENT_3D('',#4122,#3219,#3220);
#2832=AXIS2_PLACEMENT_3D('',#4123,#3221,#3222);
#2833=AXIS2_PLACEMENT_3D('',#4124,#3223,#3224);
#2834=AXIS2_PLACEMENT_3D('',#4126,#3225,#3226);
#2835=AXIS2_PLACEMENT_3D('',#4138,#3228,#3229);
#2836=AXIS2_PLACEMENT_3D('',#4139,#3230,#3231);
#2837=AXIS2_PLACEMENT_3D('',#4140,#3232,#3233);
#2838=AXIS2_PLACEMENT_3D('',#4142,#3234,#3235);
#2839=AXIS2_PLACEMENT_3D('',#4143,#3236,#3237);
#2840=AXIS2_PLACEMENT_3D('',#4154,#3238,#3239);
#2841=AXIS2_PLACEMENT_3D('',#4155,#3240,#3241);
#2842=AXIS2_PLACEMENT_3D('',#4156,#3242,#3243);
#2843=AXIS2_PLACEMENT_3D('',#4158,#3244,#3245);
#2844=AXIS2_PLACEMENT_3D('',#4160,#3247,#3248);
#2845=AXIS2_PLACEMENT_3D('',#4166,#3249,#3250);
#2846=AXIS2_PLACEMENT_3D('',#4167,#3251,#3252);
#2847=AXIS2_PLACEMENT_3D('',#4173,#3255,#3256);
#2848=AXIS2_PLACEMENT_3D('',#4177,#3258,#3259);
#2849=AXIS2_PLACEMENT_3D('',#4232,#3262,#3263);
#2850=AXIS2_PLACEMENT_3D('',#4234,#3264,#3265);
#2851=AXIS2_PLACEMENT_3D('',#4236,#3266,#3267);
#2852=AXIS2_PLACEMENT_3D('',#4237,#3268,#3269);
#2853=AXIS2_PLACEMENT_3D('',#4238,#3270,#3271);
#2854=AXIS2_PLACEMENT_3D('',#4241,#3272,#3273);
#2855=AXIS2_PLACEMENT_3D('',#4244,#3276,#3277);
#2856=AXIS2_PLACEMENT_3D('',#4247,#3278,#3279);
#2857=AXIS2_PLACEMENT_3D('',#4248,#3280,#3281);
#2858=AXIS2_PLACEMENT_3D('',#4249,#3282,#3283);
#2859=AXIS2_PLACEMENT_3D('',#4250,#3284,#3285);
#2860=AXIS2_PLACEMENT_3D('',#4253,#3286,#3287);
#2861=AXIS2_PLACEMENT_3D('',#4256,#3290,#3291);
#2862=AXIS2_PLACEMENT_3D('',#4259,#3292,#3293);
#2863=AXIS2_PLACEMENT_3D('',#4260,#3294,#3295);
#2864=AXIS2_PLACEMENT_3D('',#4261,#3296,#3297);
#2865=AXIS2_PLACEMENT_3D('',#4262,#3298,#3299);
#2866=AXIS2_PLACEMENT_3D('',#4283,#3302,#3303);
#2867=AXIS2_PLACEMENT_3D('',#4302,#3306,#3307);
#2868=AXIS2_PLACEMENT_3D('',#4305,#3308,#3309);
#2869=AXIS2_PLACEMENT_3D('',#4306,#3310,#3311);
#2870=AXIS2_PLACEMENT_3D('',#4307,#3312,#3313);
#2871=AXIS2_PLACEMENT_3D('',#4308,#3314,#3315);
#2872=AXIS2_PLACEMENT_3D('',#4311,#3316,#3317);
#2873=AXIS2_PLACEMENT_3D('',#4314,#3320,#3321);
#2874=AXIS2_PLACEMENT_3D('',#4317,#3322,#3323);
#2875=AXIS2_PLACEMENT_3D('',#4318,#3324,#3325);
#2876=AXIS2_PLACEMENT_3D('',#4319,#3326,#3327);
#2877=AXIS2_PLACEMENT_3D('',#4320,#3328,#3329);
#2878=AXIS2_PLACEMENT_3D('',#4323,#3330,#3331);
#2879=AXIS2_PLACEMENT_3D('',#4377,#3334,#3335);
#2880=AXIS2_PLACEMENT_3D('',#4378,#3336,#3337);
#2881=AXIS2_PLACEMENT_3D('',#4379,#3338,#3339);
#2882=AXIS2_PLACEMENT_3D('',#4496,#3340,#3341);
#2883=AXIS2_PLACEMENT_3D('',#4502,#3345,#3346);
#2884=AXIS2_PLACEMENT_3D('',#4505,#3348,#3349);
#2885=AXIS2_PLACEMENT_3D('',#4506,#3350,#3351);
#2886=AXIS2_PLACEMENT_3D('',#4510,#3354,#3355);
#2887=AXIS2_PLACEMENT_3D('',#4513,#3357,#3358);
#2888=AXIS2_PLACEMENT_3D('',#4514,#3359,#3360);
#2889=AXIS2_PLACEMENT_3D('',#4516,#3362,#3363);
#2890=AXIS2_PLACEMENT_3D('',#4520,#3365,#3366);
#2891=AXIS2_PLACEMENT_3D('',#4523,#3368,#3369);
#2892=AXIS2_PLACEMENT_3D('',#4524,#3370,#3371);
#2893=AXIS2_PLACEMENT_3D('',#4527,#3373,#3374);
#2894=AXIS2_PLACEMENT_3D('',#4528,#3375,#3376);
#2895=AXIS2_PLACEMENT_3D('',#4532,#3379,#3380);
#2896=AXIS2_PLACEMENT_3D('',#4535,#3382,#3383);
#2897=AXIS2_PLACEMENT_3D('',#4536,#3384,#3385);
#2898=AXIS2_PLACEMENT_3D('',#4540,#3388,#3389);
#2899=AXIS2_PLACEMENT_3D('',#4551,#3392,#3393);
#2900=AXIS2_PLACEMENT_3D('',#4552,#3394,#3395);
#2901=AXIS2_PLACEMENT_3D('',#4553,#3396,#3397);
#2902=AXIS2_PLACEMENT_3D('',#4554,#3398,#3399);
#2903=AXIS2_PLACEMENT_3D('',#4556,#3400,#3401);
#2904=AXIS2_PLACEMENT_3D('',#4559,#3403,#3404);
#2905=AXIS2_PLACEMENT_3D('',#4560,#3405,#3406);
#2906=AXIS2_PLACEMENT_3D('',#4588,#3407,#3408);
#2907=AXIS2_PLACEMENT_3D('',#4590,#3409,#3410);
#2908=AXIS2_PLACEMENT_3D('',#4592,#3411,#3412);
#2909=AXIS2_PLACEMENT_3D('',#4593,#3413,#3414);
#2910=AXIS2_PLACEMENT_3D('',#4594,#3415,#3416);
#2911=AXIS2_PLACEMENT_3D('',#4597,#3417,#3418);
#2912=AXIS2_PLACEMENT_3D('',#4601,#3420,#3421);
#2913=AXIS2_PLACEMENT_3D('',#4614,#3423,#3424);
#2914=AXIS2_PLACEMENT_3D('',#4615,#3425,#3426);
#2915=AXIS2_PLACEMENT_3D('',#4616,#3427,#3428);
#2916=AXIS2_PLACEMENT_3D('',#4617,#3429,#3430);
#2917=AXIS2_PLACEMENT_3D('',#4620,#3431,#3432);
#2918=AXIS2_PLACEMENT_3D('',#4621,#3433,#3434);
#2919=AXIS2_PLACEMENT_3D('',#4622,#3435,#3436);
#2920=AXIS2_PLACEMENT_3D('',#4640,#3437,#3438);
#2921=AXIS2_PLACEMENT_3D('',#4641,#3439,#3440);
#2922=AXIS2_PLACEMENT_3D('',#4642,#3441,#3442);
#2923=AXIS2_PLACEMENT_3D('',#4643,#3443,#3444);
#2924=AXIS2_PLACEMENT_3D('',#4646,#3445,#3446);
#2925=AXIS2_PLACEMENT_3D('',#4649,#3449,#3450);
#2926=AXIS2_PLACEMENT_3D('',#4652,#3451,#3452);
#2927=AXIS2_PLACEMENT_3D('',#4653,#3453,#3454);
#2928=AXIS2_PLACEMENT_3D('',#4654,#3455,#3456);
#2929=AXIS2_PLACEMENT_3D('',#4655,#3457,#3458);
#2930=AXIS2_PLACEMENT_3D('',#4658,#3459,#3460);
#2931=AXIS2_PLACEMENT_3D('',#4661,#3463,#3464);
#2932=AXIS2_PLACEMENT_3D('',#4664,#3465,#3466);
#2933=AXIS2_PLACEMENT_3D('',#4665,#3467,#3468);
#2934=AXIS2_PLACEMENT_3D('',#4666,#3469,#3470);
#2935=AXIS2_PLACEMENT_3D('',#4667,#3471,#3472);
#2936=AXIS2_PLACEMENT_3D('',#4698,#3475,#3476);
#2937=AXIS2_PLACEMENT_3D('',#4700,#3478,#3479);
#2938=AXIS2_PLACEMENT_3D('',#4702,#3480,#3481);
#2939=AXIS2_PLACEMENT_3D('',#4703,#3482,#3483);
#2940=AXIS2_PLACEMENT_3D('',#4704,#3484,#3485);
#2941=AXIS2_PLACEMENT_3D('',#4706,#3486,#3487);
#2942=AXIS2_PLACEMENT_3D('',#4708,#3489,#3490);
#2943=AXIS2_PLACEMENT_3D('',#4710,#3491,#3492);
#2944=AXIS2_PLACEMENT_3D('',#4711,#3493,#3494);
#2945=AXIS2_PLACEMENT_3D('',#4712,#3495,#3496);
#2946=AXIS2_PLACEMENT_3D('',#4714,#3497,#3498);
#2947=AXIS2_PLACEMENT_3D('',#4732,#3500,#3501);
#2948=AXIS2_PLACEMENT_3D('',#4733,#3502,#3503);
#2949=AXIS2_PLACEMENT_3D('',#4734,#3504,#3505);
#2950=AXIS2_PLACEMENT_3D('',#4736,#3506,#3507);
#2951=AXIS2_PLACEMENT_3D('',#4737,#3508,#3509);
#2952=AXIS2_PLACEMENT_3D('',#4749,#3510,#3511);
#2953=AXIS2_PLACEMENT_3D('',#4750,#3512,#3513);
#2954=AXIS2_PLACEMENT_3D('',#4751,#3514,#3515);
#2955=AXIS2_PLACEMENT_3D('',#4752,#3516,#3517);
#2956=AXIS2_PLACEMENT_3D('',#4755,#3518,#3519);
#2957=AXIS2_PLACEMENT_3D('',#4758,#3522,#3523);
#2958=AXIS2_PLACEMENT_3D('',#4770,#3531,#3532);
#2959=AXIS2_PLACEMENT_3D('',#4773,#3534,#3535);
#2960=AXIS2_PLACEMENT_3D('',#4774,#3536,#3537);
#2961=AXIS2_PLACEMENT_3D('',#4775,#3538,#3539);
#2962=AXIS2_PLACEMENT_3D('',#4777,#3541,#3542);
#2963=AXIS2_PLACEMENT_3D('',#4779,#3544,#3545);
#2964=AXIS2_PLACEMENT_3D('',#4781,#3547,#3548);
#2965=AXIS2_PLACEMENT_3D('',#4783,#3550,#3551);
#2966=AXIS2_PLACEMENT_3D('',#4785,#3553,#3554);
#2967=AXIS2_PLACEMENT_3D('',#4795,#3557,#3558);
#2968=AXIS2_PLACEMENT_3D('',#4796,#3559,#3560);
#2969=AXIS2_PLACEMENT_3D('',#4798,#3561,#3562);
#2970=AXIS2_PLACEMENT_3D('',#4800,#3563,#3564);
#2971=AXIS2_PLACEMENT_3D('',#4802,#3565,#3566);
#2972=AXIS2_PLACEMENT_3D('',#4803,#3567,#3568);
#2973=AXIS2_PLACEMENT_3D('',#4804,#3569,#3570);
#2974=AXIS2_PLACEMENT_3D('',#4805,#3571,#3572);
#2975=AXIS2_PLACEMENT_3D('',#4806,#3573,#3574);
#2976=AXIS2_PLACEMENT_3D('',#4807,#3575,#3576);
#2977=AXIS2_PLACEMENT_3D('',#4808,#3577,#3578);
#2978=AXIS2_PLACEMENT_3D('',#4812,#3580,#3581);
#2979=AXIS2_PLACEMENT_3D('',#4815,#3583,#3584);
#2980=AXIS2_PLACEMENT_3D('',#4817,#3585,#3586);
#2981=AXIS2_PLACEMENT_3D('',#4820,#3588,#3589);
#2982=AXIS2_PLACEMENT_3D('',#4821,#3590,#3591);
#2983=AXIS2_PLACEMENT_3D('',#4823,#3593,#3594);
#2984=AXIS2_PLACEMENT_3D('',#4826,#3597,#3598);
#2985=AXIS2_PLACEMENT_3D('',#4827,#3599,#3600);
#2986=AXIS2_PLACEMENT_3D('',#4828,#3601,#3602);
#2987=AXIS2_PLACEMENT_3D('',#4831,#3603,#3604);
#2988=AXIS2_PLACEMENT_3D('',#4835,#3606,#3607);
#2989=AXIS2_PLACEMENT_3D('',#4837,#3609,#3610);
#2990=AXIS2_PLACEMENT_3D('',#4843,#3614,#3615);
#2991=AXIS2_PLACEMENT_3D('',#4847,#3618,#3619);
#2992=AXIS2_PLACEMENT_3D('',#4848,#3620,#3621);
#2993=AXIS2_PLACEMENT_3D('',#4851,#3623,#3624);
#2994=AXIS2_PLACEMENT_3D('',#4852,#3625,#3626);
#2995=AXIS2_PLACEMENT_3D('',#4855,#3627,#3628);
#2996=AXIS2_PLACEMENT_3D('',#4859,#3630,#3631);
#2997=AXIS2_PLACEMENT_3D('',#4861,#3633,#3634);
#2998=AXIS2_PLACEMENT_3D('',#4867,#3638,#3639);
#2999=AXIS2_PLACEMENT_3D('',#4871,#3642,#3643);
#3000=AXIS2_PLACEMENT_3D('',#4872,#3644,#3645);
#3001=AXIS2_PLACEMENT_3D('',#4875,#3647,#3648);
#3002=AXIS2_PLACEMENT_3D('',#4876,#3649,#3650);
#3003=AXIS2_PLACEMENT_3D('',#4879,#3651,#3652);
#3004=AXIS2_PLACEMENT_3D('',#4883,#3654,#3655);
#3005=AXIS2_PLACEMENT_3D('',#4885,#3657,#3658);
#3006=AXIS2_PLACEMENT_3D('',#4891,#3662,#3663);
#3007=AXIS2_PLACEMENT_3D('',#4898,#3667,#3668);
#3008=AXIS2_PLACEMENT_3D('',#4899,#3669,#3670);
#3009=AXIS2_PLACEMENT_3D('',#4902,#3672,#3673);
#3010=AXIS2_PLACEMENT_3D('',#4903,#3674,#3675);
#3011=AXIS2_PLACEMENT_3D('',#4906,#3676,#3677);
#3012=AXIS2_PLACEMENT_3D('',#4910,#3679,#3680);
#3013=AXIS2_PLACEMENT_3D('',#4912,#3682,#3683);
#3014=AXIS2_PLACEMENT_3D('',#4918,#3687,#3688);
#3015=AXIS2_PLACEMENT_3D('',#4924,#3692,#3693);
#3016=AXIS2_PLACEMENT_3D('',#4925,#3694,#3695);
#3017=AXIS2_PLACEMENT_3D('',#4928,#3697,#3698);
#3018=AXIS2_PLACEMENT_3D('',#4929,#3699,#3700);
#3019=AXIS2_PLACEMENT_3D('',#4933,#3703,#3704);
#3020=AXIS2_PLACEMENT_3D('',#4937,#3707,#3708);
#3021=AXIS2_PLACEMENT_3D('',#4939,#3710,#3711);
#3022=AXIS2_PLACEMENT_3D('',#4943,#3714,#3715);
#3023=AXIS2_PLACEMENT_3D('',#4947,#3718,#3719);
#3024=AXIS2_PLACEMENT_3D('',#4950,#3722,#3723);
#3025=AXIS2_PLACEMENT_3D('',#4954,#3726,#3727);
#3026=AXIS2_PLACEMENT_3D('',#4955,#3728,#3729);
#3027=AXIS2_PLACEMENT_3D('',#4959,#3732,#3733);
#3028=AXIS2_PLACEMENT_3D('',#4961,#3735,#3736);
#3029=AXIS2_PLACEMENT_3D('',#4966,#3740,#3741);
#3030=AXIS2_PLACEMENT_3D('',#4967,#3742,#3743);
#3031=AXIS2_PLACEMENT_3D('',#4969,#3745,#3746);
#3032=AXIS2_PLACEMENT_3D('',#4972,#3747,#3748);
#3033=AXIS2_PLACEMENT_3D('',#4976,#3750,#3751);
#3034=AXIS2_PLACEMENT_3D('',#4978,#3753,#3754);
#3035=AXIS2_PLACEMENT_3D('',#4984,#3758,#3759);
#3036=AXIS2_PLACEMENT_3D('',#4988,#3762,#3763);
#3037=AXIS2_PLACEMENT_3D('',#4989,#3764,#3765);
#3038=AXIS2_PLACEMENT_3D('',#4992,#3767,#3768);
#3039=AXIS2_PLACEMENT_3D('',#4993,#3769,#3770);
#3040=AXIS2_PLACEMENT_3D('',#4996,#3771,#3772);
#3041=AXIS2_PLACEMENT_3D('',#5000,#3774,#3775);
#3042=AXIS2_PLACEMENT_3D('',#5002,#3777,#3778);
#3043=AXIS2_PLACEMENT_3D('',#5008,#3782,#3783);
#3044=AXIS2_PLACEMENT_3D('',#5012,#3786,#3787);
#3045=AXIS2_PLACEMENT_3D('',#5013,#3788,#3789);
#3046=AXIS2_PLACEMENT_3D('',#5016,#3791,#3792);
#3047=AXIS2_PLACEMENT_3D('',#5017,#3793,#3794);
#3048=AXIS2_PLACEMENT_3D('',#5020,#3795,#3796);
#3049=AXIS2_PLACEMENT_3D('',#5024,#3798,#3799);
#3050=AXIS2_PLACEMENT_3D('',#5026,#3801,#3802);
#3051=AXIS2_PLACEMENT_3D('',#5030,#3804,#3805);
#3052=AXIS2_PLACEMENT_3D('',#5037,#3810,#3811);
#3053=AXIS2_PLACEMENT_3D('',#5041,#3814,#3815);
#3054=AXIS2_PLACEMENT_3D('',#5043,#3816,#3817);
#3055=AXIS2_PLACEMENT_3D('',#5045,#3819,#3820);
#3056=AXIS2_PLACEMENT_3D('',#5048,#3821,#3822);
#3057=AXIS2_PLACEMENT_3D('',#5052,#3824,#3825);
#3058=AXIS2_PLACEMENT_3D('',#5054,#3827,#3828);
#3059=AXIS2_PLACEMENT_3D('',#5058,#3830,#3831);
#3060=AXIS2_PLACEMENT_3D('',#5064,#3835,#3836);
#3061=AXIS2_PLACEMENT_3D('',#5068,#3839,#3840);
#3062=AXIS2_PLACEMENT_3D('',#5070,#3841,#3842);
#3063=AXIS2_PLACEMENT_3D('',#5072,#3844,#3845);
#3064=AXIS2_PLACEMENT_3D('',#5074,#3847,#3848);
#3065=AXIS2_PLACEMENT_3D('',#5076,#3850,#3851);
#3066=AXIS2_PLACEMENT_3D('',#5080,#3854,#3855);
#3067=AXIS2_PLACEMENT_3D('',#5083,#3858,#3859);
#3068=AXIS2_PLACEMENT_3D('',#5087,#3862,#3863);
#3069=AXIS2_PLACEMENT_3D('',#5091,#3866,#3867);
#3070=AXIS2_PLACEMENT_3D('',#5092,#3868,#3869);
#3071=AXIS2_PLACEMENT_3D('',#5093,#3870,#3871);
#3072=AXIS2_PLACEMENT_3D('',#5097,#3874,#3875);
#3073=AXIS2_PLACEMENT_3D('',#5101,#3878,#3879);
#3074=AXIS2_PLACEMENT_3D('',#5103,#3881,#3882);
#3075=AXIS2_PLACEMENT_3D('',#5107,#3886,#3887);
#3076=AXIS2_PLACEMENT_3D('',#5144,#3889,#3890);
#3077=AXIS2_PLACEMENT_3D('',#5147,#3892,#3893);
#3078=AXIS2_PLACEMENT_3D('',#5178,#3894,#3895);
#3079=AXIS2_PLACEMENT_3D('',#5181,#3897,#3898);
#3080=AXIS2_PLACEMENT_3D('',#5182,#3899,#3900);
#3081=AXIS2_PLACEMENT_3D('',#5184,#3901,#3902);
#3082=AXIS2_PLACEMENT_3D('',#5185,#3903,#3904);
#3083=AXIS2_PLACEMENT_3D('',#5187,#3905,#3906);
#3084=AXIS2_PLACEMENT_3D('',#5188,#3907,#3908);
#3085=AXIS2_PLACEMENT_3D('',#5190,#3909,#3910);
#3086=AXIS2_PLACEMENT_3D('',#5192,#3912,#3913);
#3087=AXIS2_PLACEMENT_3D('',#5194,#3914,#3915);
#3088=AXIS2_PLACEMENT_3D('',#5196,#3917,#3918);
#3089=AXIS2_PLACEMENT_3D('',#5197,#3919,#3920);
#3090=AXIS2_PLACEMENT_3D('',#5201,#3922,#3923);
#3091=AXIS2_PLACEMENT_3D('',#5203,#3925,#3926);
#3092=AXIS2_PLACEMENT_3D('',#5207,#3928,#3929);
#3093=AXIS2_PLACEMENT_3D('',#5209,#3931,#3932);
#3094=AXIS2_PLACEMENT_3D('',#5213,#3935,#3936);
#3095=AXIS2_PLACEMENT_3D('',#5216,#3939,#3940);
#3096=AXIS2_PLACEMENT_3D('',#5217,#3941,#3942);
#3097=AXIS2_PLACEMENT_3D('',#5218,#3943,#3944);
#3098=AXIS2_PLACEMENT_3D('',#5220,#3946,#3947);
#3099=AXIS2_PLACEMENT_3D('',#5222,#3949,#3950);
#3100=DIRECTION('axis',(0.,0.,1.));
#3101=DIRECTION('refdir',(1.,0.,0.));
#3102=DIRECTION('center_axis',(-0.707106781186551,0.707106781186544,0.));
#3103=DIRECTION('ref_axis',(-0.499999999999998,-0.499999999999998,-0.70710678118655));
#3104=DIRECTION('',(-0.707106781186551,0.707106781186544,0.));
#3105=DIRECTION('center_axis',(0.707106781186552,-0.707106781186543,0.));
#3106=DIRECTION('ref_axis',(-0.707106781186543,-0.707106781186552,0.));
#3107=DIRECTION('',(0.707106781186551,-0.707106781186544,0.));
#3108=DIRECTION('center_axis',(0.,0.,1.));
#3109=DIRECTION('ref_axis',(1.,0.,0.));
#3110=DIRECTION('center_axis',(0.707106781186543,0.707106781186552,0.));
#3111=DIRECTION('ref_axis',(0.707106781186552,-0.707106781186543,0.));
#3112=DIRECTION('center_axis',(0.,0.,-1.));
#3113=DIRECTION('ref_axis',(-2.22044604925031E-15,1.,0.));
#3114=DIRECTION('center_axis',(0.,0.,1.));
#3115=DIRECTION('ref_axis',(-2.22044604925031E-15,1.,0.));
#3116=DIRECTION('center_axis',(-0.707106781186545,-0.70710678118655,0.));
#3117=DIRECTION('ref_axis',(0.5,-0.499999999999997,-0.707106781186549));
#3118=DIRECTION('center_axis',(0.707106781186543,0.707106781186552,0.));
#3119=DIRECTION('ref_axis',(0.707106781186552,-0.707106781186543,0.));
#3120=DIRECTION('',(0.707106781186545,0.70710678118655,0.));
#3121=DIRECTION('',(-0.707106781186545,-0.70710678118655,0.));
#3122=DIRECTION('center_axis',(0.871438221833189,-0.490505275739426,0.));
#3123=DIRECTION('ref_axis',(-0.490505275739426,-0.871438221833189,0.));
#3124=DIRECTION('center_axis',(0.,0.,1.));
#3125=DIRECTION('ref_axis',(0.135942115022316,-0.99071678160979,0.));
#3126=DIRECTION('center_axis',(0.,0.,-1.));
#3127=DIRECTION('ref_axis',(0.135942115022316,-0.990716781609789,0.));
#3128=DIRECTION('center_axis',(0.,0.,1.));
#3129=DIRECTION('ref_axis',(1.,0.,0.));
#3130=DIRECTION('center_axis',(0.871438221833191,0.490505275739422,0.));
#3131=DIRECTION('ref_axis',(0.490505275739422,-0.871438221833191,0.));
#3132=DIRECTION('center_axis',(0.,0.,-1.));
#3133=DIRECTION('ref_axis',(2.83276944882399E-16,1.,0.));
#3134=DIRECTION('center_axis',(0.,0.,1.));
#3135=DIRECTION('ref_axis',(2.83276944882399E-16,1.,0.));
#3136=DIRECTION('center_axis',(0.70710678118655,-0.707106781186545,0.));
#3137=DIRECTION('ref_axis',(-0.707106781186545,-0.70710678118655,0.));
#3138=DIRECTION('center_axis',(0.,0.,1.));
#3139=DIRECTION('ref_axis',(-0.135942115022316,-0.99071678160979,0.));
#3140=DIRECTION('center_axis',(0.,0.,-1.));
#3141=DIRECTION('ref_axis',(-0.135942115022316,-0.990716781609789,0.));
#3142=DIRECTION('center_axis',(-0.707106781186547,0.707106781186548,0.));
#3143=DIRECTION('ref_axis',(-0.500000000000003,-0.499999999999997,-0.707106781186548));
#3144=DIRECTION('center_axis',(0.707106781186543,-0.707106781186552,0.));
#3145=DIRECTION('ref_axis',(-0.707106781186552,-0.707106781186543,0.));
#3146=DIRECTION('',(0.707106781186547,-0.707106781186548,0.));
#3147=DIRECTION('',(-0.707106781186547,0.707106781186548,0.));
#3148=DIRECTION('center_axis',(0.,0.,1.));
#3149=DIRECTION('ref_axis',(1.,0.,0.));
#3150=DIRECTION('center_axis',(0.707106781186543,0.707106781186552,0.));
#3151=DIRECTION('ref_axis',(0.707106781186552,-0.707106781186543,0.));
#3152=DIRECTION('center_axis',(0.,0.,-1.));
#3153=DIRECTION('ref_axis',(1.11022302462516E-15,1.,0.));
#3154=DIRECTION('center_axis',(0.,0.,1.));
#3155=DIRECTION('ref_axis',(1.11022302462516E-15,1.,0.));
#3156=DIRECTION('center_axis',(-0.707106781186551,-0.707106781186544,0.));
#3157=DIRECTION('ref_axis',(0.499999999999995,-0.500000000000008,-0.707106781186546));
#3158=DIRECTION('',(0.707106781186551,0.707106781186544,0.));
#3159=DIRECTION('',(-0.707106781186551,-0.707106781186544,0.));
#3160=DIRECTION('center_axis',(0.,0.,-1.));
#3161=DIRECTION('ref_axis',(-0.93969262078591,0.342020143325663,0.));
#3162=DIRECTION('',(0.,0.,-1.));
#3163=DIRECTION('',(0.,0.,-1.));
#3164=DIRECTION('',(0.,0.,-1.));
#3165=DIRECTION('',(0.,0.,-1.));
#3166=DIRECTION('center_axis',(0.,0.,-1.));
#3167=DIRECTION('ref_axis',(1.,0.,0.));
#3168=DIRECTION('',(0.,0.,-1.));
#3169=DIRECTION('',(0.,0.,-1.));
#3170=DIRECTION('',(0.,0.,-1.));
#3171=DIRECTION('',(0.,0.,-1.));
#3172=DIRECTION('center_axis',(0.,0.,1.));
#3173=DIRECTION('ref_axis',(1.,0.,0.));
#3174=DIRECTION('center_axis',(0.707106781186544,-0.707106781186551,0.));
#3175=DIRECTION('ref_axis',(-0.707106781186551,-0.707106781186544,0.));
#3176=DIRECTION('',(0.,0.,-1.));
#3177=DIRECTION('',(0.707106781186551,0.707106781186544,0.));
#3178=DIRECTION('center_axis',(0.,0.,1.));
#3179=DIRECTION('ref_axis',(0.,1.,0.));
#3180=DIRECTION('',(0.,0.,1.));
#3181=DIRECTION('center_axis',(0.,0.,-1.));
#3182=DIRECTION('ref_axis',(1.11022302462516E-15,1.,0.));
#3183=DIRECTION('',(0.,0.,-1.));
#3184=DIRECTION('center_axis',(-0.707106781186548,-0.707106781186547,0.));
#3185=DIRECTION('ref_axis',(0.707106781186547,-0.707106781186548,0.));
#3186=DIRECTION('',(0.,0.,-1.));
#3187=DIRECTION('',(0.707106781186547,-0.707106781186548,0.));
#3188=DIRECTION('center_axis',(0.,0.,1.));
#3189=DIRECTION('ref_axis',(-0.135942115022317,-0.990716781609789,0.));
#3190=DIRECTION('',(0.,0.,-1.));
#3191=DIRECTION('center_axis',(0.,0.,1.));
#3192=DIRECTION('ref_axis',(-0.135942115022316,-0.990716781609789,0.));
#3193=DIRECTION('center_axis',(0.,0.,1.));
#3194=DIRECTION('ref_axis',(1.,0.,0.));
#3195=DIRECTION('',(0.,0.,-1.));
#3196=DIRECTION('center_axis',(0.,0.,-1.));
#3197=DIRECTION('ref_axis',(2.83276944882399E-16,1.,0.));
#3198=DIRECTION('center_axis',(0.,0.,1.));
#3199=DIRECTION('ref_axis',(0.135942115022317,-0.990716781609789,0.));
#3200=DIRECTION('',(0.,0.,-1.));
#3201=DIRECTION('center_axis',(0.,0.,1.));
#3202=DIRECTION('ref_axis',(0.135942115022316,-0.990716781609789,0.));
#3203=DIRECTION('center_axis',(0.70710678118655,-0.707106781186545,0.));
#3204=DIRECTION('ref_axis',(0.707106781186545,0.70710678118655,0.));
#3205=DIRECTION('',(0.,0.,-1.));
#3206=DIRECTION('',(0.707106781186545,0.70710678118655,0.));
#3207=DIRECTION('center_axis',(0.,0.,-1.));
#3208=DIRECTION('ref_axis',(-3.14018491736755E-15,1.,0.));
#3209=DIRECTION('',(0.,0.,-1.));
#3210=DIRECTION('',(0.,0.,1.));
#3211=DIRECTION('center_axis',(0.,0.,-1.));
#3212=DIRECTION('ref_axis',(-2.22044604925031E-15,1.,0.));
#3213=DIRECTION('center_axis',(-0.707106781186544,-0.707106781186551,0.));
#3214=DIRECTION('ref_axis',(-0.707106781186551,0.707106781186544,0.));
#3215=DIRECTION('',(0.,0.,-1.));
#3216=DIRECTION('',(0.707106781186551,-0.707106781186544,0.));
#3217=DIRECTION('center_axis',(0.,0.,1.));
#3218=DIRECTION('ref_axis',(1.,0.,0.));
#3219=DIRECTION('center_axis',(0.,0.,1.));
#3220=DIRECTION('ref_axis',(-2.22044604925031E-15,1.,0.));
#3221=DIRECTION('center_axis',(0.707106781186543,0.707106781186552,0.));
#3222=DIRECTION('ref_axis',(0.,0.,1.));
#3223=DIRECTION('center_axis',(0.707106781186545,0.70710678118655,0.));
#3224=DIRECTION('ref_axis',(0.500000000000003,-0.499999999999997,0.707106781186548));
#3225=DIRECTION('center_axis',(0.707106781186545,0.70710678118655,0.));
#3226=DIRECTION('ref_axis',(0.,0.,1.));
#3227=DIRECTION('',(-0.707106781186545,-0.70710678118655,0.));
#3228=DIRECTION('center_axis',(0.871438221833189,-0.490505275739426,0.));
#3229=DIRECTION('ref_axis',(0.,0.,1.));
#3230=DIRECTION('center_axis',(0.,0.,-1.));
#3231=DIRECTION('ref_axis',(0.135942115022316,-0.99071678160979,0.));
#3232=DIRECTION('center_axis',(0.,0.,-1.));
#3233=DIRECTION('ref_axis',(-1.,0.,0.));
#3234=DIRECTION('center_axis',(0.871438221833191,0.490505275739422,0.));
#3235=DIRECTION('ref_axis',(0.,0.,1.));
#3236=DIRECTION('center_axis',(0.,0.,1.));
#3237=DIRECTION('ref_axis',(2.83276944882399E-16,1.,0.));
#3238=DIRECTION('center_axis',(0.70710678118655,-0.707106781186545,0.));
#3239=DIRECTION('ref_axis',(0.,0.,1.));
#3240=DIRECTION('center_axis',(0.,0.,-1.));
#3241=DIRECTION('ref_axis',(-0.135942115022316,-0.99071678160979,0.));
#3242=DIRECTION('center_axis',(0.707106781186547,-0.707106781186548,0.));
#3243=DIRECTION('ref_axis',(-0.499999999999998,-0.499999999999998,0.70710678118655));
#3244=DIRECTION('center_axis',(0.707106781186548,-0.707106781186548,0.));
#3245=DIRECTION('ref_axis',(0.,0.,1.));
#3246=DIRECTION('',(-0.707106781186547,0.707106781186548,0.));
#3247=DIRECTION('center_axis',(0.,0.,1.));
#3248=DIRECTION('ref_axis',(1.,0.,0.));
#3249=DIRECTION('center_axis',(0.,0.,1.));
#3250=DIRECTION('ref_axis',(1.11022302462516E-15,1.,0.));
#3251=DIRECTION('center_axis',(0.,0.,-1.));
#3252=DIRECTION('ref_axis',(1.,0.,0.));
#3253=DIRECTION('',(0.707106781186549,-0.707106781186546,0.));
#3254=DIRECTION('',(1.,0.,0.));
#3255=DIRECTION('center_axis',(0.,0.,1.));
#3256=DIRECTION('ref_axis',(-0.707106781186549,-0.707106781186546,0.));
#3257=DIRECTION('',(1.,0.,0.));
#3258=DIRECTION('center_axis',(0.,0.,1.));
#3259=DIRECTION('ref_axis',(0.707106781186546,-0.707106781186549,0.));
#3260=DIRECTION('',(1.,0.,0.));
#3261=DIRECTION('',(0.707106781186548,0.707106781186547,0.));
#3262=DIRECTION('center_axis',(0.223296678380023,-0.926399287102783,0.303187985052019));
#3263=DIRECTION('ref_axis',(-0.97215801995422,-0.234326234636008,0.));
#3264=DIRECTION('center_axis',(-0.704416026402761,0.0616284167162199,0.707106781186545));
#3265=DIRECTION('ref_axis',(0.704416026402756,-0.0616284167162195,0.70710678118655));
#3266=DIRECTION('center_axis',(-0.0871557427476593,-0.996194698091745,1.97794850752153E-15));
#3267=DIRECTION('ref_axis',(0.704416026402761,-0.0616284167162217,-0.707106781186546));
#3268=DIRECTION('center_axis',(0.315024423895372,-0.027561065824628,-0.948683298050513));
#3269=DIRECTION('ref_axis',(0.945073271686113,-0.082683197473892,0.316227766016839));
#3270=DIRECTION('center_axis',(-0.0871557427476587,-0.996194698091746,9.81307786677362E-18));
#3271=DIRECTION('ref_axis',(0.920363891963225,-0.0805214068653819,-0.382683432365089));
#3272=DIRECTION('center_axis',(-0.0871557427476593,-0.996194698091745,-2.23860838835771E-15));
#3273=DIRECTION('ref_axis',(0.704416026402765,-0.0616284167162191,-0.707106781186541));
#3274=DIRECTION('',(-0.0871557427476586,-0.996194698091746,9.81307786677362E-18));
#3275=DIRECTION('',(0.0871557427476586,0.996194698091746,-9.81307786677362E-18));
#3276=DIRECTION('center_axis',(0.,0.,-1.));
#3277=DIRECTION('ref_axis',(0.939692620785907,0.342020143325672,0.));
#3278=DIRECTION('center_axis',(0.707106781186539,-0.707106781186556,5.21319761672351E-15));
#3279=DIRECTION('ref_axis',(0.500000000000009,0.499999999999992,-0.707106781186547));
#3280=DIRECTION('center_axis',(0.,0.,-1.));
#3281=DIRECTION('ref_axis',(0.939692620785907,0.342020143325671,0.));
#3282=DIRECTION('center_axis',(0.,0.,1.));
#3283=DIRECTION('ref_axis',(0.939692620785908,0.34202014332567,0.));
#3284=DIRECTION('center_axis',(0.707106781186546,-0.707106781186549,-7.85046229341888E-17));
#3285=DIRECTION('ref_axis',(0.65328148243819,0.653281482438185,-0.382683432365091));
#3286=DIRECTION('center_axis',(0.707106781186548,-0.707106781186548,0.));
#3287=DIRECTION('ref_axis',(0.500000000000001,0.500000000000001,-0.707106781186546));
#3288=DIRECTION('',(0.707106781186546,-0.707106781186549,-7.85046229341888E-17));
#3289=DIRECTION('',(-0.707106781186546,0.707106781186549,7.85046229341888E-17));
#3290=DIRECTION('center_axis',(0.,0.,-1.));
#3291=DIRECTION('ref_axis',(-1.,0.,0.));
#3292=DIRECTION('center_axis',(1.,0.,6.28036983473513E-15));
#3293=DIRECTION('ref_axis',(4.44089209850064E-15,0.707106781186549,-0.707106781186546));
#3294=DIRECTION('center_axis',(0.,0.,-1.));
#3295=DIRECTION('ref_axis',(0.382683432365091,0.923879532511286,0.));
#3296=DIRECTION('center_axis',(8.71628689685598E-16,-3.61040424621267E-16,
1.));
#3297=DIRECTION('ref_axis',(0.382683432365092,0.923879532511286,0.));
#3298=DIRECTION('center_axis',(1.,-5.39451698357937E-16,0.));
#3299=DIRECTION('ref_axis',(0.,0.923879532511286,-0.382683432365092));
#3300=DIRECTION('',(1.,-5.39451698357937E-16,0.));
#3301=DIRECTION('',(-1.,5.39451698357937E-16,0.));
#3302=DIRECTION('center_axis',(1.,0.,0.));
#3303=DIRECTION('ref_axis',(0.,0.707106781186548,-0.707106781186548));
#3304=DIRECTION('',(1.,-5.39451698357937E-16,0.));
#3305=DIRECTION('',(1.,-5.39451698357937E-16,0.));
#3306=DIRECTION('center_axis',(0.,0.,-1.));
#3307=DIRECTION('ref_axis',(-1.,0.,0.));
#3308=DIRECTION('center_axis',(0.707106781186554,0.707106781186541,-5.51985630006017E-16));
#3309=DIRECTION('ref_axis',(-0.499999999999998,0.500000000000007,-0.707106781186544));
#3310=DIRECTION('center_axis',(0.,0.,-1.));
#3311=DIRECTION('ref_axis',(-0.382683432365089,0.923879532511287,0.));
#3312=DIRECTION('center_axis',(0.,0.,1.));
#3313=DIRECTION('ref_axis',(-0.382683432365088,0.923879532511288,0.));
#3314=DIRECTION('center_axis',(0.707106781186548,0.707106781186547,-7.85046229341888E-17));
#3315=DIRECTION('ref_axis',(-0.653281482438193,0.653281482438184,-0.38268343236509));
#3316=DIRECTION('center_axis',(0.707106781186548,0.707106781186548,0.));
#3317=DIRECTION('ref_axis',(-0.500000000000002,0.500000000000002,-0.707106781186545));
#3318=DIRECTION('',(0.707106781186548,0.707106781186547,-7.85046229341888E-17));
#3319=DIRECTION('',(-0.707106781186548,-0.707106781186547,7.85046229341888E-17));
#3320=DIRECTION('center_axis',(0.,0.,-1.));
#3321=DIRECTION('ref_axis',(-1.,0.,0.));
#3322=DIRECTION('center_axis',(-0.0871557427476601,0.996194698091745,1.93194970502106E-15));
#3323=DIRECTION('ref_axis',(-0.704416026402761,-0.0616284167162195,-0.707106781186546));
#3324=DIRECTION('center_axis',(0.,0.,-1.));
#3325=DIRECTION('ref_axis',(-0.939692620785908,0.342020143325669,0.));
#3326=DIRECTION('center_axis',(0.,0.,1.));
#3327=DIRECTION('ref_axis',(-0.939692620785908,0.342020143325669,0.));
#3328=DIRECTION('center_axis',(-0.0871557427476587,0.996194698091746,0.));
#3329=DIRECTION('ref_axis',(-0.920363891963223,-0.0805214068653805,-0.382683432365093));
#3330=DIRECTION('center_axis',(-0.0871557427476601,0.996194698091745,1.93194970502105E-15));
#3331=DIRECTION('ref_axis',(-0.704416026402758,-0.0616284167162193,-0.707106781186548));
#3332=DIRECTION('',(-0.0871557427476586,0.996194698091746,0.));
#3333=DIRECTION('',(0.0871557427476587,-0.996194698091746,-4.9065389333868E-18));
#3334=DIRECTION('center_axis',(-0.223296678380023,-0.926399287102784,0.303187985052018));
#3335=DIRECTION('ref_axis',(-0.704416026402754,-0.0616284167162197,-0.707106781186552));
#3336=DIRECTION('center_axis',(-0.31502442389537,-0.0275610658246278,-0.948683298050514));
#3337=DIRECTION('ref_axis',(-0.945073271686113,-0.0826831974738921,0.316227766016837));
#3338=DIRECTION('center_axis',(0.704416026402758,0.0616284167162196,0.707106781186548));
#3339=DIRECTION('ref_axis',(-0.70441602640276,-0.0616284167162198,0.707106781186547));
#3340=DIRECTION('center_axis',(3.81449954031497E-16,0.707106781186547,-0.707106781186548));
#3341=DIRECTION('ref_axis',(-1.,0.,-5.39451698357937E-16));
#3342=DIRECTION('',(1.57009245868377E-15,-0.707106781186548,-0.707106781186547));
#3343=DIRECTION('',(-1.,5.39451698357937E-16,0.));
#3344=DIRECTION('',(0.,-0.707106781186546,-0.707106781186549));
#3345=DIRECTION('center_axis',(0.,0.,1.));
#3346=DIRECTION('ref_axis',(0.,1.,0.));
#3347=DIRECTION('',(-0.500000000000001,-0.499999999999999,-0.707106781186548));
#3348=DIRECTION('center_axis',(0.,0.,1.));
#3349=DIRECTION('ref_axis',(0.,1.,0.));
#3350=DIRECTION('center_axis',(0.500000000000001,0.5,-0.707106781186547));
#3351=DIRECTION('ref_axis',(-0.816496580927725,0.,-0.577350269189627));
#3352=DIRECTION('',(-0.5,-0.5,-0.707106781186548));
#3353=DIRECTION('',(-0.707106781186546,0.707106781186549,0.));
#3354=DIRECTION('center_axis',(0.,0.,1.));
#3355=DIRECTION('ref_axis',(0.707106781186549,0.707106781186546,0.));
#3356=DIRECTION('',(-0.704416026402758,0.0616284167162144,-0.707106781186548));
#3357=DIRECTION('center_axis',(0.,0.,1.));
#3358=DIRECTION('ref_axis',(0.707106781186549,0.707106781186546,0.));
#3359=DIRECTION('center_axis',(0.704416026402761,-0.0616284167162199,-0.707106781186545));
#3360=DIRECTION('ref_axis',(-0.708453436019946,0.,-0.705757556807954));
#3361=DIRECTION('',(0.0871557427476587,0.996194698091746,0.));
#3362=DIRECTION('center_axis',(0.,0.,-1.));
#3363=DIRECTION('ref_axis',(1.,0.,0.));
#3364=DIRECTION('',(0.,0.,-1.));
#3365=DIRECTION('center_axis',(0.,0.,-1.));
#3366=DIRECTION('ref_axis',(0.954719930671734,0.297506057044489,0.));
#3367=DIRECTION('',(0.,0.,1.));
#3368=DIRECTION('center_axis',(0.,0.,1.));
#3369=DIRECTION('ref_axis',(1.,0.,0.));
#3370=DIRECTION('center_axis',(0.,0.,-1.));
#3371=DIRECTION('ref_axis',(0.0745602366857803,-0.99721651164898,0.));
#3372=DIRECTION('',(0.,0.,1.));
#3373=DIRECTION('center_axis',(0.,0.,1.));
#3374=DIRECTION('ref_axis',(0.0745602366857589,-0.997216511648982,0.));
#3375=DIRECTION('center_axis',(0.996194698091746,-0.0871557427476587,0.));
#3376=DIRECTION('ref_axis',(-0.0871557427476587,-0.996194698091746,0.));
#3377=DIRECTION('',(0.,0.,-1.));
#3378=DIRECTION('',(0.0871557427476587,0.996194698091746,0.));
#3379=DIRECTION('center_axis',(0.,0.,-1.));
#3380=DIRECTION('ref_axis',(0.707106781186549,0.707106781186546,0.));
#3381=DIRECTION('',(0.,0.,-1.));
#3382=DIRECTION('center_axis',(0.,0.,1.));
#3383=DIRECTION('ref_axis',(0.939692620785907,0.342020143325671,0.));
#3384=DIRECTION('center_axis',(0.707106781186549,0.707106781186546,0.));
#3385=DIRECTION('ref_axis',(0.707106781186546,-0.707106781186549,0.));
#3386=DIRECTION('',(0.,0.,-1.));
#3387=DIRECTION('',(-0.707106781186546,0.707106781186549,0.));
#3388=DIRECTION('center_axis',(0.,0.,-1.));
#3389=DIRECTION('ref_axis',(0.,1.,0.));
#3390=DIRECTION('',(0.,0.,-1.));
#3391=DIRECTION('',(0.,0.,-1.));
#3392=DIRECTION('center_axis',(0.,0.,1.));
#3393=DIRECTION('ref_axis',(0.382683432365091,0.923879532511286,0.));
#3394=DIRECTION('center_axis',(5.39451698357937E-16,1.,0.));
#3395=DIRECTION('ref_axis',(1.,-5.39451698357937E-16,0.));
#3396=DIRECTION('center_axis',(5.39451698357937E-16,1.,0.));
#3397=DIRECTION('ref_axis',(-1.,5.39451698357937E-16,0.));
#3398=DIRECTION('center_axis',(5.39451698357937E-16,1.,0.));
#3399=DIRECTION('ref_axis',(1.,-5.39451698357937E-16,0.));
#3400=DIRECTION('center_axis',(5.39451698357937E-16,1.,0.));
#3401=DIRECTION('ref_axis',(1.,-5.39451698357937E-16,-6.3441315692866E-16));
#3402=DIRECTION('',(-1.,5.39451698357937E-16,0.));
#3403=DIRECTION('center_axis',(5.39451698357937E-16,1.,0.));
#3404=DIRECTION('ref_axis',(-1.,5.39451698357937E-16,0.));
#3405=DIRECTION('center_axis',(5.39451698357937E-16,1.,0.));
#3406=DIRECTION('ref_axis',(-1.,0.,-2.06120890416437E-16));
#3407=DIRECTION('center_axis',(5.39451698357937E-16,1.,0.));
#3408=DIRECTION('ref_axis',(-1.,5.39451698357937E-16,0.));
#3409=DIRECTION('center_axis',(-0.415609054820975,1.00979597396047E-15,
0.909543354409682));
#3410=DIRECTION('ref_axis',(0.,1.,-1.1102230246252E-15));
#3411=DIRECTION('center_axis',(0.,-1.,0.));
#3412=DIRECTION('ref_axis',(-1.,0.,0.));
#3413=DIRECTION('center_axis',(-0.415609054820975,2.01959194792093E-15,
-0.909543354409682));
#3414=DIRECTION('ref_axis',(-0.813520307577286,0.447213595499971,0.371732039457652));
#3415=DIRECTION('center_axis',(0.0871557427476581,-0.996194698091746,0.));
#3416=DIRECTION('ref_axis',(0.704416026402761,0.0616284167162204,0.707106781186545));
#3417=DIRECTION('center_axis',(-0.0871557427476655,0.996194698091745,0.));
#3418=DIRECTION('ref_axis',(0.704416026402761,0.0616284167162204,0.707106781186545));
#3419=DIRECTION('',(0.0871557427476581,-0.996194698091746,0.));
#3420=DIRECTION('center_axis',(-0.0871557427476637,0.996194698091745,0.));
#3421=DIRECTION('ref_axis',(0.,0.,1.));
#3422=DIRECTION('',(-0.0871557427476581,0.996194698091746,0.));
#3423=DIRECTION('center_axis',(0.359407859800331,0.933180577548497,0.));
#3424=DIRECTION('ref_axis',(0.,0.,1.));
#3425=DIRECTION('center_axis',(0.,0.,1.));
#3426=DIRECTION('ref_axis',(0.990190386412191,-0.139724724572552,0.));
#3427=DIRECTION('center_axis',(0.,0.,-1.));
#3428=DIRECTION('ref_axis',(0.990190386412191,-0.139724724572552,0.));
#3429=DIRECTION('center_axis',(0.,0.,-1.));
#3430=DIRECTION('ref_axis',(-1.,0.,0.));
#3431=DIRECTION('center_axis',(0.234326234636006,0.972158019954221,0.));
#3432=DIRECTION('ref_axis',(0.,0.,1.));
#3433=DIRECTION('center_axis',(0.,0.,-1.));
#3434=DIRECTION('ref_axis',(-0.954719930671735,0.297506057044488,0.));
#3435=DIRECTION('center_axis',(0.,0.,1.));
#3436=DIRECTION('ref_axis',(-0.954719930671735,0.297506057044488,0.));
#3437=DIRECTION('center_axis',(0.0871557427476601,-0.996194698091745,0.));
#3438=DIRECTION('ref_axis',(0.,0.,1.));
#3439=DIRECTION('center_axis',(0.,0.,1.));
#3440=DIRECTION('ref_axis',(-0.0745602366857589,-0.997216511648982,0.));
#3441=DIRECTION('center_axis',(0.,0.,-1.));
#3442=DIRECTION('ref_axis',(-0.074560236685759,-0.997216511648982,0.));
#3443=DIRECTION('center_axis',(0.0871557427476587,-0.996194698091746,0.));
#3444=DIRECTION('ref_axis',(-0.704416026402755,-0.0616284167162178,0.707106781186552));
#3445=DIRECTION('center_axis',(0.0871557427476601,-0.996194698091745,0.));
#3446=DIRECTION('ref_axis',(0.,0.,1.));
#3447=DIRECTION('',(0.0871557427476587,-0.996194698091746,0.));
#3448=DIRECTION('',(-0.0871557427476587,0.996194698091746,0.));
#3449=DIRECTION('center_axis',(0.,0.,-1.));
#3450=DIRECTION('ref_axis',(-1.,0.,0.));
#3451=DIRECTION('center_axis',(-0.707106781186548,-0.707106781186548,0.));
#3452=DIRECTION('ref_axis',(0.,0.,1.));
#3453=DIRECTION('center_axis',(0.,0.,1.));
#3454=DIRECTION('ref_axis',(-0.939692620785908,0.342020143325669,0.));
#3455=DIRECTION('center_axis',(0.,0.,-1.));
#3456=DIRECTION('ref_axis',(-0.939692620785908,0.342020143325669,0.));
#3457=DIRECTION('center_axis',(-0.707106781186548,-0.707106781186547,0.));
#3458=DIRECTION('ref_axis',(-0.5,0.5,0.707106781186548));
#3459=DIRECTION('center_axis',(-0.707106781186548,-0.707106781186548,0.));
#3460=DIRECTION('ref_axis',(0.,0.,1.));
#3461=DIRECTION('',(-0.707106781186548,-0.707106781186547,0.));
#3462=DIRECTION('',(0.707106781186548,0.707106781186547,0.));
#3463=DIRECTION('center_axis',(0.,0.,-1.));
#3464=DIRECTION('ref_axis',(-1.,0.,0.));
#3465=DIRECTION('center_axis',(-1.,0.,0.));
#3466=DIRECTION('ref_axis',(0.,0.,1.));
#3467=DIRECTION('center_axis',(0.,0.,1.));
#3468=DIRECTION('ref_axis',(-0.382683432365089,0.923879532511287,0.));
#3469=DIRECTION('center_axis',(0.,0.,-1.));
#3470=DIRECTION('ref_axis',(-0.382683432365089,0.923879532511287,0.));
#3471=DIRECTION('center_axis',(-1.,5.39451698357937E-16,0.));
#3472=DIRECTION('ref_axis',(0.,0.707106781186546,0.707106781186549));
#3473=DIRECTION('',(-1.,5.39451698357937E-16,0.));
#3474=DIRECTION('',(1.,-5.39451698357937E-16,0.));
#3475=DIRECTION('center_axis',(-1.,-4.44089209850064E-15,0.));
#3476=DIRECTION('ref_axis',(0.,0.,1.));
#3477=DIRECTION('',(-1.,5.39451698357937E-16,0.));
#3478=DIRECTION('center_axis',(0.,0.,-1.));
#3479=DIRECTION('ref_axis',(-1.,0.,0.));
#3480=DIRECTION('center_axis',(-0.707106781186545,0.70710678118655,0.));
#3481=DIRECTION('ref_axis',(0.,0.,1.));
#3482=DIRECTION('center_axis',(0.,0.,-1.));
#3483=DIRECTION('ref_axis',(0.382683432365091,0.923879532511286,0.));
#3484=DIRECTION('center_axis',(0.707106781186546,-0.707106781186549,0.));
#3485=DIRECTION('ref_axis',(0.5,0.5,0.707106781186548));
#3486=DIRECTION('center_axis',(-0.707106781186543,0.707106781186552,0.));
#3487=DIRECTION('ref_axis',(0.,0.,1.));
#3488=DIRECTION('',(0.707106781186546,-0.707106781186549,0.));
#3489=DIRECTION('center_axis',(0.,0.,-1.));
#3490=DIRECTION('ref_axis',(0.939692620785907,0.342020143325672,0.));
#3491=DIRECTION('center_axis',(0.0871557427476505,0.996194698091746,0.));
#3492=DIRECTION('ref_axis',(0.,0.,1.));
#3493=DIRECTION('center_axis',(0.,0.,-1.));
#3494=DIRECTION('ref_axis',(0.939692620785908,0.342020143325671,0.));
#3495=DIRECTION('center_axis',(-0.0871557427476587,-0.996194698091746,0.));
#3496=DIRECTION('ref_axis',(0.704416026402755,-0.0616284167162209,0.707106781186551));
#3497=DIRECTION('center_axis',(0.0871557427476601,0.996194698091745,0.));
#3498=DIRECTION('ref_axis',(0.,0.,1.));
#3499=DIRECTION('',(-0.0871557427476587,-0.996194698091746,0.));
#3500=DIRECTION('center_axis',(0.234326234636008,-0.972158019954221,0.));
#3501=DIRECTION('ref_axis',(0.,0.,1.));
#3502=DIRECTION('center_axis',(0.,0.,-1.));
#3503=DIRECTION('ref_axis',(0.074560236685759,-0.997216511648982,0.));
#3504=DIRECTION('center_axis',(0.,0.,-1.));
#3505=DIRECTION('ref_axis',(-1.,0.,0.));
#3506=DIRECTION('center_axis',(0.359407859800333,-0.933180577548496,0.));
#3507=DIRECTION('ref_axis',(0.,0.,1.));
#3508=DIRECTION('center_axis',(0.,0.,1.));
#3509=DIRECTION('ref_axis',(0.954719930671735,0.297506057044489,0.));
#3510=DIRECTION('center_axis',(-0.0871557427476564,-0.996194698091746,0.));
#3511=DIRECTION('ref_axis',(0.,0.,1.));
#3512=DIRECTION('center_axis',(0.,0.,1.));
#3513=DIRECTION('ref_axis',(-0.990190386412191,-0.139724724572552,0.));
#3514=DIRECTION('center_axis',(0.,0.,-1.));
#3515=DIRECTION('ref_axis',(-0.990190386412191,-0.139724724572552,0.));
#3516=DIRECTION('center_axis',(-0.0871557427476581,-0.996194698091746,0.));
#3517=DIRECTION('ref_axis',(-0.704416026402755,0.0616284167162209,0.707106781186551));
#3518=DIRECTION('center_axis',(0.0871557427476655,0.996194698091745,0.));
#3519=DIRECTION('ref_axis',(-0.704416026402755,0.0616284167162209,0.707106781186551));
#3520=DIRECTION('',(-0.0871557427476581,-0.996194698091746,0.));
#3521=DIRECTION('',(0.0871557427476581,0.996194698091746,0.));
#3522=DIRECTION('center_axis',(0.996194698091746,0.0871557427476581,0.));
#3523=DIRECTION('ref_axis',(0.0871557427476581,-0.996194698091746,0.));
#3524=DIRECTION('',(0.,0.,1.));
#3525=DIRECTION('',(0.0871557427476584,-0.996194698091746,0.));
#3526=DIRECTION('',(-0.0871557427476584,0.996194698091746,0.));
#3527=DIRECTION('',(0.,0.,1.));
#3528=DIRECTION('',(-0.0871557427476581,0.996194698091746,0.));
#3529=DIRECTION('',(0.0871557427476581,-0.996194698091746,0.));
#3530=DIRECTION('',(0.,0.,1.));
#3531=DIRECTION('center_axis',(0.,0.,-1.));
#3532=DIRECTION('ref_axis',(0.990190386412191,-0.13972472457255,0.));
#3533=DIRECTION('',(0.,0.,-1.));
#3534=DIRECTION('center_axis',(0.,0.,-1.));
#3535=DIRECTION('ref_axis',(0.990190386412191,-0.13972472457255,0.));
#3536=DIRECTION('center_axis',(0.,0.,-1.));
#3537=DIRECTION('ref_axis',(1.,0.,0.));
#3538=DIRECTION('center_axis',(0.,0.,1.));
#3539=DIRECTION('ref_axis',(1.,0.,0.));
#3540=DIRECTION('',(0.,0.,1.));
#3541=DIRECTION('center_axis',(0.,0.,-1.));
#3542=DIRECTION('ref_axis',(-0.074560236685781,-0.99721651164898,0.));
#3543=DIRECTION('',(0.,0.,-1.));
#3544=DIRECTION('center_axis',(-0.996194698091746,-0.0871557427476587,0.));
#3545=DIRECTION('ref_axis',(-0.0871557427476587,0.996194698091746,0.));
#3546=DIRECTION('',(0.,0.,-1.));
#3547=DIRECTION('center_axis',(0.,0.,-1.));
#3548=DIRECTION('ref_axis',(-0.996194698091745,-0.0871557427476602,0.));
#3549=DIRECTION('',(0.,0.,-1.));
#3550=DIRECTION('center_axis',(-0.707106781186547,0.707106781186548,0.));
#3551=DIRECTION('ref_axis',(0.707106781186548,0.707106781186547,0.));
#3552=DIRECTION('',(0.,0.,-1.));
#3553=DIRECTION('center_axis',(0.,0.,-1.));
#3554=DIRECTION('ref_axis',(-0.707106781186546,0.707106781186549,0.));
#3555=DIRECTION('',(0.,0.,-1.));
#3556=DIRECTION('',(0.,0.,-1.));
#3557=DIRECTION('center_axis',(5.39451698357937E-16,1.,0.));
#3558=DIRECTION('ref_axis',(1.,0.,5.15302226041093E-16));
#3559=DIRECTION('center_axis',(5.39451698357937E-16,1.,0.));
#3560=DIRECTION('ref_axis',(1.,-5.39451698357937E-16,-6.3441315692866E-16));
#3561=DIRECTION('center_axis',(0.415609054821009,1.84567496761997E-15,-0.909543354409666));
#3562=DIRECTION('ref_axis',(-4.44089209850072E-15,1.,0.));
#3563=DIRECTION('center_axis',(0.,-1.,0.));
#3564=DIRECTION('ref_axis',(1.,0.,-4.95369401284747E-16));
#3565=DIRECTION('center_axis',(0.,-1.,0.));
#3566=DIRECTION('ref_axis',(1.,0.,-4.95369401284747E-16));
#3567=DIRECTION('center_axis',(0.41560905482101,-1.84567496761997E-15,0.909543354409666));
#3568=DIRECTION('ref_axis',(0.813520307577278,0.44721359549996,-0.371732039457685));
#3569=DIRECTION('center_axis',(5.39451698357937E-16,1.,0.));
#3570=DIRECTION('ref_axis',(1.,-5.39451698357937E-16,-6.3441315692866E-16));
#3571=DIRECTION('center_axis',(5.39451698357937E-16,1.,0.));
#3572=DIRECTION('ref_axis',(1.,-5.39451698357937E-16,0.));
#3573=DIRECTION('center_axis',(5.39451698357937E-16,1.,0.));
#3574=DIRECTION('ref_axis',(1.,-5.39451698357937E-16,0.));
#3575=DIRECTION('center_axis',(5.39451698357937E-16,1.,0.));
#3576=DIRECTION('ref_axis',(1.,-5.39451698357937E-16,0.));
#3577=DIRECTION('center_axis',(0.,0.,-1.));
#3578=DIRECTION('ref_axis',(1.,0.,0.));
#3579=DIRECTION('',(0.0871557427476587,-0.996194698091746,0.));
#3580=DIRECTION('center_axis',(0.,0.,1.));
#3581=DIRECTION('ref_axis',(-0.996194698091745,-0.0871557427476602,0.));
#3582=DIRECTION('',(-0.707106781186548,-0.707106781186547,0.));
#3583=DIRECTION('center_axis',(0.,0.,1.));
#3584=DIRECTION('ref_axis',(-0.707106781186546,0.707106781186549,0.));
#3585=DIRECTION('center_axis',(0.,0.,-1.));
#3586=DIRECTION('ref_axis',(-0.990190386412191,-0.139724724572551,0.));
#3587=DIRECTION('',(0.0871557427476581,0.996194698091746,0.));
#3588=DIRECTION('center_axis',(0.,0.,1.));
#3589=DIRECTION('ref_axis',(1.,0.,0.));
#3590=DIRECTION('center_axis',(-0.704416026402758,-0.0616284167162196,-0.707106781186548));
#3591=DIRECTION('ref_axis',(-0.708453436019949,0.,0.705757556807951));
#3592=DIRECTION('',(-0.704416026402758,-0.0616284167162206,0.707106781186548));
#3593=DIRECTION('center_axis',(-0.5,0.5,-0.707106781186547));
#3594=DIRECTION('ref_axis',(-0.816496580927726,0.,0.577350269189626));
#3595=DIRECTION('',(0.5,-0.5,-0.707106781186548));
#3596=DIRECTION('',(-0.499999999999998,0.499999999999998,0.70710678118655));
#3597=DIRECTION('center_axis',(0.,0.,1.));
#3598=DIRECTION('ref_axis',(-0.996194698091745,-0.0871557427476602,0.));
#3599=DIRECTION('center_axis',(0.,0.,1.));
#3600=DIRECTION('ref_axis',(-0.707106781186546,0.707106781186549,0.));
#3601=DIRECTION('center_axis',(0.707106781186551,0.707106781186544,6.93889390390723E-17));
#3602=DIRECTION('ref_axis',(0.632455532033676,-0.632455532033676,0.447213595499957));
#3603=DIRECTION('center_axis',(-0.707106781186552,-0.707106781186543,0.));
#3604=DIRECTION('ref_axis',(0.632455532033676,-0.632455532033676,0.447213595499957));
#3605=DIRECTION('',(-0.707106781186551,-0.707106781186544,-6.93889390390723E-17));
#3606=DIRECTION('center_axis',(-0.0871557427476556,0.996194698091746,0.));
#3607=DIRECTION('ref_axis',(0.996194698091746,0.0871557427476557,1.78409401054441E-16));
#3608=DIRECTION('',(0.707106781186551,0.707106781186544,6.93889390390723E-17));
#3609=DIRECTION('center_axis',(-0.707106781186544,0.707106781186551,0.));
#3610=DIRECTION('ref_axis',(-0.707106781186551,-0.707106781186544,0.));
#3611=DIRECTION('',(0.,0.,1.));
#3612=DIRECTION('',(-0.707106781186551,-0.707106781186544,6.93889390390723E-17));
#3613=DIRECTION('',(0.,0.,1.));
#3614=DIRECTION('center_axis',(-0.0871557427476556,0.996194698091746,0.));
#3615=DIRECTION('ref_axis',(-0.996194698091746,-0.0871557427476556,0.));
#3616=DIRECTION('',(0.897359290984572,0.0785087650708086,-0.434261069738842));
#3617=DIRECTION('',(-0.897359290984572,-0.0785087650708086,-0.434261069738842));
#3618=DIRECTION('center_axis',(-0.0871557427476556,0.996194698091746,0.));
#3619=DIRECTION('ref_axis',(0.996194698091746,0.0871557427476556,-4.46023502636102E-17));
#3620=DIRECTION('center_axis',(-0.707106781186551,-0.707106781186544,6.93889390390723E-17));
#3621=DIRECTION('ref_axis',(0.632455532033675,-0.632455532033675,-0.447213595499961));
#3622=DIRECTION('',(0.707106781186551,0.707106781186544,-1.13797860024079E-16));
#3623=DIRECTION('center_axis',(-0.707106781186552,-0.707106781186543,0.));
#3624=DIRECTION('ref_axis',(0.632455532033675,-0.632455532033675,-0.447213595499961));
#3625=DIRECTION('center_axis',(0.707106781186551,0.707106781186544,0.));
#3626=DIRECTION('ref_axis',(0.632455532033676,-0.632455532033676,0.447213595499958));
#3627=DIRECTION('center_axis',(-0.707106781186552,-0.707106781186543,0.));
#3628=DIRECTION('ref_axis',(0.632455532033676,-0.632455532033676,0.447213595499958));
#3629=DIRECTION('',(-0.707106781186551,-0.707106781186544,0.));
#3630=DIRECTION('center_axis',(-0.0871557427476556,0.996194698091746,0.));
#3631=DIRECTION('ref_axis',(0.996194698091746,0.0871557427476556,-8.92047005272203E-17));
#3632=DIRECTION('',(0.707106781186551,0.707106781186544,0.));
#3633=DIRECTION('center_axis',(-0.707106781186544,0.707106781186551,0.));
#3634=DIRECTION('ref_axis',(-0.707106781186551,-0.707106781186544,0.));
#3635=DIRECTION('',(0.,0.,1.));
#3636=DIRECTION('',(-0.707106781186551,-0.707106781186544,6.93889390390723E-17));
#3637=DIRECTION('',(0.,0.,1.));
#3638=DIRECTION('center_axis',(-0.0871557427476556,0.996194698091746,0.));
#3639=DIRECTION('ref_axis',(-0.996194698091746,-0.0871557427476556,0.));
#3640=DIRECTION('',(0.897359290984572,0.0785087650708086,-0.434261069738842));
#3641=DIRECTION('',(-0.897359290984572,-0.0785087650708086,-0.434261069738842));
#3642=DIRECTION('center_axis',(-0.0871557427476556,0.996194698091746,0.));
#3643=DIRECTION('ref_axis',(0.996194698091746,0.0871557427476556,-1.78409401054441E-16));
#3644=DIRECTION('center_axis',(-0.707106781186551,-0.707106781186544,6.93889390390723E-17));
#3645=DIRECTION('ref_axis',(0.632455532033676,-0.632455532033676,-0.447213595499957));
#3646=DIRECTION('',(0.707106781186551,0.707106781186544,-1.13797860024079E-16));
#3647=DIRECTION('center_axis',(-0.707106781186552,-0.707106781186543,0.));
#3648=DIRECTION('ref_axis',(0.632455532033676,-0.632455532033676,-0.447213595499957));
#3649=DIRECTION('center_axis',(0.707106781186551,-0.707106781186544,6.93889390390722E-17));
#3650=DIRECTION('ref_axis',(-0.632455532033676,-0.632455532033676,0.447213595499958));
#3651=DIRECTION('center_axis',(0.0871557427476556,0.996194698091746,0.));
#3652=DIRECTION('ref_axis',(-0.996194698091746,0.0871557427476556,-2.23011751318051E-16));
#3653=DIRECTION('',(-0.707106781186551,0.707106781186544,-6.93889390390722E-17));
#3654=DIRECTION('center_axis',(0.707106781186552,-0.707106781186543,0.));
#3655=DIRECTION('ref_axis',(-0.632455532033676,-0.632455532033676,0.447213595499958));
#3656=DIRECTION('',(0.707106781186551,-0.707106781186544,6.93889390390722E-17));
#3657=DIRECTION('center_axis',(-0.707106781186544,-0.707106781186551,0.));
#3658=DIRECTION('ref_axis',(0.707106781186551,-0.707106781186544,0.));
#3659=DIRECTION('',(0.,0.,1.));
#3660=DIRECTION('',(-0.707106781186551,0.707106781186544,-6.93889390390723E-17));
#3661=DIRECTION('',(0.,0.,1.));
#3662=DIRECTION('center_axis',(-0.707106781186552,0.707106781186543,0.));
#3663=DIRECTION('ref_axis',(-0.707106781186543,-0.707106781186552,0.));
#3664=DIRECTION('',(-0.565685424949235,-0.565685424949242,-0.599999999999999));
#3665=DIRECTION('',(0.,0.,1.));
#3666=DIRECTION('',(0.565685424949234,0.565685424949242,-0.6));
#3667=DIRECTION('center_axis',(0.707106781186552,-0.707106781186543,0.));
#3668=DIRECTION('ref_axis',(-0.632455532033676,-0.632455532033676,-0.447213595499957));
#3669=DIRECTION('center_axis',(-0.707106781186551,0.707106781186544,-6.93889390390723E-17));
#3670=DIRECTION('ref_axis',(-0.632455532033676,-0.632455532033676,-0.447213595499957));
#3671=DIRECTION('',(0.707106781186551,-0.707106781186544,1.13797860024079E-16));
#3672=DIRECTION('center_axis',(0.0871557427476556,0.996194698091746,0.));
#3673=DIRECTION('ref_axis',(-0.996194698091746,0.0871557427476556,-1.78409401054441E-16));
#3674=DIRECTION('center_axis',(-0.707106781186551,0.707106781186544,-6.93889390390723E-17));
#3675=DIRECTION('ref_axis',(-0.632455532033675,-0.632455532033675,-0.447213595499961));
#3676=DIRECTION('center_axis',(0.707106781186552,-0.707106781186543,0.));
#3677=DIRECTION('ref_axis',(-0.632455532033675,-0.632455532033675,-0.447213595499961));
#3678=DIRECTION('',(0.707106781186551,-0.707106781186544,1.13797860024079E-16));
#3679=DIRECTION('center_axis',(0.0871557427476556,0.996194698091746,0.));
#3680=DIRECTION('ref_axis',(-0.996194698091746,0.0871557427476556,-4.46023502636102E-17));
#3681=DIRECTION('',(-0.707106781186551,0.707106781186544,-6.93889390390723E-17));
#3682=DIRECTION('center_axis',(-0.707106781186544,-0.707106781186551,0.));
#3683=DIRECTION('ref_axis',(0.707106781186551,-0.707106781186544,0.));
#3684=DIRECTION('',(0.,0.,1.));
#3685=DIRECTION('',(0.707106781186551,-0.707106781186544,-6.93889390390723E-17));
#3686=DIRECTION('',(0.,0.,1.));
#3687=DIRECTION('center_axis',(-0.0871557427476556,-0.996194698091746,0.));
#3688=DIRECTION('ref_axis',(0.996194698091746,-0.0871557427476556,0.));
#3689=DIRECTION('',(-0.897359290984572,0.0785087650708086,0.434261069738842));
#3690=DIRECTION('',(0.,0.,-1.));
#3691=DIRECTION('',(0.897359290984572,-0.0785087650708086,0.434261069738842));
#3692=DIRECTION('center_axis',(0.0871557427476556,0.996194698091746,0.));
#3693=DIRECTION('ref_axis',(-0.996194698091746,0.0871557427476557,1.78409401054441E-16));
#3694=DIRECTION('center_axis',(0.707106781186551,-0.707106781186544,-6.93889390390723E-17));
#3695=DIRECTION('ref_axis',(-0.632455532033676,-0.632455532033676,0.447213595499957));
#3696=DIRECTION('',(-0.707106781186551,0.707106781186544,6.93889390390723E-17));
#3697=DIRECTION('center_axis',(0.707106781186552,-0.707106781186543,0.));
#3698=DIRECTION('ref_axis',(-0.632455532033676,-0.632455532033676,0.447213595499957));
#3699=DIRECTION('center_axis',(0.424264068711927,-0.424264068711931,0.8));
#3700=DIRECTION('ref_axis',(0.883452208598773,0.,-0.468521285665816));
#3701=DIRECTION('',(-0.565685424949234,0.565685424949242,0.6));
#3702=DIRECTION('',(0.707106781186548,0.707106781186547,0.));
#3703=DIRECTION('center_axis',(0.424264068711926,-0.42426406871193,0.8));
#3704=DIRECTION('ref_axis',(0.883452208598774,0.,-0.468521285665816));
#3705=DIRECTION('',(-0.565685424949235,0.565685424949242,0.6));
#3706=DIRECTION('',(-0.707106781186551,-0.707106781186544,0.));
#3707=DIRECTION('center_axis',(0.424264068711926,-0.42426406871193,-0.8));
#3708=DIRECTION('ref_axis',(-0.883452208598773,0.,-0.468521285665816));
#3709=DIRECTION('',(0.565685424949235,-0.565685424949242,0.6));
#3710=DIRECTION('center_axis',(0.424264068711926,-0.424264068711931,-0.8));
#3711=DIRECTION('ref_axis',(-0.883452208598773,0.,-0.468521285665816));
#3712=DIRECTION('',(-0.707106781186548,-0.707106781186547,0.));
#3713=DIRECTION('',(0.565685424949234,-0.565685424949242,0.6));
#3714=DIRECTION('center_axis',(-0.424264068711927,-0.424264068711931,0.8));
#3715=DIRECTION('ref_axis',(0.883452208598773,0.,0.468521285665816));
#3716=DIRECTION('',(0.707106781186549,-0.707106781186546,0.));
#3717=DIRECTION('',(-0.565685424949234,-0.565685424949242,-0.6));
#3718=DIRECTION('center_axis',(-0.707106781186552,0.707106781186543,0.));
#3719=DIRECTION('ref_axis',(-0.707106781186543,-0.707106781186552,0.));
#3720=DIRECTION('',(0.,0.,1.));
#3721=DIRECTION('',(0.565685424949235,0.565685424949242,-0.6));
#3722=DIRECTION('center_axis',(-0.424264068711926,-0.42426406871193,0.8));
#3723=DIRECTION('ref_axis',(0.883452208598774,0.,0.468521285665816));
#3724=DIRECTION('',(0.897359290984572,-0.0785087650708086,0.434261069738841));
#3725=DIRECTION('',(-0.707106781186551,0.707106781186544,0.));
#3726=DIRECTION('center_axis',(-0.424264068711926,-0.42426406871193,-0.8));
#3727=DIRECTION('ref_axis',(-0.883452208598773,0.,0.468521285665816));
#3728=DIRECTION('center_axis',(-0.424264068711926,-0.424264068711931,-0.8));
#3729=DIRECTION('ref_axis',(-0.883452208598773,0.,0.468521285665816));
#3730=DIRECTION('',(-0.707106781186549,0.707106781186546,0.));
#3731=DIRECTION('',(-0.897359290984572,0.0785087650708086,0.434261069738842));
#3732=DIRECTION('center_axis',(-0.707106781186552,-0.707106781186543,0.));
#3733=DIRECTION('ref_axis',(0.707106781186543,-0.707106781186552,0.));
#3734=DIRECTION('',(0.,0.,-1.));
#3735=DIRECTION('center_axis',(0.707106781186547,-0.707106781186548,0.));
#3736=DIRECTION('ref_axis',(-0.707106781186548,-0.707106781186547,0.));
#3737=DIRECTION('',(0.,0.,-1.));
#3738=DIRECTION('',(0.,0.,-1.));
#3739=DIRECTION('',(-0.707106781186548,-0.707106781186547,0.));
#3740=DIRECTION('center_axis',(-0.707106781186552,-0.707106781186543,0.));
#3741=DIRECTION('ref_axis',(0.707106781186543,-0.707106781186552,0.));
#3742=DIRECTION('center_axis',(-0.0871557427476556,-0.996194698091746,0.));
#3743=DIRECTION('ref_axis',(0.996194698091746,-0.0871557427476556,0.));
#3744=DIRECTION('',(0.,0.,-1.));
#3745=DIRECTION('center_axis',(0.0871557427476584,-0.996194698091746,0.));
#3746=DIRECTION('ref_axis',(0.883603454634079,0.0773052853328162,-0.461810380803997));
#3747=DIRECTION('center_axis',(-0.0871557427476655,0.996194698091745,0.));
#3748=DIRECTION('ref_axis',(0.883603454634079,0.0773052853328162,-0.461810380803997));
#3749=DIRECTION('',(-0.0871557427476584,0.996194698091746,-5.68456337917578E-18));
#3750=DIRECTION('center_axis',(0.0871557427476617,-0.996194698091745,0.));
#3751=DIRECTION('ref_axis',(0.883603454634079,0.0773052853328162,-0.461810380803997));
#3752=DIRECTION('',(0.0871557427476584,-0.996194698091746,0.));
#3753=DIRECTION('center_axis',(-0.996194698091746,-0.0871557427476584,0.));
#3754=DIRECTION('ref_axis',(0.0871557427476584,-0.996194698091746,0.));
#3755=DIRECTION('',(0.,0.,1.));
#3756=DIRECTION('',(-0.0871557427476584,0.996194698091746,8.4699994349719E-18));
#3757=DIRECTION('',(0.,0.,1.));
#3758=DIRECTION('center_axis',(0.0871557427476617,-0.996194698091745,0.));
#3759=DIRECTION('ref_axis',(0.996194698091745,0.0871557427476617,0.));
#3760=DIRECTION('',(0.816114495728586,0.0714007665154303,0.573462344363328));
#3761=DIRECTION('',(-0.816114495728587,-0.0714007665154304,0.573462344363327));
#3762=DIRECTION('center_axis',(0.0871557427476617,-0.996194698091745,0.));
#3763=DIRECTION('ref_axis',(0.883603454634077,0.0773052853328177,0.461810380804001));
#3764=DIRECTION('center_axis',(-0.0871557427476584,0.996194698091746,8.4699994349719E-18));
#3765=DIRECTION('ref_axis',(0.883603454634077,0.0773052853328177,0.461810380804001));
#3766=DIRECTION('',(0.0871557427476584,-0.996194698091746,-8.4699994349719E-18));
#3767=DIRECTION('center_axis',(-0.0871557427476655,0.996194698091745,0.));
#3768=DIRECTION('ref_axis',(0.883603454634077,0.0773052853328177,0.461810380804001));
#3769=DIRECTION('center_axis',(0.0871557427476584,-0.996194698091746,8.46999943497191E-18));
#3770=DIRECTION('ref_axis',(0.883603454634077,0.077305285332816,-0.461810380804001));
#3771=DIRECTION('center_axis',(-0.0871557427476655,0.996194698091745,0.));
#3772=DIRECTION('ref_axis',(0.883603454634077,0.077305285332816,-0.461810380804001));
#3773=DIRECTION('',(-0.0871557427476584,0.996194698091746,-8.46999943497191E-18));
#3774=DIRECTION('center_axis',(0.0871557427476617,-0.996194698091745,0.));
#3775=DIRECTION('ref_axis',(0.883603454634077,0.077305285332816,-0.461810380804001));
#3776=DIRECTION('',(0.0871557427476584,-0.996194698091746,8.46999943497191E-18));
#3777=DIRECTION('center_axis',(-0.996194698091746,-0.0871557427476584,0.));
#3778=DIRECTION('ref_axis',(0.0871557427476584,-0.996194698091746,0.));
#3779=DIRECTION('',(0.,0.,1.));
#3780=DIRECTION('',(-0.0871557427476584,0.996194698091746,0.));
#3781=DIRECTION('',(0.,0.,1.));
#3782=DIRECTION('center_axis',(0.0871557427476617,-0.996194698091745,0.));
#3783=DIRECTION('ref_axis',(0.996194698091745,0.0871557427476617,0.));
#3784=DIRECTION('',(0.816114495728586,0.0714007665154303,0.573462344363329));
#3785=DIRECTION('',(-0.816114495728587,-0.0714007665154304,0.573462344363327));
#3786=DIRECTION('center_axis',(0.0871557427476617,-0.996194698091745,0.));
#3787=DIRECTION('ref_axis',(0.883603454634081,0.0773052853328163,0.461810380803994));
#3788=DIRECTION('center_axis',(-0.0871557427476584,0.996194698091746,0.));
#3789=DIRECTION('ref_axis',(0.883603454634081,0.0773052853328163,0.461810380803994));
#3790=DIRECTION('',(0.0871557427476584,-0.996194698091746,0.));
#3791=DIRECTION('center_axis',(-0.0871557427476655,0.996194698091745,0.));
#3792=DIRECTION('ref_axis',(0.883603454634081,0.0773052853328163,0.461810380803994));
#3793=DIRECTION('center_axis',(-0.0871557427476584,-0.996194698091746,-8.46999943497191E-18));
#3794=DIRECTION('ref_axis',(-0.883603454634077,0.077305285332816,0.461810380804002));
#3795=DIRECTION('center_axis',(0.0871557427476655,0.996194698091745,0.));
#3796=DIRECTION('ref_axis',(-0.883603454634077,0.077305285332816,0.461810380804002));
#3797=DIRECTION('',(0.0871557427476584,0.996194698091746,8.46999943497191E-18));
#3798=DIRECTION('center_axis',(-0.0871557427476617,-0.996194698091745,0.));
#3799=DIRECTION('ref_axis',(-0.883603454634077,0.077305285332816,0.461810380804002));
#3800=DIRECTION('',(-0.0871557427476584,-0.996194698091746,-8.46999943497191E-18));
#3801=DIRECTION('center_axis',(-0.0871557427476655,-0.996194698091745,0.));
#3802=DIRECTION('ref_axis',(0.996194698091745,-0.0871557427476655,0.));
#3803=DIRECTION('',(0.,0.,1.));
#3804=DIRECTION('center_axis',(0.0871557427476655,0.996194698091745,0.));
#3805=DIRECTION('ref_axis',(-0.920363891963225,0.0805214068653802,-0.382683432365088));
#3806=DIRECTION('',(-0.704416026402759,0.0616284167162246,0.707106781186546));
#3807=DIRECTION('',(0.,0.,-1.));
#3808=DIRECTION('',(-0.996194698091745,0.0871557427476655,0.));
#3809=DIRECTION('',(0.816114495728586,-0.0714007665154334,0.573462344363329));
#3810=DIRECTION('center_axis',(-0.996194698091746,0.0871557427476584,0.));
#3811=DIRECTION('ref_axis',(-0.0871557427476584,-0.996194698091746,0.));
#3812=DIRECTION('',(0.,0.,1.));
#3813=DIRECTION('',(0.0871557427476584,0.996194698091746,9.81307786677357E-18));
#3814=DIRECTION('center_axis',(0.0871557427476584,0.996194698091746,9.81307786677358E-18));
#3815=DIRECTION('ref_axis',(-0.920363891963225,0.0805214068653802,-0.382683432365088));
#3816=DIRECTION('center_axis',(-0.0871557427476617,-0.996194698091745,0.));
#3817=DIRECTION('ref_axis',(-0.920363891963225,0.0805214068653802,-0.382683432365088));
#3818=DIRECTION('',(-0.0871557427476584,-0.996194698091746,-4.90653893338677E-18));
#3819=DIRECTION('center_axis',(-0.0871557427476584,-0.996194698091746,0.));
#3820=DIRECTION('ref_axis',(-0.883603454634077,0.077305285332816,0.461810380804001));
#3821=DIRECTION('center_axis',(0.0871557427476655,0.996194698091745,0.));
#3822=DIRECTION('ref_axis',(-0.883603454634077,0.077305285332816,0.461810380804001));
#3823=DIRECTION('',(0.0871557427476584,0.996194698091746,5.68456337917578E-18));
#3824=DIRECTION('center_axis',(-0.0871557427476617,-0.996194698091745,0.));
#3825=DIRECTION('ref_axis',(-0.883603454634077,0.077305285332816,0.461810380804001));
#3826=DIRECTION('',(-0.0871557427476584,-0.996194698091746,0.));
#3827=DIRECTION('center_axis',(-0.0871557427476655,-0.996194698091745,0.));
#3828=DIRECTION('ref_axis',(0.996194698091745,-0.0871557427476655,0.));
#3829=DIRECTION('',(0.,0.,1.));
#3830=DIRECTION('center_axis',(0.0871557427476655,0.996194698091745,0.));
#3831=DIRECTION('ref_axis',(-0.920363891963222,0.0805214068653817,-0.382683432365095));
#3832=DIRECTION('',(-0.704416026402759,0.0616284167162246,0.707106781186546));
#3833=DIRECTION('',(0.,0.,-1.));
#3834=DIRECTION('',(0.816114495728585,-0.0714007665154334,0.573462344363329));
#3835=DIRECTION('center_axis',(-0.996194698091746,0.0871557427476584,0.));
#3836=DIRECTION('ref_axis',(-0.0871557427476584,-0.996194698091746,0.));
#3837=DIRECTION('',(0.,0.,1.));
#3838=DIRECTION('',(0.0871557427476584,0.996194698091746,9.81307786677357E-18));
#3839=DIRECTION('center_axis',(0.0871557427476584,0.996194698091746,9.81307786677358E-18));
#3840=DIRECTION('ref_axis',(-0.920363891963222,0.0805214068653817,-0.382683432365095));
#3841=DIRECTION('center_axis',(-0.0871557427476617,-0.996194698091745,0.));
#3842=DIRECTION('ref_axis',(-0.920363891963222,0.0805214068653817,-0.382683432365095));
#3843=DIRECTION('',(-0.0871557427476584,-0.996194698091746,-4.90653893338677E-18));
#3844=DIRECTION('center_axis',(0.571280147010009,0.0499805365607992,0.819231920519041));
#3845=DIRECTION('ref_axis',(0.820257084407752,0.,-0.571995030991436));
#3846=DIRECTION('',(0.816114495728587,0.0714007665154335,-0.573462344363327));
#3847=DIRECTION('center_axis',(-0.0871557427476655,0.996194698091745,0.));
#3848=DIRECTION('ref_axis',(-0.996194698091745,-0.0871557427476655,0.));
#3849=DIRECTION('',(-0.816114495728586,-0.0714007665154335,-0.573462344363328));
#3850=DIRECTION('center_axis',(0.571280147010009,0.0499805365607992,0.819231920519041));
#3851=DIRECTION('ref_axis',(0.820257084407752,0.,-0.571995030991435));
#3852=DIRECTION('',(0.0871557427476584,-0.996194698091746,0.));
#3853=DIRECTION('',(0.816114495728587,0.0714007665154335,-0.573462344363327));
#3854=DIRECTION('center_axis',(-0.0871557427476655,0.996194698091745,0.));
#3855=DIRECTION('ref_axis',(-0.996194698091745,-0.0871557427476655,0.));
#3856=DIRECTION('',(-0.996194698091745,-0.0871557427476655,0.));
#3857=DIRECTION('',(-0.816114495728586,-0.0714007665154334,-0.573462344363329));
#3858=DIRECTION('center_axis',(-0.571280147010011,0.0499805365607994,0.81923192051904));
#3859=DIRECTION('ref_axis',(0.820257084407751,0.,0.571995030991437));
#3860=DIRECTION('',(-0.0871557427476581,-0.996194698091746,0.));
#3861=DIRECTION('',(-0.816114495728586,0.0714007665154303,-0.573462344363329));
#3862=DIRECTION('center_axis',(-0.571280147010011,0.0499805365607994,0.81923192051904));
#3863=DIRECTION('ref_axis',(0.820257084407751,0.,0.571995030991437));
#3864=DIRECTION('',(0.0871557427476584,0.996194698091746,0.));
#3865=DIRECTION('',(-0.816114495728586,0.0714007665154303,-0.573462344363329));
#3866=DIRECTION('center_axis',(0.57128014701001,0.0499805365607993,-0.819231920519041));
#3867=DIRECTION('ref_axis',(-0.820257084407752,0.,-0.571995030991436));
#3868=DIRECTION('center_axis',(0.571280147010011,0.0499805365607994,-0.81923192051904));
#3869=DIRECTION('ref_axis',(-0.820257084407751,0.,-0.571995030991437));
#3870=DIRECTION('center_axis',(-0.704416026402757,0.0616284167162194,-0.707106781186549));
#3871=DIRECTION('ref_axis',(-0.708453436019949,0.,0.705757556807951));
#3872=DIRECTION('',(0.70441602640276,-0.061628416716222,-0.707106781186546));
#3873=DIRECTION('',(0.0871557427476581,0.996194698091746,0.));
#3874=DIRECTION('center_axis',(-0.704416026402757,0.0616284167162194,-0.707106781186549));
#3875=DIRECTION('ref_axis',(-0.708453436019949,0.,0.705757556807951));
#3876=DIRECTION('',(0.70441602640276,-0.061628416716222,-0.707106781186546));
#3877=DIRECTION('',(-0.0871557427476584,-0.996194698091746,0.));
#3878=DIRECTION('center_axis',(0.0871557427476617,0.996194698091745,0.));
#3879=DIRECTION('ref_axis',(-0.996194698091745,0.0871557427476617,0.));
#3880=DIRECTION('',(0.,0.,-1.));
#3881=DIRECTION('center_axis',(-0.996194698091746,0.0871557427476581,0.));
#3882=DIRECTION('ref_axis',(0.0871557427476581,0.996194698091746,0.));
#3883=DIRECTION('',(0.,0.,-1.));
#3884=DIRECTION('',(0.,0.,-1.));
#3885=DIRECTION('',(0.,0.,-1.));
#3886=DIRECTION('center_axis',(0.0871557427476617,0.996194698091745,0.));
#3887=DIRECTION('ref_axis',(-0.996194698091745,0.0871557427476617,0.));
#3888=DIRECTION('',(0.,0.,-1.));
#3889=DIRECTION('center_axis',(0.,1.,0.));
#3890=DIRECTION('ref_axis',(-1.,2.90473991423505E-16,0.));
#3891=DIRECTION('',(-0.447213595499972,-0.894427190999909,5.47678698264219E-17));
#3892=DIRECTION('center_axis',(0.,-1.,0.));
#3893=DIRECTION('ref_axis',(-1.,0.,0.));
#3894=DIRECTION('center_axis',(0.,1.,0.));
#3895=DIRECTION('ref_axis',(-1.,2.90473991423505E-16,0.));
#3896=DIRECTION('',(-0.44721359549996,-0.894427190999915,5.47678698264206E-17));
#3897=DIRECTION('center_axis',(0.,-1.,0.));
#3898=DIRECTION('ref_axis',(-1.,0.,0.));
#3899=DIRECTION('center_axis',(0.,1.,0.));
#3900=DIRECTION('ref_axis',(-1.,0.,0.));
#3901=DIRECTION('center_axis',(0.,1.,0.));
#3902=DIRECTION('ref_axis',(-1.,0.,0.));
#3903=DIRECTION('center_axis',(0.,1.,0.));
#3904=DIRECTION('ref_axis',(-1.,0.,0.));
#3905=DIRECTION('center_axis',(0.,1.,0.));
#3906=DIRECTION('ref_axis',(-1.,0.,0.));
#3907=DIRECTION('center_axis',(0.,1.,0.));
#3908=DIRECTION('ref_axis',(-1.,0.,0.));
#3909=DIRECTION('center_axis',(0.,1.,0.));
#3910=DIRECTION('ref_axis',(-1.,0.,0.));
#3911=DIRECTION('',(0.,1.,0.));
#3912=DIRECTION('center_axis',(0.,1.,0.));
#3913=DIRECTION('ref_axis',(-1.,0.,0.));
#3914=DIRECTION('center_axis',(0.,1.,0.));
#3915=DIRECTION('ref_axis',(-1.,0.,0.));
#3916=DIRECTION('',(0.,1.,0.));
#3917=DIRECTION('center_axis',(0.,0.,-1.));
#3918=DIRECTION('ref_axis',(-0.990190386412191,-0.139724724572551,0.));
#3919=DIRECTION('center_axis',(0.,0.,-1.));
#3920=DIRECTION('ref_axis',(0.707106781186546,-0.707106781186549,0.));
#3921=DIRECTION('',(0.,0.,-1.));
#3922=DIRECTION('center_axis',(0.,0.,-1.));
#3923=DIRECTION('ref_axis',(0.707106781186546,-0.707106781186549,0.));
#3924=DIRECTION('',(0.,0.,-1.));
#3925=DIRECTION('center_axis',(0.,0.,-1.));
#3926=DIRECTION('ref_axis',(-0.707106781186549,-0.707106781186546,0.));
#3927=DIRECTION('',(0.,0.,1.));
#3928=DIRECTION('center_axis',(0.,0.,-1.));
#3929=DIRECTION('ref_axis',(-0.707106781186549,-0.707106781186546,0.));
#3930=DIRECTION('',(0.,0.,-1.));
#3931=DIRECTION('center_axis',(0.,-1.,0.));
#3932=DIRECTION('ref_axis',(-1.,0.,0.));
#3933=DIRECTION('',(0.,0.,-1.));
#3934=DIRECTION('',(1.,0.,0.));
#3935=DIRECTION('center_axis',(-0.707106781186546,-0.707106781186549,0.));
#3936=DIRECTION('ref_axis',(-0.707106781186549,0.707106781186546,0.));
#3937=DIRECTION('',(0.707106781186549,-0.707106781186546,0.));
#3938=DIRECTION('',(0.,0.,-1.));
#3939=DIRECTION('center_axis',(0.,0.,-1.));
#3940=DIRECTION('ref_axis',(1.,0.,0.));
#3941=DIRECTION('center_axis',(0.,0.,-1.));
#3942=DIRECTION('ref_axis',(1.,0.,0.));
#3943=DIRECTION('center_axis',(0.,-1.,0.));
#3944=DIRECTION('ref_axis',(-1.,0.,0.));
#3945=DIRECTION('',(1.,0.,0.));
#3946=DIRECTION('center_axis',(0.,-1.,0.));
#3947=DIRECTION('ref_axis',(-1.,0.,0.));
#3948=DIRECTION('',(-1.,0.,0.));
#3949=DIRECTION('center_axis',(0.,0.,-1.));
#3950=DIRECTION('ref_axis',(1.,0.,0.));
#3951=CARTESIAN_POINT('',(0.,0.,0.));
#3952=CARTESIAN_POINT('Origin',(20.6295053549223,29.3349607391449,-8.5));
#3953=CARTESIAN_POINT('',(25.8535533905933,24.110912703474,-9.));
#3954=CARTESIAN_POINT('',(25.1464466094067,24.110912703474,-8.5));
#3955=CARTESIAN_POINT('Ctrl Pts',(25.8535533905933,24.110912703474,-9.));
#3956=CARTESIAN_POINT('Ctrl Pts',(25.8004154915776,24.1640506024896,-9.));
#3957=CARTESIAN_POINT('Ctrl Pts',(25.7319263722503,24.2071056412281,-9.00090221344876));
#3958=CARTESIAN_POINT('Ctrl Pts',(25.6211314209957,24.2440240235067,-8.99535375941232));
#3959=CARTESIAN_POINT('Ctrl Pts',(25.5828666704871,24.2519067616445,-8.99216420974982));
#3960=CARTESIAN_POINT('Ctrl Pts',(25.507145989114,24.2587524857833,-8.98052418757027));
#3961=CARTESIAN_POINT('Ctrl Pts',(25.4696911365624,24.2577076327742,-8.97206209438299));
#3962=CARTESIAN_POINT('Ctrl Pts',(25.4033584950227,24.2489293008679,-8.94944659389253));
#3963=CARTESIAN_POINT('Ctrl Pts',(25.3711131738623,24.2414404726797,-8.93493543628011));
#3964=CARTESIAN_POINT('Ctrl Pts',(25.3127422558239,24.2219891789801,-8.89843956947931));
#3965=CARTESIAN_POINT('Ctrl Pts',(25.2866062847114,24.2101660452331,-8.87639734905666));
#3966=CARTESIAN_POINT('Ctrl Pts',(25.2251422615578,24.1775280308281,-8.80985716017553));
#3967=CARTESIAN_POINT('Ctrl Pts',(25.1942326374835,24.1538059158047,-8.75391064345708));
#3968=CARTESIAN_POINT('Ctrl Pts',(25.1551098925158,24.1202840662328,-8.63058291676759));
#3969=CARTESIAN_POINT('Ctrl Pts',(25.1464466094067,24.110912703474,-8.56322885793567));
#3970=CARTESIAN_POINT('Ctrl Pts',(25.1464466094067,24.110912703474,-8.5));
#3971=CARTESIAN_POINT('',(21.0931457505076,28.1642135623731,-8.5));
#3972=CARTESIAN_POINT('',(20.2759519643291,28.9814073485516,-8.5));
#3973=CARTESIAN_POINT('',(21.4466991411009,28.5177669529664,-9.));
#3974=CARTESIAN_POINT('Origin',(21.4466991411009,28.5177669529664,-8.5));
#3975=CARTESIAN_POINT('',(20.6295053549223,29.3349607391449,-9.));
#3976=CARTESIAN_POINT('Origin',(19.6789321881345,26.75,-8.5));
#3977=CARTESIAN_POINT('',(18.2647186257614,28.1642135623731,-8.5));
#3978=CARTESIAN_POINT('',(17.9111652351681,28.5177669529664,-9.));
#3979=CARTESIAN_POINT('Origin',(17.9111652351681,28.5177669529664,-8.5));
#3980=CARTESIAN_POINT('Origin',(19.6789321881345,26.75,-9.));
#3981=CARTESIAN_POINT('Origin',(19.6789321881345,26.75,-8.5));
#3982=CARTESIAN_POINT('Origin',(9.14885145335202,19.7554531711502,-8.5));
#3983=CARTESIAN_POINT('',(15.2751134706475,25.1746084072592,-8.5));
#3984=CARTESIAN_POINT('',(14.9215600800542,25.5281617978524,-9.));
#3985=CARTESIAN_POINT('Origin',(14.9215600800542,25.5281617978524,-8.5));
#3986=CARTESIAN_POINT('',(9.14885145335202,19.7554531711502,-9.));
#3987=CARTESIAN_POINT('',(9.5024048439453,19.4018997805569,-8.5));
#3988=CARTESIAN_POINT('Ctrl Pts',(15.2751134706475,25.1746084072592,-8.5));
#3989=CARTESIAN_POINT('Ctrl Pts',(14.7386450107283,24.63813994734,-8.5));
#3990=CARTESIAN_POINT('Ctrl Pts',(14.0775014137215,25.0102769666125,-8.5));
#3991=CARTESIAN_POINT('Ctrl Pts',(15.2751134706475,25.1746084072592,-9.));
#3992=CARTESIAN_POINT('Ctrl Pts',(14.7386450107283,24.63813994734,-9.));
#3993=CARTESIAN_POINT('Ctrl Pts',(14.0775014137215,25.0102769666125,-9.));
#3994=CARTESIAN_POINT('Ctrl Pts',(14.9215600800542,25.5281617978524,-9.));
#3995=CARTESIAN_POINT('Ctrl Pts',(14.6533258500946,25.2599275678928,-9.));
#3996=CARTESIAN_POINT('Ctrl Pts',(14.3227540515912,25.4459960775291,-9.));
#3997=CARTESIAN_POINT('',(14.0775014137215,25.0102769666125,-8.5));
#3998=CARTESIAN_POINT('',(14.3227540515912,25.4459960775291,-9.));
#3999=CARTESIAN_POINT('Origin',(14.3227540515912,25.4459960775291,-8.5));
#4000=CARTESIAN_POINT('Origin',(14.5680066894609,25.8817151884457,-9.));
#4001=CARTESIAN_POINT('Origin',(14.5680066894609,25.8817151884457,-8.5));
#4002=CARTESIAN_POINT('Origin',(0.,0.,-8.5));
#4003=CARTESIAN_POINT('',(-14.0775014137215,25.0102769666125,-8.5));
#4004=CARTESIAN_POINT('',(-14.3227540515912,25.4459960775291,-9.));
#4005=CARTESIAN_POINT('Origin',(-14.3227540515912,25.4459960775291,-8.5));
#4006=CARTESIAN_POINT('Origin',(0.,0.,-9.));
#4007=CARTESIAN_POINT('Origin',(0.,0.,-8.5));
#4008=CARTESIAN_POINT('Ctrl Pts',(-14.0775014137215,25.0102769666125,-8.5));
#4009=CARTESIAN_POINT('Ctrl Pts',(-14.7386450107283,24.63813994734,-8.5));
#4010=CARTESIAN_POINT('Ctrl Pts',(-15.2751134706475,25.1746084072592,-8.5));
#4011=CARTESIAN_POINT('Ctrl Pts',(-14.0775014137215,25.0102769666125,-9.));
#4012=CARTESIAN_POINT('Ctrl Pts',(-14.7386450107283,24.63813994734,-9.));
#4013=CARTESIAN_POINT('Ctrl Pts',(-15.2751134706475,25.1746084072592,-9.));
#4014=CARTESIAN_POINT('Ctrl Pts',(-14.3227540515912,25.4459960775291,-9.));
#4015=CARTESIAN_POINT('Ctrl Pts',(-14.6533258500946,25.2599275678929,-9.));
#4016=CARTESIAN_POINT('Ctrl Pts',(-14.9215600800542,25.5281617978524,-9.));
#4017=CARTESIAN_POINT('',(-15.2751134706475,25.1746084072592,-8.5));
#4018=CARTESIAN_POINT('',(-14.9215600800542,25.5281617978524,-9.));
#4019=CARTESIAN_POINT('Origin',(-14.9215600800542,25.5281617978524,-8.5));
#4020=CARTESIAN_POINT('Origin',(-14.5680066894609,25.8817151884457,-9.));
#4021=CARTESIAN_POINT('Origin',(-14.5680066894609,25.8817151884457,-8.5));
#4022=CARTESIAN_POINT('Origin',(-11.6226501379155,22.2292518557137,-8.5));
#4023=CARTESIAN_POINT('',(-18.2647186257614,28.1642135623731,-8.5));
#4024=CARTESIAN_POINT('',(-17.9111652351681,28.5177669529664,-9.));
#4025=CARTESIAN_POINT('Origin',(-17.9111652351681,28.5177669529664,-8.5));
#4026=CARTESIAN_POINT('',(-11.6226501379155,22.2292518557137,-9.));
#4027=CARTESIAN_POINT('',(-11.9762035285088,21.8756984651205,-8.5));
#4028=CARTESIAN_POINT('Origin',(-19.6789321881345,26.75,-8.5));
#4029=CARTESIAN_POINT('',(-21.0931457505076,28.1642135623731,-8.5));
#4030=CARTESIAN_POINT('',(-21.4466991411009,28.5177669529664,-9.));
#4031=CARTESIAN_POINT('Origin',(-21.4466991411009,28.5177669529664,-8.5));
#4032=CARTESIAN_POINT('Origin',(-19.6789321881345,26.75,-9.));
#4033=CARTESIAN_POINT('Origin',(-19.6789321881345,26.75,-8.5));
#4034=CARTESIAN_POINT('Origin',(-18.6028549254728,31.3616111685945,-8.5));
#4035=CARTESIAN_POINT('',(-25.1464466094067,24.110912703474,-8.5));
#4036=CARTESIAN_POINT('',(-25.8535533905933,24.110912703474,-9.));
#4037=CARTESIAN_POINT('Ctrl Pts',(-25.1464466094067,24.110912703474,-8.5));
#4038=CARTESIAN_POINT('Ctrl Pts',(-25.1464466094067,24.110912703474,-8.56322885793567));
#4039=CARTESIAN_POINT('Ctrl Pts',(-25.1551098925158,24.1202840662328,-8.63058291676759));
#4040=CARTESIAN_POINT('Ctrl Pts',(-25.1942326374835,24.1538059158047,-8.75391064345708));
#4041=CARTESIAN_POINT('Ctrl Pts',(-25.2251422615578,24.1775280308281,-8.80985716017553));
#4042=CARTESIAN_POINT('Ctrl Pts',(-25.2866062847114,24.2101660452331,-8.87639734905666));
#4043=CARTESIAN_POINT('Ctrl Pts',(-25.3127422558239,24.2219891789801,-8.89843956947932));
#4044=CARTESIAN_POINT('Ctrl Pts',(-25.3711131738623,24.2414404726797,-8.93493543628012));
#4045=CARTESIAN_POINT('Ctrl Pts',(-25.4033584950227,24.2489293008679,-8.94944659389253));
#4046=CARTESIAN_POINT('Ctrl Pts',(-25.4696911365624,24.2577076327742,-8.97206209438299));
#4047=CARTESIAN_POINT('Ctrl Pts',(-25.507145989114,24.2587524857833,-8.98052418757027));
#4048=CARTESIAN_POINT('Ctrl Pts',(-25.5828666704871,24.2519067616445,-8.99216420974982));
#4049=CARTESIAN_POINT('Ctrl Pts',(-25.6211314209958,24.2440240235067,-8.99535375941232));
#4050=CARTESIAN_POINT('Ctrl Pts',(-25.7319263722503,24.2071056412281,-9.00090221344876));
#4051=CARTESIAN_POINT('Ctrl Pts',(-25.8004154915777,24.1640506024896,-9.));
#4052=CARTESIAN_POINT('Ctrl Pts',(-25.8535533905933,24.110912703474,-9.));
#4053=CARTESIAN_POINT('',(-18.6028549254728,31.3616111685945,-9.));
#4054=CARTESIAN_POINT('',(-18.2493015348795,31.0080577780012,-8.5));
#4055=CARTESIAN_POINT('Origin',(-25.5,23.7573593128807,0.));
#4056=CARTESIAN_POINT('',(-25.1464466094067,24.110912703474,-8.));
#4057=CARTESIAN_POINT('',(-25.1464466094067,24.110912703474,-8.));
#4058=CARTESIAN_POINT('',(-25.1464466094067,24.110912703474,-5.));
#4059=CARTESIAN_POINT('',(-25.1464466094067,24.110912703474,0.));
#4060=CARTESIAN_POINT('',(-25.1464466094067,24.110912703474,-3.));
#4061=CARTESIAN_POINT('',(-25.1464466094067,24.110912703474,0.));
#4062=CARTESIAN_POINT('',(-25.1464466094067,24.110912703474,0.));
#4063=CARTESIAN_POINT('',(-25.1464466094067,24.110912703474,0.));
#4064=CARTESIAN_POINT('',(-25.4564221286262,23.2592619638348,0.));
#4065=CARTESIAN_POINT('Origin',(-25.5,23.7573593128807,0.));
#4066=CARTESIAN_POINT('',(-25.4564221286262,23.2592619638348,-3.));
#4067=CARTESIAN_POINT('',(-25.4564221286262,23.2592619638348,0.));
#4068=CARTESIAN_POINT('',(-25.4564221286262,23.2592619638348,-5.));
#4069=CARTESIAN_POINT('',(-25.4564221286262,23.2592619638348,0.));
#4070=CARTESIAN_POINT('',(-25.4564221286262,23.2592619638348,-8.));
#4071=CARTESIAN_POINT('',(-25.4564221286262,23.2592619638348,0.));
#4072=CARTESIAN_POINT('',(-25.4564221286262,23.2592619638348,-9.));
#4073=CARTESIAN_POINT('',(-25.4564221286262,23.2592619638348,-8.));
#4074=CARTESIAN_POINT('Origin',(-25.5,23.7573593128807,-9.));
#4075=CARTESIAN_POINT('Origin',(-21.0931457505076,28.1642135623731,-8.));
#4076=CARTESIAN_POINT('',(-21.0931457505076,28.1642135623731,-8.));
#4077=CARTESIAN_POINT('',(-21.0931457505076,28.1642135623731,-8.));
#4078=CARTESIAN_POINT('',(-18.2493015348795,31.0080577780012,-8.));
#4079=CARTESIAN_POINT('Origin',(-19.6789321881345,26.75,-4.));
#4080=CARTESIAN_POINT('',(-18.2647186257614,28.1642135623731,-7.5));
#4081=CARTESIAN_POINT('',(-18.2647186257614,28.1642135623731,-4.));
#4082=CARTESIAN_POINT('',(-21.0931457505076,28.1642135623731,-7.5));
#4083=CARTESIAN_POINT('Origin',(-19.6789321881345,26.75,-7.5));
#4084=CARTESIAN_POINT('',(-21.0931457505076,28.1642135623731,-4.));
#4085=CARTESIAN_POINT('Origin',(-19.6789321881345,29.5784271247462,-8.));
#4086=CARTESIAN_POINT('',(-15.2751134706475,25.1746084072592,-7.5));
#4087=CARTESIAN_POINT('',(-15.2751134706475,25.1746084072592,-8.));
#4088=CARTESIAN_POINT('',(-14.6934460793667,24.5929410159784,-7.5));
#4089=CARTESIAN_POINT('Origin',(-14.5680066894609,25.8817151884457,-8.));
#4090=CARTESIAN_POINT('',(-14.0775014137215,25.0102769666125,-7.5));
#4091=CARTESIAN_POINT('',(-14.0775014137215,25.0102769666125,-8.));
#4092=CARTESIAN_POINT('Origin',(-14.5680066894609,25.8817151884457,-7.5));
#4093=CARTESIAN_POINT('Origin',(0.,0.,-8.));
#4094=CARTESIAN_POINT('',(14.0775014137215,25.0102769666125,-7.5));
#4095=CARTESIAN_POINT('',(14.0775014137215,25.0102769666125,-8.));
#4096=CARTESIAN_POINT('Origin',(0.,0.,-7.5));
#4097=CARTESIAN_POINT('Origin',(14.5680066894609,25.8817151884457,-8.));
#4098=CARTESIAN_POINT('',(15.2751134706475,25.1746084072592,-7.5));
#4099=CARTESIAN_POINT('',(15.2751134706475,25.1746084072592,-8.));
#4100=CARTESIAN_POINT('Origin',(14.5680066894609,25.8817151884457,-7.5));
#4101=CARTESIAN_POINT('Origin',(14.7313348190075,24.6308297556192,-8.));
#4102=CARTESIAN_POINT('',(18.2647186257614,28.1642135623731,-7.5));
#4103=CARTESIAN_POINT('',(18.2647186257614,28.1642135623731,-4.));
#4104=CARTESIAN_POINT('',(12.2196473948033,22.1191423314149,-7.5));
#4105=CARTESIAN_POINT('Origin',(19.6789321881345,26.75,-4.));
#4106=CARTESIAN_POINT('',(21.0931457505076,28.1642135623731,-8.));
#4107=CARTESIAN_POINT('',(21.0931457505076,28.1642135623731,-8.));
#4108=CARTESIAN_POINT('',(21.0931457505076,28.1642135623731,-7.5));
#4109=CARTESIAN_POINT('',(21.0931457505076,28.1642135623731,-4.));
#4110=CARTESIAN_POINT('Origin',(19.6789321881345,26.75,-7.5));
#4111=CARTESIAN_POINT('Origin',(25.1464466094067,24.110912703474,-8.));
#4112=CARTESIAN_POINT('',(25.1464466094067,24.110912703474,-8.));
#4113=CARTESIAN_POINT('',(25.1464466094067,24.110912703474,-8.));
#4114=CARTESIAN_POINT('',(18.2493015348795,31.0080577780012,-8.));
#4115=CARTESIAN_POINT('Origin',(19.6789321881345,26.75,-7.5));
#4116=CARTESIAN_POINT('',(20.0324855787278,29.2248737341529,-7.));
#4117=CARTESIAN_POINT('Ctrl Pts',(20.0324855787278,29.2248737341529,-7.));
#4118=CARTESIAN_POINT('Ctrl Pts',(20.3901611909886,28.8671981218921,-7.));
#4119=CARTESIAN_POINT('Ctrl Pts',(20.773230957344,28.4841283555367,-7.27378608035211));
#4120=CARTESIAN_POINT('Ctrl Pts',(21.0931457505076,28.1642135623731,-7.5));
#4121=CARTESIAN_POINT('',(17.9111652351681,28.5177669529664,-7.));
#4122=CARTESIAN_POINT('Origin',(19.6789321881345,26.75,-7.));
#4123=CARTESIAN_POINT('Origin',(17.9111652351681,28.5177669529664,-7.5));
#4124=CARTESIAN_POINT('Origin',(11.86609400421,22.4726957220082,-7.5));
#4125=CARTESIAN_POINT('',(14.9215600800542,25.5281617978524,-7.));
#4126=CARTESIAN_POINT('Origin',(14.9215600800542,25.5281617978524,-7.5));
#4127=CARTESIAN_POINT('',(11.86609400421,22.4726957220082,-7.));
#4128=CARTESIAN_POINT('Ctrl Pts',(14.9215600800542,25.5281617978524,-7.));
#4129=CARTESIAN_POINT('Ctrl Pts',(14.6533258500946,25.2599275678928,-7.));
#4130=CARTESIAN_POINT('Ctrl Pts',(14.3227540515912,25.4459960775291,-7.));
#4131=CARTESIAN_POINT('Ctrl Pts',(15.2751134706475,25.1746084072592,-7.));
#4132=CARTESIAN_POINT('Ctrl Pts',(14.7386450107283,24.63813994734,-7.));
#4133=CARTESIAN_POINT('Ctrl Pts',(14.0775014137215,25.0102769666125,-7.));
#4134=CARTESIAN_POINT('Ctrl Pts',(15.2751134706475,25.1746084072592,-7.5));
#4135=CARTESIAN_POINT('Ctrl Pts',(14.7386450107283,24.63813994734,-7.5));
#4136=CARTESIAN_POINT('Ctrl Pts',(14.0775014137215,25.0102769666125,-7.5));
#4137=CARTESIAN_POINT('',(14.3227540515912,25.4459960775291,-7.));
#4138=CARTESIAN_POINT('Origin',(14.3227540515912,25.4459960775291,-7.5));
#4139=CARTESIAN_POINT('Origin',(14.5680066894609,25.8817151884457,-7.));
#4140=CARTESIAN_POINT('Origin',(0.,0.,-7.5));
#4141=CARTESIAN_POINT('',(-14.3227540515912,25.4459960775291,-7.));
#4142=CARTESIAN_POINT('Origin',(-14.3227540515912,25.4459960775291,-7.5));
#4143=CARTESIAN_POINT('Origin',(0.,0.,-7.));
#4144=CARTESIAN_POINT('Ctrl Pts',(-14.3227540515912,25.4459960775291,-7.));
#4145=CARTESIAN_POINT('Ctrl Pts',(-14.6533258500946,25.2599275678929,-7.));
#4146=CARTESIAN_POINT('Ctrl Pts',(-14.9215600800542,25.5281617978524,-7.));
#4147=CARTESIAN_POINT('Ctrl Pts',(-14.0775014137215,25.0102769666125,-7.));
#4148=CARTESIAN_POINT('Ctrl Pts',(-14.7386450107283,24.63813994734,-7.));
#4149=CARTESIAN_POINT('Ctrl Pts',(-15.2751134706475,25.1746084072592,-7.));
#4150=CARTESIAN_POINT('Ctrl Pts',(-14.0775014137215,25.0102769666125,-7.5));
#4151=CARTESIAN_POINT('Ctrl Pts',(-14.7386450107283,24.63813994734,-7.5));
#4152=CARTESIAN_POINT('Ctrl Pts',(-15.2751134706475,25.1746084072592,-7.5));
#4153=CARTESIAN_POINT('',(-14.9215600800542,25.5281617978524,-7.));
#4154=CARTESIAN_POINT('Origin',(-14.9215600800542,25.5281617978524,-7.5));
#4155=CARTESIAN_POINT('Origin',(-14.5680066894609,25.8817151884457,-7.));
#4156=CARTESIAN_POINT('Origin',(-14.3398926887735,24.9464944065717,-7.5));
#4157=CARTESIAN_POINT('',(-17.9111652351681,28.5177669529664,-7.));
#4158=CARTESIAN_POINT('Origin',(-17.9111652351681,28.5177669529664,-7.5));
#4159=CARTESIAN_POINT('',(-14.3398926887735,24.9464944065717,-7.));
#4160=CARTESIAN_POINT('Origin',(-19.6789321881345,26.75,-7.5));
#4161=CARTESIAN_POINT('',(-20.0324855787278,29.2248737341529,-7.));
#4162=CARTESIAN_POINT('Ctrl Pts',(-21.0931457505076,28.1642135623731,-7.5));
#4163=CARTESIAN_POINT('Ctrl Pts',(-20.773230957344,28.4841283555367,-7.27378608035211));
#4164=CARTESIAN_POINT('Ctrl Pts',(-20.3901611909886,28.8671981218921,-7.));
#4165=CARTESIAN_POINT('Ctrl Pts',(-20.0324855787278,29.2248737341529,-7.));
#4166=CARTESIAN_POINT('Origin',(-19.6789321881345,26.75,-7.));
#4167=CARTESIAN_POINT('Origin',(-2.22044604925031E-15,29.3154148778096,
-7.));
#4168=CARTESIAN_POINT('',(16.2573593128807,33.,-7.));
#4169=CARTESIAN_POINT('',(17.5587094134711,31.6986498994096,-7.));
#4170=CARTESIAN_POINT('',(8.,33.,-7.));
#4171=CARTESIAN_POINT('',(8.12867965644033,33.,-7.));
#4172=CARTESIAN_POINT('',(7.,34.,-7.));
#4173=CARTESIAN_POINT('Origin',(8.,34.,-7.));
#4174=CARTESIAN_POINT('',(-7.,34.,-7.));
#4175=CARTESIAN_POINT('',(3.5,34.,-7.));
#4176=CARTESIAN_POINT('',(-8.,33.,-7.));
#4177=CARTESIAN_POINT('Origin',(-8.,34.,-7.));
#4178=CARTESIAN_POINT('',(-16.2573593128807,33.,-7.));
#4179=CARTESIAN_POINT('',(-3.5,33.,-7.));
#4180=CARTESIAN_POINT('',(-13.1141657652081,36.1431935476726,-7.));
#4181=CARTESIAN_POINT('Ctrl Pts',(26.5712354938972,9.07752196087969,-8.63345555644693));
#4182=CARTESIAN_POINT('Ctrl Pts',(26.583026291003,9.02860503962296,-8.61744623627878));
#4183=CARTESIAN_POINT('Ctrl Pts',(26.6369909155917,8.93835129356696,-8.5558208311058));
#4184=CARTESIAN_POINT('Ctrl Pts',(26.7967166812988,8.86487600527867,-8.39029907683537));
#4185=CARTESIAN_POINT('Ctrl Pts',(26.9890252210869,8.91910366716446,-8.20344858124982));
#4186=CARTESIAN_POINT('Ctrl Pts',(27.0574763515844,9.04747938956897,-8.14644660940673));
#4187=CARTESIAN_POINT('Ctrl Pts',(27.0633236734087,9.11431458385178,-8.14644660940673));
#4188=CARTESIAN_POINT('Ctrl Pts',(26.4972677711532,9.03674051635124,-8.70358747258624));
#4189=CARTESIAN_POINT('Ctrl Pts',(26.5173039362655,8.96264041760533,-8.67710837555652));
#4190=CARTESIAN_POINT('Ctrl Pts',(26.6001180370201,8.84954948371227,-8.58482487397849));
#4191=CARTESIAN_POINT('Ctrl Pts',(26.7936612539154,8.78846581408597,-8.38656253486387));
#4192=CARTESIAN_POINT('Ctrl Pts',(27.0076786401205,8.87455213173748,-8.1809758131398));
#4193=CARTESIAN_POINT('Ctrl Pts',(27.0825843708783,9.03103462036113,-8.12000087763197));
#4194=CARTESIAN_POINT('Ctrl Pts',(27.0896687711899,9.11200968645645,-8.12000087763197));
#4195=CARTESIAN_POINT('Ctrl Pts',(26.2966335187777,8.95991362916679,-8.79056786987598));
#4196=CARTESIAN_POINT('Ctrl Pts',(26.3361671242787,8.83517210434482,-8.74614036576181));
#4197=CARTESIAN_POINT('Ctrl Pts',(26.4865691977185,8.67553493205598,-8.60276243742223));
#4198=CARTESIAN_POINT('Ctrl Pts',(26.7652490519242,8.63767216308304,-8.35659569980609));
#4199=CARTESIAN_POINT('Ctrl Pts',(27.0357563854289,8.78626744020379,-8.12678778674001));
#4200=CARTESIAN_POINT('Ctrl Pts',(27.1268618085759,8.99866466856058,-8.06115012841246));
#4201=CARTESIAN_POINT('Ctrl Pts',(27.1364203635734,9.10791945212111,-8.06115012841246));
#4202=CARTESIAN_POINT('Ctrl Pts',(25.9631430458663,8.90666810477987,-8.70764671112777));
#4203=CARTESIAN_POINT('Ctrl Pts',(26.0219025751669,8.73452355430799,-8.65901794542935));
#4204=CARTESIAN_POINT('Ctrl Pts',(26.2457394722659,8.50983232240679,-8.50514203273649));
#4205=CARTESIAN_POINT('Ctrl Pts',(26.6583595156176,8.45590349099745,-8.25425299505494));
#4206=CARTESIAN_POINT('Ctrl Pts',(27.0453403037817,8.66346563882301,-8.02464060777126));
#4207=CARTESIAN_POINT('Ctrl Pts',(27.1721420924332,8.95410195384873,-7.9594242884035));
#4208=CARTESIAN_POINT('Ctrl Pts',(27.1852258099036,9.10364952884889,-7.9594242884035));
#4209=CARTESIAN_POINT('Ctrl Pts',(25.7746369473128,8.93269444137775,-8.48928856833993));
#4210=CARTESIAN_POINT('Ctrl Pts',(25.8285273767699,8.76043257990315,-8.456176563728));
#4211=CARTESIAN_POINT('Ctrl Pts',(26.0466053260328,8.49779987389303,-8.34638287720791));
#4212=CARTESIAN_POINT('Ctrl Pts',(26.5276666855181,8.36885966877636,-8.1371606834366));
#4213=CARTESIAN_POINT('Ctrl Pts',(27.0236164397634,8.57473793248142,-7.92877311750193));
#4214=CARTESIAN_POINT('Ctrl Pts',(27.1903620141755,8.92215665613534,-7.86769349222032));
#4215=CARTESIAN_POINT('Ctrl Pts',(27.2060809522367,9.10182494031853,-7.86769349222032));
#4216=CARTESIAN_POINT('Ctrl Pts',(25.7368483173386,8.97499361228518,-8.33221111251897));
#4217=CARTESIAN_POINT('Ctrl Pts',(25.7774553051898,8.82068792534316,-8.31194019969878));
#4218=CARTESIAN_POINT('Ctrl Pts',(25.9559743248904,8.55037614273466,-8.23828894689803));
#4219=CARTESIAN_POINT('Ctrl Pts',(26.4392228041989,8.35387338408833,-8.06185157781632));
#4220=CARTESIAN_POINT('Ctrl Pts',(26.9967921686611,8.52982820794809,-7.8696134858538));
#4221=CARTESIAN_POINT('Ctrl Pts',(27.1921084802661,8.90604525989994,-7.81159317508482));
#4222=CARTESIAN_POINT('Ctrl Pts',(27.2092130092532,9.10155092083606,-7.81159317508482));
#4223=CARTESIAN_POINT('Ctrl Pts',(25.7329484707187,8.99117305191981,-8.27990216585366));
#4224=CARTESIAN_POINT('Ctrl Pts',(25.7683208620362,8.84442228814961,-8.26389284568551));
#4225=CARTESIAN_POINT('Ctrl Pts',(25.9302147358021,8.5736610499816,-8.20226744051252));
#4226=CARTESIAN_POINT('Ctrl Pts',(26.4093920329234,8.35323518511674,-8.0367456862421));
#4227=CARTESIAN_POINT('Ctrl Pts',(26.9863176522877,8.51591817077411,-7.84989519065654));
#4228=CARTESIAN_POINT('Ctrl Pts',(27.1916710437803,8.90104533798762,-7.79289321881345));
#4229=CARTESIAN_POINT('Ctrl Pts',(27.2092130092532,9.10155092083606,-7.79289321881345));
#4230=CARTESIAN_POINT('',(25.7329484707187,8.9911730519198,-8.27990216585366));
#4231=CARTESIAN_POINT('',(26.5712354938972,9.07752196087969,-8.63345555644693));
#4232=CARTESIAN_POINT('Origin',(26.2190274806958,9.10833616923781,-8.27990216585366));
#4233=CARTESIAN_POINT('',(27.0633236734087,9.11431458385178,-8.14644660940673));
#4234=CARTESIAN_POINT('Origin',(26.8142749988858,9.1361035195387,-8.39644660940673));
#4235=CARTESIAN_POINT('',(27.2092130092532,9.10155092083606,-7.79289321881345));
#4236=CARTESIAN_POINT('Origin',(26.7111156602073,9.14512879220989,-7.79289321881345));
#4237=CARTESIAN_POINT('Origin',(26.4620669856844,9.16691772789681,-8.04289321881346));
#4238=CARTESIAN_POINT('Origin',(27.8232402979911,21.8567715692685,-7.79289321881345));
#4239=CARTESIAN_POINT('',(28.3445974093849,23.7593404002138,-8.14644660940673));
#4240=CARTESIAN_POINT('',(28.4904867452294,23.7465767371981,-7.79289321881345));
#4241=CARTESIAN_POINT('Origin',(27.9923893961835,23.7901546085719,-7.79289321881345));
#4242=CARTESIAN_POINT('',(28.321337647037,21.8131936978947,-7.79289321881345));
#4243=CARTESIAN_POINT('',(28.1754483111925,21.8259573609104,-8.14644660940672));
#4244=CARTESIAN_POINT('Origin',(26.,23.9644660940672,-7.79289321881345));
#4245=CARTESIAN_POINT('',(27.6642135623731,25.6286796564403,-8.14644660940673));
#4246=CARTESIAN_POINT('',(27.7677669529664,25.7322330470336,-7.79289321881345));
#4247=CARTESIAN_POINT('Origin',(27.4142135623731,25.3786796564403,-7.79289321881345));
#4248=CARTESIAN_POINT('Origin',(26.,23.9644660940672,-7.79289321881345));
#4249=CARTESIAN_POINT('Origin',(26.,23.9644660940672,-8.14644660940673));
#4250=CARTESIAN_POINT('Origin',(17.7023158103847,35.0905774084287,-7.79289321881346));
#4251=CARTESIAN_POINT('',(18.1286796564404,35.1642135623731,-8.14644660940673));
#4252=CARTESIAN_POINT('',(18.2322330470336,35.2677669529664,-7.79289321881346));
#4253=CARTESIAN_POINT('Origin',(17.8786796564404,34.9142135623731,-7.79289321881346));
#4254=CARTESIAN_POINT('',(18.055869200978,35.444130799022,-7.79289321881346));
#4255=CARTESIAN_POINT('',(17.9523158103847,35.3405774084287,-8.14644660940673));
#4256=CARTESIAN_POINT('Origin',(16.4644660940673,33.5,-7.79289321881345));
#4257=CARTESIAN_POINT('',(16.4644660940673,35.8535533905933,-8.14644660940673));
#4258=CARTESIAN_POINT('',(16.4644660940673,36.,-7.79289321881345));
#4259=CARTESIAN_POINT('Origin',(16.4644660940673,35.5,-7.79289321881345));
#4260=CARTESIAN_POINT('Origin',(16.4644660940673,33.5,-7.79289321881345));
#4261=CARTESIAN_POINT('Origin',(16.4644660940673,33.5,-8.14644660940673));
#4262=CARTESIAN_POINT('Origin',(-12.3483495705504,35.5,-7.79289321881345));
#4263=CARTESIAN_POINT('',(12.6498978804461,36.,-7.79289321881345));
#4264=CARTESIAN_POINT('',(13.3501021195539,36.,-7.79289321881345));
#4265=CARTESIAN_POINT('Ctrl Pts',(12.6498978804461,36.,-7.79289321881345));
#4266=CARTESIAN_POINT('Ctrl Pts',(12.6682664331959,36.,-7.79373917319472));
#4267=CARTESIAN_POINT('Ctrl Pts',(12.6866378569,35.999997866241,-7.79451868344383));
#4268=CARTESIAN_POINT('Ctrl Pts',(12.7536837266657,35.9999856982407,-7.7971203615886));
#4269=CARTESIAN_POINT('Ctrl Pts',(12.8023706304326,35.9999689986803,-7.79854218334553));
#4270=CARTESIAN_POINT('Ctrl Pts',(12.9007090633844,35.9999435542514,-7.80046873262228));
#4271=CARTESIAN_POINT('Ctrl Pts',(12.9503518313975,35.9999350017406,-7.80095510659377));
#4272=CARTESIAN_POINT('Ctrl Pts',(13.0496481686025,35.9999350017406,-7.80095510659377));
#4273=CARTESIAN_POINT('Ctrl Pts',(13.0992909366154,35.9999435542514,-7.80046873262228));
#4274=CARTESIAN_POINT('Ctrl Pts',(13.1976293695681,35.9999689986803,-7.79854218334552));
#4275=CARTESIAN_POINT('Ctrl Pts',(13.2463162733356,35.9999856982407,-7.79712036158854));
#4276=CARTESIAN_POINT('Ctrl Pts',(13.3133621430996,35.999997866241,-7.79451868344383));
#4277=CARTESIAN_POINT('Ctrl Pts',(13.3317335668043,36.,-7.79373917319471));
#4278=CARTESIAN_POINT('Ctrl Pts',(13.3501021195539,36.,-7.79289321881345));
#4279=CARTESIAN_POINT('',(-12.3483495705504,36.,-7.79289321881345));
#4280=CARTESIAN_POINT('',(-16.4644660940672,35.8535533905933,-8.14644660940672));
#4281=CARTESIAN_POINT('',(-12.3483495705504,35.8535533905933,-8.14644660940673));
#4282=CARTESIAN_POINT('',(-16.4644660940672,36.,-7.79289321881345));
#4283=CARTESIAN_POINT('Origin',(-16.4644660940672,35.5,-7.79289321881345));
#4284=CARTESIAN_POINT('',(-13.3501021195539,36.,-7.79289321881345));
#4285=CARTESIAN_POINT('',(-12.3483495705504,36.,-7.79289321881345));
#4286=CARTESIAN_POINT('',(-12.6498978804461,36.,-7.79289321881345));
#4287=CARTESIAN_POINT('Ctrl Pts',(-13.3501021195539,36.,-7.79289321881345));
#4288=CARTESIAN_POINT('Ctrl Pts',(-13.331733566622,36.,-7.7937391732031));
#4289=CARTESIAN_POINT('Ctrl Pts',(-13.3133621432561,35.999997866241,-7.79451868343954));
#4290=CARTESIAN_POINT('Ctrl Pts',(-13.2463162732376,35.9999856982407,-7.79712036159243));
#4291=CARTESIAN_POINT('Ctrl Pts',(-13.1976293695507,35.9999689986803,-7.79854218334651));
#4292=CARTESIAN_POINT('Ctrl Pts',(-13.0992909366075,35.9999435542514,-7.80046873262279));
#4293=CARTESIAN_POINT('Ctrl Pts',(-13.0496481685989,35.9999350017407,-7.80095510659419));
#4294=CARTESIAN_POINT('Ctrl Pts',(-12.9503518314098,35.9999350017407,-7.80095510659419));
#4295=CARTESIAN_POINT('Ctrl Pts',(-12.9007090634098,35.9999435542514,-7.80046873262325));
#4296=CARTESIAN_POINT('Ctrl Pts',(-12.8023706304392,35.9999689986803,-7.79854218334653));
#4297=CARTESIAN_POINT('Ctrl Pts',(-12.7536837267402,35.9999856982407,-7.79712036159156));
#4298=CARTESIAN_POINT('Ctrl Pts',(-12.6866378567444,35.999997866241,-7.79451868343956));
#4299=CARTESIAN_POINT('Ctrl Pts',(-12.6682664333776,36.,-7.79373917320308));
#4300=CARTESIAN_POINT('Ctrl Pts',(-12.6498978804462,36.,-7.79289321881345));
#4301=CARTESIAN_POINT('',(-12.3483495705504,36.,-7.79289321881345));
#4302=CARTESIAN_POINT('Origin',(-16.4644660940672,33.5,-7.79289321881345));
#4303=CARTESIAN_POINT('',(-18.1286796564403,35.1642135623731,-8.14644660940673));
#4304=CARTESIAN_POINT('',(-18.2322330470336,35.2677669529664,-7.79289321881345));
#4305=CARTESIAN_POINT('Origin',(-17.8786796564403,34.9142135623731,-7.79289321881345));
#4306=CARTESIAN_POINT('Origin',(-16.4644660940672,33.5,-7.79289321881345));
#4307=CARTESIAN_POINT('Origin',(-16.4644660940672,33.5,-8.14644660940673));
#4308=CARTESIAN_POINT('Origin',(-24.8539662398343,27.9389269789792,-7.79289321881345));
#4309=CARTESIAN_POINT('',(-27.6642135623731,25.6286796564403,-8.14644660940673));
#4310=CARTESIAN_POINT('',(-27.7677669529664,25.7322330470336,-7.79289321881345));
#4311=CARTESIAN_POINT('Origin',(-27.4142135623731,25.3786796564403,-7.79289321881345));
#4312=CARTESIAN_POINT('',(-25.2075196304276,28.2924803695724,-7.79289321881345));
#4313=CARTESIAN_POINT('',(-25.1039662398343,28.1889269789792,-8.14644660940673));
#4314=CARTESIAN_POINT('Origin',(-26.,23.9644660940672,-7.79289321881345));
#4315=CARTESIAN_POINT('',(-28.3445974093849,23.7593404002138,-8.14644660940673));
#4316=CARTESIAN_POINT('',(-28.4904867452294,23.7465767371981,-7.79289321881345));
#4317=CARTESIAN_POINT('Origin',(-27.9923893961835,23.7901546085719,-7.79289321881345));
#4318=CARTESIAN_POINT('Origin',(-26.,23.9644660940672,-7.79289321881345));
#4319=CARTESIAN_POINT('Origin',(-26.,23.9644660940672,-8.14644660940673));
#4320=CARTESIAN_POINT('Origin',(-26.3236613733006,4.71650602793653,-7.79289321881345));
#4321=CARTESIAN_POINT('',(-27.0633236734087,9.11431458385176,-8.14644660940673));
#4322=CARTESIAN_POINT('',(-27.2092130092532,9.10155092083604,-7.79289321881345));
#4323=CARTESIAN_POINT('Origin',(-26.7111156602073,9.14512879220987,-7.79289321881345));
#4324=CARTESIAN_POINT('',(-26.8217587223464,4.6729281565627,-7.79289321881345));
#4325=CARTESIAN_POINT('',(-26.6758693865019,4.68569181957842,-8.14644660940673));
#4326=CARTESIAN_POINT('Ctrl Pts',(-27.0633236734087,9.11431458385176,-8.14644660940673));
#4327=CARTESIAN_POINT('Ctrl Pts',(-27.0574763515844,9.04747938956895,-8.14644660940673));
#4328=CARTESIAN_POINT('Ctrl Pts',(-26.9890252210869,8.91910366716444,-8.20344858124982));
#4329=CARTESIAN_POINT('Ctrl Pts',(-26.7967166812987,8.86487600527866,-8.39029907683537));
#4330=CARTESIAN_POINT('Ctrl Pts',(-26.6369909155917,8.93835129356694,-8.55582083110579));
#4331=CARTESIAN_POINT('Ctrl Pts',(-26.583026291003,9.02860503962294,-8.61744623627877));
#4332=CARTESIAN_POINT('Ctrl Pts',(-26.5712354938972,9.07752196087968,-8.63345555644692));
#4333=CARTESIAN_POINT('Ctrl Pts',(-27.0896687711899,9.11200968645643,-8.12000087763197));
#4334=CARTESIAN_POINT('Ctrl Pts',(-27.0825843708783,9.03103462036111,-8.12000087763197));
#4335=CARTESIAN_POINT('Ctrl Pts',(-27.0076786401205,8.87455213173746,-8.1809758131398));
#4336=CARTESIAN_POINT('Ctrl Pts',(-26.7936612539154,8.78846581408595,-8.38656253486387));
#4337=CARTESIAN_POINT('Ctrl Pts',(-26.6001180370202,8.84954948371225,-8.58482487397849));
#4338=CARTESIAN_POINT('Ctrl Pts',(-26.5173039362655,8.96264041760531,-8.67710837555651));
#4339=CARTESIAN_POINT('Ctrl Pts',(-26.4972677711532,9.03674051635122,-8.70358747258623));
#4340=CARTESIAN_POINT('Ctrl Pts',(-27.1364203635734,9.10791945212109,-8.06115012841247));
#4341=CARTESIAN_POINT('Ctrl Pts',(-27.1268618085759,8.99866466856056,-8.06115012841247));
#4342=CARTESIAN_POINT('Ctrl Pts',(-27.035756385429,8.78626744020378,-8.12678778674002));
#4343=CARTESIAN_POINT('Ctrl Pts',(-26.7652490519241,8.63767216308301,-8.35659569980607));
#4344=CARTESIAN_POINT('Ctrl Pts',(-26.4865691977185,8.67553493205596,-8.60276243742224));
#4345=CARTESIAN_POINT('Ctrl Pts',(-26.3361671242787,8.8351721043448,-8.74614036576181));
#4346=CARTESIAN_POINT('Ctrl Pts',(-26.2966335187777,8.95991362916677,-8.79056786987598));
#4347=CARTESIAN_POINT('Ctrl Pts',(-27.1852258099036,9.10364952884887,-7.95942428840349));
#4348=CARTESIAN_POINT('Ctrl Pts',(-27.1721420924332,8.95410195384871,-7.95942428840349));
#4349=CARTESIAN_POINT('Ctrl Pts',(-27.0453403037817,8.663465638823,-8.02464060777126));
#4350=CARTESIAN_POINT('Ctrl Pts',(-26.6583595156176,8.45590349099742,-8.25425299505492));
#4351=CARTESIAN_POINT('Ctrl Pts',(-26.2457394722659,8.50983232240677,-8.50514203273649));
#4352=CARTESIAN_POINT('Ctrl Pts',(-26.0219025751669,8.73452355430797,-8.65901794542934));
#4353=CARTESIAN_POINT('Ctrl Pts',(-25.9631430458663,8.90666810477985,-8.70764671112776));
#4354=CARTESIAN_POINT('Ctrl Pts',(-27.2060809522367,9.10182494031851,-7.86769349222032));
#4355=CARTESIAN_POINT('Ctrl Pts',(-27.1903620141755,8.92215665613531,-7.86769349222032));
#4356=CARTESIAN_POINT('Ctrl Pts',(-27.0236164397634,8.57473793248141,-7.92877311750193));
#4357=CARTESIAN_POINT('Ctrl Pts',(-26.5276666855181,8.36885966877633,-8.13716068343659));
#4358=CARTESIAN_POINT('Ctrl Pts',(-26.0466053260328,8.49779987389301,-8.34638287720791));
#4359=CARTESIAN_POINT('Ctrl Pts',(-25.8285273767699,8.76043257990313,-8.45617656372799));
#4360=CARTESIAN_POINT('Ctrl Pts',(-25.7746369473128,8.93269444137773,-8.48928856833992));
#4361=CARTESIAN_POINT('Ctrl Pts',(-27.2092130092532,9.10155092083605,-7.81159317508482));
#4362=CARTESIAN_POINT('Ctrl Pts',(-27.1921084802661,8.90604525989992,-7.81159317508482));
#4363=CARTESIAN_POINT('Ctrl Pts',(-26.9967921686612,8.52982820794808,-7.8696134858538));
#4364=CARTESIAN_POINT('Ctrl Pts',(-26.4392228041989,8.3538733840883,-8.0618515778163));
#4365=CARTESIAN_POINT('Ctrl Pts',(-25.9559743248904,8.55037614273464,-8.23828894689803));
#4366=CARTESIAN_POINT('Ctrl Pts',(-25.7774553051898,8.82068792534314,-8.31194019969877));
#4367=CARTESIAN_POINT('Ctrl Pts',(-25.7368483173386,8.97499361228516,-8.33221111251896));
#4368=CARTESIAN_POINT('Ctrl Pts',(-27.2092130092532,9.10155092083605,-7.79289321881345));
#4369=CARTESIAN_POINT('Ctrl Pts',(-27.1916710437803,8.9010453379876,-7.79289321881345));
#4370=CARTESIAN_POINT('Ctrl Pts',(-26.9863176522877,8.51591817077409,-7.84989519065654));
#4371=CARTESIAN_POINT('Ctrl Pts',(-26.4093920329234,8.35323518511671,-8.0367456862421));
#4372=CARTESIAN_POINT('Ctrl Pts',(-25.9302147358021,8.57366104998158,-8.20226744051251));
#4373=CARTESIAN_POINT('Ctrl Pts',(-25.7683208620362,8.84442228814959,-8.2638928456855));
#4374=CARTESIAN_POINT('Ctrl Pts',(-25.7329484707187,8.99117305191978,-8.27990216585365));
#4375=CARTESIAN_POINT('',(-26.5712354938972,9.07752196087968,-8.63345555644693));
#4376=CARTESIAN_POINT('',(-25.7329484707187,8.99117305191978,-8.27990216585365));
#4377=CARTESIAN_POINT('Origin',(-26.2190274806958,9.10833616923778,-8.27990216585365));
#4378=CARTESIAN_POINT('Origin',(-26.4620669856844,9.16691772789679,-8.04289321881345));
#4379=CARTESIAN_POINT('Origin',(-26.8142749988858,9.13610351953868,-8.39644660940673));
#4380=CARTESIAN_POINT('Ctrl Pts',(26.021059321805,11.0511755959586,-9.35355339059349));
#4381=CARTESIAN_POINT('Ctrl Pts',(26.2255237164111,10.4066535144696,-9.09369324400894));
#4382=CARTESIAN_POINT('Ctrl Pts',(26.4096753906253,9.74779240816608,-8.85281879342461));
#4383=CARTESIAN_POINT('Ctrl Pts',(26.5712354938972,9.07752196087969,-8.63345555644693));
#4384=CARTESIAN_POINT('Ctrl Pts',(25.9502875677017,11.0020261124469,-9.4197721770648));
#4385=CARTESIAN_POINT('Ctrl Pts',(26.1536177102289,10.3600995440793,-9.16127622383058));
#4386=CARTESIAN_POINT('Ctrl Pts',(26.3366816321188,9.70403626144831,-8.92171399238774));
#4387=CARTESIAN_POINT('Ctrl Pts',(26.4972677711532,9.03674051635123,-8.70358747258624));
#4388=CARTESIAN_POINT('Ctrl Pts',(25.7571356962776,10.9083830225154,-9.50005520259296));
#4389=CARTESIAN_POINT('Ctrl Pts',(25.9577904262013,10.2716839686637,-9.24388257611384));
#4390=CARTESIAN_POINT('Ctrl Pts',(26.1383477609722,9.62122738203652,-9.00657257618344));
#4391=CARTESIAN_POINT('Ctrl Pts',(26.2966308118187,8.95991353342899,-8.79056616874154));
#4392=CARTESIAN_POINT('Ctrl Pts',(25.4311345243073,10.8390191910005,-9.4155901105493));
#4393=CARTESIAN_POINT('Ctrl Pts',(25.6290920716149,10.2074552265941,-9.15994849407751));
#4394=CARTESIAN_POINT('Ctrl Pts',(25.8071295822651,9.5623825900896,-8.92315578733543));
#4395=CARTESIAN_POINT('Ctrl Pts',(25.9631416171668,8.9066681097207,-8.70764564379978));
#4396=CARTESIAN_POINT('Ctrl Pts',(25.2409075908666,10.8643800099262,-9.2030132944732));
#4397=CARTESIAN_POINT('Ctrl Pts',(25.4394117016016,10.2332517559442,-8.94536274665763));
#4398=CARTESIAN_POINT('Ctrl Pts',(25.6180487434532,9.5883950244769,-8.70663096476163));
#4399=CARTESIAN_POINT('Ctrl Pts',(25.7746359290471,8.93269440118765,-8.48928794119347));
#4400=CARTESIAN_POINT('Ctrl Pts',(25.1981520334762,10.9122190307783,-9.05071870457941));
#4401=CARTESIAN_POINT('Ctrl Pts',(25.3983975552204,10.2795064903869,-8.79140920731553));
#4402=CARTESIAN_POINT('Ctrl Pts',(25.5786920571971,9.63281526544512,-8.55107095912832));
#4403=CARTESIAN_POINT('Ctrl Pts',(25.7368483173386,8.97499361228518,-8.33221111251897));
#4404=CARTESIAN_POINT('Ctrl Pts',(25.1922580946971,10.9307981760491,-9.00000000000022));
#4405=CARTESIAN_POINT('Ctrl Pts',(25.3931972411203,10.2973885442409,-8.74013985341566));
#4406=CARTESIAN_POINT('Ctrl Pts',(25.5741738864687,9.64988711218401,-8.49926540283134));
#4407=CARTESIAN_POINT('Ctrl Pts',(25.7329484707187,8.9911730519198,-8.27990216585366));
#4408=CARTESIAN_POINT('',(25.1922580946971,10.9307981760491,-9.00000000000012));
#4409=CARTESIAN_POINT('',(26.2956543813378,10.1332412677987,-9.00000000000039));
#4410=CARTESIAN_POINT('Ctrl Pts',(25.1922580946973,10.9307981760485,-9.));
#4411=CARTESIAN_POINT('Ctrl Pts',(25.2961869562077,10.6031888322479,-9.));
#4412=CARTESIAN_POINT('Ctrl Pts',(25.4397399419967,10.2859180503163,-9.));
#4413=CARTESIAN_POINT('Ctrl Pts',(25.6454448945938,9.96870003393028,-9.));
#4414=CARTESIAN_POINT('Ctrl Pts',(25.7291050662283,9.85167016892944,-9.));
#4415=CARTESIAN_POINT('Ctrl Pts',(25.8614645616589,9.73740713712914,-9.));
#4416=CARTESIAN_POINT('Ctrl Pts',(25.9036828251923,9.7074805114478,-9.));
#4417=CARTESIAN_POINT('Ctrl Pts',(25.9748693991775,9.67828951394368,-9.));
#4418=CARTESIAN_POINT('Ctrl Pts',(26.0030522786225,9.67119607809671,-9.0000000000169));
#4419=CARTESIAN_POINT('Ctrl Pts',(26.0539290737685,9.67082077134557,-9.0000000000169));
#4420=CARTESIAN_POINT('Ctrl Pts',(26.0754026557794,9.67479071857973,-9.00000000000002));
#4421=CARTESIAN_POINT('Ctrl Pts',(26.1168251054706,9.69175041910828,-9.00000000000002));
#4422=CARTESIAN_POINT('Ctrl Pts',(26.1354509098629,9.70435861374145,-9.));
#4423=CARTESIAN_POINT('Ctrl Pts',(26.1755084602317,9.7414401776483,-9.));
#4424=CARTESIAN_POINT('Ctrl Pts',(26.1945956545819,9.76842742665708,-9.00000000000001));
#4425=CARTESIAN_POINT('Ctrl Pts',(26.2346927787238,9.84122674459025,-9.00000000000001));
#4426=CARTESIAN_POINT('Ctrl Pts',(26.2522479803538,9.89255189746533,-9.00000000000037));
#4427=CARTESIAN_POINT('Ctrl Pts',(26.2804800728651,10.0039359050779,-9.00000000000037));
#4428=CARTESIAN_POINT('Ctrl Pts',(26.2900878415816,10.0696154272349,-9.));
#4429=CARTESIAN_POINT('Ctrl Pts',(26.295654381338,10.1332412677966,-9.));
#4430=CARTESIAN_POINT('Ctrl Pts',(26.2956464074052,10.1332362675528,-9.00000750778962));
#4431=CARTESIAN_POINT('Ctrl Pts',(26.393629633114,9.78482740219221,-8.87203130439619));
#4432=CARTESIAN_POINT('Ctrl Pts',(26.4856057628194,9.432777231136,-8.74972197748982));
#4433=CARTESIAN_POINT('Ctrl Pts',(26.5712354938972,9.07752196087969,-8.63345555644693));
#4434=CARTESIAN_POINT('Ctrl Pts',(25.7329484707187,8.9911730519198,-8.27990216585366));
#4435=CARTESIAN_POINT('Ctrl Pts',(25.5741738864687,9.64988711218401,-8.49926540283134));
#4436=CARTESIAN_POINT('Ctrl Pts',(25.3931972411203,10.2973885442409,-8.74013985341566));
#4437=CARTESIAN_POINT('Ctrl Pts',(25.1922580946971,10.9307981760491,-9.00000000000022));
#4438=CARTESIAN_POINT('Ctrl Pts',(-25.1922580946971,10.9307981760491,-9.00000000000022));
#4439=CARTESIAN_POINT('Ctrl Pts',(-25.3931972411203,10.2973885442409,-8.74013985341566));
#4440=CARTESIAN_POINT('Ctrl Pts',(-25.5741738864687,9.64988711218401,-8.49926540283133));
#4441=CARTESIAN_POINT('Ctrl Pts',(-25.7329484707187,8.99117305191978,-8.27990216585365));
#4442=CARTESIAN_POINT('Ctrl Pts',(-25.2040459722553,10.8936398855075,-9.1014374091586));
#4443=CARTESIAN_POINT('Ctrl Pts',(-25.4035800322534,10.2616378878702,-8.84267733961085));
#4444=CARTESIAN_POINT('Ctrl Pts',(-25.5832259864666,9.61572742219045,-8.60287761458591));
#4445=CARTESIAN_POINT('Ctrl Pts',(-25.7407481639585,8.95881417265053,-8.38452005918428));
#4446=CARTESIAN_POINT('Ctrl Pts',(-25.2976695662552,10.8416488702737,-9.30405427641304));
#4447=CARTESIAN_POINT('Ctrl Pts',(-25.4954664878085,10.2109802958918,-9.047496392363));
#4448=CARTESIAN_POINT('Ctrl Pts',(-25.6734012351488,9.56673157468914,-8.80982311315014));
#4449=CARTESIAN_POINT('Ctrl Pts',(-25.8293300720698,8.9117785773605,-8.59347882705929));
#4450=CARTESIAN_POINT('Ctrl Pts',(-25.5902648301798,10.8621317239261,-9.48347256215192));
#4451=CARTESIAN_POINT('Ctrl Pts',(-25.7892496603286,10.228491489195,-9.22798126651312));
#4452=CARTESIAN_POINT('Ctrl Pts',(-25.9682592593282,9.58126157249414,-8.99133967682777));
#4453=CARTESIAN_POINT('Ctrl Pts',(-26.1251206482086,8.92335298282273,-8.775961428306));
#4454=CARTESIAN_POINT('Ctrl Pts',(-25.8609013018307,10.9544296392522,-9.46749272752468));
#4455=CARTESIAN_POINT('Ctrl Pts',(-26.062949074729,10.3151167079261,-9.21022844401394));
#4456=CARTESIAN_POINT('Ctrl Pts',(-26.2448161869829,9.66185573911767,-8.97185731327873));
#4457=CARTESIAN_POINT('Ctrl Pts',(-26.4042989476234,8.99755370732398,-8.75485270480483));
#4458=CARTESIAN_POINT('Ctrl Pts',(-25.9856734447533,11.0266008542028,-9.38666278382914));
#4459=CARTESIAN_POINT('Ctrl Pts',(-26.1895653872048,10.3833777172053,-9.12748055958562));
#4460=CARTESIAN_POINT('Ctrl Pts',(-26.3731832612955,9.72591300668876,-8.88727011559188));
#4461=CARTESIAN_POINT('Ctrl Pts',(-26.5342516325252,9.05713123861544,-8.66852151451658));
#4462=CARTESIAN_POINT('Ctrl Pts',(-26.021059321805,11.0511755959586,-9.35355339059349));
#4463=CARTESIAN_POINT('Ctrl Pts',(-26.2255237164111,10.4066535144696,-9.09369324400893));
#4464=CARTESIAN_POINT('Ctrl Pts',(-26.4096753906253,9.74779240816608,-8.8528187934246));
#4465=CARTESIAN_POINT('Ctrl Pts',(-26.5712354938972,9.07752196087968,-8.63345555644693));
#4466=CARTESIAN_POINT('',(-26.2956543813378,10.1332412677987,-9.0000000000004));
#4467=CARTESIAN_POINT('',(-25.1922580946971,10.9307981760491,-9.00000000000012));
#4468=CARTESIAN_POINT('Ctrl Pts',(-26.295654381338,10.1332412677966,-9.));
#4469=CARTESIAN_POINT('Ctrl Pts',(-26.2866325643264,10.0301214274884,-9.));
#4470=CARTESIAN_POINT('Ctrl Pts',(-26.2686534196566,9.94040114885972,-9.));
#4471=CARTESIAN_POINT('Ctrl Pts',(-26.2262455490281,9.82457538512695,-9.));
#4472=CARTESIAN_POINT('Ctrl Pts',(-26.2046404078571,9.78024500441849,-9.));
#4473=CARTESIAN_POINT('Ctrl Pts',(-26.157741358486,9.72314359584478,-9.));
#4474=CARTESIAN_POINT('Ctrl Pts',(-26.1370449259612,9.70441528642203,-9.00000000000972));
#4475=CARTESIAN_POINT('Ctrl Pts',(-26.0933505863398,9.68063808714824,-9.00000000000972));
#4476=CARTESIAN_POINT('Ctrl Pts',(-26.0726270752009,9.67412662463974,-9.));
#4477=CARTESIAN_POINT('Ctrl Pts',(-26.0278153871235,9.66952805264084,-9.));
#4478=CARTESIAN_POINT('Ctrl Pts',(-26.0050045749536,9.67192201888843,-9.));
#4479=CARTESIAN_POINT('Ctrl Pts',(-25.9501748366151,9.68602064798959,-9.));
#4480=CARTESIAN_POINT('Ctrl Pts',(-25.9188979697515,9.70151273389714,-9.00000000000001));
#4481=CARTESIAN_POINT('Ctrl Pts',(-25.8338616050627,9.75569281587401,-9.00000000000001));
#4482=CARTESIAN_POINT('Ctrl Pts',(-25.7809875433356,9.8070245316611,-9.00000000000302));
#4483=CARTESIAN_POINT('Ctrl Pts',(-25.6345418456279,9.97321749031972,-9.00000000000302));
#4484=CARTESIAN_POINT('Ctrl Pts',(-25.5319411281288,10.1352672552679,-9.));
#4485=CARTESIAN_POINT('Ctrl Pts',(-25.3412366786744,10.5146428091877,-9.));
#4486=CARTESIAN_POINT('Ctrl Pts',(-25.2576011138517,10.7248209016319,-9.));
#4487=CARTESIAN_POINT('Ctrl Pts',(-25.1922580946972,10.9307981760485,-9.));
#4488=CARTESIAN_POINT('Ctrl Pts',(-25.1922580946971,10.9307981760491,-9.00000000000022));
#4489=CARTESIAN_POINT('Ctrl Pts',(-25.3931972411203,10.2973885442409,-8.74013985341566));
#4490=CARTESIAN_POINT('Ctrl Pts',(-25.5741738864687,9.64988711218401,-8.49926540283133));
#4491=CARTESIAN_POINT('Ctrl Pts',(-25.7329484707187,8.99117305191978,-8.27990216585365));
#4492=CARTESIAN_POINT('Ctrl Pts',(-26.5712354938972,9.07752196087968,-8.63345555644693));
#4493=CARTESIAN_POINT('Ctrl Pts',(-26.4856057628194,9.43277723113599,-8.74972197748981));
#4494=CARTESIAN_POINT('Ctrl Pts',(-26.393629633114,9.78482740219221,-8.87203130439619));
#4495=CARTESIAN_POINT('Ctrl Pts',(-26.2956464074052,10.1332362675528,-9.00000750778962));
#4496=CARTESIAN_POINT('Origin',(-8.23223304703361,35.5,-8.5));
#4497=CARTESIAN_POINT('',(16.4644660940673,35.,-9.));
#4498=CARTESIAN_POINT('',(16.4644660940673,36.,-8.));
#4499=CARTESIAN_POINT('',(-16.4644660940672,35.,-9.));
#4500=CARTESIAN_POINT('',(-8.23223304703361,35.,-9.));
#4501=CARTESIAN_POINT('',(-16.4644660940672,36.,-8.));
#4502=CARTESIAN_POINT('Origin',(16.4644660940673,33.5,-8.5));
#4503=CARTESIAN_POINT('',(17.5251262658471,34.5606601717798,-9.));
#4504=CARTESIAN_POINT('',(18.2322330470336,35.2677669529664,-8.));
#4505=CARTESIAN_POINT('Origin',(16.4644660940673,33.5,-9.));
#4506=CARTESIAN_POINT('Origin',(17.5259519643291,35.2669412544843,-8.5));
#4507=CARTESIAN_POINT('',(27.0606601717798,25.025126265847,-9.));
#4508=CARTESIAN_POINT('',(27.7677669529664,25.7322330470336,-8.));
#4509=CARTESIAN_POINT('',(17.1723985737358,34.9133878638911,-9.));
#4510=CARTESIAN_POINT('Origin',(26.,23.9644660940672,-8.5));
#4511=CARTESIAN_POINT('',(27.4942920471376,23.8337324799457,-9.));
#4512=CARTESIAN_POINT('',(28.4904867452294,23.7465767371981,-8.));
#4513=CARTESIAN_POINT('Origin',(26.,23.9644660940672,-9.));
#4514=CARTESIAN_POINT('Origin',(27.6540911997988,19.9233885299651,-8.5));
#4515=CARTESIAN_POINT('',(27.1559938507529,19.9669664013389,-9.));
#4516=CARTESIAN_POINT('Origin',(-1.97355509797657,2.31287536479355,0.));
#4517=CARTESIAN_POINT('',(25.7329484707187,8.9911730519198,-0.5));
#4518=CARTESIAN_POINT('',(25.7329484707187,8.9911730519198,0.));
#4519=CARTESIAN_POINT('',(24.6220913621556,12.555999369103,-0.5));
#4520=CARTESIAN_POINT('Origin',(-1.97355509797657,2.31287536479355,-0.5));
#4521=CARTESIAN_POINT('',(24.6220913621556,12.555999369103,-9.));
#4522=CARTESIAN_POINT('',(24.6220913621556,12.555999369103,0.));
#4523=CARTESIAN_POINT('Origin',(-1.97355509797657,2.31287536479355,-9.));
#4524=CARTESIAN_POINT('Origin',(26.4620669856844,9.16691772789681,0.));
#4525=CARTESIAN_POINT('',(27.2092130092532,9.10155092083606,-0.5));
#4526=CARTESIAN_POINT('',(27.2092130092532,9.10155092083606,0.));
#4527=CARTESIAN_POINT('Origin',(26.4620669856844,9.16691772789681,-0.5));
#4528=CARTESIAN_POINT('Origin',(28.4904867452294,23.7465767371981,0.));
#4529=CARTESIAN_POINT('',(28.4904867452294,23.7465767371981,-0.5));
#4530=CARTESIAN_POINT('',(28.4904867452294,23.7465767371981,0.));
#4531=CARTESIAN_POINT('',(28.1521885488447,19.8798106585913,-0.5));
#4532=CARTESIAN_POINT('Origin',(26.,23.9644660940672,0.));
#4533=CARTESIAN_POINT('',(27.7677669529664,25.7322330470336,-0.5));
#4534=CARTESIAN_POINT('',(27.7677669529664,25.7322330470336,0.));
#4535=CARTESIAN_POINT('Origin',(26.,23.9644660940672,-0.5));
#4536=CARTESIAN_POINT('Origin',(18.2322330470336,35.2677669529664,0.));
#4537=CARTESIAN_POINT('',(18.2322330470336,35.2677669529664,-0.5));
#4538=CARTESIAN_POINT('',(18.2322330470336,35.2677669529664,0.));
#4539=CARTESIAN_POINT('',(17.8795053549224,35.6204946450776,-0.5));
#4540=CARTESIAN_POINT('Origin',(16.4644660940673,33.5,0.));
#4541=CARTESIAN_POINT('',(16.4644660940673,36.,-5.5830619528292));
#4542=CARTESIAN_POINT('',(16.4644660940673,36.,0.));
#4543=CARTESIAN_POINT('',(16.4644660940673,36.,-2.4169380471708));
#4544=CARTESIAN_POINT('Ctrl Pts',(16.4644660940672,36.,-2.4169380471708));
#4545=CARTESIAN_POINT('Ctrl Pts',(16.7063843483409,36.,-2.84048058154563));
#4546=CARTESIAN_POINT('Ctrl Pts',(17.0095979281822,35.9330497886473,-3.91518713535062));
#4547=CARTESIAN_POINT('Ctrl Pts',(16.7870237664321,36.,-5.01833857366276));
#4548=CARTESIAN_POINT('Ctrl Pts',(16.4644660940673,36.,-5.5830619528292));
#4549=CARTESIAN_POINT('',(16.4644660940673,36.,-0.5));
#4550=CARTESIAN_POINT('',(16.4644660940673,36.,0.));
#4551=CARTESIAN_POINT('Origin',(16.4644660940673,33.5,-0.5));
#4552=CARTESIAN_POINT('Origin',(-16.4644660940672,36.,0.));
#4553=CARTESIAN_POINT('Origin',(13.,36.,-4.));
#4554=CARTESIAN_POINT('Origin',(-16.4644660940672,36.,0.));
#4555=CARTESIAN_POINT('',(-11.4971325862082,36.,-0.5));
#4556=CARTESIAN_POINT('Origin',(-13.,36.,-4.));
#4557=CARTESIAN_POINT('',(11.4971325862082,36.,-0.5));
#4558=CARTESIAN_POINT('',(-8.23223304703361,36.,-0.5));
#4559=CARTESIAN_POINT('Origin',(13.,36.,-4.));
#4560=CARTESIAN_POINT('Origin',(13.,35.5,-4.));
#4561=CARTESIAN_POINT('',(14.5028674137918,36.,-0.5));
#4562=CARTESIAN_POINT('Ctrl Pts',(14.5028674137918,36.,-0.500000000000002));
#4563=CARTESIAN_POINT('Ctrl Pts',(14.4978143465396,36.,-0.498960997064473));
#4564=CARTESIAN_POINT('Ctrl Pts',(14.4927602155109,35.9999967614809,-0.497927015589195));
#4565=CARTESIAN_POINT('Ctrl Pts',(14.3291691280759,35.9997901821289,-0.464629063944774));
#4566=CARTESIAN_POINT('Ctrl Pts',(14.1693303142297,35.9965587907031,-0.437260139768177));
#4567=CARTESIAN_POINT('Ctrl Pts',(13.8681708574687,35.9893963179913,-0.395704793486788));
#4568=CARTESIAN_POINT('Ctrl Pts',(13.727102204504,35.9855995509003,-0.380287277772205));
#4569=CARTESIAN_POINT('Ctrl Pts',(13.5058667173114,35.9807856030118,-0.362562797397948));
#4570=CARTESIAN_POINT('Ctrl Pts',(13.4261022249003,35.9792727456528,-0.357475266558204));
#4571=CARTESIAN_POINT('Ctrl Pts',(13.2780880556617,35.9771273178137,-0.350464363906758));
#4572=CARTESIAN_POINT('Ctrl Pts',(13.2099759906604,35.9763984841029,-0.348189541617583));
#4573=CARTESIAN_POINT('Ctrl Pts',(13.0945236718794,35.9756779344376,-0.345949909871404));
#4574=CARTESIAN_POINT('Ctrl Pts',(13.0472724738525,35.9755282581476,-0.345491502812552));
#4575=CARTESIAN_POINT('Ctrl Pts',(12.9527275261475,35.9755282581476,-0.345491502812552));
#4576=CARTESIAN_POINT('Ctrl Pts',(12.9054763281206,35.9756779344376,-0.345949909871403));
#4577=CARTESIAN_POINT('Ctrl Pts',(12.7900240093393,35.9763984841029,-0.348189541617587));
#4578=CARTESIAN_POINT('Ctrl Pts',(12.7219119443378,35.9771273178137,-0.350464363906783));
#4579=CARTESIAN_POINT('Ctrl Pts',(12.5738977750999,35.9792727456528,-0.357475266558199));
#4580=CARTESIAN_POINT('Ctrl Pts',(12.4941332826891,35.9807856030118,-0.362562797397902));
#4581=CARTESIAN_POINT('Ctrl Pts',(12.2728977954964,35.9855995509003,-0.380287277772169));
#4582=CARTESIAN_POINT('Ctrl Pts',(12.131829142532,35.9893963179913,-0.395704793486672));
#4583=CARTESIAN_POINT('Ctrl Pts',(11.8306696866651,35.9965587906818,-0.437260139644663));
#4584=CARTESIAN_POINT('Ctrl Pts',(11.6708308728532,35.9997901821278,-0.464629063759193));
#4585=CARTESIAN_POINT('Ctrl Pts',(11.5072397843603,35.999996761481,-0.49792701561491));
#4586=CARTESIAN_POINT('Ctrl Pts',(11.5021856535907,36.,-0.49896099703768));
#4587=CARTESIAN_POINT('Ctrl Pts',(11.4971325862082,36.,-0.5));
#4588=CARTESIAN_POINT('Origin',(13.,36.,-4.));
#4589=CARTESIAN_POINT('',(16.0577059402786,35.72360679775,-2.60280406689962));
#4590=CARTESIAN_POINT('Origin',(16.4644660940673,35.5,-2.4169380471708));
#4591=CARTESIAN_POINT('',(16.0577059402786,35.72360679775,-5.39719593310038));
#4592=CARTESIAN_POINT('Origin',(13.,35.72360679775,-4.));
#4593=CARTESIAN_POINT('Origin',(16.4644660940673,35.5,-5.5830619528292));
#4594=CARTESIAN_POINT('Origin',(-25.6489001766316,19.7224394968356,-0.5));
#4595=CARTESIAN_POINT('',(-25.4315850211861,17.2385159039105,0.));
#4596=CARTESIAN_POINT('',(-24.9334876721402,17.2820937752844,-0.5));
#4597=CARTESIAN_POINT('Origin',(-25.4315850211861,17.2385159039105,-0.5));
#4598=CARTESIAN_POINT('',(-25.0571745906582,12.9589851002772,0.));
#4599=CARTESIAN_POINT('',(-25.6489001766316,19.7224394968356,0.));
#4600=CARTESIAN_POINT('',(-24.5590772416123,13.002562971651,-0.5));
#4601=CARTESIAN_POINT('Origin',(-25.0571745906582,12.9589851002772,-0.5));
#4602=CARTESIAN_POINT('',(-25.1508028275857,19.7660173682094,-0.5));
#4603=CARTESIAN_POINT('Ctrl Pts',(-25.0571745906582,12.9589851002772,6.93889390390723E-17));
#4604=CARTESIAN_POINT('Ctrl Pts',(-25.0470882733524,12.8436979659297,6.93889390390723E-17));
#4605=CARTESIAN_POINT('Ctrl Pts',(-25.0886816509298,12.7357032990032,6.93889390390723E-17));
#4606=CARTESIAN_POINT('Ctrl Pts',(-24.5590772416123,13.002562971651,2.27492116913848E-15));
#4607=CARTESIAN_POINT('Ctrl Pts',(-24.5389046070007,12.771988702956,2.27412221454111E-15));
#4608=CARTESIAN_POINT('Ctrl Pts',(-24.6220913621556,12.555999369103,2.27492116913848E-15));
#4609=CARTESIAN_POINT('Ctrl Pts',(-24.5590772416123,13.002562971651,-0.5));
#4610=CARTESIAN_POINT('Ctrl Pts',(-24.5389046070007,12.771988702956,-0.5));
#4611=CARTESIAN_POINT('Ctrl Pts',(-24.6220913621556,12.555999369103,-0.5));
#4612=CARTESIAN_POINT('',(-25.0886816509298,12.7357032990032,0.));
#4613=CARTESIAN_POINT('',(-24.6220913621556,12.555999369103,-0.5));
#4614=CARTESIAN_POINT('Origin',(-25.0886816509298,12.7357032990032,-0.5));
#4615=CARTESIAN_POINT('Origin',(-25.5552719397041,12.9154072289033,-0.5));
#4616=CARTESIAN_POINT('Origin',(-25.5552719397041,12.9154072289033,0.));
#4617=CARTESIAN_POINT('Origin',(1.97355509797657,2.31287536479355,-0.5));
#4618=CARTESIAN_POINT('',(-26.2190274806958,9.10833616923778,0.));
#4619=CARTESIAN_POINT('',(-25.7329484707187,8.99117305191978,-0.5));
#4620=CARTESIAN_POINT('Origin',(-26.2190274806958,9.10833616923778,-0.5));
#4621=CARTESIAN_POINT('Origin',(1.97355509797657,2.31287536479355,-0.5));
#4622=CARTESIAN_POINT('Origin',(1.97355509797657,2.31287536479355,0.));
#4623=CARTESIAN_POINT('Ctrl Pts',(-26.2190274806958,9.10833616923779,0.));
#4624=CARTESIAN_POINT('Ctrl Pts',(-26.2688173780711,8.90177095846971,0.));
#4625=CARTESIAN_POINT('Ctrl Pts',(-26.4807070448558,8.91761359998455,0.));
#4626=CARTESIAN_POINT('Ctrl Pts',(-26.6925967116405,8.93345624149939,0.));
#4627=CARTESIAN_POINT('Ctrl Pts',(-26.7111156602073,9.14512879220987,0.));
#4628=CARTESIAN_POINT('Ctrl Pts',(-25.7329484707187,8.99117305191978,2.8395912741196E-15));
#4629=CARTESIAN_POINT('Ctrl Pts',(-25.8823181628446,8.37147741961553,2.84068836398156E-15));
#4630=CARTESIAN_POINT('Ctrl Pts',(-26.5179871631987,8.41900534416005,2.84535722287739E-15));
#4631=CARTESIAN_POINT('Ctrl Pts',(-27.1536561635528,8.46653326870458,2.85002608177322E-15));
#4632=CARTESIAN_POINT('Ctrl Pts',(-27.2092130092532,9.10155092083605,2.85043413545073E-15));
#4633=CARTESIAN_POINT('Ctrl Pts',(-25.7329484707187,8.99117305191978,-0.5));
#4634=CARTESIAN_POINT('Ctrl Pts',(-25.8823181628446,8.37147741961553,-0.5));
#4635=CARTESIAN_POINT('Ctrl Pts',(-26.5179871631987,8.41900534416005,-0.5));
#4636=CARTESIAN_POINT('Ctrl Pts',(-27.1536561635528,8.46653326870458,-0.5));
#4637=CARTESIAN_POINT('Ctrl Pts',(-27.2092130092532,9.10155092083605,-0.5));
#4638=CARTESIAN_POINT('',(-26.7111156602073,9.14512879220987,0.));
#4639=CARTESIAN_POINT('',(-27.2092130092532,9.10155092083604,-0.5));
#4640=CARTESIAN_POINT('Origin',(-26.7111156602073,9.14512879220987,-0.5));
#4641=CARTESIAN_POINT('Origin',(-26.4620669856844,9.16691772789679,-0.5));
#4642=CARTESIAN_POINT('Origin',(-26.4620669856844,9.16691772789679,0.));
#4643=CARTESIAN_POINT('Origin',(-26.6543719166717,8.49654483574377,-0.5));
#4644=CARTESIAN_POINT('',(-27.9923893961835,23.7901546085719,0.));
#4645=CARTESIAN_POINT('',(-28.4904867452294,23.7465767371981,-0.5));
#4646=CARTESIAN_POINT('Origin',(-27.9923893961835,23.7901546085719,-0.5));
#4647=CARTESIAN_POINT('',(-27.1524692657176,8.45296696436994,-0.5));
#4648=CARTESIAN_POINT('',(-26.6543719166717,8.49654483574377,0.));
#4649=CARTESIAN_POINT('Origin',(-26.,23.9644660940672,-0.5));
#4650=CARTESIAN_POINT('',(-27.4142135623731,25.3786796564403,0.));
#4651=CARTESIAN_POINT('',(-27.7677669529664,25.7322330470336,-0.5));
#4652=CARTESIAN_POINT('Origin',(-27.4142135623731,25.3786796564403,-0.5));
#4653=CARTESIAN_POINT('Origin',(-26.,23.9644660940672,-0.5));
#4654=CARTESIAN_POINT('Origin',(-26.,23.9644660940672,0.));
#4655=CARTESIAN_POINT('Origin',(-22.2937189172955,30.499174301518,-0.5));
#4656=CARTESIAN_POINT('',(-17.8786796564403,34.9142135623731,0.));
#4657=CARTESIAN_POINT('',(-18.2322330470336,35.2677669529664,-0.5));
#4658=CARTESIAN_POINT('Origin',(-17.8786796564403,34.9142135623731,-0.5));
#4659=CARTESIAN_POINT('',(-22.6472723078887,30.8527276921112,-0.5));
#4660=CARTESIAN_POINT('',(-22.2937189172955,30.499174301518,0.));
#4661=CARTESIAN_POINT('Origin',(-16.4644660940672,33.5,-0.5));
#4662=CARTESIAN_POINT('',(-16.4644660940672,35.5,0.));
#4663=CARTESIAN_POINT('',(-16.4644660940672,36.,-0.5));
#4664=CARTESIAN_POINT('Origin',(-16.4644660940672,35.5,-0.5));
#4665=CARTESIAN_POINT('Origin',(-16.4644660940672,33.5,-0.5));
#4666=CARTESIAN_POINT('Origin',(-16.4644660940672,33.5,0.));
#4667=CARTESIAN_POINT('Origin',(-8.23223304703361,35.5,-0.5));
#4668=CARTESIAN_POINT('',(-14.5028674137918,36.,-0.5));
#4669=CARTESIAN_POINT('Ctrl Pts',(-11.4971325862082,36.,-0.500000000000001));
#4670=CARTESIAN_POINT('Ctrl Pts',(-11.5021856539898,36.,-0.498960996955617));
#4671=CARTESIAN_POINT('Ctrl Pts',(-11.5072397839591,35.9999967614815,-0.497927015695059));
#4672=CARTESIAN_POINT('Ctrl Pts',(-11.670830875707,35.9997901821242,-0.464629063189053));
#4673=CARTESIAN_POINT('Ctrl Pts',(-11.8306696894171,35.9965587906163,-0.43726013926491));
#4674=CARTESIAN_POINT('Ctrl Pts',(-12.131829142531,35.9893963179913,-0.395704793486797));
#4675=CARTESIAN_POINT('Ctrl Pts',(-12.272897795496,35.9855995509004,-0.380287277772168));
#4676=CARTESIAN_POINT('Ctrl Pts',(-12.494133282689,35.9807856030118,-0.362562797397887));
#4677=CARTESIAN_POINT('Ctrl Pts',(-12.5738977750999,35.9792727456529,-0.357475266558166));
#4678=CARTESIAN_POINT('Ctrl Pts',(-12.7219119443379,35.9771273178138,-0.350464363906753));
#4679=CARTESIAN_POINT('Ctrl Pts',(-12.7900240093394,35.9763984841029,-0.348189541617555));
#4680=CARTESIAN_POINT('Ctrl Pts',(-12.905476328121,35.9756779344376,-0.345949909871365));
#4681=CARTESIAN_POINT('Ctrl Pts',(-12.9527275261477,35.9755282581476,-0.345491502812525));
#4682=CARTESIAN_POINT('Ctrl Pts',(-13.0472724738526,35.9755282581476,-0.345491502812525));
#4683=CARTESIAN_POINT('Ctrl Pts',(-13.0945236718796,35.9756779344377,-0.345949909871381));
#4684=CARTESIAN_POINT('Ctrl Pts',(-13.2099759906604,35.9763984841029,-0.348189541617557));
#4685=CARTESIAN_POINT('Ctrl Pts',(-13.2780880556617,35.9771273178137,-0.350464363906732));
#4686=CARTESIAN_POINT('Ctrl Pts',(-13.4261022249001,35.9792727456529,-0.357475266558165));
#4687=CARTESIAN_POINT('Ctrl Pts',(-13.505866717311,35.9807856030118,-0.362562797397884));
#4688=CARTESIAN_POINT('Ctrl Pts',(-13.7271022045037,35.9855995509003,-0.380287277772137));
#4689=CARTESIAN_POINT('Ctrl Pts',(-13.8681708574682,35.9893963179913,-0.395704793486678));
#4690=CARTESIAN_POINT('Ctrl Pts',(-14.169330309687,35.996558790595,-0.437260139141252));
#4691=CARTESIAN_POINT('Ctrl Pts',(-14.3291691233627,35.999790182123,-0.464629063003241));
#4692=CARTESIAN_POINT('Ctrl Pts',(-14.4927602161702,35.9999967614817,-0.497927015720873));
#4693=CARTESIAN_POINT('Ctrl Pts',(-14.4978143458794,36.,-0.498960996928724));
#4694=CARTESIAN_POINT('Ctrl Pts',(-14.5028674137918,36.,-0.5));
#4695=CARTESIAN_POINT('',(-8.23223304703361,36.,-0.5));
#4696=CARTESIAN_POINT('',(16.4644660940673,35.5,0.));
#4697=CARTESIAN_POINT('',(-8.23223304703361,35.5,0.));
#4698=CARTESIAN_POINT('Origin',(16.4644660940673,35.5,-0.5));
#4699=CARTESIAN_POINT('',(-8.23223304703361,36.,-0.5));
#4700=CARTESIAN_POINT('Origin',(16.4644660940673,33.5,-0.5));
#4701=CARTESIAN_POINT('',(17.8786796564404,34.9142135623731,0.));
#4702=CARTESIAN_POINT('Origin',(17.8786796564404,34.9142135623731,-0.5));
#4703=CARTESIAN_POINT('Origin',(16.4644660940673,33.5,0.));
#4704=CARTESIAN_POINT('Origin',(17.5259519643291,35.2669412544843,-0.5));
#4705=CARTESIAN_POINT('',(27.4142135623731,25.3786796564403,0.));
#4706=CARTESIAN_POINT('Origin',(27.4142135623731,25.3786796564403,-0.5));
#4707=CARTESIAN_POINT('',(17.5259519643291,35.2669412544843,0.));
#4708=CARTESIAN_POINT('Origin',(26.,23.9644660940672,-0.5));
#4709=CARTESIAN_POINT('',(27.9923893961835,23.7901546085719,0.));
#4710=CARTESIAN_POINT('Origin',(27.9923893961835,23.7901546085719,-0.5));
#4711=CARTESIAN_POINT('Origin',(26.,23.9644660940672,0.));
#4712=CARTESIAN_POINT('Origin',(27.6540911997988,19.9233885299651,-0.5));
#4713=CARTESIAN_POINT('',(26.7111156602073,9.14512879220989,0.));
#4714=CARTESIAN_POINT('Origin',(26.7111156602073,9.14512879220989,-0.5));
#4715=CARTESIAN_POINT('',(27.6540911997988,19.9233885299651,0.));
#4716=CARTESIAN_POINT('Ctrl Pts',(26.7111156602073,9.14512879220989,0.));
#4717=CARTESIAN_POINT('Ctrl Pts',(26.6925967116405,8.9334562414994,0.));
#4718=CARTESIAN_POINT('Ctrl Pts',(26.4807070448558,8.91761359998456,0.));
#4719=CARTESIAN_POINT('Ctrl Pts',(26.2688173780711,8.90177095846972,0.));
#4720=CARTESIAN_POINT('Ctrl Pts',(26.2190274806958,9.10833616923781,0.));
#4721=CARTESIAN_POINT('Ctrl Pts',(27.2092130092532,9.10155092083607,1.37537865661499E-15));
#4722=CARTESIAN_POINT('Ctrl Pts',(27.1536561635528,8.4665332687046,1.37630071436977E-15));
#4723=CARTESIAN_POINT('Ctrl Pts',(26.5179871631987,8.41900534416007,1.38685069293421E-15));
#4724=CARTESIAN_POINT('Ctrl Pts',(25.8823181628446,8.37147741961555,1.39740067149864E-15));
#4725=CARTESIAN_POINT('Ctrl Pts',(25.7329484707187,8.9911730519198,1.39987970862209E-15));
#4726=CARTESIAN_POINT('Ctrl Pts',(27.2092130092532,9.10155092083607,-0.5));
#4727=CARTESIAN_POINT('Ctrl Pts',(27.1536561635528,8.4665332687046,-0.5));
#4728=CARTESIAN_POINT('Ctrl Pts',(26.5179871631987,8.41900534416007,-0.5));
#4729=CARTESIAN_POINT('Ctrl Pts',(25.8823181628446,8.37147741961555,-0.5));
#4730=CARTESIAN_POINT('Ctrl Pts',(25.7329484707187,8.9911730519198,-0.5));
#4731=CARTESIAN_POINT('',(26.2190274806958,9.10833616923781,0.));
#4732=CARTESIAN_POINT('Origin',(26.2190274806958,9.10833616923781,-0.5));
#4733=CARTESIAN_POINT('Origin',(26.4620669856844,9.16691772789681,0.));
#4734=CARTESIAN_POINT('Origin',(-1.97355509797657,2.31287536479355,-0.5));
#4735=CARTESIAN_POINT('',(25.0886816509298,12.7357032990032,0.));
#4736=CARTESIAN_POINT('Origin',(25.0886816509298,12.7357032990032,-0.5));
#4737=CARTESIAN_POINT('Origin',(-1.97355509797657,2.31287536479355,0.));
#4738=CARTESIAN_POINT('Ctrl Pts',(25.0886816509298,12.7357032990032,0.));
#4739=CARTESIAN_POINT('Ctrl Pts',(25.0470882733524,12.8436979659297,0.));
#4740=CARTESIAN_POINT('Ctrl Pts',(25.0571745906582,12.9589851002772,0.));
#4741=CARTESIAN_POINT('Ctrl Pts',(24.6220913621556,12.555999369103,2.20616084165879E-15));
#4742=CARTESIAN_POINT('Ctrl Pts',(24.5389046070007,12.771988702956,2.2048874117409E-15));
#4743=CARTESIAN_POINT('Ctrl Pts',(24.5590772416123,13.002562971651,2.20519621614599E-15));
#4744=CARTESIAN_POINT('Ctrl Pts',(24.6220913621556,12.555999369103,-0.5));
#4745=CARTESIAN_POINT('Ctrl Pts',(24.5389046070007,12.771988702956,-0.5));
#4746=CARTESIAN_POINT('Ctrl Pts',(24.5590772416123,13.002562971651,-0.5));
#4747=CARTESIAN_POINT('',(25.0571745906582,12.9589851002772,0.));
#4748=CARTESIAN_POINT('',(24.5590772416123,13.002562971651,-0.5));
#4749=CARTESIAN_POINT('Origin',(25.0571745906582,12.9589851002772,-0.5));
#4750=CARTESIAN_POINT('Origin',(25.5552719397041,12.9154072289034,-0.5));
#4751=CARTESIAN_POINT('Origin',(25.5552719397041,12.9154072289034,0.));
#4752=CARTESIAN_POINT('Origin',(25.1900497144459,14.4777547149072,-0.5));
#4753=CARTESIAN_POINT('',(25.4315850211861,17.2385159039105,0.));
#4754=CARTESIAN_POINT('',(24.9334876721402,17.2820937752844,-0.5));
#4755=CARTESIAN_POINT('Origin',(25.4315850211861,17.2385159039106,-0.5));
#4756=CARTESIAN_POINT('',(24.6919523654001,14.521332586281,-0.5));
#4757=CARTESIAN_POINT('',(25.1900497144459,14.4777547149072,0.));
#4758=CARTESIAN_POINT('Origin',(-25.4564221286262,23.2592619638348,0.));
#4759=CARTESIAN_POINT('',(-24.5590772416123,13.002562971651,-9.));
#4760=CARTESIAN_POINT('',(-24.5590772416123,13.002562971651,0.));
#4761=CARTESIAN_POINT('',(-25.1508028275857,19.7660173682094,-9.));
#4762=CARTESIAN_POINT('',(-24.9334876721402,17.2820937752844,-8.));
#4763=CARTESIAN_POINT('',(-25.1508028275857,19.7660173682094,-8.));
#4764=CARTESIAN_POINT('',(-24.9334876721402,17.2820937752844,-5.));
#4765=CARTESIAN_POINT('',(-24.9334876721402,17.2820937752844,-4.));
#4766=CARTESIAN_POINT('',(-25.3256885145047,21.7649699166972,-5.));
#4767=CARTESIAN_POINT('',(-24.9334876721402,17.2820937752844,-3.));
#4768=CARTESIAN_POINT('',(-25.3256885145047,21.7649699166972,-3.));
#4769=CARTESIAN_POINT('',(-24.9334876721402,17.2820937752844,-1.5));
#4770=CARTESIAN_POINT('Origin',(-25.5552719397041,12.9154072289033,0.));
#4771=CARTESIAN_POINT('',(-24.6220913621556,12.555999369103,-9.));
#4772=CARTESIAN_POINT('',(-24.6220913621556,12.555999369103,0.));
#4773=CARTESIAN_POINT('Origin',(-25.5552719397041,12.9154072289033,-9.));
#4774=CARTESIAN_POINT('Origin',(1.97355509797657,2.31287536479355,0.));
#4775=CARTESIAN_POINT('Origin',(1.97355509797657,2.31287536479355,-9.));
#4776=CARTESIAN_POINT('',(-25.7329484707187,8.99117305191978,0.));
#4777=CARTESIAN_POINT('Origin',(-26.4620669856844,9.16691772789679,0.));
#4778=CARTESIAN_POINT('',(-27.2092130092532,9.10155092083604,0.));
#4779=CARTESIAN_POINT('Origin',(-26.4910481789752,0.892889348755461,0.));
#4780=CARTESIAN_POINT('',(-28.4904867452294,23.7465767371981,0.));
#4781=CARTESIAN_POINT('Origin',(-26.,23.9644660940672,0.));
#4782=CARTESIAN_POINT('',(-27.7677669529664,25.7322330470336,0.));
#4783=CARTESIAN_POINT('Origin',(-27.7677669529664,25.7322330470336,0.));
#4784=CARTESIAN_POINT('',(-18.2322330470336,35.2677669529664,0.));
#4785=CARTESIAN_POINT('Origin',(-16.4644660940672,33.5,0.));
#4786=CARTESIAN_POINT('',(-16.4644660940672,36.,-2.41693804717066));
#4787=CARTESIAN_POINT('',(-16.4644660940672,36.,0.));
#4788=CARTESIAN_POINT('',(-16.4644660940672,36.,-5.58306195282934));
#4789=CARTESIAN_POINT('Ctrl Pts',(-16.4644660940672,36.,-5.58306195282933));
#4790=CARTESIAN_POINT('Ctrl Pts',(-16.7063843483409,36.,-5.15951941845448));
#4791=CARTESIAN_POINT('Ctrl Pts',(-17.0095979281822,35.9330497886473,-4.08481286464939));
#4792=CARTESIAN_POINT('Ctrl Pts',(-16.7870237664322,36.,-2.98166142633715));
#4793=CARTESIAN_POINT('Ctrl Pts',(-16.4644660940672,36.,-2.41693804717067));
#4794=CARTESIAN_POINT('',(-16.4644660940672,36.,0.));
#4795=CARTESIAN_POINT('Origin',(-13.,35.5,-4.));
#4796=CARTESIAN_POINT('Origin',(-13.,36.,-4.));
#4797=CARTESIAN_POINT('',(-16.0577059402786,35.72360679775,-5.39719593310049));
#4798=CARTESIAN_POINT('Origin',(-16.4644660940672,35.5,-5.58306195282934));
#4799=CARTESIAN_POINT('',(-9.63819660112502,35.72360679775,-4.));
#4800=CARTESIAN_POINT('Origin',(-13.,35.72360679775,-4.));
#4801=CARTESIAN_POINT('',(-16.0577059402786,35.72360679775,-2.60280406689951));
#4802=CARTESIAN_POINT('Origin',(-13.,35.72360679775,-4.));
#4803=CARTESIAN_POINT('Origin',(-16.4644660940672,35.5,-2.41693804717066));
#4804=CARTESIAN_POINT('Origin',(-13.,36.,-4.));
#4805=CARTESIAN_POINT('Origin',(-16.4644660940672,36.,0.));
#4806=CARTESIAN_POINT('Origin',(-16.4644660940672,36.,0.));
#4807=CARTESIAN_POINT('Origin',(-16.4644660940672,36.,0.));
#4808=CARTESIAN_POINT('Origin',(0.,18.4464446743777,-9.));
#4809=CARTESIAN_POINT('',(-27.4942920471376,23.8337324799458,-9.));
#4810=CARTESIAN_POINT('',(-26.1562745676259,8.54012270711759,-9.));
#4811=CARTESIAN_POINT('',(-27.0606601717798,25.0251262658471,-9.));
#4812=CARTESIAN_POINT('Origin',(-26.,23.9644660940672,-9.));
#4813=CARTESIAN_POINT('',(-17.5251262658471,34.5606601717798,-9.));
#4814=CARTESIAN_POINT('',(-21.9401655267022,30.1456209109247,-9.));
#4815=CARTESIAN_POINT('Origin',(-16.4644660940672,33.5,-9.));
#4816=CARTESIAN_POINT('',(24.5590772416123,13.002562971651,-9.));
#4817=CARTESIAN_POINT('Origin',(25.5552719397041,12.9154072289034,-9.));
#4818=CARTESIAN_POINT('',(25.4564221286262,23.2592619638348,-9.));
#4819=CARTESIAN_POINT('',(25.5,23.7573593128807,-9.));
#4820=CARTESIAN_POINT('Origin',(25.5,23.7573593128807,-9.));
#4821=CARTESIAN_POINT('Origin',(-26.6543719166717,8.49654483574376,-8.5));
#4822=CARTESIAN_POINT('',(-27.4942920471376,23.8337324799458,-9.));
#4823=CARTESIAN_POINT('Origin',(-22.2937189172955,30.499174301518,-8.5));
#4824=CARTESIAN_POINT('',(-18.2322330470336,35.2677669529664,-8.));
#4825=CARTESIAN_POINT('',(-27.0606601717798,25.0251262658471,-9.));
#4826=CARTESIAN_POINT('Origin',(-26.,23.9644660940672,-8.5));
#4827=CARTESIAN_POINT('Origin',(-16.4644660940672,33.5,-8.5));
#4828=CARTESIAN_POINT('Origin',(-20.6496336206506,26.8399587392638,-6.25));
#4829=CARTESIAN_POINT('',(-20.0324855787278,27.1035533905933,-6.25));
#4830=CARTESIAN_POINT('',(-20.1031962568464,27.1742640687119,-6.05));
#4831=CARTESIAN_POINT('Origin',(-20.2092622740244,27.2803300858899,-6.25));
#4832=CARTESIAN_POINT('',(-22.9767212501881,24.3007390753703,-6.05));
#4833=CARTESIAN_POINT('',(-20.5435676034726,26.7338927220858,-6.05));
#4834=CARTESIAN_POINT('',(-22.8217408673867,24.3142981019344,-6.25));
#4835=CARTESIAN_POINT('Origin',(-23.2091918243901,24.2804005355243,-6.25));
#4836=CARTESIAN_POINT('',(-20.4728569253539,26.6631820439671,-6.25));
#4837=CARTESIAN_POINT('Origin',(-20.0324855787278,27.1035533905933,-8.));
#4838=CARTESIAN_POINT('',(-22.8217408673867,24.3142981019344,-6.75));
#4839=CARTESIAN_POINT('',(-22.8217408673867,24.3142981019344,-8.));
#4840=CARTESIAN_POINT('',(-20.0324855787278,27.1035533905933,-6.75));
#4841=CARTESIAN_POINT('',(-18.6105634709137,28.5254754984073,-6.75));
#4842=CARTESIAN_POINT('',(-20.0324855787278,27.1035533905933,-8.));
#4843=CARTESIAN_POINT('Origin',(-22.8217408673867,24.3142981019344,-8.));
#4844=CARTESIAN_POINT('',(-21.9252057736626,24.3927347590884,-6.55886221413264));
#4845=CARTESIAN_POINT('',(-22.9767212501881,24.3007390753703,-6.95));
#4846=CARTESIAN_POINT('',(-20.878919757898,24.4842729242735,-5.93480627626633));
#4847=CARTESIAN_POINT('Origin',(-23.2091918243901,24.2804005355243,-6.75));
#4848=CARTESIAN_POINT('Origin',(-18.7873401662104,28.702252193704,-6.75));
#4849=CARTESIAN_POINT('',(-20.1031962568464,27.1742640687119,-6.95));
#4850=CARTESIAN_POINT('',(-18.6812741490324,28.596186176526,-6.95));
#4851=CARTESIAN_POINT('Origin',(-20.2092622740244,27.2803300858899,-6.75));
#4852=CARTESIAN_POINT('Origin',(-18.7873401662104,28.702252193704,-1.25));
#4853=CARTESIAN_POINT('',(-20.0324855787278,27.1035533905933,-1.25));
#4854=CARTESIAN_POINT('',(-20.1031962568464,27.1742640687119,-1.05));
#4855=CARTESIAN_POINT('Origin',(-20.2092622740244,27.2803300858899,-1.25));
#4856=CARTESIAN_POINT('',(-22.9767212501881,24.3007390753703,-1.05));
#4857=CARTESIAN_POINT('',(-18.6812741490324,28.596186176526,-1.05));
#4858=CARTESIAN_POINT('',(-22.8217408673867,24.3142981019344,-1.25));
#4859=CARTESIAN_POINT('Origin',(-23.2091918243901,24.2804005355243,-1.25));
#4860=CARTESIAN_POINT('',(-18.6105634709137,28.5254754984073,-1.25));
#4861=CARTESIAN_POINT('Origin',(-20.0324855787278,27.1035533905933,-3.));
#4862=CARTESIAN_POINT('',(-22.8217408673867,24.3142981019344,-1.75));
#4863=CARTESIAN_POINT('',(-22.8217408673867,24.3142981019344,-3.));
#4864=CARTESIAN_POINT('',(-20.0324855787278,27.1035533905933,-1.75));
#4865=CARTESIAN_POINT('',(-20.4728569253539,26.6631820439671,-1.75));
#4866=CARTESIAN_POINT('',(-20.0324855787278,27.1035533905933,-3.));
#4867=CARTESIAN_POINT('Origin',(-22.8217408673867,24.3142981019344,-3.));
#4868=CARTESIAN_POINT('',(-20.2943874494334,24.5354128747288,-2.34806773876976));
#4869=CARTESIAN_POINT('',(-22.9767212501881,24.3007390753703,-1.95));
#4870=CARTESIAN_POINT('',(-22.5097380821271,24.3415948086331,-1.72401180090344));
#4871=CARTESIAN_POINT('Origin',(-23.2091918243901,24.2804005355243,-1.75));
#4872=CARTESIAN_POINT('Origin',(-20.6496336206506,26.8399587392638,-1.75));
#4873=CARTESIAN_POINT('',(-20.1031962568464,27.1742640687119,-1.95));
#4874=CARTESIAN_POINT('',(-20.5435676034726,26.7338927220858,-1.95));
#4875=CARTESIAN_POINT('Origin',(-20.2092622740244,27.2803300858899,-1.75));
#4876=CARTESIAN_POINT('Origin',(18.7873401662104,28.702252193704,-1.25));
#4877=CARTESIAN_POINT('',(22.8217408673867,24.3142981019344,-1.25));
#4878=CARTESIAN_POINT('',(22.9767212501881,24.3007390753703,-1.05));
#4879=CARTESIAN_POINT('Origin',(23.2091918243901,24.2804005355243,-1.25));
#4880=CARTESIAN_POINT('',(20.1031962568464,27.1742640687119,-1.05));
#4881=CARTESIAN_POINT('',(18.6812741490324,28.596186176526,-1.05));
#4882=CARTESIAN_POINT('',(20.0324855787278,27.1035533905933,-1.25));
#4883=CARTESIAN_POINT('Origin',(20.2092622740244,27.2803300858899,-1.25));
#4884=CARTESIAN_POINT('',(18.6105634709137,28.5254754984073,-1.25));
#4885=CARTESIAN_POINT('Origin',(20.0324855787278,27.1035533905933,-3.));
#4886=CARTESIAN_POINT('',(20.0324855787278,27.1035533905933,-1.75));
#4887=CARTESIAN_POINT('',(20.0324855787278,27.1035533905933,-3.));
#4888=CARTESIAN_POINT('',(22.8217408673867,24.3142981019344,-1.75));
#4889=CARTESIAN_POINT('',(20.4728569253539,26.6631820439671,-1.75));
#4890=CARTESIAN_POINT('',(22.8217408673867,24.3142981019344,-3.));
#4891=CARTESIAN_POINT('Origin',(21.0931457505076,28.1642135623731,-3.));
#4892=CARTESIAN_POINT('',(21.0931457505076,28.1642135623731,0.));
#4893=CARTESIAN_POINT('',(20.3188638251083,27.3899316369738,-0.821249999999998));
#4894=CARTESIAN_POINT('',(21.0931457505076,28.1642135623731,-3.));
#4895=CARTESIAN_POINT('',(21.0931457505076,28.1642135623731,-1.5));
#4896=CARTESIAN_POINT('',(20.1031962568464,27.1742640687119,-1.95));
#4897=CARTESIAN_POINT('',(20.8279807075626,27.8990485194282,-2.71875));
#4898=CARTESIAN_POINT('Origin',(20.2092622740244,27.2803300858899,-1.75));
#4899=CARTESIAN_POINT('Origin',(20.6496336206506,26.8399587392638,-1.75));
#4900=CARTESIAN_POINT('',(22.9767212501881,24.3007390753703,-1.95));
#4901=CARTESIAN_POINT('',(20.5435676034726,26.7338927220858,-1.95));
#4902=CARTESIAN_POINT('Origin',(23.2091918243901,24.2804005355243,-1.75));
#4903=CARTESIAN_POINT('Origin',(18.7873401662104,28.702252193704,-6.75));
#4904=CARTESIAN_POINT('',(20.0324855787278,27.1035533905933,-6.75));
#4905=CARTESIAN_POINT('',(20.1031962568464,27.1742640687119,-6.95));
#4906=CARTESIAN_POINT('Origin',(20.2092622740244,27.2803300858899,-6.75));
#4907=CARTESIAN_POINT('',(22.9767212501881,24.3007390753703,-6.95));
#4908=CARTESIAN_POINT('',(18.6812741490324,28.596186176526,-6.95));
#4909=CARTESIAN_POINT('',(22.8217408673867,24.3142981019344,-6.75));
#4910=CARTESIAN_POINT('Origin',(23.2091918243901,24.2804005355243,-6.75));
#4911=CARTESIAN_POINT('',(18.6105634709137,28.5254754984073,-6.75));
#4912=CARTESIAN_POINT('Origin',(20.0324855787278,27.1035533905933,-8.));
#4913=CARTESIAN_POINT('',(22.8217408673867,24.3142981019344,-6.25));
#4914=CARTESIAN_POINT('',(22.8217408673867,24.3142981019344,-8.));
#4915=CARTESIAN_POINT('',(20.0324855787278,27.1035533905933,-6.25));
#4916=CARTESIAN_POINT('',(20.4728569253539,26.6631820439671,-6.25));
#4917=CARTESIAN_POINT('',(20.0324855787278,27.1035533905933,-8.));
#4918=CARTESIAN_POINT('Origin',(22.8217408673867,24.3142981019344,-8.));
#4919=CARTESIAN_POINT('',(20.878919757898,24.4842729242735,-5.93480627626633));
#4920=CARTESIAN_POINT('',(25.1464466094067,24.110912703474,-5.));
#4921=CARTESIAN_POINT('',(25.1464466094067,24.110912703474,0.));
#4922=CARTESIAN_POINT('',(22.9767212501881,24.3007390753703,-6.05));
#4923=CARTESIAN_POINT('',(21.9252057736626,24.3927347590884,-6.55886221413264));
#4924=CARTESIAN_POINT('Origin',(23.2091918243901,24.2804005355243,-6.25));
#4925=CARTESIAN_POINT('Origin',(20.6496336206506,26.8399587392638,-6.25));
#4926=CARTESIAN_POINT('',(20.1031962568464,27.1742640687119,-6.05));
#4927=CARTESIAN_POINT('',(20.5435676034726,26.7338927220858,-6.05));
#4928=CARTESIAN_POINT('Origin',(20.2092622740244,27.2803300858899,-6.25));
#4929=CARTESIAN_POINT('Origin',(-21.44355835787,26.7531407832309,-5.5625));
#4930=CARTESIAN_POINT('',(-21.0931457505076,28.1642135623731,-5.));
#4931=CARTESIAN_POINT('',(-20.3188638251083,27.3899316369738,-5.82125));
#4932=CARTESIAN_POINT('',(-19.5559952249465,29.7013640879343,-5.));
#4933=CARTESIAN_POINT('Origin',(-17.7189714489896,30.4777276921113,-0.5625));
#4934=CARTESIAN_POINT('',(-21.0931457505076,28.1642135623731,0.));
#4935=CARTESIAN_POINT('',(-20.3188638251083,27.3899316369738,-0.821249999999998));
#4936=CARTESIAN_POINT('',(-18.2493015348795,31.0080577780012,0.));
#4937=CARTESIAN_POINT('Origin',(-17.7189714489896,30.4777276921113,-7.4375));
#4938=CARTESIAN_POINT('',(-20.8279807075626,27.8990485194282,-7.71875));
#4939=CARTESIAN_POINT('Origin',(-21.44355835787,26.7531407832309,-2.4375));
#4940=CARTESIAN_POINT('',(-21.0931457505076,28.1642135623731,-3.));
#4941=CARTESIAN_POINT('',(-19.5559952249465,29.7013640879343,-3.));
#4942=CARTESIAN_POINT('',(-20.8279807075626,27.8990485194282,-2.71875));
#4943=CARTESIAN_POINT('Origin',(21.44355835787,26.7531407832309,-5.5625));
#4944=CARTESIAN_POINT('',(21.0931457505076,28.1642135623731,-5.));
#4945=CARTESIAN_POINT('',(24.0005388732095,25.2568204396713,-5.));
#4946=CARTESIAN_POINT('',(20.3188638251083,27.3899316369738,-5.82125));
#4947=CARTESIAN_POINT('Origin',(21.0931457505076,28.1642135623731,-8.));
#4948=CARTESIAN_POINT('',(21.0931457505076,28.1642135623731,-4.));
#4949=CARTESIAN_POINT('',(20.8279807075626,27.8990485194282,-7.71875));
#4950=CARTESIAN_POINT('Origin',(17.7189714489896,30.4777276921113,-0.5625));
#4951=CARTESIAN_POINT('',(25.1464466094067,24.110912703474,0.));
#4952=CARTESIAN_POINT('',(20.2943874494334,24.5354128747288,-2.34806773876976));
#4953=CARTESIAN_POINT('',(18.2493015348795,31.0080577780012,0.));
#4954=CARTESIAN_POINT('Origin',(17.7189714489896,30.4777276921113,-7.4375));
#4955=CARTESIAN_POINT('Origin',(21.44355835787,26.7531407832309,-2.4375));
#4956=CARTESIAN_POINT('',(25.1464466094067,24.110912703474,-3.));
#4957=CARTESIAN_POINT('',(24.0005388732095,25.2568204396713,-3.));
#4958=CARTESIAN_POINT('',(22.5097380821271,24.3415948086331,-1.72401180090344));
#4959=CARTESIAN_POINT('Origin',(-21.0931457505076,28.1642135623731,-3.));
#4960=CARTESIAN_POINT('',(-21.0931457505076,28.1642135623731,-1.5));
#4961=CARTESIAN_POINT('Origin',(-16.2573593128807,33.,0.));
#4962=CARTESIAN_POINT('',(-21.0931457505076,28.1642135623731,-4.));
#4963=CARTESIAN_POINT('',(-16.2573593128807,33.,0.));
#4964=CARTESIAN_POINT('',(-16.2573593128807,33.,0.));
#4965=CARTESIAN_POINT('',(-16.2573593128807,33.,0.));
#4966=CARTESIAN_POINT('Origin',(-21.0931457505076,28.1642135623731,-8.));
#4967=CARTESIAN_POINT('Origin',(22.8217408673867,24.3142981019344,-3.));
#4968=CARTESIAN_POINT('',(25.1464466094067,24.110912703474,0.));
#4969=CARTESIAN_POINT('Origin',(-24.3074177800142,21.5997954087698,-6.99483610960666));
#4970=CARTESIAN_POINT('',(-23.6882442995255,17.391038453719,-6.99483610960666));
#4971=CARTESIAN_POINT('',(-23.794472937296,17.3817446521722,-7.19964408973642));
#4972=CARTESIAN_POINT('Origin',(-23.9372929740485,17.369249518032,-6.99483610960666));
#4973=CARTESIAN_POINT('',(-24.3174073937819,23.3589128407227,-7.19964408973642));
#4974=CARTESIAN_POINT('',(-24.1645977432617,21.61229054291,-7.19964408973642));
#4975=CARTESIAN_POINT('',(-24.2111787560115,23.3682066422694,-6.99483610960666));
#4976=CARTESIAN_POINT('Origin',(-24.4602274305344,23.3464177065825,-6.99483610960666));
#4977=CARTESIAN_POINT('',(-24.0583691054913,21.6215843444567,-6.99483610960666));
#4978=CARTESIAN_POINT('Origin',(-24.2111787560115,23.3682066422694,-8.));
#4979=CARTESIAN_POINT('',(-24.2111787560115,23.3682066422694,-6.00516389039333));
#4980=CARTESIAN_POINT('',(-24.2111787560115,23.3682066422694,-8.));
#4981=CARTESIAN_POINT('',(-23.6882442995255,17.391038453719,-6.00516389039333));
#4982=CARTESIAN_POINT('',(-24.1458119489507,22.6210606187006,-6.00516389039333));
#4983=CARTESIAN_POINT('',(-23.6882442995255,17.391038453719,-8.));
#4984=CARTESIAN_POINT('Origin',(-25.4564221286262,23.2592619638348,-8.));
#4985=CARTESIAN_POINT('',(-25.1451112854725,23.2864981334435,-7.78125));
#4986=CARTESIAN_POINT('',(-24.3174073937819,23.3589128407227,-5.80035591026358));
#4987=CARTESIAN_POINT('',(-24.4430948874884,23.3479166098764,-5.71203859060402));
#4988=CARTESIAN_POINT('Origin',(-24.4602274305344,23.3464177065825,-6.00516389039333));
#4989=CARTESIAN_POINT('Origin',(-24.3948606234737,22.5992716830137,-6.00516389039333));
#4990=CARTESIAN_POINT('',(-23.794472937296,17.3817446521722,-5.80035591026358));
#4991=CARTESIAN_POINT('',(-24.2520405867212,22.6117668171539,-5.80035591026358));
#4992=CARTESIAN_POINT('Origin',(-23.9372929740485,17.369249518032,-6.00516389039333));
#4993=CARTESIAN_POINT('Origin',(-24.3948606234737,22.5992716830137,-1.99483610960666));
#4994=CARTESIAN_POINT('',(-23.6882442995255,17.391038453719,-1.99483610960666));
#4995=CARTESIAN_POINT('',(-23.794472937296,17.3817446521722,-2.19964408973642));
#4996=CARTESIAN_POINT('Origin',(-23.9372929740485,17.369249518032,-1.99483610960666));
#4997=CARTESIAN_POINT('',(-24.3174073937819,23.3589128407227,-2.19964408973642));
#4998=CARTESIAN_POINT('',(-24.2520405867212,22.6117668171539,-2.19964408973642));
#4999=CARTESIAN_POINT('',(-24.2111787560115,23.3682066422694,-1.99483610960666));
#5000=CARTESIAN_POINT('Origin',(-24.4602274305344,23.3464177065825,-1.99483610960666));
#5001=CARTESIAN_POINT('',(-24.1458119489507,22.6210606187006,-1.99483610960666));
#5002=CARTESIAN_POINT('Origin',(-24.2111787560115,23.3682066422694,-3.));
#5003=CARTESIAN_POINT('',(-24.2111787560115,23.3682066422694,-1.00516389039334));
#5004=CARTESIAN_POINT('',(-24.2111787560115,23.3682066422694,-3.));
#5005=CARTESIAN_POINT('',(-23.6882442995255,17.391038453719,-1.00516389039334));
#5006=CARTESIAN_POINT('',(-24.0583691054913,21.6215843444567,-1.00516389039334));
#5007=CARTESIAN_POINT('',(-23.6882442995255,17.391038453719,-3.));
#5008=CARTESIAN_POINT('Origin',(-25.4564221286262,23.2592619638348,-3.));
#5009=CARTESIAN_POINT('',(-25.1451112854725,23.2864981334435,-2.78125));
#5010=CARTESIAN_POINT('',(-24.3174073937819,23.3589128407227,-0.800355910263581));
#5011=CARTESIAN_POINT('',(-24.4430948874884,23.3479166098764,-0.712038590604023));
#5012=CARTESIAN_POINT('Origin',(-24.4602274305344,23.3464177065825,-1.00516389039334));
#5013=CARTESIAN_POINT('Origin',(-24.3074177800142,21.5997954087698,-1.00516389039334));
#5014=CARTESIAN_POINT('',(-23.794472937296,17.3817446521722,-0.800355910263581));
#5015=CARTESIAN_POINT('',(-24.1645977432617,21.61229054291,-0.800355910263582));
#5016=CARTESIAN_POINT('Origin',(-23.9372929740485,17.369249518032,-1.00516389039334));
#5017=CARTESIAN_POINT('Origin',(24.3074177800142,21.5997954087698,-1.00516389039335));
#5018=CARTESIAN_POINT('',(23.6882442995255,17.391038453719,-1.00516389039335));
#5019=CARTESIAN_POINT('',(23.794472937296,17.3817446521722,-0.800355910263582));
#5020=CARTESIAN_POINT('Origin',(23.9372929740485,17.369249518032,-1.00516389039335));
#5021=CARTESIAN_POINT('',(24.3174073937819,23.3589128407227,-0.800355910263583));
#5022=CARTESIAN_POINT('',(24.1645977432617,21.61229054291,-0.800355910263583));
#5023=CARTESIAN_POINT('',(24.2111787560115,23.3682066422694,-1.00516389039335));
#5024=CARTESIAN_POINT('Origin',(24.4602274305344,23.3464177065825,-1.00516389039335));
#5025=CARTESIAN_POINT('',(24.0583691054913,21.6215843444567,-1.00516389039335));
#5026=CARTESIAN_POINT('Origin',(23.6882442995255,17.391038453719,-3.));
#5027=CARTESIAN_POINT('',(23.6882442995255,17.391038453719,-1.64644660940673));
#5028=CARTESIAN_POINT('',(23.6882442995255,17.391038453719,-3.));
#5029=CARTESIAN_POINT('',(23.7611889674478,17.3846566222111,-1.82322330470337));
#5030=CARTESIAN_POINT('Origin',(23.9372929740485,17.369249518032,-1.64644660940673));
#5031=CARTESIAN_POINT('',(24.9334876721402,17.2820937752844,-3.));
#5032=CARTESIAN_POINT('',(24.3108659858329,17.3365661145017,-2.37499999999999));
#5033=CARTESIAN_POINT('',(24.9334876721402,17.2820937752844,-1.5));
#5034=CARTESIAN_POINT('',(24.9334876721402,17.2820937752844,0.));
#5035=CARTESIAN_POINT('',(11.8882742225602,18.4234020653986,0.));
#5036=CARTESIAN_POINT('',(23.5022935274405,17.4073070382503,-1.00566275167786));
#5037=CARTESIAN_POINT('Origin',(24.2111787560115,23.3682066422694,-3.));
#5038=CARTESIAN_POINT('',(24.2111787560115,23.3682066422694,-1.64644660940673));
#5039=CARTESIAN_POINT('',(24.2111787560115,23.3682066422694,-3.));
#5040=CARTESIAN_POINT('',(24.1458119489507,22.6210606187006,-1.64644660940673));
#5041=CARTESIAN_POINT('Origin',(24.3948606234737,22.5992716830137,-1.64644660940673));
#5042=CARTESIAN_POINT('',(24.2841234239337,23.3618248107616,-1.82322330470337));
#5043=CARTESIAN_POINT('Origin',(24.4602274305344,23.3464177065825,-1.64644660940673));
#5044=CARTESIAN_POINT('',(24.218756616873,22.6146787871928,-1.82322330470337));
#5045=CARTESIAN_POINT('Origin',(24.3948606234737,22.5992716830137,-6.00516389039335));
#5046=CARTESIAN_POINT('',(23.6882442995255,17.391038453719,-6.00516389039335));
#5047=CARTESIAN_POINT('',(23.794472937296,17.3817446521722,-5.80035591026358));
#5048=CARTESIAN_POINT('Origin',(23.9372929740485,17.369249518032,-6.00516389039335));
#5049=CARTESIAN_POINT('',(24.3174073937819,23.3589128407227,-5.80035591026359));
#5050=CARTESIAN_POINT('',(24.2520405867212,22.6117668171539,-5.80035591026358));
#5051=CARTESIAN_POINT('',(24.2111787560115,23.3682066422694,-6.00516389039335));
#5052=CARTESIAN_POINT('Origin',(24.4602274305344,23.3464177065825,-6.00516389039335));
#5053=CARTESIAN_POINT('',(24.1458119489507,22.6210606187006,-6.00516389039335));
#5054=CARTESIAN_POINT('Origin',(23.6882442995255,17.391038453719,-8.));
#5055=CARTESIAN_POINT('',(23.6882442995255,17.391038453719,-6.64644660940672));
#5056=CARTESIAN_POINT('',(23.6882442995255,17.391038453719,-8.));
#5057=CARTESIAN_POINT('',(23.7611889674478,17.3846566222111,-6.82322330470336));
#5058=CARTESIAN_POINT('Origin',(23.9372929740485,17.369249518032,-6.64644660940672));
#5059=CARTESIAN_POINT('',(24.9334876721402,17.2820937752844,-8.));
#5060=CARTESIAN_POINT('',(24.3108659858329,17.3365661145017,-7.37499999999999));
#5061=CARTESIAN_POINT('',(24.9334876721402,17.2820937752844,-5.));
#5062=CARTESIAN_POINT('',(24.9334876721402,17.2820937752844,-4.));
#5063=CARTESIAN_POINT('',(23.5022935274404,17.4073070382503,-6.00566275167786));
#5064=CARTESIAN_POINT('Origin',(24.2111787560115,23.3682066422694,-8.));
#5065=CARTESIAN_POINT('',(24.2111787560115,23.3682066422694,-6.64644660940672));
#5066=CARTESIAN_POINT('',(24.2111787560115,23.3682066422694,-8.));
#5067=CARTESIAN_POINT('',(24.0583691054913,21.6215843444567,-6.64644660940672));
#5068=CARTESIAN_POINT('Origin',(24.3074177800142,21.5997954087698,-6.64644660940672));
#5069=CARTESIAN_POINT('',(24.2841234239337,23.3618248107616,-6.82322330470336));
#5070=CARTESIAN_POINT('Origin',(24.4602274305344,23.3464177065825,-6.64644660940672));
#5071=CARTESIAN_POINT('',(24.1313137734135,21.6152025129489,-6.82322330470336));
#5072=CARTESIAN_POINT('Origin',(-24.7030668281973,21.8194422559145,-5.4375));
#5073=CARTESIAN_POINT('',(-23.5022935274404,17.4073070382503,-6.00566275167786));
#5074=CARTESIAN_POINT('Origin',(-23.6882442995255,17.391038453719,-8.));
#5075=CARTESIAN_POINT('',(-24.2043099254246,17.3458885618174,-7.48762583892617));
#5076=CARTESIAN_POINT('Origin',(-24.5281811412784,19.8204897074267,-0.4375));
#5077=CARTESIAN_POINT('',(-24.9334876721402,17.2820937752844,0.));
#5078=CARTESIAN_POINT('',(-25.1508028275857,19.7660173682094,0.));
#5079=CARTESIAN_POINT('',(-23.5022935274405,17.4073070382503,-1.00566275167785));
#5080=CARTESIAN_POINT('Origin',(-23.6882442995255,17.391038453719,-3.));
#5081=CARTESIAN_POINT('',(-11.8882742225602,18.4234020653986,0.));
#5082=CARTESIAN_POINT('',(-24.2043099254246,17.3458885618174,-2.48762583892617));
#5083=CARTESIAN_POINT('Origin',(24.7030668281973,21.8194422559145,-5.4375));
#5084=CARTESIAN_POINT('',(25.4564221286262,23.2592619638348,-5.));
#5085=CARTESIAN_POINT('',(24.866838052319,16.5202851347688,-5.));
#5086=CARTESIAN_POINT('',(24.4430948874884,23.3479166098764,-5.71203859060403));
#5087=CARTESIAN_POINT('Origin',(24.5281811412784,19.8204897074267,-0.4375));
#5088=CARTESIAN_POINT('',(25.4564221286262,23.2592619638348,0.));
#5089=CARTESIAN_POINT('',(25.1508028275857,19.7660173682094,0.));
#5090=CARTESIAN_POINT('',(24.4430948874884,23.3479166098764,-0.712038590604025));
#5091=CARTESIAN_POINT('Origin',(-24.5281811412784,19.8204897074267,-7.5625));
#5092=CARTESIAN_POINT('Origin',(-24.7030668281973,21.8194422559145,-2.5625));
#5093=CARTESIAN_POINT('Origin',(24.7030668281973,21.8194422559145,-2.375));
#5094=CARTESIAN_POINT('',(25.4564221286262,23.2592619638348,-3.));
#5095=CARTESIAN_POINT('',(25.1451112854725,23.2864981334435,-2.6875));
#5096=CARTESIAN_POINT('',(24.866838052319,16.5202851347688,-3.));
#5097=CARTESIAN_POINT('Origin',(24.5281811412784,19.8204897074267,-7.375));
#5098=CARTESIAN_POINT('',(25.4564221286262,23.2592619638348,-8.));
#5099=CARTESIAN_POINT('',(25.1451112854725,23.2864981334435,-7.6875));
#5100=CARTESIAN_POINT('',(25.1508028275857,19.7660173682094,-8.));
#5101=CARTESIAN_POINT('Origin',(25.4564221286262,23.2592619638348,-3.));
#5102=CARTESIAN_POINT('',(25.4564221286262,23.2592619638348,0.));
#5103=CARTESIAN_POINT('Origin',(24.5387212042548,12.7698923999781,0.));
#5104=CARTESIAN_POINT('',(25.4564221286262,23.2592619638348,0.));
#5105=CARTESIAN_POINT('',(25.4564221286262,23.2592619638348,-8.));
#5106=CARTESIAN_POINT('',(24.5590772416123,13.002562971651,0.));
#5107=CARTESIAN_POINT('Origin',(25.4564221286262,23.2592619638348,-8.));
#5108=CARTESIAN_POINT('',(25.4564221286262,23.2592619638348,0.));
#5109=CARTESIAN_POINT('Ctrl Pts',(16.4644660940672,36.,-2.4169380471708));
#5110=CARTESIAN_POINT('Ctrl Pts',(16.7063843483409,36.,-2.84048058154563));
#5111=CARTESIAN_POINT('Ctrl Pts',(17.0095979281822,35.9330497886473,-3.91518713535062));
#5112=CARTESIAN_POINT('Ctrl Pts',(16.7870237664321,36.,-5.01833857366276));
#5113=CARTESIAN_POINT('Ctrl Pts',(16.4644660940673,36.,-5.5830619528292));
#5114=CARTESIAN_POINT('Ctrl Pts',(16.3805494475162,36.,-2.45528313318319));
#5115=CARTESIAN_POINT('Ctrl Pts',(16.6103475656994,36.0082042733862,-2.86992887918128));
#5116=CARTESIAN_POINT('Ctrl Pts',(16.8984143675274,35.9588041437466,-3.9177489297019));
#5117=CARTESIAN_POINT('Ctrl Pts',(16.6869469384271,36.0109390311816,-4.99185587215268));
#5118=CARTESIAN_POINT('Ctrl Pts',(16.3805494475162,36.,-5.54471686681681));
#5119=CARTESIAN_POINT('Ctrl Pts',(16.2129158874257,35.9474957485531,-2.53188203869737));
#5120=CARTESIAN_POINT('Ctrl Pts',(16.4134686566086,35.963237093541,-2.92871988216331));
#5121=CARTESIAN_POINT('Ctrl Pts',(16.659320086888,35.9336609224414,-3.92286020109211));
#5122=CARTESIAN_POINT('Ctrl Pts',(16.4803195796696,35.9684842085369,-4.93900083668135));
#5123=CARTESIAN_POINT('Ctrl Pts',(16.2129158874257,35.9474957485531,-5.46811796130263));
#5124=CARTESIAN_POINT('Ctrl Pts',(16.095234605505,35.8061287908896,-2.58565562311427));
#5125=CARTESIAN_POINT('Ctrl Pts',(16.2727801438898,35.812737505181,-2.96647399349392));
#5126=CARTESIAN_POINT('Ctrl Pts',(16.4886958930152,35.7698429351362,-3.92513428022196));
#5127=CARTESIAN_POINT('Ctrl Pts',(16.3319619900181,35.8149404099448,-4.90658654971282));
#5128=CARTESIAN_POINT('Ctrl Pts',(16.095234605505,35.8061287908896,-5.41434437688573));
#5129=CARTESIAN_POINT('Ctrl Pts',(16.0577059402786,35.72360679775,-2.60280406689963));
#5130=CARTESIAN_POINT('Ctrl Pts',(16.2285178029021,35.72360679775,-2.97661881588395));
#5131=CARTESIAN_POINT('Ctrl Pts',(16.439441166216,35.6700466286678,-3.92519168311728));
#5132=CARTESIAN_POINT('Ctrl Pts',(16.2854550904433,35.72360679775,-4.89877626778789));
#5133=CARTESIAN_POINT('Ctrl Pts',(16.0577059402786,35.72360679775,-5.39719593310037));
#5134=CARTESIAN_POINT('',(16.3482591639649,35.6969207577775,-3.99999433747449));
#5135=CARTESIAN_POINT('Ctrl Pts',(16.0577059402786,35.72360679775,-5.39719593310037));
#5136=CARTESIAN_POINT('Ctrl Pts',(16.25700019286,35.72360679775,-4.96104864298523));
#5137=CARTESIAN_POINT('Ctrl Pts',(16.3492781482517,35.7001709909499,-4.48055453595866));
#5138=CARTESIAN_POINT('Ctrl Pts',(16.3483450661583,35.6972445461885,-3.99999219893179));
#5139=CARTESIAN_POINT('Ctrl Pts',(16.3483450661583,35.6972445461885,-3.99999219893179));
#5140=CARTESIAN_POINT('Ctrl Pts',(16.3482118422692,35.6968267133363,-3.93137831817342));
#5141=CARTESIAN_POINT('Ctrl Pts',(16.3339722099085,35.6968285604747,-3.45087253365551));
#5142=CARTESIAN_POINT('Ctrl Pts',(16.2285178029021,35.72360679775,-2.97661881588395));
#5143=CARTESIAN_POINT('Ctrl Pts',(16.0577059402786,35.72360679775,-2.60280406689963));
#5144=CARTESIAN_POINT('Origin',(13.,35.5,-4.));
#5145=CARTESIAN_POINT('',(16.,35.,-4.));
#5146=CARTESIAN_POINT('',(16.25,35.5,-4.));
#5147=CARTESIAN_POINT('Origin',(13.,35.,-4.));
#5148=CARTESIAN_POINT('Ctrl Pts',(-16.4644660940672,36.,-5.58306195282933));
#5149=CARTESIAN_POINT('Ctrl Pts',(-16.7063843483409,36.,-5.15951941845448));
#5150=CARTESIAN_POINT('Ctrl Pts',(-17.0095979281822,35.9330497886473,-4.08481286464939));
#5151=CARTESIAN_POINT('Ctrl Pts',(-16.7870237664322,36.,-2.98166142633715));
#5152=CARTESIAN_POINT('Ctrl Pts',(-16.4644660940672,36.,-2.41693804717067));
#5153=CARTESIAN_POINT('Ctrl Pts',(-16.3805494475162,36.,-5.54471686681694));
#5154=CARTESIAN_POINT('Ctrl Pts',(-16.6103475656994,36.0082042733862,-5.13007112081884));
#5155=CARTESIAN_POINT('Ctrl Pts',(-16.8984143675275,35.9588041437466,-4.08225107029812));
#5156=CARTESIAN_POINT('Ctrl Pts',(-16.6869469384271,36.0109390311816,-3.00814412784723));
#5157=CARTESIAN_POINT('Ctrl Pts',(-16.3805494475162,36.,-2.45528313318306));
#5158=CARTESIAN_POINT('Ctrl Pts',(-16.2129158874257,35.9474957485532,-5.46811796130275));
#5159=CARTESIAN_POINT('Ctrl Pts',(-16.4134686566086,35.963237093541,-5.07128011783682));
#5160=CARTESIAN_POINT('Ctrl Pts',(-16.659320086888,35.9336609224414,-4.07713979890791));
#5161=CARTESIAN_POINT('Ctrl Pts',(-16.4803195796696,35.9684842085369,-3.06099916331858));
#5162=CARTESIAN_POINT('Ctrl Pts',(-16.2129158874257,35.9474957485532,-2.53188203869725));
#5163=CARTESIAN_POINT('Ctrl Pts',(-16.095234605505,35.8061287908896,-5.41434437688585));
#5164=CARTESIAN_POINT('Ctrl Pts',(-16.2727801438898,35.812737505181,-5.03352600650621));
#5165=CARTESIAN_POINT('Ctrl Pts',(-16.4886958930152,35.7698429351362,-4.07486571977808));
#5166=CARTESIAN_POINT('Ctrl Pts',(-16.3319619900181,35.8149404099448,-3.09341345028711));
#5167=CARTESIAN_POINT('Ctrl Pts',(-16.095234605505,35.8061287908896,-2.58565562311415));
#5168=CARTESIAN_POINT('Ctrl Pts',(-16.0577059402786,35.72360679775,-5.39719593310049));
#5169=CARTESIAN_POINT('Ctrl Pts',(-16.2285178029021,35.72360679775,-5.02338118411619));
#5170=CARTESIAN_POINT('Ctrl Pts',(-16.439441166216,35.6700466286678,-4.07480831688276));
#5171=CARTESIAN_POINT('Ctrl Pts',(-16.2854550904433,35.72360679775,-3.10122373221205));
#5172=CARTESIAN_POINT('Ctrl Pts',(-16.0577059402786,35.72360679775,-2.60280406689951));
#5173=CARTESIAN_POINT('Ctrl Pts',(-16.0577059402786,35.72360679775,-2.60280406689951));
#5174=CARTESIAN_POINT('Ctrl Pts',(-16.2854550904433,35.72360679775,-3.10122373221205));
#5175=CARTESIAN_POINT('Ctrl Pts',(-16.439441166216,35.6700466286678,-4.07480831688276));
#5176=CARTESIAN_POINT('Ctrl Pts',(-16.2285178029021,35.72360679775,-5.02338118411619));
#5177=CARTESIAN_POINT('Ctrl Pts',(-16.0577059402786,35.72360679775,-5.39719593310049));
#5178=CARTESIAN_POINT('Origin',(-13.,35.5,-4.));
#5179=CARTESIAN_POINT('',(-10.,35.,-4.));
#5180=CARTESIAN_POINT('',(-9.75000000000002,35.5,-4.));
#5181=CARTESIAN_POINT('Origin',(-13.,35.,-4.));
#5182=CARTESIAN_POINT('Origin',(13.,35.,-4.));
#5183=CARTESIAN_POINT('',(14.625,35.,-4.));
#5184=CARTESIAN_POINT('Origin',(13.,35.,-4.));
#5185=CARTESIAN_POINT('Origin',(-13.,35.,-4.));
#5186=CARTESIAN_POINT('',(-11.375,35.,-4.));
#5187=CARTESIAN_POINT('Origin',(-13.,35.,-4.));
#5188=CARTESIAN_POINT('Origin',(-13.,33.,-4.));
#5189=CARTESIAN_POINT('',(-11.375,33.,-4.));
#5190=CARTESIAN_POINT('Origin',(-13.,33.,-4.));
#5191=CARTESIAN_POINT('',(-11.375,33.,-4.));
#5192=CARTESIAN_POINT('Origin',(13.,33.,-4.));
#5193=CARTESIAN_POINT('',(14.625,33.,-4.));
#5194=CARTESIAN_POINT('Origin',(13.,33.,-4.));
#5195=CARTESIAN_POINT('',(14.625,33.,-4.));
#5196=CARTESIAN_POINT('Origin',(25.5552719397041,12.9154072289034,0.));
#5197=CARTESIAN_POINT('Origin',(-8.,34.,0.));
#5198=CARTESIAN_POINT('',(-7.,34.,0.));
#5199=CARTESIAN_POINT('',(-7.,34.,0.));
#5200=CARTESIAN_POINT('',(-8.,33.,0.));
#5201=CARTESIAN_POINT('Origin',(-8.,34.,0.));
#5202=CARTESIAN_POINT('',(-8.,33.,0.));
#5203=CARTESIAN_POINT('Origin',(8.,34.,0.));
#5204=CARTESIAN_POINT('',(8.,33.,0.));
#5205=CARTESIAN_POINT('',(8.,33.,0.));
#5206=CARTESIAN_POINT('',(7.,34.,0.));
#5207=CARTESIAN_POINT('Origin',(8.,34.,0.));
#5208=CARTESIAN_POINT('',(7.,34.,0.));
#5209=CARTESIAN_POINT('Origin',(16.2573593128807,33.,0.));
#5210=CARTESIAN_POINT('',(16.2573593128807,33.,0.));
#5211=CARTESIAN_POINT('',(16.2573593128807,33.,0.));
#5212=CARTESIAN_POINT('',(-16.2573593128807,33.,0.));
#5213=CARTESIAN_POINT('Origin',(25.1464466094067,24.110912703474,0.));
#5214=CARTESIAN_POINT('',(16.2573593128807,33.,0.));
#5215=CARTESIAN_POINT('',(25.1464466094067,24.110912703474,0.));
#5216=CARTESIAN_POINT('Origin',(25.5,23.7573593128807,0.));
#5217=CARTESIAN_POINT('Origin',(25.5,23.7573593128807,0.));
#5218=CARTESIAN_POINT('Origin',(-7.,33.,0.));
#5219=CARTESIAN_POINT('',(-16.2573593128807,33.,0.));
#5220=CARTESIAN_POINT('Origin',(7.,34.,0.));
#5221=CARTESIAN_POINT('',(7.,34.,0.));
#5222=CARTESIAN_POINT('Origin',(0.,18.4464446743777,0.));
#5223=UNCERTAINTY_MEASURE_WITH_UNIT(LENGTH_MEASURE(0.01),#5227,
'DISTANCE_ACCURACY_VALUE',
'Maximum model space distance between geometric entities at asserted c
onnectivities');
#5224=UNCERTAINTY_MEASURE_WITH_UNIT(LENGTH_MEASURE(0.01),#5227,
'DISTANCE_ACCURACY_VALUE',
'Maximum model space distance between geometric entities at asserted c
onnectivities');
#5225=(
GEOMETRIC_REPRESENTATION_CONTEXT(3)
GLOBAL_UNCERTAINTY_ASSIGNED_CONTEXT((#5223))
GLOBAL_UNIT_ASSIGNED_CONTEXT((#5227,#5229,#5230))
REPRESENTATION_CONTEXT('','3D')
);
#5226=(
GEOMETRIC_REPRESENTATION_CONTEXT(3)
GLOBAL_UNCERTAINTY_ASSIGNED_CONTEXT((#5224))
GLOBAL_UNIT_ASSIGNED_CONTEXT((#5227,#5229,#5230))
REPRESENTATION_CONTEXT('','3D')
);
#5227=(
LENGTH_UNIT()
NAMED_UNIT(*)
SI_UNIT(.MILLI.,.METRE.)
);
#5228=(
LENGTH_UNIT()
NAMED_UNIT(*)
SI_UNIT($,.METRE.)
);
#5229=(
NAMED_UNIT(*)
PLANE_ANGLE_UNIT()
SI_UNIT($,.RADIAN.)
);
#5230=(
NAMED_UNIT(*)
SI_UNIT($,.STERADIAN.)
SOLID_ANGLE_UNIT()
);
#5231=SHAPE_DEFINITION_REPRESENTATION(#5232,#5233);
#5232=PRODUCT_DEFINITION_SHAPE('',$,#5235);
#5233=SHAPE_REPRESENTATION('',(#2787),#5225);
#5234=PRODUCT_DEFINITION_CONTEXT('part definition',#5239,'design');
#5235=PRODUCT_DEFINITION('FusionComponent','FusionComponent',#5236,#5234);
#5236=PRODUCT_DEFINITION_FORMATION('',$,#5241);
#5237=PRODUCT_RELATED_PRODUCT_CATEGORY('FusionComponent',
'FusionComponent',(#5241));
#5238=APPLICATION_PROTOCOL_DEFINITION('international standard',
'automotive_design',2009,#5239);
#5239=APPLICATION_CONTEXT(
'Core Data for Automotive Mechanical Design Process');
#5240=PRODUCT_CONTEXT('part definition',#5239,'mechanical');
#5241=PRODUCT('FusionComponent','FusionComponent',$,(#5240));
#5242=PRESENTATION_STYLE_ASSIGNMENT((#5243));
#5243=SURFACE_STYLE_USAGE(.BOTH.,#5244);
#5244=SURFACE_SIDE_STYLE('',(#5245));
#5245=SURFACE_STYLE_FILL_AREA(#5246);
#5246=FILL_AREA_STYLE('Steel - Satin',(#5247));
#5247=FILL_AREA_STYLE_COLOUR('Steel - Satin',#5248);
#5248=COLOUR_RGB('Steel - Satin',0.627450980392157,0.627450980392157,0.627450980392157);
ENDSEC;
END-ISO-10303-21;
