ISO-10303-21;
HEADER;
FILE_DESCRIPTION (( 'STEP AP214' ),
    '1' );
FILE_NAME ('¸Ç°å.STEP',
    '2024-01-11T14:25:34',
    ( '' ),
    ( '' ),
    'SwSTEP 2.0',
    'SolidWorks 2021',
    '' );
FILE_SCHEMA (( 'AUTOMOTIVE_DESIGN' ));
ENDSEC;

DATA;
#1 = CARTESIAN_POINT ( 'NONE',  ( 149.9999999999996589, 3.000000000000000000, -149.9999999999999432 ) ) ;
#2 = VERTEX_POINT ( 'NONE', #2219 ) ;
#3 =( GEOMETRIC_REPRESENTATION_CONTEXT ( 3 ) GLOBAL_UNCERTAINTY_ASSIGNED_CONTEXT ( ( #1202 ) ) GLOBAL_UNIT_ASSIGNED_CONTEXT ( ( #1212, #2480, #1370 ) ) REPRESENTATION_CONTEXT ( 'NONE', 'WORKASPACE' ) );
#4 = CARTESIAN_POINT ( 'NONE',  ( -175.0000000000000853, 3.000000000000001776, 175.0000000000000284 ) ) ;
#5 = LINE ( 'NONE', #1108, #2541 ) ;
#6 = PRESENTATION_LAYER_ASSIGNMENT (  '', '', ( #1712 ) ) ;
#7 = VERTEX_POINT ( 'NONE', #574 ) ;
#8 =( NAMED_UNIT ( * ) SI_UNIT ( $, .STERADIAN. ) SOLID_ANGLE_UNIT ( ) );
#9 = AXIS2_PLACEMENT_3D ( 'NONE', #1232, #199, #2308 ) ;
#10 = AXIS2_PLACEMENT_3D ( 'NONE', #78, #137, #316 ) ;
#11 = CIRCLE ( 'NONE', #462, 1.649999999999984812 ) ;
#12 = EDGE_CURVE ( 'NONE', #2446, #876, #2617, .T. ) ;
#13 = FILL_AREA_STYLE_COLOUR ( '', #1295 ) ;
#14 = CIRCLE ( 'NONE', #1319, 1.649999999999984812 ) ;
#15 = CIRCLE ( 'NONE', #1140, 1.649999999999984812 ) ;
#16 = EDGE_LOOP ( 'NONE', ( #838, #2082 ) ) ;
#17 = EDGE_CURVE ( 'NONE', #512, #209, #83, .T. ) ;
#18 = CYLINDRICAL_SURFACE ( 'NONE', #92, 2.250000000000001776 ) ;
#19 = FACE_BOUND ( 'NONE', #1160, .T. ) ;
#20 = AXIS2_PLACEMENT_3D ( 'NONE', #394, #123, #1827 ) ;
#21 = EDGE_LOOP ( 'NONE', ( #2688, #180 ) ) ;
#22 = LINE ( 'NONE', #435, #2467 ) ;
#23 = ORIENTED_EDGE ( 'NONE', *, *, #1223, .T. ) ;
#24 = DIRECTION ( 'NONE',  ( -0.000000000000000000, 1.000000000000000000, -0.000000000000000000 ) ) ;
#25 =( NAMED_UNIT ( * ) SI_UNIT ( $, .STERADIAN. ) SOLID_ANGLE_UNIT ( ) );
#26 = CARTESIAN_POINT ( 'NONE',  ( -175.0000000000000853, 0.9500000000000038414, 172.7500000000000284 ) ) ;
#27 = EDGE_CURVE ( 'NONE', #7, #937, #818, .T. ) ;
#28 = ORIENTED_EDGE ( 'NONE', *, *, #1544, .F. ) ;
#29 = DIRECTION ( 'NONE',  ( 0.000000000000000000, 0.000000000000000000, 1.000000000000000000 ) ) ;
#30 = DIRECTION ( 'NONE',  ( -0.000000000000000000, 1.000000000000000000, -0.000000000000000000 ) ) ;
#31 =( NAMED_UNIT ( * ) SI_UNIT ( $, .STERADIAN. ) SOLID_ANGLE_UNIT ( ) );
#32 = DIRECTION ( 'NONE',  ( -0.000000000000000000, 1.000000000000000000, -0.000000000000000000 ) ) ;
#33 = EDGE_CURVE ( 'NONE', #1666, #2495, #1623, .T. ) ;
#34 = EDGE_LOOP ( 'NONE', ( #28, #799 ) ) ;
#35 = DIRECTION ( 'NONE',  ( -0.000000000000000000, 1.000000000000000000, -0.000000000000000000 ) ) ;
#36 = DIRECTION ( 'NONE',  ( -0.000000000000000000, 1.000000000000000000, -0.000000000000000000 ) ) ;
#37 = ORIENTED_EDGE ( 'NONE', *, *, #1183, .F. ) ;
#38 = DIRECTION ( 'NONE',  ( 0.000000000000000000, 0.000000000000000000, 1.000000000000000000 ) ) ;
#39 = FACE_BOUND ( 'NONE', #2394, .T. ) ;
#40 = EDGE_LOOP ( 'NONE', ( #2098, #1889, #1465, #1714 ) ) ;
#41 = LINE ( 'NONE', #2587, #1135 ) ;
#42 = FACE_BOUND ( 'NONE', #2504, .T. ) ;
#43 = UNCERTAINTY_MEASURE_WITH_UNIT (LENGTH_MEASURE( 1.000000000000000082E-05 ), #997, 'distance_accuracy_value', 'NONE');
#44 = ORIENTED_EDGE ( 'NONE', *, *, #1974, .F. ) ;
#45 = EDGE_CURVE ( 'NONE', #260, #295, #2415, .T. ) ;
#46 = DIRECTION ( 'NONE',  ( 0.000000000000000000, 1.000000000000000000, 0.000000000000000000 ) ) ;
#47 = VERTEX_POINT ( 'NONE', #358 ) ;
#48 = EDGE_CURVE ( 'NONE', #2212, #1947, #725, .T. ) ;
#49 = CYLINDRICAL_SURFACE ( 'NONE', #424, 1.649999999999991696 ) ;
#50 = DIRECTION ( 'NONE',  ( -0.000000000000000000, 1.000000000000000000, -0.000000000000000000 ) ) ;
#51 = CONICAL_SURFACE ( 'NONE', #1760, 4.299999999999998046, 0.7853981633974479459 ) ;
#52 = ORIENTED_EDGE ( 'NONE', *, *, #2698, .F. ) ;
#53 = DIRECTION ( 'NONE',  ( -0.000000000000000000, 1.000000000000000000, -0.000000000000000000 ) ) ;
#54 = FACE_BOUND ( 'NONE', #1384, .T. ) ;
#55 = CONICAL_SURFACE ( 'NONE', #785, 4.299999999999998046, 0.7853981633974479459 ) ;
#56 = CARTESIAN_POINT ( 'NONE',  ( 150.0000000000000000, 3.000000000000001332, 51.64999999999989910 ) ) ;
#57 = AXIS2_PLACEMENT_3D ( 'NONE', #982, #337, #2441 ) ;
#58 = STYLED_ITEM ( 'NONE', ( #2209 ), #884 ) ;
#59 = VERTEX_POINT ( 'NONE', #2451 ) ;
#60 = LINE ( 'NONE', #320, #628 ) ;
#61 = ORIENTED_EDGE ( 'NONE', *, *, #2048, .T. ) ;
#62 = ADVANCED_FACE ( 'NONE', ( #541 ), #1796, .F. ) ;
#63 = DIRECTION ( 'NONE',  ( 0.000000000000000000, 1.000000000000000000, -0.000000000000000000 ) ) ;
#64 = ORIENTED_EDGE ( 'NONE', *, *, #2181, .F. ) ;
#65 = SURFACE_SIDE_STYLE ('',( #1369 ) ) ;
#66 = CYLINDRICAL_SURFACE ( 'NONE', #2218, 1.649999999999984812 ) ;
#67 = EDGE_LOOP ( 'NONE', ( #1936, #2649, #2660, #1461 ) ) ;
#68 = DIRECTION ( 'NONE',  ( 0.000000000000000000, 1.000000000000000000, -0.000000000000000000 ) ) ;
#69 = DIRECTION ( 'NONE',  ( -0.000000000000000000, 1.000000000000000000, -0.000000000000000000 ) ) ;
#70 = ORIENTED_EDGE ( 'NONE', *, *, #2340, .T. ) ;
#71 = CARTESIAN_POINT ( 'NONE',  ( 174.9999999999999147, 3.000000000000001776, 170.7000000000000171 ) ) ;
#72 = CARTESIAN_POINT ( 'NONE',  ( 150.0000000000010516, 3.000000000000000000, 149.9999999999999147 ) ) ;
#73 = STYLED_ITEM ( 'NONE', ( #1997 ), #2063 ) ;
#74 = EDGE_CURVE ( 'NONE', #2459, #2555, #155, .T. ) ;
#75 = VERTEX_POINT ( 'NONE', #1885 ) ;
#76 = DIRECTION ( 'NONE',  ( 0.000000000000000000, 0.000000000000000000, 1.000000000000000000 ) ) ;
#77 = AXIS2_PLACEMENT_3D ( 'NONE', #1943, #253, #1966 ) ;
#78 = CARTESIAN_POINT ( 'NONE',  ( -49.99999999999998579, 0.000000000000000000, 49.99999999999991473 ) ) ;
#79 = EDGE_CURVE ( 'NONE', #416, #1832, #727, .T. ) ;
#80 = VECTOR ( 'NONE', #539, 999.9999999999998863 ) ;
#81 = CARTESIAN_POINT ( 'NONE',  ( 149.9999999999996589, 3.000000000000000000, -148.3499999999999659 ) ) ;
#82 = VERTEX_POINT ( 'NONE', #1242 ) ;
#83 = LINE ( 'NONE', #1578, #139 ) ;
#84 = SURFACE_STYLE_USAGE ( .BOTH. , #2255 ) ;
#85 = DIRECTION ( 'NONE',  ( 0.000000000000000000, 0.000000000000000000, 1.000000000000000000 ) ) ;
#86 = CARTESIAN_POINT ( 'NONE',  ( -150.0000000000000000, 3.000000000000000000, -49.99999999999923972 ) ) ;
#87 = EDGE_LOOP ( 'NONE', ( #2773, #624 ) ) ;
#88 =( LENGTH_UNIT ( ) NAMED_UNIT ( * ) SI_UNIT ( .MILLI., .METRE. ) );
#89 = DIRECTION ( 'NONE',  ( -0.000000000000000000, 1.000000000000000000, -0.000000000000000000 ) ) ;
#90 = EDGE_CURVE ( 'NONE', #75, #1689, #2328, .T. ) ;
#91 = VERTEX_POINT ( 'NONE', #1056 ) ;
#92 = AXIS2_PLACEMENT_3D ( 'NONE', #1548, #53, #264 ) ;
#93 = PRODUCT_CONTEXT ( 'NONE', #2664, 'mechanical' ) ;
#94 = DIRECTION ( 'NONE',  ( -0.000000000000000000, 1.000000000000000000, -0.000000000000000000 ) ) ;
#95 = EDGE_CURVE ( 'NONE', #2232, #467, #2734, .T. ) ;
#96 = VERTEX_POINT ( 'NONE', #584 ) ;
#97 = ORIENTED_EDGE ( 'NONE', *, *, #2528, .T. ) ;
#98 = AXIS2_PLACEMENT_3D ( 'NONE', #765, #1830, #778 ) ;
#99 = AXIS2_PLACEMENT_3D ( 'NONE', #106, #1153, #2223 ) ;
#100 = LINE ( 'NONE', #970, #531 ) ;
#101 = AXIS2_PLACEMENT_3D ( 'NONE', #1683, #2312, #1273 ) ;
#102 = ORIENTED_EDGE ( 'NONE', *, *, #875, .F. ) ;
#103 = COLOUR_RGB ( '',1.000000000000000000, 1.000000000000000000, 1.000000000000000000 ) ;
#104 = CARTESIAN_POINT ( 'NONE',  ( -252.4999999999999432, 3.000000000000000000, 87.00207538209714642 ) ) ;
#105 = FACE_BOUND ( 'NONE', #2047, .T. ) ;
#106 = CARTESIAN_POINT ( 'NONE',  ( -49.99999999999894840, 3.000000000000000000, 149.9999999999999147 ) ) ;
#107 = ORIENTED_EDGE ( 'NONE', *, *, #2564, .T. ) ;
#108 = DIRECTION ( 'NONE',  ( -0.000000000000000000, 1.000000000000000000, -0.000000000000000000 ) ) ;
#109 = CARTESIAN_POINT ( 'NONE',  ( -175.0000000000000853, 3.000000000000001776, 170.7000000000000171 ) ) ;
#110 = CARTESIAN_POINT ( 'NONE',  ( -252.5000000000000000, 0.000000000000000000, -172.5000000000000000 ) ) ;
#111 = DIRECTION ( 'NONE',  ( 0.000000000000000000, 0.000000000000000000, 1.000000000000000000 ) ) ;
#112 = EDGE_LOOP ( 'NONE', ( #1824, #604 ) ) ;
#113 = VERTEX_POINT ( 'NONE', #2108 ) ;
#114 = FILL_AREA_STYLE ('',( #1403 ) ) ;
#115 = EDGE_CURVE ( 'NONE', #2401, #2459, #327, .T. ) ;
#116 = CARTESIAN_POINT ( 'NONE',  ( -252.5000000000000000, 3.000000000000000000, -172.5000000000000000 ) ) ;
#117 = CARTESIAN_POINT ( 'NONE',  ( -175.0000000000000853, 0.9500000000000038414, 177.2500000000000284 ) ) ;
#118 = CONICAL_SURFACE ( 'NONE', #1691, 4.299999999999998046, 0.7853981633974479459 ) ;
#119 = CIRCLE ( 'NONE', #1553, 1.649999999999984812 ) ;
#120 = VERTEX_POINT ( 'NONE', #1702 ) ;
#121 = SURFACE_STYLE_FILL_AREA ( #1788 ) ;
#122 = FACE_BOUND ( 'NONE', #480, .T. ) ;
#123 = DIRECTION ( 'NONE',  ( -0.000000000000000000, 1.000000000000000000, -0.000000000000000000 ) ) ;
#124 = CIRCLE ( 'NONE', #2085, 1.649999999999984812 ) ;
#125 = VECTOR ( 'NONE', #1563, 1000.000000000000000 ) ;
#126 = CARTESIAN_POINT ( 'NONE',  ( -150.0000000000003411, 0.000000000000000000, -148.3499999999992554 ) ) ;
#127 = DIRECTION ( 'NONE',  ( -0.000000000000000000, 1.000000000000000000, -0.000000000000000000 ) ) ;
#128 = DIRECTION ( 'NONE',  ( 0.000000000000000000, 0.000000000000000000, 1.000000000000000000 ) ) ;
#129 = ORIENTED_EDGE ( 'NONE', *, *, #793, .F. ) ;
#130 = EDGE_CURVE ( 'NONE', #1604, #113, #458, .T. ) ;
#131 = ORIENTED_EDGE ( 'NONE', *, *, #381, .T. ) ;
#132 = DIRECTION ( 'NONE',  ( 0.000000000000000000, 0.000000000000000000, 1.000000000000000000 ) ) ;
#133 = DIRECTION ( 'NONE',  ( -0.000000000000000000, 1.000000000000000000, -0.000000000000000000 ) ) ;
#134 = ADVANCED_FACE ( 'NONE', ( #2748 ), #2727, .F. ) ;
#135 = FILL_AREA_STYLE_COLOUR ( '', #964 ) ;
#136 = CARTESIAN_POINT ( 'NONE',  ( -252.5000000000000568, 3.000000000000000000, -172.5000000000000284 ) ) ;
#137 = DIRECTION ( 'NONE',  ( -0.000000000000000000, 1.000000000000000000, -0.000000000000000000 ) ) ;
#138 = CARTESIAN_POINT ( 'NONE',  ( 252.4999999999999432, 3.000000000000000000, -172.5000000000000000 ) ) ;
#139 = VECTOR ( 'NONE', #2208, 1000.000000000000000 ) ;
#140 = AXIS2_PLACEMENT_3D ( 'NONE', #2579, #445, #1347 ) ;
#141 = EDGE_LOOP ( 'NONE', ( #2758, #1368, #614, #1190 ) ) ;
#142 = DIRECTION ( 'NONE',  ( -2.775557561562890957E-15, 0.000000000000000000, -1.000000000000000000 ) ) ;
#143 = SURFACE_STYLE_FILL_AREA ( #114 ) ;
#144 = DIRECTION ( 'NONE',  ( 0.000000000000000000, 0.000000000000000000, 1.000000000000000000 ) ) ;
#145 = AXIS2_PLACEMENT_3D ( 'NONE', #1428, #589, #2079 ) ;
#146 = ORIENTED_EDGE ( 'NONE', *, *, #1959, .T. ) ;
#147 = CIRCLE ( 'NONE', #466, 4.299999999999998046 ) ;
#148 = AXIS2_PLACEMENT_3D ( 'NONE', #1527, #1700, #2771 ) ;
#149 = PRESENTATION_STYLE_ASSIGNMENT (( #380 ) ) ;
#150 = PRESENTATION_LAYER_ASSIGNMENT (  '', '', ( #58 ) ) ;
#151 = CARTESIAN_POINT ( 'NONE',  ( 174.9999999999999147, 3.000000000000000000, 177.2500000000000284 ) ) ;
#152 = ADVANCED_FACE ( 'NONE', ( #2531 ), #2701, .F. ) ;
#153 = FILL_AREA_STYLE_COLOUR ( '', #674 ) ;
#154 = ORIENTED_EDGE ( 'NONE', *, *, #2351, .T. ) ;
#155 = LINE ( 'NONE', #1042, #1878 ) ;
#156 = DIRECTION ( 'NONE',  ( -0.000000000000000000, 1.000000000000000000, -0.000000000000000000 ) ) ;
#157 = DIRECTION ( 'NONE',  ( -0.000000000000000000, 1.000000000000000000, -0.000000000000000000 ) ) ;
#158 = VERTEX_POINT ( 'NONE', #2279 ) ;
#159 = CARTESIAN_POINT ( 'NONE',  ( 150.0000000000000000, 3.000000000000001332, -49.99999999999994316 ) ) ;
#160 = ORIENTED_EDGE ( 'NONE', *, *, #1100, .F. ) ;
#161 = SURFACE_STYLE_FILL_AREA ( #2077 ) ;
#162 = EDGE_CURVE ( 'NONE', #1958, #2233, #820, .T. ) ;
#163 = CARTESIAN_POINT ( 'NONE',  ( -149.9999999999989484, 3.000000000000000000, 151.6500000000006310 ) ) ;
#164 = APPLICATION_PROTOCOL_DEFINITION ( 'draft international standard', 'automotive_design', 1998, #1767 ) ;
#165 = FILL_AREA_STYLE_COLOUR ( '', #1399 ) ;
#166 = AXIS2_PLACEMENT_3D ( 'NONE', #1447, #576, #2731 ) ;
#167 = ORIENTED_EDGE ( 'NONE', *, *, #603, .F. ) ;
#168 = EDGE_CURVE ( 'NONE', #1947, #1477, #1855, .T. ) ;
#169 = DIRECTION ( 'NONE',  ( -0.000000000000000000, 1.000000000000000000, -0.000000000000000000 ) ) ;
#170 = SURFACE_STYLE_USAGE ( .BOTH. , #1898 ) ;
#171 = VECTOR ( 'NONE', #2450, 1000.000000000000000 ) ;
#172 = CONICAL_SURFACE ( 'NONE', #261, 4.299999999999998046, 0.7853981633974479459 ) ;
#173 = ORIENTED_EDGE ( 'NONE', *, *, #1744, .T. ) ;
#174 = LINE ( 'NONE', #1033, #2024 ) ;
#175 = CARTESIAN_POINT ( 'NONE',  ( 50.00000000000103029, 0.000000000000000000, 148.3499999999999375 ) ) ;
#176 = EDGE_LOOP ( 'NONE', ( #1424, #1150 ) ) ;
#177 = SURFACE_STYLE_USAGE ( .BOTH. , #2708 ) ;
#178 = CYLINDRICAL_SURFACE ( 'NONE', #2505, 1.649999999999984812 ) ;
#179 = DIRECTION ( 'NONE',  ( 0.000000000000000000, 0.000000000000000000, 1.000000000000000000 ) ) ;
#180 = ORIENTED_EDGE ( 'NONE', *, *, #2752, .T. ) ;
#181 = DIRECTION ( 'NONE',  ( 0.000000000000000000, 0.000000000000000000, 1.000000000000000000 ) ) ;
#182 = DIRECTION ( 'NONE',  ( 0.000000000000000000, 0.000000000000000000, -1.000000000000000000 ) ) ;
#183 = EDGE_CURVE ( 'NONE', #724, #1489, #808, .T. ) ;
#184 = ORIENTED_EDGE ( 'NONE', *, *, #2303, .F. ) ;
#185 = PRODUCT_DEFINITION_FORMATION_WITH_SPECIFIED_SOURCE ( 'ÈÎºÎ', '', #1983, .NOT_KNOWN. ) ;
#186 = CIRCLE ( 'NONE', #551, 1.649999999999984812 ) ;
#187 = DIRECTION ( 'NONE',  ( 0.000000000000000000, 0.000000000000000000, -1.000000000000000000 ) ) ;
#188 = VECTOR ( 'NONE', #538, 1000.000000000000000 ) ;
#189 = PRESENTATION_LAYER_ASSIGNMENT (  '', '', ( #1587 ) ) ;
#190 = ORIENTED_EDGE ( 'NONE', *, *, #758, .F. ) ;
#191 = CYLINDRICAL_SURFACE ( 'NONE', #1886, 2.250000000000001776 ) ;
#192 = PRESENTATION_LAYER_ASSIGNMENT (  '', '', ( #1841 ) ) ;
#193 = AXIS2_PLACEMENT_3D ( 'NONE', #1774, #36, #891 ) ;
#194 = CIRCLE ( 'NONE', #2289, 1.649999999999984812 ) ;
#195 = PRESENTATION_STYLE_ASSIGNMENT (( #2317 ) ) ;
#196 =( NAMED_UNIT ( * ) SI_UNIT ( $, .STERADIAN. ) SOLID_ANGLE_UNIT ( ) );
#197 = EDGE_LOOP ( 'NONE', ( #2713, #2090 ) ) ;
#198 = DIRECTION ( 'NONE',  ( 0.000000000000000000, 0.000000000000000000, 1.000000000000000000 ) ) ;
#199 = DIRECTION ( 'NONE',  ( -0.000000000000000000, -1.000000000000000000, 0.000000000000000000 ) ) ;
#200 = FACE_OUTER_BOUND ( 'NONE', #322, .T. ) ;
#201 = EDGE_LOOP ( 'NONE', ( #2177, #1126, #433, #2014 ) ) ;
#202 = EDGE_CURVE ( 'NONE', #2233, #2726, #2512, .T. ) ;
#203 = FACE_OUTER_BOUND ( 'NONE', #2365, .T. ) ;
#204 = LINE ( 'NONE', #1902, #2755 ) ;
#205 = VERTEX_POINT ( 'NONE', #592 ) ;
#206 = LINE ( 'NONE', #2354, #383 ) ;
#207 = CARTESIAN_POINT ( 'NONE',  ( -149.9999999999989484, 3.000000000000001332, 148.3500000000006480 ) ) ;
#208 = CARTESIAN_POINT ( 'NONE',  ( -175.0000000000000853, 0.9500000000000038414, -172.7499999999999716 ) ) ;
#209 = VERTEX_POINT ( 'NONE', #1256 ) ;
#210 = CARTESIAN_POINT ( 'NONE',  ( -172.5000000000000000, 3.000000000000000000, -252.5000000000000568 ) ) ;
#211 = FILL_AREA_STYLE ('',( #1494 ) ) ;
#212 = EDGE_LOOP ( 'NONE', ( #1919, #971, #1177, #1554 ) ) ;
#213 = AXIS2_PLACEMENT_3D ( 'NONE', #837, #1680, #144 ) ;
#214 = EDGE_CURVE ( 'NONE', #1985, #500, #2321, .T. ) ;
#215 = ORIENTED_EDGE ( 'NONE', *, *, #2561, .T. ) ;
#216 = DIRECTION ( 'NONE',  ( -0.000000000000000000, 1.000000000000000000, -0.000000000000000000 ) ) ;
#217 = AXIS2_PLACEMENT_3D ( 'NONE', #1594, #317, #965 ) ;
#218 = EDGE_CURVE ( 'NONE', #1106, #205, #2062, .T. ) ;
#219 = CYLINDRICAL_SURFACE ( 'NONE', #99, 1.649999999999984812 ) ;
#220 = DIRECTION ( 'NONE',  ( -0.000000000000000000, 1.000000000000000000, -0.000000000000000000 ) ) ;
#221 = ORIENTED_EDGE ( 'NONE', *, *, #74, .T. ) ;
#222 = DIRECTION ( 'NONE',  ( 0.000000000000000000, 0.000000000000000000, 1.000000000000000000 ) ) ;
#223 = CARTESIAN_POINT ( 'NONE',  ( -172.4999999999999432, 0.000000000000000000, 172.5000000000000000 ) ) ;
#224 = CARTESIAN_POINT ( 'NONE',  ( -49.99999999999998579, 3.000000000000000000, -51.64999999999993463 ) ) ;
#225 = DIRECTION ( 'NONE',  ( -0.000000000000000000, 1.000000000000000000, -0.000000000000000000 ) ) ;
#226 = ORIENTED_EDGE ( 'NONE', *, *, #409, .F. ) ;
#227 = AXIS2_PLACEMENT_3D ( 'NONE', #805, #2510, #2250 ) ;
#228 = CARTESIAN_POINT ( 'NONE',  ( -49.99999999999998579, 3.000000000000001332, 49.99999999999991473 ) ) ;
#229 = PRESENTATION_STYLE_ASSIGNMENT (( #1509 ) ) ;
#230 = CIRCLE ( 'NONE', #459, 80.00000000000004263 ) ;
#231 = ORIENTED_EDGE ( 'NONE', *, *, #162, .F. ) ;
#232 = CARTESIAN_POINT ( 'NONE',  ( 49.99999999999998579, 0.000000000000000000, 51.64999999999991331 ) ) ;
#233 = COLOUR_RGB ( '',1.000000000000000000, 1.000000000000000000, 1.000000000000000000 ) ;
#234 = AXIS2_PLACEMENT_3D ( 'NONE', #734, #552, #314 ) ;
#235 = CIRCLE ( 'NONE', #596, 9.999999999999994671 ) ;
#236 = SURFACE_SIDE_STYLE ('',( #448 ) ) ;
#237 = EDGE_CURVE ( 'NONE', #1932, #719, #2558, .T. ) ;
#238 = DIRECTION ( 'NONE',  ( 0.000000000000000000, 0.000000000000000000, 1.000000000000000000 ) ) ;
#239 = CIRCLE ( 'NONE', #2243, 1.649999999999998579 ) ;
#240 = CIRCLE ( 'NONE', #289, 1.650000000000012568 ) ;
#241 = VERTEX_POINT ( 'NONE', #648 ) ;
#242 = DIRECTION ( 'NONE',  ( -0.000000000000000000, 1.000000000000000000, -0.000000000000000000 ) ) ;
#243 = FACE_BOUND ( 'NONE', #2444, .T. ) ;
#244 = SURFACE_STYLE_FILL_AREA ( #704 ) ;
#245 = LINE ( 'NONE', #671, #1698 ) ;
#246 = VERTEX_POINT ( 'NONE', #2167 ) ;
#247 = CARTESIAN_POINT ( 'NONE',  ( 49.99999999999998579, 0.000000000000000000, -51.64999999999994174 ) ) ;
#248 = CARTESIAN_POINT ( 'NONE',  ( 150.0000000000010516, 3.000000000000001332, 151.6499999999998920 ) ) ;
#249 = VERTEX_POINT ( 'NONE', #688 ) ;
#250 = EDGE_CURVE ( 'NONE', #2411, #2407, #954, .T. ) ;
#251 = VERTEX_POINT ( 'NONE', #1280 ) ;
#252 = PLANE ( 'NONE',  #1040 ) ;
#253 = DIRECTION ( 'NONE',  ( 0.000000000000000000, -1.000000000000000000, 0.000000000000000000 ) ) ;
#254 = DIRECTION ( 'NONE',  ( -0.000000000000000000, 1.000000000000000000, -0.000000000000000000 ) ) ;
#255 = CARTESIAN_POINT ( 'NONE',  ( 174.9999999999999147, 3.000000000000001776, -179.2999999999999545 ) ) ;
#256 = EDGE_CURVE ( 'NONE', #363, #257, #41, .T. ) ;
#257 = VERTEX_POINT ( 'NONE', #2348 ) ;
#258 = CARTESIAN_POINT ( 'NONE',  ( -175.0000000000000853, 3.000000000000000000, -174.9999999999999716 ) ) ;
#259 = CARTESIAN_POINT ( 'NONE',  ( -149.9999999999989484, 0.000000000000000000, 150.0000000000006253 ) ) ;
#260 = VERTEX_POINT ( 'NONE', #2774 ) ;
#261 = AXIS2_PLACEMENT_3D ( 'NONE', #537, #1199, #735 ) ;
#262 = FACE_OUTER_BOUND ( 'NONE', #1147, .T. ) ;
#263 = VERTEX_POINT ( 'NONE', #441 ) ;
#264 = DIRECTION ( 'NONE',  ( 0.000000000000000000, 0.000000000000000000, 1.000000000000000000 ) ) ;
#265 = PLANE ( 'NONE',  #77 ) ;
#266 =( LENGTH_UNIT ( ) NAMED_UNIT ( * ) SI_UNIT ( .MILLI., .METRE. ) );
#267 = ADVANCED_FACE ( 'NONE', ( #1942 ), #18, .F. ) ;
#268 = CARTESIAN_POINT ( 'NONE',  ( -175.0000000000000853, 0.9500000000000038414, 175.0000000000000284 ) ) ;
#269 = AXIS2_PLACEMENT_3D ( 'NONE', #1022, #814, #800 ) ;
#270 = UNCERTAINTY_MEASURE_WITH_UNIT (LENGTH_MEASURE( 1.000000000000000082E-05 ), #626, 'distance_accuracy_value', 'NONE');
#271 = ORIENTED_EDGE ( 'NONE', *, *, #2351, .F. ) ;
#272 = AXIS2_PLACEMENT_3D ( 'NONE', #1672, #355, #368 ) ;
#273 = ADVANCED_FACE ( 'NONE', ( #1910 ), #1113, .T. ) ;
#274 = DIRECTION ( 'NONE',  ( -0.000000000000000000, 1.000000000000000000, -0.000000000000000000 ) ) ;
#275 = CARTESIAN_POINT ( 'NONE',  ( 49.99999999999998579, 3.000000000000001332, -51.64999999999992752 ) ) ;
#276 = ORIENTED_EDGE ( 'NONE', *, *, #1014, .F. ) ;
#277 = DIRECTION ( 'NONE',  ( 0.000000000000000000, 0.000000000000000000, 1.000000000000000000 ) ) ;
#278 = VECTOR ( 'NONE', #1306, 1000.000000000000000 ) ;
#279 = FACE_BOUND ( 'NONE', #2266, .T. ) ;
#280 = CIRCLE ( 'NONE', #1669, 1.649999999999984812 ) ;
#281 = AXIS2_PLACEMENT_3D ( 'NONE', #367, #1454, #2052 ) ;
#282 = ORIENTED_EDGE ( 'NONE', *, *, #572, .F. ) ;
#283 = CYLINDRICAL_SURFACE ( 'NONE', #1139, 1.649999999999984812 ) ;
#284 = DIRECTION ( 'NONE',  ( -0.000000000000000000, 1.000000000000000000, -0.000000000000000000 ) ) ;
#285 = AXIS2_PLACEMENT_3D ( 'NONE', #1429, #2053, #745 ) ;
#286 = COLOUR_RGB ( '',1.000000000000000000, 1.000000000000000000, 1.000000000000000000 ) ;
#287 = CARTESIAN_POINT ( 'NONE',  ( 149.9999999999996589, 3.000000000000001332, -149.9999999999999432 ) ) ;
#288 = ORIENTED_EDGE ( 'NONE', *, *, #2143, .T. ) ;
#289 = AXIS2_PLACEMENT_3D ( 'NONE', #1422, #769, #2637 ) ;
#290 = EDGE_LOOP ( 'NONE', ( #2238, #2207, #1102, #1650 ) ) ;
#291 = CARTESIAN_POINT ( 'NONE',  ( 49.99999999999965183, 0.000000000000000000, -148.3499999999999375 ) ) ;
#292 = ADVANCED_FACE ( 'NONE', ( #1515 ), #252, .F. ) ;
#293 = ORIENTED_EDGE ( 'NONE', *, *, #2488, .F. ) ;
#294 = DIRECTION ( 'NONE',  ( 0.000000000000000000, 0.000000000000000000, 1.000000000000000000 ) ) ;
#295 = VERTEX_POINT ( 'NONE', #2549 ) ;
#296 = FILL_AREA_STYLE_COLOUR ( '', #2371 ) ;
#297 = PLANE ( 'NONE',  #893 ) ;
#298 = CARTESIAN_POINT ( 'NONE',  ( -175.0000000000000853, 3.000000000000001776, -170.6999999999999602 ) ) ;
#299 = DIRECTION ( 'NONE',  ( -0.000000000000000000, 1.000000000000000000, 0.000000000000000000 ) ) ;
#300 = UNCERTAINTY_MEASURE_WITH_UNIT (LENGTH_MEASURE( 1.000000000000000082E-05 ), #960, 'distance_accuracy_value', 'NONE');
#301 = ORIENTED_EDGE ( 'NONE', *, *, #2340, .F. ) ;
#302 = ORIENTED_EDGE ( 'NONE', *, *, #311, .T. ) ;
#303 = FILL_AREA_STYLE ('',( #1608 ) ) ;
#304 = AXIS2_PLACEMENT_3D ( 'NONE', #287, #1771, #1129 ) ;
#305 = FILL_AREA_STYLE_COLOUR ( '', #1095 ) ;
#306 = ORIENTED_EDGE ( 'NONE', *, *, #2200, .F. ) ;
#307 = DIRECTION ( 'NONE',  ( -0.000000000000000000, 1.000000000000000000, -0.000000000000000000 ) ) ;
#308 = AXIS2_PLACEMENT_3D ( 'NONE', #1356, #284, #2359 ) ;
#309 = EDGE_CURVE ( 'NONE', #96, #473, #186, .T. ) ;
#310 = SURFACE_SIDE_STYLE ('',( #1179 ) ) ;
#311 = EDGE_CURVE ( 'NONE', #96, #1265, #2121, .T. ) ;
#312 = VECTOR ( 'NONE', #2471, 1000.000000000000000 ) ;
#313 = ORIENTED_EDGE ( 'NONE', *, *, #1435, .F. ) ;
#314 = DIRECTION ( 'NONE',  ( 0.000000000000000000, 0.000000000000000000, 1.000000000000000000 ) ) ;
#315 = DIRECTION ( 'NONE',  ( 0.000000000000000000, 0.000000000000000000, -1.000000000000000000 ) ) ;
#316 = DIRECTION ( 'NONE',  ( 0.000000000000000000, 0.000000000000000000, 1.000000000000000000 ) ) ;
#317 = DIRECTION ( 'NONE',  ( -0.000000000000000000, 1.000000000000000000, -0.000000000000000000 ) ) ;
#318 = ORIENTED_EDGE ( 'NONE', *, *, #1132, .T. ) ;
#319 = CIRCLE ( 'NONE', #308, 2.250000000000001776 ) ;
#320 = CARTESIAN_POINT ( 'NONE',  ( 252.4999999999999432, 3.000000000000000000, -172.5000000000000000 ) ) ;
#321 = CYLINDRICAL_SURFACE ( 'NONE', #1897, 1.649999999999984812 ) ;
#322 = EDGE_LOOP ( 'NONE', ( #1194, #1373, #2372, #1276 ) ) ;
#323 = FACE_OUTER_BOUND ( 'NONE', #1530, .T. ) ;
#324 = DIRECTION ( 'NONE',  ( -0.000000000000000000, -1.000000000000000000, 0.000000000000000000 ) ) ;
#325 = AXIS2_PLACEMENT_3D ( 'NONE', #1607, #1432, #2267 ) ;
#326 = ORIENTED_EDGE ( 'NONE', *, *, #811, .T. ) ;
#327 = CIRCLE ( 'NONE', #373, 1.649999999999984812 ) ;
#328 = EDGE_CURVE ( 'NONE', #1854, #2007, #2685, .T. ) ;
#329 = CARTESIAN_POINT ( 'NONE',  ( 172.5000000000000000, 3.000000000000000000, -252.5000000000000568 ) ) ;
#330 = DIRECTION ( 'NONE',  ( 0.000000000000000000, 0.000000000000000000, 1.000000000000000000 ) ) ;
#331 = VECTOR ( 'NONE', #1618, 1000.000000000000000 ) ;
#332 = UNCERTAINTY_MEASURE_WITH_UNIT (LENGTH_MEASURE( 1.000000000000000082E-05 ), #1288, 'distance_accuracy_value', 'NONE');
#333 = ORIENTED_EDGE ( 'NONE', *, *, #1488, .T. ) ;
#334 = EDGE_LOOP ( 'NONE', ( #878, #2020, #1345, #591, #1036, #2607, #1117, #154, #1395, #1241, #2740, #812, #1332, #2192, #2381, #1354 ) ) ;
#335 = AXIS2_PLACEMENT_3D ( 'NONE', #1195, #2272, #1664 ) ;
#336 = AXIS2_PLACEMENT_3D ( 'NONE', #1991, #711, #490 ) ;
#337 = DIRECTION ( 'NONE',  ( -0.000000000000000000, 1.000000000000000000, -0.000000000000000000 ) ) ;
#338 =( NAMED_UNIT ( * ) SI_UNIT ( $, .STERADIAN. ) SOLID_ANGLE_UNIT ( ) );
#339 = MECHANICAL_DESIGN_GEOMETRIC_PRESENTATION_REPRESENTATION (  '', ( #2743 ), #425 ) ;
#340 = VERTEX_POINT ( 'NONE', #1926 ) ;
#341 = CARTESIAN_POINT ( 'NONE',  ( -252.5000000000000000, 3.000000000000000000, -87.00207538209707536 ) ) ;
#342 = CARTESIAN_POINT ( 'NONE',  ( 49.99999999999965183, 0.000000000000000000, -149.9999999999999432 ) ) ;
#343 = FILL_AREA_STYLE_COLOUR ( '', #2739 ) ;
#344 = SURFACE_SIDE_STYLE ('',( #2629 ) ) ;
#345 = DIRECTION ( 'NONE',  ( 0.000000000000000000, 0.000000000000000000, 1.000000000000000000 ) ) ;
#346 = FILL_AREA_STYLE ('',( #165 ) ) ;
#347 = EDGE_CURVE ( 'NONE', #1900, #158, #1729, .T. ) ;
#348 = ORIENTED_EDGE ( 'NONE', *, *, #2503, .T. ) ;
#349 = VERTEX_POINT ( 'NONE', #702 ) ;
#350 = FACE_BOUND ( 'NONE', #2610, .T. ) ;
#351 = SURFACE_SIDE_STYLE ('',( #2050 ) ) ;
#352 = AXIS2_PLACEMENT_3D ( 'NONE', #1968, #2602, #2012 ) ;
#353 = DIRECTION ( 'NONE',  ( 1.000000000000000000, 0.000000000000000000, 0.000000000000000000 ) ) ;
#354 = DIRECTION ( 'NONE',  ( 0.000000000000000000, 0.000000000000000000, 1.000000000000000000 ) ) ;
#355 = DIRECTION ( 'NONE',  ( -0.000000000000000000, 1.000000000000000000, -0.000000000000000000 ) ) ;
#356 = UNCERTAINTY_MEASURE_WITH_UNIT (LENGTH_MEASURE( 1.000000000000000082E-05 ), #1221, 'distance_accuracy_value', 'NONE');
#357 = ORIENTED_EDGE ( 'NONE', *, *, #431, .T. ) ;
#358 = CARTESIAN_POINT ( 'NONE',  ( 50.00000000000103029, 3.000000000000001332, 148.3499999999999375 ) ) ;
#359 = ADVANCED_FACE ( 'NONE', ( #2389 ), #51, .F. ) ;
#360 = DIRECTION ( 'NONE',  ( -0.000000000000000000, 1.000000000000000000, -0.000000000000000000 ) ) ;
#361 = VECTOR ( 'NONE', #637, 1000.000000000000000 ) ;
#362 = AXIS2_PLACEMENT_3D ( 'NONE', #406, #1260, #1483 ) ;
#363 = VERTEX_POINT ( 'NONE', #1955 ) ;
#364 = EDGE_CURVE ( 'NONE', #1954, #260, #1531, .T. ) ;
#365 = CARTESIAN_POINT ( 'NONE',  ( -175.0000000000000853, 3.000000000000000000, -172.7499999999999716 ) ) ;
#366 = CARTESIAN_POINT ( 'NONE',  ( -182.5000000000000568, 0.000000000000000000, -47.52000821926893792 ) ) ;
#367 = CARTESIAN_POINT ( 'NONE',  ( 49.99999999999998579, 3.000000000000001332, -49.99999999999994316 ) ) ;
#368 = DIRECTION ( 'NONE',  ( 0.000000000000000000, 0.000000000000000000, 1.000000000000000000 ) ) ;
#369 = VECTOR ( 'NONE', #2668, 1000.000000000000000 ) ;
#370 = ORIENTED_EDGE ( 'NONE', *, *, #309, .T. ) ;
#371 = CARTESIAN_POINT ( 'NONE',  ( -149.9999999999989484, 0.000000000000000000, 150.0000000000006253 ) ) ;
#372 = DIRECTION ( 'NONE',  ( -0.000000000000000000, 1.000000000000000000, 0.000000000000000000 ) ) ;
#373 = AXIS2_PLACEMENT_3D ( 'NONE', #1896, #2759, #609 ) ;
#374 = CIRCLE ( 'NONE', #10, 1.649999999999998579 ) ;
#375 = PRESENTATION_LAYER_ASSIGNMENT (  '', '', ( #557 ) ) ;
#376 = ORIENTED_EDGE ( 'NONE', *, *, #115, .F. ) ;
#377 =( LENGTH_UNIT ( ) NAMED_UNIT ( * ) SI_UNIT ( .MILLI., .METRE. ) );
#378 = AXIS2_PLACEMENT_3D ( 'NONE', #1107, #274, #1901 ) ;
#379 = AXIS2_PLACEMENT_3D ( 'NONE', #2345, #1322, #437 ) ;
#380 = SURFACE_STYLE_USAGE ( .BOTH. , #641 ) ;
#381 = EDGE_CURVE ( 'NONE', #1584, #2642, #11, .T. ) ;
#382 = ORIENTED_EDGE ( 'NONE', *, *, #554, .F. ) ;
#383 = VECTOR ( 'NONE', #934, 999.9999999999998863 ) ;
#384 =( NAMED_UNIT ( * ) SI_UNIT ( $, .STERADIAN. ) SOLID_ANGLE_UNIT ( ) );
#385 = CYLINDRICAL_SURFACE ( 'NONE', #227, 1.649999999999984812 ) ;
#386 = VERTEX_POINT ( 'NONE', #1965 ) ;
#387 = DIRECTION ( 'NONE',  ( -1.609018876268343055E-16, -0.000000000000000000, -1.000000000000000000 ) ) ;
#388 = LINE ( 'NONE', #848, #780 ) ;
#389 = FACE_OUTER_BOUND ( 'NONE', #1502, .T. ) ;
#390 = ORIENTED_EDGE ( 'NONE', *, *, #811, .F. ) ;
#391 = FILL_AREA_STYLE ('',( #2490 ) ) ;
#392 = LINE ( 'NONE', #1012, #1427 ) ;
#393 = ORIENTED_EDGE ( 'NONE', *, *, #2406, .T. ) ;
#394 = CARTESIAN_POINT ( 'NONE',  ( 150.0000000000000000, 3.000000000000000000, 49.99999999999991473 ) ) ;
#395 = ADVANCED_FACE ( 'NONE', ( #915 ), #2600, .F. ) ;
#396 = FILL_AREA_STYLE ('',( #817 ) ) ;
#397 = ADVANCED_FACE ( 'NONE', ( #1071 ), #2227, .F. ) ;
#398 = CARTESIAN_POINT ( 'NONE',  ( -189.0797985667433920, 3.000000000000000000, -56.91693442712803375 ) ) ;
#399 = EDGE_LOOP ( 'NONE', ( #2129, #302, #1696, #1169 ) ) ;
#400 = DIRECTION ( 'NONE',  ( -0.000000000000000000, 1.000000000000000000, -0.000000000000000000 ) ) ;
#401 = CARTESIAN_POINT ( 'NONE',  ( -150.0000000000000000, 3.000000000000001332, 50.00000000000061107 ) ) ;
#402 = STYLED_ITEM ( 'NONE', ( #1244 ), #1872 ) ;
#403 = ORIENTED_EDGE ( 'NONE', *, *, #2698, .T. ) ;
#404 = AXIS2_PLACEMENT_3D ( 'NONE', #1114, #30, #1341 ) ;
#405 = CARTESIAN_POINT ( 'NONE',  ( -150.0000000000000000, 0.000000000000000000, 51.65000000000059543 ) ) ;
#406 = CARTESIAN_POINT ( 'NONE',  ( -175.0000000000000853, 0.9500000000000038414, 175.0000000000000284 ) ) ;
#407 = ORIENTED_EDGE ( 'NONE', *, *, #364, .T. ) ;
#408 = CYLINDRICAL_SURFACE ( 'NONE', #1789, 1.649999999999984812 ) ;
#409 = EDGE_CURVE ( 'NONE', #1448, #2101, #2543, .T. ) ;
#410 = ORIENTED_EDGE ( 'NONE', *, *, #2547, .T. ) ;
#411 = DIRECTION ( 'NONE',  ( 0.000000000000000000, 0.000000000000000000, -1.000000000000000000 ) ) ;
#412 = DIRECTION ( 'NONE',  ( 0.000000000000000000, 0.000000000000000000, -1.000000000000000000 ) ) ;
#413 = MECHANICAL_DESIGN_GEOMETRIC_PRESENTATION_REPRESENTATION (  '', ( #2185 ), #802 ) ;
#414 = AXIS2_PLACEMENT_3D ( 'NONE', #259, #1746, #2606 ) ;
#415 = DIRECTION ( 'NONE',  ( -0.000000000000000000, 1.000000000000000000, -0.000000000000000000 ) ) ;
#416 = VERTEX_POINT ( 'NONE', #126 ) ;
#417 = STYLED_ITEM ( 'NONE', ( #2646 ), #1790 ) ;
#418 = DIRECTION ( 'NONE',  ( 0.000000000000000000, 0.000000000000000000, 1.000000000000000000 ) ) ;
#419 = PLANE ( 'NONE',  #479 ) ;
#420 = CIRCLE ( 'NONE', #1138, 80.00000000000001421 ) ;
#421 = STYLED_ITEM ( 'NONE', ( #617 ), #465 ) ;
#422 = ORIENTED_EDGE ( 'NONE', *, *, #1840, .T. ) ;
#423 = VECTOR ( 'NONE', #307, 1000.000000000000000 ) ;
#424 = AXIS2_PLACEMENT_3D ( 'NONE', #2527, #2582, #1512 ) ;
#425 =( GEOMETRIC_REPRESENTATION_CONTEXT ( 3 ) GLOBAL_UNCERTAINTY_ASSIGNED_CONTEXT ( ( #1969 ) ) GLOBAL_UNIT_ASSIGNED_CONTEXT ( ( #921, #1192, #1625 ) ) REPRESENTATION_CONTEXT ( 'NONE', 'WORKASPACE' ) );
#426 = AXIS2_PLACEMENT_3D ( 'NONE', #1937, #24, #461 ) ;
#427 =( NAMED_UNIT ( * ) PLANE_ANGLE_UNIT ( ) SI_UNIT ( $, .RADIAN. ) );
#428 = CARTESIAN_POINT ( 'NONE',  ( 150.0000000000000000, 3.000000000000000000, 49.99999999999991473 ) ) ;
#429 = ORIENTED_EDGE ( 'NONE', *, *, #568, .T. ) ;
#430 = DIRECTION ( 'NONE',  ( -0.000000000000000000, 1.000000000000000000, -0.000000000000000000 ) ) ;
#431 = EDGE_CURVE ( 'NONE', #2184, #2301, #1670, .T. ) ;
#432 = SURFACE_SIDE_STYLE ('',( #2339 ) ) ;
#433 = ORIENTED_EDGE ( 'NONE', *, *, #905, .T. ) ;
#434 = EDGE_CURVE ( 'NONE', #937, #1055, #2416, .T. ) ;
#435 = CARTESIAN_POINT ( 'NONE',  ( 150.0000000000010516, 3.000000000000000000, 148.3499999999999375 ) ) ;
#436 = ORIENTED_EDGE ( 'NONE', *, *, #48, .T. ) ;
#437 = DIRECTION ( 'NONE',  ( 0.000000000000000000, 0.000000000000000000, 1.000000000000000000 ) ) ;
#438 = AXIS2_PLACEMENT_3D ( 'NONE', #2169, #2155, #1086 ) ;
#439 = SURFACE_STYLE_FILL_AREA ( #1501 ) ;
#440 = ORIENTED_EDGE ( 'NONE', *, *, #2406, .F. ) ;
#441 = CARTESIAN_POINT ( 'NONE',  ( -252.4999999999999432, 3.000000000000000000, 87.00207538209714642 ) ) ;
#442 = DIRECTION ( 'NONE',  ( 0.000000000000000000, 0.000000000000000000, 1.000000000000000000 ) ) ;
#443 = ORIENTED_EDGE ( 'NONE', *, *, #942, .T. ) ;
#444 = DIRECTION ( 'NONE',  ( -0.000000000000000000, 1.000000000000000000, -0.000000000000000000 ) ) ;
#445 = DIRECTION ( 'NONE',  ( -0.000000000000000000, 1.000000000000000000, -0.000000000000000000 ) ) ;
#446 = ADVANCED_FACE ( 'NONE', ( #1355 ), #283, .F. ) ;
#447 = EDGE_LOOP ( 'NONE', ( #2511, #914 ) ) ;
#448 = SURFACE_STYLE_FILL_AREA ( #2355 ) ;
#449 = ORIENTED_EDGE ( 'NONE', *, *, #1710, .T. ) ;
#450 = DIRECTION ( 'NONE',  ( -1.000000000000000000, -0.000000000000000000, -0.000000000000000000 ) ) ;
#451 = DIRECTION ( 'NONE',  ( 0.000000000000000000, 1.000000000000000000, 0.000000000000000000 ) ) ;
#452 = FILL_AREA_STYLE_COLOUR ( '', #103 ) ;
#453 = DIRECTION ( 'NONE',  ( 0.000000000000000000, 0.000000000000000000, 1.000000000000000000 ) ) ;
#454 = STYLED_ITEM ( 'NONE', ( #149 ), #2482 ) ;
#455 = ORIENTED_EDGE ( 'NONE', *, *, #1103, .F. ) ;
#456 = LINE ( 'NONE', #2764, #1417 ) ;
#457 = SURFACE_SIDE_STYLE ('',( #1917 ) ) ;
#458 = CIRCLE ( 'NONE', #639, 10.00000000000000178 ) ;
#459 = AXIS2_PLACEMENT_3D ( 'NONE', #1315, #1522, #2160 ) ;
#460 = EDGE_LOOP ( 'NONE', ( #2604, #608, #852, #173 ) ) ;
#461 = DIRECTION ( 'NONE',  ( 0.000000000000000000, 0.000000000000000000, 1.000000000000000000 ) ) ;
#462 = AXIS2_PLACEMENT_3D ( 'NONE', #1769, #898, #1752 ) ;
#463 = ADVANCED_FACE ( 'NONE', ( #1415 ), #976, .F. ) ;
#464 = STYLED_ITEM ( 'NONE', ( #2428 ), #2596 ) ;
#465 = ADVANCED_FACE ( 'NONE', ( #1828 ), #1617, .F. ) ;
#466 = AXIS2_PLACEMENT_3D ( 'NONE', #2462, #1785, #85 ) ;
#467 = VERTEX_POINT ( 'NONE', #832 ) ;
#468 = CARTESIAN_POINT ( 'NONE',  ( 50.00000000000103029, 0.000000000000000000, 149.9999999999999147 ) ) ;
#469 = FACE_BOUND ( 'NONE', #2766, .T. ) ;
#470 = STYLED_ITEM ( 'NONE', ( #1294 ), #1116 ) ;
#471 = CARTESIAN_POINT ( 'NONE',  ( -50.00000000000032685, 0.000000000000000000, -149.9999999999999432 ) ) ;
#472 = UNCERTAINTY_MEASURE_WITH_UNIT (LENGTH_MEASURE( 1.000000000000000082E-05 ), #504, 'distance_accuracy_value', 'NONE');
#473 = VERTEX_POINT ( 'NONE', #2696 ) ;
#474 = CARTESIAN_POINT ( 'NONE',  ( -182.5000000000000568, 0.000000000000000000, -47.52000821926893082 ) ) ;
#475 = SURFACE_STYLE_USAGE ( .BOTH. , #1566 ) ;
#476 = ORIENTED_EDGE ( 'NONE', *, *, #2320, .F. ) ;
#477 = EDGE_CURVE ( 'NONE', #340, #2495, #732, .T. ) ;
#478 = AXIS2_PLACEMENT_3D ( 'NONE', #1927, #1084, #1516 ) ;
#479 = AXIS2_PLACEMENT_3D ( 'NONE', #1850, #1034, #1860 ) ;
#480 = EDGE_LOOP ( 'NONE', ( #2537, #2650 ) ) ;
#481 = EDGE_CURVE ( 'NONE', #467, #1184, #1226, .T. ) ;
#482 = CARTESIAN_POINT ( 'NONE',  ( 149.9999999999996589, 0.000000000000000000, -149.9999999999999432 ) ) ;
#483 = CARTESIAN_POINT ( 'NONE',  ( -172.5000000000000000, 0.000000000000000000, -172.5000000000000000 ) ) ;
#484 = DIRECTION ( 'NONE',  ( 0.000000000000000000, 1.000000000000000000, -0.000000000000000000 ) ) ;
#485 = ORIENTED_EDGE ( 'NONE', *, *, #924, .T. ) ;
#486 = DIRECTION ( 'NONE',  ( -0.000000000000000000, -1.000000000000000000, -0.000000000000000000 ) ) ;
#487 = CARTESIAN_POINT ( 'NONE',  ( -50.00000000000032685, 3.000000000000000000, -149.9999999999999432 ) ) ;
#488 = AXIS2_PLACEMENT_3D ( 'NONE', #268, #2405, #2437 ) ;
#489 = ORIENTED_EDGE ( 'NONE', *, *, #1613, .T. ) ;
#490 = DIRECTION ( 'NONE',  ( 0.000000000000000000, 0.000000000000000000, 1.000000000000000000 ) ) ;
#491 = DIRECTION ( 'NONE',  ( 0.000000000000000000, 0.000000000000000000, 1.000000000000000000 ) ) ;
#492 = ORIENTED_EDGE ( 'NONE', *, *, #1263, .F. ) ;
#493 = DIRECTION ( 'NONE',  ( -0.000000000000000000, -1.000000000000000000, 0.000000000000000000 ) ) ;
#494 = DIRECTION ( 'NONE',  ( -0.000000000000000000, -1.000000000000000000, -0.000000000000000000 ) ) ;
#495 = DIRECTION ( 'NONE',  ( -0.000000000000000000, 1.000000000000000000, -0.000000000000000000 ) ) ;
#496 = CARTESIAN_POINT ( 'NONE',  ( 174.9999999999999147, 4.336808689942017736E-16, -172.7499999999999716 ) ) ;
#497 = ADVANCED_FACE ( 'NONE', ( #1671 ), #804, .F. ) ;
#498 = STYLED_ITEM ( 'NONE', ( #2264 ), #2166 ) ;
#499 = UNCERTAINTY_MEASURE_WITH_UNIT (LENGTH_MEASURE( 1.000000000000000082E-05 ), #1694, 'distance_accuracy_value', 'NONE');
#500 = VERTEX_POINT ( 'NONE', #2470 ) ;
#501 = EDGE_LOOP ( 'NONE', ( #1376, #709, #2634, #1915 ) ) ;
#502 = FILL_AREA_STYLE ('',( #305 ) ) ;
#503 = ORIENTED_EDGE ( 'NONE', *, *, #1476, .F. ) ;
#504 =( LENGTH_UNIT ( ) NAMED_UNIT ( * ) SI_UNIT ( .MILLI., .METRE. ) );
#505 = MECHANICAL_DESIGN_GEOMETRIC_PRESENTATION_REPRESENTATION (  '', ( #417 ), #3 ) ;
#506 = AXIS2_PLACEMENT_3D ( 'NONE', #1490, #634, #411 ) ;
#507 = AXIS2_PLACEMENT_3D ( 'NONE', #1246, #1011, #1462 ) ;
#508 = ORIENTED_EDGE ( 'NONE', *, *, #2334, .T. ) ;
#509 = DIRECTION ( 'NONE',  ( -0.000000000000000000, 1.000000000000000000, -0.000000000000000000 ) ) ;
#510 = VECTOR ( 'NONE', #770, 1000.000000000000000 ) ;
#511 = AXIS2_PLACEMENT_3D ( 'NONE', #1123, #684, #38 ) ;
#512 = VERTEX_POINT ( 'NONE', #2305 ) ;
#513 = EDGE_LOOP ( 'NONE', ( #1833, #1259, #326, #1172 ) ) ;
#514 = SURFACE_SIDE_STYLE ('',( #1096 ) ) ;
#515 = ADVANCED_FACE ( 'NONE', ( #2091 ), #2745, .T. ) ;
#516 = ORIENTED_EDGE ( 'NONE', *, *, #1945, .T. ) ;
#517 = EDGE_CURVE ( 'NONE', #1253, #1052, #2262, .T. ) ;
#518 = DIRECTION ( 'NONE',  ( -0.000000000000000000, 1.000000000000000000, -0.000000000000000000 ) ) ;
#519 = ORIENTED_EDGE ( 'NONE', *, *, #1219, .T. ) ;
#520 = DIRECTION ( 'NONE',  ( -0.000000000000000000, 1.000000000000000000, -0.000000000000000000 ) ) ;
#521 = FACE_OUTER_BOUND ( 'NONE', #290, .T. ) ;
#522 = CARTESIAN_POINT ( 'NONE',  ( 150.0000000000000000, 0.000000000000000000, -48.34999999999995879 ) ) ;
#523 = SURFACE_STYLE_FILL_AREA ( #1783 ) ;
#524 = ORIENTED_EDGE ( 'NONE', *, *, #409, .T. ) ;
#525 = FILL_AREA_STYLE ('',( #2635 ) ) ;
#526 = PRESENTATION_LAYER_ASSIGNMENT (  '', '', ( #2123 ) ) ;
#527 = DIRECTION ( 'NONE',  ( 0.000000000000000000, 0.000000000000000000, 1.000000000000000000 ) ) ;
#528 = FACE_OUTER_BOUND ( 'NONE', #1725, .T. ) ;
#529 = ADVANCED_FACE ( 'NONE', ( #2724 ), #178, .F. ) ;
#530 = ORIENTED_EDGE ( 'NONE', *, *, #2576, .F. ) ;
#531 = VECTOR ( 'NONE', #1423, 1000.000000000000000 ) ;
#532 = FILL_AREA_STYLE_COLOUR ( '', #2542 ) ;
#533 = EDGE_CURVE ( 'NONE', #1220, #2423, #597, .T. ) ;
#534 = CARTESIAN_POINT ( 'NONE',  ( 49.99999999999998579, 3.000000000000001332, 49.99999999999991473 ) ) ;
#535 =( GEOMETRIC_REPRESENTATION_CONTEXT ( 3 ) GLOBAL_UNCERTAINTY_ASSIGNED_CONTEXT ( ( #1344 ) ) GLOBAL_UNIT_ASSIGNED_CONTEXT ( ( #631, #1487, #2331 ) ) REPRESENTATION_CONTEXT ( 'NONE', 'WORKASPACE' ) );
#536 = ORIENTED_EDGE ( 'NONE', *, *, #2498, .T. ) ;
#537 = CARTESIAN_POINT ( 'NONE',  ( -175.0000000000000853, 3.000000000000001776, -174.9999999999999716 ) ) ;
#538 = DIRECTION ( 'NONE',  ( 1.000000000000000000, 0.000000000000000000, 0.000000000000000000 ) ) ;
#539 = DIRECTION ( 'NONE',  ( 0.000000000000000000, 0.7071067811865479058, 0.7071067811865472397 ) ) ;
#540 = ORIENTED_EDGE ( 'NONE', *, *, #1576, .F. ) ;
#541 = FACE_OUTER_BOUND ( 'NONE', #2306, .T. ) ;
#542 =( LENGTH_UNIT ( ) NAMED_UNIT ( * ) SI_UNIT ( .MILLI., .METRE. ) );
#543 = LINE ( 'NONE', #1599, #2671 ) ;
#544 = ORIENTED_EDGE ( 'NONE', *, *, #130, .F. ) ;
#545 = AXIS2_PLACEMENT_3D ( 'NONE', #159, #2284, #2765 ) ;
#546 = LINE ( 'NONE', #71, #1673 ) ;
#547 = CARTESIAN_POINT ( 'NONE',  ( -252.5000000000000000, 3.000000000000000000, -172.5000000000000000 ) ) ;
#548 = DIRECTION ( 'NONE',  ( -0.000000000000000000, 1.000000000000000000, -0.000000000000000000 ) ) ;
#549 = ADVANCED_FACE ( 'NONE', ( #654 ), #49, .F. ) ;
#550 = VERTEX_POINT ( 'NONE', #207 ) ;
#551 = AXIS2_PLACEMENT_3D ( 'NONE', #482, #668, #222 ) ;
#552 = DIRECTION ( 'NONE',  ( -0.000000000000000000, 1.000000000000000000, -0.000000000000000000 ) ) ;
#553 = CARTESIAN_POINT ( 'NONE',  ( -50.00000000000032685, 3.000000000000001332, -149.9999999999999432 ) ) ;
#554 = EDGE_CURVE ( 'NONE', #1184, #550, #2198, .T. ) ;
#555 = DIRECTION ( 'NONE',  ( -0.000000000000000000, 1.000000000000000000, -0.000000000000000000 ) ) ;
#556 = MECHANICAL_DESIGN_GEOMETRIC_PRESENTATION_REPRESENTATION (  '', ( #1492 ), #2421 ) ;
#557 = STYLED_ITEM ( 'NONE', ( #928 ), #463 ) ;
#558 = UNCERTAINTY_MEASURE_WITH_UNIT (LENGTH_MEASURE( 1.000000000000000082E-05 ), #1073, 'distance_accuracy_value', 'NONE');
#559 = VERTEX_POINT ( 'NONE', #2544 ) ;
#560 = ORIENTED_EDGE ( 'NONE', *, *, #1598, .F. ) ;
#561 = MECHANICAL_DESIGN_GEOMETRIC_PRESENTATION_REPRESENTATION (  '', ( #2106 ), #1316 ) ;
#562 = SURFACE_SIDE_STYLE ('',( #950 ) ) ;
#563 = AXIS2_PLACEMENT_3D ( 'NONE', #1118, #2352, #1733 ) ;
#564 = STYLED_ITEM ( 'NONE', ( #645 ), #806 ) ;
#565 = VERTEX_POINT ( 'NONE', #2369 ) ;
#566 = DIRECTION ( 'NONE',  ( -0.000000000000000000, 1.000000000000000000, -0.000000000000000000 ) ) ;
#567 = CARTESIAN_POINT ( 'NONE',  ( -49.99999999999894840, 0.000000000000000000, 148.3499999999999375 ) ) ;
#568 = EDGE_CURVE ( 'NONE', #2257, #1292, #2465, .T. ) ;
#569 =( NAMED_UNIT ( * ) SI_UNIT ( $, .STERADIAN. ) SOLID_ANGLE_UNIT ( ) );
#570 = FACE_OUTER_BOUND ( 'NONE', #701, .T. ) ;
#571 =( NAMED_UNIT ( * ) SI_UNIT ( $, .STERADIAN. ) SOLID_ANGLE_UNIT ( ) );
#572 = EDGE_CURVE ( 'NONE', #1814, #2726, #1271, .T. ) ;
#573 = ORIENTED_EDGE ( 'NONE', *, *, #1362, .T. ) ;
#574 = CARTESIAN_POINT ( 'NONE',  ( -182.5000000000000568, 3.000000000000000000, 47.52000821926898055 ) ) ;
#575 = CARTESIAN_POINT ( 'NONE',  ( -50.00000000000032685, 3.000000000000001332, -151.6499999999999204 ) ) ;
#576 = DIRECTION ( 'NONE',  ( -0.000000000000000000, -1.000000000000000000, -0.000000000000000000 ) ) ;
#577 = EDGE_LOOP ( 'NONE', ( #2501, #1751, #969, #476 ) ) ;
#578 = DIRECTION ( 'NONE',  ( 0.000000000000000000, 0.000000000000000000, 1.000000000000000000 ) ) ;
#579 =( GEOMETRIC_REPRESENTATION_CONTEXT ( 3 ) GLOBAL_UNCERTAINTY_ASSIGNED_CONTEXT ( ( #499 ) ) GLOBAL_UNIT_ASSIGNED_CONTEXT ( ( #1694, #2073, #2487 ) ) REPRESENTATION_CONTEXT ( 'NONE', 'WORKASPACE' ) );
#580 = SURFACE_STYLE_FILL_AREA ( #2479 ) ;
#581 = FILL_AREA_STYLE ('',( #153 ) ) ;
#582 = UNCERTAINTY_MEASURE_WITH_UNIT (LENGTH_MEASURE( 1.000000000000000082E-05 ), #630, 'distance_accuracy_value', 'NONE');
#583 = ORIENTED_EDGE ( 'NONE', *, *, #1840, .F. ) ;
#584 = CARTESIAN_POINT ( 'NONE',  ( 149.9999999999996589, 0.000000000000000000, -151.6499999999999204 ) ) ;
#585 = FACE_OUTER_BOUND ( 'NONE', #1481, .T. ) ;
#586 = ADVANCED_FACE ( 'NONE', ( #2132 ), #219, .F. ) ;
#587 = VERTEX_POINT ( 'NONE', #939 ) ;
#588 = CARTESIAN_POINT ( 'NONE',  ( -252.4999999999999432, 0.000000000000000000, 87.00207538209714642 ) ) ;
#589 = DIRECTION ( 'NONE',  ( -0.000000000000000000, -1.000000000000000000, -0.000000000000000000 ) ) ;
#590 = COLOUR_RGB ( '',1.000000000000000000, 1.000000000000000000, 1.000000000000000000 ) ;
#591 = ORIENTED_EDGE ( 'NONE', *, *, #2457, .T. ) ;
#592 = CARTESIAN_POINT ( 'NONE',  ( -49.99999999999998579, 3.000000000000001332, 51.64999999999989910 ) ) ;
#593 = AXIS2_PLACEMENT_3D ( 'NONE', #2153, #254, #442 ) ;
#594 =( GEOMETRIC_REPRESENTATION_CONTEXT ( 3 ) GLOBAL_UNCERTAINTY_ASSIGNED_CONTEXT ( ( #300 ) ) GLOBAL_UNIT_ASSIGNED_CONTEXT ( ( #960, #1155, #2448 ) ) REPRESENTATION_CONTEXT ( 'NONE', 'WORKASPACE' ) );
#595 = FILL_AREA_STYLE ('',( #822 ) ) ;
#596 = AXIS2_PLACEMENT_3D ( 'NONE', #2673, #772, #1989 ) ;
#597 = CIRCLE ( 'NONE', #511, 4.299999999999998046 ) ;
#598 = CIRCLE ( 'NONE', #193, 2.250000000000001776 ) ;
#599 = EDGE_CURVE ( 'NONE', #59, #1130, #1006, .T. ) ;
#600 = ORIENTED_EDGE ( 'NONE', *, *, #2656, .T. ) ;
#601 = SURFACE_STYLE_USAGE ( .BOTH. , #813 ) ;
#602 = MECHANICAL_DESIGN_GEOMETRIC_PRESENTATION_REPRESENTATION (  '', ( #564 ), #2744 ) ;
#603 = EDGE_CURVE ( 'NONE', #512, #767, #824, .T. ) ;
#604 = ORIENTED_EDGE ( 'NONE', *, *, #95, .T. ) ;
#605 = STYLED_ITEM ( 'NONE', ( #2452 ), #926 ) ;
#606 = SURFACE_STYLE_USAGE ( .BOTH. , #2508 ) ;
#607 = DIRECTION ( 'NONE',  ( 0.000000000000000000, 0.000000000000000000, -1.000000000000000000 ) ) ;
#608 = ORIENTED_EDGE ( 'NONE', *, *, #2695, .F. ) ;
#609 = DIRECTION ( 'NONE',  ( 0.000000000000000000, 0.000000000000000000, 1.000000000000000000 ) ) ;
#610 = DIRECTION ( 'NONE',  ( 0.000000000000000000, 0.000000000000000000, 1.000000000000000000 ) ) ;
#611 = ORIENTED_EDGE ( 'NONE', *, *, #2251, .F. ) ;
#612 = VECTOR ( 'NONE', #2004, 1000.000000000000000 ) ;
#613 = CONICAL_SURFACE ( 'NONE', #698, 4.299999999999998046, 0.7853981633974479459 ) ;
#614 = ORIENTED_EDGE ( 'NONE', *, *, #633, .T. ) ;
#615 = CARTESIAN_POINT ( 'NONE',  ( -149.9999999999989484, 3.000000000000000000, 150.0000000000006253 ) ) ;
#616 = ADVANCED_FACE ( 'NONE', ( #2413 ), #1977, .F. ) ;
#617 = PRESENTATION_STYLE_ASSIGNMENT (( #606 ) ) ;
#618 = DIRECTION ( 'NONE',  ( -0.000000000000000000, 1.000000000000000000, -0.000000000000000000 ) ) ;
#619 = CIRCLE ( 'NONE', #438, 1.649999999999984812 ) ;
#620 = ORIENTED_EDGE ( 'NONE', *, *, #629, .T. ) ;
#621 = DIRECTION ( 'NONE',  ( 8.659560562354930393E-17, 0.7071067811865479058, -0.7071067811865472397 ) ) ;
#622 = CIRCLE ( 'NONE', #1953, 80.00000000000001421 ) ;
#623 = CYLINDRICAL_SURFACE ( 'NONE', #166, 80.00000000000007105 ) ;
#624 = ORIENTED_EDGE ( 'NONE', *, *, #1945, .F. ) ;
#625 = PRESENTATION_STYLE_ASSIGNMENT (( #2099 ) ) ;
#626 =( LENGTH_UNIT ( ) NAMED_UNIT ( * ) SI_UNIT ( .MILLI., .METRE. ) );
#627 = ORIENTED_EDGE ( 'NONE', *, *, #1358, .F. ) ;
#628 = VECTOR ( 'NONE', #1175, 1000.000000000000000 ) ;
#629 = EDGE_CURVE ( 'NONE', #473, #96, #2333, .T. ) ;
#630 =( LENGTH_UNIT ( ) NAMED_UNIT ( * ) SI_UNIT ( .MILLI., .METRE. ) );
#631 =( LENGTH_UNIT ( ) NAMED_UNIT ( * ) SI_UNIT ( .MILLI., .METRE. ) );
#632 = EDGE_LOOP ( 'NONE', ( #1590, #390 ) ) ;
#633 = EDGE_CURVE ( 'NONE', #257, #500, #683, .T. ) ;
#634 = DIRECTION ( 'NONE',  ( 0.000000000000000000, -1.000000000000000000, 0.000000000000000000 ) ) ;
#635 = DIRECTION ( 'NONE',  ( -0.000000000000000000, 1.000000000000000000, -0.000000000000000000 ) ) ;
#636 = STYLED_ITEM ( 'NONE', ( #1286 ), #2580 ) ;
#637 = DIRECTION ( 'NONE',  ( -0.000000000000000000, 1.000000000000000000, -0.000000000000000000 ) ) ;
#638 = ORIENTED_EDGE ( 'NONE', *, *, #328, .T. ) ;
#639 = AXIS2_PLACEMENT_3D ( 'NONE', #847, #1444, #142 ) ;
#640 = DIRECTION ( 'NONE',  ( 0.000000000000000000, 0.000000000000000000, 1.000000000000000000 ) ) ;
#641 = SURFACE_SIDE_STYLE ('',( #1706 ) ) ;
#642 = CIRCLE ( 'NONE', #2194, 1.649999999999998579 ) ;
#643 = COLOUR_RGB ( '',1.000000000000000000, 1.000000000000000000, 1.000000000000000000 ) ;
#644 = VERTEX_POINT ( 'NONE', #2625 ) ;
#645 = PRESENTATION_STYLE_ASSIGNMENT (( #1736 ) ) ;
#646 = STYLED_ITEM ( 'NONE', ( #792 ), #712 ) ;
#647 = ORIENTED_EDGE ( 'NONE', *, *, #237, .F. ) ;
#648 = CARTESIAN_POINT ( 'NONE',  ( -50.00000000000032685, 3.000000000000001332, -148.3499999999999659 ) ) ;
#649 =( NAMED_UNIT ( * ) PLANE_ANGLE_UNIT ( ) SI_UNIT ( $, .RADIAN. ) );
#650 = EDGE_CURVE ( 'NONE', #906, #1130, #728, .T. ) ;
#651 = EDGE_LOOP ( 'NONE', ( #1109, #1419 ) ) ;
#652 = ORIENTED_EDGE ( 'NONE', *, *, #1079, .T. ) ;
#653 = DIRECTION ( 'NONE',  ( 0.000000000000000000, 0.000000000000000000, 1.000000000000000000 ) ) ;
#654 = FACE_OUTER_BOUND ( 'NONE', #667, .T. ) ;
#655 = EDGE_LOOP ( 'NONE', ( #2722, #2476, #2199, #1248 ) ) ;
#656 = DIRECTION ( 'NONE',  ( -0.000000000000000000, -1.000000000000000000, -0.000000000000000000 ) ) ;
#657 = CARTESIAN_POINT ( 'NONE',  ( -252.5000000000000568, 3.000000000000000000, -172.5000000000000284 ) ) ;
#658 = CARTESIAN_POINT ( 'NONE',  ( 174.9999999999999147, 0.9500000000000038414, 177.2500000000000284 ) ) ;
#659 = CIRCLE ( 'NONE', #1066, 1.649999999999998579 ) ;
#660 = ORIENTED_EDGE ( 'NONE', *, *, #1731, .T. ) ;
#661 = CIRCLE ( 'NONE', #217, 1.650000000000012568 ) ;
#662 = EDGE_CURVE ( 'NONE', #1477, #1900, #786, .T. ) ;
#663 = DIRECTION ( 'NONE',  ( 0.000000000000000000, 0.000000000000000000, 1.000000000000000000 ) ) ;
#664 = FACE_OUTER_BOUND ( 'NONE', #1735, .T. ) ;
#665 = ORIENTED_EDGE ( 'NONE', *, *, #908, .F. ) ;
#666 = DIRECTION ( 'NONE',  ( 0.000000000000000000, 0.000000000000000000, 1.000000000000000000 ) ) ;
#667 = EDGE_LOOP ( 'NONE', ( #583, #1941, #2552, #1325 ) ) ;
#668 = DIRECTION ( 'NONE',  ( -0.000000000000000000, 1.000000000000000000, -0.000000000000000000 ) ) ;
#669 = FACE_OUTER_BOUND ( 'NONE', #2474, .T. ) ;
#670 = CYLINDRICAL_SURFACE ( 'NONE', #1180, 1.649999999999984812 ) ;
#671 = CARTESIAN_POINT ( 'NONE',  ( -175.0000000000000853, 3.000000000000001776, -170.6999999999999602 ) ) ;
#672 =( GEOMETRIC_REPRESENTATION_CONTEXT ( 3 ) GLOBAL_UNCERTAINTY_ASSIGNED_CONTEXT ( ( #1310 ) ) GLOBAL_UNIT_ASSIGNED_CONTEXT ( ( #2174, #1298, #922 ) ) REPRESENTATION_CONTEXT ( 'NONE', 'WORKASPACE' ) );
#673 = ORIENTED_EDGE ( 'NONE', *, *, #2386, .F. ) ;
#674 = COLOUR_RGB ( '',1.000000000000000000, 1.000000000000000000, 1.000000000000000000 ) ;
#675 = COLOUR_RGB ( '',1.000000000000000000, 1.000000000000000000, 1.000000000000000000 ) ;
#676 = CARTESIAN_POINT ( 'NONE',  ( 174.9999999999999147, 4.336808689942017736E-16, 175.0000000000000284 ) ) ;
#677 = CYLINDRICAL_SURFACE ( 'NONE', #2156, 1.649999999999984812 ) ;
#678 = EDGE_LOOP ( 'NONE', ( #107, #2489 ) ) ;
#679 = AXIS2_PLACEMENT_3D ( 'NONE', #553, #1996, #1416 ) ;
#680 = MECHANICAL_DESIGN_GEOMETRIC_PRESENTATION_REPRESENTATION (  '', ( #1587 ), #1365 ) ;
#681 = EDGE_CURVE ( 'NONE', #1261, #91, #15, .T. ) ;
#682 = CONICAL_SURFACE ( 'NONE', #1801, 4.299999999999998046, 0.7853981633974479459 ) ;
#683 = CIRCLE ( 'NONE', #1048, 2.250000000000001776 ) ;
#684 = DIRECTION ( 'NONE',  ( -0.000000000000000000, 1.000000000000000000, -0.000000000000000000 ) ) ;
#685 = CIRCLE ( 'NONE', #1457, 2.250000000000001776 ) ;
#686 =( GEOMETRIC_REPRESENTATION_CONTEXT ( 3 ) GLOBAL_UNCERTAINTY_ASSIGNED_CONTEXT ( ( #1400 ) ) GLOBAL_UNIT_ASSIGNED_CONTEXT ( ( #1644, #2302, #1475 ) ) REPRESENTATION_CONTEXT ( 'NONE', 'WORKASPACE' ) );
#687 = VERTEX_POINT ( 'NONE', #1409 ) ;
#688 = CARTESIAN_POINT ( 'NONE',  ( 150.0000000000000000, 0.000000000000000000, 51.64999999999989910 ) ) ;
#689 = FACE_BOUND ( 'NONE', #34, .T. ) ;
#690 = CARTESIAN_POINT ( 'NONE',  ( -49.99999999999998579, 3.000000000000001332, 48.34999999999993037 ) ) ;
#691 = PRESENTATION_STYLE_ASSIGNMENT (( #1308 ) ) ;
#692 = UNCERTAINTY_MEASURE_WITH_UNIT (LENGTH_MEASURE( 1.000000000000000082E-05 ), #2291, 'distance_accuracy_value', 'NONE');
#693 = ORIENTED_EDGE ( 'NONE', *, *, #1337, .T. ) ;
#694 = CARTESIAN_POINT ( 'NONE',  ( -150.0000000000000000, 3.000000000000001332, -49.99999999999923972 ) ) ;
#695 = CARTESIAN_POINT ( 'NONE',  ( -49.99999999999894840, 3.000000000000001332, 151.6499999999998920 ) ) ;
#696 = EDGE_LOOP ( 'NONE', ( #1610, #932, #2203, #2158 ) ) ;
#697 = DIRECTION ( 'NONE',  ( -0.000000000000000000, 1.000000000000000000, -0.000000000000000000 ) ) ;
#698 = AXIS2_PLACEMENT_3D ( 'NONE', #2598, #2023, #1425 ) ;
#699 = EDGE_CURVE ( 'NONE', #1695, #2319, #2691, .T. ) ;
#700 = CARTESIAN_POINT ( 'NONE',  ( 49.99999999999998579, 3.000000000000000000, -49.99999999999994316 ) ) ;
#701 = EDGE_LOOP ( 'NONE', ( #1413, #293, #1338, #849 ) ) ;
#702 = CARTESIAN_POINT ( 'NONE',  ( -252.5000000000000000, 0.000000000000000000, -87.00207538209707536 ) ) ;
#703 = CARTESIAN_POINT ( 'NONE',  ( 174.9999999999999147, 3.000000000000001776, -170.6999999999999602 ) ) ;
#704 = FILL_AREA_STYLE ('',( #452 ) ) ;
#705 = MECHANICAL_DESIGN_GEOMETRIC_PRESENTATION_REPRESENTATION (  '', ( #2123 ), #2304 ) ;
#706 = CARTESIAN_POINT ( 'NONE',  ( -150.0000000000000000, 3.000000000000000000, 48.35000000000062670 ) ) ;
#707 = ORIENTED_EDGE ( 'NONE', *, *, #2114, .F. ) ;
#708 = SURFACE_STYLE_FILL_AREA ( #2383 ) ;
#709 = ORIENTED_EDGE ( 'NONE', *, *, #2564, .F. ) ;
#710 = DIRECTION ( 'NONE',  ( 0.000000000000000000, 0.000000000000000000, 1.000000000000000000 ) ) ;
#711 = DIRECTION ( 'NONE',  ( -0.000000000000000000, 1.000000000000000000, -0.000000000000000000 ) ) ;
#712 = ADVANCED_FACE ( 'NONE', ( #2677 ), #831, .F. ) ;
#713 = EDGE_LOOP ( 'NONE', ( #1779, #953, #1571, #600 ) ) ;
#714 = CARTESIAN_POINT ( 'NONE',  ( 49.99999999999965183, 3.000000000000000000, -149.9999999999999432 ) ) ;
#715 = DIRECTION ( 'NONE',  ( 0.000000000000000000, 0.000000000000000000, 1.000000000000000000 ) ) ;
#716 = CARTESIAN_POINT ( 'NONE',  ( -149.9999999999989484, 3.000000000000001332, 151.6500000000006310 ) ) ;
#717 = FACE_OUTER_BOUND ( 'NONE', #1862, .T. ) ;
#718 = ADVANCED_FACE ( 'NONE', ( #1466 ), #2064, .F. ) ;
#719 = VERTEX_POINT ( 'NONE', #1249 ) ;
#720 = EDGE_LOOP ( 'NONE', ( #2525, #393, #2414, #2324 ) ) ;
#721 = FACE_OUTER_BOUND ( 'NONE', #865, .T. ) ;
#722 = PRESENTATION_LAYER_ASSIGNMENT (  '', '', ( #498 ) ) ;
#723 = DIRECTION ( 'NONE',  ( 0.000000000000000000, 0.000000000000000000, 1.000000000000000000 ) ) ;
#724 = VERTEX_POINT ( 'NONE', #567 ) ;
#725 = CIRCLE ( 'NONE', #2626, 79.99999999999998579 ) ;
#726 = SURFACE_SIDE_STYLE ('',( #121 ) ) ;
#727 = CIRCLE ( 'NONE', #1756, 1.649999999999984812 ) ;
#728 = LINE ( 'NONE', #911, #737 ) ;
#729 = AXIS2_PLACEMENT_3D ( 'NONE', #2532, #635, #2072 ) ;
#730 = AXIS2_PLACEMENT_3D ( 'NONE', #835, #1028, #2057 ) ;
#731 = AXIS2_PLACEMENT_3D ( 'NONE', #747, #2630, #736 ) ;
#732 = CIRCLE ( 'NONE', #281, 1.649999999999984812 ) ;
#733 = ORIENTED_EDGE ( 'NONE', *, *, #533, .F. ) ;
#734 = CARTESIAN_POINT ( 'NONE',  ( -175.0000000000000853, 3.000000000000000000, 175.0000000000000284 ) ) ;
#735 = DIRECTION ( 'NONE',  ( 0.000000000000000000, 0.000000000000000000, 1.000000000000000000 ) ) ;
#736 = DIRECTION ( 'NONE',  ( 0.000000000000000000, 0.000000000000000000, 1.000000000000000000 ) ) ;
#737 = VECTOR ( 'NONE', #89, 1000.000000000000000 ) ;
#738 = DIRECTION ( 'NONE',  ( -0.000000000000000000, 1.000000000000000000, -0.000000000000000000 ) ) ;
#739 = ORIENTED_EDGE ( 'NONE', *, *, #2363, .F. ) ;
#740 = VERTEX_POINT ( 'NONE', #1667 ) ;
#741 = DIRECTION ( 'NONE',  ( 0.000000000000000000, 0.000000000000000000, 1.000000000000000000 ) ) ;
#742 = EDGE_CURVE ( 'NONE', #644, #1954, #2261, .T. ) ;
#743 = CARTESIAN_POINT ( 'NONE',  ( -150.0000000000000000, 3.000000000000001332, -51.64999999999922409 ) ) ;
#744 = ORIENTED_EDGE ( 'NONE', *, *, #1435, .T. ) ;
#745 = DIRECTION ( 'NONE',  ( 0.000000000000000000, 0.000000000000000000, 1.000000000000000000 ) ) ;
#746 = ORIENTED_EDGE ( 'NONE', *, *, #1323, .F. ) ;
#747 = CARTESIAN_POINT ( 'NONE',  ( 174.9999999999999147, 0.9500000000000038414, 175.0000000000000284 ) ) ;
#748 = CARTESIAN_POINT ( 'NONE',  ( -150.0000000000000000, 0.000000000000000000, -51.64999999999922409 ) ) ;
#749 = ORIENTED_EDGE ( 'NONE', *, *, #2419, .T. ) ;
#750 = ORIENTED_EDGE ( 'NONE', *, *, #1956, .T. ) ;
#751 = DIRECTION ( 'NONE',  ( -0.000000000000000000, 1.000000000000000000, -0.000000000000000000 ) ) ;
#752 = DIRECTION ( 'NONE',  ( -0.000000000000000000, -1.000000000000000000, -0.000000000000000000 ) ) ;
#753 = ADVANCED_FACE ( 'NONE', ( #1851 ), #1210, .F. ) ;
#754 = ORIENTED_EDGE ( 'NONE', *, *, #162, .T. ) ;
#755 = PRESENTATION_LAYER_ASSIGNMENT (  '', '', ( #2265 ) ) ;
#756 = CARTESIAN_POINT ( 'NONE',  ( -252.5000000000000000, 3.000000000000000000, -87.00207538209707536 ) ) ;
#757 = LINE ( 'NONE', #2049, #1059 ) ;
#758 = EDGE_CURVE ( 'NONE', #2042, #740, #2507, .T. ) ;
#759 = CARTESIAN_POINT ( 'NONE',  ( 172.5000000000000000, 0.000000000000000000, -172.5000000000000000 ) ) ;
#760 = PRESENTATION_LAYER_ASSIGNMENT (  '', '', ( #402 ) ) ;
#761 = VERTEX_POINT ( 'NONE', #1110 ) ;
#762 = DIRECTION ( 'NONE',  ( 0.000000000000000000, 0.000000000000000000, 1.000000000000000000 ) ) ;
#763 = CARTESIAN_POINT ( 'NONE',  ( -172.4999999999999432, 3.000000000000000000, 252.5000000000000000 ) ) ;
#764 =( GEOMETRIC_REPRESENTATION_CONTEXT ( 3 ) GLOBAL_UNCERTAINTY_ASSIGNED_CONTEXT ( ( #946 ) ) GLOBAL_UNIT_ASSIGNED_CONTEXT ( ( #1842, #2028, #1995 ) ) REPRESENTATION_CONTEXT ( 'NONE', 'WORKASPACE' ) );
#765 = CARTESIAN_POINT ( 'NONE',  ( 252.4999999999999432, 3.000000000000000000, -172.5000000000000000 ) ) ;
#766 = CARTESIAN_POINT ( 'NONE',  ( -49.99999999999894840, 0.000000000000000000, 149.9999999999999147 ) ) ;
#767 = VERTEX_POINT ( 'NONE', #1986 ) ;
#768 = SURFACE_STYLE_FILL_AREA ( #525 ) ;
#769 = DIRECTION ( 'NONE',  ( -0.000000000000000000, 1.000000000000000000, -0.000000000000000000 ) ) ;
#770 = DIRECTION ( 'NONE',  ( -0.000000000000000000, 1.000000000000000000, -0.000000000000000000 ) ) ;
#771 = ORIENTED_EDGE ( 'NONE', *, *, #1219, .F. ) ;
#772 = DIRECTION ( 'NONE',  ( 0.000000000000000000, 1.000000000000000000, -0.000000000000000000 ) ) ;
#773 = FACE_BOUND ( 'NONE', #834, .T. ) ;
#774 = EDGE_CURVE ( 'NONE', #740, #1663, #853, .T. ) ;
#775 = EDGE_CURVE ( 'NONE', #257, #1964, #206, .T. ) ;
#776 = VECTOR ( 'NONE', #621, 999.9999999999998863 ) ;
#777 = CARTESIAN_POINT ( 'NONE',  ( -189.0797985667433920, 0.000000000000000000, 56.91693442712807638 ) ) ;
#778 = DIRECTION ( 'NONE',  ( 1.609018876268343055E-16, 0.000000000000000000, 1.000000000000000000 ) ) ;
#779 = DIRECTION ( 'NONE',  ( -0.000000000000000000, 1.000000000000000000, -0.000000000000000000 ) ) ;
#780 = VECTOR ( 'NONE', #156, 1000.000000000000000 ) ;
#781 = COLOUR_RGB ( '',1.000000000000000000, 1.000000000000000000, 1.000000000000000000 ) ;
#782 = UNCERTAINTY_MEASURE_WITH_UNIT (LENGTH_MEASURE( 1.000000000000000082E-05 ), #1575, 'distance_accuracy_value', 'NONE');
#783 = ORIENTED_EDGE ( 'NONE', *, *, #1046, .F. ) ;
#784 = DIRECTION ( 'NONE',  ( -0.000000000000000000, 1.000000000000000000, -0.000000000000000000 ) ) ;
#785 = AXIS2_PLACEMENT_3D ( 'NONE', #2011, #94, #330 ) ;
#786 = CIRCLE ( 'NONE', #2290, 80.00000000000001421 ) ;
#787 =( LENGTH_UNIT ( ) NAMED_UNIT ( * ) SI_UNIT ( .MILLI., .METRE. ) );
#788 = CARTESIAN_POINT ( 'NONE',  ( -175.0000000000000853, 3.000000000000001776, 179.3000000000000114 ) ) ;
#789 =( GEOMETRIC_REPRESENTATION_CONTEXT ( 3 ) GLOBAL_UNCERTAINTY_ASSIGNED_CONTEXT ( ( #2170 ) ) GLOBAL_UNIT_ASSIGNED_CONTEXT ( ( #2754, #2327, #1894 ) ) REPRESENTATION_CONTEXT ( 'NONE', 'WORKASPACE' ) );
#790 = ORIENTED_EDGE ( 'NONE', *, *, #633, .F. ) ;
#791 = CARTESIAN_POINT ( 'NONE',  ( 49.99999999999998579, 3.000000000000000000, 49.99999999999991473 ) ) ;
#792 = PRESENTATION_STYLE_ASSIGNMENT (( #177 ) ) ;
#793 = EDGE_CURVE ( 'NONE', #263, #1747, #2526, .T. ) ;
#794 = FACE_OUTER_BOUND ( 'NONE', #1472, .T. ) ;
#795 = ORIENTED_EDGE ( 'NONE', *, *, #74, .F. ) ;
#796 = CARTESIAN_POINT ( 'NONE',  ( 150.0000000000000000, 3.000000000000000000, 51.64999999999989910 ) ) ;
#797 = VECTOR ( 'NONE', #2259, 1000.000000000000000 ) ;
#798 = DIRECTION ( 'NONE',  ( -0.000000000000000000, 1.000000000000000000, -0.000000000000000000 ) ) ;
#799 = ORIENTED_EDGE ( 'NONE', *, *, #1559, .F. ) ;
#800 = DIRECTION ( 'NONE',  ( 0.000000000000000000, 0.000000000000000000, 1.000000000000000000 ) ) ;
#801 = CIRCLE ( 'NONE', #213, 1.649999999999984812 ) ;
#802 =( GEOMETRIC_REPRESENTATION_CONTEXT ( 3 ) GLOBAL_UNCERTAINTY_ASSIGNED_CONTEXT ( ( #558 ) ) GLOBAL_UNIT_ASSIGNED_CONTEXT ( ( #1073, #649, #1931 ) ) REPRESENTATION_CONTEXT ( 'NONE', 'WORKASPACE' ) );
#803 = VECTOR ( 'NONE', #299, 1000.000000000000000 ) ;
#804 = CYLINDRICAL_SURFACE ( 'NONE', #1090, 1.649999999999984812 ) ;
#805 = CARTESIAN_POINT ( 'NONE',  ( 149.9999999999996589, 3.000000000000000000, -149.9999999999999432 ) ) ;
#806 = ADVANCED_FACE ( 'NONE', ( #1697 ), #2366, .F. ) ;
#807 = ORIENTED_EDGE ( 'NONE', *, *, #1189, .T. ) ;
#808 = LINE ( 'NONE', #1690, #1924 ) ;
#809 = CIRCLE ( 'NONE', #2092, 2.250000000000001776 ) ;
#810 = CYLINDRICAL_SURFACE ( 'NONE', #2274, 1.649999999999991696 ) ;
#811 = EDGE_CURVE ( 'NONE', #2222, #559, #2292, .T. ) ;
#812 = ORIENTED_EDGE ( 'NONE', *, *, #662, .F. ) ;
#813 = SURFACE_SIDE_STYLE ('',( #1891 ) ) ;
#814 = DIRECTION ( 'NONE',  ( -0.000000000000000000, 1.000000000000000000, -0.000000000000000000 ) ) ;
#815 = AXIS2_PLACEMENT_3D ( 'NONE', #2115, #2737, #187 ) ;
#816 = ORIENTED_EDGE ( 'NONE', *, *, #1507, .T. ) ;
#817 = FILL_AREA_STYLE_COLOUR ( '', #781 ) ;
#818 = CIRCLE ( 'NONE', #325, 10.00000000000000178 ) ;
#819 = VERTEX_POINT ( 'NONE', #232 ) ;
#820 = LINE ( 'NONE', #1230, #2583 ) ;
#821 =( LENGTH_UNIT ( ) NAMED_UNIT ( * ) SI_UNIT ( .MILLI., .METRE. ) );
#822 = FILL_AREA_STYLE_COLOUR ( '', #2002 ) ;
#823 = VECTOR ( 'NONE', #2249, 1000.000000000000000 ) ;
#824 = CIRCLE ( 'NONE', #1674, 10.00000000000000178 ) ;
#825 = ORIENTED_EDGE ( 'NONE', *, *, #905, .F. ) ;
#826 = EDGE_CURVE ( 'NONE', #1489, #2563, #2468, .T. ) ;
#827 = LINE ( 'NONE', #365, #1882 ) ;
#828 = VECTOR ( 'NONE', #2003, 1000.000000000000000 ) ;
#829 = DIRECTION ( 'NONE',  ( -0.000000000000000000, 1.000000000000000000, -0.000000000000000000 ) ) ;
#830 = EDGE_LOOP ( 'NONE', ( #288, #1817 ) ) ;
#831 = CYLINDRICAL_SURFACE ( 'NONE', #2431, 1.649999999999984812 ) ;
#832 = CARTESIAN_POINT ( 'NONE',  ( -149.9999999999989484, 0.000000000000000000, 151.6500000000006310 ) ) ;
#833 = DIRECTION ( 'NONE',  ( 0.000000000000000000, 0.000000000000000000, 1.000000000000000000 ) ) ;
#834 = EDGE_LOOP ( 'NONE', ( #524, #1558 ) ) ;
#835 = CARTESIAN_POINT ( 'NONE',  ( -49.99999999999998579, 0.000000000000000000, -49.99999999999994316 ) ) ;
#836 = DIRECTION ( 'NONE',  ( -0.000000000000000000, 1.000000000000000000, -0.000000000000000000 ) ) ;
#837 = CARTESIAN_POINT ( 'NONE',  ( 150.0000000000000000, 3.000000000000001332, 49.99999999999991473 ) ) ;
#838 = ORIENTED_EDGE ( 'NONE', *, *, #2656, .F. ) ;
#839 =( NAMED_UNIT ( * ) PLANE_ANGLE_UNIT ( ) SI_UNIT ( $, .RADIAN. ) );
#840 = LINE ( 'NONE', #2720, #1124 ) ;
#841 = EDGE_CURVE ( 'NONE', #644, #1136, #868, .T. ) ;
#842 = EDGE_LOOP ( 'NONE', ( #2616, #61, #947, #1081, #807, #2060, #1455, #1820, #2278, #410, #508, #846, #1380, #1154, #276, #2360 ) ) ;
#843 = CARTESIAN_POINT ( 'NONE',  ( -150.0000000000000000, 3.000000000000000000, -48.34999999999925535 ) ) ;
#844 = CARTESIAN_POINT ( 'NONE',  ( -50.00000000000032685, 3.000000000000000000, -149.9999999999999432 ) ) ;
#845 = DIRECTION ( 'NONE',  ( 8.659560562354930393E-17, 0.7071067811865479058, -0.7071067811865472397 ) ) ;
#846 = ORIENTED_EDGE ( 'NONE', *, *, #1378, .T. ) ;
#847 = CARTESIAN_POINT ( 'NONE',  ( -192.5000000000000568, 0.000000000000000000, -47.52000821926893792 ) ) ;
#848 = CARTESIAN_POINT ( 'NONE',  ( -175.0000000000000853, 3.000000000000000000, 177.2500000000000284 ) ) ;
#849 = ORIENTED_EDGE ( 'NONE', *, *, #572, .T. ) ;
#850 = DIRECTION ( 'NONE',  ( 1.000000000000000000, 0.000000000000000000, -1.609018876268343055E-16 ) ) ;
#851 = CARTESIAN_POINT ( 'NONE',  ( 150.0000000000010516, 0.000000000000000000, 151.6499999999998920 ) ) ;
#852 = ORIENTED_EDGE ( 'NONE', *, *, #2547, .F. ) ;
#853 = LINE ( 'NONE', #843, #1803 ) ;
#854 = VECTOR ( 'NONE', #1247, 1000.000000000000000 ) ;
#855 = SURFACE_STYLE_USAGE ( .BOTH. , #1726 ) ;
#856 = ADVANCED_FACE ( 'NONE', ( #721 ), #191, .F. ) ;
#857 = ORIENTED_EDGE ( 'NONE', *, *, #250, .T. ) ;
#858 = DIRECTION ( 'NONE',  ( -0.000000000000000000, 1.000000000000000000, -0.000000000000000000 ) ) ;
#859 = CYLINDRICAL_SURFACE ( 'NONE', #2584, 1.649999999999984812 ) ;
#860 = FACE_OUTER_BOUND ( 'NONE', #67, .T. ) ;
#861 = EDGE_LOOP ( 'NONE', ( #492, #2438, #941, #1792 ) ) ;
#862 = MECHANICAL_DESIGN_GEOMETRIC_PRESENTATION_REPRESENTATION (  '', ( #605 ), #2103 ) ;
#863 = PRESENTATION_LAYER_ASSIGNMENT (  '', '', ( #2690 ) ) ;
#864 = AXIS2_PLACEMENT_3D ( 'NONE', #1211, #2068, #2105 ) ;
#865 = EDGE_LOOP ( 'NONE', ( #231, #980, #1041, #1318 ) ) ;
#866 =( NAMED_UNIT ( * ) PLANE_ANGLE_UNIT ( ) SI_UNIT ( $, .RADIAN. ) );
#867 = AXIS2_PLACEMENT_3D ( 'NONE', #534, #1141, #1393 ) ;
#868 = CIRCLE ( 'NONE', #2380, 2.250000000000001776 ) ;
#869 = FILL_AREA_STYLE ('',( #1303 ) ) ;
#870 = FILL_AREA_STYLE ('',( #13 ) ) ;
#871 = EDGE_CURVE ( 'NONE', #2563, #1489, #1543, .T. ) ;
#872 = ORIENTED_EDGE ( 'NONE', *, *, #966, .T. ) ;
#873 = CARTESIAN_POINT ( 'NONE',  ( -172.5000000000000000, 3.000000000000000000, -252.5000000000000568 ) ) ;
#874 = CARTESIAN_POINT ( 'NONE',  ( 252.5000000000000568, 0.000000000000000000, 172.5000000000000000 ) ) ;
#875 = EDGE_CURVE ( 'NONE', #2319, #1695, #240, .T. ) ;
#876 = VERTEX_POINT ( 'NONE', #2034 ) ;
#877 = PLANE ( 'NONE',  #1366 ) ;
#878 = ORIENTED_EDGE ( 'NONE', *, *, #12, .F. ) ;
#879 = CARTESIAN_POINT ( 'NONE',  ( -150.0000000000000000, 0.000000000000000000, -49.99999999999923972 ) ) ;
#880 = DIRECTION ( 'NONE',  ( -0.000000000000000000, 1.000000000000000000, -0.000000000000000000 ) ) ;
#881 = SURFACE_STYLE_FILL_AREA ( #870 ) ;
#882 = ORIENTED_EDGE ( 'NONE', *, *, #1710, .F. ) ;
#883 = DIRECTION ( 'NONE',  ( 0.000000000000000000, 0.000000000000000000, 1.000000000000000000 ) ) ;
#884 = ADVANCED_FACE ( 'NONE', ( #2044 ), #2669, .F. ) ;
#885 = LINE ( 'NONE', #1115, #361 ) ;
#886 = CIRCLE ( 'NONE', #2447, 1.649999999999984812 ) ;
#887 = UNCERTAINTY_MEASURE_WITH_UNIT (LENGTH_MEASURE( 1.000000000000000082E-05 ), #2518, 'distance_accuracy_value', 'NONE');
#888 = ORIENTED_EDGE ( 'NONE', *, *, #2503, .F. ) ;
#889 = EDGE_CURVE ( 'NONE', #2257, #565, #1624, .T. ) ;
#890 = CARTESIAN_POINT ( 'NONE',  ( 149.9999999999996589, 3.000000000000001332, -148.3499999999999659 ) ) ;
#891 = DIRECTION ( 'NONE',  ( 0.000000000000000000, 0.000000000000000000, 1.000000000000000000 ) ) ;
#892 = ORIENTED_EDGE ( 'NONE', *, *, #1149, .T. ) ;
#893 = AXIS2_PLACEMENT_3D ( 'NONE', #763, #315, #999 ) ;
#894 = VECTOR ( 'NONE', #1724, 1000.000000000000000 ) ;
#895 = PRESENTATION_STYLE_ASSIGNMENT (( #2385 ) ) ;
#896 = DIRECTION ( 'NONE',  ( -0.000000000000000000, -1.000000000000000000, 0.000000000000000000 ) ) ;
#897 = VERTEX_POINT ( 'NONE', #575 ) ;
#898 = DIRECTION ( 'NONE',  ( -0.000000000000000000, 1.000000000000000000, -0.000000000000000000 ) ) ;
#899 = FACE_BOUND ( 'NONE', #176, .T. ) ;
#900 = DIRECTION ( 'NONE',  ( 0.000000000000000000, 0.000000000000000000, 1.000000000000000000 ) ) ;
#901 = MECHANICAL_DESIGN_GEOMETRIC_PRESENTATION_REPRESENTATION (  '', ( #464 ), #1333 ) ;
#902 = ORIENTED_EDGE ( 'NONE', *, *, #2078, .F. ) ;
#903 = VECTOR ( 'NONE', #555, 1000.000000000000000 ) ;
#904 = VECTOR ( 'NONE', #1104, 1000.000000000000000 ) ;
#905 = EDGE_CURVE ( 'NONE', #249, #2007, #2461, .T. ) ;
#906 = VERTEX_POINT ( 'NONE', #1597 ) ;
#907 = CIRCLE ( 'NONE', #2285, 2.250000000000001776 ) ;
#908 = EDGE_CURVE ( 'NONE', #587, #1932, #420, .T. ) ;
#909 = AXIS2_PLACEMENT_3D ( 'NONE', #1568, #2657, #1406 ) ;
#910 =( GEOMETRIC_REPRESENTATION_CONTEXT ( 3 ) GLOBAL_UNCERTAINTY_ASSIGNED_CONTEXT ( ( #472 ) ) GLOBAL_UNIT_ASSIGNED_CONTEXT ( ( #504, #955, #1569 ) ) REPRESENTATION_CONTEXT ( 'NONE', 'WORKASPACE' ) );
#911 = CARTESIAN_POINT ( 'NONE',  ( 49.99999999999998579, 3.000000000000000000, 48.34999999999992326 ) ) ;
#912 = FACE_OUTER_BOUND ( 'NONE', #334, .T. ) ;
#913 = AXIS2_PLACEMENT_3D ( 'NONE', #694, #1497, #1508 ) ;
#914 = ORIENTED_EDGE ( 'NONE', *, *, #1852, .T. ) ;
#915 = FACE_OUTER_BOUND ( 'NONE', #2326, .T. ) ;
#916 = DIRECTION ( 'NONE',  ( 0.3420201433256657708, 0.000000000000000000, -0.9396926207859095381 ) ) ;
#917 = CARTESIAN_POINT ( 'NONE',  ( 174.9999999999999147, 4.336808689942017736E-16, 172.7500000000000284 ) ) ;
#918 = LINE ( 'NONE', #81, #2524 ) ;
#919 = UNCERTAINTY_MEASURE_WITH_UNIT (LENGTH_MEASURE( 1.000000000000000082E-05 ), #2254, 'distance_accuracy_value', 'NONE');
#920 = ORIENTED_EDGE ( 'NONE', *, *, #2114, .T. ) ;
#921 =( LENGTH_UNIT ( ) NAMED_UNIT ( * ) SI_UNIT ( .MILLI., .METRE. ) );
#922 =( NAMED_UNIT ( * ) SI_UNIT ( $, .STERADIAN. ) SOLID_ANGLE_UNIT ( ) );
#923 = ORIENTED_EDGE ( 'NONE', *, *, #2750, .T. ) ;
#924 = EDGE_CURVE ( 'NONE', #1985, #363, #907, .T. ) ;
#925 = CARTESIAN_POINT ( 'NONE',  ( -150.0000000000003411, 3.000000000000001332, -149.9999999999992326 ) ) ;
#926 = ADVANCED_FACE ( 'NONE', ( #2486 ), #1374, .F. ) ;
#927 = EDGE_LOOP ( 'NONE', ( #994, #2433 ) ) ;
#928 = PRESENTATION_STYLE_ASSIGNMENT (( #2009 ) ) ;
#929 = FACE_BOUND ( 'NONE', #16, .T. ) ;
#930 = DIRECTION ( 'NONE',  ( 0.000000000000000000, 0.000000000000000000, 1.000000000000000000 ) ) ;
#931 = CARTESIAN_POINT ( 'NONE',  ( -245.9202014332566080, 0.000000000000000000, 77.60514917423800796 ) ) ;
#932 = ORIENTED_EDGE ( 'NONE', *, *, #1992, .T. ) ;
#933 = DIRECTION ( 'NONE',  ( 0.000000000000000000, 0.000000000000000000, -1.000000000000000000 ) ) ;
#934 = DIRECTION ( 'NONE',  ( 8.659560562354930393E-17, 0.7071067811865479058, -0.7071067811865472397 ) ) ;
#935 = CYLINDRICAL_SURFACE ( 'NONE', #2721, 1.649999999999991696 ) ;
#936 = DIRECTION ( 'NONE',  ( 0.000000000000000000, 0.000000000000000000, 1.000000000000000000 ) ) ;
#937 = VERTEX_POINT ( 'NONE', #2110 ) ;
#938 = FACE_OUTER_BOUND ( 'NONE', #1873, .T. ) ;
#939 = CARTESIAN_POINT ( 'NONE',  ( 252.4999999999999432, 3.000000000000000000, -172.5000000000000000 ) ) ;
#940 = MECHANICAL_DESIGN_GEOMETRIC_PRESENTATION_REPRESENTATION (  '', ( #2356 ), #535 ) ;
#941 = ORIENTED_EDGE ( 'NONE', *, *, #1699, .T. ) ;
#942 = EDGE_CURVE ( 'NONE', #2555, #2246, #280, .T. ) ;
#943 = LINE ( 'NONE', #1396, #312 ) ;
#944 = CARTESIAN_POINT ( 'NONE',  ( 174.9999999999999147, 3.000000000000001776, 175.0000000000000284 ) ) ;
#945 = FILL_AREA_STYLE_COLOUR ( '', #1861 ) ;
#946 = UNCERTAINTY_MEASURE_WITH_UNIT (LENGTH_MEASURE( 1.000000000000000082E-05 ), #1842, 'distance_accuracy_value', 'NONE');
#947 = ORIENTED_EDGE ( 'NONE', *, *, #793, .T. ) ;
#948 = DIRECTION ( 'NONE',  ( -0.000000000000000000, 1.000000000000000000, -0.000000000000000000 ) ) ;
#949 =( NAMED_UNIT ( * ) PLANE_ANGLE_UNIT ( ) SI_UNIT ( $, .RADIAN. ) );
#950 = SURFACE_STYLE_FILL_AREA ( #2196 ) ;
#951 =( NAMED_UNIT ( * ) PLANE_ANGLE_UNIT ( ) SI_UNIT ( $, .RADIAN. ) );
#952 = CIRCLE ( 'NONE', #2367, 79.99999999999998579 ) ;
#953 = ORIENTED_EDGE ( 'NONE', *, *, #699, .F. ) ;
#954 = CIRCLE ( 'NONE', #2502, 1.649999999999984812 ) ;
#955 =( NAMED_UNIT ( * ) PLANE_ANGLE_UNIT ( ) SI_UNIT ( $, .RADIAN. ) );
#956 = PRESENTATION_LAYER_ASSIGNMENT (  '', '', ( #605 ) ) ;
#957 = PRESENTATION_LAYER_ASSIGNMENT (  '', '', ( #421 ) ) ;
#958 = CIRCLE ( 'NONE', #2065, 1.649999999999984812 ) ;
#959 = ORIENTED_EDGE ( 'NONE', *, *, #650, .F. ) ;
#960 =( LENGTH_UNIT ( ) NAMED_UNIT ( * ) SI_UNIT ( .MILLI., .METRE. ) );
#961 = SURFACE_STYLE_USAGE ( .BOTH. , #344 ) ;
#962 = DIRECTION ( 'NONE',  ( -0.000000000000000000, 1.000000000000000000, -0.000000000000000000 ) ) ;
#963 = VECTOR ( 'NONE', #2140, 1000.000000000000000 ) ;
#964 = COLOUR_RGB ( '',1.000000000000000000, 1.000000000000000000, 1.000000000000000000 ) ;
#965 = DIRECTION ( 'NONE',  ( 0.000000000000000000, 0.000000000000000000, 1.000000000000000000 ) ) ;
#966 = EDGE_CURVE ( 'NONE', #559, #2222, #1630, .T. ) ;
#967 = ORIENTED_EDGE ( 'NONE', *, *, #2735, .F. ) ;
#968 = CIRCLE ( 'NONE', #593, 2.250000000000001776 ) ;
#969 = ORIENTED_EDGE ( 'NONE', *, *, #2458, .T. ) ;
#970 = CARTESIAN_POINT ( 'NONE',  ( 50.00000000000103029, 3.000000000000000000, 151.6499999999998920 ) ) ;
#971 = ORIENTED_EDGE ( 'NONE', *, *, #2162, .F. ) ;
#972 = CARTESIAN_POINT ( 'NONE',  ( 174.9999999999999147, 3.000000000000000000, 175.0000000000000284 ) ) ;
#973 = FACE_BOUND ( 'NONE', #1626, .T. ) ;
#974 =( NAMED_UNIT ( * ) SI_UNIT ( $, .STERADIAN. ) SOLID_ANGLE_UNIT ( ) );
#975 = EDGE_LOOP ( 'NONE', ( #2294, #1058, #407, #2683 ) ) ;
#976 = CYLINDRICAL_SURFACE ( 'NONE', #2149, 1.649999999999984812 ) ;
#977 = PLANE ( 'NONE',  #98 ) ;
#978 = CARTESIAN_POINT ( 'NONE',  ( -150.0000000000000000, 0.000000000000000000, 48.35000000000062670 ) ) ;
#979 = AXIS2_PLACEMENT_3D ( 'NONE', #1750, #896, #1336 ) ;
#980 = ORIENTED_EDGE ( 'NONE', *, *, #1488, .F. ) ;
#981 = PRESENTATION_STYLE_ASSIGNMENT (( #1385 ) ) ;
#982 = CARTESIAN_POINT ( 'NONE',  ( 174.9999999999999147, 3.000000000000000000, 175.0000000000000284 ) ) ;
#983 = FACE_OUTER_BOUND ( 'NONE', #1442, .T. ) ;
#984 = ORIENTED_EDGE ( 'NONE', *, *, #775, .F. ) ;
#985 = ADVANCED_FACE ( 'NONE', ( #1257 ), #859, .F. ) ;
#986 = LINE ( 'NONE', #366, #1646 ) ;
#987 =( GEOMETRIC_REPRESENTATION_CONTEXT ( 3 ) GLOBAL_UNCERTAINTY_ASSIGNED_CONTEXT ( ( #2252 ) ) GLOBAL_UNIT_ASSIGNED_CONTEXT ( ( #2529, #1080, #196 ) ) REPRESENTATION_CONTEXT ( 'NONE', 'WORKASPACE' ) );
#988 = DIRECTION ( 'NONE',  ( -0.000000000000000000, 1.000000000000000000, -0.000000000000000000 ) ) ;
#989 = DIRECTION ( 'NONE',  ( 0.000000000000000000, 0.000000000000000000, -1.000000000000000000 ) ) ;
#990 = CIRCLE ( 'NONE', #362, 2.250000000000001776 ) ;
#991 = DIRECTION ( 'NONE',  ( 0.000000000000000000, 0.000000000000000000, 1.000000000000000000 ) ) ;
#992 = ORIENTED_EDGE ( 'NONE', *, *, #1476, .T. ) ;
#993 = EDGE_LOOP ( 'NONE', ( #52, #754, #1401, #1978 ) ) ;
#994 = ORIENTED_EDGE ( 'NONE', *, *, #1223, .F. ) ;
#995 = PRESENTATION_STYLE_ASSIGNMENT (( #1165 ) ) ;
#996 = EDGE_CURVE ( 'NONE', #2446, #1215, #1089, .T. ) ;
#997 =( LENGTH_UNIT ( ) NAMED_UNIT ( * ) SI_UNIT ( .MILLI., .METRE. ) );
#998 = DIRECTION ( 'NONE',  ( -0.000000000000000000, 1.000000000000000000, -0.000000000000000000 ) ) ;
#999 = DIRECTION ( 'NONE',  ( -1.000000000000000000, 0.000000000000000000, -0.000000000000000000 ) ) ;
#1000 = LINE ( 'NONE', #1619, #903 ) ;
#1001 = MECHANICAL_DESIGN_GEOMETRIC_PRESENTATION_REPRESENTATION (  '', ( #2329 ), #2377 ) ;
#1002 = UNCERTAINTY_MEASURE_WITH_UNIT (LENGTH_MEASURE( 1.000000000000000082E-05 ), #1804, 'distance_accuracy_value', 'NONE');
#1003 = ORIENTED_EDGE ( 'NONE', *, *, #33, .T. ) ;
#1004 =( GEOMETRIC_REPRESENTATION_CONTEXT ( 3 ) GLOBAL_UNCERTAINTY_ASSIGNED_CONTEXT ( ( #2603 ) ) GLOBAL_UNIT_ASSIGNED_CONTEXT ( ( #2594, #1193, #338 ) ) REPRESENTATION_CONTEXT ( 'NONE', 'WORKASPACE' ) );
#1005 = DIRECTION ( 'NONE',  ( -0.000000000000000000, 1.000000000000000000, -0.000000000000000000 ) ) ;
#1006 = CIRCLE ( 'NONE', #867, 1.649999999999984812 ) ;
#1007 =( NAMED_UNIT ( * ) PLANE_ANGLE_UNIT ( ) SI_UNIT ( $, .RADIAN. ) );
#1008 = CARTESIAN_POINT ( 'NONE',  ( 50.00000000000103029, 3.000000000000001332, 149.9999999999999147 ) ) ;
#1009 = AXIS2_PLACEMENT_3D ( 'NONE', #879, #2130, #2767 ) ;
#1010 = ORIENTED_EDGE ( 'NONE', *, *, #1362, .F. ) ;
#1011 = DIRECTION ( 'NONE',  ( -0.000000000000000000, 1.000000000000000000, -0.000000000000000000 ) ) ;
#1012 = CARTESIAN_POINT ( 'NONE',  ( 174.9999999999999147, 3.000000000000001776, -170.6999999999999602 ) ) ;
#1013 = DIRECTION ( 'NONE',  ( -0.000000000000000000, 1.000000000000000000, -0.000000000000000000 ) ) ;
#1014 = EDGE_CURVE ( 'NONE', #7, #767, #2760, .T. ) ;
#1015 = ADVANCED_FACE ( 'NONE', ( #585 ), #1869, .T. ) ;
#1016 = SURFACE_STYLE_USAGE ( .BOTH. , #2277 ) ;
#1017 = ORIENTED_EDGE ( 'NONE', *, *, #1183, .T. ) ;
#1018 = DIRECTION ( 'NONE',  ( 0.000000000000000000, 0.000000000000000000, 1.000000000000000000 ) ) ;
#1019 = CARTESIAN_POINT ( 'NONE',  ( -172.4999999999999432, 0.000000000000000000, 252.5000000000000000 ) ) ;
#1020 = DIRECTION ( 'NONE',  ( 0.000000000000000000, 0.000000000000000000, 1.000000000000000000 ) ) ;
#1021 = ORIENTED_EDGE ( 'NONE', *, *, #2695, .T. ) ;
#1022 = CARTESIAN_POINT ( 'NONE',  ( 174.9999999999999147, 3.000000000000000000, -174.9999999999999716 ) ) ;
#1023 = ORIENTED_EDGE ( 'NONE', *, *, #1598, .T. ) ;
#1024 = SURFACE_SIDE_STYLE ('',( #161 ) ) ;
#1025 = EDGE_CURVE ( 'NONE', #251, #2595, #388, .T. ) ;
#1026 = EDGE_CURVE ( 'NONE', #1799, #2563, #1703, .T. ) ;
#1027 = EDGE_LOOP ( 'NONE', ( #2335, #160, #693, #2763 ) ) ;
#1028 = DIRECTION ( 'NONE',  ( -0.000000000000000000, 1.000000000000000000, -0.000000000000000000 ) ) ;
#1029 = DIRECTION ( 'NONE',  ( 0.000000000000000000, 0.000000000000000000, 1.000000000000000000 ) ) ;
#1030 = CARTESIAN_POINT ( 'NONE',  ( 150.0000000000000000, 3.000000000000001332, 48.34999999999993037 ) ) ;
#1031 = EDGE_LOOP ( 'NONE', ( #1743, #1361 ) ) ;
#1032 = AXIS2_PLACEMENT_3D ( 'NONE', #1240, #779, #2070 ) ;
#1033 = CARTESIAN_POINT ( 'NONE',  ( -182.5000000000000568, 3.000000000000000000, 47.52000821926898055 ) ) ;
#1034 = DIRECTION ( 'NONE',  ( 0.000000000000000000, -1.000000000000000000, 0.000000000000000000 ) ) ;
#1035 = AXIS2_PLACEMENT_3D ( 'NONE', #766, #1418, #179 ) ;
#1036 = ORIENTED_EDGE ( 'NONE', *, *, #1358, .T. ) ;
#1037 = FILL_AREA_STYLE_COLOUR ( '', #286 ) ;
#1038 = SURFACE_STYLE_FILL_AREA ( #2679 ) ;
#1039 = SURFACE_SIDE_STYLE ('',( #2041 ) ) ;
#1040 = AXIS2_PLACEMENT_3D ( 'NONE', #1293, #2135, #1716 ) ;
#1041 = ORIENTED_EDGE ( 'NONE', *, *, #1025, .T. ) ;
#1042 = CARTESIAN_POINT ( 'NONE',  ( 150.0000000000010516, 3.000000000000000000, 151.6499999999998920 ) ) ;
#1043 = CARTESIAN_POINT ( 'NONE',  ( -242.4999999999999432, 0.000000000000000000, 87.00207538209711799 ) ) ;
#1044 = CIRCLE ( 'NONE', #1879, 1.649999999999998579 ) ;
#1045 = STYLED_ITEM ( 'NONE', ( #195 ), #497 ) ;
#1046 = EDGE_CURVE ( 'NONE', #724, #1799, #1582, .T. ) ;
#1047 = AXIS2_PLACEMENT_3D ( 'NONE', #2418, #509, #354 ) ;
#1048 = AXIS2_PLACEMENT_3D ( 'NONE', #1197, #697, #1351 ) ;
#1049 = ORIENTED_EDGE ( 'NONE', *, *, #758, .T. ) ;
#1050 = CIRCLE ( 'NONE', #2590, 2.250000000000001776 ) ;
#1051 = CARTESIAN_POINT ( 'NONE',  ( 50.00000000000103029, 0.000000000000000000, 151.6499999999998920 ) ) ;
#1052 = VERTEX_POINT ( 'NONE', #1019 ) ;
#1053 = DIRECTION ( 'NONE',  ( -0.000000000000000000, 1.000000000000000000, -0.000000000000000000 ) ) ;
#1054 = PRESENTATION_STYLE_ASSIGNMENT (( #2318 ) ) ;
#1055 = VERTEX_POINT ( 'NONE', #1266 ) ;
#1056 = CARTESIAN_POINT ( 'NONE',  ( -150.0000000000003411, 3.000000000000001332, -151.6499999999992383 ) ) ;
#1057 = FILL_AREA_STYLE_COLOUR ( '', #2463 ) ;
#1058 = ORIENTED_EDGE ( 'NONE', *, *, #2094, .F. ) ;
#1059 = VECTOR ( 'NONE', #2399, 1000.000000000000000 ) ;
#1060 = CARTESIAN_POINT ( 'NONE',  ( -49.99999999999894840, 3.000000000000001332, 148.3499999999999375 ) ) ;
#1061 = CARTESIAN_POINT ( 'NONE',  ( 150.0000000000010516, 0.000000000000000000, 148.3499999999999375 ) ) ;
#1062 = ADVANCED_FACE ( 'NONE', ( #2322 ), #1692, .F. ) ;
#1063 = ORIENTED_EDGE ( 'NONE', *, *, #218, .F. ) ;
#1064 =( NAMED_UNIT ( * ) PLANE_ANGLE_UNIT ( ) SI_UNIT ( $, .RADIAN. ) );
#1065 = MECHANICAL_DESIGN_GEOMETRIC_PRESENTATION_REPRESENTATION (  '', ( #2265 ), #579 ) ;
#1066 = AXIS2_PLACEMENT_3D ( 'NONE', #1304, #1513, #238 ) ;
#1067 = FACE_OUTER_BOUND ( 'NONE', #1027, .T. ) ;
#1068 =( GEOMETRIC_REPRESENTATION_CONTEXT ( 3 ) GLOBAL_UNCERTAINTY_ASSIGNED_CONTEXT ( ( #782 ) ) GLOBAL_UNIT_ASSIGNED_CONTEXT ( ( #1575, #2420, #2631 ) ) REPRESENTATION_CONTEXT ( 'NONE', 'WORKASPACE' ) );
#1069 = VECTOR ( 'NONE', #845, 999.9999999999998863 ) ;
#1070 = ORIENTED_EDGE ( 'NONE', *, *, #481, .F. ) ;
#1071 = FACE_OUTER_BOUND ( 'NONE', #993, .T. ) ;
#1072 = CARTESIAN_POINT ( 'NONE',  ( -182.5000000000000568, 3.000000000000000000, 54.52208360136609855 ) ) ;
#1073 =( LENGTH_UNIT ( ) NAMED_UNIT ( * ) SI_UNIT ( .MILLI., .METRE. ) );
#1074 = EDGE_LOOP ( 'NONE', ( #2341, #455, #146, #1547 ) ) ;
#1075 = CARTESIAN_POINT ( 'NONE',  ( 174.9999999999999147, 4.336808689942017736E-16, -174.9999999999999716 ) ) ;
#1076 = DIRECTION ( 'NONE',  ( 0.000000000000000000, 0.000000000000000000, 1.000000000000000000 ) ) ;
#1077 = VERTEX_POINT ( 'NONE', #1243 ) ;
#1078 = CARTESIAN_POINT ( 'NONE',  ( -150.0000000000000000, 3.000000000000000000, 50.00000000000061107 ) ) ;
#1079 = EDGE_CURVE ( 'NONE', #2193, #1854, #2715, .T. ) ;
#1080 =( NAMED_UNIT ( * ) PLANE_ANGLE_UNIT ( ) SI_UNIT ( $, .RADIAN. ) );
#1081 = ORIENTED_EDGE ( 'NONE', *, *, #1662, .T. ) ;
#1082 = AXIS2_PLACEMENT_3D ( 'NONE', #1191, #948, #2043 ) ;
#1083 = CARTESIAN_POINT ( 'NONE',  ( 149.9999999999996589, 3.000000000000000000, -151.6499999999999204 ) ) ;
#1084 = DIRECTION ( 'NONE',  ( -0.000000000000000000, 1.000000000000000000, -0.000000000000000000 ) ) ;
#1085 = CIRCLE ( 'NONE', #414, 1.649999999999984812 ) ;
#1086 = DIRECTION ( 'NONE',  ( 0.000000000000000000, 0.000000000000000000, 1.000000000000000000 ) ) ;
#1087 =( GEOMETRIC_REPRESENTATION_CONTEXT ( 3 ) GLOBAL_UNCERTAINTY_ASSIGNED_CONTEXT ( ( #919 ) ) GLOBAL_UNIT_ASSIGNED_CONTEXT ( ( #2254, #2295, #1651 ) ) REPRESENTATION_CONTEXT ( 'NONE', 'WORKASPACE' ) );
#1088 = ORIENTED_EDGE ( 'NONE', *, *, #1430, .T. ) ;
#1089 = CIRCLE ( 'NONE', #9, 9.999999999999994671 ) ;
#1090 = AXIS2_PLACEMENT_3D ( 'NONE', #844, #998, #1656 ) ;
#1091 = CARTESIAN_POINT ( 'NONE',  ( 49.99999999999965183, 3.000000000000001332, -151.6499999999999204 ) ) ;
#1092 = VECTOR ( 'NONE', #2455, 1000.000000000000000 ) ;
#1093 = PRESENTATION_LAYER_ASSIGNMENT (  '', '', ( #1045 ) ) ;
#1094 = ORIENTED_EDGE ( 'NONE', *, *, #2111, .F. ) ;
#1095 = COLOUR_RGB ( '',1.000000000000000000, 1.000000000000000000, 1.000000000000000000 ) ;
#1096 = SURFACE_STYLE_FILL_AREA ( #1485 ) ;
#1097 = CIRCLE ( 'NONE', #101, 2.250000000000001776 ) ;
#1098 =( GEOMETRIC_REPRESENTATION_CONTEXT ( 3 ) GLOBAL_UNCERTAINTY_ASSIGNED_CONTEXT ( ( #1002 ) ) GLOBAL_UNIT_ASSIGNED_CONTEXT ( ( #1804, #2609, #974 ) ) REPRESENTATION_CONTEXT ( 'NONE', 'WORKASPACE' ) );
#1099 = AXIS2_PLACEMENT_3D ( 'NONE', #1709, #1277, #1511 ) ;
#1100 = EDGE_CURVE ( 'NONE', #687, #1666, #642, .T. ) ;
#1101 = CARTESIAN_POINT ( 'NONE',  ( 150.0000000000000000, 0.000000000000000000, -51.64999999999992752 ) ) ;
#1102 = ORIENTED_EDGE ( 'NONE', *, *, #1189, .F. ) ;
#1103 = EDGE_CURVE ( 'NONE', #2298, #246, #968, .T. ) ;
#1104 = DIRECTION ( 'NONE',  ( -0.000000000000000000, 1.000000000000000000, -0.000000000000000000 ) ) ;
#1105 = DIRECTION ( 'NONE',  ( -0.000000000000000000, 1.000000000000000000, -0.000000000000000000 ) ) ;
#1106 = VERTEX_POINT ( 'NONE', #690 ) ;
#1107 = CARTESIAN_POINT ( 'NONE',  ( 150.0000000000010516, 0.000000000000000000, 149.9999999999999147 ) ) ;
#1108 = CARTESIAN_POINT ( 'NONE',  ( 172.5000000000000284, 3.000000000000000000, 252.5000000000000000 ) ) ;
#1109 = ORIENTED_EDGE ( 'NONE', *, *, #871, .F. ) ;
#1110 = CARTESIAN_POINT ( 'NONE',  ( -182.5000000000000568, 0.000000000000000000, 47.52000821926898055 ) ) ;
#1111 =( LENGTH_UNIT ( ) NAMED_UNIT ( * ) SI_UNIT ( .MILLI., .METRE. ) );
#1112 = EDGE_LOOP ( 'NONE', ( #744, #857 ) ) ;
#1113 = CYLINDRICAL_SURFACE ( 'NONE', #1408, 80.00000000000001421 ) ;
#1114 = CARTESIAN_POINT ( 'NONE',  ( 49.99999999999965183, 3.000000000000001332, -149.9999999999999432 ) ) ;
#1115 = CARTESIAN_POINT ( 'NONE',  ( -49.99999999999998579, 3.000000000000000000, -48.34999999999995168 ) ) ;
#1116 = ADVANCED_FACE ( 'NONE', ( #1517 ), #670, .F. ) ;
#1117 = ORIENTED_EDGE ( 'NONE', *, *, #1205, .T. ) ;
#1118 = CARTESIAN_POINT ( 'NONE',  ( -252.5000000000000568, 0.000000000000000000, 80.00000000000002842 ) ) ;
#1119 = FACE_OUTER_BOUND ( 'NONE', #212, .T. ) ;
#1120 = MECHANICAL_DESIGN_GEOMETRIC_PRESENTATION_REPRESENTATION (  '', ( #402 ), #2769 ) ;
#1121 = ORIENTED_EDGE ( 'NONE', *, *, #183, .F. ) ;
#1122 = COLOUR_RGB ( '',1.000000000000000000, 1.000000000000000000, 1.000000000000000000 ) ;
#1123 = CARTESIAN_POINT ( 'NONE',  ( -175.0000000000000853, 3.000000000000001776, -174.9999999999999716 ) ) ;
#1124 = VECTOR ( 'NONE', #2100, 1000.000000000000114 ) ;
#1125 = LINE ( 'NONE', #1208, #2260 ) ;
#1126 = ORIENTED_EDGE ( 'NONE', *, *, #1791, .F. ) ;
#1127 = DIRECTION ( 'NONE',  ( -0.000000000000000000, 1.000000000000000000, -0.000000000000000000 ) ) ;
#1128 = CARTESIAN_POINT ( 'NONE',  ( -252.5000000000000568, 0.000000000000000000, -79.99999999999997158 ) ) ;
#1129 = DIRECTION ( 'NONE',  ( 0.000000000000000000, 0.000000000000000000, 1.000000000000000000 ) ) ;
#1130 = VERTEX_POINT ( 'NONE', #2573 ) ;
#1131 = COLOUR_RGB ( '',1.000000000000000000, 1.000000000000000000, 1.000000000000000000 ) ;
#1132 = EDGE_CURVE ( 'NONE', #75, #2301, #1533, .T. ) ;
#1133 = DIRECTION ( 'NONE',  ( 1.000000000000000000, 0.000000000000000000, -1.609018876268343055E-16 ) ) ;
#1134 = CARTESIAN_POINT ( 'NONE',  ( -149.9999999999989484, 3.000000000000000000, 148.3500000000006480 ) ) ;
#1135 = VECTOR ( 'NONE', #2178, 1000.000000000000000 ) ;
#1136 = VERTEX_POINT ( 'NONE', #917 ) ;
#1137 = EDGE_CURVE ( 'NONE', #2514, #82, #2738, .T. ) ;
#1138 = AXIS2_PLACEMENT_3D ( 'NONE', #2651, #1433, #1797 ) ;
#1139 = AXIS2_PLACEMENT_3D ( 'NONE', #714, #108, #2027 ) ;
#1140 = AXIS2_PLACEMENT_3D ( 'NONE', #925, #548, #1777 ) ;
#1141 = DIRECTION ( 'NONE',  ( -0.000000000000000000, 1.000000000000000000, -0.000000000000000000 ) ) ;
#1142 = DIRECTION ( 'NONE',  ( -0.000000000000000000, -1.000000000000000000, 0.000000000000000000 ) ) ;
#1143 = AXIS2_PLACEMENT_3D ( 'NONE', #1078, #1526, #653 ) ;
#1144 = ORIENTED_EDGE ( 'NONE', *, *, #662, .T. ) ;
#1145 = SURFACE_STYLE_FILL_AREA ( #2628 ) ;
#1146 = LINE ( 'NONE', #1188, #125 ) ;
#1147 = EDGE_LOOP ( 'NONE', ( #2071, #2074, #1682, #1203 ) ) ;
#1148 = ORIENTED_EDGE ( 'NONE', *, *, #1601, .F. ) ;
#1149 = EDGE_CURVE ( 'NONE', #2751, #897, #1504, .T. ) ;
#1150 = ORIENTED_EDGE ( 'NONE', *, *, #2128, .F. ) ;
#1151 = LINE ( 'NONE', #1178, #423 ) ;
#1152 = EDGE_CURVE ( 'NONE', #1689, #75, #1044, .T. ) ;
#1153 = DIRECTION ( 'NONE',  ( -0.000000000000000000, 1.000000000000000000, -0.000000000000000000 ) ) ;
#1154 = ORIENTED_EDGE ( 'NONE', *, *, #603, .T. ) ;
#1155 =( NAMED_UNIT ( * ) PLANE_ANGLE_UNIT ( ) SI_UNIT ( $, .RADIAN. ) );
#1156 = FILL_AREA_STYLE_COLOUR ( '', #1122 ) ;
#1157 = CIRCLE ( 'NONE', #304, 1.649999999999984812 ) ;
#1158 = CARTESIAN_POINT ( 'NONE',  ( -245.9202014332566648, 0.000000000000000000, -77.60514917423797954 ) ) ;
#1159 = ORIENTED_EDGE ( 'NONE', *, *, #1794, .F. ) ;
#1160 = EDGE_LOOP ( 'NONE', ( #739, #1506 ) ) ;
#1161 = CARTESIAN_POINT ( 'NONE',  ( 174.9999999999999147, 4.336808689942017736E-16, -174.9999999999999716 ) ) ;
#1162 = FACE_OUTER_BOUND ( 'NONE', #1686, .T. ) ;
#1163 = CARTESIAN_POINT ( 'NONE',  ( 49.99999999999965183, 3.000000000000000000, -148.3499999999999659 ) ) ;
#1164 = ORIENTED_EDGE ( 'NONE', *, *, #1519, .F. ) ;
#1165 = SURFACE_STYLE_USAGE ( .BOTH. , #726 ) ;
#1166 = CIRCLE ( 'NONE', #404, 1.649999999999984812 ) ;
#1167 = PRESENTATION_STYLE_ASSIGNMENT (( #1555 ) ) ;
#1168 = EDGE_CURVE ( 'NONE', #897, #241, #1759, .T. ) ;
#1169 = ORIENTED_EDGE ( 'NONE', *, *, #2031, .F. ) ;
#1170 = SURFACE_STYLE_USAGE ( .BOTH. , #1806 ) ;
#1171 = DIRECTION ( 'NONE',  ( 0.000000000000000000, 0.000000000000000000, 1.000000000000000000 ) ) ;
#1172 = ORIENTED_EDGE ( 'NONE', *, *, #2045, .F. ) ;
#1173 = CARTESIAN_POINT ( 'NONE',  ( -49.99999999999998579, 3.000000000000001332, 49.99999999999991473 ) ) ;
#1174 = CARTESIAN_POINT ( 'NONE',  ( 150.0000000000000000, 3.000000000000000000, -51.64999999999992752 ) ) ;
#1175 = DIRECTION ( 'NONE',  ( -1.609018876268343055E-16, -0.000000000000000000, -1.000000000000000000 ) ) ;
#1176 = DIRECTION ( 'NONE',  ( -0.000000000000000000, 1.000000000000000000, -0.000000000000000000 ) ) ;
#1177 = ORIENTED_EDGE ( 'NONE', *, *, #774, .T. ) ;
#1178 = CARTESIAN_POINT ( 'NONE',  ( 49.99999999999998579, 3.000000000000000000, -48.34999999999995168 ) ) ;
#1179 = SURFACE_STYLE_FILL_AREA ( #1379 ) ;
#1180 = AXIS2_PLACEMENT_3D ( 'NONE', #1550, #1741, #2551 ) ;
#1181 = AXIS2_PLACEMENT_3D ( 'NONE', #1391, #1825, #1611 ) ;
#1182 = COLOUR_RGB ( '',1.000000000000000000, 1.000000000000000000, 1.000000000000000000 ) ;
#1183 = EDGE_CURVE ( 'NONE', #209, #1909, #2663, .T. ) ;
#1184 = VERTEX_POINT ( 'NONE', #716 ) ;
#1185 = DIRECTION ( 'NONE',  ( 1.609018876268343055E-16, 0.000000000000000000, 1.000000000000000000 ) ) ;
#1186 = CIRCLE ( 'NONE', #2066, 80.00000000000001421 ) ;
#1187 =( GEOMETRIC_REPRESENTATION_CONTEXT ( 3 ) GLOBAL_UNCERTAINTY_ASSIGNED_CONTEXT ( ( #43 ) ) GLOBAL_UNIT_ASSIGNED_CONTEXT ( ( #997, #1439, #1262 ) ) REPRESENTATION_CONTEXT ( 'NONE', 'WORKASPACE' ) );
#1188 = CARTESIAN_POINT ( 'NONE',  ( -150.0000000000000000, 3.000000000000000000, 51.65000000000059543 ) ) ;
#1189 = EDGE_CURVE ( 'NONE', #1253, #1077, #2614, .T. ) ;
#1190 = ORIENTED_EDGE ( 'NONE', *, *, #214, .F. ) ;
#1191 = CARTESIAN_POINT ( 'NONE',  ( 174.9999999999999147, 3.000000000000001776, 175.0000000000000284 ) ) ;
#1192 =( NAMED_UNIT ( * ) PLANE_ANGLE_UNIT ( ) SI_UNIT ( $, .RADIAN. ) );
#1193 =( NAMED_UNIT ( * ) PLANE_ANGLE_UNIT ( ) SI_UNIT ( $, .RADIAN. ) );
#1194 = ORIENTED_EDGE ( 'NONE', *, *, #1430, .F. ) ;
#1195 = CARTESIAN_POINT ( 'NONE',  ( 50.00000000000103029, 0.000000000000000000, 149.9999999999999147 ) ) ;
#1196 = CARTESIAN_POINT ( 'NONE',  ( 150.0000000000000000, 3.000000000000001332, -49.99999999999994316 ) ) ;
#1197 = CARTESIAN_POINT ( 'NONE',  ( 174.9999999999999147, 0.9500000000000038414, -174.9999999999999716 ) ) ;
#1198 = CIRCLE ( 'NONE', #979, 9.999999999999994671 ) ;
#1199 = DIRECTION ( 'NONE',  ( -0.000000000000000000, 1.000000000000000000, -0.000000000000000000 ) ) ;
#1200 = CARTESIAN_POINT ( 'NONE',  ( -50.00000000000032685, 3.000000000000000000, -148.3499999999999659 ) ) ;
#1201 = CARTESIAN_POINT ( 'NONE',  ( 172.5000000000000284, 0.000000000000000000, 252.5000000000000000 ) ) ;
#1202 = UNCERTAINTY_MEASURE_WITH_UNIT (LENGTH_MEASURE( 1.000000000000000082E-05 ), #1212, 'distance_accuracy_value', 'NONE');
#1203 = ORIENTED_EDGE ( 'NONE', *, *, #2080, .F. ) ;
#1204 =( NAMED_UNIT ( * ) SI_UNIT ( $, .STERADIAN. ) SOLID_ANGLE_UNIT ( ) );
#1205 = EDGE_CURVE ( 'NONE', #113, #1909, #2205, .T. ) ;
#1206 = ORIENTED_EDGE ( 'NONE', *, *, #1601, .T. ) ;
#1207 = CARTESIAN_POINT ( 'NONE',  ( -175.0000000000000853, 3.000000000000000000, -177.2499999999999716 ) ) ;
#1208 = CARTESIAN_POINT ( 'NONE',  ( 150.0000000000000000, 3.000000000000000000, -48.34999999999995879 ) ) ;
#1209 = PRESENTATION_LAYER_ASSIGNMENT (  '', '', ( #73 ) ) ;
#1210 = CYLINDRICAL_SURFACE ( 'NONE', #1099, 1.649999999999984812 ) ;
#1211 = CARTESIAN_POINT ( 'NONE',  ( -150.0000000000003411, 3.000000000000000000, -149.9999999999992326 ) ) ;
#1212 =( LENGTH_UNIT ( ) NAMED_UNIT ( * ) SI_UNIT ( .MILLI., .METRE. ) );
#1213 = CARTESIAN_POINT ( 'NONE',  ( -150.0000000000003411, 3.000000000000001332, -148.3499999999992554 ) ) ;
#1214 = CARTESIAN_POINT ( 'NONE',  ( 172.5000000000000284, 3.000000000000000000, 172.5000000000000000 ) ) ;
#1215 = VERTEX_POINT ( 'NONE', #1818 ) ;
#1216 = CARTESIAN_POINT ( 'NONE',  ( 172.5000000000000284, 0.000000000000000000, 172.5000000000000000 ) ) ;
#1217 = DIRECTION ( 'NONE',  ( 0.000000000000000000, 0.000000000000000000, 1.000000000000000000 ) ) ;
#1218 = CARTESIAN_POINT ( 'NONE',  ( -150.0000000000003411, 0.000000000000000000, -149.9999999999992326 ) ) ;
#1219 = EDGE_CURVE ( 'NONE', #386, #241, #1574, .T. ) ;
#1220 = VERTEX_POINT ( 'NONE', #298 ) ;
#1221 =( LENGTH_UNIT ( ) NAMED_UNIT ( * ) SI_UNIT ( .MILLI., .METRE. ) );
#1222 =( NAMED_UNIT ( * ) SI_UNIT ( $, .STERADIAN. ) SOLID_ANGLE_UNIT ( ) );
#1223 = EDGE_CURVE ( 'NONE', #241, #897, #2424, .T. ) ;
#1224 = AXIS2_PLACEMENT_3D ( 'NONE', #1829, #1635, #353 ) ;
#1225 = AXIS2_PLACEMENT_3D ( 'NONE', #1887, #1445, #1479 ) ;
#1226 = LINE ( 'NONE', #163, #2237 ) ;
#1227 = LINE ( 'NONE', #138, #1529 ) ;
#1228 = UNCERTAINTY_MEASURE_WITH_UNIT (LENGTH_MEASURE( 1.000000000000000082E-05 ), #377, 'distance_accuracy_value', 'NONE');
#1229 = EDGE_LOOP ( 'NONE', ( #1121, #2015, #2581, #2484 ) ) ;
#1230 = CARTESIAN_POINT ( 'NONE',  ( -175.0000000000000853, 3.000000000000000000, 172.7500000000000284 ) ) ;
#1231 = AXIS2_PLACEMENT_3D ( 'NONE', #791, #1642, #418 ) ;
#1232 = CARTESIAN_POINT ( 'NONE',  ( -242.4999999999999432, 0.000000000000000000, 87.00207538209711799 ) ) ;
#1233 = DIRECTION ( 'NONE',  ( 0.000000000000000000, 0.000000000000000000, 1.000000000000000000 ) ) ;
#1234 = ORIENTED_EDGE ( 'NONE', *, *, #1865, .T. ) ;
#1235 = CARTESIAN_POINT ( 'NONE',  ( -49.99999999999998579, 3.000000000000000000, -49.99999999999994316 ) ) ;
#1236 = EDGE_CURVE ( 'NONE', #120, #349, #1383, .T. ) ;
#1237 = ORIENTED_EDGE ( 'NONE', *, *, #1026, .F. ) ;
#1238 = EDGE_CURVE ( 'NONE', #1728, #2253, #374, .T. ) ;
#1239 = CARTESIAN_POINT ( 'NONE',  ( -172.4999999999999432, 3.000000000000000000, 252.5000000000000000 ) ) ;
#1240 = CARTESIAN_POINT ( 'NONE',  ( 49.99999999999998579, 3.000000000000001332, 49.99999999999991473 ) ) ;
#1241 = ORIENTED_EDGE ( 'NONE', *, *, #2633, .F. ) ;
#1242 = CARTESIAN_POINT ( 'NONE',  ( -175.0000000000000853, 4.336808689942017736E-16, -172.7499999999999716 ) ) ;
#1243 = CARTESIAN_POINT ( 'NONE',  ( 172.5000000000000284, 3.000000000000000000, 252.5000000000000000 ) ) ;
#1244 = PRESENTATION_STYLE_ASSIGNMENT (( #2297 ) ) ;
#1245 = ORIENTED_EDGE ( 'NONE', *, *, #2111, .T. ) ;
#1246 = CARTESIAN_POINT ( 'NONE',  ( 150.0000000000010516, 3.000000000000000000, 149.9999999999999147 ) ) ;
#1247 = DIRECTION ( 'NONE',  ( -0.000000000000000000, 1.000000000000000000, -0.000000000000000000 ) ) ;
#1248 = ORIENTED_EDGE ( 'NONE', *, *, #1519, .T. ) ;
#1249 = CARTESIAN_POINT ( 'NONE',  ( -172.5000000000000000, 3.000000000000000000, -252.5000000000000568 ) ) ;
#1250 = EDGE_CURVE ( 'NONE', #2, #937, #2460, .T. ) ;
#1251 = SURFACE_SIDE_STYLE ('',( #580 ) ) ;
#1252 = CARTESIAN_POINT ( 'NONE',  ( 150.0000000000000000, 0.000000000000000000, 48.34999999999993037 ) ) ;
#1253 = VERTEX_POINT ( 'NONE', #1793 ) ;
#1254 = CIRCLE ( 'NONE', #1614, 1.649999999999998579 ) ;
#1255 = ADVANCED_FACE ( 'NONE', ( #1371 ), #2288, .F. ) ;
#1256 = CARTESIAN_POINT ( 'NONE',  ( -245.9202014332566648, 3.000000000000000000, -77.60514917423797954 ) ) ;
#1257 = FACE_OUTER_BOUND ( 'NONE', #720, .T. ) ;
#1258 = CIRCLE ( 'NONE', #2493, 1.649999999999984812 ) ;
#1259 = ORIENTED_EDGE ( 'NONE', *, *, #2008, .T. ) ;
#1260 = DIRECTION ( 'NONE',  ( -0.000000000000000000, 1.000000000000000000, -0.000000000000000000 ) ) ;
#1261 = VERTEX_POINT ( 'NONE', #1213 ) ;
#1262 =( NAMED_UNIT ( * ) SI_UNIT ( $, .STERADIAN. ) SOLID_ANGLE_UNIT ( ) );
#1263 = EDGE_CURVE ( 'NONE', #2150, #1954, #2376, .T. ) ;
#1264 = AXIS2_PLACEMENT_3D ( 'NONE', #2358, #1127, #29 ) ;
#1265 = VERTEX_POINT ( 'NONE', #1606 ) ;
#1266 = CARTESIAN_POINT ( 'NONE',  ( -189.0797985667434205, 0.000000000000000000, 56.91693442712808348 ) ) ;
#1267 =( GEOMETRIC_REPRESENTATION_CONTEXT ( 3 ) GLOBAL_UNCERTAINTY_ASSIGNED_CONTEXT ( ( #692 ) ) GLOBAL_UNIT_ASSIGNED_CONTEXT ( ( #2291, #2756, #569 ) ) REPRESENTATION_CONTEXT ( 'NONE', 'WORKASPACE' ) );
#1268 = CARTESIAN_POINT ( 'NONE',  ( 150.0000000000000000, 0.000000000000000000, 49.99999999999991473 ) ) ;
#1269 = ADVANCED_FACE ( 'NONE', ( #2436 ), #2449, .T. ) ;
#1270 = COLOUR_RGB ( '',1.000000000000000000, 1.000000000000000000, 1.000000000000000000 ) ;
#1271 = CIRCLE ( 'NONE', #1720, 4.299999999999998046 ) ;
#1272 = ORIENTED_EDGE ( 'NONE', *, *, #1559, .T. ) ;
#1273 = DIRECTION ( 'NONE',  ( 0.000000000000000000, 0.000000000000000000, 1.000000000000000000 ) ) ;
#1274 = AXIS2_PLACEMENT_3D ( 'NONE', #116, #1133, #1609 ) ;
#1275 = CARTESIAN_POINT ( 'NONE',  ( -175.0000000000000853, 3.000000000000001776, -179.2999999999999545 ) ) ;
#1276 = ORIENTED_EDGE ( 'NONE', *, *, #1959, .F. ) ;
#1277 = DIRECTION ( 'NONE',  ( -0.000000000000000000, 1.000000000000000000, -0.000000000000000000 ) ) ;
#1278 = DIRECTION ( 'NONE',  ( 0.000000000000000000, 0.000000000000000000, 1.000000000000000000 ) ) ;
#1279 = ORIENTED_EDGE ( 'NONE', *, *, #2457, .F. ) ;
#1280 = CARTESIAN_POINT ( 'NONE',  ( -175.0000000000000853, 4.336808689942017736E-16, 177.2500000000000284 ) ) ;
#1281 =( NAMED_UNIT ( * ) PLANE_ANGLE_UNIT ( ) SI_UNIT ( $, .RADIAN. ) );
#1282 =( NAMED_UNIT ( * ) SI_UNIT ( $, .STERADIAN. ) SOLID_ANGLE_UNIT ( ) );
#1283 = ORIENTED_EDGE ( 'NONE', *, *, #1808, .F. ) ;
#1284 = ADVANCED_FACE ( 'NONE', ( #570 ), #55, .F. ) ;
#1285 = DIRECTION ( 'NONE',  ( -0.000000000000000000, 1.000000000000000000, -0.000000000000000000 ) ) ;
#1286 = PRESENTATION_STYLE_ASSIGNMENT (( #475 ) ) ;
#1287 = EDGE_LOOP ( 'NONE', ( #1144, #1600, #665, #1552 ) ) ;
#1288 =( LENGTH_UNIT ( ) NAMED_UNIT ( * ) SI_UNIT ( .MILLI., .METRE. ) );
#1289 = DIRECTION ( 'NONE',  ( 0.000000000000000000, 0.000000000000000000, 1.000000000000000000 ) ) ;
#1290 = SURFACE_STYLE_USAGE ( .BOTH. , #2346 ) ;
#1291 = CIRCLE ( 'NONE', #1389, 1.649999999999984812 ) ;
#1292 = VERTEX_POINT ( 'NONE', #522 ) ;
#1293 = CARTESIAN_POINT ( 'NONE',  ( -182.5000000000000568, 0.000000000000000000, 54.52208360136609855 ) ) ;
#1294 = PRESENTATION_STYLE_ASSIGNMENT (( #1754 ) ) ;
#1295 = COLOUR_RGB ( '',1.000000000000000000, 1.000000000000000000, 1.000000000000000000 ) ;
#1296 = EDGE_LOOP ( 'NONE', ( #1970, #920, #2753, #1017 ) ) ;
#1297 = DIRECTION ( 'NONE',  ( 0.000000000000000000, 0.000000000000000000, 1.000000000000000000 ) ) ;
#1298 =( NAMED_UNIT ( * ) PLANE_ANGLE_UNIT ( ) SI_UNIT ( $, .RADIAN. ) );
#1299 = ADVANCED_FACE ( 'NONE', ( #2029 ), #977, .F. ) ;
#1300 = EDGE_LOOP ( 'NONE', ( #544, #184, #167, #707 ) ) ;
#1301 = CARTESIAN_POINT ( 'NONE',  ( -150.0000000000000000, 3.000000000000001332, 50.00000000000061107 ) ) ;
#1302 = ADVANCED_FACE ( 'NONE', ( #1636 ), #2472, .T. ) ;
#1303 = FILL_AREA_STYLE_COLOUR ( '', #2241 ) ;
#1304 = CARTESIAN_POINT ( 'NONE',  ( 49.99999999999998579, 0.000000000000000000, 49.99999999999991473 ) ) ;
#1305 = ORIENTED_EDGE ( 'NONE', *, *, #1446, .F. ) ;
#1306 = DIRECTION ( 'NONE',  ( -1.000000000000000000, -0.000000000000000000, -0.000000000000000000 ) ) ;
#1307 = FACE_BOUND ( 'NONE', #651, .T. ) ;
#1308 = SURFACE_STYLE_USAGE ( .BOTH. , #432 ) ;
#1309 = MECHANICAL_DESIGN_GEOMETRIC_PRESENTATION_REPRESENTATION (  '', ( #1712 ), #672 ) ;
#1310 = UNCERTAINTY_MEASURE_WITH_UNIT (LENGTH_MEASURE( 1.000000000000000082E-05 ), #2174, 'distance_accuracy_value', 'NONE');
#1311 = VERTEX_POINT ( 'NONE', #756 ) ;
#1312 = AXIS2_PLACEMENT_3D ( 'NONE', #1856, #2521, #412 ) ;
#1313 = AXIS2_PLACEMENT_3D ( 'NONE', #2612, #1634, #76 ) ;
#1314 = FACE_OUTER_BOUND ( 'NONE', #1893, .T. ) ;
#1315 = CARTESIAN_POINT ( 'NONE',  ( -172.5000000000000000, 3.000000000000000000, -172.5000000000000000 ) ) ;
#1316 =( GEOMETRIC_REPRESENTATION_CONTEXT ( 3 ) GLOBAL_UNCERTAINTY_ASSIGNED_CONTEXT ( ( #1621 ) ) GLOBAL_UNIT_ASSIGNED_CONTEXT ( ( #88, #2036, #2239 ) ) REPRESENTATION_CONTEXT ( 'NONE', 'WORKASPACE' ) );
#1317 =( GEOMETRIC_REPRESENTATION_CONTEXT ( 3 ) GLOBAL_UNCERTAINTY_ASSIGNED_CONTEXT ( ( #2575 ) ) GLOBAL_UNIT_ASSIGNED_CONTEXT ( ( #2569, #1064, #1907 ) ) REPRESENTATION_CONTEXT ( 'NONE', 'WORKASPACE' ) );
#1318 = ORIENTED_EDGE ( 'NONE', *, *, #2488, .T. ) ;
#1319 = AXIS2_PLACEMENT_3D ( 'NONE', #228, #1330, #1948 ) ;
#1320 = MECHANICAL_DESIGN_GEOMETRIC_PRESENTATION_REPRESENTATION (  '', ( #2069 ), #789 ) ;
#1321 = MECHANICAL_DESIGN_GEOMETRIC_PRESENTATION_REPRESENTATION (  '', ( #470 ), #2018 ) ;
#1322 = DIRECTION ( 'NONE',  ( -0.000000000000000000, 1.000000000000000000, -0.000000000000000000 ) ) ;
#1323 = EDGE_CURVE ( 'NONE', #263, #2446, #1585, .T. ) ;
#1324 = DIRECTION ( 'NONE',  ( -0.000000000000000000, 1.000000000000000000, -0.000000000000000000 ) ) ;
#1325 = ORIENTED_EDGE ( 'NONE', *, *, #1903, .F. ) ;
#1326 = DIRECTION ( 'NONE',  ( 0.000000000000000000, 0.7071067811865479058, 0.7071067811865472397 ) ) ;
#1327 = DIRECTION ( 'NONE',  ( -0.000000000000000000, 1.000000000000000000, -0.000000000000000000 ) ) ;
#1328 = CARTESIAN_POINT ( 'NONE',  ( -245.9202014332566648, 0.000000000000000000, -77.60514917423797954 ) ) ;
#1329 = ORIENTED_EDGE ( 'NONE', *, *, #2597, .F. ) ;
#1330 = DIRECTION ( 'NONE',  ( -0.000000000000000000, 1.000000000000000000, -0.000000000000000000 ) ) ;
#1331 = FILL_AREA_STYLE_COLOUR ( '', #590 ) ;
#1332 = ORIENTED_EDGE ( 'NONE', *, *, #168, .F. ) ;
#1333 =( GEOMETRIC_REPRESENTATION_CONTEXT ( 3 ) GLOBAL_UNCERTAINTY_ASSIGNED_CONTEXT ( ( #2055 ) ) GLOBAL_UNIT_ASSIGNED_CONTEXT ( ( #1388, #951, #1786 ) ) REPRESENTATION_CONTEXT ( 'NONE', 'WORKASPACE' ) );
#1334 = CIRCLE ( 'NONE', #1693, 1.649999999999984812 ) ;
#1335 = SURFACE_STYLE_FILL_AREA ( #396 ) ;
#1336 = DIRECTION ( 'NONE',  ( 0.000000000000000000, 0.000000000000000000, -1.000000000000000000 ) ) ;
#1337 = EDGE_CURVE ( 'NONE', #687, #340, #1151, .T. ) ;
#1338 = ORIENTED_EDGE ( 'NONE', *, *, #2080, .T. ) ;
#1339 = CIRCLE ( 'NONE', #2711, 4.299999999999998046 ) ;
#1340 = DIRECTION ( 'NONE',  ( 0.000000000000000000, 0.000000000000000000, 1.000000000000000000 ) ) ;
#1341 = DIRECTION ( 'NONE',  ( 0.000000000000000000, 0.000000000000000000, 1.000000000000000000 ) ) ;
#1342 = VECTOR ( 'NONE', #2136, 1000.000000000000000 ) ;
#1343 = CIRCLE ( 'NONE', #1999, 1.650000000000012568 ) ;
#1344 = UNCERTAINTY_MEASURE_WITH_UNIT (LENGTH_MEASURE( 1.000000000000000082E-05 ), #631, 'distance_accuracy_value', 'NONE');
#1345 = ORIENTED_EDGE ( 'NONE', *, *, #2426, .T. ) ;
#1346 = CARTESIAN_POINT ( 'NONE',  ( -150.0000000000000000, 3.000000000000001332, -48.34999999999925535 ) ) ;
#1347 = DIRECTION ( 'NONE',  ( 0.000000000000000000, 0.000000000000000000, 1.000000000000000000 ) ) ;
#1348 = ORIENTED_EDGE ( 'NONE', *, *, #2334, .F. ) ;
#1349 = VECTOR ( 'NONE', #2124, 1000.000000000000000 ) ;
#1350 = CIRCLE ( 'NONE', #1525, 1.649999999999984812 ) ;
#1351 = DIRECTION ( 'NONE',  ( 0.000000000000000000, 0.000000000000000000, 1.000000000000000000 ) ) ;
#1352 =( GEOMETRIC_REPRESENTATION_CONTEXT ( 3 ) GLOBAL_UNCERTAINTY_ASSIGNED_CONTEXT ( ( #270 ) ) GLOBAL_UNIT_ASSIGNED_CONTEXT ( ( #626, #2343, #1222 ) ) REPRESENTATION_CONTEXT ( 'NONE', 'WORKASPACE' ) );
#1353 = FACE_BOUND ( 'NONE', #678, .T. ) ;
#1354 = ORIENTED_EDGE ( 'NONE', *, *, #2712, .F. ) ;
#1355 = FACE_OUTER_BOUND ( 'NONE', #713, .T. ) ;
#1356 = CARTESIAN_POINT ( 'NONE',  ( -175.0000000000000853, 4.336808689942017736E-16, 175.0000000000000284 ) ) ;
#1357 = DIRECTION ( 'NONE',  ( -0.000000000000000000, 1.000000000000000000, -0.000000000000000000 ) ) ;
#1358 = EDGE_CURVE ( 'NONE', #761, #1604, #1602, .T. ) ;
#1359 = LINE ( 'NONE', #706, #171 ) ;
#1360 = ORIENTED_EDGE ( 'NONE', *, *, #2443, .T. ) ;
#1361 = ORIENTED_EDGE ( 'NONE', *, *, #2528, .F. ) ;
#1362 = EDGE_CURVE ( 'NONE', #91, #1261, #958, .T. ) ;
#1363 = EDGE_LOOP ( 'NONE', ( #2357, #652, #638, #825 ) ) ;
#1364 = MECHANICAL_DESIGN_GEOMETRIC_PRESENTATION_REPRESENTATION (  '', ( #2690 ), #2640 ) ;
#1365 =( GEOMETRIC_REPRESENTATION_CONTEXT ( 3 ) GLOBAL_UNCERTAINTY_ASSIGNED_CONTEXT ( ( #1946 ) ) GLOBAL_UNIT_ASSIGNED_CONTEXT ( ( #1591, #1381, #1994 ) ) REPRESENTATION_CONTEXT ( 'NONE', 'WORKASPACE' ) );
#1366 = AXIS2_PLACEMENT_3D ( 'NONE', #1960, #850, #2578 ) ;
#1367 = AXIS2_PLACEMENT_3D ( 'NONE', #2268, #1812, #1217 ) ;
#1368 = ORIENTED_EDGE ( 'NONE', *, *, #256, .T. ) ;
#1369 = SURFACE_STYLE_FILL_AREA ( #1979 ) ;
#1370 =( NAMED_UNIT ( * ) SI_UNIT ( $, .STERADIAN. ) SOLID_ANGLE_UNIT ( ) );
#1371 = FACE_OUTER_BOUND ( 'NONE', #861, .T. ) ;
#1372 = ORIENTED_EDGE ( 'NONE', *, *, #1890, .F. ) ;
#1373 = ORIENTED_EDGE ( 'NONE', *, *, #2269, .T. ) ;
#1374 = CYLINDRICAL_SURFACE ( 'NONE', #729, 1.649999999999991696 ) ;
#1375 = ADVANCED_FACE ( 'NONE', ( #2445 ), #682, .F. ) ;
#1376 = ORIENTED_EDGE ( 'NONE', *, *, #1392, .F. ) ;
#1377 = CARTESIAN_POINT ( 'NONE',  ( 174.9999999999999147, 3.000000000000001776, 175.0000000000000284 ) ) ;
#1378 = EDGE_CURVE ( 'NONE', #1311, #209, #235, .T. ) ;
#1379 = FILL_AREA_STYLE ('',( #2644 ) ) ;
#1380 = ORIENTED_EDGE ( 'NONE', *, *, #17, .F. ) ;
#1381 =( NAMED_UNIT ( * ) PLANE_ANGLE_UNIT ( ) SI_UNIT ( $, .RADIAN. ) );
#1382 = DIRECTION ( 'NONE',  ( 0.000000000000000000, 0.000000000000000000, 1.000000000000000000 ) ) ;
#1383 = LINE ( 'NONE', #110, #2636 ) ;
#1384 = EDGE_LOOP ( 'NONE', ( #382, #888 ) ) ;
#1385 = SURFACE_STYLE_USAGE ( .BOTH. , #2033 ) ;
#1386 = CARTESIAN_POINT ( 'NONE',  ( -49.99999999999894840, 3.000000000000000000, 149.9999999999999147 ) ) ;
#1387 = CIRCLE ( 'NONE', #2087, 1.649999999999998579 ) ;
#1388 =( LENGTH_UNIT ( ) NAMED_UNIT ( * ) SI_UNIT ( .MILLI., .METRE. ) );
#1389 = AXIS2_PLACEMENT_3D ( 'NONE', #1008, #798, #1020 ) ;
#1390 = ORIENTED_EDGE ( 'NONE', *, *, #90, .F. ) ;
#1391 = CARTESIAN_POINT ( 'NONE',  ( -149.9999999999989484, 3.000000000000000000, 150.0000000000006253 ) ) ;
#1392 = EDGE_CURVE ( 'NONE', #2514, #246, #2412, .T. ) ;
#1393 = DIRECTION ( 'NONE',  ( 0.000000000000000000, 0.000000000000000000, 1.000000000000000000 ) ) ;
#1394 = EDGE_CURVE ( 'NONE', #2150, #295, #546, .T. ) ;
#1395 = ORIENTED_EDGE ( 'NONE', *, *, #1236, .F. ) ;
#1396 = CARTESIAN_POINT ( 'NONE',  ( 252.5000000000000568, 3.000000000000000000, 172.5000000000000000 ) ) ;
#1397 = CARTESIAN_POINT ( 'NONE',  ( -172.4999999999999432, 3.000000000000000000, 172.5000000000000000 ) ) ;
#1398 = CARTESIAN_POINT ( 'NONE',  ( 174.9999999999999147, 0.9500000000000038414, 175.0000000000000284 ) ) ;
#1399 = COLOUR_RGB ( '',1.000000000000000000, 1.000000000000000000, 1.000000000000000000 ) ;
#1400 = UNCERTAINTY_MEASURE_WITH_UNIT (LENGTH_MEASURE( 1.000000000000000082E-05 ), #1644, 'distance_accuracy_value', 'NONE');
#1401 = ORIENTED_EDGE ( 'NONE', *, *, #2006, .T. ) ;
#1402 = EDGE_LOOP ( 'NONE', ( #2534, #1010 ) ) ;
#1403 = FILL_AREA_STYLE_COLOUR ( '', #2244 ) ;
#1404 = DIRECTION ( 'NONE',  ( -0.000000000000000000, 1.000000000000000000, -0.000000000000000000 ) ) ;
#1405 = EDGE_LOOP ( 'NONE', ( #2557, #2139 ) ) ;
#1406 = DIRECTION ( 'NONE',  ( 0.000000000000000000, 0.000000000000000000, 1.000000000000000000 ) ) ;
#1407 = DIRECTION ( 'NONE',  ( 0.000000000000000000, 1.000000000000000000, 0.000000000000000000 ) ) ;
#1408 = AXIS2_PLACEMENT_3D ( 'NONE', #1503, #656, #2571 ) ;
#1409 = CARTESIAN_POINT ( 'NONE',  ( 49.99999999999998579, 0.000000000000000000, -48.34999999999994458 ) ) ;
#1410 = VECTOR ( 'NONE', #2040, 1000.000000000000000 ) ;
#1411 = MECHANICAL_DESIGN_GEOMETRIC_PRESENTATION_REPRESENTATION (  '', ( #2545 ), #1761 ) ;
#1412 = COLOUR_RGB ( '',1.000000000000000000, 1.000000000000000000, 1.000000000000000000 ) ;
#1413 = ORIENTED_EDGE ( 'NONE', *, *, #202, .F. ) ;
#1414 = ADVANCED_FACE ( 'NONE', ( #938 ), #1800, .F. ) ;
#1415 = FACE_OUTER_BOUND ( 'NONE', #577, .T. ) ;
#1416 = DIRECTION ( 'NONE',  ( 0.000000000000000000, 0.000000000000000000, 1.000000000000000000 ) ) ;
#1417 = VECTOR ( 'NONE', #486, 1000.000000000000000 ) ;
#1418 = DIRECTION ( 'NONE',  ( -0.000000000000000000, 1.000000000000000000, -0.000000000000000000 ) ) ;
#1419 = ORIENTED_EDGE ( 'NONE', *, *, #826, .F. ) ;
#1420 = ADVANCED_FACE ( 'NONE', ( #323 ), #1836, .F. ) ;
#1421 = CARTESIAN_POINT ( 'NONE',  ( 49.99999999999998579, 3.000000000000000000, -51.64999999999993463 ) ) ;
#1422 = CARTESIAN_POINT ( 'NONE',  ( 49.99999999999965183, 0.000000000000000000, -149.9999999999999432 ) ) ;
#1423 = DIRECTION ( 'NONE',  ( -0.000000000000000000, 1.000000000000000000, -0.000000000000000000 ) ) ;
#1424 = ORIENTED_EDGE ( 'NONE', *, *, #599, .F. ) ;
#1425 = DIRECTION ( 'NONE',  ( 0.000000000000000000, 0.000000000000000000, 1.000000000000000000 ) ) ;
#1426 = FILL_AREA_STYLE ('',( #2315 ) ) ;
#1427 = VECTOR ( 'NONE', #1499, 999.9999999999998863 ) ;
#1428 = CARTESIAN_POINT ( 'NONE',  ( 172.5000000000000284, 3.000000000000000000, 172.5000000000000000 ) ) ;
#1429 = CARTESIAN_POINT ( 'NONE',  ( -242.5000000000000000, 3.000000000000000000, -87.00207538209707536 ) ) ;
#1430 = EDGE_CURVE ( 'NONE', #246, #2298, #2741, .T. ) ;
#1431 = ORIENTED_EDGE ( 'NONE', *, *, #1940, .T. ) ;
#1432 = DIRECTION ( 'NONE',  ( -0.000000000000000000, -1.000000000000000000, 0.000000000000000000 ) ) ;
#1433 = DIRECTION ( 'NONE',  ( 0.000000000000000000, 1.000000000000000000, -0.000000000000000000 ) ) ;
#1434 = DIRECTION ( 'NONE',  ( -0.000000000000000000, 1.000000000000000000, -0.000000000000000000 ) ) ;
#1435 = EDGE_CURVE ( 'NONE', #2407, #2411, #1539, .T. ) ;
#1436 = EDGE_LOOP ( 'NONE', ( #2517, #673 ) ) ;
#1437 = AXIS2_PLACEMENT_3D ( 'NONE', #2133, #220, #2757 ) ;
#1438 = FACE_BOUND ( 'NONE', #2107, .T. ) ;
#1439 =( NAMED_UNIT ( * ) PLANE_ANGLE_UNIT ( ) SI_UNIT ( $, .RADIAN. ) );
#1440 = FILL_AREA_STYLE_COLOUR ( '', #643 ) ;
#1441 = SURFACE_STYLE_FILL_AREA ( #581 ) ;
#1442 = EDGE_LOOP ( 'NONE', ( #440, #313, #2384, #1245 ) ) ;
#1443 = CONICAL_SURFACE ( 'NONE', #2138, 4.299999999999998046, 0.7853981633974479459 ) ;
#1444 = DIRECTION ( 'NONE',  ( 0.000000000000000000, 1.000000000000000000, -0.000000000000000000 ) ) ;
#1445 = DIRECTION ( 'NONE',  ( -0.000000000000000000, 1.000000000000000000, -0.000000000000000000 ) ) ;
#1446 = EDGE_CURVE ( 'NONE', #82, #2298, #827, .T. ) ;
#1447 = CARTESIAN_POINT ( 'NONE',  ( -172.5000000000000000, 3.000000000000000000, -172.5000000000000000 ) ) ;
#1448 = VERTEX_POINT ( 'NONE', #405 ) ;
#1449 = ADVANCED_FACE ( 'NONE', ( #2705 ), #2075, .F. ) ;
#1450 =( GEOMETRIC_REPRESENTATION_CONTEXT ( 3 ) GLOBAL_UNCERTAINTY_ASSIGNED_CONTEXT ( ( #1649 ) ) GLOBAL_UNIT_ASSIGNED_CONTEXT ( ( #2710, #1657, #571 ) ) REPRESENTATION_CONTEXT ( 'NONE', 'WORKASPACE' ) );
#1451 = STYLED_ITEM ( 'NONE', ( #981 ), #62 ) ;
#1452 = DIRECTION ( 'NONE',  ( -0.000000000000000000, 1.000000000000000000, -0.000000000000000000 ) ) ;
#1453 = VECTOR ( 'NONE', #1717, 1000.000000000000000 ) ;
#1454 = DIRECTION ( 'NONE',  ( -0.000000000000000000, 1.000000000000000000, -0.000000000000000000 ) ) ;
#1455 = ORIENTED_EDGE ( 'NONE', *, *, #1748, .T. ) ;
#1456 = DIRECTION ( 'NONE',  ( 0.000000000000000000, 0.000000000000000000, 1.000000000000000000 ) ) ;
#1457 = AXIS2_PLACEMENT_3D ( 'NONE', #1075, #35, #640 ) ;
#1458 = DIRECTION ( 'NONE',  ( -0.000000000000000000, 1.000000000000000000, -0.000000000000000000 ) ) ;
#1459 = SURFACE_SIDE_STYLE ('',( #1471 ) ) ;
#1460 = AXIS2_PLACEMENT_3D ( 'NONE', #1301, #2142, #2618 ) ;
#1461 = ORIENTED_EDGE ( 'NONE', *, *, #1990, .T. ) ;
#1462 = DIRECTION ( 'NONE',  ( 0.000000000000000000, 0.000000000000000000, 1.000000000000000000 ) ) ;
#1463 = DIRECTION ( 'NONE',  ( 0.000000000000000000, 0.000000000000000000, 1.000000000000000000 ) ) ;
#1464 = ADVANCED_FACE ( 'NONE', ( #203 ), #2088, .F. ) ;
#1465 = ORIENTED_EDGE ( 'NONE', *, *, #2320, .T. ) ;
#1466 = FACE_OUTER_BOUND ( 'NONE', #1363, .T. ) ;
#1467 = CARTESIAN_POINT ( 'NONE',  ( 174.9999999999999147, 0.9500000000000038414, -174.9999999999999716 ) ) ;
#1468 = ORIENTED_EDGE ( 'NONE', *, *, #2709, .F. ) ;
#1469 = DIRECTION ( 'NONE',  ( -0.000000000000000000, 1.000000000000000000, -0.000000000000000000 ) ) ;
#1470 = CARTESIAN_POINT ( 'NONE',  ( 50.00000000000103029, 3.000000000000000000, 149.9999999999999147 ) ) ;
#1471 = SURFACE_STYLE_FILL_AREA ( #595 ) ;
#1472 = EDGE_LOOP ( 'NONE', ( #102, #1360, #131, #1329 ) ) ;
#1473 =( NAMED_UNIT ( * ) PLANE_ANGLE_UNIT ( ) SI_UNIT ( $, .RADIAN. ) );
#1474 = ORIENTED_EDGE ( 'NONE', *, *, #1731, .F. ) ;
#1475 =( NAMED_UNIT ( * ) SI_UNIT ( $, .STERADIAN. ) SOLID_ANGLE_UNIT ( ) );
#1476 = EDGE_CURVE ( 'NONE', #761, #7, #174, .T. ) ;
#1477 = VERTEX_POINT ( 'NONE', #2736 ) ;
#1478 = VECTOR ( 'NONE', #2228, 1000.000000000000000 ) ;
#1479 = DIRECTION ( 'NONE',  ( 0.000000000000000000, 0.000000000000000000, 1.000000000000000000 ) ) ;
#1480 = SURFACE_STYLE_FILL_AREA ( #2084 ) ;
#1481 = EDGE_LOOP ( 'NONE', ( #2388, #746, #2704, #2172 ) ) ;
#1482 = PRESENTATION_STYLE_ASSIGNMENT (( #601 ) ) ;
#1483 = DIRECTION ( 'NONE',  ( 0.000000000000000000, 0.000000000000000000, 1.000000000000000000 ) ) ;
#1484 = VERTEX_POINT ( 'NONE', #2477 ) ;
#1485 = FILL_AREA_STYLE ('',( #2117 ) ) ;
#1486 = SURFACE_STYLE_FILL_AREA ( #869 ) ;
#1487 =( NAMED_UNIT ( * ) PLANE_ANGLE_UNIT ( ) SI_UNIT ( $, .RADIAN. ) );
#1488 = EDGE_CURVE ( 'NONE', #251, #1958, #1097, .T. ) ;
#1489 = VERTEX_POINT ( 'NONE', #1060 ) ;
#1490 = CARTESIAN_POINT ( 'NONE',  ( -192.5000000000000568, 0.000000000000000000, -47.52000821926893792 ) ) ;
#1491 = DIRECTION ( 'NONE',  ( 0.000000000000000000, 0.000000000000000000, 1.000000000000000000 ) ) ;
#1492 = STYLED_ITEM ( 'NONE', ( #2122 ), #985 ) ;
#1493 = COLOUR_RGB ( '',1.000000000000000000, 1.000000000000000000, 1.000000000000000000 ) ;
#1494 = FILL_AREA_STYLE_COLOUR ( '', #1620 ) ;
#1495 = AXIS2_PLACEMENT_3D ( 'NONE', #342, #1452, #1838 ) ;
#1496 = EDGE_LOOP ( 'NONE', ( #1835, #70, #1348, #1021 ) ) ;
#1497 = DIRECTION ( 'NONE',  ( -0.000000000000000000, 1.000000000000000000, -0.000000000000000000 ) ) ;
#1498 = VECTOR ( 'NONE', #1652, 1000.000000000000000 ) ;
#1499 = DIRECTION ( 'NONE',  ( 0.000000000000000000, 0.7071067811865479058, 0.7071067811865472397 ) ) ;
#1500 = ORIENTED_EDGE ( 'NONE', *, *, #1238, .F. ) ;
#1501 = FILL_AREA_STYLE ('',( #2772 ) ) ;
#1502 = EDGE_LOOP ( 'NONE', ( #959, #1704, #449, #2056 ) ) ;
#1503 = CARTESIAN_POINT ( 'NONE',  ( 172.5000000000000000, 3.000000000000000000, -172.5000000000000000 ) ) ;
#1504 = LINE ( 'NONE', #1781, #331 ) ;
#1505 = EDGE_CURVE ( 'NONE', #819, #906, #239, .T. ) ;
#1506 = ORIENTED_EDGE ( 'NONE', *, *, #2458, .F. ) ;
#1507 = EDGE_CURVE ( 'NONE', #363, #1985, #685, .T. ) ;
#1508 = DIRECTION ( 'NONE',  ( 0.000000000000000000, 0.000000000000000000, 1.000000000000000000 ) ) ;
#1509 = SURFACE_STYLE_USAGE ( .BOTH. , #457 ) ;
#1510 = EDGE_LOOP ( 'NONE', ( #2076, #530, #1925, #1639 ) ) ;
#1511 = DIRECTION ( 'NONE',  ( 0.000000000000000000, 0.000000000000000000, 1.000000000000000000 ) ) ;
#1512 = DIRECTION ( 'NONE',  ( 0.000000000000000000, 0.000000000000000000, 1.000000000000000000 ) ) ;
#1513 = DIRECTION ( 'NONE',  ( -0.000000000000000000, 1.000000000000000000, -0.000000000000000000 ) ) ;
#1514 = ORIENTED_EDGE ( 'NONE', *, *, #1523, .F. ) ;
#1515 = FACE_OUTER_BOUND ( 'NONE', #2001, .T. ) ;
#1516 = DIRECTION ( 'NONE',  ( 0.000000000000000000, 0.000000000000000000, 1.000000000000000000 ) ) ;
#1517 = FACE_OUTER_BOUND ( 'NONE', #513, .T. ) ;
#1518 = DIRECTION ( 'NONE',  ( -0.000000000000000000, 1.000000000000000000, -0.000000000000000000 ) ) ;
#1519 = EDGE_CURVE ( 'NONE', #1747, #876, #456, .T. ) ;
#1520 = ORIENTED_EDGE ( 'NONE', *, *, #826, .T. ) ;
#1521 = CARTESIAN_POINT ( 'NONE',  ( -172.4999999999999432, 3.000000000000000000, 172.5000000000000000 ) ) ;
#1522 = DIRECTION ( 'NONE',  ( 0.000000000000000000, 1.000000000000000000, 0.000000000000000000 ) ) ;
#1523 = EDGE_CURVE ( 'NONE', #2726, #1814, #1764, .T. ) ;
#1524 = ORIENTED_EDGE ( 'NONE', *, *, #45, .F. ) ;
#1525 = AXIS2_PLACEMENT_3D ( 'NONE', #2665, #2293, #991 ) ;
#1526 = DIRECTION ( 'NONE',  ( -0.000000000000000000, 1.000000000000000000, -0.000000000000000000 ) ) ;
#1527 = CARTESIAN_POINT ( 'NONE',  ( -149.9999999999989484, 3.000000000000001332, 150.0000000000006253 ) ) ;
#1528 = CARTESIAN_POINT ( 'NONE',  ( -175.0000000000000853, 3.000000000000001776, -179.2999999999999545 ) ) ;
#1529 = VECTOR ( 'NONE', #1881, 1000.000000000000000 ) ;
#1530 = EDGE_LOOP ( 'NONE', ( #540, #1616, #1848, #2134 ) ) ;
#1531 = LINE ( 'NONE', #2373, #2585 ) ;
#1532 = CARTESIAN_POINT ( 'NONE',  ( 174.9999999999999147, 3.000000000000001776, -174.9999999999999716 ) ) ;
#1533 = LINE ( 'NONE', #224, #2370 ) ;
#1534 = DIRECTION ( 'NONE',  ( 0.000000000000000000, 0.000000000000000000, 1.000000000000000000 ) ) ;
#1535 = VERTEX_POINT ( 'NONE', #890 ) ;
#1536 = AXIS2_PLACEMENT_3D ( 'NONE', #2375, #1357, #1928 ) ;
#1537 = DIRECTION ( 'NONE',  ( 0.000000000000000000, 0.000000000000000000, 1.000000000000000000 ) ) ;
#1538 = FILL_AREA_STYLE_COLOUR ( '', #1131 ) ;
#1539 = CIRCLE ( 'NONE', #335, 1.649999999999984812 ) ;
#1540 = AXIS2_PLACEMENT_3D ( 'NONE', #72, #1603, #277 ) ;
#1541 = ORIENTED_EDGE ( 'NONE', *, *, #2128, .T. ) ;
#1542 = PRESENTATION_LAYER_ASSIGNMENT (  '', '', ( #2743 ) ) ;
#1543 = CIRCLE ( 'NONE', #1367, 1.649999999999984812 ) ;
#1544 = EDGE_CURVE ( 'NONE', #1663, #1732, #194, .T. ) ;
#1545 = SURFACE_SIDE_STYLE ('',( #1335 ) ) ;
#1546 = DIRECTION ( 'NONE',  ( -0.000000000000000000, 1.000000000000000000, -0.000000000000000000 ) ) ;
#1547 = ORIENTED_EDGE ( 'NONE', *, *, #533, .T. ) ;
#1548 = CARTESIAN_POINT ( 'NONE',  ( 174.9999999999999147, 3.000000000000000000, -174.9999999999999716 ) ) ;
#1549 = CARTESIAN_POINT ( 'NONE',  ( 49.99999999999965183, 3.000000000000001332, -148.3499999999999659 ) ) ;
#1550 = CARTESIAN_POINT ( 'NONE',  ( -150.0000000000000000, 3.000000000000000000, 50.00000000000061107 ) ) ;
#1551 = DIRECTION ( 'NONE',  ( 0.000000000000000000, 0.000000000000000000, -1.000000000000000000 ) ) ;
#1552 = ORIENTED_EDGE ( 'NONE', *, *, #2200, .T. ) ;
#1553 = AXIS2_PLACEMENT_3D ( 'NONE', #2466, #133, #491 ) ;
#1554 = ORIENTED_EDGE ( 'NONE', *, *, #1544, .T. ) ;
#1555 = SURFACE_STYLE_USAGE ( .BOTH. , #310 ) ;
#1556 = LINE ( 'NONE', #341, #2707 ) ;
#1557 = MECHANICAL_DESIGN_GEOMETRIC_PRESENTATION_REPRESENTATION (  '', ( #2310 ), #987 ) ;
#1558 = ORIENTED_EDGE ( 'NONE', *, *, #1778, .T. ) ;
#1559 = EDGE_CURVE ( 'NONE', #1732, #1663, #1802, .T. ) ;
#1560 = DIRECTION ( 'NONE',  ( 0.000000000000000000, 0.000000000000000000, 1.000000000000000000 ) ) ;
#1561 = LINE ( 'NONE', #657, #1914 ) ;
#1562 = CARTESIAN_POINT ( 'NONE',  ( 49.99999999999998579, 0.000000000000000000, -49.99999999999994316 ) ) ;
#1563 = DIRECTION ( 'NONE',  ( -0.000000000000000000, 1.000000000000000000, -0.000000000000000000 ) ) ;
#1564 = UNCERTAINTY_MEASURE_WITH_UNIT (LENGTH_MEASURE( 1.000000000000000082E-05 ), #1111, 'distance_accuracy_value', 'NONE');
#1565 = ORIENTED_EDGE ( 'NONE', *, *, #1681, .T. ) ;
#1566 = SURFACE_SIDE_STYLE ('',( #708 ) ) ;
#1567 = ORIENTED_EDGE ( 'NONE', *, *, #1852, .F. ) ;
#1568 = CARTESIAN_POINT ( 'NONE',  ( -175.0000000000000853, 0.9500000000000038414, -174.9999999999999716 ) ) ;
#1569 =( NAMED_UNIT ( * ) SI_UNIT ( $, .STERADIAN. ) SOLID_ANGLE_UNIT ( ) );
#1570 = PRODUCT_DEFINITION_SHAPE ( 'NONE', 'NONE',  #2245 ) ;
#1571 = ORIENTED_EDGE ( 'NONE', *, *, #2597, .T. ) ;
#1572 = PRESENTATION_STYLE_ASSIGNMENT (( #1170 ) ) ;
#1573 = CARTESIAN_POINT ( 'NONE',  ( -150.0000000000003411, 3.000000000000000000, -151.6499999999992383 ) ) ;
#1574 = LINE ( 'NONE', #1200, #1973 ) ;
#1575 =( LENGTH_UNIT ( ) NAMED_UNIT ( * ) SI_UNIT ( .MILLI., .METRE. ) );
#1576 = EDGE_CURVE ( 'NONE', #1136, #2150, #1745, .T. ) ;
#1577 = ORIENTED_EDGE ( 'NONE', *, *, #1323, .T. ) ;
#1578 = CARTESIAN_POINT ( 'NONE',  ( -252.5000000000000568, 3.000000000000000000, -79.99999999999997158 ) ) ;
#1579 = CARTESIAN_POINT ( 'NONE',  ( -175.0000000000000853, 3.000000000000000000, 175.0000000000000284 ) ) ;
#1580 = CYLINDRICAL_SURFACE ( 'NONE', #57, 2.250000000000001776 ) ;
#1581 = DIRECTION ( 'NONE',  ( -0.000000000000000000, 1.000000000000000000, -0.000000000000000000 ) ) ;
#1582 = CIRCLE ( 'NONE', #1225, 1.649999999999984812 ) ;
#1583 = AXIS2_PLACEMENT_3D ( 'NONE', #1868, #1659, #1456 ) ;
#1584 = VERTEX_POINT ( 'NONE', #1091 ) ;
#1585 = LINE ( 'NONE', #104, #2332 ) ;
#1586 = AXIS2_PLACEMENT_3D ( 'NONE', #944, #2681, #1171 ) ;
#1587 = STYLED_ITEM ( 'NONE', ( #1572 ), #446 ) ;
#1588 = STYLED_ITEM ( 'NONE', ( #2659 ), #586 ) ;
#1589 = CARTESIAN_POINT ( 'NONE',  ( -192.5000000000000568, 3.000000000000000000, -47.52000821926893792 ) ) ;
#1590 = ORIENTED_EDGE ( 'NONE', *, *, #966, .F. ) ;
#1591 =( LENGTH_UNIT ( ) NAMED_UNIT ( * ) SI_UNIT ( .MILLI., .METRE. ) );
#1592 = DIRECTION ( 'NONE',  ( -0.000000000000000000, 1.000000000000000000, -0.000000000000000000 ) ) ;
#1593 = CARTESIAN_POINT ( 'NONE',  ( -49.99999999999998579, 0.000000000000000000, -49.99999999999994316 ) ) ;
#1594 = CARTESIAN_POINT ( 'NONE',  ( -50.00000000000032685, 0.000000000000000000, -149.9999999999999432 ) ) ;
#1595 = UNCERTAINTY_MEASURE_WITH_UNIT (LENGTH_MEASURE( 1.000000000000000082E-05 ), #2097, 'distance_accuracy_value', 'NONE');
#1596 = EDGE_LOOP ( 'NONE', ( #436, #967, #64, #215 ) ) ;
#1597 = CARTESIAN_POINT ( 'NONE',  ( 49.99999999999998579, 0.000000000000000000, 48.34999999999991616 ) ) ;
#1598 = EDGE_CURVE ( 'NONE', #2401, #2246, #22, .T. ) ;
#1599 = CARTESIAN_POINT ( 'NONE',  ( -172.5000000000000000, 3.000000000000000000, -252.5000000000000568 ) ) ;
#1600 = ORIENTED_EDGE ( 'NONE', *, *, #2750, .F. ) ;
#1601 = EDGE_CURVE ( 'NONE', #1136, #644, #1050, .T. ) ;
#1602 = LINE ( 'NONE', #2624, #1092 ) ;
#1603 = DIRECTION ( 'NONE',  ( -0.000000000000000000, 1.000000000000000000, -0.000000000000000000 ) ) ;
#1604 = VERTEX_POINT ( 'NONE', #474 ) ;
#1605 = FACE_OUTER_BOUND ( 'NONE', #1074, .T. ) ;
#1606 = CARTESIAN_POINT ( 'NONE',  ( 149.9999999999996589, 3.000000000000001332, -151.6499999999999204 ) ) ;
#1607 = CARTESIAN_POINT ( 'NONE',  ( -192.5000000000000568, 3.000000000000000000, 47.52000821926898055 ) ) ;
#1608 = FILL_AREA_STYLE_COLOUR ( '', #233 ) ;
#1609 = DIRECTION ( 'NONE',  ( -1.609018876268343055E-16, 0.000000000000000000, -1.000000000000000000 ) ) ;
#1610 = ORIENTED_EDGE ( 'NONE', *, *, #2426, .F. ) ;
#1611 = DIRECTION ( 'NONE',  ( 0.000000000000000000, 0.000000000000000000, 1.000000000000000000 ) ) ;
#1612 = FACE_BOUND ( 'NONE', #112, .T. ) ;
#1613 = EDGE_CURVE ( 'NONE', #205, #1106, #14, .T. ) ;
#1614 = AXIS2_PLACEMENT_3D ( 'NONE', #2248, #1592, #1382 ) ;
#1615 = DIRECTION ( 'NONE',  ( 0.000000000000000000, 0.000000000000000000, -1.000000000000000000 ) ) ;
#1616 = ORIENTED_EDGE ( 'NONE', *, *, #841, .F. ) ;
#1617 = CYLINDRICAL_SURFACE ( 'NONE', #864, 1.649999999999984812 ) ;
#1618 = DIRECTION ( 'NONE',  ( -0.000000000000000000, 1.000000000000000000, -0.000000000000000000 ) ) ;
#1619 = CARTESIAN_POINT ( 'NONE',  ( -150.0000000000000000, 3.000000000000000000, -51.64999999999922409 ) ) ;
#1620 = COLOUR_RGB ( '',1.000000000000000000, 1.000000000000000000, 1.000000000000000000 ) ;
#1621 = UNCERTAINTY_MEASURE_WITH_UNIT (LENGTH_MEASURE( 1.000000000000000082E-05 ), #88, 'distance_accuracy_value', 'NONE');
#1622 = ORIENTED_EDGE ( 'NONE', *, *, #2419, .F. ) ;
#1623 = LINE ( 'NONE', #1421, #1711 ) ;
#1624 = LINE ( 'NONE', #1174, #1976 ) ;
#1625 =( NAMED_UNIT ( * ) SI_UNIT ( $, .STERADIAN. ) SOLID_ANGLE_UNIT ( ) );
#1626 = EDGE_LOOP ( 'NONE', ( #620, #370 ) ) ;
#1627 = DIRECTION ( 'NONE',  ( 8.659560562354930393E-17, 0.7071067811865479058, -0.7071067811865472397 ) ) ;
#1628 = FACE_BOUND ( 'NONE', #1708, .T. ) ;
#1629 = AXIS2_PLACEMENT_3D ( 'NONE', #371, #1469, #181 ) ;
#1630 = CIRCLE ( 'NONE', #1923, 1.649999999999984812 ) ;
#1631 = AXIS2_PLACEMENT_3D ( 'NONE', #210, #1560, #2402 ) ;
#1632 = ADVANCED_FACE ( 'NONE', ( #1722 ), #2361, .F. ) ;
#1633 = MECHANICAL_DESIGN_GEOMETRIC_PRESENTATION_REPRESENTATION (  '', ( #2429 ), #1098 ) ;
#1634 = DIRECTION ( 'NONE',  ( -0.000000000000000000, 1.000000000000000000, -0.000000000000000000 ) ) ;
#1635 = DIRECTION ( 'NONE',  ( 0.000000000000000000, 0.000000000000000000, 1.000000000000000000 ) ) ;
#1636 = FACE_OUTER_BOUND ( 'NONE', #1763, .T. ) ;
#1637 = COLOUR_RGB ( '',1.000000000000000000, 1.000000000000000000, 1.000000000000000000 ) ;
#1638 = ORIENTED_EDGE ( 'NONE', *, *, #168, .T. ) ;
#1639 = ORIENTED_EDGE ( 'NONE', *, *, #554, .T. ) ;
#1640 = DIRECTION ( 'NONE',  ( 0.000000000000000000, 0.000000000000000000, 1.000000000000000000 ) ) ;
#1641 = EDGE_LOOP ( 'NONE', ( #1159, #1993 ) ) ;
#1642 = DIRECTION ( 'NONE',  ( -0.000000000000000000, 1.000000000000000000, -0.000000000000000000 ) ) ;
#1643 = DIRECTION ( 'NONE',  ( 0.000000000000000000, 0.000000000000000000, 1.000000000000000000 ) ) ;
#1644 =( LENGTH_UNIT ( ) NAMED_UNIT ( * ) SI_UNIT ( .MILLI., .METRE. ) );
#1645 = ADVANCED_FACE ( 'NONE', ( #2395 ), #877, .F. ) ;
#1646 = VECTOR ( 'NONE', #1142, 1000.000000000000000 ) ;
#1647 = LINE ( 'NONE', #398, #1867 ) ;
#1648 = ADVANCED_FACE ( 'NONE', ( #1314 ), #2159, .F. ) ;
#1649 = UNCERTAINTY_MEASURE_WITH_UNIT (LENGTH_MEASURE( 1.000000000000000082E-05 ), #2710, 'distance_accuracy_value', 'NONE');
#1650 = ORIENTED_EDGE ( 'NONE', *, *, #517, .T. ) ;
#1651 =( NAMED_UNIT ( * ) SI_UNIT ( $, .STERADIAN. ) SOLID_ANGLE_UNIT ( ) );
#1652 = DIRECTION ( 'NONE',  ( -0.000000000000000000, 1.000000000000000000, -0.000000000000000000 ) ) ;
#1653 = DIRECTION ( 'NONE',  ( -0.000000000000000000, 1.000000000000000000, -0.000000000000000000 ) ) ;
#1654 = ORIENTED_EDGE ( 'NONE', *, *, #742, .F. ) ;
#1655 = FILL_AREA_STYLE_COLOUR ( '', #1718 ) ;
#1656 = DIRECTION ( 'NONE',  ( 0.000000000000000000, 0.000000000000000000, 1.000000000000000000 ) ) ;
#1657 =( NAMED_UNIT ( * ) PLANE_ANGLE_UNIT ( ) SI_UNIT ( $, .RADIAN. ) );
#1658 = ORIENTED_EDGE ( 'NONE', *, *, #924, .F. ) ;
#1659 = DIRECTION ( 'NONE',  ( -0.000000000000000000, 1.000000000000000000, -0.000000000000000000 ) ) ;
#1660 = AXIS2_PLACEMENT_3D ( 'NONE', #2119, #618, #833 ) ;
#1661 =( NAMED_UNIT ( * ) SI_UNIT ( $, .STERADIAN. ) SOLID_ANGLE_UNIT ( ) );
#1662 = EDGE_CURVE ( 'NONE', #1747, #1253, #1186, .T. ) ;
#1663 = VERTEX_POINT ( 'NONE', #1346 ) ;
#1664 = DIRECTION ( 'NONE',  ( 0.000000000000000000, 0.000000000000000000, 1.000000000000000000 ) ) ;
#1665 = CIRCLE ( 'NONE', #2729, 2.250000000000001776 ) ;
#1666 = VERTEX_POINT ( 'NONE', #247 ) ;
#1667 = CARTESIAN_POINT ( 'NONE',  ( -150.0000000000000000, 0.000000000000000000, -48.34999999999925535 ) ) ;
#1668 = VECTOR ( 'NONE', #387, 1000.000000000000000 ) ;
#1669 = AXIS2_PLACEMENT_3D ( 'NONE', #2497, #1679, #2280 ) ;
#1670 = CIRCLE ( 'NONE', #1313, 1.649999999999984812 ) ;
#1671 = FACE_OUTER_BOUND ( 'NONE', #1787, .T. ) ;
#1672 = CARTESIAN_POINT ( 'NONE',  ( -150.0000000000000000, 0.000000000000000000, -49.99999999999923972 ) ) ;
#1673 = VECTOR ( 'NONE', #1627, 999.9999999999998863 ) ;
#1674 = AXIS2_PLACEMENT_3D ( 'NONE', #1589, #324, #2432 ) ;
#1675 = ORIENTED_EDGE ( 'NONE', *, *, #2078, .T. ) ;
#1676 = DIRECTION ( 'NONE',  ( -0.000000000000000000, 1.000000000000000000, -0.000000000000000000 ) ) ;
#1677 = CIRCLE ( 'NONE', #378, 1.649999999999984812 ) ;
#1678 = COLOUR_RGB ( '',1.000000000000000000, 1.000000000000000000, 1.000000000000000000 ) ;
#1679 = DIRECTION ( 'NONE',  ( -0.000000000000000000, 1.000000000000000000, -0.000000000000000000 ) ) ;
#1680 = DIRECTION ( 'NONE',  ( -0.000000000000000000, 1.000000000000000000, -0.000000000000000000 ) ) ;
#1681 = EDGE_CURVE ( 'NONE', #2459, #2401, #1677, .T. ) ;
#1682 = ORIENTED_EDGE ( 'NONE', *, *, #1523, .T. ) ;
#1683 = CARTESIAN_POINT ( 'NONE',  ( -175.0000000000000853, 4.336808689942017736E-16, 175.0000000000000284 ) ) ;
#1684 = FILL_AREA_STYLE_COLOUR ( '', #2676 ) ;
#1685 = ADVANCED_FACE ( 'NONE', ( #1162 ), #2670, .F. ) ;
#1686 = EDGE_LOOP ( 'NONE', ( #129, #1577, #1876, #1164 ) ) ;
#1687 = FILL_AREA_STYLE ('',( #1037 ) ) ;
#1688 = CARTESIAN_POINT ( 'NONE',  ( -49.99999999999998579, 0.000000000000000000, 48.34999999999991616 ) ) ;
#1689 = VERTEX_POINT ( 'NONE', #1821 ) ;
#1690 = CARTESIAN_POINT ( 'NONE',  ( -49.99999999999894840, 3.000000000000000000, 148.3499999999999375 ) ) ;
#1691 = AXIS2_PLACEMENT_3D ( 'NONE', #1532, #1327, #2374 ) ;
#1692 = CYLINDRICAL_SURFACE ( 'NONE', #1312, 10.00000000000000178 ) ;
#1693 = AXIS2_PLACEMENT_3D ( 'NONE', #1196, #50, #578 ) ;
#1694 =( LENGTH_UNIT ( ) NAMED_UNIT ( * ) SI_UNIT ( .MILLI., .METRE. ) );
#1695 = VERTEX_POINT ( 'NONE', #291 ) ;
#1696 = ORIENTED_EDGE ( 'NONE', *, *, #2287, .T. ) ;
#1697 = FACE_OUTER_BOUND ( 'NONE', #2523, .T. ) ;
#1698 = VECTOR ( 'NONE', #2378, 999.9999999999998863 ) ;
#1699 = EDGE_CURVE ( 'NONE', #295, #260, #147, .T. ) ;
#1700 = DIRECTION ( 'NONE',  ( -0.000000000000000000, 1.000000000000000000, -0.000000000000000000 ) ) ;
#1701 = ORIENTED_EDGE ( 'NONE', *, *, #1576, .T. ) ;
#1702 = CARTESIAN_POINT ( 'NONE',  ( -252.5000000000000568, 0.000000000000000000, -172.5000000000000284 ) ) ;
#1703 = LINE ( 'NONE', #1911, #1453 ) ;
#1704 = ORIENTED_EDGE ( 'NONE', *, *, #1505, .F. ) ;
#1705 = CIRCLE ( 'NONE', #1035, 1.649999999999984812 ) ;
#1706 = SURFACE_STYLE_FILL_AREA ( #2515 ) ;
#1707 = PRESENTATION_LAYER_ASSIGNMENT (  '', '', ( #2185 ) ) ;
#1708 = EDGE_LOOP ( 'NONE', ( #2095, #1049 ) ) ;
#1709 = CARTESIAN_POINT ( 'NONE',  ( -150.0000000000000000, 3.000000000000000000, -49.99999999999923972 ) ) ;
#1710 = EDGE_CURVE ( 'NONE', #819, #59, #2017, .T. ) ;
#1711 = VECTOR ( 'NONE', #784, 1000.000000000000000 ) ;
#1712 = STYLED_ITEM ( 'NONE', ( #229 ), #2516 ) ;
#1713 = FACE_OUTER_BOUND ( 'NONE', #201, .T. ) ;
#1714 = ORIENTED_EDGE ( 'NONE', *, *, #2363, .T. ) ;
#1715 = ADVANCED_FACE ( 'NONE', ( #2605 ), #1580, .F. ) ;
#1716 = DIRECTION ( 'NONE',  ( 0.000000000000000000, 0.000000000000000000, -1.000000000000000000 ) ) ;
#1717 = DIRECTION ( 'NONE',  ( -0.000000000000000000, 1.000000000000000000, -0.000000000000000000 ) ) ;
#1718 = COLOUR_RGB ( '',1.000000000000000000, 1.000000000000000000, 1.000000000000000000 ) ;
#1719 = VECTOR ( 'NONE', #1864, 1000.000000000000000 ) ;
#1720 = AXIS2_PLACEMENT_3D ( 'NONE', #1938, #880, #1289 ) ;
#1721 = EDGE_LOOP ( 'NONE', ( #190, #2567, #1272, #2120 ) ) ;
#1722 = FACE_OUTER_BOUND ( 'NONE', #696, .T. ) ;
#1723 = PRESENTATION_LAYER_ASSIGNMENT (  '', '', ( #2550 ) ) ;
#1724 = DIRECTION ( 'NONE',  ( -0.000000000000000000, 1.000000000000000000, -0.000000000000000000 ) ) ;
#1725 = EDGE_LOOP ( 'NONE', ( #2570, #1003, #97, #2622 ) ) ;
#1726 = SURFACE_SIDE_STYLE ('',( #1486 ) ) ;
#1727 = ADVANCED_FACE ( 'NONE', ( #528 ), #935, .F. ) ;
#1728 = VERTEX_POINT ( 'NONE', #2427 ) ;
#1729 = LINE ( 'NONE', #1739, #278 ) ;
#1730 = FACE_BOUND ( 'NONE', #927, .T. ) ;
#1731 = EDGE_CURVE ( 'NONE', #416, #1261, #1972, .T. ) ;
#1732 = VERTEX_POINT ( 'NONE', #743 ) ;
#1733 = DIRECTION ( 'NONE',  ( 0.9396926207859094271, 0.000000000000000000, -0.3420201433256659374 ) ) ;
#1734 = CARTESIAN_POINT ( 'NONE',  ( -149.9999999999989484, 3.000000000000001332, 150.0000000000006253 ) ) ;
#1735 = EDGE_LOOP ( 'NONE', ( #1866, #2397, #519, #23 ) ) ;
#1736 = SURFACE_STYLE_USAGE ( .BOTH. , #514 ) ;
#1737 = AXIS2_PLACEMENT_3D ( 'NONE', #1857, #2716, #610 ) ;
#1738 = ORIENTED_EDGE ( 'NONE', *, *, #90, .T. ) ;
#1739 = CARTESIAN_POINT ( 'NONE',  ( -172.5000000000000000, 0.000000000000000000, -252.5000000000000568 ) ) ;
#1740 = FACE_BOUND ( 'NONE', #87, .T. ) ;
#1741 = DIRECTION ( 'NONE',  ( -0.000000000000000000, 1.000000000000000000, -0.000000000000000000 ) ) ;
#1742 = CYLINDRICAL_SURFACE ( 'NONE', #2522, 1.649999999999984812 ) ;
#1743 = ORIENTED_EDGE ( 'NONE', *, *, #477, .F. ) ;
#1744 = EDGE_CURVE ( 'NONE', #719, #158, #543, .T. ) ;
#1745 = LINE ( 'NONE', #2553, #963 ) ;
#1746 = DIRECTION ( 'NONE',  ( -0.000000000000000000, 1.000000000000000000, -0.000000000000000000 ) ) ;
#1747 = VERTEX_POINT ( 'NONE', #2221 ) ;
#1748 = EDGE_CURVE ( 'NONE', #2700, #587, #60, .T. ) ;
#1749 = DIRECTION ( 'NONE',  ( -0.000000000000000000, 1.000000000000000000, -0.000000000000000000 ) ) ;
#1750 = CARTESIAN_POINT ( 'NONE',  ( -242.5000000000000000, 0.000000000000000000, -87.00207538209707536 ) ) ;
#1751 = ORIENTED_EDGE ( 'NONE', *, *, #889, .T. ) ;
#1752 = DIRECTION ( 'NONE',  ( 0.000000000000000000, 0.000000000000000000, 1.000000000000000000 ) ) ;
#1753 = FACE_BOUND ( 'NONE', #1031, .T. ) ;
#1754 = SURFACE_STYLE_USAGE ( .BOTH. , #2404 ) ;
#1755 = CARTESIAN_POINT ( 'NONE',  ( 174.9999999999999147, 3.000000000000001776, -174.9999999999999716 ) ) ;
#1756 = AXIS2_PLACEMENT_3D ( 'NONE', #2096, #2485, #198 ) ;
#1757 = UNCERTAINTY_MEASURE_WITH_UNIT (LENGTH_MEASURE( 1.000000000000000082E-05 ), #787, 'distance_accuracy_value', 'NONE');
#1758 = ORIENTED_EDGE ( 'NONE', *, *, #1014, .T. ) ;
#1759 = CIRCLE ( 'NONE', #679, 1.649999999999984812 ) ;
#1760 = AXIS2_PLACEMENT_3D ( 'NONE', #2151, #242, #883 ) ;
#1761 =( GEOMETRIC_REPRESENTATION_CONTEXT ( 3 ) GLOBAL_UNCERTAINTY_ASSIGNED_CONTEXT ( ( #356 ) ) GLOBAL_UNIT_ASSIGNED_CONTEXT ( ( #1221, #839, #2689 ) ) REPRESENTATION_CONTEXT ( 'NONE', 'WORKASPACE' ) );
#1762 = PRODUCT_RELATED_PRODUCT_CATEGORY ( 'part', '', ( #1983 ) ) ;
#1763 = EDGE_LOOP ( 'NONE', ( #271, #37, #1988, #301 ) ) ;
#1764 = CIRCLE ( 'NONE', #2109, 4.299999999999998046 ) ;
#1765 =( GEOMETRIC_REPRESENTATION_CONTEXT ( 3 ) GLOBAL_UNCERTAINTY_ASSIGNED_CONTEXT ( ( #1757 ) ) GLOBAL_UNIT_ASSIGNED_CONTEXT ( ( #787, #1007, #1846 ) ) REPRESENTATION_CONTEXT ( 'NONE', 'WORKASPACE' ) );
#1766 = EDGE_CURVE ( 'NONE', #2407, #1858, #100, .T. ) ;
#1767 = APPLICATION_CONTEXT ( 'automotive_design' ) ;
#1768 = ORIENTED_EDGE ( 'NONE', *, *, #2008, .F. ) ;
#1769 = CARTESIAN_POINT ( 'NONE',  ( 49.99999999999965183, 3.000000000000001332, -149.9999999999999432 ) ) ;
#1770 = DIRECTION ( 'NONE',  ( -0.9396926207859094271, 0.000000000000000000, -0.3420201433256657153 ) ) ;
#1771 = DIRECTION ( 'NONE',  ( -0.000000000000000000, 1.000000000000000000, -0.000000000000000000 ) ) ;
#1772 = ORIENTED_EDGE ( 'NONE', *, *, #256, .F. ) ;
#1773 = CARTESIAN_POINT ( 'NONE',  ( 49.99999999999998579, 3.000000000000000000, 51.64999999999990621 ) ) ;
#1774 = CARTESIAN_POINT ( 'NONE',  ( -175.0000000000000853, 4.336808689942017736E-16, -174.9999999999999716 ) ) ;
#1775 = EDGE_LOOP ( 'NONE', ( #1638, #306, #2430, #1984 ) ) ;
#1776 = COLOUR_RGB ( '',1.000000000000000000, 1.000000000000000000, 1.000000000000000000 ) ;
#1777 = DIRECTION ( 'NONE',  ( 0.000000000000000000, 0.000000000000000000, 1.000000000000000000 ) ) ;
#1778 = EDGE_CURVE ( 'NONE', #2101, #1448, #124, .T. ) ;
#1779 = ORIENTED_EDGE ( 'NONE', *, *, #2443, .F. ) ;
#1780 = LINE ( 'NONE', #1573, #1342 ) ;
#1781 = CARTESIAN_POINT ( 'NONE',  ( -50.00000000000032685, 3.000000000000000000, -151.6499999999999204 ) ) ;
#1782 = MANIFOLD_SOLID_BREP ( 'Ô²½Ç1', #2231 ) ;
#1783 = FILL_AREA_STYLE ('',( #945 ) ) ;
#1784 = EDGE_LOOP ( 'NONE', ( #1468, #2627, #660, #2344 ) ) ;
#1785 = DIRECTION ( 'NONE',  ( -0.000000000000000000, 1.000000000000000000, -0.000000000000000000 ) ) ;
#1786 =( NAMED_UNIT ( * ) SI_UNIT ( $, .STERADIAN. ) SOLID_ANGLE_UNIT ( ) );
#1787 = EDGE_LOOP ( 'NONE', ( #902, #892, #1844, #771 ) ) ;
#1788 = FILL_AREA_STYLE ('',( #532 ) ) ;
#1789 = AXIS2_PLACEMENT_3D ( 'NONE', #428, #1324, #1278 ) ;
#1790 = ADVANCED_BREP_SHAPE_REPRESENTATION ( '¸Ç°å', ( #1782, #1224 ), #764 ) ;
#1791 = EDGE_CURVE ( 'NONE', #249, #2193, #2127, .T. ) ;
#1792 = ORIENTED_EDGE ( 'NONE', *, *, #364, .F. ) ;
#1793 = CARTESIAN_POINT ( 'NONE',  ( -172.4999999999999432, 3.000000000000000000, 252.5000000000000000 ) ) ;
#1794 = EDGE_CURVE ( 'NONE', #2007, #1854, #801, .T. ) ;
#1795 = ORIENTED_EDGE ( 'NONE', *, *, #2195, .T. ) ;
#1796 = CYLINDRICAL_SURFACE ( 'NONE', #1583, 1.649999999999991696 ) ;
#1797 = DIRECTION ( 'NONE',  ( 0.000000000000000000, 0.000000000000000000, -1.000000000000000000 ) ) ;
#1798 = VECTOR ( 'NONE', #493, 1000.000000000000000 ) ;
#1799 = VERTEX_POINT ( 'NONE', #2686 ) ;
#1800 = CYLINDRICAL_SURFACE ( 'NONE', #1181, 1.649999999999984812 ) ;
#1801 = AXIS2_PLACEMENT_3D ( 'NONE', #1377, #518, #294 ) ;
#1802 = CIRCLE ( 'NONE', #913, 1.649999999999984812 ) ;
#1803 = VECTOR ( 'NONE', #216, 1000.000000000000000 ) ;
#1804 =( LENGTH_UNIT ( ) NAMED_UNIT ( * ) SI_UNIT ( .MILLI., .METRE. ) );
#1805 = ORIENTED_EDGE ( 'NONE', *, *, #2303, .T. ) ;
#1806 = SURFACE_SIDE_STYLE ('',( #1145 ) ) ;
#1807 = CARTESIAN_POINT ( 'NONE',  ( -252.5000000000000568, 3.000000000000000000, 80.00000000000002842 ) ) ;
#1808 = EDGE_CURVE ( 'NONE', #47, #1858, #1291, .T. ) ;
#1809 = LINE ( 'NONE', #2648, #80 ) ;
#1810 = ORIENTED_EDGE ( 'NONE', *, *, #95, .F. ) ;
#1811 = CARTESIAN_POINT ( 'NONE',  ( -252.5000000000000000, 0.000000000000000000, -172.5000000000000000 ) ) ;
#1812 = DIRECTION ( 'NONE',  ( -0.000000000000000000, 1.000000000000000000, -0.000000000000000000 ) ) ;
#1813 = EDGE_CURVE ( 'NONE', #2253, #1106, #2513, .T. ) ;
#1814 = VERTEX_POINT ( 'NONE', #788 ) ;
#1815 = DIRECTION ( 'NONE',  ( -0.000000000000000000, 1.000000000000000000, -0.000000000000000000 ) ) ;
#1816 =( NAMED_UNIT ( * ) PLANE_ANGLE_UNIT ( ) SI_UNIT ( $, .RADIAN. ) );
#1817 = ORIENTED_EDGE ( 'NONE', *, *, #1046, .T. ) ;
#1818 = CARTESIAN_POINT ( 'NONE',  ( -245.9202014332566080, 0.000000000000000000, 77.60514917423800796 ) ) ;
#1819 = PRESENTATION_LAYER_ASSIGNMENT (  '', '', ( #2310 ) ) ;
#1820 = ORIENTED_EDGE ( 'NONE', *, *, #908, .T. ) ;
#1821 = CARTESIAN_POINT ( 'NONE',  ( -49.99999999999998579, 0.000000000000000000, -48.34999999999994458 ) ) ;
#1822 = SURFACE_STYLE_FILL_AREA ( #502 ) ;
#1823 = ADVANCED_FACE ( 'NONE', ( #1888 ), #623, .T. ) ;
#1824 = ORIENTED_EDGE ( 'NONE', *, *, #2576, .T. ) ;
#1825 = DIRECTION ( 'NONE',  ( -0.000000000000000000, 1.000000000000000000, -0.000000000000000000 ) ) ;
#1826 = CIRCLE ( 'NONE', #1660, 1.649999999999984812 ) ;
#1827 = DIRECTION ( 'NONE',  ( 0.000000000000000000, 0.000000000000000000, 1.000000000000000000 ) ) ;
#1828 = FACE_OUTER_BOUND ( 'NONE', #1784, .T. ) ;
#1829 = CARTESIAN_POINT ( 'NONE',  ( 0.000000000000000000, 0.000000000000000000, 0.000000000000000000 ) ) ;
#1830 = DIRECTION ( 'NONE',  ( -1.000000000000000000, 0.000000000000000000, 1.609018876268343055E-16 ) ) ;
#1831 = DIRECTION ( 'NONE',  ( -0.000000000000000000, 1.000000000000000000, 0.000000000000000000 ) ) ;
#1832 = VERTEX_POINT ( 'NONE', #2270 ) ;
#1833 = ORIENTED_EDGE ( 'NONE', *, *, #1778, .F. ) ;
#1834 = CARTESIAN_POINT ( 'NONE',  ( 150.0000000000000000, 0.000000000000000000, 49.99999999999991473 ) ) ;
#1835 = ORIENTED_EDGE ( 'NONE', *, *, #1236, .T. ) ;
#1836 = CYLINDRICAL_SURFACE ( 'NONE', #2021, 2.250000000000001776 ) ;
#1837 = FACE_BOUND ( 'NONE', #2422, .T. ) ;
#1838 = DIRECTION ( 'NONE',  ( 0.000000000000000000, 0.000000000000000000, 1.000000000000000000 ) ) ;
#1839 = VECTOR ( 'NONE', #2560, 1000.000000000000000 ) ;
#1840 = EDGE_CURVE ( 'NONE', #2253, #1728, #1387, .T. ) ;
#1841 = STYLED_ITEM ( 'NONE', ( #1963 ), #549 ) ;
#1842 =( LENGTH_UNIT ( ) NAMED_UNIT ( * ) SI_UNIT ( .MILLI., .METRE. ) );
#1843 = CARTESIAN_POINT ( 'NONE',  ( -150.0000000000000000, 3.000000000000001332, 48.35000000000062670 ) ) ;
#1844 = ORIENTED_EDGE ( 'NONE', *, *, #1168, .T. ) ;
#1845 = DIRECTION ( 'NONE',  ( 0.000000000000000000, 0.000000000000000000, 1.000000000000000000 ) ) ;
#1846 =( NAMED_UNIT ( * ) SI_UNIT ( $, .STERADIAN. ) SOLID_ANGLE_UNIT ( ) );
#1847 = CARTESIAN_POINT ( 'NONE',  ( -49.99999999999998579, 3.000000000000000000, 48.34999999999992326 ) ) ;
#1848 = ORIENTED_EDGE ( 'NONE', *, *, #742, .T. ) ;
#1849 = SURFACE_SIDE_STYLE ('',( #2299 ) ) ;
#1850 = CARTESIAN_POINT ( 'NONE',  ( 172.5000000000000000, 0.000000000000000000, -172.5000000000000000 ) ) ;
#1851 = FACE_OUTER_BOUND ( 'NONE', #1721, .T. ) ;
#1852 = EDGE_CURVE ( 'NONE', #1832, #416, #886, .T. ) ;
#1853 = PRESENTATION_STYLE_ASSIGNMENT (( #1016 ) ) ;
#1854 = VERTEX_POINT ( 'NONE', #1030 ) ;
#1855 = LINE ( 'NONE', #2714, #1668 ) ;
#1856 = CARTESIAN_POINT ( 'NONE',  ( -192.5000000000000568, 0.000000000000000000, 47.52000821926898055 ) ) ;
#1857 = CARTESIAN_POINT ( 'NONE',  ( 174.9999999999999147, 3.000000000000001776, -174.9999999999999716 ) ) ;
#1858 = VERTEX_POINT ( 'NONE', #2500 ) ;
#1859 = DIRECTION ( 'NONE',  ( -0.000000000000000000, 1.000000000000000000, -0.000000000000000000 ) ) ;
#1860 = DIRECTION ( 'NONE',  ( 0.000000000000000000, -0.000000000000000000, -1.000000000000000000 ) ) ;
#1861 = COLOUR_RGB ( '',1.000000000000000000, 1.000000000000000000, 1.000000000000000000 ) ;
#1862 = EDGE_LOOP ( 'NONE', ( #1567, #2645, #573, #1474 ) ) ;
#1863 = SURFACE_STYLE_USAGE ( .BOTH. , #1024 ) ;
#1864 = DIRECTION ( 'NONE',  ( -0.000000000000000000, -1.000000000000000000, -0.000000000000000000 ) ) ;
#1865 = EDGE_CURVE ( 'NONE', #1964, #2655, #2717, .T. ) ;
#1866 = ORIENTED_EDGE ( 'NONE', *, *, #1149, .F. ) ;
#1867 = VECTOR ( 'NONE', #1831, 1000.000000000000000 ) ;
#1868 = CARTESIAN_POINT ( 'NONE',  ( -49.99999999999998579, 3.000000000000000000, -49.99999999999994316 ) ) ;
#1869 = CYLINDRICAL_SURFACE ( 'NONE', #2148, 9.999999999999994671 ) ;
#1870 = SURFACE_SIDE_STYLE ('',( #1480 ) ) ;
#1871 = CIRCLE ( 'NONE', #545, 1.649999999999984812 ) ;
#1872 = ADVANCED_FACE ( 'NONE', ( #389 ), #810, .F. ) ;
#1873 = EDGE_LOOP ( 'NONE', ( #1810, #536, #348, #1070 ) ) ;
#1874 = DIRECTION ( 'NONE',  ( 0.000000000000000000, 1.000000000000000000, -0.000000000000000000 ) ) ;
#1875 = CARTESIAN_POINT ( 'NONE',  ( 49.99999999999965183, 3.000000000000000000, -151.6499999999999204 ) ) ;
#1876 = ORIENTED_EDGE ( 'NONE', *, *, #12, .T. ) ;
#1877 = DIRECTION ( 'NONE',  ( 0.000000000000000000, 0.000000000000000000, 1.000000000000000000 ) ) ;
#1878 = VECTOR ( 'NONE', #169, 1000.000000000000000 ) ;
#1879 = AXIS2_PLACEMENT_3D ( 'NONE', #1593, #962, #345 ) ;
#1880 = DIRECTION ( 'NONE',  ( -0.000000000000000000, 1.000000000000000000, -0.000000000000000000 ) ) ;
#1881 = DIRECTION ( 'NONE',  ( -0.000000000000000000, -1.000000000000000000, -0.000000000000000000 ) ) ;
#1882 = VECTOR ( 'NONE', #1859, 1000.000000000000000 ) ;
#1883 = MECHANICAL_DESIGN_GEOMETRIC_PRESENTATION_REPRESENTATION (  '', ( #1841 ), #1317 ) ;
#1884 = EDGE_LOOP ( 'NONE', ( #2113, #2684, #2408, #357 ) ) ;
#1885 = CARTESIAN_POINT ( 'NONE',  ( -49.99999999999998579, 0.000000000000000000, -51.64999999999994174 ) ) ;
#1886 = AXIS2_PLACEMENT_3D ( 'NONE', #1579, #1053, #527 ) ;
#1887 = CARTESIAN_POINT ( 'NONE',  ( -49.99999999999894840, 0.000000000000000000, 149.9999999999999147 ) ) ;
#1888 = FACE_OUTER_BOUND ( 'NONE', #460, .T. ) ;
#1889 = ORIENTED_EDGE ( 'NONE', *, *, #2611, .F. ) ;
#1890 = EDGE_CURVE ( 'NONE', #1689, #2184, #885, .T. ) ;
#1891 = SURFACE_STYLE_FILL_AREA ( #2719 ) ;
#1892 = FACE_OUTER_BOUND ( 'NONE', #1884, .T. ) ;
#1893 = EDGE_LOOP ( 'NONE', ( #1975, #1962, #1088, #1305 ) ) ;
#1894 =( NAMED_UNIT ( * ) SI_UNIT ( $, .STERADIAN. ) SOLID_ANGLE_UNIT ( ) );
#1895 = ORIENTED_EDGE ( 'NONE', *, *, #1238, .T. ) ;
#1896 = CARTESIAN_POINT ( 'NONE',  ( 150.0000000000010516, 0.000000000000000000, 149.9999999999999147 ) ) ;
#1897 = AXIS2_PLACEMENT_3D ( 'NONE', #2620, #1176, #2211 ) ;
#1898 = SURFACE_SIDE_STYLE ('',( #2338 ) ) ;
#1899 = CARTESIAN_POINT ( 'NONE',  ( -49.99999999999998579, 3.000000000000000000, 51.64999999999990621 ) ) ;
#1900 = VERTEX_POINT ( 'NONE', #2112 ) ;
#1901 = DIRECTION ( 'NONE',  ( 0.000000000000000000, 0.000000000000000000, 1.000000000000000000 ) ) ;
#1902 = CARTESIAN_POINT ( 'NONE',  ( 50.00000000000103029, 3.000000000000000000, 148.3499999999999375 ) ) ;
#1903 = EDGE_CURVE ( 'NONE', #1728, #205, #2562, .T. ) ;
#1904 = ORIENTED_EDGE ( 'NONE', *, *, #699, .T. ) ;
#1905 = MECHANICAL_DESIGN_GEOMETRIC_PRESENTATION_REPRESENTATION (  '', ( #73 ), #1068 ) ;
#1906 = ADVANCED_FACE ( 'NONE', ( #200 ), #1443, .F. ) ;
#1907 =( NAMED_UNIT ( * ) SI_UNIT ( $, .STERADIAN. ) SOLID_ANGLE_UNIT ( ) );
#1908 = CYLINDRICAL_SURFACE ( 'NONE', #2654, 1.649999999999991696 ) ;
#1909 = VERTEX_POINT ( 'NONE', #1328 ) ;
#1910 = FACE_OUTER_BOUND ( 'NONE', #1287, .T. ) ;
#1911 = CARTESIAN_POINT ( 'NONE',  ( -49.99999999999894840, 3.000000000000000000, 151.6499999999998920 ) ) ;
#1912 = PRESENTATION_LAYER_ASSIGNMENT (  '', '', ( #2356 ) ) ;
#1913 = DIRECTION ( 'NONE',  ( 0.000000000000000000, 0.000000000000000000, 1.000000000000000000 ) ) ;
#1914 = VECTOR ( 'NONE', #494, 1000.000000000000000 ) ;
#1915 = ORIENTED_EDGE ( 'NONE', *, *, #1103, .T. ) ;
#1916 = DIRECTION ( 'NONE',  ( -0.000000000000000000, 1.000000000000000000, -0.000000000000000000 ) ) ;
#1917 = SURFACE_STYLE_FILL_AREA ( #1961 ) ;
#1918 = PRESENTATION_LAYER_ASSIGNMENT (  '', '', ( #464 ) ) ;
#1919 = ORIENTED_EDGE ( 'NONE', *, *, #2214, .F. ) ;
#1920 = EDGE_CURVE ( 'NONE', #2193, #249, #2051, .T. ) ;
#1921 = ADVANCED_FACE ( 'NONE', ( #860 ), #1742, .F. ) ;
#1922 = SURFACE_SIDE_STYLE ('',( #881 ) ) ;
#1923 = AXIS2_PLACEMENT_3D ( 'NONE', #401, #836, #1491 ) ;
#1924 = VECTOR ( 'NONE', #2496, 1000.000000000000000 ) ;
#1925 = ORIENTED_EDGE ( 'NONE', *, *, #481, .T. ) ;
#1926 = CARTESIAN_POINT ( 'NONE',  ( 49.99999999999998579, 3.000000000000001332, -48.34999999999995879 ) ) ;
#1927 = CARTESIAN_POINT ( 'NONE',  ( 150.0000000000000000, 0.000000000000000000, -49.99999999999994316 ) ) ;
#1928 = DIRECTION ( 'NONE',  ( 0.000000000000000000, 0.000000000000000000, 1.000000000000000000 ) ) ;
#1929 = VECTOR ( 'NONE', #2263, 1000.000000000000114 ) ;
#1930 =( GEOMETRIC_REPRESENTATION_CONTEXT ( 3 ) GLOBAL_UNCERTAINTY_ASSIGNED_CONTEXT ( ( #887 ) ) GLOBAL_UNIT_ASSIGNED_CONTEXT ( ( #2518, #2276, #384 ) ) REPRESENTATION_CONTEXT ( 'NONE', 'WORKASPACE' ) );
#1931 =( NAMED_UNIT ( * ) SI_UNIT ( $, .STERADIAN. ) SOLID_ANGLE_UNIT ( ) );
#1932 = VERTEX_POINT ( 'NONE', #2574 ) ;
#1933 = DIRECTION ( 'NONE',  ( 0.000000000000000000, 0.000000000000000000, 1.000000000000000000 ) ) ;
#1934 = VECTOR ( 'NONE', #2538, 1000.000000000000000 ) ;
#1935 = DIRECTION ( 'NONE',  ( -0.000000000000000000, 1.000000000000000000, -0.000000000000000000 ) ) ;
#1936 = ORIENTED_EDGE ( 'NONE', *, *, #311, .F. ) ;
#1937 = CARTESIAN_POINT ( 'NONE',  ( -49.99999999999894840, 3.000000000000001332, 149.9999999999999147 ) ) ;
#1938 = CARTESIAN_POINT ( 'NONE',  ( -175.0000000000000853, 3.000000000000001776, 175.0000000000000284 ) ) ;
#1939 = LINE ( 'NONE', #1528, #1069 ) ;
#1940 = EDGE_CURVE ( 'NONE', #2655, #1964, #1339, .T. ) ;
#1941 = ORIENTED_EDGE ( 'NONE', *, *, #1813, .T. ) ;
#1942 = FACE_OUTER_BOUND ( 'NONE', #2530, .T. ) ;
#1943 = CARTESIAN_POINT ( 'NONE',  ( 172.5000000000000000, 3.000000000000000000, -172.5000000000000000 ) ) ;
#1944 = CARTESIAN_POINT ( 'NONE',  ( 49.99999999999998579, 3.000000000000000000, 49.99999999999991473 ) ) ;
#1945 = EDGE_CURVE ( 'NONE', #2301, #2184, #619, .T. ) ;
#1946 = UNCERTAINTY_MEASURE_WITH_UNIT (LENGTH_MEASURE( 1.000000000000000082E-05 ), #1591, 'distance_accuracy_value', 'NONE');
#1947 = VERTEX_POINT ( 'NONE', #874 ) ;
#1948 = DIRECTION ( 'NONE',  ( 0.000000000000000000, 0.000000000000000000, 1.000000000000000000 ) ) ;
#1949 = DIRECTION ( 'NONE',  ( -0.000000000000000000, -1.000000000000000000, -0.000000000000000000 ) ) ;
#1950 = ORIENTED_EDGE ( 'NONE', *, *, #434, .F. ) ;
#1951 = SURFACE_STYLE_USAGE ( .BOTH. , #236 ) ;
#1952 = FACE_BOUND ( 'NONE', #2667, .T. ) ;
#1953 = AXIS2_PLACEMENT_3D ( 'NONE', #223, #2697, #2204 ) ;
#1954 = VERTEX_POINT ( 'NONE', #658 ) ;
#1955 = CARTESIAN_POINT ( 'NONE',  ( 174.9999999999999147, 4.336808689942017736E-16, -177.2499999999999716 ) ) ;
#1956 = EDGE_CURVE ( 'NONE', #386, #2751, #1343, .T. ) ;
#1957 = CARTESIAN_POINT ( 'NONE',  ( -175.0000000000000853, 3.000000000000001776, -174.9999999999999716 ) ) ;
#1958 = VERTEX_POINT ( 'NONE', #2589 ) ;
#1959 = EDGE_CURVE ( 'NONE', #2298, #1220, #245, .T. ) ;
#1960 = CARTESIAN_POINT ( 'NONE',  ( -252.5000000000000000, 3.000000000000000000, -172.5000000000000000 ) ) ;
#1961 = FILL_AREA_STYLE ('',( #1331 ) ) ;
#1962 = ORIENTED_EDGE ( 'NONE', *, *, #1392, .T. ) ;
#1963 = PRESENTATION_STYLE_ASSIGNMENT (( #855 ) ) ;
#1964 = VERTEX_POINT ( 'NONE', #255 ) ;
#1965 = CARTESIAN_POINT ( 'NONE',  ( -50.00000000000032685, 0.000000000000000000, -148.3499999999999375 ) ) ;
#1966 = DIRECTION ( 'NONE',  ( 0.000000000000000000, -0.000000000000000000, -1.000000000000000000 ) ) ;
#1967 = DIRECTION ( 'NONE',  ( -0.000000000000000000, 1.000000000000000000, -0.000000000000000000 ) ) ;
#1968 = CARTESIAN_POINT ( 'NONE',  ( -175.0000000000000853, 3.000000000000001776, -174.9999999999999716 ) ) ;
#1969 = UNCERTAINTY_MEASURE_WITH_UNIT (LENGTH_MEASURE( 1.000000000000000082E-05 ), #921, 'distance_accuracy_value', 'NONE');
#1970 = ORIENTED_EDGE ( 'NONE', *, *, #1205, .F. ) ;
#1971 = PRESENTATION_LAYER_ASSIGNMENT (  '', '', ( #1492 ) ) ;
#1972 = LINE ( 'NONE', #2210, #510 ) ;
#1973 = VECTOR ( 'NONE', #127, 1000.000000000000000 ) ;
#1974 = EDGE_CURVE ( 'NONE', #2423, #1220, #2349, .T. ) ;
#1975 = ORIENTED_EDGE ( 'NONE', *, *, #1137, .F. ) ;
#1976 = VECTOR ( 'NONE', #2016, 1000.000000000000000 ) ;
#1977 = CYLINDRICAL_SURFACE ( 'NONE', #1540, 1.649999999999984812 ) ;
#1978 = ORIENTED_EDGE ( 'NONE', *, *, #1025, .F. ) ;
#1979 = FILL_AREA_STYLE ('',( #296 ) ) ;
#1980 = CARTESIAN_POINT ( 'NONE',  ( 252.5000000000000568, 3.000000000000000000, 172.5000000000000000 ) ) ;
#1981 =( NAMED_UNIT ( * ) PLANE_ANGLE_UNIT ( ) SI_UNIT ( $, .RADIAN. ) );
#1982 = CARTESIAN_POINT ( 'NONE',  ( -242.4999999999999432, 3.000000000000000000, 87.00207538209711799 ) ) ;
#1983 = PRODUCT ( '¸Ç°å', '¸Ç°å', '', ( #93 ) ) ;
#1984 = ORIENTED_EDGE ( 'NONE', *, *, #2735, .T. ) ;
#1985 = VERTEX_POINT ( 'NONE', #496 ) ;
#1986 = CARTESIAN_POINT ( 'NONE',  ( -182.5000000000000568, 3.000000000000000000, -47.52000821926893082 ) ) ;
#1987 = PRESENTATION_STYLE_ASSIGNMENT (( #2409 ) ) ;
#1988 = ORIENTED_EDGE ( 'NONE', *, *, #1378, .F. ) ;
#1989 = DIRECTION ( 'NONE',  ( 0.000000000000000000, 0.000000000000000000, -1.000000000000000000 ) ) ;
#1990 = EDGE_CURVE ( 'NONE', #1535, #1265, #1157, .T. ) ;
#1991 = CARTESIAN_POINT ( 'NONE',  ( 149.9999999999996589, 0.000000000000000000, -149.9999999999999432 ) ) ;
#1992 = EDGE_CURVE ( 'NONE', #1215, #2, #2206, .T. ) ;
#1993 = ORIENTED_EDGE ( 'NONE', *, *, #328, .F. ) ;
#1994 =( NAMED_UNIT ( * ) SI_UNIT ( $, .STERADIAN. ) SOLID_ANGLE_UNIT ( ) );
#1995 =( NAMED_UNIT ( * ) SI_UNIT ( $, .STERADIAN. ) SOLID_ANGLE_UNIT ( ) );
#1996 = DIRECTION ( 'NONE',  ( -0.000000000000000000, 1.000000000000000000, -0.000000000000000000 ) ) ;
#1997 = PRESENTATION_STYLE_ASSIGNMENT (( #2615 ) ) ;
#1998 = VECTOR ( 'NONE', #1653, 1000.000000000000000 ) ;
#1999 = AXIS2_PLACEMENT_3D ( 'NONE', #471, #1518, #453 ) ;
#2000 = EDGE_LOOP ( 'NONE', ( #282, #1514 ) ) ;
#2001 = EDGE_LOOP ( 'NONE', ( #627, #992, #1758, #1805 ) ) ;
#2002 = COLOUR_RGB ( '',1.000000000000000000, 1.000000000000000000, 1.000000000000000000 ) ;
#2003 = DIRECTION ( 'NONE',  ( -0.000000000000000000, 1.000000000000000000, -0.000000000000000000 ) ) ;
#2004 = DIRECTION ( 'NONE',  ( -0.000000000000000000, 1.000000000000000000, -0.000000000000000000 ) ) ;
#2005 = ORIENTED_EDGE ( 'NONE', *, *, #1152, .T. ) ;
#2006 = EDGE_CURVE ( 'NONE', #2233, #2595, #2176, .T. ) ;
#2007 = VERTEX_POINT ( 'NONE', #56 ) ;
#2008 = EDGE_CURVE ( 'NONE', #2101, #2222, #1359, .T. ) ;
#2009 = SURFACE_STYLE_USAGE ( .BOTH. , #65 ) ;
#2010 = APPLICATION_PROTOCOL_DEFINITION ( 'draft international standard', 'automotive_design', 1998, #2664 ) ;
#2011 = CARTESIAN_POINT ( 'NONE',  ( -175.0000000000000853, 3.000000000000001776, 175.0000000000000284 ) ) ;
#2012 = DIRECTION ( 'NONE',  ( 0.000000000000000000, 0.000000000000000000, 1.000000000000000000 ) ) ;
#2013 = AXIS2_PLACEMENT_3D ( 'NONE', #487, #1935, #1076 ) ;
#2014 = ORIENTED_EDGE ( 'NONE', *, *, #1794, .T. ) ;
#2015 = ORIENTED_EDGE ( 'NONE', *, *, #2143, .F. ) ;
#2016 = DIRECTION ( 'NONE',  ( -0.000000000000000000, 1.000000000000000000, -0.000000000000000000 ) ) ;
#2017 = LINE ( 'NONE', #1773, #828 ) ;
#2018 =( GEOMETRIC_REPRESENTATION_CONTEXT ( 3 ) GLOBAL_UNCERTAINTY_ASSIGNED_CONTEXT ( ( #2392 ) ) GLOBAL_UNIT_ASSIGNED_CONTEXT ( ( #266, #1981, #31 ) ) REPRESENTATION_CONTEXT ( 'NONE', 'WORKASPACE' ) );
#2019 = AXIS2_PLACEMENT_3D ( 'NONE', #2434, #520, #2039 ) ;
#2020 = ORIENTED_EDGE ( 'NONE', *, *, #996, .T. ) ;
#2021 = AXIS2_PLACEMENT_3D ( 'NONE', #972, #1815, #710 ) ;
#2022 = MECHANICAL_DESIGN_GEOMETRIC_PRESENTATION_REPRESENTATION (  '', ( #1588 ), #910 ) ;
#2023 = DIRECTION ( 'NONE',  ( -0.000000000000000000, 1.000000000000000000, -0.000000000000000000 ) ) ;
#2024 = VECTOR ( 'NONE', #1874, 1000.000000000000000 ) ;
#2025 = PRESENTATION_LAYER_ASSIGNMENT (  '', '', ( #2069 ) ) ;
#2026 = EDGE_LOOP ( 'NONE', ( #2453, #429 ) ) ;
#2027 = DIRECTION ( 'NONE',  ( 0.000000000000000000, 0.000000000000000000, 1.000000000000000000 ) ) ;
#2028 =( NAMED_UNIT ( * ) PLANE_ANGLE_UNIT ( ) SI_UNIT ( $, .RADIAN. ) );
#2029 = FACE_OUTER_BOUND ( 'NONE', #1775, .T. ) ;
#2030 = CARTESIAN_POINT ( 'NONE',  ( -150.0000000000003411, 3.000000000000000000, -149.9999999999992326 ) ) ;
#2031 = EDGE_CURVE ( 'NONE', #473, #1535, #918, .T. ) ;
#2032 = UNCERTAINTY_MEASURE_WITH_UNIT (LENGTH_MEASURE( 1.000000000000000082E-05 ), #542, 'distance_accuracy_value', 'NONE');
#2033 = SURFACE_SIDE_STYLE ('',( #768 ) ) ;
#2034 = CARTESIAN_POINT ( 'NONE',  ( -252.4999999999999432, 0.000000000000000000, 172.5000000000000000 ) ) ;
#2035 = ORIENTED_EDGE ( 'NONE', *, *, #1865, .F. ) ;
#2036 =( NAMED_UNIT ( * ) PLANE_ANGLE_UNIT ( ) SI_UNIT ( $, .RADIAN. ) );
#2037 = CARTESIAN_POINT ( 'NONE',  ( -49.99999999999998579, 3.000000000000001332, -51.64999999999992752 ) ) ;
#2038 = CIRCLE ( 'NONE', #2393, 80.00000000000004263 ) ;
#2039 = DIRECTION ( 'NONE',  ( 0.000000000000000000, 0.000000000000000000, 1.000000000000000000 ) ) ;
#2040 = DIRECTION ( 'NONE',  ( -0.000000000000000000, -1.000000000000000000, -0.000000000000000000 ) ) ;
#2041 = SURFACE_STYLE_FILL_AREA ( #346 ) ;
#2042 = VERTEX_POINT ( 'NONE', #748 ) ;
#2043 = DIRECTION ( 'NONE',  ( 0.000000000000000000, 0.000000000000000000, 1.000000000000000000 ) ) ;
#2044 = FACE_OUTER_BOUND ( 'NONE', #2672, .T. ) ;
#2045 = EDGE_CURVE ( 'NONE', #1448, #559, #1146, .T. ) ;
#2046 = CARTESIAN_POINT ( 'NONE',  ( -49.99999999999998579, 0.000000000000000000, 49.99999999999991473 ) ) ;
#2047 = EDGE_LOOP ( 'NONE', ( #2464, #1206 ) ) ;
#2048 = EDGE_CURVE ( 'NONE', #2, #263, #2131, .T. ) ;
#2049 = CARTESIAN_POINT ( 'NONE',  ( -172.4999999999999432, 0.000000000000000000, 252.5000000000000000 ) ) ;
#2050 = SURFACE_STYLE_FILL_AREA ( #1426 ) ;
#2051 = CIRCLE ( 'NONE', #2225, 1.649999999999984812 ) ;
#2052 = DIRECTION ( 'NONE',  ( 0.000000000000000000, 0.000000000000000000, 1.000000000000000000 ) ) ;
#2053 = DIRECTION ( 'NONE',  ( 0.000000000000000000, 1.000000000000000000, 0.000000000000000000 ) ) ;
#2054 = CARTESIAN_POINT ( 'NONE',  ( -49.99999999999998579, 3.000000000000001332, -48.34999999999995879 ) ) ;
#2055 = UNCERTAINTY_MEASURE_WITH_UNIT (LENGTH_MEASURE( 1.000000000000000082E-05 ), #1388, 'distance_accuracy_value', 'NONE');
#2056 = ORIENTED_EDGE ( 'NONE', *, *, #599, .T. ) ;
#2057 = DIRECTION ( 'NONE',  ( 0.000000000000000000, 0.000000000000000000, 1.000000000000000000 ) ) ;
#2058 = DIRECTION ( 'NONE',  ( 0.000000000000000000, 0.000000000000000000, 1.000000000000000000 ) ) ;
#2059 = CIRCLE ( 'NONE', #140, 1.649999999999984812 ) ;
#2060 = ORIENTED_EDGE ( 'NONE', *, *, #2181, .T. ) ;
#2061 = FACE_OUTER_BOUND ( 'NONE', #141, .T. ) ;
#2062 = CIRCLE ( 'NONE', #2146, 1.649999999999984812 ) ;
#2063 = ADVANCED_FACE ( 'NONE', ( #717 ), #66, .F. ) ;
#2064 = CYLINDRICAL_SURFACE ( 'NONE', #20, 1.649999999999984812 ) ;
#2065 = AXIS2_PLACEMENT_3D ( 'NONE', #2643, #2202, #132 ) ;
#2066 = AXIS2_PLACEMENT_3D ( 'NONE', #1521, #46, #2593 ) ;
#2067 = PRESENTATION_LAYER_ASSIGNMENT (  '', '', ( #1588 ) ) ;
#2068 = DIRECTION ( 'NONE',  ( -0.000000000000000000, 1.000000000000000000, -0.000000000000000000 ) ) ;
#2069 = STYLED_ITEM ( 'NONE', ( #2723 ), #753 ) ;
#2070 = DIRECTION ( 'NONE',  ( 0.000000000000000000, 0.000000000000000000, 1.000000000000000000 ) ) ;
#2071 = ORIENTED_EDGE ( 'NONE', *, *, #2006, .F. ) ;
#2072 = DIRECTION ( 'NONE',  ( 0.000000000000000000, 0.000000000000000000, 1.000000000000000000 ) ) ;
#2073 =( NAMED_UNIT ( * ) PLANE_ANGLE_UNIT ( ) SI_UNIT ( $, .RADIAN. ) );
#2074 = ORIENTED_EDGE ( 'NONE', *, *, #202, .T. ) ;
#2075 = CYLINDRICAL_SURFACE ( 'NONE', #507, 1.649999999999984812 ) ;
#2076 = ORIENTED_EDGE ( 'NONE', *, *, #2498, .F. ) ;
#2077 = FILL_AREA_STYLE ('',( #135 ) ) ;
#2078 = EDGE_CURVE ( 'NONE', #2751, #386, #661, .T. ) ;
#2079 = DIRECTION ( 'NONE',  ( 0.000000000000000000, 0.000000000000000000, -1.000000000000000000 ) ) ;
#2080 = EDGE_CURVE ( 'NONE', #2595, #1814, #1809, .T. ) ;
#2081 = SURFACE_STYLE_USAGE ( .BOTH. , #1039 ) ;
#2082 = ORIENTED_EDGE ( 'NONE', *, *, #381, .F. ) ;
#2083 = FILL_AREA_STYLE ('',( #1057 ) ) ;
#2084 = FILL_AREA_STYLE ('',( #2475 ) ) ;
#2085 = AXIS2_PLACEMENT_3D ( 'NONE', #2653, #1404, #2236 ) ;
#2086 = ORIENTED_EDGE ( 'NONE', *, *, #1613, .F. ) ;
#2087 = AXIS2_PLACEMENT_3D ( 'NONE', #2046, #360, #1233 ) ;
#2088 = CYLINDRICAL_SURFACE ( 'NONE', #1231, 1.649999999999991696 ) ;
#2089 = CYLINDRICAL_SURFACE ( 'NONE', #269, 2.250000000000001776 ) ;
#2090 = ORIENTED_EDGE ( 'NONE', *, *, #2287, .F. ) ;
#2091 = FACE_OUTER_BOUND ( 'NONE', #1596, .T. ) ;
#2092 = AXIS2_PLACEMENT_3D ( 'NONE', #1398, #2230, #111 ) ;
#2093 = DIRECTION ( 'NONE',  ( -0.000000000000000000, 1.000000000000000000, -0.000000000000000000 ) ) ;
#2094 = EDGE_CURVE ( 'NONE', #1954, #2150, #809, .T. ) ;
#2095 = ORIENTED_EDGE ( 'NONE', *, *, #2162, .T. ) ;
#2096 = CARTESIAN_POINT ( 'NONE',  ( -150.0000000000003411, 0.000000000000000000, -149.9999999999992326 ) ) ;
#2097 =( LENGTH_UNIT ( ) NAMED_UNIT ( * ) SI_UNIT ( .MILLI., .METRE. ) );
#2098 = ORIENTED_EDGE ( 'NONE', *, *, #889, .F. ) ;
#2099 = SURFACE_STYLE_USAGE ( .BOTH. , #1849 ) ;
#2100 = DIRECTION ( 'NONE',  ( 0.9396926207859094271, 0.000000000000000000, -0.3420201433256658818 ) ) ;
#2101 = VERTEX_POINT ( 'NONE', #978 ) ;
#2102 = VECTOR ( 'NONE', #450, 1000.000000000000000 ) ;
#2103 =( GEOMETRIC_REPRESENTATION_CONTEXT ( 3 ) GLOBAL_UNCERTAINTY_ASSIGNED_CONTEXT ( ( #2032 ) ) GLOBAL_UNIT_ASSIGNED_CONTEXT ( ( #542, #949, #1204 ) ) REPRESENTATION_CONTEXT ( 'NONE', 'WORKASPACE' ) );
#2104 = MECHANICAL_DESIGN_GEOMETRIC_PRESENTATION_REPRESENTATION (  '', ( #557 ), #594 ) ;
#2105 = DIRECTION ( 'NONE',  ( 0.000000000000000000, 0.000000000000000000, 1.000000000000000000 ) ) ;
#2106 = STYLED_ITEM ( 'NONE', ( #995 ), #1414 ) ;
#2107 = EDGE_LOOP ( 'NONE', ( #1904, #2215 ) ) ;
#2108 = CARTESIAN_POINT ( 'NONE',  ( -189.0797985667434205, 0.000000000000000000, -56.91693442712804085 ) ) ;
#2109 = AXIS2_PLACEMENT_3D ( 'NONE', #4, #2535, #1933 ) ;
#2110 = CARTESIAN_POINT ( 'NONE',  ( -189.0797985667434205, 3.000000000000000000, 56.91693442712808348 ) ) ;
#2111 = EDGE_CURVE ( 'NONE', #1858, #47, #1350, .T. ) ;
#2112 = CARTESIAN_POINT ( 'NONE',  ( 172.5000000000000000, 0.000000000000000000, -252.5000000000000568 ) ) ;
#2113 = ORIENTED_EDGE ( 'NONE', *, *, #1132, .F. ) ;
#2114 = EDGE_CURVE ( 'NONE', #113, #512, #1647, .T. ) ;
#2115 = CARTESIAN_POINT ( 'NONE',  ( -192.5000000000000568, 0.000000000000000000, 47.52000821926898055 ) ) ;
#2116 = EDGE_LOOP ( 'NONE', ( #1148, #1701, #2161, #1654 ) ) ;
#2117 = FILL_AREA_STYLE_COLOUR ( '', #1678 ) ;
#2118 = SHAPE_DEFINITION_REPRESENTATION ( #1570, #1790 ) ;
#2119 = CARTESIAN_POINT ( 'NONE',  ( 149.9999999999996589, 3.000000000000001332, -149.9999999999999432 ) ) ;
#2120 = ORIENTED_EDGE ( 'NONE', *, *, #774, .F. ) ;
#2121 = LINE ( 'NONE', #1083, #904 ) ;
#2122 = PRESENTATION_STYLE_ASSIGNMENT (( #170 ) ) ;
#2123 = STYLED_ITEM ( 'NONE', ( #2164 ), #2300 ) ;
#2124 = DIRECTION ( 'NONE',  ( -0.000000000000000000, 1.000000000000000000, -0.000000000000000000 ) ) ;
#2125 = ORIENTED_EDGE ( 'NONE', *, *, #183, .T. ) ;
#2126 = DIRECTION ( 'NONE',  ( -0.000000000000000000, 1.000000000000000000, -0.000000000000000000 ) ) ;
#2127 = CIRCLE ( 'NONE', #2483, 1.649999999999984812 ) ;
#2128 = EDGE_CURVE ( 'NONE', #1130, #59, #2621, .T. ) ;
#2129 = ORIENTED_EDGE ( 'NONE', *, *, #309, .F. ) ;
#2130 = DIRECTION ( 'NONE',  ( -0.000000000000000000, 1.000000000000000000, -0.000000000000000000 ) ) ;
#2131 = CIRCLE ( 'NONE', #2398, 9.999999999999994671 ) ;
#2132 = FACE_OUTER_BOUND ( 'NONE', #1229, .T. ) ;
#2133 = CARTESIAN_POINT ( 'NONE',  ( 49.99999999999965183, 3.000000000000000000, -149.9999999999999432 ) ) ;
#2134 = ORIENTED_EDGE ( 'NONE', *, *, #2094, .T. ) ;
#2135 = DIRECTION ( 'NONE',  ( 1.000000000000000000, 0.000000000000000000, 0.000000000000000000 ) ) ;
#2136 = DIRECTION ( 'NONE',  ( -0.000000000000000000, 1.000000000000000000, -0.000000000000000000 ) ) ;
#2137 = DIRECTION ( 'NONE',  ( 0.000000000000000000, 0.000000000000000000, 1.000000000000000000 ) ) ;
#2138 = AXIS2_PLACEMENT_3D ( 'NONE', #1957, #2761, #1913 ) ;
#2139 = ORIENTED_EDGE ( 'NONE', *, *, #2251, .T. ) ;
#2140 = DIRECTION ( 'NONE',  ( -0.000000000000000000, 1.000000000000000000, -0.000000000000000000 ) ) ;
#2141 = ORIENTED_EDGE ( 'NONE', *, *, #115, .T. ) ;
#2142 = DIRECTION ( 'NONE',  ( -0.000000000000000000, 1.000000000000000000, -0.000000000000000000 ) ) ;
#2143 = EDGE_CURVE ( 'NONE', #1799, #724, #1705, .T. ) ;
#2144 = MECHANICAL_DESIGN_GEOMETRIC_PRESENTATION_REPRESENTATION (  '', ( #1451 ), #1087 ) ;
#2145 = CARTESIAN_POINT ( 'NONE',  ( 150.0000000000000000, 3.000000000000000000, -49.99999999999994316 ) ) ;
#2146 = AXIS2_PLACEMENT_3D ( 'NONE', #1173, #1005, #1845 ) ;
#2147 = CARTESIAN_POINT ( 'NONE',  ( -149.9999999999989484, 0.000000000000000000, 148.3500000000006480 ) ) ;
#2148 = AXIS2_PLACEMENT_3D ( 'NONE', #1043, #372, #2296 ) ;
#2149 = AXIS2_PLACEMENT_3D ( 'NONE', #2661, #2247, #762 ) ;
#2150 = VERTEX_POINT ( 'NONE', #2682 ) ;
#2151 = CARTESIAN_POINT ( 'NONE',  ( 174.9999999999999147, 3.000000000000001776, -174.9999999999999716 ) ) ;
#2152 = FACE_OUTER_BOUND ( 'NONE', #842, .T. ) ;
#2153 = CARTESIAN_POINT ( 'NONE',  ( -175.0000000000000853, 0.9500000000000038414, -174.9999999999999716 ) ) ;
#2154 = PRESENTATION_LAYER_ASSIGNMENT (  '', '', ( #2106 ) ) ;
#2155 = DIRECTION ( 'NONE',  ( -0.000000000000000000, 1.000000000000000000, -0.000000000000000000 ) ) ;
#2156 = AXIS2_PLACEMENT_3D ( 'NONE', #86, #1581, #936 ) ;
#2157 = MECHANICAL_DESIGN_GEOMETRIC_PRESENTATION_REPRESENTATION (  '', ( #58 ), #1765 ) ;
#2158 = ORIENTED_EDGE ( 'NONE', *, *, #434, .T. ) ;
#2159 = CYLINDRICAL_SURFACE ( 'NONE', #2506, 2.250000000000001776 ) ;
#2160 = DIRECTION ( 'NONE',  ( 0.000000000000000000, 0.000000000000000000, 1.000000000000000000 ) ) ;
#2161 = ORIENTED_EDGE ( 'NONE', *, *, #1263, .T. ) ;
#2162 = EDGE_CURVE ( 'NONE', #740, #2042, #2323, .T. ) ;
#2163 = FILL_AREA_STYLE_COLOUR ( '', #1412 ) ;
#2164 = PRESENTATION_STYLE_ASSIGNMENT (( #1290 ) ) ;
#2165 = EDGE_LOOP ( 'NONE', ( #376, #1023, #2473, #795 ) ) ;
#2166 = ADVANCED_FACE ( 'NONE', ( #2699 ), #385, .F. ) ;
#2167 = CARTESIAN_POINT ( 'NONE',  ( -175.0000000000000853, 0.9500000000000038414, -177.2499999999999716 ) ) ;
#2168 = FACE_BOUND ( 'NONE', #1641, .T. ) ;
#2169 = CARTESIAN_POINT ( 'NONE',  ( -49.99999999999998579, 3.000000000000001332, -49.99999999999994316 ) ) ;
#2170 = UNCERTAINTY_MEASURE_WITH_UNIT (LENGTH_MEASURE( 1.000000000000000082E-05 ), #2754, 'distance_accuracy_value', 'NONE');
#2171 = CIRCLE ( 'NONE', #478, 1.649999999999984812 ) ;
#2172 = ORIENTED_EDGE ( 'NONE', *, *, #1992, .F. ) ;
#2173 = CARTESIAN_POINT ( 'NONE',  ( 49.99999999999998579, 0.000000000000000000, 49.99999999999991473 ) ) ;
#2174 =( LENGTH_UNIT ( ) NAMED_UNIT ( * ) SI_UNIT ( .MILLI., .METRE. ) );
#2175 = ORIENTED_EDGE ( 'NONE', *, *, #1813, .F. ) ;
#2176 = CIRCLE ( 'NONE', #488, 2.250000000000001776 ) ;
#2177 = ORIENTED_EDGE ( 'NONE', *, *, #1079, .F. ) ;
#2178 = DIRECTION ( 'NONE',  ( -0.000000000000000000, 1.000000000000000000, -0.000000000000000000 ) ) ;
#2179 = FACE_BOUND ( 'NONE', #632, .T. ) ;
#2180 = SURFACE_SIDE_STYLE ('',( #523 ) ) ;
#2181 = EDGE_CURVE ( 'NONE', #1077, #2700, #952, .T. ) ;
#2182 = ORIENTED_EDGE ( 'NONE', *, *, #1744, .F. ) ;
#2183 = LINE ( 'NONE', #1134, #894 ) ;
#2184 = VERTEX_POINT ( 'NONE', #2054 ) ;
#2185 = STYLED_ITEM ( 'NONE', ( #691 ), #1921 ) ;
#2186 = FACE_BOUND ( 'NONE', #447, .T. ) ;
#2187 = PRESENTATION_LAYER_ASSIGNMENT (  '', '', ( #636 ) ) ;
#2188 = EDGE_LOOP ( 'NONE', ( #1279, #1950, #2718, #503 ) ) ;
#2189 = FACE_BOUND ( 'NONE', #197, .T. ) ;
#2190 = DIRECTION ( 'NONE',  ( -0.000000000000000000, 1.000000000000000000, -0.000000000000000000 ) ) ;
#2191 = PRODUCT_DEFINITION_CONTEXT ( 'detailed design', #1767, 'design' ) ;
#2192 = ORIENTED_EDGE ( 'NONE', *, *, #48, .F. ) ;
#2193 = VERTEX_POINT ( 'NONE', #1252 ) ;
#2194 = AXIS2_PLACEMENT_3D ( 'NONE', #1562, #495, #930 ) ;
#2195 = EDGE_CURVE ( 'NONE', #500, #257, #1665, .T. ) ;
#2196 = FILL_AREA_STYLE ('',( #2638 ) ) ;
#2197 = VECTOR ( 'NONE', #2213, 1000.000000000000000 ) ;
#2198 = CIRCLE ( 'NONE', #148, 1.649999999999984812 ) ;
#2199 = ORIENTED_EDGE ( 'NONE', *, *, #1662, .F. ) ;
#2200 = EDGE_CURVE ( 'NONE', #587, #1477, #1227, .T. ) ;
#2201 = VECTOR ( 'NONE', #1013, 1000.000000000000000 ) ;
#2202 = DIRECTION ( 'NONE',  ( -0.000000000000000000, 1.000000000000000000, -0.000000000000000000 ) ) ;
#2203 = ORIENTED_EDGE ( 'NONE', *, *, #1250, .T. ) ;
#2204 = DIRECTION ( 'NONE',  ( 0.000000000000000000, 0.000000000000000000, 1.000000000000000000 ) ) ;
#2205 = LINE ( 'NONE', #2217, #823 ) ;
#2206 = LINE ( 'NONE', #931, #803 ) ;
#2207 = ORIENTED_EDGE ( 'NONE', *, *, #2561, .F. ) ;
#2208 = DIRECTION ( 'NONE',  ( -0.9396926207859095381, -0.000000000000000000, -0.3420201433256657153 ) ) ;
#2209 = PRESENTATION_STYLE_ASSIGNMENT (( #2440 ) ) ;
#2210 = CARTESIAN_POINT ( 'NONE',  ( -150.0000000000003411, 3.000000000000000000, -148.3499999999992554 ) ) ;
#2211 = DIRECTION ( 'NONE',  ( 0.000000000000000000, 0.000000000000000000, 1.000000000000000000 ) ) ;
#2212 = VERTEX_POINT ( 'NONE', #1201 ) ;
#2213 = DIRECTION ( 'NONE',  ( -0.000000000000000000, 1.000000000000000000, -0.000000000000000000 ) ) ;
#2214 = EDGE_CURVE ( 'NONE', #2042, #1732, #1000, .T. ) ;
#2215 = ORIENTED_EDGE ( 'NONE', *, *, #875, .T. ) ;
#2216 = FILL_AREA_STYLE_COLOUR ( '', #1493 ) ;
#2217 = CARTESIAN_POINT ( 'NONE',  ( -252.5000000000000568, 0.000000000000000000, -79.99999999999997158 ) ) ;
#2218 = AXIS2_PLACEMENT_3D ( 'NONE', #2030, #738, #2391 ) ;
#2219 = CARTESIAN_POINT ( 'NONE',  ( -245.9202014332566080, 3.000000000000000000, 77.60514917423800796 ) ) ;
#2220 = SURFACE_STYLE_FILL_AREA ( #303 ) ;
#2221 = CARTESIAN_POINT ( 'NONE',  ( -252.4999999999999432, 3.000000000000000000, 172.5000000000000000 ) ) ;
#2222 = VERTEX_POINT ( 'NONE', #1843 ) ;
#2223 = DIRECTION ( 'NONE',  ( 0.000000000000000000, 0.000000000000000000, 1.000000000000000000 ) ) ;
#2224 = ADVANCED_FACE ( 'NONE', ( #794 ), #2481, .F. ) ;
#2225 = AXIS2_PLACEMENT_3D ( 'NONE', #1268, #415, #900 ) ;
#2226 = ORIENTED_EDGE ( 'NONE', *, *, #2195, .F. ) ;
#2227 = CYLINDRICAL_SURFACE ( 'NONE', #234, 2.250000000000001776 ) ;
#2228 = DIRECTION ( 'NONE',  ( -0.000000000000000000, -1.000000000000000000, -0.000000000000000000 ) ) ;
#2229 = DIRECTION ( 'NONE',  ( -0.000000000000000000, -1.000000000000000000, -0.000000000000000000 ) ) ;
#2230 = DIRECTION ( 'NONE',  ( -0.000000000000000000, 1.000000000000000000, -0.000000000000000000 ) ) ;
#2231 = CLOSED_SHELL ( 'NONE', ( #1906, #1648, #359, #2469, #1255, #1715, #2316, #397, #2063, #497, #2224, #2166, #463, #1727, #62, #753, #1116, #549, #1464, #718, #1449, #985, #884, #1414, #1645, #2652, #2400, #273, #395, #1823, #1685, #1269, #2768, #515, #1299, #712, #586, #2596, #616, #2282, #1872, #926, #806, #2580, #2482, #2300, #529, #1921, #446, #2516, #465, #856, #1284, #1420, #1375, #267, #2608, #134, #2730, #2675, #292, #1632, #1015, #1062, #152, #1302 ) ) ;
#2232 = VERTEX_POINT ( 'NONE', #2147 ) ;
#2233 = VERTEX_POINT ( 'NONE', #26 ) ;
#2234 = DIRECTION ( 'NONE',  ( -0.000000000000000000, 1.000000000000000000, -0.000000000000000000 ) ) ;
#2235 = VECTOR ( 'NONE', #430, 1000.000000000000000 ) ;
#2236 = DIRECTION ( 'NONE',  ( 0.000000000000000000, 0.000000000000000000, 1.000000000000000000 ) ) ;
#2237 = VECTOR ( 'NONE', #1880, 1000.000000000000000 ) ;
#2238 = ORIENTED_EDGE ( 'NONE', *, *, #2368, .T. ) ;
#2239 =( NAMED_UNIT ( * ) SI_UNIT ( $, .STERADIAN. ) SOLID_ANGLE_UNIT ( ) );
#2240 = PRESENTATION_LAYER_ASSIGNMENT (  '', '', ( #2545 ) ) ;
#2241 = COLOUR_RGB ( '',1.000000000000000000, 1.000000000000000000, 1.000000000000000000 ) ;
#2242 = FACE_BOUND ( 'NONE', #1112, .T. ) ;
#2243 = AXIS2_PLACEMENT_3D ( 'NONE', #2173, #444, #1297 ) ;
#2244 = COLOUR_RGB ( '',1.000000000000000000, 1.000000000000000000, 1.000000000000000000 ) ;
#2245 = PRODUCT_DEFINITION ( 'Î´Öª', '', #185, #2191 ) ;
#2246 = VERTEX_POINT ( 'NONE', #2746 ) ;
#2247 = DIRECTION ( 'NONE',  ( -0.000000000000000000, 1.000000000000000000, -0.000000000000000000 ) ) ;
#2248 = CARTESIAN_POINT ( 'NONE',  ( 49.99999999999998579, 0.000000000000000000, -49.99999999999994316 ) ) ;
#2249 = DIRECTION ( 'NONE',  ( -0.9396926207859095381, -0.000000000000000000, -0.3420201433256657153 ) ) ;
#2250 = DIRECTION ( 'NONE',  ( 0.000000000000000000, 0.000000000000000000, 1.000000000000000000 ) ) ;
#2251 = EDGE_CURVE ( 'NONE', #906, #819, #659, .T. ) ;
#2252 = UNCERTAINTY_MEASURE_WITH_UNIT (LENGTH_MEASURE( 1.000000000000000082E-05 ), #2529, 'distance_accuracy_value', 'NONE');
#2253 = VERTEX_POINT ( 'NONE', #1688 ) ;
#2254 =( LENGTH_UNIT ( ) NAMED_UNIT ( * ) SI_UNIT ( .MILLI., .METRE. ) );
#2255 = SURFACE_SIDE_STYLE ('',( #2220 ) ) ;
#2256 = DIRECTION ( 'NONE',  ( -0.000000000000000000, 1.000000000000000000, -0.000000000000000000 ) ) ;
#2257 = VERTEX_POINT ( 'NONE', #1101 ) ;
#2258 = DIRECTION ( 'NONE',  ( -0.000000000000000000, -1.000000000000000000, -0.000000000000000000 ) ) ;
#2259 = DIRECTION ( 'NONE',  ( 1.609018876268343055E-16, 0.000000000000000000, 1.000000000000000000 ) ) ;
#2260 = VECTOR ( 'NONE', #1546, 1000.000000000000000 ) ;
#2261 = LINE ( 'NONE', #151, #2201 ) ;
#2262 = LINE ( 'NONE', #1239, #1719 ) ;
#2263 = DIRECTION ( 'NONE',  ( 0.9396926207859094271, 0.000000000000000000, -0.3420201433256658818 ) ) ;
#2264 = PRESENTATION_STYLE_ASSIGNMENT (( #2081 ) ) ;
#2265 = STYLED_ITEM ( 'NONE', ( #2281 ), #1782 ) ;
#2266 = EDGE_LOOP ( 'NONE', ( #750, #1675 ) ) ;
#2267 = DIRECTION ( 'NONE',  ( 0.000000000000000000, 0.000000000000000000, -1.000000000000000000 ) ) ;
#2268 = CARTESIAN_POINT ( 'NONE',  ( -49.99999999999894840, 3.000000000000001332, 149.9999999999999147 ) ) ;
#2269 = EDGE_CURVE ( 'NONE', #246, #2423, #1939, .T. ) ;
#2270 = CARTESIAN_POINT ( 'NONE',  ( -150.0000000000003411, 0.000000000000000000, -151.6499999999992383 ) ) ;
#2271 = EDGE_LOOP ( 'NONE', ( #790, #2519, #1234, #1622 ) ) ;
#2272 = DIRECTION ( 'NONE',  ( -0.000000000000000000, 1.000000000000000000, -0.000000000000000000 ) ) ;
#2273 = CARTESIAN_POINT ( 'NONE',  ( 49.99999999999965183, 0.000000000000000000, -151.6499999999999488 ) ) ;
#2274 = AXIS2_PLACEMENT_3D ( 'NONE', #1944, #1105, #2533 ) ;
#2275 = PRESENTATION_STYLE_ASSIGNMENT (( #2492 ) ) ;
#2276 =( NAMED_UNIT ( * ) PLANE_ANGLE_UNIT ( ) SI_UNIT ( $, .RADIAN. ) );
#2277 = SURFACE_SIDE_STYLE ('',( #1441 ) ) ;
#2278 = ORIENTED_EDGE ( 'NONE', *, *, #237, .T. ) ;
#2279 = CARTESIAN_POINT ( 'NONE',  ( -172.5000000000000000, 0.000000000000000000, -252.5000000000000568 ) ) ;
#2280 = DIRECTION ( 'NONE',  ( 0.000000000000000000, 0.000000000000000000, 1.000000000000000000 ) ) ;
#2281 = PRESENTATION_STYLE_ASSIGNMENT (( #2703 ) ) ;
#2282 = ADVANCED_FACE ( 'NONE', ( #1713 ), #408, .F. ) ;
#2283 = ORIENTED_EDGE ( 'NONE', *, *, #1903, .T. ) ;
#2284 = DIRECTION ( 'NONE',  ( -0.000000000000000000, 1.000000000000000000, -0.000000000000000000 ) ) ;
#2285 = AXIS2_PLACEMENT_3D ( 'NONE', #1161, #751, #1640 ) ;
#2286 = MECHANICAL_DESIGN_GEOMETRIC_PRESENTATION_REPRESENTATION (  '', ( #1045 ), #1267 ) ;
#2287 = EDGE_CURVE ( 'NONE', #1265, #1535, #1826, .T. ) ;
#2288 = CONICAL_SURFACE ( 'NONE', #1586, 4.299999999999998046, 0.7853981633974479459 ) ;
#2289 = AXIS2_PLACEMENT_3D ( 'NONE', #2342, #1916, #2382 ) ;
#2290 = AXIS2_PLACEMENT_3D ( 'NONE', #759, #63, #1615 ) ;
#2291 =( LENGTH_UNIT ( ) NAMED_UNIT ( * ) SI_UNIT ( .MILLI., .METRE. ) );
#2292 = CIRCLE ( 'NONE', #1460, 1.649999999999984812 ) ;
#2293 = DIRECTION ( 'NONE',  ( -0.000000000000000000, 1.000000000000000000, -0.000000000000000000 ) ) ;
#2294 = ORIENTED_EDGE ( 'NONE', *, *, #1394, .F. ) ;
#2295 =( NAMED_UNIT ( * ) PLANE_ANGLE_UNIT ( ) SI_UNIT ( $, .RADIAN. ) );
#2296 = DIRECTION ( 'NONE',  ( 0.000000000000000000, 0.000000000000000000, 1.000000000000000000 ) ) ;
#2297 = SURFACE_STYLE_USAGE ( .BOTH. , #1459 ) ;
#2298 = VERTEX_POINT ( 'NONE', #208 ) ;
#2299 = SURFACE_STYLE_FILL_AREA ( #391 ) ;
#2300 = ADVANCED_FACE ( 'NONE', ( #1067 ), #1908, .F. ) ;
#2301 = VERTEX_POINT ( 'NONE', #2037 ) ;
#2302 =( NAMED_UNIT ( * ) PLANE_ANGLE_UNIT ( ) SI_UNIT ( $, .RADIAN. ) );
#2303 = EDGE_CURVE ( 'NONE', #767, #1604, #986, .T. ) ;
#2304 =( GEOMETRIC_REPRESENTATION_CONTEXT ( 3 ) GLOBAL_UNCERTAINTY_ASSIGNED_CONTEXT ( ( #1564 ) ) GLOBAL_UNIT_ASSIGNED_CONTEXT ( ( #1111, #1816, #2658 ) ) REPRESENTATION_CONTEXT ( 'NONE', 'WORKASPACE' ) );
#2305 = CARTESIAN_POINT ( 'NONE',  ( -189.0797985667434205, 3.000000000000000000, -56.91693442712804085 ) ) ;
#2306 = EDGE_LOOP ( 'NONE', ( #1390, #318, #516, #1372 ) ) ;
#2307 = CARTESIAN_POINT ( 'NONE',  ( -175.0000000000000853, 3.000000000000000000, -174.9999999999999716 ) ) ;
#2308 = DIRECTION ( 'NONE',  ( 0.000000000000000000, 0.000000000000000000, -1.000000000000000000 ) ) ;
#2309 = DIRECTION ( 'NONE',  ( 0.000000000000000000, 0.000000000000000000, 1.000000000000000000 ) ) ;
#2310 = STYLED_ITEM ( 'NONE', ( #1853 ), #2224 ) ;
#2311 = EDGE_LOOP ( 'NONE', ( #1565, #2141 ) ) ;
#2312 = DIRECTION ( 'NONE',  ( -0.000000000000000000, 1.000000000000000000, -0.000000000000000000 ) ) ;
#2313 = CYLINDRICAL_SURFACE ( 'NONE', #2770, 1.649999999999991696 ) ;
#2314 = EDGE_LOOP ( 'NONE', ( #2175, #1500, #2283, #489 ) ) ;
#2315 = FILL_AREA_STYLE_COLOUR ( '', #1637 ) ;
#2316 = ADVANCED_FACE ( 'NONE', ( #262 ), #613, .F. ) ;
#2317 = SURFACE_STYLE_USAGE ( .BOTH. , #1251 ) ;
#2318 = SURFACE_STYLE_USAGE ( .BOTH. , #1922 ) ;
#2319 = VERTEX_POINT ( 'NONE', #2273 ) ;
#2320 = EDGE_CURVE ( 'NONE', #1292, #1484, #1125, .T. ) ;
#2321 = LINE ( 'NONE', #2336, #2235 ) ;
#2322 = FACE_OUTER_BOUND ( 'NONE', #2188, .T. ) ;
#2323 = CIRCLE ( 'NONE', #272, 1.649999999999984812 ) ;
#2324 = ORIENTED_EDGE ( 'NONE', *, *, #1766, .F. ) ;
#2325 =( NAMED_UNIT ( * ) SI_UNIT ( $, .STERADIAN. ) SOLID_ANGLE_UNIT ( ) );
#2326 = EDGE_LOOP ( 'NONE', ( #2747, #2182, #647, #923 ) ) ;
#2327 =( NAMED_UNIT ( * ) PLANE_ANGLE_UNIT ( ) SI_UNIT ( $, .RADIAN. ) );
#2328 = CIRCLE ( 'NONE', #730, 1.649999999999998579 ) ;
#2329 = STYLED_ITEM ( 'NONE', ( #895 ), #529 ) ;
#2330 = DIRECTION ( 'NONE',  ( 0.000000000000000000, 0.000000000000000000, 1.000000000000000000 ) ) ;
#2331 =( NAMED_UNIT ( * ) SI_UNIT ( $, .STERADIAN. ) SOLID_ANGLE_UNIT ( ) );
#2332 = VECTOR ( 'NONE', #2258, 1000.000000000000000 ) ;
#2333 = CIRCLE ( 'NONE', #336, 1.649999999999984812 ) ;
#2334 = EDGE_CURVE ( 'NONE', #2733, #1311, #2478, .T. ) ;
#2335 = ORIENTED_EDGE ( 'NONE', *, *, #33, .F. ) ;
#2336 = CARTESIAN_POINT ( 'NONE',  ( 174.9999999999999147, 3.000000000000000000, -172.7499999999999716 ) ) ;
#2337 = MECHANICAL_DESIGN_GEOMETRIC_PRESENTATION_REPRESENTATION (  '', ( #2550 ), #1187 ) ;
#2338 = SURFACE_STYLE_FILL_AREA ( #2083 ) ;
#2339 = SURFACE_STYLE_FILL_AREA ( #211 ) ;
#2340 = EDGE_CURVE ( 'NONE', #349, #1311, #1556, .T. ) ;
#2341 = ORIENTED_EDGE ( 'NONE', *, *, #2269, .F. ) ;
#2342 = CARTESIAN_POINT ( 'NONE',  ( -150.0000000000000000, 3.000000000000001332, -49.99999999999923972 ) ) ;
#2343 =( NAMED_UNIT ( * ) PLANE_ANGLE_UNIT ( ) SI_UNIT ( $, .RADIAN. ) );
#2344 = ORIENTED_EDGE ( 'NONE', *, *, #681, .T. ) ;
#2345 = CARTESIAN_POINT ( 'NONE',  ( 150.0000000000000000, 0.000000000000000000, -49.99999999999994316 ) ) ;
#2346 = SURFACE_SIDE_STYLE ('',( #439 ) ) ;
#2347 = EDGE_LOOP ( 'NONE', ( #560, #2439, #221, #443 ) ) ;
#2348 = CARTESIAN_POINT ( 'NONE',  ( 174.9999999999999147, 0.9500000000000038414, -177.2499999999999716 ) ) ;
#2349 = CIRCLE ( 'NONE', #352, 4.299999999999998046 ) ;
#2350 = ORIENTED_EDGE ( 'NONE', *, *, #2045, .T. ) ;
#2351 = EDGE_CURVE ( 'NONE', #1909, #349, #1198, .T. ) ;
#2352 = DIRECTION ( 'NONE',  ( 0.3420201433256659374, 0.000000000000000000, 0.9396926207859094271 ) ) ;
#2353 = ORIENTED_EDGE ( 'NONE', *, *, #214, .T. ) ;
#2354 = CARTESIAN_POINT ( 'NONE',  ( 174.9999999999999147, 3.000000000000001776, -179.2999999999999545 ) ) ;
#2355 = FILL_AREA_STYLE ('',( #2163 ) ) ;
#2356 = STYLED_ITEM ( 'NONE', ( #1054 ), #2282 ) ;
#2357 = ORIENTED_EDGE ( 'NONE', *, *, #1920, .F. ) ;
#2358 = CARTESIAN_POINT ( 'NONE',  ( 150.0000000000000000, 3.000000000000001332, 49.99999999999991473 ) ) ;
#2359 = DIRECTION ( 'NONE',  ( 0.000000000000000000, 0.000000000000000000, 1.000000000000000000 ) ) ;
#2360 = ORIENTED_EDGE ( 'NONE', *, *, #27, .T. ) ;
#2361 = PLANE ( 'NONE',  #563 ) ;
#2362 = DIRECTION ( 'NONE',  ( 0.000000000000000000, 0.000000000000000000, 1.000000000000000000 ) ) ;
#2363 = EDGE_CURVE ( 'NONE', #1484, #565, #1334, .T. ) ;
#2364 = PRESENTATION_LAYER_ASSIGNMENT (  '', '', ( #454 ) ) ;
#2365 = EDGE_LOOP ( 'NONE', ( #611, #2548, #1541, #882 ) ) ;
#2366 = CYLINDRICAL_SURFACE ( 'NONE', #1143, 1.649999999999984812 ) ;
#2367 = AXIS2_PLACEMENT_3D ( 'NONE', #1214, #2494, #607 ) ;
#2368 = EDGE_CURVE ( 'NONE', #1052, #2212, #757, .T. ) ;
#2369 = CARTESIAN_POINT ( 'NONE',  ( 150.0000000000000000, 3.000000000000001332, -51.64999999999992752 ) ) ;
#2370 = VECTOR ( 'NONE', #1967, 1000.000000000000000 ) ;
#2371 = COLOUR_RGB ( '',1.000000000000000000, 1.000000000000000000, 1.000000000000000000 ) ;
#2372 = ORIENTED_EDGE ( 'NONE', *, *, #1974, .T. ) ;
#2373 = CARTESIAN_POINT ( 'NONE',  ( 174.9999999999999147, 3.000000000000001776, 179.3000000000000114 ) ) ;
#2374 = DIRECTION ( 'NONE',  ( 0.000000000000000000, 0.000000000000000000, 1.000000000000000000 ) ) ;
#2375 = CARTESIAN_POINT ( 'NONE',  ( -175.0000000000000853, 4.336808689942017736E-16, -174.9999999999999716 ) ) ;
#2376 = CIRCLE ( 'NONE', #731, 2.250000000000001776 ) ;
#2377 =( GEOMETRIC_REPRESENTATION_CONTEXT ( 3 ) GLOBAL_UNCERTAINTY_ASSIGNED_CONTEXT ( ( #582 ) ) GLOBAL_UNIT_ASSIGNED_CONTEXT ( ( #630, #427, #25 ) ) REPRESENTATION_CONTEXT ( 'NONE', 'WORKASPACE' ) );
#2378 = DIRECTION ( 'NONE',  ( 0.000000000000000000, 0.7071067811865479058, 0.7071067811865472397 ) ) ;
#2379 = COLOUR_RGB ( '',1.000000000000000000, 1.000000000000000000, 1.000000000000000000 ) ;
#2380 = AXIS2_PLACEMENT_3D ( 'NONE', #2568, #69, #666 ) ;
#2381 = ORIENTED_EDGE ( 'NONE', *, *, #2368, .F. ) ;
#2382 = DIRECTION ( 'NONE',  ( 0.000000000000000000, 0.000000000000000000, 1.000000000000000000 ) ) ;
#2383 = FILL_AREA_STYLE ('',( #1538 ) ) ;
#2384 = ORIENTED_EDGE ( 'NONE', *, *, #1766, .T. ) ;
#2385 = SURFACE_STYLE_USAGE ( .BOTH. , #1545 ) ;
#2386 = EDGE_CURVE ( 'NONE', #2246, #2555, #119, .T. ) ;
#2387 = FACE_BOUND ( 'NONE', #2026, .T. ) ;
#2388 = ORIENTED_EDGE ( 'NONE', *, *, #996, .F. ) ;
#2389 = FACE_OUTER_BOUND ( 'NONE', #2271, .T. ) ;
#2390 = FACE_BOUND ( 'NONE', #1436, .T. ) ;
#2391 = DIRECTION ( 'NONE',  ( 0.000000000000000000, 0.000000000000000000, 1.000000000000000000 ) ) ;
#2392 = UNCERTAINTY_MEASURE_WITH_UNIT (LENGTH_MEASURE( 1.000000000000000082E-05 ), #266, 'distance_accuracy_value', 'NONE');
#2393 = AXIS2_PLACEMENT_3D ( 'NONE', #483, #451, #715 ) ;
#2394 = EDGE_LOOP ( 'NONE', ( #1895, #422 ) ) ;
#2395 = FACE_OUTER_BOUND ( 'NONE', #1496, .T. ) ;
#2396 = CARTESIAN_POINT ( 'NONE',  ( -175.0000000000000853, 4.336808689942017736E-16, -177.2499999999999716 ) ) ;
#2397 = ORIENTED_EDGE ( 'NONE', *, *, #1956, .F. ) ;
#2398 = AXIS2_PLACEMENT_3D ( 'NONE', #1982, #484, #1551 ) ;
#2399 = DIRECTION ( 'NONE',  ( 1.000000000000000000, 0.000000000000000000, 0.000000000000000000 ) ) ;
#2400 = ADVANCED_FACE ( 'NONE', ( #912, #1353, #1952, #105, #1837, #2186, #279, #1438, #973, #2387, #1612, #2456, #2242, #2692, #122, #2674, #39, #773, #1628, #350, #2706 ), #419, .T. ) ;
#2401 = VERTEX_POINT ( 'NONE', #1061 ) ;
#2402 = DIRECTION ( 'NONE',  ( 1.000000000000000000, 0.000000000000000000, -0.000000000000000000 ) ) ;
#2403 = FACE_BOUND ( 'NONE', #2599, .T. ) ;
#2404 = SURFACE_SIDE_STYLE ('',( #244 ) ) ;
#2405 = DIRECTION ( 'NONE',  ( -0.000000000000000000, 1.000000000000000000, -0.000000000000000000 ) ) ;
#2406 = EDGE_CURVE ( 'NONE', #2411, #47, #204, .T. ) ;
#2407 = VERTEX_POINT ( 'NONE', #1051 ) ;
#2408 = ORIENTED_EDGE ( 'NONE', *, *, #1890, .T. ) ;
#2409 = SURFACE_STYLE_USAGE ( .BOTH. , #562 ) ;
#2410 = SURFACE_STYLE_USAGE ( .BOTH. , #2442 ) ;
#2411 = VERTEX_POINT ( 'NONE', #175 ) ;
#2412 = LINE ( 'NONE', #1207, #2197 ) ;
#2413 = FACE_OUTER_BOUND ( 'NONE', #2347, .T. ) ;
#2414 = ORIENTED_EDGE ( 'NONE', *, *, #1808, .T. ) ;
#2415 = CIRCLE ( 'NONE', #1082, 4.299999999999998046 ) ;
#2416 = LINE ( 'NONE', #777, #1798 ) ;
#2417 = FACE_OUTER_BOUND ( 'NONE', #1296, .T. ) ;
#2418 = CARTESIAN_POINT ( 'NONE',  ( -50.00000000000032685, 3.000000000000001332, -149.9999999999999432 ) ) ;
#2419 = EDGE_CURVE ( 'NONE', #500, #2655, #392, .T. ) ;
#2420 =( NAMED_UNIT ( * ) PLANE_ANGLE_UNIT ( ) SI_UNIT ( $, .RADIAN. ) );
#2421 =( GEOMETRIC_REPRESENTATION_CONTEXT ( 3 ) GLOBAL_UNCERTAINTY_ASSIGNED_CONTEXT ( ( #2666 ) ) GLOBAL_UNIT_ASSIGNED_CONTEXT ( ( #821, #1281, #1661 ) ) REPRESENTATION_CONTEXT ( 'NONE', 'WORKASPACE' ) );
#2422 = EDGE_LOOP ( 'NONE', ( #333, #403 ) ) ;
#2423 = VERTEX_POINT ( 'NONE', #1275 ) ;
#2424 = CIRCLE ( 'NONE', #1047, 1.649999999999984812 ) ;
#2425 = MECHANICAL_DESIGN_GEOMETRIC_PRESENTATION_REPRESENTATION (  '', ( #421 ), #1930 ) ;
#2426 = EDGE_CURVE ( 'NONE', #1215, #1055, #840, .T. ) ;
#2427 = CARTESIAN_POINT ( 'NONE',  ( -49.99999999999998579, 0.000000000000000000, 51.64999999999991331 ) ) ;
#2428 = PRESENTATION_STYLE_ASSIGNMENT (( #2410 ) ) ;
#2429 = STYLED_ITEM ( 'NONE', ( #1167 ), #616 ) ;
#2430 = ORIENTED_EDGE ( 'NONE', *, *, #1748, .F. ) ;
#2431 = AXIS2_PLACEMENT_3D ( 'NONE', #615, #988, #1877 ) ;
#2432 = DIRECTION ( 'NONE',  ( 0.000000000000000000, 0.000000000000000000, -1.000000000000000000 ) ) ;
#2433 = ORIENTED_EDGE ( 'NONE', *, *, #1168, .F. ) ;
#2434 = CARTESIAN_POINT ( 'NONE',  ( -150.0000000000000000, 0.000000000000000000, 50.00000000000061107 ) ) ;
#2435 = CARTESIAN_POINT ( 'NONE',  ( -50.00000000000032685, 0.000000000000000000, -151.6499999999999488 ) ) ;
#2436 = FACE_OUTER_BOUND ( 'NONE', #655, .T. ) ;
#2437 = DIRECTION ( 'NONE',  ( 0.000000000000000000, 0.000000000000000000, 1.000000000000000000 ) ) ;
#2438 = ORIENTED_EDGE ( 'NONE', *, *, #1394, .T. ) ;
#2439 = ORIENTED_EDGE ( 'NONE', *, *, #1681, .F. ) ;
#2440 = SURFACE_STYLE_USAGE ( .BOTH. , #2702 ) ;
#2441 = DIRECTION ( 'NONE',  ( 0.000000000000000000, 0.000000000000000000, 1.000000000000000000 ) ) ;
#2442 = SURFACE_SIDE_STYLE ('',( #1822 ) ) ;
#2443 = EDGE_CURVE ( 'NONE', #2319, #1584, #2536, .T. ) ;
#2444 = EDGE_LOOP ( 'NONE', ( #2086, #1063 ) ) ;
#2445 = FACE_OUTER_BOUND ( 'NONE', #975, .T. ) ;
#2446 = VERTEX_POINT ( 'NONE', #588 ) ;
#2447 = AXIS2_PLACEMENT_3D ( 'NONE', #1218, #157, #2058 ) ;
#2448 =( NAMED_UNIT ( * ) SI_UNIT ( $, .STERADIAN. ) SOLID_ANGLE_UNIT ( ) );
#2449 = CYLINDRICAL_SURFACE ( 'NONE', #2588, 80.00000000000001421 ) ;
#2450 = DIRECTION ( 'NONE',  ( -0.000000000000000000, 1.000000000000000000, -0.000000000000000000 ) ) ;
#2451 = CARTESIAN_POINT ( 'NONE',  ( 49.99999999999998579, 3.000000000000001332, 51.64999999999989910 ) ) ;
#2452 = PRESENTATION_STYLE_ASSIGNMENT (( #84 ) ) ;
#2453 = ORIENTED_EDGE ( 'NONE', *, *, #2611, .T. ) ;
#2454 = AXIS2_PLACEMENT_3D ( 'NONE', #1128, #916, #1770 ) ;
#2455 = DIRECTION ( 'NONE',  ( 0.000000000000000000, 0.000000000000000000, -1.000000000000000000 ) ) ;
#2456 = FACE_BOUND ( 'NONE', #830, .T. ) ;
#2457 = EDGE_CURVE ( 'NONE', #1055, #761, #2623, .T. ) ;
#2458 = EDGE_CURVE ( 'NONE', #565, #1484, #1871, .T. ) ;
#2459 = VERTEX_POINT ( 'NONE', #851 ) ;
#2460 = LINE ( 'NONE', #1807, #1929 ) ;
#2461 = LINE ( 'NONE', #796, #1498 ) ;
#2462 = CARTESIAN_POINT ( 'NONE',  ( 174.9999999999999147, 3.000000000000001776, 175.0000000000000284 ) ) ;
#2463 = COLOUR_RGB ( '',1.000000000000000000, 1.000000000000000000, 1.000000000000000000 ) ;
#2464 = ORIENTED_EDGE ( 'NONE', *, *, #841, .T. ) ;
#2465 = CIRCLE ( 'NONE', #379, 1.649999999999984812 ) ;
#2466 = CARTESIAN_POINT ( 'NONE',  ( 150.0000000000010516, 3.000000000000001332, 149.9999999999999147 ) ) ;
#2467 = VECTOR ( 'NONE', #1285, 1000.000000000000000 ) ;
#2468 = CIRCLE ( 'NONE', #426, 1.649999999999984812 ) ;
#2469 = ADVANCED_FACE ( 'NONE', ( #2061 ), #2089, .F. ) ;
#2470 = CARTESIAN_POINT ( 'NONE',  ( 174.9999999999999147, 0.9500000000000038414, -172.7499999999999716 ) ) ;
#2471 = DIRECTION ( 'NONE',  ( -0.000000000000000000, -1.000000000000000000, -0.000000000000000000 ) ) ;
#2472 = CYLINDRICAL_SURFACE ( 'NONE', #285, 9.999999999999994671 ) ;
#2473 = ORIENTED_EDGE ( 'NONE', *, *, #2386, .T. ) ;
#2474 = EDGE_LOOP ( 'NONE', ( #984, #2226, #749, #1431 ) ) ;
#2475 = FILL_AREA_STYLE_COLOUR ( '', #2762 ) ;
#2476 = ORIENTED_EDGE ( 'NONE', *, *, #517, .F. ) ;
#2477 = CARTESIAN_POINT ( 'NONE',  ( 150.0000000000000000, 3.000000000000001332, -48.34999999999995879 ) ) ;
#2478 = LINE ( 'NONE', #547, #797 ) ;
#2479 = FILL_AREA_STYLE ('',( #1440 ) ) ;
#2480 =( NAMED_UNIT ( * ) PLANE_ANGLE_UNIT ( ) SI_UNIT ( $, .RADIAN. ) );
#2481 = CYLINDRICAL_SURFACE ( 'NONE', #1437, 1.649999999999984812 ) ;
#2482 = ADVANCED_FACE ( 'NONE', ( #1892 ), #2313, .F. ) ;
#2483 = AXIS2_PLACEMENT_3D ( 'NONE', #1834, #1434, #2309 ) ;
#2484 = ORIENTED_EDGE ( 'NONE', *, *, #871, .T. ) ;
#2485 = DIRECTION ( 'NONE',  ( -0.000000000000000000, 1.000000000000000000, -0.000000000000000000 ) ) ;
#2486 = FACE_OUTER_BOUND ( 'NONE', #2314, .T. ) ;
#2487 =( NAMED_UNIT ( * ) SI_UNIT ( $, .STERADIAN. ) SOLID_ANGLE_UNIT ( ) );
#2488 = EDGE_CURVE ( 'NONE', #2595, #2233, #990, .T. ) ;
#2489 = ORIENTED_EDGE ( 'NONE', *, *, #1137, .T. ) ;
#2490 = FILL_AREA_STYLE_COLOUR ( '', #1270 ) ;
#2491 = DIRECTION ( 'NONE',  ( -0.000000000000000000, 1.000000000000000000, -0.000000000000000000 ) ) ;
#2492 = SURFACE_STYLE_USAGE ( .BOTH. , #351 ) ;
#2493 = AXIS2_PLACEMENT_3D ( 'NONE', #1734, #2566, #2362 ) ;
#2494 = DIRECTION ( 'NONE',  ( 0.000000000000000000, 1.000000000000000000, -0.000000000000000000 ) ) ;
#2495 = VERTEX_POINT ( 'NONE', #275 ) ;
#2496 = DIRECTION ( 'NONE',  ( -0.000000000000000000, 1.000000000000000000, -0.000000000000000000 ) ) ;
#2497 = CARTESIAN_POINT ( 'NONE',  ( 150.0000000000010516, 3.000000000000001332, 149.9999999999999147 ) ) ;
#2498 = EDGE_CURVE ( 'NONE', #2232, #550, #2183, .T. ) ;
#2499 = MECHANICAL_DESIGN_GEOMETRIC_PRESENTATION_REPRESENTATION (  '', ( #636 ), #1004 ) ;
#2500 = CARTESIAN_POINT ( 'NONE',  ( 50.00000000000103029, 3.000000000000001332, 151.6499999999998920 ) ) ;
#2501 = ORIENTED_EDGE ( 'NONE', *, *, #568, .F. ) ;
#2502 = AXIS2_PLACEMENT_3D ( 'NONE', #468, #858, #1340 ) ;
#2503 = EDGE_CURVE ( 'NONE', #550, #1184, #1258, .T. ) ;
#2504 = EDGE_LOOP ( 'NONE', ( #2586, #2035 ) ) ;
#2505 = AXIS2_PLACEMENT_3D ( 'NONE', #2145, #1749, #2330 ) ;
#2506 = AXIS2_PLACEMENT_3D ( 'NONE', #258, #2565, #663 ) ;
#2507 = CIRCLE ( 'NONE', #1009, 1.649999999999984812 ) ;
#2508 = SURFACE_SIDE_STYLE ('',( #1038 ) ) ;
#2509 = PRESENTATION_LAYER_ASSIGNMENT (  '', '', ( #470 ) ) ;
#2510 = DIRECTION ( 'NONE',  ( -0.000000000000000000, 1.000000000000000000, -0.000000000000000000 ) ) ;
#2511 = ORIENTED_EDGE ( 'NONE', *, *, #79, .T. ) ;
#2512 = LINE ( 'NONE', #2520, #776 ) ;
#2513 = LINE ( 'NONE', #1847, #1998 ) ;
#2514 = VERTEX_POINT ( 'NONE', #2396 ) ;
#2515 = FILL_AREA_STYLE ('',( #1684 ) ) ;
#2516 = ADVANCED_FACE ( 'NONE', ( #664 ), #2554, .F. ) ;
#2517 = ORIENTED_EDGE ( 'NONE', *, *, #942, .F. ) ;
#2518 =( LENGTH_UNIT ( ) NAMED_UNIT ( * ) SI_UNIT ( .MILLI., .METRE. ) );
#2519 = ORIENTED_EDGE ( 'NONE', *, *, #775, .T. ) ;
#2520 = CARTESIAN_POINT ( 'NONE',  ( -175.0000000000000853, 3.000000000000001776, 170.7000000000000171 ) ) ;
#2521 = DIRECTION ( 'NONE',  ( 0.000000000000000000, -1.000000000000000000, 0.000000000000000000 ) ) ;
#2522 = AXIS2_PLACEMENT_3D ( 'NONE', #1, #32, #2137 ) ;
#2523 = EDGE_LOOP ( 'NONE', ( #1768, #226, #2350, #872 ) ) ;
#2524 = VECTOR ( 'NONE', #2190, 1000.000000000000000 ) ;
#2525 = ORIENTED_EDGE ( 'NONE', *, *, #250, .F. ) ;
#2526 = LINE ( 'NONE', #2556, #1934 ) ;
#2527 = CARTESIAN_POINT ( 'NONE',  ( -49.99999999999998579, 3.000000000000000000, 49.99999999999991473 ) ) ;
#2528 = EDGE_CURVE ( 'NONE', #2495, #340, #2059, .T. ) ;
#2529 =( LENGTH_UNIT ( ) NAMED_UNIT ( * ) SI_UNIT ( .MILLI., .METRE. ) );
#2530 = EDGE_LOOP ( 'NONE', ( #1772, #1658, #2353, #1795 ) ) ;
#2531 = FACE_OUTER_BOUND ( 'NONE', #1300, .T. ) ;
#2532 = CARTESIAN_POINT ( 'NONE',  ( -49.99999999999998579, 3.000000000000000000, 49.99999999999991473 ) ) ;
#2533 = DIRECTION ( 'NONE',  ( 0.000000000000000000, 0.000000000000000000, 1.000000000000000000 ) ) ;
#2534 = ORIENTED_EDGE ( 'NONE', *, *, #681, .F. ) ;
#2535 = DIRECTION ( 'NONE',  ( -0.000000000000000000, 1.000000000000000000, -0.000000000000000000 ) ) ;
#2536 = LINE ( 'NONE', #1875, #854 ) ;
#2537 = ORIENTED_EDGE ( 'NONE', *, *, #1791, .T. ) ;
#2538 = DIRECTION ( 'NONE',  ( 1.609018876268343055E-16, 0.000000000000000000, 1.000000000000000000 ) ) ;
#2539 = PRESENTATION_LAYER_ASSIGNMENT (  '', '', ( #417 ) ) ;
#2540 = AXIS2_PLACEMENT_3D ( 'NONE', #2307, #400, #1018 ) ;
#2541 = VECTOR ( 'NONE', #1949, 1000.000000000000000 ) ;
#2542 = COLOUR_RGB ( '',1.000000000000000000, 1.000000000000000000, 1.000000000000000000 ) ;
#2543 = CIRCLE ( 'NONE', #2019, 1.649999999999984812 ) ;
#2544 = CARTESIAN_POINT ( 'NONE',  ( -150.0000000000000000, 3.000000000000001332, 51.65000000000059543 ) ) ;
#2545 = STYLED_ITEM ( 'NONE', ( #1482 ), #1449 ) ;
#2546 = PRESENTATION_LAYER_ASSIGNMENT (  '', '', ( #646 ) ) ;
#2547 = EDGE_CURVE ( 'NONE', #719, #2733, #230, .T. ) ;
#2548 = ORIENTED_EDGE ( 'NONE', *, *, #650, .T. ) ;
#2549 = CARTESIAN_POINT ( 'NONE',  ( 174.9999999999999147, 3.000000000000001776, 170.7000000000000171 ) ) ;
#2550 = STYLED_ITEM ( 'NONE', ( #2275 ), #718 ) ;
#2551 = DIRECTION ( 'NONE',  ( 0.000000000000000000, 0.000000000000000000, 1.000000000000000000 ) ) ;
#2552 = ORIENTED_EDGE ( 'NONE', *, *, #218, .T. ) ;
#2553 = CARTESIAN_POINT ( 'NONE',  ( 174.9999999999999147, 3.000000000000000000, 172.7500000000000284 ) ) ;
#2554 = CYLINDRICAL_SURFACE ( 'NONE', #2013, 1.649999999999984812 ) ;
#2555 = VERTEX_POINT ( 'NONE', #248 ) ;
#2556 = CARTESIAN_POINT ( 'NONE',  ( -252.5000000000000000, 3.000000000000000000, -172.5000000000000000 ) ) ;
#2557 = ORIENTED_EDGE ( 'NONE', *, *, #1505, .T. ) ;
#2558 = LINE ( 'NONE', #873, #2102 ) ;
#2559 = FACE_BOUND ( 'NONE', #2577, .T. ) ;
#2560 = DIRECTION ( 'NONE',  ( -0.000000000000000000, 1.000000000000000000, -0.000000000000000000 ) ) ;
#2561 = EDGE_CURVE ( 'NONE', #1077, #2212, #5, .T. ) ;
#2562 = LINE ( 'NONE', #1899, #1349 ) ;
#2563 = VERTEX_POINT ( 'NONE', #695 ) ;
#2564 = EDGE_CURVE ( 'NONE', #82, #2514, #598, .T. ) ;
#2565 = DIRECTION ( 'NONE',  ( -0.000000000000000000, 1.000000000000000000, -0.000000000000000000 ) ) ;
#2566 = DIRECTION ( 'NONE',  ( -0.000000000000000000, 1.000000000000000000, -0.000000000000000000 ) ) ;
#2567 = ORIENTED_EDGE ( 'NONE', *, *, #2214, .T. ) ;
#2568 = CARTESIAN_POINT ( 'NONE',  ( 174.9999999999999147, 4.336808689942017736E-16, 175.0000000000000284 ) ) ;
#2569 =( LENGTH_UNIT ( ) NAMED_UNIT ( * ) SI_UNIT ( .MILLI., .METRE. ) );
#2570 = ORIENTED_EDGE ( 'NONE', *, *, #2752, .F. ) ;
#2571 = DIRECTION ( 'NONE',  ( 0.000000000000000000, 0.000000000000000000, -1.000000000000000000 ) ) ;
#2572 = FACE_BOUND ( 'NONE', #2000, .T. ) ;
#2573 = CARTESIAN_POINT ( 'NONE',  ( 49.99999999999998579, 3.000000000000001332, 48.34999999999993037 ) ) ;
#2574 = CARTESIAN_POINT ( 'NONE',  ( 172.5000000000000000, 3.000000000000000000, -252.5000000000000568 ) ) ;
#2575 = UNCERTAINTY_MEASURE_WITH_UNIT (LENGTH_MEASURE( 1.000000000000000082E-05 ), #2569, 'distance_accuracy_value', 'NONE');
#2576 = EDGE_CURVE ( 'NONE', #467, #2232, #1085, .T. ) ;
#2577 = EDGE_LOOP ( 'NONE', ( #733, #44 ) ) ;
#2578 = DIRECTION ( 'NONE',  ( -1.609018876268343055E-16, 0.000000000000000000, -1.000000000000000000 ) ) ;
#2579 = CARTESIAN_POINT ( 'NONE',  ( 49.99999999999998579, 3.000000000000001332, -49.99999999999994316 ) ) ;
#2580 = ADVANCED_FACE ( 'NONE', ( #1119 ), #677, .F. ) ;
#2581 = ORIENTED_EDGE ( 'NONE', *, *, #1026, .T. ) ;
#2582 = DIRECTION ( 'NONE',  ( -0.000000000000000000, 1.000000000000000000, -0.000000000000000000 ) ) ;
#2583 = VECTOR ( 'NONE', #1676, 1000.000000000000000 ) ;
#2584 = AXIS2_PLACEMENT_3D ( 'NONE', #1470, #1458, #1029 ) ;
#2585 = VECTOR ( 'NONE', #1326, 999.9999999999998863 ) ;
#2586 = ORIENTED_EDGE ( 'NONE', *, *, #1940, .F. ) ;
#2587 = CARTESIAN_POINT ( 'NONE',  ( 174.9999999999999147, 3.000000000000000000, -177.2499999999999716 ) ) ;
#2588 = AXIS2_PLACEMENT_3D ( 'NONE', #1397, #2229, #989 ) ;
#2589 = CARTESIAN_POINT ( 'NONE',  ( -175.0000000000000853, 4.336808689942017736E-16, 172.7500000000000284 ) ) ;
#2590 = AXIS2_PLACEMENT_3D ( 'NONE', #676, #2126, #1537 ) ;
#2591 = PRESENTATION_LAYER_ASSIGNMENT (  '', '', ( #564 ) ) ;
#2592 = ORIENTED_EDGE ( 'NONE', *, *, #1699, .F. ) ;
#2593 = DIRECTION ( 'NONE',  ( 0.000000000000000000, 0.000000000000000000, 1.000000000000000000 ) ) ;
#2594 =( LENGTH_UNIT ( ) NAMED_UNIT ( * ) SI_UNIT ( .MILLI., .METRE. ) );
#2595 = VERTEX_POINT ( 'NONE', #117 ) ;
#2596 = ADVANCED_FACE ( 'NONE', ( #983 ), #321, .F. ) ;
#2597 = EDGE_CURVE ( 'NONE', #1695, #2642, #2639, .T. ) ;
#2598 = CARTESIAN_POINT ( 'NONE',  ( -175.0000000000000853, 3.000000000000001776, 175.0000000000000284 ) ) ;
#2599 = EDGE_LOOP ( 'NONE', ( #1094, #1283 ) ) ;
#2600 = PLANE ( 'NONE',  #1631 ) ;
#2601 = FACE_BOUND ( 'NONE', #1402, .T. ) ;
#2602 = DIRECTION ( 'NONE',  ( -0.000000000000000000, 1.000000000000000000, -0.000000000000000000 ) ) ;
#2603 = UNCERTAINTY_MEASURE_WITH_UNIT (LENGTH_MEASURE( 1.000000000000000082E-05 ), #2594, 'distance_accuracy_value', 'NONE');
#2604 = ORIENTED_EDGE ( 'NONE', *, *, #2633, .T. ) ;
#2605 = FACE_OUTER_BOUND ( 'NONE', #2116, .T. ) ;
#2606 = DIRECTION ( 'NONE',  ( 0.000000000000000000, 0.000000000000000000, 1.000000000000000000 ) ) ;
#2607 = ORIENTED_EDGE ( 'NONE', *, *, #130, .T. ) ;
#2608 = ADVANCED_FACE ( 'NONE', ( #669 ), #118, .F. ) ;
#2609 =( NAMED_UNIT ( * ) PLANE_ANGLE_UNIT ( ) SI_UNIT ( $, .RADIAN. ) );
#2610 = EDGE_LOOP ( 'NONE', ( #2005, #1738 ) ) ;
#2611 = EDGE_CURVE ( 'NONE', #1292, #2257, #2171, .T. ) ;
#2612 = CARTESIAN_POINT ( 'NONE',  ( -49.99999999999998579, 3.000000000000001332, -49.99999999999994316 ) ) ;
#2613 = PLANE ( 'NONE',  #2454 ) ;
#2614 = LINE ( 'NONE', #2647, #188 ) ;
#2615 = SURFACE_STYLE_USAGE ( .BOTH. , #2180 ) ;
#2616 = ORIENTED_EDGE ( 'NONE', *, *, #1250, .F. ) ;
#2617 = LINE ( 'NONE', #1811, #369 ) ;
#2618 = DIRECTION ( 'NONE',  ( 0.000000000000000000, 0.000000000000000000, 1.000000000000000000 ) ) ;
#2619 = CARTESIAN_POINT ( 'NONE',  ( 49.99999999999998579, 3.000000000000000000, -49.99999999999994316 ) ) ;
#2620 = CARTESIAN_POINT ( 'NONE',  ( 50.00000000000103029, 3.000000000000000000, 149.9999999999999147 ) ) ;
#2621 = CIRCLE ( 'NONE', #1032, 1.649999999999984812 ) ;
#2622 = ORIENTED_EDGE ( 'NONE', *, *, #1337, .F. ) ;
#2623 = CIRCLE ( 'NONE', #815, 10.00000000000000178 ) ;
#2624 = CARTESIAN_POINT ( 'NONE',  ( -182.5000000000000568, 0.000000000000000000, 54.52208360136609855 ) ) ;
#2625 = CARTESIAN_POINT ( 'NONE',  ( 174.9999999999999147, 4.336808689942017736E-16, 177.2500000000000284 ) ) ;
#2626 = AXIS2_PLACEMENT_3D ( 'NONE', #1216, #68, #933 ) ;
#2627 = ORIENTED_EDGE ( 'NONE', *, *, #79, .F. ) ;
#2628 = FILL_AREA_STYLE ('',( #2216 ) ) ;
#2629 = SURFACE_STYLE_FILL_AREA ( #2680 ) ;
#2630 = DIRECTION ( 'NONE',  ( -0.000000000000000000, 1.000000000000000000, -0.000000000000000000 ) ) ;
#2631 =( NAMED_UNIT ( * ) SI_UNIT ( $, .STERADIAN. ) SOLID_ANGLE_UNIT ( ) );
#2632 = VECTOR ( 'NONE', #182, 1000.000000000000000 ) ;
#2633 = EDGE_CURVE ( 'NONE', #158, #120, #2038, .T. ) ;
#2634 = ORIENTED_EDGE ( 'NONE', *, *, #1446, .T. ) ;
#2635 = FILL_AREA_STYLE_COLOUR ( '', #675 ) ;
#2636 = VECTOR ( 'NONE', #1185, 1000.000000000000000 ) ;
#2637 = DIRECTION ( 'NONE',  ( 0.000000000000000000, 0.000000000000000000, 1.000000000000000000 ) ) ;
#2638 = FILL_AREA_STYLE_COLOUR ( '', #2379 ) ;
#2639 = LINE ( 'NONE', #1163, #612 ) ;
#2640 =( GEOMETRIC_REPRESENTATION_CONTEXT ( 3 ) GLOBAL_UNCERTAINTY_ASSIGNED_CONTEXT ( ( #1228 ) ) GLOBAL_UNIT_ASSIGNED_CONTEXT ( ( #377, #1473, #2325 ) ) REPRESENTATION_CONTEXT ( 'NONE', 'WORKASPACE' ) );
#2641 = MECHANICAL_DESIGN_GEOMETRIC_PRESENTATION_REPRESENTATION (  '', ( #646 ), #686 ) ;
#2642 = VERTEX_POINT ( 'NONE', #1549 ) ;
#2643 = CARTESIAN_POINT ( 'NONE',  ( -150.0000000000003411, 3.000000000000001332, -149.9999999999992326 ) ) ;
#2644 = FILL_AREA_STYLE_COLOUR ( '', #1182 ) ;
#2645 = ORIENTED_EDGE ( 'NONE', *, *, #2709, .T. ) ;
#2646 = PRESENTATION_STYLE_ASSIGNMENT (( #961 ) ) ;
#2647 = CARTESIAN_POINT ( 'NONE',  ( -172.4999999999999432, 3.000000000000000000, 252.5000000000000000 ) ) ;
#2648 = CARTESIAN_POINT ( 'NONE',  ( -175.0000000000000853, 3.000000000000001776, 179.3000000000000114 ) ) ;
#2649 = ORIENTED_EDGE ( 'NONE', *, *, #629, .F. ) ;
#2650 = ORIENTED_EDGE ( 'NONE', *, *, #1920, .T. ) ;
#2651 = CARTESIAN_POINT ( 'NONE',  ( 172.5000000000000000, 3.000000000000000000, -172.5000000000000000 ) ) ;
#2652 = ADVANCED_FACE ( 'NONE', ( #2559, #42, #2152, #54, #1307, #2403, #2390, #2168, #899, #243, #2179, #689, #1740, #1753, #19, #2189, #929, #1730, #2601, #2572, #469 ), #265, .F. ) ;
#2653 = CARTESIAN_POINT ( 'NONE',  ( -150.0000000000000000, 0.000000000000000000, 50.00000000000061107 ) ) ;
#2654 = AXIS2_PLACEMENT_3D ( 'NONE', #700, #566, #1643 ) ;
#2655 = VERTEX_POINT ( 'NONE', #703 ) ;
#2656 = EDGE_CURVE ( 'NONE', #2642, #1584, #1166, .T. ) ;
#2657 = DIRECTION ( 'NONE',  ( -0.000000000000000000, 1.000000000000000000, -0.000000000000000000 ) ) ;
#2658 =( NAMED_UNIT ( * ) SI_UNIT ( $, .STERADIAN. ) SOLID_ANGLE_UNIT ( ) );
#2659 = PRESENTATION_STYLE_ASSIGNMENT (( #1951 ) ) ;
#2660 = ORIENTED_EDGE ( 'NONE', *, *, #2031, .T. ) ;
#2661 = CARTESIAN_POINT ( 'NONE',  ( 150.0000000000000000, 3.000000000000000000, -49.99999999999994316 ) ) ;
#2662 = LINE ( 'NONE', #329, #1478 ) ;
#2663 = LINE ( 'NONE', #1158, #1410 ) ;
#2664 = APPLICATION_CONTEXT ( 'automotive_design' ) ;
#2665 = CARTESIAN_POINT ( 'NONE',  ( 50.00000000000103029, 3.000000000000001332, 149.9999999999999147 ) ) ;
#2666 = UNCERTAINTY_MEASURE_WITH_UNIT (LENGTH_MEASURE( 1.000000000000000082E-05 ), #821, 'distance_accuracy_value', 'NONE');
#2667 = EDGE_LOOP ( 'NONE', ( #485, #816 ) ) ;
#2668 = DIRECTION ( 'NONE',  ( 1.609018876268343055E-16, 0.000000000000000000, 1.000000000000000000 ) ) ;
#2669 = CYLINDRICAL_SURFACE ( 'NONE', #2693, 1.649999999999984812 ) ;
#2670 = PLANE ( 'NONE',  #1274 ) ;
#2671 = VECTOR ( 'NONE', #752, 1000.000000000000000 ) ;
#2672 = EDGE_LOOP ( 'NONE', ( #783, #2125, #1520, #1237 ) ) ;
#2673 = CARTESIAN_POINT ( 'NONE',  ( -242.5000000000000000, 3.000000000000000000, -87.00207538209707536 ) ) ;
#2674 = FACE_BOUND ( 'NONE', #1405, .T. ) ;
#2675 = ADVANCED_FACE ( 'NONE', ( #2417 ), #2613, .F. ) ;
#2676 = COLOUR_RGB ( '',1.000000000000000000, 1.000000000000000000, 1.000000000000000000 ) ;
#2677 = FACE_OUTER_BOUND ( 'NONE', #1510, .T. ) ;
#2678 = MECHANICAL_DESIGN_GEOMETRIC_PRESENTATION_REPRESENTATION (  '', ( #454 ), #1352 ) ;
#2679 = FILL_AREA_STYLE ('',( #343 ) ) ;
#2680 = FILL_AREA_STYLE ('',( #1156 ) ) ;
#2681 = DIRECTION ( 'NONE',  ( -0.000000000000000000, 1.000000000000000000, -0.000000000000000000 ) ) ;
#2682 = CARTESIAN_POINT ( 'NONE',  ( 174.9999999999999147, 0.9500000000000038414, 172.7500000000000284 ) ) ;
#2683 = ORIENTED_EDGE ( 'NONE', *, *, #45, .T. ) ;
#2684 = ORIENTED_EDGE ( 'NONE', *, *, #1152, .F. ) ;
#2685 = CIRCLE ( 'NONE', #1264, 1.649999999999984812 ) ;
#2686 = CARTESIAN_POINT ( 'NONE',  ( -49.99999999999894840, 0.000000000000000000, 151.6499999999998920 ) ) ;
#2687 = PRESENTATION_LAYER_ASSIGNMENT (  '', '', ( #2329 ) ) ;
#2688 = ORIENTED_EDGE ( 'NONE', *, *, #1100, .T. ) ;
#2689 =( NAMED_UNIT ( * ) SI_UNIT ( $, .STERADIAN. ) SOLID_ANGLE_UNIT ( ) );
#2690 = STYLED_ITEM ( 'NONE', ( #625 ), #1464 ) ;
#2691 = CIRCLE ( 'NONE', #1495, 1.650000000000012568 ) ;
#2692 = FACE_BOUND ( 'NONE', #2311, .T. ) ;
#2693 = AXIS2_PLACEMENT_3D ( 'NONE', #1386, #2234, #741 ) ;
#2694 = SURFACE_STYLE_FILL_AREA ( #1687 ) ;
#2695 = EDGE_CURVE ( 'NONE', #2733, #120, #1561, .T. ) ;
#2696 = CARTESIAN_POINT ( 'NONE',  ( 149.9999999999996589, 0.000000000000000000, -148.3499999999999659 ) ) ;
#2697 = DIRECTION ( 'NONE',  ( 0.000000000000000000, 1.000000000000000000, 0.000000000000000000 ) ) ;
#2698 = EDGE_CURVE ( 'NONE', #1958, #251, #319, .T. ) ;
#2699 = FACE_OUTER_BOUND ( 'NONE', #399, .T. ) ;
#2700 = VERTEX_POINT ( 'NONE', #1980 ) ;
#2701 = CYLINDRICAL_SURFACE ( 'NONE', #506, 10.00000000000000178 ) ;
#2702 = SURFACE_SIDE_STYLE ('',( #143 ) ) ;
#2703 = SURFACE_STYLE_USAGE ( .BOTH. , #1870 ) ;
#2704 = ORIENTED_EDGE ( 'NONE', *, *, #2048, .F. ) ;
#2705 = FACE_OUTER_BOUND ( 'NONE', #2165, .T. ) ;
#2706 = FACE_BOUND ( 'NONE', #21, .T. ) ;
#2707 = VECTOR ( 'NONE', #1407, 1000.000000000000000 ) ;
#2708 = SURFACE_SIDE_STYLE ('',( #2694 ) ) ;
#2709 = EDGE_CURVE ( 'NONE', #1832, #91, #1780, .T. ) ;
#2710 =( LENGTH_UNIT ( ) NAMED_UNIT ( * ) SI_UNIT ( .MILLI., .METRE. ) );
#2711 = AXIS2_PLACEMENT_3D ( 'NONE', #1755, #225, #1534 ) ;
#2712 = EDGE_CURVE ( 'NONE', #876, #1052, #622, .T. ) ;
#2713 = ORIENTED_EDGE ( 'NONE', *, *, #1990, .F. ) ;
#2714 = CARTESIAN_POINT ( 'NONE',  ( 252.4999999999999432, 0.000000000000000000, -172.5000000000000000 ) ) ;
#2715 = LINE ( 'NONE', #2728, #1839 ) ;
#2716 = DIRECTION ( 'NONE',  ( -0.000000000000000000, 1.000000000000000000, -0.000000000000000000 ) ) ;
#2717 = CIRCLE ( 'NONE', #1737, 4.299999999999998046 ) ;
#2718 = ORIENTED_EDGE ( 'NONE', *, *, #27, .F. ) ;
#2719 = FILL_AREA_STYLE ('',( #1655 ) ) ;
#2720 = CARTESIAN_POINT ( 'NONE',  ( -252.5000000000000568, 0.000000000000000000, 80.00000000000002842 ) ) ;
#2721 = AXIS2_PLACEMENT_3D ( 'NONE', #2619, #2256, #723 ) ;
#2722 = ORIENTED_EDGE ( 'NONE', *, *, #2712, .T. ) ;
#2723 = PRESENTATION_STYLE_ASSIGNMENT (( #1863 ) ) ;
#2724 = FACE_OUTER_BOUND ( 'NONE', #40, .T. ) ;
#2725 = MECHANICAL_DESIGN_GEOMETRIC_PRESENTATION_REPRESENTATION (  '', ( #498 ), #1450 ) ;
#2726 = VERTEX_POINT ( 'NONE', #109 ) ;
#2727 = CYLINDRICAL_SURFACE ( 'NONE', #2540, 2.250000000000001776 ) ;
#2728 = CARTESIAN_POINT ( 'NONE',  ( 150.0000000000000000, 3.000000000000000000, 48.34999999999993037 ) ) ;
#2729 = AXIS2_PLACEMENT_3D ( 'NONE', #1467, #2093, #128 ) ;
#2730 = ADVANCED_FACE ( 'NONE', ( #1605 ), #172, .F. ) ;
#2731 = DIRECTION ( 'NONE',  ( 0.000000000000000000, 0.000000000000000000, -1.000000000000000000 ) ) ;
#2732 = PRESENTATION_LAYER_ASSIGNMENT (  '', '', ( #1451 ) ) ;
#2733 = VERTEX_POINT ( 'NONE', #136 ) ;
#2734 = CIRCLE ( 'NONE', #1629, 1.649999999999984812 ) ;
#2735 = EDGE_CURVE ( 'NONE', #2700, #1947, #943, .T. ) ;
#2736 = CARTESIAN_POINT ( 'NONE',  ( 252.4999999999999432, 0.000000000000000000, -172.5000000000000000 ) ) ;
#2737 = DIRECTION ( 'NONE',  ( 0.000000000000000000, 1.000000000000000000, -0.000000000000000000 ) ) ;
#2738 = CIRCLE ( 'NONE', #1536, 2.250000000000001776 ) ;
#2739 = COLOUR_RGB ( '',1.000000000000000000, 1.000000000000000000, 1.000000000000000000 ) ;
#2740 = ORIENTED_EDGE ( 'NONE', *, *, #347, .F. ) ;
#2741 = CIRCLE ( 'NONE', #909, 2.250000000000001776 ) ;
#2742 = PRESENTATION_LAYER_ASSIGNMENT (  '', '', ( #2429 ) ) ;
#2743 = STYLED_ITEM ( 'NONE', ( #1987 ), #1727 ) ;
#2744 =( GEOMETRIC_REPRESENTATION_CONTEXT ( 3 ) GLOBAL_UNCERTAINTY_ASSIGNED_CONTEXT ( ( #332 ) ) GLOBAL_UNIT_ASSIGNED_CONTEXT ( ( #1288, #866, #8 ) ) REPRESENTATION_CONTEXT ( 'NONE', 'WORKASPACE' ) );
#2745 = CYLINDRICAL_SURFACE ( 'NONE', #145, 79.99999999999998579 ) ;
#2746 = CARTESIAN_POINT ( 'NONE',  ( 150.0000000000010516, 3.000000000000001332, 148.3499999999999375 ) ) ;
#2747 = ORIENTED_EDGE ( 'NONE', *, *, #347, .T. ) ;
#2748 = FACE_OUTER_BOUND ( 'NONE', #501, .T. ) ;
#2749 =( NAMED_UNIT ( * ) PLANE_ANGLE_UNIT ( ) SI_UNIT ( $, .RADIAN. ) );
#2750 = EDGE_CURVE ( 'NONE', #1932, #1900, #2662, .T. ) ;
#2751 = VERTEX_POINT ( 'NONE', #2435 ) ;
#2752 = EDGE_CURVE ( 'NONE', #1666, #687, #1254, .T. ) ;
#2753 = ORIENTED_EDGE ( 'NONE', *, *, #17, .T. ) ;
#2754 =( LENGTH_UNIT ( ) NAMED_UNIT ( * ) SI_UNIT ( .MILLI., .METRE. ) );
#2755 = VECTOR ( 'NONE', #2491, 1000.000000000000000 ) ;
#2756 =( NAMED_UNIT ( * ) PLANE_ANGLE_UNIT ( ) SI_UNIT ( $, .RADIAN. ) );
#2757 = DIRECTION ( 'NONE',  ( 0.000000000000000000, 0.000000000000000000, 1.000000000000000000 ) ) ;
#2758 = ORIENTED_EDGE ( 'NONE', *, *, #1507, .F. ) ;
#2759 = DIRECTION ( 'NONE',  ( -0.000000000000000000, 1.000000000000000000, -0.000000000000000000 ) ) ;
#2760 = LINE ( 'NONE', #1072, #2632 ) ;
#2761 = DIRECTION ( 'NONE',  ( -0.000000000000000000, 1.000000000000000000, -0.000000000000000000 ) ) ;
#2762 = COLOUR_RGB ( '',0.6431372549019607199, 0.6156862745098039547, 0.5999999999999999778 ) ;
#2763 = ORIENTED_EDGE ( 'NONE', *, *, #477, .T. ) ;
#2764 = CARTESIAN_POINT ( 'NONE',  ( -252.4999999999999432, 3.000000000000000000, 172.5000000000000000 ) ) ;
#2765 = DIRECTION ( 'NONE',  ( 0.000000000000000000, 0.000000000000000000, 1.000000000000000000 ) ) ;
#2766 = EDGE_LOOP ( 'NONE', ( #1524, #2592 ) ) ;
#2767 = DIRECTION ( 'NONE',  ( 0.000000000000000000, 0.000000000000000000, 1.000000000000000000 ) ) ;
#2768 = ADVANCED_FACE ( 'NONE', ( #521 ), #297, .F. ) ;
#2769 =( GEOMETRIC_REPRESENTATION_CONTEXT ( 3 ) GLOBAL_UNCERTAINTY_ASSIGNED_CONTEXT ( ( #1595 ) ) GLOBAL_UNIT_ASSIGNED_CONTEXT ( ( #2097, #2749, #1282 ) ) REPRESENTATION_CONTEXT ( 'NONE', 'WORKASPACE' ) );
#2770 = AXIS2_PLACEMENT_3D ( 'NONE', #1235, #829, #1463 ) ;
#2771 = DIRECTION ( 'NONE',  ( 0.000000000000000000, 0.000000000000000000, 1.000000000000000000 ) ) ;
#2772 = FILL_AREA_STYLE_COLOUR ( '', #1776 ) ;
#2773 = ORIENTED_EDGE ( 'NONE', *, *, #431, .F. ) ;
#2774 = CARTESIAN_POINT ( 'NONE',  ( 174.9999999999999147, 3.000000000000001776, 179.3000000000000114 ) ) ;
ENDSEC;
END-ISO-10303-21;
