ISO-10303-21;
HEADER;
FILE_DESCRIPTION (( 'STEP AP214' ),
    '1' );
FILE_NAME ('Assem1.STEP',
    '2026-07-30T17:52:56',
    ( '' ),
    ( '' ),
    'SwSTEP 2.0',
    'SolidWorks 2025',
    '' );
FILE_SCHEMA (( 'AUTOMOTIVE_DESIGN' ));
ENDSEC;

DATA;
#1 = DIRECTION ( 'NONE',  ( -1.000000000000000000, -1.069019389253393419E-16, 5.934249723677141833E-33 ) ) ;
#2 = CIRCLE ( 'NONE', #4208, 4.999999999999976907 ) ;
#3 = AXIS2_PLACEMENT_3D ( 'NONE', #3071, #416, #4818 ) ;
#4 = CARTESIAN_POINT ( 'NONE',  ( 30.57150851985710815, 116.5000000000000000, 26.07524616010108431 ) ) ;
#5 = ORIENTED_EDGE ( 'NONE', *, *, #5529, .F. ) ;
#6 = FACE_OUTER_BOUND ( 'NONE', #1341, .T. ) ;
#7 = ORIENTED_EDGE ( 'NONE', *, *, #4776, .T. ) ;
#8 = CIRCLE ( 'NONE', #2627, 9.499999999999998224 ) ;
#9 = DIRECTION ( 'NONE',  ( 0.000000000000000000, 0.000000000000000000, 1.000000000000000000 ) ) ;
#10 = CARTESIAN_POINT ( 'NONE',  ( 25.66321657133565992, 100.5000000000000000, 44.29375452128105195 ) ) ;
#11 = VECTOR ( 'NONE', #1183, 1000.000000000000000 ) ;
#12 = SHAPE_REPRESENTATION_RELATIONSHIP ( 'NONE' , 'NONE' ,  #3901, #107 ) ;
#13 = ADVANCED_FACE ( 'NONE', ( #2471 ), #5531, .F. ) ;
#14 = APPLICATION_CONTEXT ( 'automotive_design' ) ;
#15 = LINE ( 'NONE', #4433, #1415 ) ;
#16 = VECTOR ( 'NONE', #2252, 1000.000000000000000 ) ;
#17 = CARTESIAN_POINT ( 'NONE',  ( 16.64246399531115372, 116.5000000000000000, 38.80266127046505886 ) ) ;
#18 = AXIS2_PLACEMENT_3D ( 'NONE', #1762, #4478, #1244 ) ;
#19 = VERTEX_POINT ( 'NONE', #2085 ) ;
#20 = PRESENTATION_STYLE_ASSIGNMENT (( #1860 ) ) ;
#21 = APPLICATION_PROTOCOL_DEFINITION ( 'draft international standard', 'automotive_design', 1998, #4012 ) ;
#22 = CARTESIAN_POINT ( 'NONE',  ( -6.055045871559632253, 100.5000000000000000, 7.002553481007294250E-16 ) ) ;
#23 = ORIENTED_EDGE ( 'NONE', *, *, #2380, .T. ) ;
#24 = CARTESIAN_POINT ( 'NONE',  ( 30.57150851985710815, 119.5000000000000000, 31.07524616010108431 ) ) ;
#25 = ORIENTED_EDGE ( 'NONE', *, *, #2405, .F. ) ;
#26 = VECTOR ( 'NONE', #1651, 1000.000000000000000 ) ;
#27 = DIRECTION ( 'NONE',  ( 0.000000000000000000, 0.000000000000000000, 1.000000000000000000 ) ) ;
#28 = EDGE_CURVE ( 'NONE', #2790, #2666, #1561, .T. ) ;
#29 = DIRECTION ( 'NONE',  ( 1.000000000000000000, 0.000000000000000000, 0.000000000000000000 ) ) ;
#30 = EDGE_CURVE ( 'NONE', #3149, #4106, #140, .T. ) ;
#31 = FACE_BOUND ( 'NONE', #972, .T. ) ;
#32 = CARTESIAN_POINT ( 'NONE',  ( -237.3333333333332860, 370.0000000000000000, -74.99999999999992895 ) ) ;
#33 = ORIENTED_EDGE ( 'NONE', *, *, #3186, .T. ) ;
#34 = ADVANCED_BREP_SHAPE_REPRESENTATION ( '', ( #2991, #2468 ), #1263 ) ;
#35 = DIRECTION ( 'NONE',  ( -4.276077557005988285E-16, 1.000000000000000000, -1.510411147780338500E-16 ) ) ;
#36 = VECTOR ( 'NONE', #4885, 1000.000000000000000 ) ;
#37 = DIRECTION ( 'NONE',  ( 0.000000000000000000, -0.000000000000000000, 1.000000000000000000 ) ) ;
#38 = PRODUCT_DEFINITION_SHAPE ( 'NONE', 'NONE',  #5729 ) ;
#39 = EDGE_CURVE ( 'NONE', #3698, #1884, #3876, .T. ) ;
#40 = DIRECTION ( 'NONE',  ( 0.000000000000000000, -1.000000000000000000, 0.000000000000000000 ) ) ;
#41 = ORIENTED_EDGE ( 'NONE', *, *, #5022, .T. ) ;
#42 = CARTESIAN_POINT ( 'NONE',  ( -101.2376237623761881, 0.000000000000000000, 30.09405940594061235 ) ) ;
#43 = AXIS2_PLACEMENT_3D ( 'NONE', #1182, #5189, #4798 ) ;
#44 = DIRECTION ( 'NONE',  ( -0.000000000000000000, -1.000000000000000000, -0.000000000000000000 ) ) ;
#45 = ORIENTED_EDGE ( 'NONE', *, *, #2421, .F. ) ;
#46 = PLANE ( 'NONE',  #2817 ) ;
#47 = DIRECTION ( 'NONE',  ( -3.469446951953614189E-16, 0.000000000000000000, -1.000000000000000000 ) ) ;
#48 = ORIENTED_EDGE ( 'NONE', *, *, #4692, .F. ) ;
#49 = DIRECTION ( 'NONE',  ( 0.000000000000000000, -1.000000000000000000, 0.000000000000000000 ) ) ;
#50 = ADVANCED_FACE ( 'NONE', ( #2022 ), #5619, .T. ) ;
#51 = CARTESIAN_POINT ( 'NONE',  ( -48.64705882352942012, 0.000000000000000000, -2.382352941176471450 ) ) ;
#52 = ADVANCED_FACE ( 'NONE', ( #4254 ), #1214, .F. ) ;
#53 = ORIENTED_EDGE ( 'NONE', *, *, #231, .F. ) ;
#54 = DIRECTION ( 'NONE',  ( 0.000000000000000000, 1.000000000000000000, 0.000000000000000000 ) ) ;
#55 = ORIENTED_EDGE ( 'NONE', *, *, #4341, .F. ) ;
#56 = EDGE_CURVE ( 'NONE', #4067, #1410, #246, .T. ) ;
#57 = CARTESIAN_POINT ( 'NONE',  ( -6.055045871559635806, 116.5000000000000000, 24.72935779816513957 ) ) ;
#58 = FACE_OUTER_BOUND ( 'NONE', #1722, .T. ) ;
#59 = UNCERTAINTY_MEASURE_WITH_UNIT (LENGTH_MEASURE( 1.000000000000000082E-05 ), #183, 'distance_accuracy_value', 'NONE');
#60 = CARTESIAN_POINT ( 'NONE',  ( -59.18604651162796415, 34.01387818865997303, 15.08139534883721566 ) ) ;
#61 = CARTESIAN_POINT ( 'NONE',  ( -36.05504587155962781, 217.0000000000000000, -5.270642201834860430 ) ) ;
#62 = ORIENTED_EDGE ( 'NONE', *, *, #5117, .F. ) ;
#63 = CARTESIAN_POINT ( 'NONE',  ( 698.0940594059399018, 72.00000000000021316, -259.7623762376237551 ) ) ;
#64 = DIRECTION ( 'NONE',  ( 0.000000000000000000, 1.000000000000000000, 0.000000000000000000 ) ) ;
#65 = DIRECTION ( 'NONE',  ( 0.000000000000000000, 1.000000000000000000, -1.526149685610094588E-16 ) ) ;
#66 = DIRECTION ( 'NONE',  ( 0.000000000000000000, 1.000000000000000000, -0.000000000000000000 ) ) ;
#67 = ORIENTED_EDGE ( 'NONE', *, *, #2643, .T. ) ;
#68 = CARTESIAN_POINT ( 'NONE',  ( -31.18604651162794639, 0.000000000000000000, 15.08139534883721566 ) ) ;
#69 = DIRECTION ( 'NONE',  ( 1.000000000000000000, 0.000000000000000000, 0.000000000000000000 ) ) ;
#70 = ORIENTED_EDGE ( 'NONE', *, *, #5708, .F. ) ;
#71 = PLANE ( 'NONE',  #5667 ) ;
#72 = EDGE_CURVE ( 'NONE', #1784, #732, #270, .T. ) ;
#73 = EDGE_LOOP ( 'NONE', ( #2149, #1829, #2299, #2780 ) ) ;
#74 = ORIENTED_EDGE ( 'NONE', *, *, #5207, .T. ) ;
#75 = SURFACE_SIDE_STYLE ('',( #2325 ) ) ;
#76 = ADVANCED_FACE ( 'NONE', ( #5504 ), #1533, .F. ) ;
#77 = VERTEX_POINT ( 'NONE', #4909 ) ;
#78 = VERTEX_POINT ( 'NONE', #913 ) ;
#79 = CARTESIAN_POINT ( 'NONE',  ( -6.055045871559633142, 217.0000000000000000, -5.270642201834860430 ) ) ;
#80 = VERTEX_POINT ( 'NONE', #3455 ) ;
#81 = EDGE_CURVE ( 'NONE', #3234, #4352, #1314, .T. ) ;
#82 = DIRECTION ( 'NONE',  ( 1.156482317317871725E-16, 0.000000000000000000, 1.000000000000000000 ) ) ;
#83 = ADVANCED_FACE ( 'NONE', ( #449 ), #4373, .T. ) ;
#84 = CARTESIAN_POINT ( 'NONE',  ( -144.7916666666666572, 361.5000000000000000, -24.58333333333334991 ) ) ;
#85 = DIRECTION ( 'NONE',  ( 1.000000000000000000, 0.000000000000000000, -3.229980028825710504E-16 ) ) ;
#86 = DIRECTION ( 'NONE',  ( 0.000000000000000000, 0.000000000000000000, 1.000000000000000000 ) ) ;
#87 =( REPRESENTATION_RELATIONSHIP ('NONE','NONE', #1059, #4856 ) REPRESENTATION_RELATIONSHIP_WITH_TRANSFORMATION ( #4740 )SHAPE_REPRESENTATION_RELATIONSHIP( ) );
#88 = ORIENTED_EDGE ( 'NONE', *, *, #4502, .F. ) ;
#89 = DIRECTION ( 'NONE',  ( -1.069019389253103266E-16, 1.000000000000000000, -5.551115145567820354E-17 ) ) ;
#90 = DIRECTION ( 'NONE',  ( 0.000000000000000000, 0.000000000000000000, -1.000000000000000000 ) ) ;
#91 = CARTESIAN_POINT ( 'NONE',  ( -48.64705882352942012, 260.0000000000000000, 12.61764705882352899 ) ) ;
#92 = VECTOR ( 'NONE', #4429, 1000.000000000000000 ) ;
#93 = DIRECTION ( 'NONE',  ( 1.000000000000000000, 0.000000000000000000, -0.000000000000000000 ) ) ;
#94 = VECTOR ( 'NONE', #5018, 1000.000000000000000 ) ;
#95 = ORIENTED_EDGE ( 'NONE', *, *, #1775, .T. ) ;
#96 = DIRECTION ( 'NONE',  ( -3.229980028825710504E-16, 0.000000000000000000, -1.000000000000000000 ) ) ;
#97 = VECTOR ( 'NONE', #441, 1000.000000000000000 ) ;
#98 = DIRECTION ( 'NONE',  ( 3.697785493223492838E-32, 1.972152263052529514E-31, 0.9999999999999997780 ) ) ;
#99 = ORIENTED_EDGE ( 'NONE', *, *, #2391, .T. ) ;
#100 = CYLINDRICAL_SURFACE ( 'NONE', #5308, 5.000000000000001776 ) ;
#101 = UNCERTAINTY_MEASURE_WITH_UNIT (LENGTH_MEASURE( 1.000000000000000082E-05 ), #2777, 'distance_accuracy_value', 'NONE');
#102 = CIRCLE ( 'NONE', #1689, 8.000000000000000000 ) ;
#103 = VERTEX_POINT ( 'NONE', #884 ) ;
#104 = AXIS2_PLACEMENT_3D ( 'NONE', #4082, #3055, #1834 ) ;
#105 = VERTEX_POINT ( 'NONE', #1304 ) ;
#106 = LINE ( 'NONE', #3610, #4327 ) ;
#107 = ADVANCED_BREP_SHAPE_REPRESENTATION ( '', ( #2968, #2468 ), #2091 ) ;
#108 = EDGE_CURVE ( 'NONE', #2753, #1034, #5250, .T. ) ;
#109 = MECHANICAL_DESIGN_GEOMETRIC_PRESENTATION_REPRESENTATION (  '', ( #573 ), #3365 ) ;
#110 = CIRCLE ( 'NONE', #5315, 11.78635831963075731 ) ;
#111 = VERTEX_POINT ( 'NONE', #5274 ) ;
#112 = DIRECTION ( 'NONE',  ( 1.000000000000000000, 0.000000000000000000, -0.000000000000000000 ) ) ;
#113 = CIRCLE ( 'NONE', #854, 5.000000000000000888 ) ;
#114 = EDGE_LOOP ( 'NONE', ( #3006, #4532, #2056, #4563 ) ) ;
#115 = AXIS2_PLACEMENT_3D ( 'NONE', #789, #2210, #4751 ) ;
#116 = CARTESIAN_POINT ( 'NONE',  ( -53.86378737541530626, 3.652823920265784174, 13.00000000000000178 ) ) ;
#117 = PRODUCT_DEFINITION_CONTEXT ( 'detailed design', #3903, 'design' ) ;
#118 = PLANE ( 'NONE',  #282 ) ;
#119 = VECTOR ( 'NONE', #4781, 1000.000000000000000 ) ;
#120 = DIRECTION ( 'NONE',  ( -1.000000000000000000, -0.000000000000000000, -0.000000000000000000 ) ) ;
#121 = VERTEX_POINT ( 'NONE', #1278 ) ;
#122 = DIRECTION ( 'NONE',  ( 0.000000000000000000, -1.000000000000000000, 0.000000000000000000 ) ) ;
#123 = DIRECTION ( 'NONE',  ( -1.000000000000000000, -0.000000000000000000, -0.000000000000000000 ) ) ;
#124 = EDGE_CURVE ( 'NONE', #281, #4281, #5293, .T. ) ;
#125 = PLANE ( 'NONE',  #3730 ) ;
#126 = APPLICATION_CONTEXT ( 'automotive_design' ) ;
#127 = FACE_OUTER_BOUND ( 'NONE', #5684, .T. ) ;
#128 = CIRCLE ( 'NONE', #3867, 5.000000000000031974 ) ;
#129 = CARTESIAN_POINT ( 'NONE',  ( -237.3333333333332860, 0.000000000000000000, -54.99999999999992184 ) ) ;
#130 = EDGE_CURVE ( 'NONE', #1080, #3982, #5673, .T. ) ;
#131 = VECTOR ( 'NONE', #1161, 1000.000000000000000 ) ;
#132 = ORIENTED_EDGE ( 'NONE', *, *, #4671, .T. ) ;
#133 = ORIENTED_EDGE ( 'NONE', *, *, #2173, .F. ) ;
#134 = CARTESIAN_POINT ( 'NONE',  ( -34.53508771929832477, 2.000000000000000000, 6.815789473684215061 ) ) ;
#135 = PRODUCT_DEFINITION_SHAPE ( 'NONE', 'NONE',  #5728 ) ;
#136 = CONTEXT_DEPENDENT_SHAPE_REPRESENTATION ( #5648, #1489 ) ;
#137 = CARTESIAN_POINT ( 'NONE',  ( -31.18604651162795349, 25.00000000000000000, 0.08139534883721254166 ) ) ;
#138 = PRODUCT_DEFINITION_SHAPE ( 'NONE', 'NONE',  #1436 ) ;
#139 = CARTESIAN_POINT ( 'NONE',  ( -114.0350877192983177, 25.00000000000000000, 16.31578947368421240 ) ) ;
#140 = CIRCLE ( 'NONE', #4935, 18.86810474738533472 ) ;
#141 = VERTEX_POINT ( 'NONE', #3026 ) ;
#142 = DIRECTION ( 'NONE',  ( 0.000000000000000000, 0.000000000000000000, -1.000000000000000000 ) ) ;
#143 = EDGE_LOOP ( 'NONE', ( #5477, #3465, #2192, #1188, #3131, #2590, #2306, #461, #5660, #4227, #433, #3664 ) ) ;
#144 = PRODUCT_DEFINITION ( 'UNKNOWN', '', #1826, #1462 ) ;
#145 = CARTESIAN_POINT ( 'NONE',  ( -59.18604651162796415, 0.000000000000000000, -14.91860465116278789 ) ) ;
#146 = EDGE_CURVE ( 'NONE', #1985, #103, #1025, .T. ) ;
#147 = CARTESIAN_POINT ( 'NONE',  ( -17.47368421052631149, 0.000000000000000000, -7.184210526315784051 ) ) ;
#148 = ORIENTED_EDGE ( 'NONE', *, *, #1010, .F. ) ;
#149 = LINE ( 'NONE', #3269, #396 ) ;
#150 = VERTEX_POINT ( 'NONE', #393 ) ;
#151 = CARTESIAN_POINT ( 'NONE',  ( -10.04819277108434683, 260.0000000000000000, -5.367469879518071529 ) ) ;
#152 = LINE ( 'NONE', #1493, #2539 ) ;
#153 = EDGE_CURVE ( 'NONE', #3095, #4855, #2678, .T. ) ;
#154 = LINE ( 'NONE', #3245, #1873 ) ;
#155 = LINE ( 'NONE', #4188, #2442 ) ;
#156 = EDGE_CURVE ( 'NONE', #3485, #5166, #1713, .T. ) ;
#158 = EDGE_CURVE ( 'NONE', #5147, #2790, #2225, .T. ) ;
#157 = CARTESIAN_POINT ( 'NONE',  ( -197.3333333333332860, 0.000000000000000000, -74.99999999999992895 ) ) ;
#159 = ORIENTED_EDGE ( 'NONE', *, *, #2733, .T. ) ;
#160 = ORIENTED_EDGE ( 'NONE', *, *, #3491, .T. ) ;
#161 = PRESENTATION_STYLE_ASSIGNMENT (( #1921 ) ) ;
#162 = AXIS2_PLACEMENT_3D ( 'NONE', #609, #2389, #4178 ) ;
#163 = CONTEXT_DEPENDENT_SHAPE_REPRESENTATION ( #2206, #1820 ) ;
#164 =( REPRESENTATION_RELATIONSHIP ('NONE','NONE', #2857, #2514 ) REPRESENTATION_RELATIONSHIP_WITH_TRANSFORMATION ( #2683 )SHAPE_REPRESENTATION_RELATIONSHIP( ) );
#165 = LINE ( 'NONE', #251, #2437 ) ;
#166 = ORIENTED_EDGE ( 'NONE', *, *, #5248, .T. ) ;
#167 = CARTESIAN_POINT ( 'NONE',  ( -129.7916666666666288, 0.000000000000000000, -19.58333333333334991 ) ) ;
#168 = EDGE_LOOP ( 'NONE', ( #2653, #679, #5289, #2778 ) ) ;
#169 = FACE_OUTER_BOUND ( 'NONE', #2203, .T. ) ;
#170 = UNCERTAINTY_MEASURE_WITH_UNIT (LENGTH_MEASURE( 1.000000000000000082E-05 ), #1321, 'distance_accuracy_value', 'NONE');
#171 = EDGE_CURVE ( 'NONE', #2351, #4084, #3051, .T. ) ;
#172 = DIRECTION ( 'NONE',  ( 1.000000000000000000, 0.000000000000000000, 0.000000000000000000 ) ) ;
#173 = ORIENTED_EDGE ( 'NONE', *, *, #356, .T. ) ;
#174 = PLANE ( 'NONE',  #2253 ) ;
#175 = EDGE_LOOP ( 'NONE', ( #1776, #3341, #2013, #4607 ) ) ;
#176 = PLANE ( 'NONE',  #3296 ) ;
#177 = DIRECTION ( 'NONE',  ( 1.000000000000000000, 0.000000000000000000, 0.000000000000000000 ) ) ;
#178 = ADVANCED_FACE ( 'NONE', ( #4343 ), #338, .F. ) ;
#179 = CARTESIAN_POINT ( 'NONE',  ( -6.055045871559633142, 217.0000000000000000, -5.270642201834860430 ) ) ;
#180 = PRODUCT_DEFINITION_SHAPE ( 'NONE', 'NONE',  #5740 ) ;
#181 = LINE ( 'NONE', #2903, #649 ) ;
#182 = DIRECTION ( 'NONE',  ( 0.000000000000000000, -1.000000000000000000, 0.000000000000000000 ) ) ;
#183 =( LENGTH_UNIT ( ) NAMED_UNIT ( * ) SI_UNIT ( .MILLI., .METRE. ) );
#184 = AXIS2_PLACEMENT_3D ( 'NONE', #768, #708, #4647 ) ;
#185 = PRODUCT_DEFINITION_SHAPE ( 'NONE', 'NONE',  #2899 ) ;
#186 = CARTESIAN_POINT ( 'NONE',  ( -76.23762376237618810, 750.0000000000000000, 9.094059405940674523 ) ) ;
#187 = DIRECTION ( 'NONE',  ( -1.000000000000000000, -0.000000000000000000, -0.000000000000000000 ) ) ;
#188 = CIRCLE ( 'NONE', #4752, 4.999999999999995559 ) ;
#189 = ORIENTED_EDGE ( 'NONE', *, *, #5579, .T. ) ;
#190 = LINE ( 'NONE', #1967, #2264 ) ;
#191 = EDGE_CURVE ( 'NONE', #4262, #3539, #4651, .T. ) ;
#192 = ITEM_DEFINED_TRANSFORMATION ( 'NONE', 'NONE', #2849,  #2468 ) ;
#193 = CARTESIAN_POINT ( 'NONE',  ( -31.18604651162794639, 25.00000000000000000, 17.58139534883721566 ) ) ;
#194 = VECTOR ( 'NONE', #2907, 1000.000000000000000 ) ;
#195 = DIRECTION ( 'NONE',  ( -1.000000000000000000, 0.000000000000000000, 0.000000000000000000 ) ) ;
#196 = VECTOR ( 'NONE', #2356, 1000.000000000000000 ) ;
#197 = ORIENTED_EDGE ( 'NONE', *, *, #3440, .F. ) ;
#198 = LINE ( 'NONE', #5540, #1616 ) ;
#199 = ORIENTED_EDGE ( 'NONE', *, *, #5588, .T. ) ;
#200 = APPLICATION_PROTOCOL_DEFINITION ( 'draft international standard', 'automotive_design', 1998, #3484 ) ;
#201 = VECTOR ( 'NONE', #5442, 1000.000000000000000 ) ;
#202 =( REPRESENTATION_RELATIONSHIP ('NONE','NONE', #4122, #1079 ) REPRESENTATION_RELATIONSHIP_WITH_TRANSFORMATION ( #3702 )SHAPE_REPRESENTATION_RELATIONSHIP( ) );
#203 = DIRECTION ( 'NONE',  ( 0.000000000000000000, 0.000000000000000000, 1.000000000000000000 ) ) ;
#204 = AXIS2_PLACEMENT_3D ( 'NONE', #3072, #4842, #2190 ) ;
#205 = FACE_OUTER_BOUND ( 'NONE', #2785, .T. ) ;
#206 = ORIENTED_EDGE ( 'NONE', *, *, #1164, .T. ) ;
#207 = FACE_OUTER_BOUND ( 'NONE', #2271, .T. ) ;
#208 = ORIENTED_EDGE ( 'NONE', *, *, #3339, .F. ) ;
#209 = DIRECTION ( 'NONE',  ( 0.000000000000000000, 0.000000000000000000, -1.000000000000000000 ) ) ;
#210 = AXIS2_PLACEMENT_3D ( 'NONE', #3445, #813, #1728 ) ;
#211 = EDGE_CURVE ( 'NONE', #2971, #5206, #1677, .T. ) ;
#212 = ADVANCED_FACE ( 'NONE', ( #6 ), #1359, .T. ) ;
#213 = VECTOR ( 'NONE', #4174, 1000.000000000000000 ) ;
#214 = CARTESIAN_POINT ( 'NONE',  ( -59.18604651162796415, 0.000000000000000000, 17.58139534883721211 ) ) ;
#215 = LINE ( 'NONE', #3392, #1239 ) ;
#216 = VECTOR ( 'NONE', #3845, 1000.000000000000000 ) ;
#217 = CARTESIAN_POINT ( 'NONE',  ( 47.96899016065052734, 100.5000000000000000, 33.37819140955770791 ) ) ;
#218 = EDGE_CURVE ( 'NONE', #770, #2954, #2169, .T. ) ;
#219 = EDGE_LOOP ( 'NONE', ( #3802, #3910, #247, #3529 ) ) ;
#220 = AXIS2_PLACEMENT_3D ( 'NONE', #1320, #3507, #4364 ) ;
#221 = ORIENTED_EDGE ( 'NONE', *, *, #1220, .F. ) ;
#223 = AXIS2_PLACEMENT_3D ( 'NONE', #4056, #1719, #4464 ) ;
#222 = DIRECTION ( 'NONE',  ( -1.000000000000000000, 0.000000000000000000, 1.156482317317871725E-16 ) ) ;
#224 = CARTESIAN_POINT ( 'NONE',  ( -237.3333333333332860, 0.000000000000000000, -74.99999999999992895 ) ) ;
#225 = ADVANCED_FACE ( 'NONE', ( #5642 ), #1001, .T. ) ;
#226 = CARTESIAN_POINT ( 'NONE',  ( -149.7916666666667140, 703.0000000000000000, -24.58333333333334991 ) ) ;
#227 = ORIENTED_EDGE ( 'NONE', *, *, #5188, .F. ) ;
#228 = DIRECTION ( 'NONE',  ( 0.000000000000000000, 0.000000000000000000, 1.000000000000000000 ) ) ;
#229 = ORIENTED_EDGE ( 'NONE', *, *, #2052, .T. ) ;
#230 = APPLICATION_PROTOCOL_DEFINITION ( 'draft international standard', 'automotive_design', 1998, #5008 ) ;
#231 = EDGE_CURVE ( 'NONE', #103, #1985, #4297, .T. ) ;
#232 = CARTESIAN_POINT ( 'NONE',  ( -17.47368421052631149, 217.0000000000000000, -7.184210526315784051 ) ) ;
#233 = PRODUCT_DEFINITION_CONTEXT ( 'detailed design', #5183, 'design' ) ;
#234 = CARTESIAN_POINT ( 'NONE',  ( 0.000000000000000000, 0.000000000000000000, 0.000000000000000000 ) ) ;
#235 = ORIENTED_EDGE ( 'NONE', *, *, #2626, .T. ) ;
#236 = PLANE ( 'NONE',  #3661 ) ;
#237 = ORIENTED_EDGE ( 'NONE', *, *, #4225, .T. ) ;
#238 = CARTESIAN_POINT ( 'NONE',  ( -61.23762376237618810, 53.00000000000004974, 9.094059405940569718 ) ) ;
#239 = ADVANCED_FACE ( 'NONE', ( #4567 ), #4163, .F. ) ;
#240 = DIRECTION ( 'NONE',  ( -0.000000000000000000, -1.000000000000000000, -0.000000000000000000 ) ) ;
#241 =( NAMED_UNIT ( * ) SI_UNIT ( $, .STERADIAN. ) SOLID_ANGLE_UNIT ( ) );
#242 = CARTESIAN_POINT ( 'NONE',  ( -144.7916666666666572, 20.00000000000000000, -24.58333333333334991 ) ) ;
#243 = CARTESIAN_POINT ( 'NONE',  ( 0.000000000000000000, 0.000000000000000000, 0.000000000000000000 ) ) ;
#244 = CARTESIAN_POINT ( 'NONE',  ( -237.3333333333332860, 428.0000000000000000, -54.99999999999992184 ) ) ;
#245 = CARTESIAN_POINT ( 'NONE',  ( -379.0350877192983603, 12.50000000000000000, -15.47056884594645076 ) ) ;
#246 = LINE ( 'NONE', #2499, #645 ) ;
#247 = ORIENTED_EDGE ( 'NONE', *, *, #2828, .F. ) ;
#248 = DIRECTION ( 'NONE',  ( -0.000000000000000000, -1.000000000000000000, -0.000000000000000000 ) ) ;
#249 = DIRECTION ( 'NONE',  ( 6.938893903907226405E-16, 0.000000000000000000, 1.000000000000000000 ) ) ;
#250 = LINE ( 'NONE', #1191, #3121 ) ;
#251 = CARTESIAN_POINT ( 'NONE',  ( -6.055045871559635806, 97.50000000000000000, 24.72935779816513957 ) ) ;
#252 = ORIENTED_EDGE ( 'NONE', *, *, #1851, .F. ) ;
#253 = CARTESIAN_POINT ( 'NONE',  ( -76.23762376237618810, 750.0000000000000000, -0.9059405940594588147 ) ) ;
#254 = EDGE_LOOP ( 'NONE', ( #5710, #4280, #5606, #3066 ) ) ;
#255 = PRODUCT_CONTEXT ( 'NONE', #4124, 'mechanical' ) ;
#256 = EDGE_CURVE ( 'NONE', #940, #4333, #3833, .T. ) ;
#257 = AXIS2_PLACEMENT_3D ( 'NONE', #4040, #1296, #4873 ) ;
#258 = DIRECTION ( 'NONE',  ( 0.000000000000000000, 0.000000000000000000, -1.000000000000000000 ) ) ;
#259 = DIRECTION ( 'NONE',  ( 0.000000000000000000, 0.000000000000000000, 1.000000000000000000 ) ) ;
#260 = ORIENTED_EDGE ( 'NONE', *, *, #2557, .F. ) ;
#261 = DIRECTION ( 'NONE',  ( 0.000000000000000000, 0.000000000000000000, 1.000000000000000000 ) ) ;
#262 = ORIENTED_EDGE ( 'NONE', *, *, #3612, .F. ) ;
#263 = DIRECTION ( 'NONE',  ( 0.000000000000000000, 0.000000000000000000, -1.000000000000000000 ) ) ;
#264 = EDGE_CURVE ( 'NONE', #4639, #3678, #2990, .T. ) ;
#265 = CARTESIAN_POINT ( 'NONE',  ( -59.18604651162796415, 25.00000000000000000, 0.08139534883721191716 ) ) ;
#266 = FILL_AREA_STYLE_COLOUR ( '', #1471 ) ;
#267 = CARTESIAN_POINT ( 'NONE',  ( -59.18604651162796415, 25.00000000000000000, 0.08139534883721191716 ) ) ;
#268 = PLANE ( 'NONE',  #3846 ) ;
#269 = FACE_OUTER_BOUND ( 'NONE', #5092, .T. ) ;
#270 = LINE ( 'NONE', #2559, #4021 ) ;
#271 = ORIENTED_EDGE ( 'NONE', *, *, #1965, .F. ) ;
#272 = CARTESIAN_POINT ( 'NONE',  ( -114.0350877192983177, 12.50000000000000178, 5.830063021600863316 ) ) ;
#273 = ITEM_DEFINED_TRANSFORMATION ( 'NONE', 'NONE', #2567,  #2468 ) ;
#274 = DIRECTION ( 'NONE',  ( -1.000000000000000000, -0.000000000000000000, -0.000000000000000000 ) ) ;
#275 = AXIS2_PLACEMENT_3D ( 'NONE', #3487, #2591, #4848 ) ;
#276 = PRODUCT_DEFINITION_SHAPE ( 'NONE', 'NONE',  #1680 ) ;
#277 = CARTESIAN_POINT ( 'NONE',  ( 0.000000000000000000, 0.000000000000000000, 0.000000000000000000 ) ) ;
#278 = ORIENTED_EDGE ( 'NONE', *, *, #2685, .F. ) ;
#279 = CARTESIAN_POINT ( 'NONE',  ( -114.0350877192983177, 12.50000000000000000, -13.19848407423243231 ) ) ;
#280 = EDGE_CURVE ( 'NONE', #4157, #2954, #4487, .T. ) ;
#281 = VERTEX_POINT ( 'NONE', #4936 ) ;
#282 = AXIS2_PLACEMENT_3D ( 'NONE', #3565, #1439, #5354 ) ;
#283 = DIRECTION ( 'NONE',  ( 0.8894605923631673239, -0.4570118758117384661, 8.361729028866491357E-16 ) ) ;
#284 = VECTOR ( 'NONE', #3509, 1000.000000000000000 ) ;
#285 = CARTESIAN_POINT ( 'NONE',  ( -47.47368421052630794, 217.0000000000000000, -7.184210526315784051 ) ) ;
#286 = EDGE_LOOP ( 'NONE', ( #948, #5362, #4924, #1543 ) ) ;
#287 = PRODUCT_DEFINITION ( 'UNKNOWN', '', #5070, #4154 ) ;
#288 = MECHANICAL_DESIGN_GEOMETRIC_PRESENTATION_REPRESENTATION (  '', ( #4950 ), #1503 ) ;
#289 = FILL_AREA_STYLE_COLOUR ( '', #381 ) ;
#290 = EDGE_LOOP ( 'NONE', ( #3549, #1818 ) ) ;
#291 = DIRECTION ( 'NONE',  ( -2.775557561562891351E-16, 0.000000000000000000, -1.000000000000000000 ) ) ;
#292 = VECTOR ( 'NONE', #2617, 1000.000000000000000 ) ;
#293 = ORIENTED_EDGE ( 'NONE', *, *, #4276, .T. ) ;
#294 = DIRECTION ( 'NONE',  ( -1.000000000000000000, 0.000000000000000000, 3.767964143663676271E-16 ) ) ;
#295 = AXIS2_PLACEMENT_3D ( 'NONE', #3836, #2464, #5583 ) ;
#296 =( NAMED_UNIT ( * ) SI_UNIT ( $, .STERADIAN. ) SOLID_ANGLE_UNIT ( ) );
#297 = AXIS2_PLACEMENT_3D ( 'NONE', #911, #3107, #3133 ) ;
#298 = DIRECTION ( 'NONE',  ( -1.000000000000000000, -0.000000000000000000, -0.000000000000000000 ) ) ;
#299 = VECTOR ( 'NONE', #5554, 1000.000000000000000 ) ;
#300 = CARTESIAN_POINT ( 'NONE',  ( -50.86378737541529205, 3.652823920265783286, 5.000000000000000000 ) ) ;
#301 = VECTOR ( 'NONE', #122, 1000.000000000000000 ) ;
#302 = DIRECTION ( 'NONE',  ( -1.110223024625156540E-16, 1.000000000000000222, 5.746974954051511786E-30 ) ) ;
#303 = CARTESIAN_POINT ( 'NONE',  ( 0.000000000000000000, 116.5000000000000000, 24.72935779816513957 ) ) ;
#304 = AXIS2_PLACEMENT_3D ( 'NONE', #1925, #2239, #4091 ) ;
#305 = ADVANCED_FACE ( 'NONE', ( #1912 ), #2373, .F. ) ;
#306 = CARTESIAN_POINT ( 'NONE',  ( -159.7916666666666288, 723.0000000000000000, -19.58333333333334991 ) ) ;
#307 = CIRCLE ( 'NONE', #5053, 18.86810474738533472 ) ;
#308 = ORIENTED_EDGE ( 'NONE', *, *, #4184, .T. ) ;
#309 = DIRECTION ( 'NONE',  ( -0.9532520323598017153, 0.000000000000000000, -0.3021763769752816575 ) ) ;
#310 = ADVANCED_FACE ( 'NONE', ( #3663 ), #125, .T. ) ;
#311 = CARTESIAN_POINT ( 'NONE',  ( -31.18604651162794639, 34.01387818865997303, 15.08139534883721566 ) ) ;
#312 =( GEOMETRIC_REPRESENTATION_CONTEXT ( 3 ) GLOBAL_UNCERTAINTY_ASSIGNED_CONTEXT ( ( #4903 ) ) GLOBAL_UNIT_ASSIGNED_CONTEXT ( ( #2441, #1998, #5533 ) ) REPRESENTATION_CONTEXT ( 'NONE', 'WORKASPACE' ) );
#313 = SHAPE_REPRESENTATION ( 'L1L', ( #1064, #1910, #2567, #1534, #512, #43 ), #3396 ) ;
#314 = CARTESIAN_POINT ( 'NONE',  ( -114.0350877192983177, 12.50000000000000000, -3.684210526315784939 ) ) ;
#315 = APPLICATION_CONTEXT ( 'automotive_design' ) ;
#316 = ORIENTED_EDGE ( 'NONE', *, *, #4378, .T. ) ;
#317 = DIRECTION ( 'NONE',  ( -1.000000000000000000, -0.000000000000000000, 3.965082230804130220E-16 ) ) ;
#318 = ORIENTED_EDGE ( 'NONE', *, *, #2399, .F. ) ;
#319 = AXIS2_PLACEMENT_3D ( 'NONE', #2667, #377, #4446 ) ;
#320 = PRODUCT_CONTEXT ( 'NONE', #3519, 'mechanical' ) ;
#321 = DIRECTION ( 'NONE',  ( -0.000000000000000000, -1.000000000000000000, -0.000000000000000000 ) ) ;
#322 = VERTEX_POINT ( 'NONE', #559 ) ;
#323 = CARTESIAN_POINT ( 'NONE',  ( -47.47368421052630794, 0.000000000000000000, 12.81578947368421773 ) ) ;
#324 = AXIS2_PLACEMENT_3D ( 'NONE', #3278, #3719, #2497 ) ;
#325 = ORIENTED_EDGE ( 'NONE', *, *, #1563, .T. ) ;
#326 = DIRECTION ( 'NONE',  ( -1.000000000000000000, -0.000000000000000000, -0.000000000000000000 ) ) ;
#327 = ORIENTED_EDGE ( 'NONE', *, *, #912, .F. ) ;
#328 = DIRECTION ( 'NONE',  ( 1.000000000000000000, 0.000000000000000000, 0.000000000000000000 ) ) ;
#329 = LINE ( 'NONE', #1241, #3187 ) ;
#330 = AXIS2_PLACEMENT_3D ( 'NONE', #1383, #35, #4932 ) ;
#331 = EDGE_CURVE ( 'NONE', #3985, #648, #188, .T. ) ;
#332 = FACE_OUTER_BOUND ( 'NONE', #373, .T. ) ;
#333 = PLANE ( 'NONE',  #295 ) ;
#334 = PRODUCT ( 'TopLR', 'TopLR', '', ( #5524 ) ) ;
#335 = EDGE_CURVE ( 'NONE', #5149, #4192, #4076, .T. ) ;
#336 = CARTESIAN_POINT ( 'NONE',  ( -114.0350877192983177, 16.64322946534103664, 4.296801216458580961E-14 ) ) ;
#337 = EDGE_LOOP ( 'NONE', ( #3823, #5062, #5574, #3916 ) ) ;
#338 = CYLINDRICAL_SURFACE ( 'NONE', #1404, 4.999999999999997335 ) ;
#339 = EDGE_CURVE ( 'NONE', #3844, #80, #154, .T. ) ;
#340 = CARTESIAN_POINT ( 'NONE',  ( -50.86378737541529205, 3.652823920265783286, 5.000000000000000000 ) ) ;
#341 = LINE ( 'NONE', #4258, #5604 ) ;
#342 = ORIENTED_EDGE ( 'NONE', *, *, #280, .T. ) ;
#343 = ORIENTED_EDGE ( 'NONE', *, *, #3922, .F. ) ;
#344 = CARTESIAN_POINT ( 'NONE',  ( -237.3333333333332860, 428.0000000000000000, -74.99999999999992895 ) ) ;
#345 = ORIENTED_EDGE ( 'NONE', *, *, #81, .F. ) ;
#346 = APPLICATION_PROTOCOL_DEFINITION ( 'draft international standard', 'automotive_design', 1998, #315 ) ;
#347 = LINE ( 'NONE', #1663, #2805 ) ;
#348 = ORIENTED_EDGE ( 'NONE', *, *, #1735, .T. ) ;
#349 = SURFACE_STYLE_USAGE ( .BOTH. , #4414 ) ;
#350 = ORIENTED_EDGE ( 'NONE', *, *, #1276, .F. ) ;
#351 = DIRECTION ( 'NONE',  ( -1.000000000000000000, -0.000000000000000000, -0.000000000000000000 ) ) ;
#352 = ORIENTED_EDGE ( 'NONE', *, *, #5388, .F. ) ;
#353 = CARTESIAN_POINT ( 'NONE',  ( -31.36378737541529205, 3.652823920265779734, 10.00000000000000000 ) ) ;
#354 = VECTOR ( 'NONE', #5664, 1000.000000000000000 ) ;
#355 = CARTESIAN_POINT ( 'NONE',  ( -36.05504587155962781, 217.0000000000000000, -5.270642201834860430 ) ) ;
#356 = EDGE_CURVE ( 'NONE', #3526, #2359, #5659, .T. ) ;
#357 = CARTESIAN_POINT ( 'NONE',  ( 30.57150851985710815, 119.5000000000000000, 26.07524616010108431 ) ) ;
#358 = FACE_OUTER_BOUND ( 'NONE', #1816, .T. ) ;
#359 = CARTESIAN_POINT ( 'NONE',  ( 0.000000000000000000, 0.000000000000000000, 0.000000000000000000 ) ) ;
#360 = ADVANCED_FACE ( 'NONE', ( #1386 ), #1935, .F. ) ;
#361 = LINE ( 'NONE', #2556, #1033 ) ;
#362 = EDGE_LOOP ( 'NONE', ( #2710, #611, #3444, #1983 ) ) ;
#363 = DIRECTION ( 'NONE',  ( -1.000000000000000000, 0.000000000000000000, 1.614990014412855252E-16 ) ) ;
#364 = CARTESIAN_POINT ( 'NONE',  ( -379.0350877192983603, 8.735625240436016625, 11.44525479618220842 ) ) ;
#365 = FACE_BOUND ( 'NONE', #4523, .T. ) ;
#366 = CARTESIAN_POINT ( 'NONE',  ( -0.000000000000000000, 14.15282392026577973, 0.000000000000000000 ) ) ;
#367 = VERTEX_POINT ( 'NONE', #4484 ) ;
#368 = CARTESIAN_POINT ( 'NONE',  ( -18.64705882352942368, 0.000000000000000000, -2.382352941176471450 ) ) ;
#369 = ORIENTED_EDGE ( 'NONE', *, *, #4551, .T. ) ;
#370 = VECTOR ( 'NONE', #1573, 1000.000000000000000 ) ;
#371 = APPLICATION_PROTOCOL_DEFINITION ( 'draft international standard', 'automotive_design', 1998, #4424 ) ;
#372 = VECTOR ( 'NONE', #3515, 1000.000000000000000 ) ;
#373 = EDGE_LOOP ( 'NONE', ( #3062, #41, #5316, #495 ) ) ;
#374 = CARTESIAN_POINT ( 'NONE',  ( -93.23762376237618810, 100.0000000000000000, 28.09405940594061946 ) ) ;
#375 = CIRCLE ( 'NONE', #4575, 5.000000000000013323 ) ;
#376 = VERTEX_POINT ( 'NONE', #5020 ) ;
#377 = DIRECTION ( 'NONE',  ( -1.000000000000000000, 0.000000000000000000, 1.614990014412855252E-16 ) ) ;
#378 = AXIS2_PLACEMENT_3D ( 'NONE', #3460, #5170, #5253 ) ;
#379 = ADVANCED_FACE ( 'NONE', ( #2342 ), #477, .T. ) ;
#380 = CARTESIAN_POINT ( 'NONE',  ( -101.2376237623761881, 0.000000000000000000, -21.90594059405938410 ) ) ;
#381 = COLOUR_RGB ( '',0.7921568627450980005, 0.8196078431372548767, 0.9333333333333333481 ) ;
#382 = DIRECTION ( 'NONE',  ( 0.000000000000000000, -1.000000000000000000, 0.000000000000000000 ) ) ;
#383 = VECTOR ( 'NONE', #3203, 1000.000000000000000 ) ;
#384 = PLANE ( 'NONE',  #204 ) ;
#385 = EDGE_CURVE ( 'NONE', #5345, #3149, #4048, .T. ) ;
#386 = MECHANICAL_DESIGN_GEOMETRIC_PRESENTATION_REPRESENTATION (  '', ( #4669 ), #4854 ) ;
#387 = CARTESIAN_POINT ( 'NONE',  ( -0.6068355673354008939, -396.7619033937459676, 347.2645580429937695 ) ) ;
#388 = EDGE_CURVE ( 'NONE', #1125, #4836, #4999, .T. ) ;
#389 = PRESENTATION_LAYER_ASSIGNMENT (  '', '', ( #663 ) ) ;
#390 = CARTESIAN_POINT ( 'NONE',  ( -76.23762376237618810, 53.00000000000004974, 9.094059405940569718 ) ) ;
#391 = ORIENTED_EDGE ( 'NONE', *, *, #4383, .T. ) ;
#392 = AXIS2_PLACEMENT_3D ( 'NONE', #3871, #5082, #1117 ) ;
#393 = CARTESIAN_POINT ( 'NONE',  ( -31.18604651162795349, 25.00000000000000000, -4.918604651162789665 ) ) ;
#394 = DIRECTION ( 'NONE',  ( -1.000000000000000000, -0.000000000000000000, -0.000000000000000000 ) ) ;
#395 = LINE ( 'NONE', #5704, #3383 ) ;
#396 = VECTOR ( 'NONE', #2784, 1000.000000000000000 ) ;
#397 = EDGE_CURVE ( 'NONE', #5596, #5127, #4973, .T. ) ;
#398 = CARTESIAN_POINT ( 'NONE',  ( -31.18604651162796060, 25.00000000000000711, -17.41860465116278789 ) ) ;
#399 = ORIENTED_EDGE ( 'NONE', *, *, #2399, .T. ) ;
#400 = DIRECTION ( 'NONE',  ( 0.000000000000000000, 1.000000000000000000, -0.000000000000000000 ) ) ;
#401 = VECTOR ( 'NONE', #3289, 1000.000000000000000 ) ;
#402 = ORIENTED_EDGE ( 'NONE', *, *, #5246, .F. ) ;
#403 = CYLINDRICAL_SURFACE ( 'NONE', #862, 5.000000000000001776 ) ;
#404 = ORIENTED_EDGE ( 'NONE', *, *, #5418, .F. ) ;
#405 = APPLICATION_PROTOCOL_DEFINITION ( 'draft international standard', 'automotive_design', 1998, #5366 ) ;
#406 = AXIS2_PLACEMENT_3D ( 'NONE', #2562, #5621, #4282 ) ;
#407 = VECTOR ( 'NONE', #2882, 1000.000000000000000 ) ;
#408 = ORIENTED_EDGE ( 'NONE', *, *, #5144, .F. ) ;
#409 = DIRECTION ( 'NONE',  ( 1.000000000000000000, -0.000000000000000000, -0.000000000000000000 ) ) ;
#410 = VERTEX_POINT ( 'NONE', #1557 ) ;
#411 = DIRECTION ( 'NONE',  ( 0.000000000000000000, -1.000000000000000000, 0.000000000000000000 ) ) ;
#412 = ADVANCED_FACE ( 'NONE', ( #5080 ), #4674, .T. ) ;
#413 =( NAMED_UNIT ( * ) PLANE_ANGLE_UNIT ( ) SI_UNIT ( $, .RADIAN. ) );
#414 = CARTESIAN_POINT ( 'NONE',  ( 0.000000000000000000, 0.000000000000000000, 0.000000000000000000 ) ) ;
#415 = VECTOR ( 'NONE', #2263, 1000.000000000000000 ) ;
#416 = DIRECTION ( 'NONE',  ( 0.000000000000000000, -1.000000000000000000, 0.000000000000000000 ) ) ;
#417 = ADVANCED_FACE ( 'NONE', ( #3745 ), #3834, .F. ) ;
#418 = DIRECTION ( 'NONE',  ( 0.9532520323598017153, 0.000000000000000000, 0.3021763769752816575 ) ) ;
#419 = EDGE_LOOP ( 'NONE', ( #3151, #4877, #327, #950 ) ) ;
#420 = DIRECTION ( 'NONE',  ( -1.110223024625156540E-16, 1.000000000000000222, 5.746974954051511786E-30 ) ) ;
#421 = AXIS2_PLACEMENT_3D ( 'NONE', #4394, #1300, #848 ) ;
#422 = DIRECTION ( 'NONE',  ( 0.000000000000000000, 0.000000000000000000, -1.000000000000000000 ) ) ;
#423 = CARTESIAN_POINT ( 'NONE',  ( -59.18604651162796415, 25.00000000000000000, 0.08139534883721191716 ) ) ;
#424 =( LENGTH_UNIT ( ) NAMED_UNIT ( * ) SI_UNIT ( .MILLI., .METRE. ) );
#425 = LINE ( 'NONE', #2615, #1694 ) ;
#426 = FACE_BOUND ( 'NONE', #5689, .T. ) ;
#427 = APPLICATION_CONTEXT ( 'automotive_design' ) ;
#428 = PLANE ( 'NONE',  #104 ) ;
#429 = VERTEX_POINT ( 'NONE', #1959 ) ;
#430 = CARTESIAN_POINT ( 'NONE',  ( -379.0350877192983603, 16.64322946534103664, 1.349083563913565919E-13 ) ) ;
#431 = ORIENTED_EDGE ( 'NONE', *, *, #808, .T. ) ;
#432 = CARTESIAN_POINT ( 'NONE',  ( -379.0350877192983603, 8.735625240436016625, 7.484841586925018220 ) ) ;
#433 = ORIENTED_EDGE ( 'NONE', *, *, #4684, .F. ) ;
#434 = PRODUCT_CONTEXT ( 'NONE', #1702, 'mechanical' ) ;
#435 = ORIENTED_EDGE ( 'NONE', *, *, #1933, .T. ) ;
#436 = DIRECTION ( 'NONE',  ( -0.000000000000000000, -1.000000000000000000, -0.000000000000000000 ) ) ;
#437 = VERTEX_POINT ( 'NONE', #5581 ) ;
#438 = CARTESIAN_POINT ( 'NONE',  ( -379.0350877192983603, 12.50000000000000000, -3.684210526315693013 ) ) ;
#439 =( NAMED_UNIT ( * ) SI_UNIT ( $, .STERADIAN. ) SOLID_ANGLE_UNIT ( ) );
#440 = CARTESIAN_POINT ( 'NONE',  ( -379.0350877192983603, 8.735625240436016625, 1.349083563913565919E-13 ) ) ;
#441 = DIRECTION ( 'NONE',  ( -0.000000000000000000, -1.000000000000000000, -0.000000000000000000 ) ) ;
#442 = FACE_OUTER_BOUND ( 'NONE', #2796, .T. ) ;
#443 = EDGE_CURVE ( 'NONE', #3149, #4001, #5161, .T. ) ;
#444 = ORIENTED_EDGE ( 'NONE', *, *, #1645, .F. ) ;
#445 = CARTESIAN_POINT ( 'NONE',  ( 749.9999999999995453, 41.90594059405962923, -434.2376237623760744 ) ) ;
#446 = CARTESIAN_POINT ( 'NONE',  ( -139.7916666666666572, 361.5000000000000000, -24.58333333333334991 ) ) ;
#447 = VECTOR ( 'NONE', #2361, 1000.000000000000000 ) ;
#448 = VERTEX_POINT ( 'NONE', #3807 ) ;
#449 = FACE_OUTER_BOUND ( 'NONE', #4342, .T. ) ;
#450 = DIRECTION ( 'NONE',  ( 1.614990014412855252E-16, 0.000000000000000000, 1.000000000000000000 ) ) ;
#451 = CARTESIAN_POINT ( 'NONE',  ( -24.03508771929831767, -5.630242860626484373E-16, 6.815789473684215061 ) ) ;
#452 = ITEM_DEFINED_TRANSFORMATION ( 'NONE', 'NONE', #2472,  #2468 ) ;
#453 = FACE_OUTER_BOUND ( 'NONE', #4224, .T. ) ;
#454 = LINE ( 'NONE', #1285, #2368 ) ;
#455 = ORIENTED_EDGE ( 'NONE', *, *, #1009, .F. ) ;
#456 = DIRECTION ( 'NONE',  ( 0.000000000000000000, 0.000000000000000000, -1.000000000000000000 ) ) ;
#457 = PRODUCT_DEFINITION_SHAPE ( 'NONE', 'NONE',  #5730 ) ;
#458 = EDGE_CURVE ( 'NONE', #80, #3729, #1116, .T. ) ;
#459 = PRODUCT_CONTEXT ( 'NONE', #5576, 'mechanical' ) ;
#460 = ADVANCED_FACE ( 'NONE', ( #1180 ), #4703, .F. ) ;
#461 = ORIENTED_EDGE ( 'NONE', *, *, #4093, .F. ) ;
#462 = DIRECTION ( 'NONE',  ( -1.000000000000000000, 0.000000000000000000, 2.312964634635742957E-16 ) ) ;
#463 = EDGE_LOOP ( 'NONE', ( #4847, #221, #2232, #2842 ) ) ;
#464 = CARTESIAN_POINT ( 'NONE',  ( -114.0350877192983319, 25.00000000000000000, -23.68421052631578760 ) ) ;
#465 = PRODUCT_RELATED_PRODUCT_CATEGORY ( 'part', '', ( #5074 ) ) ;
#466 = CARTESIAN_POINT ( 'NONE',  ( -36.05504587155962781, 0.000000000000000000, -5.270642201834860430 ) ) ;
#467 = PRODUCT_DEFINITION_CONTEXT ( 'detailed design', #3189, 'design' ) ;
#468 = AXIS2_PLACEMENT_3D ( 'NONE', #5419, #3630, #1850 ) ;
#469 = CARTESIAN_POINT ( 'NONE',  ( 30.57150851985710815, 116.5000000000000000, 26.07524616010108431 ) ) ;
#470 = CARTESIAN_POINT ( 'NONE',  ( -64.03508771929831767, 2.000000000000000000, -14.18421052631578938 ) ) ;
#471 = ORIENTED_EDGE ( 'NONE', *, *, #356, .F. ) ;
#472 = CARTESIAN_POINT ( 'NONE',  ( 0.000000000000000000, 0.000000000000000000, 0.000000000000000000 ) ) ;
#473 = VECTOR ( 'NONE', #501, 1000.000000000000000 ) ;
#474 = CARTESIAN_POINT ( 'NONE',  ( -76.23762376237618810, 100.0000000000000000, -21.90594059405938410 ) ) ;
#475 = ORIENTED_EDGE ( 'NONE', *, *, #3065, .T. ) ;
#476 = ADVANCED_FACE ( 'NONE', ( #2957 ), #4247, .F. ) ;
#477 = PLANE ( 'NONE',  #1958 ) ;
#478 =( GEOMETRIC_REPRESENTATION_CONTEXT ( 3 ) GLOBAL_UNCERTAINTY_ASSIGNED_CONTEXT ( ( #4507 ) ) GLOBAL_UNIT_ASSIGNED_CONTEXT ( ( #1478, #3287, #2799 ) ) REPRESENTATION_CONTEXT ( 'NONE', 'WORKASPACE' ) );
#479 = CARTESIAN_POINT ( 'NONE',  ( -129.7916666666666288, 723.0000000000000000, -19.58333333333334991 ) ) ;
#480 = CARTESIAN_POINT ( 'NONE',  ( -93.23762376237618810, 100.0000000000000000, 28.09405940594061946 ) ) ;
#481 = VECTOR ( 'NONE', #620, 1000.000000000000000 ) ;
#482 = EDGE_CURVE ( 'NONE', #448, #3849, #2080, .T. ) ;
#483 = CARTESIAN_POINT ( 'NONE',  ( -56.18604651162795705, 25.00000000000000000, -4.918604651162788777 ) ) ;
#484 = VECTOR ( 'NONE', #3359, 1000.000000000000000 ) ;
#485 = LINE ( 'NONE', #5230, #5153 ) ;
#486 = AXIS2_PLACEMENT_3D ( 'NONE', #1050, #3216, #1905 ) ;
#487 = VERTEX_POINT ( 'NONE', #4187 ) ;
#488 =( NAMED_UNIT ( * ) PLANE_ANGLE_UNIT ( ) SI_UNIT ( $, .RADIAN. ) );
#489 = EDGE_CURVE ( 'NONE', #1856, #5596, #5612, .T. ) ;
#490 = ITEM_DEFINED_TRANSFORMATION ( 'NONE', 'NONE', #4890,  #2468 ) ;
#491 = VECTOR ( 'NONE', #5415, 1000.000000000000000 ) ;
#492 = VECTOR ( 'NONE', #4579, 1000.000000000000000 ) ;
#493 = AXIS2_PLACEMENT_3D ( 'NONE', #2397, #2369, #4185 ) ;
#494 = CARTESIAN_POINT ( 'NONE',  ( 30.57150851985710815, 97.50000000000000000, 26.07524616010108431 ) ) ;
#495 = ORIENTED_EDGE ( 'NONE', *, *, #1876, .F. ) ;
#496 = DIRECTION ( 'NONE',  ( 0.000000000000000000, -1.000000000000000000, 0.000000000000000000 ) ) ;
#497 = ORIENTED_EDGE ( 'NONE', *, *, #4375, .F. ) ;
#498 = CARTESIAN_POINT ( 'NONE',  ( -48.64705882352942012, 260.0000000000000000, -2.382352941176471450 ) ) ;
#499 = CARTESIAN_POINT ( 'NONE',  ( -47.47368421052630794, 0.000000000000000000, -7.184210526315784051 ) ) ;
#500 = VECTOR ( 'NONE', #3355, 1000.000000000000000 ) ;
#501 = DIRECTION ( 'NONE',  ( -1.000000000000000000, -0.000000000000000000, 3.965082230804130220E-16 ) ) ;
#502 = DIRECTION ( 'NONE',  ( 1.156482317317871478E-16, 0.000000000000000000, 1.000000000000000000 ) ) ;
#503 =( REPRESENTATION_RELATIONSHIP ('NONE','NONE', #4122, #1904 ) REPRESENTATION_RELATIONSHIP_WITH_TRANSFORMATION ( #4526 )SHAPE_REPRESENTATION_RELATIONSHIP( ) );
#504 = EDGE_LOOP ( 'NONE', ( #988, #4709, #3954, #2976 ) ) ;
#505 = CARTESIAN_POINT ( 'NONE',  ( 947.3333333333333712, -54.99999999999995737, -392.9999999999998863 ) ) ;
#506 = AXIS2_PLACEMENT_3D ( 'NONE', #1101, #27, #1841 ) ;
#507 = DIRECTION ( 'NONE',  ( -1.000000000000000000, -0.000000000000000000, -0.000000000000000000 ) ) ;
#508 = FACE_OUTER_BOUND ( 'NONE', #3784, .T. ) ;
#509 = DIRECTION ( 'NONE',  ( 0.000000000000000000, -1.000000000000000000, 0.000000000000000000 ) ) ;
#510 = EDGE_LOOP ( 'NONE', ( #887, #2388, #1997, #2527, #1977, #4289, #3640, #3580, #208, #4173, #830, #4037 ) ) ;
#511 = PLANE ( 'NONE',  #3560 ) ;
#512 = AXIS2_PLACEMENT_3D ( 'NONE', #3928, #1246, #1740 ) ;
#513 = DIRECTION ( 'NONE',  ( 0.000000000000000000, -1.000000000000000000, 0.000000000000000000 ) ) ;
#514 = EDGE_CURVE ( 'NONE', #487, #5166, #181, .T. ) ;
#515 = ORIENTED_EDGE ( 'NONE', *, *, #829, .T. ) ;
#516 = DIRECTION ( 'NONE',  ( -0.000000000000000000, -1.000000000000000000, -0.000000000000000000 ) ) ;
#517 = VERTEX_POINT ( 'NONE', #4732 ) ;
#518 = EDGE_CURVE ( 'NONE', #1657, #5212, #2017, .T. ) ;
#519 = VERTEX_POINT ( 'NONE', #2495 ) ;
#520 = EDGE_CURVE ( 'NONE', #5212, #4627, #3358, .T. ) ;
#521 = DIRECTION ( 'NONE',  ( 1.156482317317871478E-16, 0.000000000000000000, 1.000000000000000000 ) ) ;
#522 = EDGE_LOOP ( 'NONE', ( #2687, #2075, #742, #4293 ) ) ;
#523 = CARTESIAN_POINT ( 'NONE',  ( -40.04819277108434505, 260.0000000000000000, 24.63253012048192403 ) ) ;
#524 = ORIENTED_EDGE ( 'NONE', *, *, #1737, .T. ) ;
#525 = CARTESIAN_POINT ( 'NONE',  ( 0.9653201337671061255, 116.5000000000000000, -3.045219446345411196 ) ) ;
#526 = DIRECTION ( 'NONE',  ( -0.000000000000000000, -1.000000000000000000, -0.000000000000000000 ) ) ;
#527 = PRODUCT_DEFINITION_CONTEXT ( 'detailed design', #608, 'design' ) ;
#528 = DIRECTION ( 'NONE',  ( -1.734723475976806848E-16, -0.000000000000000000, -1.000000000000000000 ) ) ;
#529 = CARTESIAN_POINT ( 'NONE',  ( 0.000000000000000000, 97.50000000000000000, 24.72935779816513957 ) ) ;
#530 = ORIENTED_EDGE ( 'NONE', *, *, #1729, .T. ) ;
#531 = ADVANCED_FACE ( 'NONE', ( #618 ), #5553, .F. ) ;
#532 = DIRECTION ( 'NONE',  ( 2.056954810363788283E-28, -1.000000000000000000, -1.062282697470068778E-16 ) ) ;
#533 = CARTESIAN_POINT ( 'NONE',  ( 30.57150851985710815, 116.5000000000000000, 26.07524616010108431 ) ) ;
#534 = CARTESIAN_POINT ( 'NONE',  ( 0.000000000000000000, 0.000000000000000000, 0.000000000000000000 ) ) ;
#535 = CARTESIAN_POINT ( 'NONE',  ( 0.000000000000000000, 14.15282392026577973, 10.00000000000000000 ) ) ;
#536 = ORIENTED_EDGE ( 'NONE', *, *, #1255, .T. ) ;
#537 = PLANE ( 'NONE',  #4407 ) ;
#538 = ADVANCED_FACE ( 'NONE', ( #1089 ), #4273, .T. ) ;
#539 = ORIENTED_EDGE ( 'NONE', *, *, #5283, .T. ) ;
#540 = DIRECTION ( 'NONE',  ( -1.000000000000000000, -0.000000000000000000, 3.965082230804130220E-16 ) ) ;
#541 = ORIENTED_EDGE ( 'NONE', *, *, #3080, .F. ) ;
#542 = ORIENTED_EDGE ( 'NONE', *, *, #2493, .F. ) ;
#543 = CARTESIAN_POINT ( 'NONE',  ( -84.77053187294963266, 25.00000000000000000, -22.84276137403035278 ) ) ;
#544 = SURFACE_SIDE_STYLE ('',( #4063 ) ) ;
#545 = EDGE_LOOP ( 'NONE', ( #2178, #3034, #278, #2371 ) ) ;
#546 = CARTESIAN_POINT ( 'NONE',  ( 48.54132590923786950, 100.5000000000000000, 31.82772734221840594 ) ) ;
#547 = ORIENTED_EDGE ( 'NONE', *, *, #588, .T. ) ;
#548 = EDGE_CURVE ( 'NONE', #2087, #980, #4218, .T. ) ;
#549 = LINE ( 'NONE', #2330, #4794 ) ;
#550 = PRODUCT_DEFINITION_SHAPE ( 'NONE', 'NONE',  #5736 ) ;
#551 = DIRECTION ( 'NONE',  ( 1.000000000000000000, 0.000000000000000000, 0.000000000000000000 ) ) ;
#552 = LINE ( 'NONE', #4561, #5570 ) ;
#553 = DIRECTION ( 'NONE',  ( -0.000000000000000000, -1.000000000000000000, -0.000000000000000000 ) ) ;
#554 = ORIENTED_EDGE ( 'NONE', *, *, #4951, .F. ) ;
#555 = ADVANCED_FACE ( 'NONE', ( #3777 ), #5525, .F. ) ;
#556 = CARTESIAN_POINT ( 'NONE',  ( 30.57150851985710815, 97.50000000000000000, 26.07524616010108431 ) ) ;
#557 = FILL_AREA_STYLE_COLOUR ( '', #5580 ) ;
#558 = CLOSED_SHELL ( 'NONE', ( #955, #3123, #656, #13, #2740, #2045, #2769, #725, #2461, #4980, #5257, #1399 ) ) ;
#559 = CARTESIAN_POINT ( 'NONE',  ( -237.3333333333332860, 0.000000000000000000, -54.99999999999992184 ) ) ;
#560 = EDGE_CURVE ( 'NONE', #732, #3454, #375, .T. ) ;
#561 = DIRECTION ( 'NONE',  ( 0.000000000000000000, -1.000000000000000000, 0.000000000000000000 ) ) ;
#562 = VECTOR ( 'NONE', #1529, 1000.000000000000000 ) ;
#563 = CARTESIAN_POINT ( 'NONE',  ( -24.72935779816509694, -590.1922075284538778, 0.000000000000000000 ) ) ;
#564 = VERTEX_POINT ( 'NONE', #1671 ) ;
#565 = CARTESIAN_POINT ( 'NONE',  ( 53.06003470678885492, 100.5000000000000000, 19.58649369804110307 ) ) ;
#566 = MECHANICAL_DESIGN_GEOMETRIC_PRESENTATION_REPRESENTATION (  '', ( #653 ), #4577 ) ;
#567 = ORIENTED_EDGE ( 'NONE', *, *, #3796, .T. ) ;
#568 = VECTOR ( 'NONE', #4943, 1000.000000000000000 ) ;
#569 = ORIENTED_EDGE ( 'NONE', *, *, #2289, .F. ) ;
#570 = PRODUCT_DEFINITION ( 'UNKNOWN', '', #3976, #4207 ) ;
#571 = AXIS2_PLACEMENT_3D ( 'NONE', #1372, #2749, #4499 ) ;
#572 = EDGE_CURVE ( 'NONE', #1657, #1479, #3020, .T. ) ;
#573 = STYLED_ITEM ( 'NONE', ( #757 ), #4963 ) ;
#574 = CIRCLE ( 'NONE', #5401, 5.000000000000001776 ) ;
#575 = CARTESIAN_POINT ( 'NONE',  ( 30.57150851985710815, 116.5000000000000000, 7.207141412715750484 ) ) ;
#576 = VERTEX_POINT ( 'NONE', #3925 ) ;
#577 = DIRECTION ( 'NONE',  ( -1.000000000000000000, -0.000000000000000000, -0.000000000000000000 ) ) ;
#578 = ORIENTED_EDGE ( 'NONE', *, *, #1735, .F. ) ;
#579 = VECTOR ( 'NONE', #5323, 1000.000000000000000 ) ;
#580 = LINE ( 'NONE', #1483, #4371 ) ;
#581 = PRODUCT_DEFINITION_CONTEXT ( 'detailed design', #315, 'design' ) ;
#582 = CARTESIAN_POINT ( 'NONE',  ( -237.3333333333332860, 428.0000000000000000, -54.99999999999992184 ) ) ;
#583 = CIRCLE ( 'NONE', #4226, 8.000000000000000000 ) ;
#584 = ORIENTED_EDGE ( 'NONE', *, *, #2763, .T. ) ;
#585 = LINE ( 'NONE', #529, #4321 ) ;
#586 = EDGE_CURVE ( 'NONE', #3364, #2489, #1318, .T. ) ;
#587 = VERTEX_POINT ( 'NONE', #2586 ) ;
#588 = EDGE_CURVE ( 'NONE', #4268, #367, #3103, .T. ) ;
#589 = CYLINDRICAL_SURFACE ( 'NONE', #493, 5.000000000000000888 ) ;
#590 = DIRECTION ( 'NONE',  ( -1.000000000000000000, 0.000000000000000000, -0.000000000000000000 ) ) ;
#591 = EDGE_CURVE ( 'NONE', #2351, #4743, #5393, .T. ) ;
#592 = CARTESIAN_POINT ( 'NONE',  ( -84.77053187294963266, 25.00000000000000000, -3.684210526315786272 ) ) ;
#593 = CARTESIAN_POINT ( 'NONE',  ( -36.05504587155962781, 217.0000000000000000, -5.270642201834860430 ) ) ;
#594 = AXIS2_PLACEMENT_3D ( 'NONE', #1610, #294, #755 ) ;
#595 = CARTESIAN_POINT ( 'NONE',  ( -31.36378737541529205, 3.652823920265779734, 10.00000000000000000 ) ) ;
#596 = VECTOR ( 'NONE', #4925, 1000.000000000000000 ) ;
#597 = ORIENTED_EDGE ( 'NONE', *, *, #2205, .T. ) ;
#598 = EDGE_LOOP ( 'NONE', ( #5589, #2447, #1919, #5634 ) ) ;
#599 = FACE_OUTER_BOUND ( 'NONE', #5095, .T. ) ;
#600 = PRODUCT_DEFINITION_FORMATION_WITH_SPECIFIED_SOURCE ( 'ANY', '', #4251, .NOT_KNOWN. ) ;
#601 = EDGE_CURVE ( 'NONE', #2753, #4013, #5294, .T. ) ;
#602 = PRODUCT_DEFINITION_SHAPE ( 'NONE', 'NONE',  #4888 ) ;
#603 = FACE_OUTER_BOUND ( 'NONE', #1213, .T. ) ;
#604 = PLANE ( 'NONE',  #4604 ) ;
#605 = ORIENTED_EDGE ( 'NONE', *, *, #4699, .T. ) ;
#606 = LINE ( 'NONE', #253, #5231 ) ;
#607 = VERTEX_POINT ( 'NONE', #4010 ) ;
#608 = APPLICATION_CONTEXT ( 'automotive_design' ) ;
#609 = CARTESIAN_POINT ( 'NONE',  ( -93.23762376237620231, 100.0000000000000000, -21.90594059405938410 ) ) ;
#610 = PLANE ( 'NONE',  #2054 ) ;
#611 = ORIENTED_EDGE ( 'NONE', *, *, #1273, .T. ) ;
#612 = PLANE ( 'NONE',  #5320 ) ;
#613 = ORIENTED_EDGE ( 'NONE', *, *, #2517, .F. ) ;
#614 = DIRECTION ( 'NONE',  ( 0.000000000000000000, 1.000000000000000000, 8.260587980841940012E-17 ) ) ;
#615 = CARTESIAN_POINT ( 'NONE',  ( -18.64705882352942012, 260.0000000000000000, 12.61764705882352899 ) ) ;
#616 = PLANE ( 'NONE',  #3942 ) ;
#617 = ADVANCED_FACE ( 'NONE', ( #1323 ), #3958, .F. ) ;
#618 = FACE_OUTER_BOUND ( 'NONE', #5109, .T. ) ;
#619 = PLANE ( 'NONE',  #4132 ) ;
#620 = DIRECTION ( 'NONE',  ( 0.000000000000000000, -1.000000000000000000, 0.000000000000000000 ) ) ;
#621 = ORIENTED_EDGE ( 'NONE', *, *, #4699, .F. ) ;
#622 = EDGE_LOOP ( 'NONE', ( #880, #5181, #1720, #2600 ) ) ;
#623 = CARTESIAN_POINT ( 'NONE',  ( 30.57150851985710815, 116.5000000000000000, 31.07524616010108431 ) ) ;
#624 = VECTOR ( 'NONE', #2724, 1000.000000000000000 ) ;
#625 = CONTEXT_DEPENDENT_SHAPE_REPRESENTATION ( #3222, #550 ) ;
#626 = DIRECTION ( 'NONE',  ( 0.000000000000000000, -1.000000000000000000, 0.000000000000000000 ) ) ;
#627 = EDGE_CURVE ( 'NONE', #5147, #1481, #2216, .T. ) ;
#628 = ORIENTED_EDGE ( 'NONE', *, *, #3086, .T. ) ;
#629 = DIRECTION ( 'NONE',  ( -1.000000000000000000, -0.000000000000000000, -0.000000000000000000 ) ) ;
#630 = EDGE_CURVE ( 'NONE', #3914, #1772, #837, .T. ) ;
#631 = VERTEX_POINT ( 'NONE', #5695 ) ;
#632 = DIRECTION ( 'NONE',  ( 0.000000000000000000, 5.551115146584610292E-17, 1.000000000000000000 ) ) ;
#633 = DIRECTION ( 'NONE',  ( 3.767964143663676271E-16, 0.000000000000000000, 1.000000000000000000 ) ) ;
#634 = PRODUCT_DEFINITION_CONTEXT ( 'detailed design', #1621, 'design' ) ;
#635 = DIRECTION ( 'NONE',  ( 2.775557561562891351E-16, 0.000000000000000000, 1.000000000000000000 ) ) ;
#636 = EDGE_LOOP ( 'NONE', ( #3945, #1192, #5273, #4440, #5064, #3861, #4213, #1893 ) ) ;
#637 = DIRECTION ( 'NONE',  ( 0.000000000000000000, 0.000000000000000000, 1.000000000000000000 ) ) ;
#638 = ORIENTED_EDGE ( 'NONE', *, *, #56, .F. ) ;
#639 = DIRECTION ( 'NONE',  ( 0.000000000000000000, 0.000000000000000000, -1.000000000000000000 ) ) ;
#640 = PRODUCT_DEFINITION ( 'UNKNOWN', '', #1452, #5121 ) ;
#641 = SURFACE_STYLE_FILL_AREA ( #1987 ) ;
#642 = PRODUCT_DEFINITION_SHAPE ( 'NONE', 'NONE',  #5752 ) ;
#643 = DIRECTION ( 'NONE',  ( 0.000000000000000000, 0.000000000000000000, -1.000000000000000000 ) ) ;
#644 = CARTESIAN_POINT ( 'NONE',  ( 34.88085890887091267, 116.5000000000000000, 7.705845625978817282 ) ) ;
#645 = VECTOR ( 'NONE', #1964, 1000.000000000000000 ) ;
#646 = CARTESIAN_POINT ( 'NONE',  ( -10.41550411477438054, 97.50000000000000000, 32.85697103408162434 ) ) ;
#647 = ADVANCED_FACE ( 'NONE', ( #4795, #1789 ), #5186, .T. ) ;
#648 = VERTEX_POINT ( 'NONE', #878 ) ;
#649 = VECTOR ( 'NONE', #3870, 1000.000000000000000 ) ;
#650 = ORIENTED_EDGE ( 'NONE', *, *, #3230, .T. ) ;
#651 = ADVANCED_FACE ( 'NONE', ( #2671 ), #4761, .T. ) ;
#652 = CARTESIAN_POINT ( 'NONE',  ( -39.53508771929831767, 12.49999999999999822, 6.815789473684217725 ) ) ;
#653 = STYLED_ITEM ( 'NONE', ( #3978 ), #1087 ) ;
#654 = AXIS2_PLACEMENT_3D ( 'NONE', #3483, #4396, #1385 ) ;
#655 = CYLINDRICAL_SURFACE ( 'NONE', #2560, 10.50000000000000178 ) ;
#656 = ADVANCED_FACE ( 'NONE', ( #332 ), #1297, .F. ) ;
#657 = DIRECTION ( 'NONE',  ( 0.000000000000000000, 0.000000000000000000, 1.000000000000000000 ) ) ;
#658 = VECTOR ( 'NONE', #2207, 1000.000000000000000 ) ;
#659 = VERTEX_POINT ( 'NONE', #3898 ) ;
#660 = DIRECTION ( 'NONE',  ( 0.000000000000000000, 0.000000000000000000, -1.000000000000000000 ) ) ;
#661 = ORIENTED_EDGE ( 'NONE', *, *, #3662, .F. ) ;
#662 = DIRECTION ( 'NONE',  ( -8.507955769517541424E-16, 1.737892803991320304E-16, 1.000000000000000000 ) ) ;
#663 = STYLED_ITEM ( 'NONE', ( #5386 ), #4886 ) ;
#664 = DIRECTION ( 'NONE',  ( 1.000000000000000000, 0.000000000000000000, -3.229980028825710504E-16 ) ) ;
#665 = AXIS2_PLACEMENT_3D ( 'NONE', #1886, #3665, #5444 ) ;
#666 = LINE ( 'NONE', #2925, #3547 ) ;
#667 = ORIENTED_EDGE ( 'NONE', *, *, #4341, .T. ) ;
#668 = PLANE ( 'NONE',  #4412 ) ;
#669 = ORIENTED_EDGE ( 'NONE', *, *, #81, .T. ) ;
#670 = CARTESIAN_POINT ( 'NONE',  ( -379.0350877192983603, 12.50000000000000178, 5.830063021600955686 ) ) ;
#671 = CIRCLE ( 'NONE', #3949, 19.15855084771456518 ) ;
#672 =( NAMED_UNIT ( * ) PLANE_ANGLE_UNIT ( ) SI_UNIT ( $, .RADIAN. ) );
#673 = VECTOR ( 'NONE', #1194, 1000.000000000000000 ) ;
#674 = DIRECTION ( 'NONE',  ( 1.000000000000000000, 0.000000000000000000, -0.000000000000000000 ) ) ;
#675 = LINE ( 'NONE', #3809, #299 ) ;
#676 = EDGE_CURVE ( 'NONE', #1265, #691, #2055, .T. ) ;
#677 = PRESENTATION_LAYER_ASSIGNMENT (  '', '', ( #3576 ) ) ;
#678 = LINE ( 'NONE', #1585, #11 ) ;
#679 = ORIENTED_EDGE ( 'NONE', *, *, #601, .T. ) ;
#680 = AXIS2_PLACEMENT_3D ( 'NONE', #1525, #2107, #263 ) ;
#681 = EDGE_CURVE ( 'NONE', #4067, #5400, #2528, .T. ) ;
#682 = EDGE_LOOP ( 'NONE', ( #1424, #4717 ) ) ;
#683 = DIRECTION ( 'NONE',  ( 0.000000000000000000, -1.000000000000000000, 0.000000000000000000 ) ) ;
#685 = AXIS2_PLACEMENT_3D ( 'NONE', #4505, #222, #82 ) ;
#684 = DIRECTION ( 'NONE',  ( 0.000000000000000000, 0.000000000000000000, 1.000000000000000000 ) ) ;
#686 = FACE_OUTER_BOUND ( 'NONE', #4937, .T. ) ;
#687 = EDGE_CURVE ( 'NONE', #4084, #2613, #4025, .T. ) ;
#688 = CARTESIAN_POINT ( 'NONE',  ( -59.18604651162796415, 25.00000000000000000, 0.08139534883721191716 ) ) ;
#689 = ORIENTED_EDGE ( 'NONE', *, *, #5026, .T. ) ;
#690 = CARTESIAN_POINT ( 'NONE',  ( -159.7916666666666288, 723.0000000000000000, 0.4166666666666519747 ) ) ;
#691 = VERTEX_POINT ( 'NONE', #1353 ) ;
#692 =( LENGTH_UNIT ( ) NAMED_UNIT ( * ) SI_UNIT ( .MILLI., .METRE. ) );
#693 = FACE_OUTER_BOUND ( 'NONE', #5034, .T. ) ;
#694 = UNCERTAINTY_MEASURE_WITH_UNIT (LENGTH_MEASURE( 1.000000000000000082E-05 ), #4520, 'distance_accuracy_value', 'NONE');
#695 = PRODUCT_DEFINITION_FORMATION_WITH_SPECIFIED_SOURCE ( 'ANY', '', #5074, .NOT_KNOWN. ) ;
#696 = CYLINDRICAL_SURFACE ( 'NONE', #5299, 5.000000000000031974 ) ;
#697 = ORIENTED_EDGE ( 'NONE', *, *, #681, .T. ) ;
#698 = CARTESIAN_POINT ( 'NONE',  ( -50.86378737541529205, 3.652823920265784619, 16.62970334961300978 ) ) ;
#699 = PRODUCT_DEFINITION_SHAPE ( 'NONE', 'NONE',  #5614 ) ;
#700 = ORIENTED_EDGE ( 'NONE', *, *, #4175, .T. ) ;
#701 = DIRECTION ( 'NONE',  ( -1.000000000000000000, -0.000000000000000000, -0.000000000000000000 ) ) ;
#702 = EDGE_LOOP ( 'NONE', ( #5028, #2538, #3319, #1072 ) ) ;
#703 = CARTESIAN_POINT ( 'NONE',  ( 0.000000000000000000, 0.000000000000000000, 0.000000000000000000 ) ) ;
#704 = DIRECTION ( 'NONE',  ( -0.9532520323598017153, 0.000000000000000000, -0.3021763769752816575 ) ) ;
#705 = DIRECTION ( 'NONE',  ( -1.000000000000000000, 0.000000000000000000, -0.000000000000000000 ) ) ;
#706 = DIRECTION ( 'NONE',  ( 0.000000000000000000, 0.000000000000000000, 1.000000000000000000 ) ) ;
#707 = CARTESIAN_POINT ( 'NONE',  ( -40.04819277108434505, 260.0000000000000000, 24.63253012048192403 ) ) ;
#708 = DIRECTION ( 'NONE',  ( 3.469446951953613696E-16, 0.000000000000000000, 1.000000000000000000 ) ) ;
#709 = ADVANCED_FACE ( 'NONE', ( #904 ), #118, .F. ) ;
#710 = ORIENTED_EDGE ( 'NONE', *, *, #4721, .F. ) ;
#711 = CARTESIAN_POINT ( 'NONE',  ( -18.64705882352942368, 0.000000000000000000, -2.382352941176471450 ) ) ;
#712 = ITEM_DEFINED_TRANSFORMATION ( 'NONE', 'NONE', #978,  #2468 ) ;
#713 = FACE_OUTER_BOUND ( 'NONE', #4931, .T. ) ;
#714 = CARTESIAN_POINT ( 'NONE',  ( -40.16883116883117566, 0.000000000000000000, 8.123376623376616479 ) ) ;
#715 = APPLICATION_CONTEXT ( 'automotive_design' ) ;
#716 = ORIENTED_EDGE ( 'NONE', *, *, #1329, .F. ) ;
#717 = DIRECTION ( 'NONE',  ( -0.000000000000000000, -0.000000000000000000, -1.000000000000000000 ) ) ;
#718 = EDGE_LOOP ( 'NONE', ( #206, #3443 ) ) ;
#719 = DIRECTION ( 'NONE',  ( -1.000000000000000000, -0.000000000000000000, -0.000000000000000000 ) ) ;
#720 = DIRECTION ( 'NONE',  ( 0.000000000000000000, 0.000000000000000000, 1.000000000000000000 ) ) ;
#721 = EDGE_LOOP ( 'NONE', ( #605, #1512, #4667, #3892 ) ) ;
#722 = DIRECTION ( 'NONE',  ( 1.614990014412855252E-16, 0.000000000000000000, 1.000000000000000000 ) ) ;
#723 = VERTEX_POINT ( 'NONE', #2810 ) ;
#724 = CARTESIAN_POINT ( 'NONE',  ( -144.7916666666666856, 703.0000000000000000, -19.58333333333334991 ) ) ;
#725 = ADVANCED_FACE ( 'NONE', ( #2758 ), #2310, .T. ) ;
#726 = DIRECTION ( 'NONE',  ( -1.000000000000000000, 0.000000000000000000, -0.000000000000000000 ) ) ;
#727 = ADVANCED_FACE ( 'NONE', ( #3129, #31 ), #3623, .F. ) ;
#728 = CARTESIAN_POINT ( 'NONE',  ( -76.23762376237618810, 100.0000000000000000, -21.90594059405938410 ) ) ;
#729 =( LENGTH_UNIT ( ) NAMED_UNIT ( * ) SI_UNIT ( .MILLI., .METRE. ) );
#730 = PLANE ( 'NONE',  #2721 ) ;
#731 = ORIENTED_EDGE ( 'NONE', *, *, #2828, .T. ) ;
#732 = VERTEX_POINT ( 'NONE', #3215 ) ;
#733 = FILL_AREA_STYLE ('',( #3490 ) ) ;
#734 = CLOSED_SHELL ( 'NONE', ( #1215, #3927, #1586, #3263, #1725, #1945, #4646, #3981, #4326, #5697, #3739, #2280, #4557, #3157, #617, #4817, #4471, #239, #3594, #5277, #2277, #4920, #1591, #1846, #5552, #1807, #3033, #4756, #3282, #1570, #2553 ) ) ;
#735 = CONTEXT_DEPENDENT_SHAPE_REPRESENTATION ( #799, #1999 ) ;
#736 = DIRECTION ( 'NONE',  ( -1.000000000000000000, 0.000000000000000000, 0.000000000000000000 ) ) ;
#737 = CLOSED_SHELL ( 'NONE', ( #2223, #5172, #1526, #1084, #212, #5114, #5480, #5411, #4872, #2699 ) ) ;
#738 = PRODUCT ( 'Bar_2', 'Bar_2', '', ( #459 ) ) ;
#739 = DIRECTION ( 'NONE',  ( 1.000000000000000000, 0.000000000000000000, -3.229980028825710504E-16 ) ) ;
#740 = VERTEX_POINT ( 'NONE', #1379 ) ;
#741 = CARTESIAN_POINT ( 'NONE',  ( -237.3333333333332860, 370.0000000000000000, -54.99999999999992184 ) ) ;
#742 = ORIENTED_EDGE ( 'NONE', *, *, #984, .F. ) ;
#743 = AXIS2_PLACEMENT_3D ( 'NONE', #469, #5328, #2697 ) ;
#744 = EDGE_CURVE ( 'NONE', #105, #3849, #5665, .T. ) ;
#745 = CARTESIAN_POINT ( 'NONE',  ( 577.9559213275775846, 54.04972092180997123, -177.8157894736845321 ) ) ;
#746 = AXIS2_PLACEMENT_3D ( 'NONE', #357, #382, #2163 ) ;
#747 = DIRECTION ( 'NONE',  ( -1.000000000000000000, -0.000000000000000000, -0.000000000000000000 ) ) ;
#748 = EDGE_LOOP ( 'NONE', ( #1688, #55, #2031, #3301 ) ) ;
#749 =( NAMED_UNIT ( * ) PLANE_ANGLE_UNIT ( ) SI_UNIT ( $, .RADIAN. ) );
#750 = EDGE_LOOP ( 'NONE', ( #5330, #4524 ) ) ;
#751 = CARTESIAN_POINT ( 'NONE',  ( -197.3333333333332860, 370.0000000000000000, -54.99999999999992184 ) ) ;
#752 = EDGE_CURVE ( 'NONE', #4352, #3234, #934, .T. ) ;
#753 = VECTOR ( 'NONE', #2959, 1000.000000000000000 ) ;
#754 = EDGE_LOOP ( 'NONE', ( #3524, #5140 ) ) ;
#755 = DIRECTION ( 'NONE',  ( 0.000000000000000000, 0.000000000000000000, 1.000000000000000000 ) ) ;
#756 = AXIS2_PLACEMENT_3D ( 'NONE', #3747, #1618, #4249 ) ;
#757 = PRESENTATION_STYLE_ASSIGNMENT (( #5551 ) ) ;
#758 = ADVANCED_FACE ( 'NONE', ( #2363 ), #3687, .F. ) ;
#759 = CARTESIAN_POINT ( 'NONE',  ( -59.18604651162796415, 25.00000000000000000, 0.08139534883721191716 ) ) ;
#760 = EDGE_CURVE ( 'NONE', #3261, #4361, #2246, .T. ) ;
#761 = VECTOR ( 'NONE', #4129, 1000.000000000000000 ) ;
#762 = CARTESIAN_POINT ( 'NONE',  ( -31.18604651162795349, 25.00000000000000000, -4.918604651162789665 ) ) ;
#763 = AXIS2_PLACEMENT_3D ( 'NONE', #1052, #5385, #4074 ) ;
#764 = DIRECTION ( 'NONE',  ( 0.000000000000000000, 0.000000000000000000, 1.000000000000000000 ) ) ;
#765 = AXIS2_PLACEMENT_3D ( 'NONE', #3060, #3466, #5233 ) ;
#766 = ORIENTED_EDGE ( 'NONE', *, *, #2245, .T. ) ;
#767 = VECTOR ( 'NONE', #4513, 1000.000000000000000 ) ;
#768 = CARTESIAN_POINT ( 'NONE',  ( -379.0350877192983603, 0.000000000000000000, 11.44525479618220842 ) ) ;
#769 = MECHANICAL_DESIGN_GEOMETRIC_PRESENTATION_REPRESENTATION (  '', ( #2456 ), #2649 ) ;
#770 = VERTEX_POINT ( 'NONE', #1463 ) ;
#771 = CARTESIAN_POINT ( 'NONE',  ( -101.2376237623761881, -1.387889590329570932E-15, 9.094059405940560836 ) ) ;
#772 = ITEM_DEFINED_TRANSFORMATION ( 'NONE', 'NONE', #1448,  #2468 ) ;
#773 = DIRECTION ( 'NONE',  ( 0.000000000000000000, 0.000000000000000000, 1.000000000000000000 ) ) ;
#774 = EDGE_LOOP ( 'NONE', ( #5115, #4867, #2893, #5449 ) ) ;
#775 = CIRCLE ( 'NONE', #3764, 9.499999999999998224 ) ;
#776 = DIRECTION ( 'NONE',  ( -0.2919418517668840862, 0.000000000000000000, 0.9564360695764891895 ) ) ;
#777 = ORIENTED_EDGE ( 'NONE', *, *, #2643, .F. ) ;
#778 = CARTESIAN_POINT ( 'NONE',  ( -10.16883116883118277, 0.000000000000000000, -6.876623376623382633 ) ) ;
#779 = ORIENTED_EDGE ( 'NONE', *, *, #3135, .T. ) ;
#780 = VECTOR ( 'NONE', #44, 1000.000000000000000 ) ;
#781 = APPLICATION_PROTOCOL_DEFINITION ( 'draft international standard', 'automotive_design', 1998, #14 ) ;
#782 = EDGE_CURVE ( 'NONE', #2831, #5203, #4929, .T. ) ;
#783 = CARTESIAN_POINT ( 'NONE',  ( 24.08775105641043979, 116.5000000000000000, 43.79433941888564874 ) ) ;
#784 = EDGE_LOOP ( 'NONE', ( #3828, #5559, #5618, #597 ) ) ;
#785 = DIRECTION ( 'NONE',  ( 0.000000000000000000, 0.000000000000000000, 1.000000000000000000 ) ) ;
#786 = EDGE_CURVE ( 'NONE', #2970, #4860, #2, .T. ) ;
#787 =( GEOMETRIC_REPRESENTATION_CONTEXT ( 3 ) GLOBAL_UNCERTAINTY_ASSIGNED_CONTEXT ( ( #3213 ) ) GLOBAL_UNIT_ASSIGNED_CONTEXT ( ( #3337, #2466, #4189 ) ) REPRESENTATION_CONTEXT ( 'NONE', 'WORKASPACE' ) );
#788 = ORIENTED_EDGE ( 'NONE', *, *, #153, .T. ) ;
#789 = CARTESIAN_POINT ( 'NONE',  ( -53.86378737541529205, 3.652823920265783286, 5.000000000000000000 ) ) ;
#790 = VERTEX_POINT ( 'NONE', #2725 ) ;
#791 = CYLINDRICAL_SURFACE ( 'NONE', #220, 8.000000000000000000 ) ;
#792 = CARTESIAN_POINT ( 'NONE',  ( -34.18604651162795705, 25.00000000000000711, -17.41860465116278789 ) ) ;
#793 = AXIS2_PLACEMENT_3D ( 'NONE', #5331, #1356, #3132 ) ;
#794 = CARTESIAN_POINT ( 'NONE',  ( -76.23762376237618810, 100.0000000000000000, -21.90594059405938410 ) ) ;
#795 = CARTESIAN_POINT ( 'NONE',  ( -6.055045871559635806, 100.5000000000000000, 24.72935779816513957 ) ) ;
#796 = CARTESIAN_POINT ( 'NONE',  ( -6.055045871559633142, 97.50000000000000000, -5.270642201834860430 ) ) ;
#797 = DIRECTION ( 'NONE',  ( 0.9999999999999998890, 2.185888876940041013E-33, -8.125883621358625511E-29 ) ) ;
#798 = DIRECTION ( 'NONE',  ( 0.000000000000000000, 0.000000000000000000, -1.000000000000000000 ) ) ;
#799 =( REPRESENTATION_RELATIONSHIP ('NONE','NONE', #4122, #2500 ) REPRESENTATION_RELATIONSHIP_WITH_TRANSFORMATION ( #5169 )SHAPE_REPRESENTATION_RELATIONSHIP( ) );
#800 = EDGE_LOOP ( 'NONE', ( #4626, #350, #3882, #4151 ) ) ;
#801 = DIRECTION ( 'NONE',  ( -1.000000000000000000, 0.000000000000000000, 1.614990014412855252E-16 ) ) ;
#802 = CARTESIAN_POINT ( 'NONE',  ( -237.3333333333332860, 0.000000000000000000, -74.99999999999992895 ) ) ;
#803 = CARTESIAN_POINT ( 'NONE',  ( 30.57150851985710815, 100.5000000000000000, 21.07524616010108431 ) ) ;
#804 = LINE ( 'NONE', #4682, #1500 ) ;
#805 = CARTESIAN_POINT ( 'NONE',  ( 34.88085890887090557, 100.5000000000000000, 7.705845625978809288 ) ) ;
#806 = ORIENTED_EDGE ( 'NONE', *, *, #146, .T. ) ;
#807 = CARTESIAN_POINT ( 'NONE',  ( -114.0350877192983177, 12.50000000000000000, -3.684210526315784939 ) ) ;
#808 = EDGE_CURVE ( 'NONE', #3914, #5424, #2282, .T. ) ;
#809 = VERTEX_POINT ( 'NONE', #582 ) ;
#810 = PRODUCT_CONTEXT ( 'NONE', #5468, 'mechanical' ) ;
#811 = EDGE_CURVE ( 'NONE', #5195, #1825, #102, .T. ) ;
#812 = ORIENTED_EDGE ( 'NONE', *, *, #2153, .T. ) ;
#813 = DIRECTION ( 'NONE',  ( -0.000000000000000000, -8.260587980841940012E-17, 1.000000000000000000 ) ) ;
#814 = ORIENTED_EDGE ( 'NONE', *, *, #560, .F. ) ;
#815 = LINE ( 'NONE', #3921, #2748 ) ;
#816 =( NAMED_UNIT ( * ) PLANE_ANGLE_UNIT ( ) SI_UNIT ( $, .RADIAN. ) );
#817 = LINE ( 'NONE', #466, #2313 ) ;
#818 = DIRECTION ( 'NONE',  ( 0.000000000000000000, 0.000000000000000000, 1.000000000000000000 ) ) ;
#819 = PLANE ( 'NONE',  #3368 ) ;
#820 = PRODUCT_RELATED_PRODUCT_CATEGORY ( 'part', '', ( #4251 ) ) ;
#821 = DIRECTION ( 'NONE',  ( 0.000000000000000000, 1.000000000000000000, 0.000000000000000000 ) ) ;
#822 = EDGE_LOOP ( 'NONE', ( #3076, #4838, #343, #3008 ) ) ;
#823 = DIRECTION ( 'NONE',  ( 1.000000000000000000, 0.000000000000000000, 0.000000000000000000 ) ) ;
#824 = CARTESIAN_POINT ( 'NONE',  ( -379.0350877192983603, 12.50000000000000000, -3.684210526315693013 ) ) ;
#825 = DIRECTION ( 'NONE',  ( 0.000000000000000000, 1.000000000000000000, 0.000000000000000000 ) ) ;
#826 = CARTESIAN_POINT ( 'NONE',  ( -84.77053187294963266, 75.00000000000001421, 15.47434032139877935 ) ) ;
#827 = VERTEX_POINT ( 'NONE', #60 ) ;
#828 = CARTESIAN_POINT ( 'NONE',  ( -24.03508771929831767, 23.00000000000000000, -14.18421052631578405 ) ) ;
#829 = EDGE_CURVE ( 'NONE', #4587, #4415, #1408, .T. ) ;
#830 = ORIENTED_EDGE ( 'NONE', *, *, #1063, .F. ) ;
#831 = FACE_OUTER_BOUND ( 'NONE', #5158, .T. ) ;
#832 = ORIENTED_EDGE ( 'NONE', *, *, #1803, .T. ) ;
#833 = SHAPE_DEFINITION_REPRESENTATION ( #699, #3901 ) ;
#834 = EDGE_CURVE ( 'NONE', #1898, #121, #4585, .T. ) ;
#835 = EDGE_LOOP ( 'NONE', ( #2679, #3637, #3606 ) ) ;
#836 = DIRECTION ( 'NONE',  ( 0.000000000000000000, 0.000000000000000000, -1.000000000000000000 ) ) ;
#837 = CIRCLE ( 'NONE', #4845, 5.000000000000001776 ) ;
#838 = ORIENTED_EDGE ( 'NONE', *, *, #5372, .F. ) ;
#839 = CYLINDRICAL_SURFACE ( 'NONE', #4878, 4.999999999999997335 ) ;
#840 = AXIS2_PLACEMENT_3D ( 'NONE', #1219, #2565, #684 ) ;
#841 = DIRECTION ( 'NONE',  ( -0.000000000000000000, -1.000000000000000000, -0.000000000000000000 ) ) ;
#842 = VECTOR ( 'NONE', #720, 1000.000000000000000 ) ;
#843 = DIRECTION ( 'NONE',  ( -1.000000000000000000, 0.000000000000000000, 0.000000000000000000 ) ) ;
#844 = VECTOR ( 'NONE', #2436, 1000.000000000000000 ) ;
#845 = PLANE ( 'NONE',  #4314 ) ;
#846 = ORIENTED_EDGE ( 'NONE', *, *, #5246, .T. ) ;
#847 = CIRCLE ( 'NONE', #2343, 5.000000000000000888 ) ;
#848 = DIRECTION ( 'NONE',  ( 1.000000000000000444, -1.245949569929145178E-33, -2.613101748544601605E-29 ) ) ;
#849 = CARTESIAN_POINT ( 'NONE',  ( 0.000000000000000000, 100.5000000000000000, 0.000000000000000000 ) ) ;
#850 = ORIENTED_EDGE ( 'NONE', *, *, #388, .F. ) ;
#851 = AXIS2_PLACEMENT_3D ( 'NONE', #1027, #4975, #4517 ) ;
#852 = DIRECTION ( 'NONE',  ( -0.000000000000000000, -0.000000000000000000, -1.000000000000000000 ) ) ;
#853 = DIRECTION ( 'NONE',  ( 0.000000000000000000, 0.000000000000000000, -1.000000000000000000 ) ) ;
#854 = AXIS2_PLACEMENT_3D ( 'NONE', #533, #1443, #90 ) ;
#855 = DIRECTION ( 'NONE',  ( -2.312964634635742957E-16, -0.000000000000000000, -1.000000000000000000 ) ) ;
#856 = AXIS2_PLACEMENT_3D ( 'NONE', #3473, #5288, #2980 ) ;
#857 = ITEM_DEFINED_TRANSFORMATION ( 'NONE', 'NONE', #2662,  #2468 ) ;
#858 = LINE ( 'NONE', #2297, #4666 ) ;
#859 = EDGE_LOOP ( 'NONE', ( #5678, #4111, #3419, #5324 ) ) ;
#860 = EDGE_CURVE ( 'NONE', #3982, #3347, #4536, .T. ) ;
#861 = CYLINDRICAL_SURFACE ( 'NONE', #1261, 11.78635831963075731 ) ;
#862 = AXIS2_PLACEMENT_3D ( 'NONE', #4745, #317, #2571 ) ;
#863 = ORIENTED_EDGE ( 'NONE', *, *, #4481, .F. ) ;
#864 = LINE ( 'NONE', #1287, #3379 ) ;
#865 = ORIENTED_EDGE ( 'NONE', *, *, #4079, .F. ) ;
#866 = APPLICATION_PROTOCOL_DEFINITION ( 'draft international standard', 'automotive_design', 1998, #5183 ) ;
#867 = VECTOR ( 'NONE', #855, 1000.000000000000000 ) ;
#868 = EDGE_CURVE ( 'NONE', #429, #5147, #4097, .T. ) ;
#869 = ADVANCED_BREP_SHAPE_REPRESENTATION ( '', ( #1055, #2468 ), #3029 ) ;
#870 = PLANE ( 'NONE',  #4584 ) ;
#871 = VECTOR ( 'NONE', #3166, 1000.000000000000000 ) ;
#872 = ORIENTED_EDGE ( 'NONE', *, *, #1307, .F. ) ;
#873 = CARTESIAN_POINT ( 'NONE',  ( -139.7916666666666572, 703.0000000000000000, -19.58333333333334991 ) ) ;
#874 = ORIENTED_EDGE ( 'NONE', *, *, #2557, .T. ) ;
#875 = CARTESIAN_POINT ( 'NONE',  ( -24.03508771929831767, 23.00000000000000000, 0.000000000000000000 ) ) ;
#876 = CARTESIAN_POINT ( 'NONE',  ( -114.0350877192983319, 25.00000000000000000, -23.68421052631578760 ) ) ;
#877 = CIRCLE ( 'NONE', #969, 17.50000000000000000 ) ;
#878 = CARTESIAN_POINT ( 'NONE',  ( -29.53508771929832477, 12.49999999999999822, 6.815789473684217725 ) ) ;
#879 = CARTESIAN_POINT ( 'NONE',  ( 0.2998693848654896965, 100.5000000000000000, -0.9824076065533878799 ) ) ;
#880 = ORIENTED_EDGE ( 'NONE', *, *, #1281, .F. ) ;
#881 = PRODUCT_DEFINITION_FORMATION_WITH_SPECIFIED_SOURCE ( 'ANY', '', #1021, .NOT_KNOWN. ) ;
#882 = PLANE ( 'NONE',  #4212 ) ;
#883 = ORIENTED_EDGE ( 'NONE', *, *, #3407, .F. ) ;
#884 = CARTESIAN_POINT ( 'NONE',  ( -29.53508771929832477, 12.49999999999999822, -14.18421052631578583 ) ) ;
#885 = EDGE_CURVE ( 'NONE', #4648, #4092, #552, .T. ) ;
#886 = ORIENTED_EDGE ( 'NONE', *, *, #3041, .F. ) ;
#887 = ORIENTED_EDGE ( 'NONE', *, *, #1971, .T. ) ;
#888 = CARTESIAN_POINT ( 'NONE',  ( -76.23762376237618810, 750.0000000000000000, -21.90594059405938410 ) ) ;
#889 = PLANE ( 'NONE',  #5594 ) ;
#890 = CONTEXT_DEPENDENT_SHAPE_REPRESENTATION ( #164, #5019 ) ;
#891 = LINE ( 'NONE', #2684, #4852 ) ;
#892 = FACE_OUTER_BOUND ( 'NONE', #3788, .T. ) ;
#893 = SHAPE_REPRESENTATION ( 'Bar_2', ( #2468 ), #5425 ) ;
#894 = ORIENTED_EDGE ( 'NONE', *, *, #4030, .F. ) ;
#895 = CARTESIAN_POINT ( 'NONE',  ( -31.18604651162794994, 25.00000000000000000, 5.081395348837213888 ) ) ;
#896 = PRODUCT_RELATED_PRODUCT_CATEGORY ( 'part', '', ( #1584 ) ) ;
#897 = APPLICATION_PROTOCOL_DEFINITION ( 'draft international standard', 'automotive_design', 1998, #1212 ) ;
#898 = FILL_AREA_STYLE_COLOUR ( '', #2814 ) ;
#899 = EDGE_LOOP ( 'NONE', ( #5101, #4149, #5657, #4299 ) ) ;
#900 = CARTESIAN_POINT ( 'NONE',  ( -144.7916666666666572, 20.00000000000000000, -19.58333333333334991 ) ) ;
#901 = ORIENTED_EDGE ( 'NONE', *, *, #5003, .T. ) ;
#902 =( NAMED_UNIT ( * ) SI_UNIT ( $, .STERADIAN. ) SOLID_ANGLE_UNIT ( ) );
#903 = CARTESIAN_POINT ( 'NONE',  ( -93.23762376237620231, 0.000000000000000000, -21.90594059405938410 ) ) ;
#904 = FACE_OUTER_BOUND ( 'NONE', #3558, .T. ) ;
#905 = CARTESIAN_POINT ( 'NONE',  ( 0.9653201337671061255, 119.5000000000000000, -3.045219446345411196 ) ) ;
#906 = EDGE_CURVE ( 'NONE', #4578, #1034, #3827, .T. ) ;
#907 = APPLICATION_CONTEXT ( 'automotive_design' ) ;
#908 = ORIENTED_EDGE ( 'NONE', *, *, #868, .T. ) ;
#909 = AXIS2_PLACEMENT_3D ( 'NONE', #3154, #4927, #258 ) ;
#910 = DIRECTION ( 'NONE',  ( 0.000000000000000000, 5.551115146582092100E-17, 0.9999999999999998890 ) ) ;
#911 = CARTESIAN_POINT ( 'NONE',  ( -56.18604651162795705, 25.00000000000000000, 0.08139534883721132041 ) ) ;
#912 = EDGE_CURVE ( 'NONE', #1391, #659, #5461, .T. ) ;
#913 = CARTESIAN_POINT ( 'NONE',  ( -197.3333333333332860, 0.000000000000000000, -74.99999999999992895 ) ) ;
#914 = CARTESIAN_POINT ( 'NONE',  ( -56.18604651162794994, 3.000000000000000000, 17.58139534883721566 ) ) ;
#915 = PLANE ( 'NONE',  #3023 ) ;
#916 = LINE ( 'NONE', #1308, #4310 ) ;
#917 = FACE_OUTER_BOUND ( 'NONE', #3474, .T. ) ;
#918 = ORIENTED_EDGE ( 'NONE', *, *, #158, .F. ) ;
#919 = SURFACE_SIDE_STYLE ('',( #4948 ) ) ;
#920 = ITEM_DEFINED_TRANSFORMATION ( 'NONE', 'NONE', #330,  #2468 ) ;
#921 = LINE ( 'NONE', #2691, #658 ) ;
#922 = ORIENTED_EDGE ( 'NONE', *, *, #5214, .F. ) ;
#923 = CARTESIAN_POINT ( 'NONE',  ( 34.88085890887090557, 116.5000000000000000, 7.705845625978809288 ) ) ;
#924 = ORIENTED_EDGE ( 'NONE', *, *, #4360, .F. ) ;
#925 = FACE_OUTER_BOUND ( 'NONE', #219, .T. ) ;
#926 = DIRECTION ( 'NONE',  ( 0.000000000000000000, -0.000000000000000000, 1.000000000000000000 ) ) ;
#927 = UNCERTAINTY_MEASURE_WITH_UNIT (LENGTH_MEASURE( 1.000000000000000082E-05 ), #3477, 'distance_accuracy_value', 'NONE');
#928 = AXIS2_PLACEMENT_3D ( 'NONE', #4622, #1646, #726 ) ;
#929 = CARTESIAN_POINT ( 'NONE',  ( -197.3333333333332860, 428.0000000000000000, -54.99999999999992184 ) ) ;
#930 = EDGE_CURVE ( 'NONE', #3671, #4065, #5154, .T. ) ;
#931 = LINE ( 'NONE', #2840, #4038 ) ;
#932 = ORIENTED_EDGE ( 'NONE', *, *, #130, .F. ) ;
#933 = CARTESIAN_POINT ( 'NONE',  ( 746.4142425111382408, 432.0377519195691889, 74.23762376237610283 ) ) ;
#934 = CIRCLE ( 'NONE', #5397, 5.000000000000000000 ) ;
#935 = CARTESIAN_POINT ( 'NONE',  ( 16.64246399531115372, 100.5000000000000000, 38.80266127046505886 ) ) ;
#936 = CARTESIAN_POINT ( 'NONE',  ( -64.03508771929831767, 3.515097569742478239E-15, -14.18421052631578938 ) ) ;
#937 = AXIS2_PLACEMENT_3D ( 'NONE', #1710, #5670, #2701 ) ;
#938 = EDGE_CURVE ( 'NONE', #4352, #986, #3769, .T. ) ;
#939 = DIRECTION ( 'NONE',  ( 0.000000000000000000, 1.000000000000000000, 3.469446951953617147E-16 ) ) ;
#940 = VERTEX_POINT ( 'NONE', #2838 ) ;
#941 = VECTOR ( 'NONE', #394, 1000.000000000000000 ) ;
#942 = DIRECTION ( 'NONE',  ( -0.000000000000000000, -1.000000000000000000, -0.000000000000000000 ) ) ;
#943 = LINE ( 'NONE', #1855, #780 ) ;
#944 = DIRECTION ( 'NONE',  ( 3.697785493223492838E-32, 1.972152263052529514E-31, 0.9999999999999997780 ) ) ;
#945 = VERTEX_POINT ( 'NONE', #5071 ) ;
#946 = FACE_OUTER_BOUND ( 'NONE', #1158, .T. ) ;
#947 = CIRCLE ( 'NONE', #1968, 5.000000000000004441 ) ;
#948 = ORIENTED_EDGE ( 'NONE', *, *, #5066, .F. ) ;
#949 = VECTOR ( 'NONE', #1667, 1000.000000000000000 ) ;
#950 = ORIENTED_EDGE ( 'NONE', *, *, #2843, .T. ) ;
#951 = FILL_AREA_STYLE_COLOUR ( '', #4778 ) ;
#952 = CONTEXT_DEPENDENT_SHAPE_REPRESENTATION ( #2819, #3253 ) ;
#953 = AXIS2_PLACEMENT_3D ( 'NONE', #2762, #1492, #3219 ) ;
#954 = VECTOR ( 'NONE', #629, 1000.000000000000000 ) ;
#955 = ADVANCED_FACE ( 'NONE', ( #205 ), #696, .F. ) ;
#956 = SURFACE_STYLE_USAGE ( .BOTH. , #3676 ) ;
#957 = VERTEX_POINT ( 'NONE', #1110 ) ;
#958 = CARTESIAN_POINT ( 'NONE',  ( -34.18604651162794994, 25.00000000000000000, 5.081395348837215664 ) ) ;
#959 = ORIENTED_EDGE ( 'NONE', *, *, #4109, .F. ) ;
#960 = STYLED_ITEM ( 'NONE', ( #2088 ), #3097 ) ;
#961 = DIRECTION ( 'NONE',  ( -3.469446951953614189E-16, 0.000000000000000000, -1.000000000000000000 ) ) ;
#962 = CARTESIAN_POINT ( 'NONE',  ( -31.18604651162795705, 25.00000000000000000, -4.918604651162789665 ) ) ;
#963 = EDGE_CURVE ( 'NONE', #940, #2888, #2866, .T. ) ;
#964 = CIRCLE ( 'NONE', #3116, 11.78635831963075731 ) ;
#965 = CARTESIAN_POINT ( 'NONE',  ( 0.000000000000000000, 100.5000000000000000, 24.72935779816513957 ) ) ;
#966 = LINE ( 'NONE', #4511, #1336 ) ;
#967 = VERTEX_POINT ( 'NONE', #3710 ) ;
#968 = DIRECTION ( 'NONE',  ( -2.220446049250313574E-16, 1.510411147881875992E-16, 1.000000000000000000 ) ) ;
#969 = AXIS2_PLACEMENT_3D ( 'NONE', #2534, #4320, #4806 ) ;
#970 = CARTESIAN_POINT ( 'NONE',  ( 37.63175721595817436, 119.5000000000000000, 8.577867353333820333 ) ) ;
#971 = DIRECTION ( 'NONE',  ( 0.000000000000000000, 1.000000000000000000, 0.000000000000000000 ) ) ;
#972 = EDGE_LOOP ( 'NONE', ( #4688, #1453 ) ) ;
#973 = CARTESIAN_POINT ( 'NONE',  ( -34.18604651162795705, 3.000000000000000000, -17.41860465116278789 ) ) ;
#974 = AXIS2_PLACEMENT_3D ( 'NONE', #1833, #4912, #1420 ) ;
#975 = CARTESIAN_POINT ( 'NONE',  ( -76.23762376237618810, 750.0000000000000000, 30.09405940594061235 ) ) ;
#976 = ORIENTED_EDGE ( 'NONE', *, *, #4508, .F. ) ;
#977 = DIRECTION ( 'NONE',  ( -1.000000000000000000, 0.000000000000000000, 0.000000000000000000 ) ) ;
#978 = AXIS2_PLACEMENT_3D ( 'NONE', #387, #3451, #2165 ) ;
#979 = ORIENTED_EDGE ( 'NONE', *, *, #2430, .T. ) ;
#980 = VERTEX_POINT ( 'NONE', #1549 ) ;
#981 = DIRECTION ( 'NONE',  ( -1.000000000000000000, 0.000000000000000000, 0.000000000000000000 ) ) ;
#982 = EDGE_CURVE ( 'NONE', #4210, #1579, #5518, .T. ) ;
#983 = DIRECTION ( 'NONE',  ( 1.000000000000000000, -0.000000000000000000, -0.000000000000000000 ) ) ;
#984 = EDGE_CURVE ( 'NONE', #5212, #2349, #666, .T. ) ;
#985 = CARTESIAN_POINT ( 'NONE',  ( -59.18604651162796415, 0.000000000000000000, -17.41860465116278789 ) ) ;
#986 = VERTEX_POINT ( 'NONE', #4663 ) ;
#987 = CARTESIAN_POINT ( 'NONE',  ( -237.3333333333332860, 0.000000000000000000, -74.99999999999992895 ) ) ;
#988 = ORIENTED_EDGE ( 'NONE', *, *, #4130, .T. ) ;
#989 = CARTESIAN_POINT ( 'NONE',  ( -237.3333333333332860, 370.0000000000000000, -54.99999999999992184 ) ) ;
#990 = EDGE_CURVE ( 'NONE', #2602, #1856, #2455, .T. ) ;
#991 = LINE ( 'NONE', #4993, #5453 ) ;
#992 = UNCERTAINTY_MEASURE_WITH_UNIT (LENGTH_MEASURE( 1.000000000000000082E-05 ), #424, 'distance_accuracy_value', 'NONE');
#993 = ADVANCED_FACE ( 'NONE', ( #2422 ), #4209, .F. ) ;
#994 = DIRECTION ( 'NONE',  ( -3.229980028825710504E-16, 0.000000000000000000, -1.000000000000000000 ) ) ;
#995 = CARTESIAN_POINT ( 'NONE',  ( 0.000000000000000000, 3.000000000000000000, 15.08139534883721566 ) ) ;
#996 = ORIENTED_EDGE ( 'NONE', *, *, #2626, .F. ) ;
#997 = EDGE_LOOP ( 'NONE', ( #2795, #894, #2284, #237 ) ) ;
#998 = FACE_BOUND ( 'NONE', #2566, .T. ) ;
#999 = CARTESIAN_POINT ( 'NONE',  ( -48.64705882352942012, 260.0000000000000000, 12.61764705882352899 ) ) ;
#1000 = ADVANCED_FACE ( 'NONE', ( #4265 ), #610, .F. ) ;
#1001 = PLANE ( 'NONE',  #2616 ) ;
#1002 = EDGE_LOOP ( 'NONE', ( #4754, #2273 ) ) ;
#1003 = CYLINDRICAL_SURFACE ( 'NONE', #665, 5.000000000000001776 ) ;
#1004 = EDGE_LOOP ( 'NONE', ( #3311, #850, #1587, #1891 ) ) ;
#1005 = CARTESIAN_POINT ( 'NONE',  ( -31.18604651162795349, 25.00000000000000000, 0.08139534883721254166 ) ) ;
#1006 = ORIENTED_EDGE ( 'NONE', *, *, #3759, .F. ) ;
#1007 = ORIENTED_EDGE ( 'NONE', *, *, #3956, .T. ) ;
#1008 = DIRECTION ( 'NONE',  ( 1.000000000000000000, -0.000000000000000000, -0.000000000000000000 ) ) ;
#1009 = EDGE_CURVE ( 'NONE', #3350, #3270, #1484, .T. ) ;
#1010 = EDGE_CURVE ( 'NONE', #4004, #1579, #4179, .T. ) ;
#1011 = SURFACE_STYLE_USAGE ( .BOTH. , #544 ) ;
#1012 = ORIENTED_EDGE ( 'NONE', *, *, #2564, .T. ) ;
#1013 = LINE ( 'NONE', #546, #492 ) ;
#1014 = ORIENTED_EDGE ( 'NONE', *, *, #1429, .F. ) ;
#1015 = EDGE_CURVE ( 'NONE', #2324, #517, #2237, .T. ) ;
#1016 = PRODUCT_DEFINITION_SHAPE ( 'NONE', 'NONE',  #5749 ) ;
#1017 =( REPRESENTATION_RELATIONSHIP ('NONE','NONE', #4122, #3505 ) REPRESENTATION_RELATIONSHIP_WITH_TRANSFORMATION ( #1398 )SHAPE_REPRESENTATION_RELATIONSHIP( ) );
#1018 = CYLINDRICAL_SURFACE ( 'NONE', #3808, 5.000000000000004441 ) ;
#1019 = DIRECTION ( 'NONE',  ( -0.000000000000000000, -1.000000000000000000, -0.000000000000000000 ) ) ;
#1020 = CARTESIAN_POINT ( 'NONE',  ( 30.57150851985710815, 100.5000000000000000, 26.07524616010108431 ) ) ;
#1021 = PRODUCT ( 'Bar_5', 'Bar_5', '', ( #5652 ) ) ;
#1022 = ORIENTED_EDGE ( 'NONE', *, *, #4114, .T. ) ;
#1023 = CARTESIAN_POINT ( 'NONE',  ( -40.16883116883118277, 217.0000000000000000, -6.876623376623382633 ) ) ;
#1024 = CARTESIAN_POINT ( 'NONE',  ( -36.05504587155962781, 217.0000000000000000, -5.270642201834860430 ) ) ;
#1025 = CIRCLE ( 'NONE', #4482, 4.999999999999995559 ) ;
#1026 = CARTESIAN_POINT ( 'NONE',  ( 0.000000000000000000, 260.0000000000000000, 0.000000000000000000 ) ) ;
#1027 = CARTESIAN_POINT ( 'NONE',  ( -31.18604651162795349, 25.00000000000000000, 0.08139534883721254166 ) ) ;
#1028 = VECTOR ( 'NONE', #1989, 1000.000000000000000 ) ;
#1029 = DIRECTION ( 'NONE',  ( -1.000000000000000000, -2.775557561562891351E-16, -1.448299318179201361E-30 ) ) ;
#1030 = CARTESIAN_POINT ( 'NONE',  ( -31.18604651162795349, 25.00000000000000000, 0.08139534883721254166 ) ) ;
#1031 = AXIS2_PLACEMENT_3D ( 'NONE', #914, #853, #4883 ) ;
#1032 = EDGE_LOOP ( 'NONE', ( #235, #5178 ) ) ;
#1033 = VECTOR ( 'NONE', #3782, 1000.000000000000000 ) ;
#1034 = VERTEX_POINT ( 'NONE', #2036 ) ;
#1035 = SURFACE_SIDE_STYLE ('',( #1475 ) ) ;
#1036 = CIRCLE ( 'NONE', #4590, 17.50000000000000000 ) ;
#1037 = MECHANICAL_DESIGN_GEOMETRIC_PRESENTATION_REPRESENTATION (  '', ( #2068 ), #5042 ) ;
#1038 = VECTOR ( 'NONE', #4296, 1000.000000000000114 ) ;
#1039 = DIRECTION ( 'NONE',  ( 0.000000000000000000, 0.000000000000000000, -1.000000000000000000 ) ) ;
#1040 = ORIENTED_EDGE ( 'NONE', *, *, #4477, .F. ) ;
#1041 = DIRECTION ( 'NONE',  ( -1.000000000000000000, 0.000000000000000000, -0.000000000000000000 ) ) ;
#1042 = ORIENTED_EDGE ( 'NONE', *, *, #1851, .T. ) ;
#1043 = VECTOR ( 'NONE', #86, 1000.000000000000000 ) ;
#1044 = EDGE_CURVE ( 'NONE', #1195, #3350, #2951, .T. ) ;
#1045 = DIRECTION ( 'NONE',  ( 0.000000000000000000, 0.000000000000000000, -1.000000000000000000 ) ) ;
#1046 = UNCERTAINTY_MEASURE_WITH_UNIT (LENGTH_MEASURE( 1.000000000000000082E-05 ), #5110, 'distance_accuracy_value', 'NONE');
#1047 = CARTESIAN_POINT ( 'NONE',  ( -59.18604651162796415, 25.00000000000000000, 5.081395348837212111 ) ) ;
#1048 = VECTOR ( 'NONE', #2775, 1000.000000000000000 ) ;
#1049 = ORIENTED_EDGE ( 'NONE', *, *, #3415, .T. ) ;
#1050 = CARTESIAN_POINT ( 'NONE',  ( -129.7916666666666288, 723.0000000000000000, -19.58333333333334991 ) ) ;
#1051 = VERTEX_POINT ( 'NONE', #2511 ) ;
#1052 = CARTESIAN_POINT ( 'NONE',  ( -56.18604651162795705, 25.00000000000000000, 0.08139534883721132041 ) ) ;
#1053 = FACE_OUTER_BOUND ( 'NONE', #3973, .T. ) ;
#1054 = VECTOR ( 'NONE', #248, 1000.000000000000000 ) ;
#1055 = MANIFOLD_SOLID_BREP ( 'Boss-Extrude7', #2425 ) ;
#1056 = DIRECTION ( 'NONE',  ( -1.000000000000000000, -0.000000000000000000, -0.000000000000000000 ) ) ;
#1057 = CARTESIAN_POINT ( 'NONE',  ( -59.18604651162796415, 25.00000000000000000, -17.41860465116279144 ) ) ;
#1058 = AXIS2_PLACEMENT_3D ( 'NONE', #5647, #3850, #1163 ) ;
#1059 = SHAPE_REPRESENTATION ( 'L1R', ( #4884, #421, #978, #2286, #2849 ), #1357 ) ;
#1060 = CARTESIAN_POINT ( 'NONE',  ( -159.7916666666666288, 0.000000000000000000, -19.58333333333334991 ) ) ;
#1061 = EDGE_CURVE ( 'NONE', #2106, #1792, #1695, .T. ) ;
#1062 = ORIENTED_EDGE ( 'NONE', *, *, #2988, .F. ) ;
#1063 = EDGE_CURVE ( 'NONE', #2839, #3817, #2808, .T. ) ;
#1064 = AXIS2_PLACEMENT_3D ( 'NONE', #2047, #3838, #5585 ) ;
#1065 = EDGE_LOOP ( 'NONE', ( #5625, #5615, #3409, #4750 ) ) ;
#1066 = FACE_OUTER_BOUND ( 'NONE', #143, .T. ) ;
#1067 = ITEM_DEFINED_TRANSFORMATION ( 'NONE', 'NONE', #1822,  #2468 ) ;
#1068 = AXIS2_PLACEMENT_3D ( 'NONE', #3599, #89, #1411 ) ;
#1069 = PRODUCT ( 'Bar_1', 'Bar_1', '', ( #3322 ) ) ;
#1070 = PRODUCT_DEFINITION ( 'UNKNOWN', '', #3498, #1574 ) ;
#1071 = DIRECTION ( 'NONE',  ( 0.000000000000000000, 0.000000000000000000, -1.000000000000000000 ) ) ;
#1072 = ORIENTED_EDGE ( 'NONE', *, *, #1693, .T. ) ;
#1073 = DIRECTION ( 'NONE',  ( 0.000000000000000000, -1.000000000000000000, 0.000000000000000000 ) ) ;
#1074 = EDGE_LOOP ( 'NONE', ( #2459, #4726, #3321, #1303 ) ) ;
#1075 = DIRECTION ( 'NONE',  ( -3.527766177344502528E-16, 1.000000000000000000, 5.951600106570075279E-17 ) ) ;
#1076 = CARTESIAN_POINT ( 'NONE',  ( -31.18604651162796060, 50.00000000000000000, -14.91860465116278789 ) ) ;
#1077 = ADVANCED_BREP_SHAPE_REPRESENTATION ( '', ( #1149, #2468 ), #3584 ) ;
#1078 = CARTESIAN_POINT ( 'NONE',  ( -144.7916666666666856, 703.0000000000000000, -24.58333333333334991 ) ) ;
#1079 = SHAPE_REPRESENTATION ( 'TopLR', ( #2468 ), #1263 ) ;
#1080 = VERTEX_POINT ( 'NONE', #323 ) ;
#1081 = CARTESIAN_POINT ( 'NONE',  ( -56.18604651162795705, 3.000000000000000000, -17.41860465116278789 ) ) ;
#1082 = VERTEX_POINT ( 'NONE', #1665 ) ;
#1083 = CARTESIAN_POINT ( 'NONE',  ( -64.03508771929831767, 2.000000000000000000, 0.000000000000000000 ) ) ;
#1084 = ADVANCED_FACE ( 'NONE', ( #3471 ), #2181, .F. ) ;
#1085 = CARTESIAN_POINT ( 'NONE',  ( -379.0350877192983603, 16.64322946534103664, 11.44525479618220842 ) ) ;
#1086 = DIRECTION ( 'NONE',  ( -1.000000000000000000, 0.000000000000000000, -0.000000000000000000 ) ) ;
#1087 = MANIFOLD_SOLID_BREP ( 'Boss-Extrude1', #1869 ) ;
#1088 = EDGE_CURVE ( 'NONE', #5596, #4855, #3094, .T. ) ;
#1089 = FACE_OUTER_BOUND ( 'NONE', #1284, .T. ) ;
#1090 = CARTESIAN_POINT ( 'NONE',  ( -10.41550411477438054, 119.5000000000000000, 32.85697103408162434 ) ) ;
#1091 = CARTESIAN_POINT ( 'NONE',  ( -2.382352941176724137, -35.30374367340943564, 259.9999999999998863 ) ) ;
#1092 = DIRECTION ( 'NONE',  ( 6.938893903907226405E-16, 0.000000000000000000, 1.000000000000000000 ) ) ;
#1093 = EDGE_CURVE ( 'NONE', #2982, #1473, #2127, .T. ) ;
#1094 = ORIENTED_EDGE ( 'NONE', *, *, #5603, .T. ) ;
#1095 = EDGE_LOOP ( 'NONE', ( #2218, #3375, #2743, #4744 ) ) ;
#1096 = ORIENTED_EDGE ( 'NONE', *, *, #1645, .T. ) ;
#1097 = PLANE ( 'NONE',  #1343 ) ;
#1098 =( REPRESENTATION_RELATIONSHIP ('NONE','NONE', #4122, #4495 ) REPRESENTATION_RELATIONSHIP_WITH_TRANSFORMATION ( #3786 )SHAPE_REPRESENTATION_RELATIONSHIP( ) );
#1099 = VECTOR ( 'NONE', #29, 1000.000000000000000 ) ;
#1100 = CONTEXT_DEPENDENT_SHAPE_REPRESENTATION ( #5439, #5067 ) ;
#1101 = CARTESIAN_POINT ( 'NONE',  ( -40.04819277108434505, 260.0000000000000000, -5.367469879518071529 ) ) ;
#1102 = DIRECTION ( 'NONE',  ( -1.000000000000000000, 0.000000000000000000, 1.614990014412855252E-16 ) ) ;
#1103 = VERTEX_POINT ( 'NONE', #3917 ) ;
#1104 = LINE ( 'NONE', #4656, #954 ) ;
#1105 = VERTEX_POINT ( 'NONE', #5656 ) ;
#1106 = APPLICATION_PROTOCOL_DEFINITION ( 'draft international standard', 'automotive_design', 1998, #2932 ) ;
#1107 = CARTESIAN_POINT ( 'NONE',  ( -40.16883116883118277, 217.0000000000000000, -6.876623376623382633 ) ) ;
#1108 = UNCERTAINTY_MEASURE_WITH_UNIT (LENGTH_MEASURE( 1.000000000000000082E-05 ), #2494, 'distance_accuracy_value', 'NONE');
#1109 = EDGE_CURVE ( 'NONE', #1141, #2971, #5262, .T. ) ;
#1110 = CARTESIAN_POINT ( 'NONE',  ( -64.03508771929831767, 23.00000000000000000, 6.815789473684216837 ) ) ;
#1111 = ORIENTED_EDGE ( 'NONE', *, *, #2669, .T. ) ;
#1112 = CARTESIAN_POINT ( 'NONE',  ( -93.23762376237620231, 100.0000000000000000, -21.90594059405938410 ) ) ;
#1113 = ORIENTED_EDGE ( 'NONE', *, *, #3897, .T. ) ;
#1114 = CARTESIAN_POINT ( 'NONE',  ( -34.18604651162794994, 25.00000000000000000, 0.08139534883721373515 ) ) ;
#1115 = ADVANCED_FACE ( 'NONE', ( #4866 ), #870, .F. ) ;
#1116 = LINE ( 'NONE', #5498, #562 ) ;
#1117 = DIRECTION ( 'NONE',  ( 1.000000000000000000, 0.000000000000000000, 0.000000000000000000 ) ) ;
#1118 = AXIS2_PLACEMENT_3D ( 'NONE', #2614, #3906, #4397 ) ;
#1119 = PRODUCT_DEFINITION_SHAPE ( 'NONE', 'NONE',  #5714 ) ;
#1121 = EDGE_CURVE ( 'NONE', #827, #4004, #1640, .T. ) ;
#1120 = CARTESIAN_POINT ( 'NONE',  ( -237.3333333333332860, 428.0000000000000000, -74.99999999999992895 ) ) ;
#1122 = EDGE_CURVE ( 'NONE', #1930, #141, #921, .T. ) ;
#1123 = CARTESIAN_POINT ( 'NONE',  ( -34.53508771929832477, 12.49999999999999822, -14.18421052631578583 ) ) ;
#1124 = AXIS2_PLACEMENT_3D ( 'NONE', #2873, #2400, #1582 ) ;
#1125 = VERTEX_POINT ( 'NONE', #985 ) ;
#1126 =( NAMED_UNIT ( * ) SI_UNIT ( $, .STERADIAN. ) SOLID_ANGLE_UNIT ( ) );
#1127 = ITEM_DEFINED_TRANSFORMATION ( 'NONE', 'NONE', #4064,  #2468 ) ;
#1128 = CARTESIAN_POINT ( 'NONE',  ( -101.2376237623761881, 53.00000000000004974, -0.9059405940593530104 ) ) ;
#1129 = VECTOR ( 'NONE', #5004, 1000.000000000000000 ) ;
#1130 = CARTESIAN_POINT ( 'NONE',  ( 0.2998693848654896965, 116.5000000000000000, -0.9824076065533878799 ) ) ;
#1131 = CARTESIAN_POINT ( 'NONE',  ( -379.0350877192983603, 12.50000000000000000, -13.19848407423233994 ) ) ;
#1132 = COLOUR_RGB ( '',0.7921568627450980005, 0.8196078431372548767, 0.9333333333333333481 ) ;
#1133 = ORIENTED_EDGE ( 'NONE', *, *, #5624, .F. ) ;
#1134 = DIRECTION ( 'NONE',  ( -0.000000000000000000, -0.000000000000000000, -1.000000000000000000 ) ) ;
#1135 = ORIENTED_EDGE ( 'NONE', *, *, #3393, .T. ) ;
#1136 = DIRECTION ( 'NONE',  ( 8.519831575321453079E-16, 2.761328415665775663E-16, -0.9999999999999997780 ) ) ;
#1137 =( GEOMETRIC_REPRESENTATION_CONTEXT ( 3 ) GLOBAL_UNCERTAINTY_ASSIGNED_CONTEXT ( ( #4724 ) ) GLOBAL_UNIT_ASSIGNED_CONTEXT ( ( #1527, #2370, #2398 ) ) REPRESENTATION_CONTEXT ( 'NONE', 'WORKASPACE' ) );
#1138 = PLANE ( 'NONE',  #3618 ) ;
#1139 = AXIS2_PLACEMENT_3D ( 'NONE', #4164, #182, #2344 ) ;
#1140 = DIRECTION ( 'NONE',  ( 0.000000000000000000, -1.000000000000000000, 0.000000000000000000 ) ) ;
#1141 = VERTEX_POINT ( 'NONE', #4034 ) ;
#1142 = DIRECTION ( 'NONE',  ( 3.767964143663676271E-16, 0.000000000000000000, 1.000000000000000000 ) ) ;
#1143 = ORIENTED_EDGE ( 'NONE', *, *, #1276, .T. ) ;
#1144 = DIRECTION ( 'NONE',  ( -1.000000000000000000, 0.000000000000000000, 1.614990014412855252E-16 ) ) ;
#1145 = VECTOR ( 'NONE', #326, 1000.000000000000000 ) ;
#1146 = LINE ( 'NONE', #3388, #3869 ) ;
#1147 = CIRCLE ( 'NONE', #5584, 5.000000000000000000 ) ;
#1148 = EDGE_CURVE ( 'NONE', #19, #1898, #3614, .T. ) ;
#1149 = MANIFOLD_SOLID_BREP ( 'Boss-Extrude1', #1488 ) ;
#1150 = AXIS2_PLACEMENT_3D ( 'NONE', #3376, #1480, #1513 ) ;
#1151 = DIRECTION ( 'NONE',  ( 0.000000000000000000, -0.000000000000000000, 1.000000000000000000 ) ) ;
#1152 = CARTESIAN_POINT ( 'NONE',  ( -53.86378737541529205, 3.652823920265783286, -6.629703349613010666 ) ) ;
#1153 = CARTESIAN_POINT ( 'NONE',  ( -329.3887083342106052, -510.1939849080606564, 473.4390462724510371 ) ) ;
#1154 = VECTOR ( 'NONE', #309, 1000.000000000000114 ) ;
#1155 = CARTESIAN_POINT ( 'NONE',  ( -450.8637873754153134, 3.652823920265784619, 14.49999999999999822 ) ) ;
#1156 = CARTESIAN_POINT ( 'NONE',  ( 25.66321657133565992, 119.5000000000000000, 44.29375452128105195 ) ) ;
#1157 = CIRCLE ( 'NONE', #3206, 17.50000000000000000 ) ;
#1158 = EDGE_LOOP ( 'NONE', ( #4233, #3298, #4315, #4811 ) ) ;
#1159 = SURFACE_STYLE_USAGE ( .BOTH. , #1590 ) ;
#1160 = CONTEXT_DEPENDENT_SHAPE_REPRESENTATION ( #1400, #4926 ) ;
#1162 = AXIS2_PLACEMENT_3D ( 'NONE', #314, #3406, #2444 ) ;
#1161 = DIRECTION ( 'NONE',  ( 1.000000000000000000, -0.000000000000000000, -1.982541115402065110E-16 ) ) ;
#1163 = DIRECTION ( 'NONE',  ( 0.000000000000000000, 0.000000000000000000, -1.000000000000000000 ) ) ;
#1164 = EDGE_CURVE ( 'NONE', #5403, #4092, #8, .T. ) ;
#1165 = DIRECTION ( 'NONE',  ( 1.000000000000000000, 0.000000000000000000, 0.000000000000000000 ) ) ;
#1166 = VERTEX_POINT ( 'NONE', #1457 ) ;
#1167 = FACE_OUTER_BOUND ( 'NONE', #3531, .T. ) ;
#1168 = ORIENTED_EDGE ( 'NONE', *, *, #2307, .F. ) ;
#1169 = PRODUCT_DEFINITION_FORMATION_WITH_SPECIFIED_SOURCE ( 'ANY', '', #2105, .NOT_KNOWN. ) ;
#1170 = DIRECTION ( 'NONE',  ( 0.000000000000000000, -5.551115145574868333E-17, -1.000000000000000000 ) ) ;
#1171 = MANIFOLD_SOLID_BREP ( 'Cut-Extrude3', #2048 ) ;
#1172 = CARTESIAN_POINT ( 'NONE',  ( -159.7916666666666288, 723.0000000000000000, 0.4166666666666519747 ) ) ;
#1173 = ADVANCED_FACE ( 'NONE', ( #2716 ), #1814, .T. ) ;
#1174 = CARTESIAN_POINT ( 'NONE',  ( -101.2376237623761881, 750.0000000000000000, 30.09405940594061235 ) ) ;
#1175 = EDGE_LOOP ( 'NONE', ( #159, #5017, #1133, #5156 ) ) ;
#1176 = FACE_OUTER_BOUND ( 'NONE', #835, .T. ) ;
#1177 = PRODUCT_DEFINITION_SHAPE ( 'NONE', 'NONE',  #2723 ) ;
#1178 = EDGE_LOOP ( 'NONE', ( #4785, #2871 ) ) ;
#1179 = PLANE ( 'NONE',  #1988 ) ;
#1180 = FACE_OUTER_BOUND ( 'NONE', #636, .T. ) ;
#1181 = CARTESIAN_POINT ( 'NONE',  ( -18.64705882352942368, 260.0000000000000000, -2.382352941176471450 ) ) ;
#1182 = CARTESIAN_POINT ( 'NONE',  ( -354.3555057564577169, -485.5614547875787252, 388.6250927840789586 ) ) ;
#1183 = DIRECTION ( 'NONE',  ( -0.000000000000000000, -0.000000000000000000, 1.000000000000000000 ) ) ;
#1184 = ADVANCED_FACE ( 'NONE', ( #4921 ), #5348, .F. ) ;
#1185 = DIRECTION ( 'NONE',  ( 1.000000000000000000, 0.000000000000000000, 0.000000000000000000 ) ) ;
#1186 = EDGE_CURVE ( 'NONE', #1410, #587, #847, .T. ) ;
#1187 = MANIFOLD_SOLID_BREP ( 'Boss-Extrude10', #3543 ) ;
#1188 = ORIENTED_EDGE ( 'NONE', *, *, #4058, .F. ) ;
#1189 = SURFACE_SIDE_STYLE ('',( #5276 ) ) ;
#1190 = LINE ( 'NONE', #5593, #4571 ) ;
#1191 = CARTESIAN_POINT ( 'NONE',  ( -114.0350877192983177, 0.000000000000000000, 11.44525479618211783 ) ) ;
#1192 = ORIENTED_EDGE ( 'NONE', *, *, #2100, .T. ) ;
#1193 = ORIENTED_EDGE ( 'NONE', *, *, #591, .T. ) ;
#1194 = DIRECTION ( 'NONE',  ( 1.000000000000000000, -0.000000000000000000, -1.982541115402065110E-16 ) ) ;
#1195 = VERTEX_POINT ( 'NONE', #1865 ) ;
#1196 = APPLICATION_PROTOCOL_DEFINITION ( 'draft international standard', 'automotive_design', 1998, #907 ) ;
#1197 = ADVANCED_FACE ( 'NONE', ( #2859 ), #5032, .F. ) ;
#1198 = AXIS2_PLACEMENT_3D ( 'NONE', #5379, #3621, #1406 ) ;
#1199 = DIRECTION ( 'NONE',  ( -1.000000000000000000, -0.000000000000000000, -0.000000000000000000 ) ) ;
#1200 = EDGE_CURVE ( 'NONE', #5127, #2202, #3374, .T. ) ;
#1201 = EDGE_LOOP ( 'NONE', ( #74, #4345, #3511, #4572 ) ) ;
#1202 = CARTESIAN_POINT ( 'NONE',  ( -31.36378737541529205, -6.847176079734221155, 10.00000000000000000 ) ) ;
#1203 = ORIENTED_EDGE ( 'NONE', *, *, #3456, .F. ) ;
#1204 = DIRECTION ( 'NONE',  ( 0.000000000000000000, -0.000000000000000000, 1.000000000000000000 ) ) ;
#1205 = ORIENTED_EDGE ( 'NONE', *, *, #3900, .F. ) ;
#1206 = DIRECTION ( 'NONE',  ( -0.000000000000000000, -1.000000000000000000, -0.000000000000000000 ) ) ;
#1207 = CARTESIAN_POINT ( 'NONE',  ( -144.7916666666666572, 361.5000000000000000, 0.4166666666666519747 ) ) ;
#1208 = DIRECTION ( 'NONE',  ( -0.000000000000000000, -1.000000000000000000, -0.000000000000000000 ) ) ;
#1209 = CARTESIAN_POINT ( 'NONE',  ( 53.06003470678885492, 116.5000000000000000, 19.58649369804110307 ) ) ;
#1210 = DIRECTION ( 'NONE',  ( 0.9999999999999998890, 2.185888876940041013E-33, -8.125883621358625511E-29 ) ) ;
#1211 = DIRECTION ( 'NONE',  ( 0.000000000000000000, 0.000000000000000000, 1.000000000000000000 ) ) ;
#1212 = APPLICATION_CONTEXT ( 'automotive_design' ) ;
#1213 = EDGE_LOOP ( 'NONE', ( #2312, #5530, #1446, #1664, #4099, #2073 ) ) ;
#1214 = PLANE ( 'NONE',  #3170 ) ;
#1215 = ADVANCED_FACE ( 'NONE', ( #5455 ), #4629, .F. ) ;
#1216 = ORIENTED_EDGE ( 'NONE', *, *, #3054, .T. ) ;
#1217 = LINE ( 'NONE', #5675, #216 ) ;
#1218 = VECTOR ( 'NONE', #5194, 1000.000000000000000 ) ;
#1219 = CARTESIAN_POINT ( 'NONE',  ( -50.86378737541529205, 0.000000000000000000, 0.000000000000000000 ) ) ;
#1220 = EDGE_CURVE ( 'NONE', #2007, #2867, #4199, .T. ) ;
#1221 = AXIS2_PLACEMENT_3D ( 'NONE', #592, #66, #3602 ) ;
#1222 = PRODUCT ( 'Top1_3', 'Top1_3', '', ( #2124 ) ) ;
#1223 = PLANE ( 'NONE',  #3674 ) ;
#1224 = ORIENTED_EDGE ( 'NONE', *, *, #1854, .F. ) ;
#1225 = CARTESIAN_POINT ( 'NONE',  ( 30.57150851985710815, 100.5000000000000000, 7.207141412715750484 ) ) ;
#1226 = ORIENTED_EDGE ( 'NONE', *, *, #2668, .F. ) ;
#1227 = VECTOR ( 'NONE', #3799, 1000.000000000000000 ) ;
#1228 = DIRECTION ( 'NONE',  ( 0.9999999999999998890, -2.138038778500073878E-16, 5.551115123125782702E-16 ) ) ;
#1229 = VECTOR ( 'NONE', #2498, 1000.000000000000000 ) ;
#1230 = CARTESIAN_POINT ( 'NONE',  ( -159.7916666666666288, 723.0000000000000000, -19.58333333333334991 ) ) ;
#1231 = VERTEX_POINT ( 'NONE', #1567 ) ;
#1232 = DIRECTION ( 'NONE',  ( 0.000000000000000000, 0.000000000000000000, -1.000000000000000000 ) ) ;
#1233 = ORIENTED_EDGE ( 'NONE', *, *, #4797, .T. ) ;
#1234 = CARTESIAN_POINT ( 'NONE',  ( 24.08775105641043979, 100.5000000000000000, 43.79433941888564874 ) ) ;
#1235 = VECTOR ( 'NONE', #2379, 1000.000000000000000 ) ;
#1236 = ORIENTED_EDGE ( 'NONE', *, *, #5501, .T. ) ;
#1237 = LINE ( 'NONE', #4839, #4146 ) ;
#1238 = ADVANCED_FACE ( 'NONE', ( #603 ), #1973, .T. ) ;
#1239 = VECTOR ( 'NONE', #2522, 1000.000000000000000 ) ;
#1240 =( NAMED_UNIT ( * ) PLANE_ANGLE_UNIT ( ) SI_UNIT ( $, .RADIAN. ) );
#1241 = CARTESIAN_POINT ( 'NONE',  ( 30.57150851985710815, 116.5000000000000000, 7.207141412715750484 ) ) ;
#1242 = DIRECTION ( 'NONE',  ( -3.965082230804130713E-16, 0.000000000000000000, -1.000000000000000000 ) ) ;
#1243 = VECTOR ( 'NONE', #2311, 1000.000000000000000 ) ;
#1244 = DIRECTION ( 'NONE',  ( 0.000000000000000000, 0.000000000000000000, 1.000000000000000000 ) ) ;
#1245 = CIRCLE ( 'NONE', #953, 5.000000000000000888 ) ;
#1246 = DIRECTION ( 'NONE',  ( 0.9999999999999997780, 2.185888876940040671E-33, -8.125267323776421596E-29 ) ) ;
#1247 = DIRECTION ( 'NONE',  ( -1.000000000000000000, 0.000000000000000000, 0.000000000000000000 ) ) ;
#1248 = VECTOR ( 'NONE', #2719, 1000.000000000000000 ) ;
#1249 = ORIENTED_EDGE ( 'NONE', *, *, #4304, .F. ) ;
#1250 = CARTESIAN_POINT ( 'NONE',  ( -47.47368421052630794, 0.000000000000000000, 12.81578947368421773 ) ) ;
#1251 = STYLED_ITEM ( 'NONE', ( #4649 ), #3057 ) ;
#1252 = PLANE ( 'NONE',  #4421 ) ;
#1253 = ADVANCED_FACE ( 'NONE', ( #5091 ), #5538, .T. ) ;
#1254 = CARTESIAN_POINT ( 'NONE',  ( -237.3333333333332860, 370.0000000000000000, -74.99999999999992895 ) ) ;
#1255 = EDGE_CURVE ( 'NONE', #4333, #3649, #3842, .T. ) ;
#1256 = VECTOR ( 'NONE', #2186, 1000.000000000000000 ) ;
#1257 = DIRECTION ( 'NONE',  ( 0.000000000000000000, 1.000000000000000000, 0.000000000000000000 ) ) ;
#1258 = ORIENTED_EDGE ( 'NONE', *, *, #30, .T. ) ;
#1259 = CYLINDRICAL_SURFACE ( 'NONE', #4139, 5.000000000000000000 ) ;
#1260 = ORIENTED_EDGE ( 'NONE', *, *, #2372, .F. ) ;
#1261 = AXIS2_PLACEMENT_3D ( 'NONE', #2146, #1367, #4892 ) ;
#1262 = ITEM_DEFINED_TRANSFORMATION ( 'NONE', 'NONE', #1068,  #2468 ) ;
#1263 =( GEOMETRIC_REPRESENTATION_CONTEXT ( 3 ) GLOBAL_UNCERTAINTY_ASSIGNED_CONTEXT ( ( #3381 ) ) GLOBAL_UNIT_ASSIGNED_CONTEXT ( ( #3775, #672, #241 ) ) REPRESENTATION_CONTEXT ( 'NONE', 'WORKASPACE' ) );
#1264 = PRODUCT_RELATED_PRODUCT_CATEGORY ( 'part', '', ( #4298 ) ) ;
#1265 = VERTEX_POINT ( 'NONE', #3760 ) ;
#1266 = CARTESIAN_POINT ( 'NONE',  ( -144.7916666666666856, 703.0000000000000000, 0.4166666666666519747 ) ) ;
#1267 = EDGE_LOOP ( 'NONE', ( #4451, #1006, #4790, #1953 ) ) ;
#1268 = CARTESIAN_POINT ( 'NONE',  ( -139.7916666666666856, 20.00000000000000000, 0.4166666666666519747 ) ) ;
#1269 = DIRECTION ( 'NONE',  ( -0.000000000000000000, -2.478176394252582127E-16, 1.000000000000000000 ) ) ;
#1270 = PRODUCT_DEFINITION_FORMATION_WITH_SPECIFIED_SOURCE ( 'ANY', '', #1683, .NOT_KNOWN. ) ;
#1271 = CARTESIAN_POINT ( 'NONE',  ( 0.000000000000000000, 0.000000000000000000, 10.00000000000000000 ) ) ;
#1272 = DIRECTION ( 'NONE',  ( 1.000000000000000000, 0.000000000000000000, -0.000000000000000000 ) ) ;
#1273 = EDGE_CURVE ( 'NONE', #648, #103, #1596, .T. ) ;
#1274 = CARTESIAN_POINT ( 'NONE',  ( -209.6452344386283073, -605.5614547875786684, 213.0223796057843515 ) ) ;
#1275 = DIRECTION ( 'NONE',  ( -0.000000000000000000, -0.000000000000000000, -1.000000000000000000 ) ) ;
#1276 = EDGE_CURVE ( 'NONE', #2569, #4372, #165, .T. ) ;
#1277 = ORIENTED_EDGE ( 'NONE', *, *, #4844, .F. ) ;
#1278 = CARTESIAN_POINT ( 'NONE',  ( -27.75347876921394175, 100.5000000000000000, 24.72935779816513957 ) ) ;
#1279 = CARTESIAN_POINT ( 'NONE',  ( -40.04819277108434505, 0.000000000000000000, -5.367469879518071529 ) ) ;
#1280 = CARTESIAN_POINT ( 'NONE',  ( 0.9653201337671061255, 119.5000000000000000, -3.045219446345411196 ) ) ;
#1281 = EDGE_CURVE ( 'NONE', #517, #4955, #5482, .T. ) ;
#1282 = CONTEXT_DEPENDENT_SHAPE_REPRESENTATION ( #3367, #5428 ) ;
#1283 = DIRECTION ( 'NONE',  ( -0.000000000000000000, -1.000000000000000000, -0.000000000000000000 ) ) ;
#1284 = EDGE_LOOP ( 'NONE', ( #5338, #2011, #3327, #766 ) ) ;
#1285 = CARTESIAN_POINT ( 'NONE',  ( -10.41550411477438054, 100.5000000000000000, 32.85697103408162434 ) ) ;
#1286 = ORIENTED_EDGE ( 'NONE', *, *, #2714, .F. ) ;
#1287 = CARTESIAN_POINT ( 'NONE',  ( 0.000000000000000000, -6.847176079734221155, 10.00000000000000000 ) ) ;
#1288 = ORIENTED_EDGE ( 'NONE', *, *, #1547, .F. ) ;
#1289 = APPLICATION_PROTOCOL_DEFINITION ( 'draft international standard', 'automotive_design', 1998, #2518 ) ;
#1290 = DIRECTION ( 'NONE',  ( -1.000000000000000000, 0.000000000000000000, 1.982541115402065110E-16 ) ) ;
#1291 = VERTEX_POINT ( 'NONE', #575 ) ;
#1292 = CARTESIAN_POINT ( 'NONE',  ( 0.000000000000000000, 0.000000000000000000, 0.000000000000000000 ) ) ;
#1293 = ORIENTED_EDGE ( 'NONE', *, *, #601, .F. ) ;
#1294 = DIRECTION ( 'NONE',  ( -1.000000000000000000, 0.000000000000000000, 0.000000000000000000 ) ) ;
#1295 = SHAPE_REPRESENTATION_RELATIONSHIP ( 'NONE' , 'NONE' ,  #1904, #869 ) ;
#1296 = DIRECTION ( 'NONE',  ( -1.000000000000000000, 0.000000000000000000, 0.000000000000000000 ) ) ;
#1297 = CYLINDRICAL_SURFACE ( 'NONE', #2809, 4.999999999999976907 ) ;
#1298 = DIRECTION ( 'NONE',  ( 1.000000000000000000, -0.000000000000000000, -3.469446951953613696E-16 ) ) ;
#1299 = ORIENTED_EDGE ( 'NONE', *, *, #1854, .T. ) ;
#1300 = DIRECTION ( 'NONE',  ( -2.613101748544601605E-29, 5.750056441962531363E-30, 1.000000000000000000 ) ) ;
#1301 = EDGE_CURVE ( 'NONE', #3493, #2735, #2003, .T. ) ;
#1302 = DIRECTION ( 'NONE',  ( 0.000000000000000000, 1.000000000000000000, 0.000000000000000000 ) ) ;
#1303 = ORIENTED_EDGE ( 'NONE', *, *, #1366, .F. ) ;
#1304 = CARTESIAN_POINT ( 'NONE',  ( 24.08775105641043979, 116.5000000000000000, 43.79433941888564874 ) ) ;
#1305 = CARTESIAN_POINT ( 'NONE',  ( -59.18604651162796415, 0.000000000000000000, 9.668752741182157251E-15 ) ) ;
#1306 = DIRECTION ( 'NONE',  ( 0.000000000000000000, -1.000000000000000000, 0.000000000000000000 ) ) ;
#1307 = EDGE_CURVE ( 'NONE', #1896, #1947, #4147, .T. ) ;
#1308 = CARTESIAN_POINT ( 'NONE',  ( 0.000000000000000000, 14.15282392026577973, 10.00000000000000000 ) ) ;
#1309 = DIRECTION ( 'NONE',  ( 3.767964143663676271E-16, 0.000000000000000000, 1.000000000000000000 ) ) ;
#1310 = EDGE_LOOP ( 'NONE', ( #788, #4165, #4996, #1111 ) ) ;
#1311 = DIRECTION ( 'NONE',  ( 0.000000000000000000, 0.000000000000000000, 1.000000000000000000 ) ) ;
#1312 = ORIENTED_EDGE ( 'NONE', *, *, #2813, .T. ) ;
#1313 = SHAPE_DEFINITION_REPRESENTATION ( #5473, #3505 ) ;
#1314 = CIRCLE ( 'NONE', #3262, 5.000000000000000000 ) ;
#1315 =( NAMED_UNIT ( * ) SI_UNIT ( $, .STERADIAN. ) SOLID_ANGLE_UNIT ( ) );
#1316 = EDGE_LOOP ( 'NONE', ( #1751, #4809, #67, #1193 ) ) ;
#1317 = CARTESIAN_POINT ( 'NONE',  ( -36.05504587155962781, 217.0000000000000000, 24.72935779816513957 ) ) ;
#1318 = CIRCLE ( 'NONE', #746, 5.000000000000000888 ) ;
#1319 = EDGE_LOOP ( 'NONE', ( #2329, #4408 ) ) ;
#1320 = CARTESIAN_POINT ( 'NONE',  ( -450.8637873754153134, 3.652823920265783286, 5.000000000000000000 ) ) ;
#1321 =( LENGTH_UNIT ( ) NAMED_UNIT ( * ) SI_UNIT ( .MILLI., .METRE. ) );
#1322 = FACE_OUTER_BOUND ( 'NONE', #2921, .T. ) ;
#1323 = FACE_OUTER_BOUND ( 'NONE', #1835, .T. ) ;
#1324 = DIRECTION ( 'NONE',  ( 0.000000000000000000, 0.000000000000000000, 1.000000000000000000 ) ) ;
#1325 = APPLICATION_CONTEXT ( 'automotive_design' ) ;
#1326 = VERTEX_POINT ( 'NONE', #3703 ) ;
#1327 = VECTOR ( 'NONE', #1290, 1000.000000000000000 ) ;
#1328 =( LENGTH_UNIT ( ) NAMED_UNIT ( * ) SI_UNIT ( .MILLI., .METRE. ) );
#1329 = EDGE_CURVE ( 'NONE', #2867, #3598, #4399, .T. ) ;
#1330 = FACE_OUTER_BOUND ( 'NONE', #1545, .T. ) ;
#1331 = CIRCLE ( 'NONE', #5040, 18.86810474738533472 ) ;
#1332 = PRODUCT_DEFINITION ( 'UNKNOWN', '', #3037, #527 ) ;
#1333 = CARTESIAN_POINT ( 'NONE',  ( -59.18604651162796415, 50.00000000000000000, -14.91860465116278789 ) ) ;
#1334 = DIRECTION ( 'NONE',  ( -0.000000000000000000, -0.000000000000000000, -1.000000000000000000 ) ) ;
#1335 = CARTESIAN_POINT ( 'NONE',  ( -53.86378737541529205, 0.000000000000000000, 0.000000000000000000 ) ) ;
#1336 = VECTOR ( 'NONE', #502, 1000.000000000000000 ) ;
#1337 = CONTEXT_DEPENDENT_SHAPE_REPRESENTATION ( #3559, #4566 ) ;
#1338 = LINE ( 'NONE', #3970, #292 ) ;
#1339 = LINE ( 'NONE', #193, #596 ) ;
#1340 = ORIENTED_EDGE ( 'NONE', *, *, #1344, .F. ) ;
#1341 = EDGE_LOOP ( 'NONE', ( #2576, #1781, #2037, #3164 ) ) ;
#1342 = ITEM_DEFINED_TRANSFORMATION ( 'NONE', 'NONE', #2375,  #2468 ) ;
#1343 = AXIS2_PLACEMENT_3D ( 'NONE', #2879, #3285, #2855 ) ;
#1344 = EDGE_CURVE ( 'NONE', #2602, #4121, #3516, .T. ) ;
#1345 = ORIENTED_EDGE ( 'NONE', *, *, #5505, .F. ) ;
#1346 = LINE ( 'NONE', #2305, #3108 ) ;
#1347 = VERTEX_POINT ( 'NONE', #3575 ) ;
#1348 = EDGE_CURVE ( 'NONE', #2378, #2888, #5310, .T. ) ;
#1349 = PRODUCT_DEFINITION_SHAPE ( 'NONE', 'NONE',  #5738 ) ;
#1350 = DIRECTION ( 'NONE',  ( -1.000000000000000000, -0.000000000000000000, -0.000000000000000000 ) ) ;
#1351 = AXIS2_PLACEMENT_3D ( 'NONE', #3972, #2201, #47 ) ;
#1352 = UNCERTAINTY_MEASURE_WITH_UNIT (LENGTH_MEASURE( 1.000000000000000082E-05 ), #1894, 'distance_accuracy_value', 'NONE');
#1353 = CARTESIAN_POINT ( 'NONE',  ( -139.7916666666666572, 361.5000000000000000, 0.4166666666666519747 ) ) ;
#1354 = CARTESIAN_POINT ( 'NONE',  ( -114.0350877192983177, 12.50000000000000000, -3.684210526315784939 ) ) ;
#1355 = ORIENTED_EDGE ( 'NONE', *, *, #2747, .T. ) ;
#1356 = DIRECTION ( 'NONE',  ( -2.138038778504289354E-16, 1.000000000000000000, 2.007982746849216022E-16 ) ) ;
#1357 =( GEOMETRIC_REPRESENTATION_CONTEXT ( 3 ) GLOBAL_UNCERTAINTY_ASSIGNED_CONTEXT ( ( #1980 ) ) GLOBAL_UNIT_ASSIGNED_CONTEXT ( ( #729, #5163, #3425 ) ) REPRESENTATION_CONTEXT ( 'NONE', 'WORKASPACE' ) );
#1358 = DIRECTION ( 'NONE',  ( 0.000000000000000000, 0.000000000000000000, -1.000000000000000000 ) ) ;
#1359 = PLANE ( 'NONE',  #1118 ) ;
#1360 = APPLICATION_PROTOCOL_DEFINITION ( 'draft international standard', 'automotive_design', 1998, #1621 ) ;
#1361 = LINE ( 'NONE', #1279, #2250 ) ;
#1362 = DIRECTION ( 'NONE',  ( 0.000000000000000000, -1.000000000000000000, 0.000000000000000000 ) ) ;
#1363 = CARTESIAN_POINT ( 'NONE',  ( 129.7916666666666572, -716.2472534000135056, -0.4166666666666624108 ) ) ;
#1364 = LINE ( 'NONE', #2707, #3458 ) ;
#1365 = ADVANCED_BREP_SHAPE_REPRESENTATION ( '', ( #4886, #2468 ), #5511 ) ;
#1366 = EDGE_CURVE ( 'NONE', #2413, #4316, #4910, .T. ) ;
#1367 = DIRECTION ( 'NONE',  ( 1.000000000000000000, -0.000000000000000000, -3.469446951953613696E-16 ) ) ;
#1368 = EDGE_LOOP ( 'NONE', ( #2381, #1049 ) ) ;
#1369 = CARTESIAN_POINT ( 'NONE',  ( -59.18604651162796415, 34.01387818865997303, -14.91860465116278789 ) ) ;
#1370 = APPLICATION_PROTOCOL_DEFINITION ( 'draft international standard', 'automotive_design', 1998, #5286 ) ;
#1371 = ADVANCED_FACE ( 'NONE', ( #2680 ), #5674, .F. ) ;
#1372 = CARTESIAN_POINT ( 'NONE',  ( -40.16883116883117566, 217.0000000000000000, 8.123376623376616479 ) ) ;
#1373 = ORIENTED_EDGE ( 'NONE', *, *, #4232, .F. ) ;
#1374 = DIRECTION ( 'NONE',  ( 2.312964634635742957E-16, 0.000000000000000000, 1.000000000000000000 ) ) ;
#1375 = EDGE_LOOP ( 'NONE', ( #1203, #3996, #4016, #1260 ) ) ;
#1376 = EDGE_CURVE ( 'NONE', #3428, #3493, #4308, .T. ) ;
#1377 = FACE_OUTER_BOUND ( 'NONE', #4862, .T. ) ;
#1378 = DIRECTION ( 'NONE',  ( -1.000000000000000000, -0.000000000000000000, -0.000000000000000000 ) ) ;
#1379 = CARTESIAN_POINT ( 'NONE',  ( -10.16883116883118099, 0.000000000000000000, 8.123376623376616479 ) ) ;
#1380 = LINE ( 'NONE', #995, #3566 ) ;
#1381 = ORIENTED_EDGE ( 'NONE', *, *, #5144, .T. ) ;
#1382 = VECTOR ( 'NONE', #3295, 1000.000000000000000 ) ;
#1383 = CARTESIAN_POINT ( 'NONE',  ( 943.7475758444638814, 528.9436925136285481, 32.99999999999991473 ) ) ;
#1384 = FACE_OUTER_BOUND ( 'NONE', #3495, .T. ) ;
#1385 = DIRECTION ( 'NONE',  ( 0.000000000000000000, 0.000000000000000000, 1.000000000000000000 ) ) ;
#1386 = FACE_OUTER_BOUND ( 'NONE', #254, .T. ) ;
#1387 = EDGE_LOOP ( 'NONE', ( #316, #1727, #2393, #4974 ) ) ;
#1388 = FACE_OUTER_BOUND ( 'NONE', #2620, .T. ) ;
#1389 = CARTESIAN_POINT ( 'NONE',  ( -36.36378737541529205, 3.652823920265779734, 0.000000000000000000 ) ) ;
#1390 = CARTESIAN_POINT ( 'NONE',  ( 129.7916666666667140, -716.2472534000135056, 236.5833333333332575 ) ) ;
#1391 = VERTEX_POINT ( 'NONE', #4485 ) ;
#1392 = CARTESIAN_POINT ( 'NONE',  ( -149.7916666666666288, 20.00000000000000000, 0.4166666666666519747 ) ) ;
#1393 = EDGE_CURVE ( 'NONE', #5203, #3631, #425, .T. ) ;
#1394 = ORIENTED_EDGE ( 'NONE', *, *, #5094, .F. ) ;
#1395 = ORIENTED_EDGE ( 'NONE', *, *, #1808, .F. ) ;
#1396 = LINE ( 'NONE', #3172, #2079 ) ;
#1397 = PRODUCT_DEFINITION_SHAPE ( 'NONE', 'NONE',  #5735 ) ;
#1398 = ITEM_DEFINED_TRANSFORMATION ( 'NONE', 'NONE', #1540,  #2468 ) ;
#1399 = ADVANCED_FACE ( 'NONE', ( #5306 ), #2198, .F. ) ;
#1400 =( REPRESENTATION_RELATIONSHIP ('NONE','NONE', #4122, #2857 ) REPRESENTATION_RELATIONSHIP_WITH_TRANSFORMATION ( #3815 )SHAPE_REPRESENTATION_RELATIONSHIP( ) );
#1401 = ORIENTED_EDGE ( 'NONE', *, *, #211, .F. ) ;
#1402 = LINE ( 'NONE', #4555, #2739 ) ;
#1403 = VERTEX_POINT ( 'NONE', #364 ) ;
#1404 = AXIS2_PLACEMENT_3D ( 'NONE', #4017, #3992, #3540 ) ;
#1405 = CARTESIAN_POINT ( 'NONE',  ( -31.36378737541529205, 14.15282392026577973, 10.00000000000000000 ) ) ;
#1406 = DIRECTION ( 'NONE',  ( 1.000000000000000000, 0.000000000000000000, 0.000000000000000000 ) ) ;
#1407 = UNCERTAINTY_MEASURE_WITH_UNIT (LENGTH_MEASURE( 1.000000000000000082E-05 ), #4246, 'distance_accuracy_value', 'NONE');
#1408 = LINE ( 'NONE', #3185, #2338 ) ;
#1409 = LINE ( 'NONE', #1844, #2445 ) ;
#1410 = VERTEX_POINT ( 'NONE', #1744 ) ;
#1411 = DIRECTION ( 'NONE',  ( 1.665334536937734811E-16, -5.551115145571919966E-17, -1.000000000000000000 ) ) ;
#1412 = AXIS2_PLACEMENT_3D ( 'NONE', #5437, #4994, #4476 ) ;
#1413 = DIRECTION ( 'NONE',  ( -1.000000000000000000, 0.000000000000000000, 1.614990014412855252E-16 ) ) ;
#1414 = PLANE ( 'NONE',  #3557 ) ;
#1415 = VECTOR ( 'NONE', #4402, 1000.000000000000000 ) ;
#1416 = DIRECTION ( 'NONE',  ( 0.000000000000000000, 1.000000000000000000, 0.000000000000000000 ) ) ;
#1417 = ORIENTED_EDGE ( 'NONE', *, *, #2018, .T. ) ;
#1418 = DIRECTION ( 'NONE',  ( 0.000000000000000000, 0.000000000000000000, -1.000000000000000000 ) ) ;
#1419 = LINE ( 'NONE', #3577, #871 ) ;
#1420 = DIRECTION ( 'NONE',  ( 1.000000000000000000, 0.000000000000000000, 0.000000000000000000 ) ) ;
#1421 = CARTESIAN_POINT ( 'NONE',  ( 0.000000000000000000, 3.000000000000000000, -14.91860465116278789 ) ) ;
#1422 = VECTOR ( 'NONE', #1768, 1000.000000000000000 ) ;
#1423 = ADVANCED_FACE ( 'NONE', ( #5275, #2140 ), #4458, .T. ) ;
#1424 = ORIENTED_EDGE ( 'NONE', *, *, #1015, .T. ) ;
#1425 = CIRCLE ( 'NONE', #210, 4.999999999999995559 ) ;
#1426 = ORIENTED_EDGE ( 'NONE', *, *, #4375, .T. ) ;
#1427 = EDGE_CURVE ( 'NONE', #2790, #2694, #2704, .T. ) ;
#1428 = CONTEXT_DEPENDENT_SHAPE_REPRESENTATION ( #2706, #5616 ) ;
#1429 = EDGE_CURVE ( 'NONE', #2202, #4121, #1361, .T. ) ;
#1430 = VECTOR ( 'NONE', #54, 1000.000000000000000 ) ;
#1431 = FILL_AREA_STYLE ('',( #2269 ) ) ;
#1432 = EDGE_LOOP ( 'NONE', ( #2507, #4739, #4771, #2546 ) ) ;
#1433 = DIRECTION ( 'NONE',  ( -1.000000000000000000, -0.000000000000000000, -0.000000000000000000 ) ) ;
#1434 = ORIENTED_EDGE ( 'NONE', *, *, #990, .T. ) ;
#1435 = CARTESIAN_POINT ( 'NONE',  ( -114.0350877192983177, 16.64322946534103664, 11.44525479618220487 ) ) ;
#1436 = PRODUCT_DEFINITION ( 'UNKNOWN', '', #5342, #2333 ) ;
#1437 = CARTESIAN_POINT ( 'NONE',  ( 0.000000000000000000, 260.0000000000000000, 0.000000000000000000 ) ) ;
#1438 = AXIS2_PLACEMENT_3D ( 'NONE', #875, #5692, #5267 ) ;
#1439 = DIRECTION ( 'NONE',  ( 0.000000000000000000, 0.000000000000000000, 1.000000000000000000 ) ) ;
#1440 = CARTESIAN_POINT ( 'NONE',  ( -26.36378737541529205, 3.652823920265780178, 10.00000000000000000 ) ) ;
#1441 = ORIENTED_EDGE ( 'NONE', *, *, #5418, .T. ) ;
#1442 = CIRCLE ( 'NONE', #1531, 8.000000000000000000 ) ;
#1443 = DIRECTION ( 'NONE',  ( 0.000000000000000000, -1.000000000000000000, 0.000000000000000000 ) ) ;
#1444 = DIRECTION ( 'NONE',  ( -1.000000000000000000, 0.000000000000000000, 1.156482317317871478E-16 ) ) ;
#1445 = CARTESIAN_POINT ( 'NONE',  ( -40.04819277108434505, 260.0000000000000000, -5.367469879518071529 ) ) ;
#1446 = ORIENTED_EDGE ( 'NONE', *, *, #3724, .T. ) ;
#1447 = DIRECTION ( 'NONE',  ( 0.000000000000000000, 0.000000000000000000, -1.000000000000000000 ) ) ;
#1448 = AXIS2_PLACEMENT_3D ( 'NONE', #3248, #4278, #5052 ) ;
#1449 =( LENGTH_UNIT ( ) NAMED_UNIT ( * ) SI_UNIT ( .MILLI., .METRE. ) );
#1450 = EDGE_CURVE ( 'NONE', #1125, #2087, #4049, .T. ) ;
#1451 = CARTESIAN_POINT ( 'NONE',  ( 30.57150851985710815, 119.5000000000000000, 26.07524616010108431 ) ) ;
#1452 = PRODUCT_DEFINITION_FORMATION_WITH_SPECIFIED_SOURCE ( 'ANY', '', #2426, .NOT_KNOWN. ) ;
#1453 = ORIENTED_EDGE ( 'NONE', *, *, #3709, .T. ) ;
#1454 = ORIENTED_EDGE ( 'NONE', *, *, #156, .F. ) ;
#1455 = DIRECTION ( 'NONE',  ( -0.000000000000000000, -1.000000000000000000, -0.000000000000000000 ) ) ;
#1456 = EDGE_CURVE ( 'NONE', #3270, #4967, #2648, .T. ) ;
#1457 = CARTESIAN_POINT ( 'NONE',  ( -114.0350877192983177, 12.50000000000000000, -15.47056884594654314 ) ) ;
#1458 = EDGE_LOOP ( 'NONE', ( #3699, #402 ) ) ;
#1459 = CARTESIAN_POINT ( 'NONE',  ( -139.7916666666666572, 361.5000000000000000, -19.58333333333334991 ) ) ;
#1460 = ORIENTED_EDGE ( 'NONE', *, *, #4413, .T. ) ;
#1461 = PLANE ( 'NONE',  #162 ) ;
#1462 = PRODUCT_DEFINITION_CONTEXT ( 'detailed design', #2932, 'design' ) ;
#1463 = CARTESIAN_POINT ( 'NONE',  ( -84.77053187294963266, 75.00000000000001421, -22.84276137403035278 ) ) ;
#1464 = DIRECTION ( 'NONE',  ( -0.000000000000000000, -1.000000000000000000, -0.000000000000000000 ) ) ;
#1465 = VERTEX_POINT ( 'NONE', #2943 ) ;
#1466 = DIRECTION ( 'NONE',  ( 0.000000000000000000, 2.478176394252582127E-16, -1.000000000000000000 ) ) ;
#1467 = LINE ( 'NONE', #1024, #3462 ) ;
#1468 = CARTESIAN_POINT ( 'NONE',  ( -48.64705882352942012, 0.000000000000000000, -2.382352941176471450 ) ) ;
#1469 = CARTESIAN_POINT ( 'NONE',  ( -56.18604651162795705, 3.000000000000000000, -17.41860465116278789 ) ) ;
#1470 = ORIENTED_EDGE ( 'NONE', *, *, #1429, .T. ) ;
#1471 = COLOUR_RGB ( '',0.7921568627450980005, 0.8196078431372548767, 0.9333333333333333481 ) ;
#1472 = DIRECTION ( 'NONE',  ( 0.3462977833308739095, 0.000000000000000000, -0.9381246427101909147 ) ) ;
#1473 = VERTEX_POINT ( 'NONE', #2226 ) ;
#1474 = ORIENTED_EDGE ( 'NONE', *, *, #4985, .F. ) ;
#1475 = SURFACE_STYLE_FILL_AREA ( #2384 ) ;
#1476 = EDGE_CURVE ( 'NONE', #4573, #1166, #4431, .T. ) ;
#1477 = CONTEXT_DEPENDENT_SHAPE_REPRESENTATION ( #202, #1861 ) ;
#1478 =( LENGTH_UNIT ( ) NAMED_UNIT ( * ) SI_UNIT ( .MILLI., .METRE. ) );
#1479 = VERTEX_POINT ( 'NONE', #4019 ) ;
#1480 = DIRECTION ( 'NONE',  ( -1.000000000000000000, -0.000000000000000000, -0.000000000000000000 ) ) ;
#1481 = VERTEX_POINT ( 'NONE', #1801 ) ;
#1482 = PRODUCT_DEFINITION_SHAPE ( 'NONE', 'NONE',  #5723 ) ;
#1483 = CARTESIAN_POINT ( 'NONE',  ( -114.0350877192983319, 0.000000000000000000, -23.68421052631578760 ) ) ;
#1484 = LINE ( 'NONE', #1174, #4574 ) ;
#1485 = SHAPE_REPRESENTATION ( 'Top2', ( #2468 ), #5511 ) ;
#1486 = EDGE_LOOP ( 'NONE', ( #3314, #661 ) ) ;
#1487 = FACE_OUTER_BOUND ( 'NONE', #1763, .T. ) ;
#1488 = CLOSED_SHELL ( 'NONE', ( #305, #4598, #3988, #4003, #5239, #4738 ) ) ;
#1489 = PRODUCT_DEFINITION_SHAPE ( 'NONE', 'NONE',  #5719 ) ;
#1490 = ORIENTED_EDGE ( 'NONE', *, *, #2961, .T. ) ;
#1491 = EDGE_CURVE ( 'NONE', #4167, #1504, #5339, .T. ) ;
#1492 = DIRECTION ( 'NONE',  ( -0.000000000000000000, 0.000000000000000000, 1.000000000000000000 ) ) ;
#1493 = CARTESIAN_POINT ( 'NONE',  ( -101.2376237623761881, 750.0000000000000000, -21.90594059405938410 ) ) ;
#1494 = VECTOR ( 'NONE', #1416, 1000.000000000000000 ) ;
#1495 = DIRECTION ( 'NONE',  ( -1.000000000000000000, 0.000000000000000000, 0.000000000000000000 ) ) ;
#1496 = CARTESIAN_POINT ( 'NONE',  ( 30.57150851985710815, 100.5000000000000000, 26.07524616010108431 ) ) ;
#1497 = VECTOR ( 'NONE', #1019, 1000.000000000000000 ) ;
#1498 = AXIS2_PLACEMENT_3D ( 'NONE', #2703, #5467, #93 ) ;
#1499 = CARTESIAN_POINT ( 'NONE',  ( 129.7916666666663161, -686.9508024969385360, -0.4166666666666207774 ) ) ;
#1500 = VECTOR ( 'NONE', #5622, 1000.000000000000000 ) ;
#1501 = FACE_OUTER_BOUND ( 'NONE', #822, .T. ) ;
#1502 = PRODUCT_DEFINITION ( 'UNKNOWN', '', #2001, #233 ) ;
#1503 =( GEOMETRIC_REPRESENTATION_CONTEXT ( 3 ) GLOBAL_UNCERTAINTY_ASSIGNED_CONTEXT ( ( #101 ) ) GLOBAL_UNIT_ASSIGNED_CONTEXT ( ( #2777, #4553, #3233 ) ) REPRESENTATION_CONTEXT ( 'NONE', 'WORKASPACE' ) );
#1504 = VERTEX_POINT ( 'NONE', #4802 ) ;
#1505 = CIRCLE ( 'NONE', #4581, 11.62970334961300978 ) ;
#1506 = VERTEX_POINT ( 'NONE', #802 ) ;
#1507 = APPLICATION_CONTEXT ( 'automotive_design' ) ;
#1508 = VECTOR ( 'NONE', #3246, 1000.000000000000000 ) ;
#1509 = VECTOR ( 'NONE', #4098, 1000.000000000000000 ) ;
#1510 = EDGE_CURVE ( 'NONE', #3059, #2413, #1605, .T. ) ;
#1511 = SURFACE_STYLE_FILL_AREA ( #5402 ) ;
#1512 = ORIENTED_EDGE ( 'NONE', *, *, #458, .F. ) ;
#1513 = DIRECTION ( 'NONE',  ( 0.000000000000000000, 0.000000000000000000, 1.000000000000000000 ) ) ;
#1514 = ORIENTED_EDGE ( 'NONE', *, *, #681, .F. ) ;
#1515 = DIRECTION ( 'NONE',  ( 0.000000000000000000, 0.000000000000000000, 1.000000000000000000 ) ) ;
#1516 = AXIS2_PLACEMENT_3D ( 'NONE', #2233, #49, #4525 ) ;
#1517 = EDGE_CURVE ( 'NONE', #659, #2839, #1331, .T. ) ;
#1518 = CARTESIAN_POINT ( 'NONE',  ( -101.2376237623761881, -1.382600952805091610E-16, -0.9059405940593447948 ) ) ;
#1519 = UNCERTAINTY_MEASURE_WITH_UNIT (LENGTH_MEASURE( 1.000000000000000082E-05 ), #4820, 'distance_accuracy_value', 'NONE');
#1520 = DIRECTION ( 'NONE',  ( -1.000000000000000000, 0.000000000000000000, 0.000000000000000000 ) ) ;
#1521 = AXIS2_PLACEMENT_3D ( 'NONE', #2115, #5643, #3053 ) ;
#1522 = VERTEX_POINT ( 'NONE', #973 ) ;
#1523 = FACE_BOUND ( 'NONE', #4548, .T. ) ;
#1524 = ORIENTED_EDGE ( 'NONE', *, *, #2685, .T. ) ;
#1525 = CARTESIAN_POINT ( 'NONE',  ( -59.18604651162796415, 25.00000000000000000, 0.08139534883721191716 ) ) ;
#1526 = ADVANCED_FACE ( 'NONE', ( #3632 ), #511, .F. ) ;
#1527 =( LENGTH_UNIT ( ) NAMED_UNIT ( * ) SI_UNIT ( .MILLI., .METRE. ) );
#1528 = AXIS2_PLACEMENT_3D ( 'NONE', #5128, #1144, #2955 ) ;
#1529 = DIRECTION ( 'NONE',  ( -0.000000000000000000, -1.000000000000000000, -0.000000000000000000 ) ) ;
#1530 = DIRECTION ( 'NONE',  ( 0.000000000000000000, 0.000000000000000000, 1.000000000000000000 ) ) ;
#1531 = AXIS2_PLACEMENT_3D ( 'NONE', #3316, #5378, #3787 ) ;
#1532 = CYLINDRICAL_SURFACE ( 'NONE', #5126, 17.50000000000000000 ) ;
#1533 = PLANE ( 'NONE',  #275 ) ;
#1534 = AXIS2_PLACEMENT_3D ( 'NONE', #1274, #4843, #1210 ) ;
#1535 = EDGE_LOOP ( 'NONE', ( #4657, #812 ) ) ;
#1536 = FILL_AREA_STYLE_COLOUR ( '', #3112 ) ;
#1537 = PRODUCT_DEFINITION_SHAPE ( 'NONE', 'NONE',  #5744 ) ;
#1538 = CONTEXT_DEPENDENT_SHAPE_REPRESENTATION ( #4389, #1397 ) ;
#1539 = DIRECTION ( 'NONE',  ( 0.000000000000000000, 0.000000000000000000, -1.000000000000000000 ) ) ;
#1540 = AXIS2_PLACEMENT_3D ( 'NONE', #1847, #2675, #4907 ) ;
#1541 = PRODUCT_DEFINITION_SHAPE ( 'NONE', 'NONE',  #640 ) ;
#1542 = DIRECTION ( 'NONE',  ( 0.000000000000000000, -0.000000000000000000, 1.000000000000000000 ) ) ;
#1543 = ORIENTED_EDGE ( 'NONE', *, *, #4378, .F. ) ;
#1544 = DIRECTION ( 'NONE',  ( -1.000000000000000000, -0.000000000000000000, -0.000000000000000000 ) ) ;
#1545 = EDGE_LOOP ( 'NONE', ( #1474, #4379, #2774, #4780 ) ) ;
#1546 = SHAPE_DEFINITION_REPRESENTATION ( #4350, #1059 ) ;
#1547 = EDGE_CURVE ( 'NONE', #1326, #3011, #4768, .T. ) ;
#1548 = CARTESIAN_POINT ( 'NONE',  ( -450.8637873754153134, 3.652823920265783286, -3.000000000000000000 ) ) ;
#1549 = CARTESIAN_POINT ( 'NONE',  ( -59.18604651162796415, 25.00000000000000711, 17.58139534883721211 ) ) ;
#1550 = EDGE_LOOP ( 'NONE', ( #5056, #3546, #1622, #53 ) ) ;
#1551 = DIRECTION ( 'NONE',  ( 1.000000000000000000, 0.000000000000000000, 0.000000000000000000 ) ) ;
#1552 = ORIENTED_EDGE ( 'NONE', *, *, #963, .F. ) ;
#1553 = DIRECTION ( 'NONE',  ( 1.000000000000000000, -0.000000000000000000, -3.469446951953613696E-16 ) ) ;
#1554 = EDGE_CURVE ( 'NONE', #4836, #3190, #5051, .T. ) ;
#1555 = CARTESIAN_POINT ( 'NONE',  ( 37.63175721595817436, 100.5000000000000000, 8.577867353333820333 ) ) ;
#1556 =( NAMED_UNIT ( * ) SI_UNIT ( $, .STERADIAN. ) SOLID_ANGLE_UNIT ( ) );
#1557 = CARTESIAN_POINT ( 'NONE',  ( -36.05504587155962781, 0.000000000000000000, 24.72935779816513957 ) ) ;
#1558 = LINE ( 'NONE', #244, #5489 ) ;
#1559 = CARTESIAN_POINT ( 'NONE',  ( 0.000000000000000000, 0.000000000000000000, 0.000000000000000000 ) ) ;
#1560 = CARTESIAN_POINT ( 'NONE',  ( -56.18604651162794994, 3.000000000000000000, 17.58139534883721566 ) ) ;
#1561 = LINE ( 'NONE', #3811, #3830 ) ;
#1562 = ORIENTED_EDGE ( 'NONE', *, *, #3724, .F. ) ;
#1563 = EDGE_CURVE ( 'NONE', #4331, #945, #3101, .T. ) ;
#1564 = ITEM_DEFINED_TRANSFORMATION ( 'NONE', 'NONE', #4344,  #4884 ) ;
#1565 = LINE ( 'NONE', #525, #1907 ) ;
#1566 = DIRECTION ( 'NONE',  ( 1.000000000000000000, 0.000000000000000000, -3.229980028825710504E-16 ) ) ;
#1567 = CARTESIAN_POINT ( 'NONE',  ( -114.0350877192983177, 16.64322946534103664, 7.349913455054871925 ) ) ;
#1568 = EDGE_LOOP ( 'NONE', ( #5691, #2367 ) ) ;
#1569 = DIRECTION ( 'NONE',  ( 0.000000000000000000, -1.000000000000000000, 1.526149685610094588E-16 ) ) ;
#1570 = ADVANCED_FACE ( 'NONE', ( #2820 ), #5421, .T. ) ;
#1571 = ORIENTED_EDGE ( 'NONE', *, *, #1220, .T. ) ;
#1572 = CARTESIAN_POINT ( 'NONE',  ( 209.8624502885931804, 550.0272904730919663, -525.4390462724509234 ) ) ;
#1573 = DIRECTION ( 'NONE',  ( -0.000000000000000000, -0.000000000000000000, -1.000000000000000000 ) ) ;
#1574 = PRODUCT_DEFINITION_CONTEXT ( 'detailed design', #715, 'design' ) ;
#1575 = DIRECTION ( 'NONE',  ( 1.000000000000000000, 0.000000000000000000, 0.000000000000000000 ) ) ;
#1576 = CIRCLE ( 'NONE', #3074, 5.000000000000000000 ) ;
#1577 = EDGE_LOOP ( 'NONE', ( #959, #1552, #3106 ) ) ;
#1578 = PLANE ( 'NONE',  #3195 ) ;
#1579 = VERTEX_POINT ( 'NONE', #68 ) ;
#1580 = CARTESIAN_POINT ( 'NONE',  ( 30.57150851985710815, 119.5000000000000000, 21.07524616010108431 ) ) ;
#1581 = CARTESIAN_POINT ( 'NONE',  ( 30.57150851985710815, 119.5000000000000000, 26.07524616010108431 ) ) ;
#1582 = DIRECTION ( 'NONE',  ( 0.000000000000000000, -0.000000000000000000, 1.000000000000000000 ) ) ;
#1583 = PLANE ( 'NONE',  #4953 ) ;
#1584 = PRODUCT ( 'L2R', 'L2R', '', ( #3499 ) ) ;
#1585 = CARTESIAN_POINT ( 'NONE',  ( -34.53508771929832477, 2.000000000000000000, -18.18421052631578405 ) ) ;
#1586 = ADVANCED_FACE ( 'NONE', ( #2848 ), #4623, .F. ) ;
#1587 = ORIENTED_EDGE ( 'NONE', *, *, #1450, .T. ) ;
#1588 = VECTOR ( 'NONE', #3305, 1000.000000000000000 ) ;
#1589 = ORIENTED_EDGE ( 'NONE', *, *, #2635, .F. ) ;
#1590 = SURFACE_SIDE_STYLE ('',( #5087 ) ) ;
#1591 = ADVANCED_FACE ( 'NONE', ( #127 ), #619, .F. ) ;
#1592 = CONTEXT_DEPENDENT_SHAPE_REPRESENTATION ( #2296, #2276 ) ;
#1593 = CARTESIAN_POINT ( 'NONE',  ( -34.18604651162795705, 0.000000000000000000, -17.41860465116278789 ) ) ;
#1594 = VECTOR ( 'NONE', #2783, 1000.000000000000000 ) ;
#1595 = LINE ( 'NONE', #5090, #407 ) ;
#1596 = LINE ( 'NONE', #3726, #3184 ) ;
#1597 = EDGE_CURVE ( 'NONE', #827, #2971, #1036, .T. ) ;
#1598 = VECTOR ( 'NONE', #3028, 1000.000000000000000 ) ;
#1599 = VERTEX_POINT ( 'NONE', #3199 ) ;
#1600 = DIRECTION ( 'NONE',  ( 1.000000000000000000, 0.000000000000000000, -3.229980028825710504E-16 ) ) ;
#1601 = ORIENTED_EDGE ( 'NONE', *, *, #5214, .T. ) ;
#1602 = DIRECTION ( 'NONE',  ( 1.000000000000000000, 1.069019389253812748E-16, 0.000000000000000000 ) ) ;
#1603 = AXIS2_PLACEMENT_3D ( 'NONE', #1827, #4879, #1358 ) ;
#1604 = CARTESIAN_POINT ( 'NONE',  ( -34.53508771929832477, 2.000000000000000000, -14.18421052631578938 ) ) ;
#1605 = CIRCLE ( 'NONE', #2634, 10.50000000000000000 ) ;
#1606 = DIRECTION ( 'NONE',  ( 1.000000000000000000, 0.000000000000000000, 0.000000000000000000 ) ) ;
#1607 = ORIENTED_EDGE ( 'NONE', *, *, #1597, .F. ) ;
#1608 = DIRECTION ( 'NONE',  ( 1.000000000000000000, 0.000000000000000000, -2.775557561562891351E-16 ) ) ;
#1609 = VERTEX_POINT ( 'NONE', #2374 ) ;
#1610 = CARTESIAN_POINT ( 'NONE',  ( -114.0350877192983177, 12.50000000000000000, -3.684210526315784939 ) ) ;
#1611 = AXIS2_PLACEMENT_3D ( 'NONE', #2630, #4386, #2184 ) ;
#1612 = EDGE_CURVE ( 'NONE', #322, #5203, #4543, .T. ) ;
#1613 =( LENGTH_UNIT ( ) NAMED_UNIT ( * ) SI_UNIT ( .MILLI., .METRE. ) );
#1614 = DIRECTION ( 'NONE',  ( -0.000000000000000000, -1.000000000000000000, -0.000000000000000000 ) ) ;
#1615 = EDGE_CURVE ( 'NONE', #4410, #78, #155, .T. ) ;
#1616 = VECTOR ( 'NONE', #1073, 1000.000000000000000 ) ;
#1617 = CARTESIAN_POINT ( 'NONE',  ( -10.04819277108434683, 260.0000000000000000, -5.367469879518071529 ) ) ;
#1618 = DIRECTION ( 'NONE',  ( -1.000000000000000000, 0.000000000000000000, 0.000000000000000000 ) ) ;
#1619 = AXIS2_PLACEMENT_3D ( 'NONE', #2410, #683, #2025 ) ;
#1620 = CARTESIAN_POINT ( 'NONE',  ( -76.23762376237618810, 0.000000000000000000, -21.90594059405938410 ) ) ;
#1621 = APPLICATION_CONTEXT ( 'automotive_design' ) ;
#1622 = ORIENTED_EDGE ( 'NONE', *, *, #3591, .T. ) ;
#1623 = VECTOR ( 'NONE', #1553, 1000.000000000000000 ) ;
#1624 = ORIENTED_EDGE ( 'NONE', *, *, #5579, .F. ) ;
#1625 = FACE_OUTER_BOUND ( 'NONE', #3198, .T. ) ;
#1626 = ADVANCED_FACE ( 'NONE', ( #1388 ), #537, .F. ) ;
#1627 = EDGE_CURVE ( 'NONE', #1579, #723, #2319, .T. ) ;
#1628 = CONTEXT_DEPENDENT_SHAPE_REPRESENTATION ( #2858, #3582 ) ;
#1630 = VECTOR ( 'NONE', #5112, 1000.000000000000000 ) ;
#1629 = DIRECTION ( 'NONE',  ( -1.000000000000000000, -0.000000000000000000, -0.000000000000000000 ) ) ;
#1631 = DIRECTION ( 'NONE',  ( 0.000000000000000000, 0.000000000000000000, -1.000000000000000000 ) ) ;
#1632 = ADVANCED_FACE ( 'NONE', ( #3694 ), #1003, .F. ) ;
#1633 = ORIENTED_EDGE ( 'NONE', *, *, #1693, .F. ) ;
#1634 = CARTESIAN_POINT ( 'NONE',  ( -450.8637873754153134, 3.652823920265783286, 5.000000000000000000 ) ) ;
#1635 = VERTEX_POINT ( 'NONE', #5469 ) ;
#1636 = AXIS2_PLACEMENT_3D ( 'NONE', #472, #5568, #2034 ) ;
#1637 = CARTESIAN_POINT ( 'NONE',  ( 337.8311581177749758, 290.9231697902519045, 38.68122470966022775 ) ) ;
#1638 = CARTESIAN_POINT ( 'NONE',  ( -56.18604651162795705, 25.00000000000000000, 0.08139534883721132041 ) ) ;
#1639 = EDGE_LOOP ( 'NONE', ( #3991, #5458, #5440, #1920 ) ) ;
#1640 = LINE ( 'NONE', #3416, #3941 ) ;
#1641 = ORIENTED_EDGE ( 'NONE', *, *, #5405, .F. ) ;
#1642 = DIRECTION ( 'NONE',  ( -1.000000000000000000, 0.000000000000000000, 3.767964143663676271E-16 ) ) ;
#1643 = ORIENTED_EDGE ( 'NONE', *, *, #2173, .T. ) ;
#1644 = DIRECTION ( 'NONE',  ( 0.000000000000000000, 0.000000000000000000, 1.000000000000000000 ) ) ;
#1645 = EDGE_CURVE ( 'NONE', #376, #2113, #4568, .T. ) ;
#1646 = DIRECTION ( 'NONE',  ( 0.000000000000000000, 0.000000000000000000, -1.000000000000000000 ) ) ;
#1647 = DIRECTION ( 'NONE',  ( 0.3462977833308739095, 0.000000000000000000, -0.9381246427101909147 ) ) ;
#1648 = DIRECTION ( 'NONE',  ( -1.000000000000000000, 0.000000000000000000, 0.000000000000000000 ) ) ;
#1649 = ORIENTED_EDGE ( 'NONE', *, *, #124, .F. ) ;
#1650 = ORIENTED_EDGE ( 'NONE', *, *, #4130, .F. ) ;
#1651 = DIRECTION ( 'NONE',  ( -3.965082230804130220E-16, -0.000000000000000000, -1.000000000000000000 ) ) ;
#1652 = CONTEXT_DEPENDENT_SHAPE_REPRESENTATION ( #2677, #2224 ) ;
#1653 = CARTESIAN_POINT ( 'NONE',  ( -50.86378737541529205, 3.652823920265783286, 5.000000000000000000 ) ) ;
#1654 = FACE_OUTER_BOUND ( 'NONE', #899, .T. ) ;
#1655 = EDGE_CURVE ( 'NONE', #5682, #4782, #5021, .T. ) ;
#1656 = VECTOR ( 'NONE', #4691, 1000.000000000000000 ) ;
#1657 = VERTEX_POINT ( 'NONE', #728 ) ;
#1658 = DIRECTION ( 'NONE',  ( 0.000000000000000000, 0.000000000000000000, -1.000000000000000000 ) ) ;
#1659 = ORIENTED_EDGE ( 'NONE', *, *, #4184, .F. ) ;
#1660 = DIRECTION ( 'NONE',  ( 2.220446049250313081E-16, -1.510411147830607675E-16, -1.000000000000000000 ) ) ;
#1661 = SHAPE_REPRESENTATION ( 'lin_act_in', ( #2468 ), #4250 ) ;
#1662 =( REPRESENTATION_RELATIONSHIP ('NONE','NONE', #4495, #2132 ) REPRESENTATION_RELATIONSHIP_WITH_TRANSFORMATION ( #452 )SHAPE_REPRESENTATION_RELATIONSHIP( ) );
#1663 = CARTESIAN_POINT ( 'NONE',  ( -31.18604651162795705, 25.00000000000000000, -4.918604651162789665 ) ) ;
#1664 = ORIENTED_EDGE ( 'NONE', *, *, #1707, .T. ) ;
#1665 = CARTESIAN_POINT ( 'NONE',  ( -31.18604651162795349, 25.00000000000000000, 5.081395348837213888 ) ) ;
#1666 = VERTEX_POINT ( 'NONE', #4704 ) ;
#1667 = DIRECTION ( 'NONE',  ( 0.000000000000000000, 1.000000000000000000, 0.000000000000000000 ) ) ;
#1668 = ORIENTED_EDGE ( 'NONE', *, *, #28, .T. ) ;
#1669 = DIRECTION ( 'NONE',  ( 0.000000000000000000, 0.000000000000000000, 1.000000000000000000 ) ) ;
#1670 = DIRECTION ( 'NONE',  ( -0.000000000000000000, -0.000000000000000000, 1.000000000000000000 ) ) ;
#1671 = CARTESIAN_POINT ( 'NONE',  ( -34.18604651162794283, 3.000000000000000000, 17.58139534883721566 ) ) ;
#1672 = DIRECTION ( 'NONE',  ( -0.000000000000000000, -0.000000000000000000, -1.000000000000000000 ) ) ;
#1673 = EDGE_CURVE ( 'NONE', #111, #2515, #947, .T. ) ;
#1674 = ADVANCED_FACE ( 'NONE', ( #5499 ), #333, .F. ) ;
#1675 = DIRECTION ( 'NONE',  ( 0.000000000000000000, 0.000000000000000000, -1.000000000000000000 ) ) ;
#1676 = VERTEX_POINT ( 'NONE', #644 ) ;
#1677 = LINE ( 'NONE', #1333, #2895 ) ;
#1678 = DIRECTION ( 'NONE',  ( 0.000000000000000000, -1.000000000000000000, -1.526149685610094588E-16 ) ) ;
#1679 = CLOSED_SHELL ( 'NONE', ( #4008, #4891, #2453, #709, #379, #476 ) ) ;
#1680 = PRODUCT_DEFINITION ( 'UNKNOWN', '', #695, #634 ) ;
#1681 = CARTESIAN_POINT ( 'NONE',  ( -59.18604651162796415, 25.00000000000000000, -4.918604651162787889 ) ) ;
#1682 = AXIS2_PLACEMENT_3D ( 'NONE', #243, #5104, #1151 ) ;
#1683 = PRODUCT ( 'Bar_4', 'Bar_4', '', ( #4382 ) ) ;
#1684 = DIRECTION ( 'NONE',  ( -1.000000000000000000, 0.000000000000000000, 0.000000000000000000 ) ) ;
#1685 = AXIS2_PLACEMENT_3D ( 'NONE', #1653, #736, #2532 ) ;
#1686 = ORIENTED_EDGE ( 'NONE', *, *, #3138, .F. ) ;
#1687 = DIRECTION ( 'NONE',  ( 0.000000000000000000, 0.000000000000000000, -1.000000000000000000 ) ) ;
#1688 = ORIENTED_EDGE ( 'NONE', *, *, #2714, .T. ) ;
#1689 = AXIS2_PLACEMENT_3D ( 'NONE', #4070, #4904, #2335 ) ;
#1690 = SHAPE_DEFINITION_REPRESENTATION ( #276, #1904 ) ;
#1691 = AXIS2_PLACEMENT_3D ( 'NONE', #849, #2676, #4453 ) ;
#1692 = ORIENTED_EDGE ( 'NONE', *, *, #5377, .F. ) ;
#1693 = EDGE_CURVE ( 'NONE', #1195, #607, #215, .T. ) ;
#1694 = VECTOR ( 'NONE', #3111, 1000.000000000000000 ) ;
#1695 = LINE ( 'NONE', #1202, #4118 ) ;
#1696 = ORIENTED_EDGE ( 'NONE', *, *, #1655, .T. ) ;
#1697 = DIRECTION ( 'NONE',  ( -1.000000000000000000, 0.000000000000000000, -0.000000000000000000 ) ) ;
#1698 = VECTOR ( 'NONE', #1275, 1000.000000000000000 ) ;
#1699 = ORIENTED_EDGE ( 'NONE', *, *, #5377, .T. ) ;
#1700 = DIRECTION ( 'NONE',  ( 0.000000000000000000, 0.000000000000000000, 1.000000000000000000 ) ) ;
#1701 = EDGE_CURVE ( 'NONE', #1784, #1609, #3275, .T. ) ;
#1702 = APPLICATION_CONTEXT ( 'automotive_design' ) ;
#1703 = VECTOR ( 'NONE', #3276, 1000.000000000000000 ) ;
#1704 = FACE_OUTER_BOUND ( 'NONE', #4287, .T. ) ;
#1705 = DIRECTION ( 'NONE',  ( 1.000000000000000000, 0.000000000000000000, 0.000000000000000000 ) ) ;
#1706 = CIRCLE ( 'NONE', #3010, 18.86810474738533472 ) ;
#1707 = EDGE_CURVE ( 'NONE', #3649, #2378, #3005, .T. ) ;
#1708 = CARTESIAN_POINT ( 'NONE',  ( -59.18604651162796415, 0.000000000000000000, 9.668752741182157251E-15 ) ) ;
#1709 = DIRECTION ( 'NONE',  ( 0.000000000000000000, 0.000000000000000000, 1.000000000000000000 ) ) ;
#1710 = CARTESIAN_POINT ( 'NONE',  ( -237.3333333333332860, 370.0000000000000000, -74.99999999999992895 ) ) ;
#1711 = VECTOR ( 'NONE', #1544, 1000.000000000000000 ) ;
#1712 = ORIENTED_EDGE ( 'NONE', *, *, #2116, .F. ) ;
#1713 = LINE ( 'NONE', #1743, #4112 ) ;
#1714 = DIRECTION ( 'NONE',  ( -1.000000000000000000, 0.000000000000000000, 1.614990014412855252E-16 ) ) ;
#1715 = PRESENTATION_LAYER_ASSIGNMENT (  '', '', ( #960 ) ) ;
#1716 = CARTESIAN_POINT ( 'NONE',  ( 37.63175721595817436, 97.50000000000000000, 8.577867353333820333 ) ) ;
#1717 = CARTESIAN_POINT ( 'NONE',  ( -84.77053187294963266, 25.00000000000000000, 15.47434032139877935 ) ) ;
#1718 = CIRCLE ( 'NONE', #2174, 19.15855084771456518 ) ;
#1719 = DIRECTION ( 'NONE',  ( -0.000000000000000000, 0.000000000000000000, 1.000000000000000000 ) ) ;
#1720 = ORIENTED_EDGE ( 'NONE', *, *, #3041, .T. ) ;
#1721 = DIRECTION ( 'NONE',  ( 1.000000000000000000, -0.000000000000000000, -0.000000000000000000 ) ) ;
#1722 = EDGE_LOOP ( 'NONE', ( #70, #1589, #1233, #901 ) ) ;
#1723 = VECTOR ( 'NONE', #3997, 1000.000000000000000 ) ;
#1724 = APPLICATION_PROTOCOL_DEFINITION ( 'draft international standard', 'automotive_design', 1998, #4196 ) ;
#1725 = ADVANCED_FACE ( 'NONE', ( #4762 ), #1583, .F. ) ;
#1726 = AXIS2_PLACEMENT_3D ( 'NONE', #1363, #944, #2257 ) ;
#1727 = ORIENTED_EDGE ( 'NONE', *, *, #2205, .F. ) ;
#1728 = DIRECTION ( 'NONE',  ( 0.000000000000000000, 1.000000000000000000, 0.000000000000000000 ) ) ;
#1729 = EDGE_CURVE ( 'NONE', #4065, #3398, #3424, .T. ) ;
#1730 = ORIENTED_EDGE ( 'NONE', *, *, #2611, .T. ) ;
#1731 = PLANE ( 'NONE',  #1438 ) ;
#1732 = LINE ( 'NONE', #5268, #2213 ) ;
#1733 = AXIS2_PLACEMENT_3D ( 'NONE', #2450, #2922, #1660 ) ;
#1734 = DIRECTION ( 'NONE',  ( -1.000000000000000000, 0.000000000000000000, 0.000000000000000000 ) ) ;
#1735 = EDGE_CURVE ( 'NONE', #809, #2831, #1558, .T. ) ;
#1736 = FACE_OUTER_BOUND ( 'NONE', #4470, .T. ) ;
#1737 = EDGE_CURVE ( 'NONE', #2572, #5201, #2019, .T. ) ;
#1738 = ORIENTED_EDGE ( 'NONE', *, *, #5248, .F. ) ;
#1739 = VERTEX_POINT ( 'NONE', #2429 ) ;
#1740 = DIRECTION ( 'NONE',  ( -2.185888876940040671E-33, -0.9999999999999997780, 1.066194817212773768E-28 ) ) ;
#1741 = PLANE ( 'NONE',  #1691 ) ;
#1742 = ORIENTED_EDGE ( 'NONE', *, *, #4290, .T. ) ;
#1743 = CARTESIAN_POINT ( 'NONE',  ( -56.18604651162795705, 3.000000000000000000, -17.41860465116278789 ) ) ;
#1744 = CARTESIAN_POINT ( 'NONE',  ( 30.57150851985710815, 97.50000000000000000, 31.07524616010108431 ) ) ;
#1745 = DIRECTION ( 'NONE',  ( 0.9532520323598018264, 0.000000000000000000, 0.3021763769752814910 ) ) ;
#1746 = DIRECTION ( 'NONE',  ( 0.000000000000000000, -0.000000000000000000, 1.000000000000000000 ) ) ;
#1747 = ORIENTED_EDGE ( 'NONE', *, *, #4828, .T. ) ;
#1748 = CARTESIAN_POINT ( 'NONE',  ( -31.18604651162795349, 25.00000000000000000, 0.08139534883721254166 ) ) ;
#1749 = VERTEX_POINT ( 'NONE', #1152 ) ;
#1750 = CARTESIAN_POINT ( 'NONE',  ( -379.0350877192983603, 12.50000000000000000, -3.684210526315693013 ) ) ;
#1751 = ORIENTED_EDGE ( 'NONE', *, *, #4455, .F. ) ;
#1752 = SHAPE_DEFINITION_REPRESENTATION ( #4753, #2132 ) ;
#1753 = SURFACE_STYLE_FILL_AREA ( #5395 ) ;
#1754 = EDGE_CURVE ( 'NONE', #2489, #3011, #2046, .T. ) ;
#1755 = VERTEX_POINT ( 'NONE', #1992 ) ;
#1756 = DIRECTION ( 'NONE',  ( 0.000000000000000000, -0.000000000000000000, 1.000000000000000000 ) ) ;
#1757 = VERTEX_POINT ( 'NONE', #2081 ) ;
#1758 = DIRECTION ( 'NONE',  ( -1.000000000000000000, 0.000000000000000000, 3.767964143663676271E-16 ) ) ;
#1759 = SHAPE_REPRESENTATION_RELATIONSHIP ( 'NONE' , 'NONE' ,  #2467, #3448 ) ;
#1760 = PLANE ( 'NONE',  #3613 ) ;
#1761 = DIRECTION ( 'NONE',  ( -1.000000000000000000, 0.000000000000000000, 0.000000000000000000 ) ) ;
#1762 = CARTESIAN_POINT ( 'NONE',  ( -379.0350877192983603, 12.50000000000000000, -3.684210526315693013 ) ) ;
#1763 = EDGE_LOOP ( 'NONE', ( #1299, #1852, #918, #4968 ) ) ;
#1764 = VERTEX_POINT ( 'NONE', #2552 ) ;
#1765 = VECTOR ( 'NONE', #3797, 1000.000000000000000 ) ;
#1766 = LINE ( 'NONE', #3990, #4128 ) ;
#1767 = CARTESIAN_POINT ( 'NONE',  ( -10.04819277108434683, 0.000000000000000000, -5.367469879518071529 ) ) ;
#1768 = DIRECTION ( 'NONE',  ( 1.000000000000000000, -0.000000000000000000, -3.469446951953613696E-16 ) ) ;
#1769 = FACE_OUTER_BOUND ( 'NONE', #4869, .T. ) ;
#1770 = EDGE_CURVE ( 'NONE', #2598, #1755, #574, .T. ) ;
#1771 = CARTESIAN_POINT ( 'NONE',  ( -6.055045871559629589, 217.0000000000000000, 24.72935779816513957 ) ) ;
#1772 = VERTEX_POINT ( 'NONE', #762 ) ;
#1773 = LINE ( 'NONE', #2595, #1993 ) ;
#1774 = EDGE_LOOP ( 'NONE', ( #5565, #4201, #2438, #3588 ) ) ;
#1775 = EDGE_CURVE ( 'NONE', #3539, #4262, #2914, .T. ) ;
#1776 = ORIENTED_EDGE ( 'NONE', *, *, #1991, .F. ) ;
#1777 = SHAPE_DEFINITION_REPRESENTATION ( #3781, #1079 ) ;
#1778 = AXIS2_PLACEMENT_3D ( 'NONE', #1123, #3197, #939 ) ;
#1779 =( LENGTH_UNIT ( ) NAMED_UNIT ( * ) SI_UNIT ( .MILLI., .METRE. ) );
#1780 = VECTOR ( 'NONE', #1823, 1000.000000000000000 ) ;
#1781 = ORIENTED_EDGE ( 'NONE', *, *, #1009, .T. ) ;
#1782 = CARTESIAN_POINT ( 'NONE',  ( -64.03508771929831767, 0.000000000000000000, -23.68421052631578760 ) ) ;
#1783 = AXIS2_PLACEMENT_3D ( 'NONE', #4366, #3449, #5217 ) ;
#1784 = VERTEX_POINT ( 'NONE', #2433 ) ;
#1785 = CARTESIAN_POINT ( 'NONE',  ( -64.03508771929831767, 25.00000000000000000, -23.68421052631578760 ) ) ;
#1786 = LINE ( 'NONE', #380, #4177 ) ;
#1787 = VECTOR ( 'NONE', #521, 1000.000000000000000 ) ;
#1788 = ADVANCED_BREP_SHAPE_REPRESENTATION ( '', ( #1171, #2468 ), #4337 ) ;
#1789 = FACE_OUTER_BOUND ( 'NONE', #3373, .T. ) ;
#1790 = CIRCLE ( 'NONE', #3092, 5.000000000000000888 ) ;
#1791 = CARTESIAN_POINT ( 'NONE',  ( -53.86378737541530626, 3.652823920265783286, -3.000000000000000000 ) ) ;
#1792 = VERTEX_POINT ( 'NONE', #5105 ) ;
#1793 = CIRCLE ( 'NONE', #18, 11.78635831963075731 ) ;
#1794 = DIRECTION ( 'NONE',  ( -8.326672684688674053E-16, -5.951600102803027799E-17, 1.000000000000000000 ) ) ;
#1795 = ADVANCED_FACE ( 'NONE', ( #2934 ), #2904, .F. ) ;
#1796 = CARTESIAN_POINT ( 'NONE',  ( 0.000000000000000000, -6.847176079734221155, 10.00000000000000000 ) ) ;
#1797 = ORIENTED_EDGE ( 'NONE', *, *, #1307, .T. ) ;
#1798 = AXIS2_PLACEMENT_3D ( 'NONE', #5073, #3771, #2424 ) ;
#1799 = CARTESIAN_POINT ( 'NONE',  ( -61.23762376237618810, 53.00000000000004974, -0.9059405940593530104 ) ) ;
#1800 = ORIENTED_EDGE ( 'NONE', *, *, #231, .T. ) ;
#1801 = CARTESIAN_POINT ( 'NONE',  ( -129.7916666666666288, 0.000000000000000000, 0.4166666666666519747 ) ) ;
#1802 = DIRECTION ( 'NONE',  ( 0.000000000000000000, 1.000000000000000000, 0.000000000000000000 ) ) ;
#1803 = EDGE_CURVE ( 'NONE', #4415, #967, #675, .T. ) ;
#1804 = CIRCLE ( 'NONE', #1516, 18.86810474738533472 ) ;
#1805 = CYLINDRICAL_SURFACE ( 'NONE', #3744, 18.86810474738533472 ) ;
#1806 = PLANE ( 'NONE',  #4239 ) ;
#1807 = ADVANCED_FACE ( 'NONE', ( #2496, #4277 ), #268, .F. ) ;
#1808 = EDGE_CURVE ( 'NONE', #2860, #5149, #3022, .T. ) ;
#1809 = ORIENTED_EDGE ( 'NONE', *, *, #218, .F. ) ;
#1810 = DIRECTION ( 'NONE',  ( 0.000000000000000000, 0.000000000000000000, 1.000000000000000000 ) ) ;
#1811 = PRODUCT_CONTEXT ( 'NONE', #4012, 'mechanical' ) ;
#1812 = STYLED_ITEM ( 'NONE', ( #3229 ), #2981 ) ;
#1813 = APPLICATION_CONTEXT ( 'automotive_design' ) ;
#1814 = CYLINDRICAL_SURFACE ( 'NONE', #4031, 11.62970334961300978 ) ;
#1815 = AXIS2_PLACEMENT_3D ( 'NONE', #3344, #1566, #3911 ) ;
#1816 = EDGE_LOOP ( 'NONE', ( #2512, #1888, #4077, #524, #1012, #3603 ) ) ;
#1817 = CARTESIAN_POINT ( 'NONE',  ( -237.3333333333332860, 428.0000000000000000, -74.99999999999992895 ) ) ;
#1818 = ORIENTED_EDGE ( 'NONE', *, *, #676, .F. ) ;
#1819 = DIRECTION ( 'NONE',  ( 0.000000000000000000, 1.000000000000000000, 0.000000000000000000 ) ) ;
#1820 = PRODUCT_DEFINITION_SHAPE ( 'NONE', 'NONE',  #5724 ) ;
#1821 = LINE ( 'NONE', #903, #2874 ) ;
#1822 = AXIS2_PLACEMENT_3D ( 'NONE', #1499, #3780, #4706 ) ;
#1823 = DIRECTION ( 'NONE',  ( -1.734723475976806848E-16, -0.000000000000000000, -1.000000000000000000 ) ) ;
#1824 = DIRECTION ( 'NONE',  ( -1.000000000000000000, 0.000000000000000000, 0.000000000000000000 ) ) ;
#1825 = VERTEX_POINT ( 'NONE', #1791 ) ;
#1826 = PRODUCT_DEFINITION_FORMATION_WITH_SPECIFIED_SOURCE ( 'ANY', '', #1069, .NOT_KNOWN. ) ;
#1827 = CARTESIAN_POINT ( 'NONE',  ( -84.77053187294963266, 75.00000000000001421, -3.684210526315786272 ) ) ;
#1828 = DIRECTION ( 'NONE',  ( 1.387778780781446859E-15, 1.000000000000000000, 0.000000000000000000 ) ) ;
#1829 = ORIENTED_EDGE ( 'NONE', *, *, #3277, .T. ) ;
#1830 = CARTESIAN_POINT ( 'NONE',  ( -379.0350877192983603, 12.50000000000000000, -15.47056884594645076 ) ) ;
#1831 = EDGE_CURVE ( 'NONE', #3526, #4106, #4905, .T. ) ;
#1832 = FACE_BOUND ( 'NONE', #718, .T. ) ;
#1833 = CARTESIAN_POINT ( 'NONE',  ( 0.000000000000000000, 0.000000000000000000, 0.000000000000000000 ) ) ;
#1834 = DIRECTION ( 'NONE',  ( -4.625929269271485914E-16, 0.000000000000000000, -1.000000000000000000 ) ) ;
#1835 = EDGE_LOOP ( 'NONE', ( #4767, #4945, #4457, #3012 ) ) ;
#1836 = EDGE_LOOP ( 'NONE', ( #4437, #1062, #1974, #5006 ) ) ;
#1837 =( NAMED_UNIT ( * ) SI_UNIT ( $, .STERADIAN. ) SOLID_ANGLE_UNIT ( ) );
#1838 = ORIENTED_EDGE ( 'NONE', *, *, #2043, .T. ) ;
#1839 = DIRECTION ( 'NONE',  ( 0.000000000000000000, -1.000000000000000000, 0.000000000000000000 ) ) ;
#1840 = ORIENTED_EDGE ( 'NONE', *, *, #1122, .T. ) ;
#1841 = DIRECTION ( 'NONE',  ( 1.000000000000000000, 0.000000000000000000, -0.000000000000000000 ) ) ;
#1842 = FACE_OUTER_BOUND ( 'NONE', #3689, .T. ) ;
#1843 = CARTESIAN_POINT ( 'NONE',  ( -59.18604651162796415, 25.00000000000000000, 0.08139534883721191716 ) ) ;
#1844 = CARTESIAN_POINT ( 'NONE',  ( -56.18604651162795705, 0.000000000000000000, -17.41860465116278789 ) ) ;
#1845 = EDGE_LOOP ( 'NONE', ( #1216, #979, #5175, #4443, #4775, #4831, #3438, #4893 ) ) ;
#1846 = ADVANCED_FACE ( 'NONE', ( #358 ), #5247, .F. ) ;
#1847 = CARTESIAN_POINT ( 'NONE',  ( 237.3333333333333712, -54.99999999999123190, -393.0000000000001137 ) ) ;
#1848 = CARTESIAN_POINT ( 'NONE',  ( 0.000000000000000000, 217.0000000000000000, 0.000000000000000000 ) ) ;
#1849 = SURFACE_STYLE_USAGE ( .BOTH. , #3716 ) ;
#1850 = DIRECTION ( 'NONE',  ( 0.000000000000000000, 0.000000000000000000, -1.000000000000000000 ) ) ;
#1851 = EDGE_CURVE ( 'NONE', #3228, #1231, #3899, .T. ) ;
#1852 = ORIENTED_EDGE ( 'NONE', *, *, #1427, .F. ) ;
#1853 = CARTESIAN_POINT ( 'NONE',  ( 0.000000000000000000, 97.50000000000000000, 24.72935779816513957 ) ) ;
#1854 = EDGE_CURVE ( 'NONE', #1481, #2694, #4449, .T. ) ;
#1855 = CARTESIAN_POINT ( 'NONE',  ( -93.23762376237618810, 100.0000000000000000, 28.09405940594061946 ) ) ;
#1856 = VERTEX_POINT ( 'NONE', #2640 ) ;
#1857 = DIRECTION ( 'NONE',  ( 1.000000000000000000, -0.000000000000000000, -0.000000000000000000 ) ) ;
#1858 = ORIENTED_EDGE ( 'NONE', *, *, #2804, .T. ) ;
#1859 = ORIENTED_EDGE ( 'NONE', *, *, #2611, .F. ) ;
#1860 = SURFACE_STYLE_USAGE ( .BOTH. , #75 ) ;
#1861 = PRODUCT_DEFINITION_SHAPE ( 'NONE', 'NONE',  #5726 ) ;
#1862 = PRODUCT_RELATED_PRODUCT_CATEGORY ( 'part', '', ( #2105 ) ) ;
#1863 = AXIS2_PLACEMENT_3D ( 'NONE', #232, #5569, #2009 ) ;
#1864 = VERTEX_POINT ( 'NONE', #3450 ) ;
#1865 = CARTESIAN_POINT ( 'NONE',  ( -101.2376237623761881, 750.0000000000000000, -21.90594059405938410 ) ) ;
#1866 = EDGE_LOOP ( 'NONE', ( #567, #3236, #227, #4417 ) ) ;
#1867 = DIRECTION ( 'NONE',  ( 1.000000000000000000, 0.000000000000000000, 0.000000000000000000 ) ) ;
#1868 = ORIENTED_EDGE ( 'NONE', *, *, #4221, .T. ) ;
#1869 = CLOSED_SHELL ( 'NONE', ( #2221, #3152, #555, #5314, #3429, #4022 ) ) ;
#1870 = LINE ( 'NONE', #3153, #2179 ) ;
#1871 = LINE ( 'NONE', #962, #3714 ) ;
#1872 = UNCERTAINTY_MEASURE_WITH_UNIT (LENGTH_MEASURE( 1.000000000000000082E-05 ), #4081, 'distance_accuracy_value', 'NONE');
#1873 = VECTOR ( 'NONE', #2764, 1000.000000000000000 ) ;
#1874 = DIRECTION ( 'NONE',  ( -1.000000000000000000, 0.000000000000000000, 1.614990014412855252E-16 ) ) ;
#1875 = LINE ( 'NONE', #2727, #1509 ) ;
#1876 = EDGE_CURVE ( 'NONE', #4860, #3539, #5329, .T. ) ;
#1877 = ORIENTED_EDGE ( 'NONE', *, *, #1329, .T. ) ;
#1878 = VECTOR ( 'NONE', #2010, 1000.000000000000000 ) ;
#1879 = CARTESIAN_POINT ( 'NONE',  ( -64.03508771929831767, 25.00000000000000000, 16.31578947368421240 ) ) ;
#1880 = PLANE ( 'NONE',  #4857 ) ;
#1881 = AXIS2_PLACEMENT_3D ( 'NONE', #303, #3426, #5107 ) ;
#1882 = ADVANCED_FACE ( 'NONE', ( #2217 ), #384, .T. ) ;
#1883 = DIRECTION ( 'NONE',  ( -0.3462977833308739095, 0.000000000000000000, 0.9381246427101909147 ) ) ;
#1884 = VERTEX_POINT ( 'NONE', #3048 ) ;
#1885 = AXIS2_PLACEMENT_3D ( 'NONE', #688, #2412, #1039 ) ;
#1886 = CARTESIAN_POINT ( 'NONE',  ( -31.18604651162795349, 25.00000000000000000, 0.08139534883721254166 ) ) ;
#1887 = AXIS2_PLACEMENT_3D ( 'NONE', #179, #1444, #3220 ) ;
#1888 = ORIENTED_EDGE ( 'NONE', *, *, #5060, .F. ) ;
#1889 = DIRECTION ( 'NONE',  ( 0.000000000000000000, -1.000000000000000000, 0.000000000000000000 ) ) ;
#1890 = AXIS2_PLACEMENT_3D ( 'NONE', #4796, #5295, #1272 ) ;
#1891 = ORIENTED_EDGE ( 'NONE', *, *, #548, .T. ) ;
#1892 = CIRCLE ( 'NONE', #1611, 18.86810474738533472 ) ;
#1893 = ORIENTED_EDGE ( 'NONE', *, *, #5190, .F. ) ;
#1894 =( LENGTH_UNIT ( ) NAMED_UNIT ( * ) SI_UNIT ( .MILLI., .METRE. ) );
#1895 = CONTEXT_DEPENDENT_SHAPE_REPRESENTATION ( #3114, #3304 ) ;
#1896 = VERTEX_POINT ( 'NONE', #5219 ) ;
#1897 = LINE ( 'NONE', #2752, #4593 ) ;
#1898 = VERTEX_POINT ( 'NONE', #795 ) ;
#1899 = VECTOR ( 'NONE', #825, 1000.000000000000000 ) ;
#1900 = PLANE ( 'NONE',  #2597 ) ;
#1901 = VECTOR ( 'NONE', #4668, 1000.000000000000000 ) ;
#1902 = CARTESIAN_POINT ( 'NONE',  ( -34.18604651162794994, 0.000000000000000000, 1.104202474970651321E-14 ) ) ;
#1903 = EDGE_CURVE ( 'NONE', #1231, #1166, #110, .T. ) ;
#1904 = SHAPE_REPRESENTATION ( 'Pivot_Joint', ( #2468 ), #3029 ) ;
#1905 = DIRECTION ( 'NONE',  ( 0.000000000000000000, 0.000000000000000000, 1.000000000000000000 ) ) ;
#1906 = ORIENTED_EDGE ( 'NONE', *, *, #2776, .F. ) ;
#1907 = VECTOR ( 'NONE', #2781, 1000.000000000000114 ) ;
#1908 = DIRECTION ( 'NONE',  ( 0.000000000000000000, 0.000000000000000000, 1.000000000000000000 ) ) ;
#1909 = LINE ( 'NONE', #4075, #201 ) ;
#1910 = AXIS2_PLACEMENT_3D ( 'NONE', #1153, #2936, #5023 ) ;
#1911 = ADVANCED_FACE ( 'NONE', ( #2136 ), #819, .T. ) ;
#1912 = FACE_OUTER_BOUND ( 'NONE', #2674, .T. ) ;
#1913 = DIRECTION ( 'NONE',  ( 0.000000000000000000, 0.000000000000000000, -1.000000000000000000 ) ) ;
#1914 = AXIS2_PLACEMENT_3D ( 'NONE', #505, #5065, #2285 ) ;
#1915 =( NAMED_UNIT ( * ) SI_UNIT ( $, .STERADIAN. ) SOLID_ANGLE_UNIT ( ) );
#1916 = PRODUCT_DEFINITION_SHAPE ( 'NONE', 'NONE',  #5721 ) ;
#1917 = ORIENTED_EDGE ( 'NONE', *, *, #4255, .F. ) ;
#1918 = DIRECTION ( 'NONE',  ( 1.000000000000000000, 0.000000000000000000, -3.229980028825710504E-16 ) ) ;
#1919 = ORIENTED_EDGE ( 'NONE', *, *, #4172, .T. ) ;
#1920 = ORIENTED_EDGE ( 'NONE', *, *, #4508, .T. ) ;
#1921 = SURFACE_STYLE_USAGE ( .BOTH. , #1035 ) ;
#1922 =( REPRESENTATION_RELATIONSHIP ('NONE','NONE', #4122, #1485 ) REPRESENTATION_RELATIONSHIP_WITH_TRANSFORMATION ( #4986 )SHAPE_REPRESENTATION_RELATIONSHIP( ) );
#1923 = DIRECTION ( 'NONE',  ( 1.000000000000000000, 0.000000000000000000, 0.000000000000000000 ) ) ;
#1924 = ORIENTED_EDGE ( 'NONE', *, *, #4483, .T. ) ;
#1925 = CARTESIAN_POINT ( 'NONE',  ( 0.000000000000000000, 0.000000000000000000, 0.000000000000000000 ) ) ;
#1926 = EDGE_LOOP ( 'NONE', ( #5627, #471, #976, #3551 ) ) ;
#1927 = DIRECTION ( 'NONE',  ( 1.000000000000000000, 0.000000000000000000, -3.229980028825710504E-16 ) ) ;
#1928 = UNCERTAINTY_MEASURE_WITH_UNIT (LENGTH_MEASURE( 1.000000000000000082E-05 ), #5185, 'distance_accuracy_value', 'NONE');
#1929 = CARTESIAN_POINT ( 'NONE',  ( -144.7916666666666856, 703.0000000000000000, -19.58333333333334991 ) ) ;
#1930 = VERTEX_POINT ( 'NONE', #2698 ) ;
#1931 = CARTESIAN_POINT ( 'NONE',  ( -10.16883116883118277, 217.0000000000000000, -6.876623376623382633 ) ) ;
#1932 = EDGE_LOOP ( 'NONE', ( #2103, #2118, #3205, #5351 ) ) ;
#1933 = EDGE_CURVE ( 'NONE', #5206, #4004, #2609, .T. ) ;
#1934 = CARTESIAN_POINT ( 'NONE',  ( -31.36378737541529205, 3.652823920265779734, 10.00000000000000000 ) ) ;
#1935 = PLANE ( 'NONE',  #1498 ) ;
#1936 = VECTOR ( 'NONE', #240, 1000.000000000000000 ) ;
#1937 = CARTESIAN_POINT ( 'NONE',  ( -47.47368421052630794, 217.0000000000000000, -7.184210526315784051 ) ) ;
#1938 = VECTOR ( 'NONE', #2215, 1000.000000000000000 ) ;
#1939 = FACE_OUTER_BOUND ( 'NONE', #4632, .T. ) ;
#1940 = EDGE_LOOP ( 'NONE', ( #4749, #5519 ) ) ;
#1941 = ORIENTED_EDGE ( 'NONE', *, *, #2084, .T. ) ;
#1942 = FILL_AREA_STYLE_COLOUR ( '', #4047 ) ;
#1943 = ADVANCED_FACE ( 'NONE', ( #4393, #442 ), #3960, .T. ) ;
#1944 = ITEM_DEFINED_TRANSFORMATION ( 'NONE', 'NONE', #3587,  #2468 ) ;
#1945 = ADVANCED_FACE ( 'NONE', ( #1736 ), #845, .F. ) ;
#1946 = CARTESIAN_POINT ( 'NONE',  ( -53.86378737541529205, 3.652823920265783286, 5.000000000000000000 ) ) ;
#1947 = VERTEX_POINT ( 'NONE', #4253 ) ;
#1948 = CARTESIAN_POINT ( 'NONE',  ( -159.7916666666666288, 723.0000000000000000, -19.58333333333334991 ) ) ;
#1949 = ORIENTED_EDGE ( 'NONE', *, *, #1121, .F. ) ;
#1950 = CARTESIAN_POINT ( 'NONE',  ( 698.0940594059405839, 72.00000000000002842, 71.23762376237617389 ) ) ;
#1951 = LINE ( 'NONE', #3732, #2787 ) ;
#1952 = FILL_AREA_STYLE_COLOUR ( '', #5479 ) ;
#1953 = ORIENTED_EDGE ( 'NONE', *, *, #782, .T. ) ;
#1954 = FACE_OUTER_BOUND ( 'NONE', #5548, .T. ) ;
#1955 = ORIENTED_EDGE ( 'NONE', *, *, #1831, .F. ) ;
#1956 = DIRECTION ( 'NONE',  ( 1.000000000000000000, 0.000000000000000000, -1.156482317317871478E-16 ) ) ;
#1957 = CARTESIAN_POINT ( 'NONE',  ( -149.7916666666667140, 703.0000000000000000, 0.4166666666666519747 ) ) ;
#1958 = AXIS2_PLACEMENT_3D ( 'NONE', #1026, #5360, #2254 ) ;
#1959 = CARTESIAN_POINT ( 'NONE',  ( -159.7916666666666288, 723.0000000000000000, 0.4166666666666519747 ) ) ;
#1960 = CARTESIAN_POINT ( 'NONE',  ( -101.2376237623761881, 750.0000000000000000, 30.09405940594061235 ) ) ;
#1961 = VECTOR ( 'NONE', #3810, 1000.000000000000000 ) ;
#1962 = CARTESIAN_POINT ( 'NONE',  ( -31.18604651162795349, 25.00000000000000000, 0.08139534883721254166 ) ) ;
#1963 = VECTOR ( 'NONE', #4171, 1000.000000000000000 ) ;
#1964 = DIRECTION ( 'NONE',  ( 0.000000000000000000, -1.000000000000000000, 0.000000000000000000 ) ) ;
#1965 = EDGE_CURVE ( 'NONE', #4573, #2869, #1793, .T. ) ;
#1966 = EDGE_LOOP ( 'NONE', ( #1730, #697 ) ) ;
#1967 = CARTESIAN_POINT ( 'NONE',  ( -56.18604651162794994, 0.000000000000000000, 17.58139534883721566 ) ) ;
#1968 = AXIS2_PLACEMENT_3D ( 'NONE', #4643, #5187, #5134 ) ;
#1969 = CONTEXT_DEPENDENT_SHAPE_REPRESENTATION ( #4274, #180 ) ;
#1970 = DIRECTION ( 'NONE',  ( -0.3462977833308739095, 0.000000000000000000, 0.9381246427101909147 ) ) ;
#1971 = EDGE_CURVE ( 'NONE', #659, #19, #3105, .T. ) ;
#1972 = VECTOR ( 'NONE', #4665, 1000.000000000000000 ) ;
#1973 = CYLINDRICAL_SURFACE ( 'NONE', #2063, 11.62970334961300978 ) ;
#1974 = ORIENTED_EDGE ( 'NONE', *, *, #2655, .F. ) ;
#1975 = FACE_BOUND ( 'NONE', #1940, .T. ) ;
#1976 = AXIS2_PLACEMENT_3D ( 'NONE', #556, #4591, #4540 ) ;
#1977 = ORIENTED_EDGE ( 'NONE', *, *, #2966, .F. ) ;
#1978 = CIRCLE ( 'NONE', #4965, 5.000000000000004441 ) ;
#1979 = FACE_OUTER_BOUND ( 'NONE', #4028, .T. ) ;
#1980 = UNCERTAINTY_MEASURE_WITH_UNIT (LENGTH_MEASURE( 1.000000000000000082E-05 ), #729, 'distance_accuracy_value', 'NONE');
#1981 = CARTESIAN_POINT ( 'NONE',  ( -50.86378737541529205, 0.000000000000000000, 10.00000000000000000 ) ) ;
#1982 =( GEOMETRIC_REPRESENTATION_CONTEXT ( 3 ) GLOBAL_UNCERTAINTY_ASSIGNED_CONTEXT ( ( #1352 ) ) GLOBAL_UNIT_ASSIGNED_CONTEXT ( ( #1894, #5317, #2746 ) ) REPRESENTATION_CONTEXT ( 'NONE', 'WORKASPACE' ) );
#1983 = ORIENTED_EDGE ( 'NONE', *, *, #3591, .F. ) ;
#1984 = DIRECTION ( 'NONE',  ( -1.000000000000000000, 0.000000000000000000, 1.614990014412855252E-16 ) ) ;
#1985 = VERTEX_POINT ( 'NONE', #2673 ) ;
#1986 = FACE_OUTER_BOUND ( 'NONE', #73, .T. ) ;
#1987 = FILL_AREA_STYLE ('',( #2549 ) ) ;
#1988 = AXIS2_PLACEMENT_3D ( 'NONE', #4755, #2014, #3803 ) ;
#1989 = DIRECTION ( 'NONE',  ( 0.000000000000000000, 1.000000000000000000, 0.000000000000000000 ) ) ;
#1990 = APPLICATION_CONTEXT ( 'automotive_design' ) ;
#1991 = EDGE_CURVE ( 'NONE', #3428, #3125, #2759, .T. ) ;
#1992 = CARTESIAN_POINT ( 'NONE',  ( -34.18604651162794994, 25.00000000000000000, -4.918604651162787889 ) ) ;
#1993 = VECTOR ( 'NONE', #1257, 1000.000000000000000 ) ;
#1994 = DIRECTION ( 'NONE',  ( 0.9532520323598017153, 0.000000000000000000, 0.3021763769752815465 ) ) ;
#1995 = EDGE_LOOP ( 'NONE', ( #5414, #4266, #1277, #3933 ) ) ;
#1996 = EDGE_CURVE ( 'NONE', #5043, #1864, #4678, .T. ) ;
#1997 = ORIENTED_EDGE ( 'NONE', *, *, #834, .T. ) ;
#1998 =( NAMED_UNIT ( * ) PLANE_ANGLE_UNIT ( ) SI_UNIT ( $, .RADIAN. ) );
#1999 = PRODUCT_DEFINITION_SHAPE ( 'NONE', 'NONE',  #5731 ) ;
#2000 = LINE ( 'NONE', #3620, #1630 ) ;
#2001 = PRODUCT_DEFINITION_FORMATION_WITH_SPECIFIED_SOURCE ( 'ANY', '', #1222, .NOT_KNOWN. ) ;
#2002 = DIRECTION ( 'NONE',  ( 0.000000000000000000, 1.000000000000000000, 0.000000000000000000 ) ) ;
#2003 = LINE ( 'NONE', #1131, #196 ) ;
#2004 = PRODUCT ( 'Pivot_Joint_sm', 'Pivot_Joint_sm', '', ( #1811 ) ) ;
#2005 = ORIENTED_EDGE ( 'NONE', *, *, #1770, .F. ) ;
#2006 = DIRECTION ( 'NONE',  ( 1.000000000000000000, 0.000000000000000000, 0.000000000000000000 ) ) ;
#2007 = VERTEX_POINT ( 'NONE', #1931 ) ;
#2008 = DIRECTION ( 'NONE',  ( -2.220446049250313081E-16, -5.551115145534832410E-17, -1.000000000000000000 ) ) ;
#2009 = DIRECTION ( 'NONE',  ( 1.734723475976806848E-16, 0.000000000000000000, 1.000000000000000000 ) ) ;
#2010 = DIRECTION ( 'NONE',  ( 1.000000000000000000, -0.000000000000000000, -1.982541115402065110E-16 ) ) ;
#2011 = ORIENTED_EDGE ( 'NONE', *, *, #3635, .F. ) ;
#2012 = FACE_OUTER_BOUND ( 'NONE', #3435, .T. ) ;
#2013 = ORIENTED_EDGE ( 'NONE', *, *, #1301, .T. ) ;
#2014 = DIRECTION ( 'NONE',  ( 0.000000000000000000, 1.000000000000000000, 0.000000000000000000 ) ) ;
#2015 = EDGE_CURVE ( 'NONE', #4361, #3347, #1875, .T. ) ;
#2016 = SHAPE_REPRESENTATION_RELATIONSHIP ( 'NONE' , 'NONE' ,  #1485, #1365 ) ;
#2017 = LINE ( 'NONE', #3335, #3930 ) ;
#2018 = EDGE_CURVE ( 'NONE', #4001, #2569, #966, .T. ) ;
#2019 = LINE ( 'NONE', #2875, #484 ) ;
#2020 = PLANE ( 'NONE',  #4496 ) ;
#2021 = ADVANCED_FACE ( 'NONE', ( #2365 ), #4537, .T. ) ;
#2022 = FACE_OUTER_BOUND ( 'NONE', #3312, .T. ) ;
#2023 = EDGE_CURVE ( 'NONE', #2572, #5370, #5413, .T. ) ;
#2024 = EDGE_LOOP ( 'NONE', ( #5651, #5475 ) ) ;
#2025 = DIRECTION ( 'NONE',  ( 0.000000000000000000, -0.000000000000000000, -1.000000000000000000 ) ) ;
#2026 = VECTOR ( 'NONE', #3652, 1000.000000000000000 ) ;
#2027 = LINE ( 'NONE', #2200, #2061 ) ;
#2028 = DIRECTION ( 'NONE',  ( 0.000000000000000000, -1.000000000000000000, 0.000000000000000000 ) ) ;
#2029 = EDGE_CURVE ( 'NONE', #2569, #2979, #585, .T. ) ;
#2030 = DIRECTION ( 'NONE',  ( -0.000000000000000000, -0.000000000000000000, 1.000000000000000000 ) ) ;
#2031 = ORIENTED_EDGE ( 'NONE', *, *, #4641, .F. ) ;
#2032 = CARTESIAN_POINT ( 'NONE',  ( -10.04819277108434328, 260.0000000000000000, 24.63253012048192403 ) ) ;
#2033 = ORIENTED_EDGE ( 'NONE', *, *, #3093, .T. ) ;
#2034 = DIRECTION ( 'NONE',  ( 1.000000000000000000, 0.000000000000000000, 0.000000000000000000 ) ) ;
#2035 = CARTESIAN_POINT ( 'NONE',  ( -36.05504587155962781, 217.0000000000000000, -5.270642201834860430 ) ) ;
#2036 = CARTESIAN_POINT ( 'NONE',  ( -36.05504587155962781, 119.5000000000000000, 24.72935779816513957 ) ) ;
#2037 = ORIENTED_EDGE ( 'NONE', *, *, #1456, .T. ) ;
#2038 = FACE_OUTER_BOUND ( 'NONE', #4053, .T. ) ;
#2039 = ORIENTED_EDGE ( 'NONE', *, *, #4692, .T. ) ;
#2040 = LINE ( 'NONE', #3302, #500 ) ;
#2041 = DIRECTION ( 'NONE',  ( -3.965082230804130220E-16, -0.000000000000000000, -1.000000000000000000 ) ) ;
#2042 = FILL_AREA_STYLE ('',( #266 ) ) ;
#2043 = EDGE_CURVE ( 'NONE', #367, #1125, #1409, .T. ) ;
#2044 = CARTESIAN_POINT ( 'NONE',  ( -84.77053187294963266, 75.00000000000001421, -3.684210526315786272 ) ) ;
#2045 = ADVANCED_FACE ( 'NONE', ( #1487 ), #5016, .F. ) ;
#2046 = LINE ( 'NONE', #2958, #4033 ) ;
#2047 = CARTESIAN_POINT ( 'NONE',  ( 0.000000000000000000, 0.000000000000000000, 0.000000000000000000 ) ) ;
#2048 = CLOSED_SHELL ( 'NONE', ( #3669, #5300, #83, #4800, #3255, #5679, #3619, #3959, #1000, #3014, #1943, #5361, #538, #3232, #3805, #3879, #50, #2841, #3841, #2196, #3847, #4248, #3544, #3686, #178 ) ) ;
#2049 = PRODUCT ( 'L2L', 'L2L', '', ( #434 ) ) ;
#2050 = VERTEX_POINT ( 'NONE', #1085 ) ;
#2051 = LINE ( 'NONE', #5556, #3181 ) ;
#2052 = EDGE_CURVE ( 'NONE', #4035, #1347, #931, .T. ) ;
#2053 = ORIENTED_EDGE ( 'NONE', *, *, #3310, .F. ) ;
#2054 = AXIS2_PLACEMENT_3D ( 'NONE', #5571, #3349, #4636 ) ;
#2055 = CIRCLE ( 'NONE', #1783, 5.000000000000004441 ) ;
#2056 = ORIENTED_EDGE ( 'NONE', *, *, #2372, .T. ) ;
#2057 = CARTESIAN_POINT ( 'NONE',  ( -197.3333333333332860, 428.0000000000000000, -74.99999999999992895 ) ) ;
#2058 = CONTEXT_DEPENDENT_SHAPE_REPRESENTATION ( #2366, #2755 ) ;
#2059 = FACE_OUTER_BOUND ( 'NONE', #754, .T. ) ;
#2060 = AXIS2_PLACEMENT_3D ( 'NONE', #1929, #259, #172 ) ;
#2061 = VECTOR ( 'NONE', #2172, 1000.000000000000000 ) ;
#2062 = FACE_OUTER_BOUND ( 'NONE', #419, .T. ) ;
#2063 = AXIS2_PLACEMENT_3D ( 'NONE', #1946, #4685, #1071 ) ;
#2064 = ORIENTED_EDGE ( 'NONE', *, *, #3900, .T. ) ;
#2065 = CARTESIAN_POINT ( 'NONE',  ( -53.86378737541530626, 3.652823920265783286, 5.000000000000000000 ) ) ;
#2066 = VERTEX_POINT ( 'NONE', #470 ) ;
#2067 = DIRECTION ( 'NONE',  ( -0.8894605923631672129, 0.4570118758117383551, -6.316094560844162436E-16 ) ) ;
#2068 = STYLED_ITEM ( 'NONE', ( #4216 ), #4978 ) ;
#2069 = FACE_OUTER_BOUND ( 'NONE', #2130, .T. ) ;
#2070 = VECTOR ( 'NONE', #3336, 1000.000000000000000 ) ;
#2071 = EDGE_LOOP ( 'NONE', ( #1286, #3281, #5145, #3979 ) ) ;
#2072 = DIRECTION ( 'NONE',  ( 1.000000000000000000, 0.000000000000000000, -0.000000000000000000 ) ) ;
#2073 = ORIENTED_EDGE ( 'NONE', *, *, #4109, .T. ) ;
#2074 = DIRECTION ( 'NONE',  ( 0.000000000000000000, 1.000000000000000000, -0.000000000000000000 ) ) ;
#2075 = ORIENTED_EDGE ( 'NONE', *, *, #3293, .F. ) ;
#2076 = CARTESIAN_POINT ( 'NONE',  ( -59.18604651162796415, 25.00000000000000000, 5.081395348837212111 ) ) ;
#2077 = AXIS2_PLACEMENT_3D ( 'NONE', #3919, #4868, #836 ) ;
#2078 = DIRECTION ( 'NONE',  ( 0.000000000000000000, -1.000000000000000000, 0.000000000000000000 ) ) ;
#2079 = VECTOR ( 'NONE', #2797, 1000.000000000000000 ) ;
#2080 = LINE ( 'NONE', #2933, #4116 ) ;
#2081 = CARTESIAN_POINT ( 'NONE',  ( 48.54132590923786950, 100.5000000000000000, 31.82772734221840594 ) ) ;
#2082 = PRESENTATION_LAYER_ASSIGNMENT (  '', '', ( #2456 ) ) ;
#2083 = DIRECTION ( 'NONE',  ( 0.000000000000000000, -1.000000000000000000, 0.000000000000000000 ) ) ;
#2084 = EDGE_CURVE ( 'NONE', #519, #3217, #4158, .T. ) ;
#2085 = CARTESIAN_POINT ( 'NONE',  ( -6.055045871559633142, 100.5000000000000000, -2.922177327496561894 ) ) ;
#2086 = AXIS2_PLACEMENT_3D ( 'NONE', #5595, #1631, #4683 ) ;
#2087 = VERTEX_POINT ( 'NONE', #3239 ) ;
#2088 = PRESENTATION_STYLE_ASSIGNMENT (( #3457 ) ) ;
#2090 = AXIS2_PLACEMENT_3D ( 'NONE', #2754, #1819, #4992 ) ;
#2089 = DIRECTION ( 'NONE',  ( 0.000000000000000000, 0.000000000000000000, -1.000000000000000000 ) ) ;
#2091 =( GEOMETRIC_REPRESENTATION_CONTEXT ( 3 ) GLOBAL_UNCERTAINTY_ASSIGNED_CONTEXT ( ( #694 ) ) GLOBAL_UNIT_ASSIGNED_CONTEXT ( ( #4520, #3201, #3140 ) ) REPRESENTATION_CONTEXT ( 'NONE', 'WORKASPACE' ) );
#2092 = DIRECTION ( 'NONE',  ( 1.000000000000000000, -0.000000000000000000, -0.000000000000000000 ) ) ;
#2093 = EDGE_LOOP ( 'NONE', ( #5055, #3887, #2125, #3167 ) ) ;
#2094 = LINE ( 'NONE', #741, #5049 ) ;
#2095 = VERTEX_POINT ( 'NONE', #5044 ) ;
#2096 =( GEOMETRIC_REPRESENTATION_CONTEXT ( 3 ) GLOBAL_UNCERTAINTY_ASSIGNED_CONTEXT ( ( #3622 ) ) GLOBAL_UNIT_ASSIGNED_CONTEXT ( ( #692, #5516, #3888 ) ) REPRESENTATION_CONTEXT ( 'NONE', 'WORKASPACE' ) );
#2097 = CARTESIAN_POINT ( 'NONE',  ( 17.41860465116218393, 20.00000000000084555, -107.1860465116299110 ) ) ;
#2098 = CARTESIAN_POINT ( 'NONE',  ( -40.04819277108434505, 0.000000000000000000, -5.367469879518071529 ) ) ;
#2099 = ORIENTED_EDGE ( 'NONE', *, *, #3822, .F. ) ;
#2100 = EDGE_CURVE ( 'NONE', #4355, #5166, #1380, .T. ) ;
#2101 = DIRECTION ( 'NONE',  ( -0.000000000000000000, -1.000000000000000000, -0.000000000000000000 ) ) ;
#2102 = EDGE_CURVE ( 'NONE', #607, #4167, #5381, .T. ) ;
#2103 = ORIENTED_EDGE ( 'NONE', *, *, #4481, .T. ) ;
#2104 = DIRECTION ( 'NONE',  ( 0.000000000000000000, 0.000000000000000000, -1.000000000000000000 ) ) ;
#2105 = PRODUCT ( 'L', 'L', '', ( #4834 ) ) ;
#2106 = VERTEX_POINT ( 'NONE', #3656 ) ;
#2107 = DIRECTION ( 'NONE',  ( 1.000000000000000000, -0.000000000000000000, -1.982541115402065110E-16 ) ) ;
#2108 =( REPRESENTATION_RELATIONSHIP ('NONE','NONE', #4122, #1079 ) REPRESENTATION_RELATIONSHIP_WITH_TRANSFORMATION ( #1262 )SHAPE_REPRESENTATION_RELATIONSHIP( ) );
#2109 = DIRECTION ( 'NONE',  ( 1.000000000000000000, 0.000000000000000000, 0.000000000000000000 ) ) ;
#2110 = DIRECTION ( 'NONE',  ( -0.9564360695764890785, 0.000000000000000000, -0.2919418517668840307 ) ) ;
#2111 = EDGE_CURVE ( 'NONE', #2291, #5195, #149, .T. ) ;
#2112 = CARTESIAN_POINT ( 'NONE',  ( -31.36378737541529205, 3.652823920265779734, 0.000000000000000000 ) ) ;
#2113 = VERTEX_POINT ( 'NONE', #3188 ) ;
#2114 = DIRECTION ( 'NONE',  ( -0.000000000000000000, -1.000000000000000000, -0.000000000000000000 ) ) ;
#2115 = CARTESIAN_POINT ( 'NONE',  ( -93.23762376237618810, 100.0000000000000000, 28.09405940594061946 ) ) ;
#2116 = EDGE_CURVE ( 'NONE', #5682, #3430, #4562, .T. ) ;
#2117 = LINE ( 'NONE', #1593, #4027 ) ;
#2118 = ORIENTED_EDGE ( 'NONE', *, *, #5470, .F. ) ;
#2119 = DIRECTION ( 'NONE',  ( -0.000000000000000000, -1.000000000000000000, -0.000000000000000000 ) ) ;
#2120 = EDGE_CURVE ( 'NONE', #3350, #4167, #5438, .T. ) ;
#2121 = ORIENTED_EDGE ( 'NONE', *, *, #4483, .F. ) ;
#2122 = DIRECTION ( 'NONE',  ( 1.000000000000000000, -0.000000000000000000, -3.469446951953613696E-16 ) ) ;
#2123 = ORIENTED_EDGE ( 'NONE', *, *, #860, .F. ) ;
#2124 = PRODUCT_CONTEXT ( 'NONE', #5366, 'mechanical' ) ;
#2125 = ORIENTED_EDGE ( 'NONE', *, *, #5283, .F. ) ;
#2126 = EDGE_CURVE ( 'NONE', #77, #3400, #1706, .T. ) ;
#2127 = LINE ( 'NONE', #3502, #3837 ) ;
#2128 = ORIENTED_EDGE ( 'NONE', *, *, #280, .F. ) ;
#2129 = CARTESIAN_POINT ( 'NONE',  ( -34.53508771929832477, 23.00000000000000000, 6.815789473684215949 ) ) ;
#2130 = EDGE_LOOP ( 'NONE', ( #5284, #2930, #883, #4728 ) ) ;
#2131 = FACE_BOUND ( 'NONE', #4983, .T. ) ;
#2132 = SHAPE_REPRESENTATION ( 'L', ( #2468 ), #2281 ) ;
#2133 = SHAPE_REPRESENTATION_RELATIONSHIP ( 'NONE' , 'NONE' ,  #2132, #2833 ) ;
#2134 = DIRECTION ( 'NONE',  ( 0.000000000000000000, 1.000000000000000000, 0.000000000000000000 ) ) ;
#2135 = CARTESIAN_POINT ( 'NONE',  ( -129.7916666666666288, 723.0000000000000000, 0.4166666666666519747 ) ) ;
#2136 = FACE_OUTER_BOUND ( 'NONE', #4833, .T. ) ;
#2137 = CARTESIAN_POINT ( 'NONE',  ( -139.7916666666666856, 20.00000000000000000, -19.58333333333334991 ) ) ;
#2138 = EDGE_LOOP ( 'NONE', ( #2947, #3852, #3813, #4503 ) ) ;
#2139 = DIRECTION ( 'NONE',  ( 0.000000000000000000, 0.000000000000000000, 1.000000000000000000 ) ) ;
#2140 = FACE_BOUND ( 'NONE', #5712, .T. ) ;
#2141 = EDGE_CURVE ( 'NONE', #576, #4587, #4043, .T. ) ;
#2142 = LINE ( 'NONE', #3937, #1899 ) ;
#2143 = DIRECTION ( 'NONE',  ( -1.156482317317871478E-16, -0.000000000000000000, -1.000000000000000000 ) ) ;
#2144 = VECTOR ( 'NONE', #1208, 1000.000000000000000 ) ;
#2145 = EDGE_CURVE ( 'NONE', #5345, #3817, #2394, .T. ) ;
#2146 = CARTESIAN_POINT ( 'NONE',  ( -379.0350877192983603, 12.50000000000000000, -3.684210526315693013 ) ) ;
#2147 = ORIENTED_EDGE ( 'NONE', *, *, #256, .T. ) ;
#2148 = CARTESIAN_POINT ( 'NONE',  ( -159.7916666666666288, 723.0000000000000000, -19.58333333333334991 ) ) ;
#2149 = ORIENTED_EDGE ( 'NONE', *, *, #984, .T. ) ;
#2150 = AXIS2_PLACEMENT_3D ( 'NONE', #234, #2392, #5545 ) ;
#2151 = SHAPE_DEFINITION_REPRESENTATION ( #138, #4495 ) ;
#2152 = ADVANCED_FACE ( 'NONE', ( #1954, #3351 ), #4211, .F. ) ;
#2153 = EDGE_CURVE ( 'NONE', #2772, #770, #3750, .T. ) ;
#2154 = PRESENTATION_LAYER_ASSIGNMENT (  '', '', ( #4950 ) ) ;
#2155 =( LENGTH_UNIT ( ) NAMED_UNIT ( * ) SI_UNIT ( .MILLI., .METRE. ) );
#2156 = EDGE_LOOP ( 'NONE', ( #5322, #3366, #3290, #5398 ) ) ;
#2157 = LINE ( 'NONE', #4416, #4958 ) ;
#2158 = ORIENTED_EDGE ( 'NONE', *, *, #2326, .T. ) ;
#2159 = CARTESIAN_POINT ( 'NONE',  ( -84.77053187294963266, 75.00000000000001421, -3.684210526315786272 ) ) ;
#2160 = VECTOR ( 'NONE', #5001, 1000.000000000000000 ) ;
#2161 =( LENGTH_UNIT ( ) NAMED_UNIT ( * ) SI_UNIT ( .MILLI., .METRE. ) );
#2162 = CARTESIAN_POINT ( 'NONE',  ( -36.05504587155962781, 119.5000000000000000, 24.72935779816513957 ) ) ;
#2163 = DIRECTION ( 'NONE',  ( 0.000000000000000000, 0.000000000000000000, -1.000000000000000000 ) ) ;
#2164 = DIRECTION ( 'NONE',  ( -1.000000000000000000, -0.000000000000000000, -0.000000000000000000 ) ) ;
#2165 = DIRECTION ( 'NONE',  ( 1.000000000000000444, -1.245949569929145178E-33, -2.613101748544601605E-29 ) ) ;
#2166 = LINE ( 'NONE', #474, #1698 ) ;
#2167 = CIRCLE ( 'NONE', #4419, 5.000000000000000888 ) ;
#2168 = ORIENTED_EDGE ( 'NONE', *, *, #1109, .T. ) ;
#2169 = LINE ( 'NONE', #3134, #4391 ) ;
#2170 = DIRECTION ( 'NONE',  ( 0.000000000000000000, 0.000000000000000000, 1.000000000000000000 ) ) ;
#2171 = DIRECTION ( 'NONE',  ( 0.000000000000000000, 0.000000000000000000, 1.000000000000000000 ) ) ;
#2172 = DIRECTION ( 'NONE',  ( 1.000000000000000000, 0.000000000000000000, 0.000000000000000000 ) ) ;
#2173 = EDGE_CURVE ( 'NONE', #3249, #3217, #2732, .T. ) ;
#2174 = AXIS2_PLACEMENT_3D ( 'NONE', #2159, #5241, #4814 ) ;
#2175 = FACE_OUTER_BOUND ( 'NONE', #4697, .T. ) ;
#2176 = ORIENTED_EDGE ( 'NONE', *, *, #108, .F. ) ;
#2177 = CYLINDRICAL_SURFACE ( 'NONE', #3283, 9.499999999999998224 ) ;
#2178 = ORIENTED_EDGE ( 'NONE', *, *, #3697, .T. ) ;
#2179 = VECTOR ( 'NONE', #4068, 1000.000000000000000 ) ;
#2180 = SHAPE_DEFINITION_REPRESENTATION ( #3353, #4635 ) ;
#2181 = PLANE ( 'NONE',  #2717 ) ;
#2182 = AXIS2_PLACEMENT_3D ( 'NONE', #5628, #1228, #3378 ) ;
#2183 = ORIENTED_EDGE ( 'NONE', *, *, #397, .T. ) ;
#2184 = DIRECTION ( 'NONE',  ( 0.000000000000000000, 0.000000000000000000, -1.000000000000000000 ) ) ;
#2185 = EDGE_LOOP ( 'NONE', ( #1686, #1747, #2099, #2582 ) ) ;
#2186 = DIRECTION ( 'NONE',  ( -0.000000000000000000, -1.000000000000000000, -0.000000000000000000 ) ) ;
#2187 = DIRECTION ( 'NONE',  ( -0.000000000000000000, -0.000000000000000000, 1.000000000000000000 ) ) ;
#2188 = PRODUCT_DEFINITION_FORMATION_WITH_SPECIFIED_SOURCE ( 'ANY', '', #2004, .NOT_KNOWN. ) ;
#2189 = CARTESIAN_POINT ( 'NONE',  ( 30.57150851985710815, 116.5000000000000000, 26.07524616010108431 ) ) ;
#2190 = DIRECTION ( 'NONE',  ( 0.000000000000000000, -0.000000000000000000, 1.000000000000000000 ) ) ;
#2191 = ADVANCED_FACE ( 'NONE', ( #2012 ), #4638, .F. ) ;
#2192 = ORIENTED_EDGE ( 'NONE', *, *, #2353, .T. ) ;
#2193 = ADVANCED_BREP_SHAPE_REPRESENTATION ( '', ( #3097, #2468 ), #3122 ) ;
#2194 = CARTESIAN_POINT ( 'NONE',  ( -237.3333333333332860, 428.0000000000000000, -74.99999999999992895 ) ) ;
#2195 = EDGE_LOOP ( 'NONE', ( #3169, #2440 ) ) ;
#2196 = ADVANCED_FACE ( 'NONE', ( #5100, #207 ), #668, .T. ) ;
#2197 = DIRECTION ( 'NONE',  ( 0.000000000000000000, 0.000000000000000000, 1.000000000000000000 ) ) ;
#2198 = CYLINDRICAL_SURFACE ( 'NONE', #3653, 5.000000000000031974 ) ;
#2199 = CARTESIAN_POINT ( 'NONE',  ( 0.000000000000000000, 0.000000000000000000, 0.000000000000000000 ) ) ;
#2200 = CARTESIAN_POINT ( 'NONE',  ( -40.16883116883117566, 217.0000000000000000, 8.123376623376616479 ) ) ;
#2201 = DIRECTION ( 'NONE',  ( 1.000000000000000000, 0.000000000000000000, -3.469446951953614189E-16 ) ) ;
#2202 = VERTEX_POINT ( 'NONE', #2894 ) ;
#2203 = EDGE_LOOP ( 'NONE', ( #1426, #1434, #2408, #2183 ) ) ;
#2204 = SHAPE_DEFINITION_REPRESENTATION ( #2850, #313 ) ;
#2205 = EDGE_CURVE ( 'NONE', #1764, #3345, #5492, .T. ) ;
#2206 =( REPRESENTATION_RELATIONSHIP ('NONE','NONE', #4122, #3505 ) REPRESENTATION_RELATIONSHIP_WITH_TRANSFORMATION ( #920 )SHAPE_REPRESENTATION_RELATIONSHIP( ) );
#2207 = DIRECTION ( 'NONE',  ( 1.000000000000000000, 0.000000000000000000, 0.000000000000000000 ) ) ;
#2208 = ORIENTED_EDGE ( 'NONE', *, *, #3138, .T. ) ;
#2209 = EDGE_CURVE ( 'NONE', #940, #4333, #2458, .T. ) ;
#2210 = DIRECTION ( 'NONE',  ( -1.000000000000000000, 0.000000000000000000, 0.000000000000000000 ) ) ;
#2211 = VERTEX_POINT ( 'NONE', #3328 ) ;
#2212 = DIRECTION ( 'NONE',  ( 0.000000000000000000, 0.000000000000000000, 1.000000000000000000 ) ) ;
#2213 = VECTOR ( 'NONE', #3533, 1000.000000000000000 ) ;
#2214 =( NAMED_UNIT ( * ) PLANE_ANGLE_UNIT ( ) SI_UNIT ( $, .RADIAN. ) );
#2215 = DIRECTION ( 'NONE',  ( 3.767964143663676271E-16, 0.000000000000000000, 1.000000000000000000 ) ) ;
#2216 = LINE ( 'NONE', #2135, #97 ) ;
#2217 = FACE_OUTER_BOUND ( 'NONE', #598, .T. ) ;
#2218 = ORIENTED_EDGE ( 'NONE', *, *, #4455, .T. ) ;
#2219 = DIRECTION ( 'NONE',  ( -1.000000000000000000, -3.527766177344594233E-16, -9.436895709313830594E-16 ) ) ;
#2220 = CARTESIAN_POINT ( 'NONE',  ( -18.64705882352942368, 260.0000000000000000, -2.382352941176471450 ) ) ;
#2221 = ADVANCED_FACE ( 'NONE', ( #4727 ), #4181, .F. ) ;
#2222 = ORIENTED_EDGE ( 'NONE', *, *, #4985, .T. ) ;
#2223 = ADVANCED_FACE ( 'NONE', ( #2490, #1523 ), #236, .F. ) ;
#2224 = PRODUCT_DEFINITION_SHAPE ( 'NONE', 'NONE',  #5745 ) ;
#2225 = LINE ( 'NONE', #4456, #3924 ) ;
#2226 = CARTESIAN_POINT ( 'NONE',  ( -47.47368421052630794, 217.0000000000000000, 12.81578947368421773 ) ) ;
#2227 = PLANE ( 'NONE',  #4874 ) ;
#2228 = EDGE_CURVE ( 'NONE', #1896, #1930, #4242, .T. ) ;
#2229 = CARTESIAN_POINT ( 'NONE',  ( -31.18604651162795349, 0.000000000000000000, 9.852500080465273162E-15 ) ) ;
#2230 = LINE ( 'NONE', #828, #3027 ) ;
#2231 = AXIS2_PLACEMENT_3D ( 'NONE', #306, #1185, #2877 ) ;
#2232 = ORIENTED_EDGE ( 'NONE', *, *, #4172, .F. ) ;
#2233 = CARTESIAN_POINT ( 'NONE',  ( 30.57150851985710815, 100.5000000000000000, 26.07524616010108431 ) ) ;
#2234 = SHAPE_DEFINITION_REPRESENTATION ( #1541, #1485 ) ;
#2235 = VECTOR ( 'NONE', #298, 1000.000000000000000 ) ;
#2236 =( NAMED_UNIT ( * ) PLANE_ANGLE_UNIT ( ) SI_UNIT ( $, .RADIAN. ) );
#2237 = CIRCLE ( 'NONE', #2060, 5.000000000000031974 ) ;
#2238 = ORIENTED_EDGE ( 'NONE', *, *, #4534, .T. ) ;
#2239 = DIRECTION ( 'NONE',  ( 0.000000000000000000, 1.000000000000000000, 0.000000000000000000 ) ) ;
#2240 = ADVANCED_FACE ( 'NONE', ( #1176 ), #1578, .F. ) ;
#2241 = VERTEX_POINT ( 'NONE', #698 ) ;
#2242 = CARTESIAN_POINT ( 'NONE',  ( 30.57150851985710815, 100.5000000000000000, 31.07524616010108431 ) ) ;
#2243 = FACE_BOUND ( 'NONE', #1486, .T. ) ;
#2244 = MECHANICAL_DESIGN_GEOMETRIC_PRESENTATION_REPRESENTATION (  '', ( #3000 ), #478 ) ;
#2245 = EDGE_CURVE ( 'NONE', #2954, #4157, #671, .T. ) ;
#2246 = LINE ( 'NONE', #3155, #1780 ) ;
#2247 = VECTOR ( 'NONE', #1283, 1000.000000000000000 ) ;
#2248 = DIRECTION ( 'NONE',  ( 1.000000000000000000, 0.000000000000000000, -3.229980028825710504E-16 ) ) ;
#2249 = ORIENTED_EDGE ( 'NONE', *, *, #4776, .F. ) ;
#2250 = VECTOR ( 'NONE', #3078, 1000.000000000000000 ) ;
#2251 = DIRECTION ( 'NONE',  ( 0.9999999999999998890, 2.138038778501959995E-16, 0.000000000000000000 ) ) ;
#2252 = DIRECTION ( 'NONE',  ( 0.000000000000000000, 1.000000000000000000, 0.000000000000000000 ) ) ;
#2253 = AXIS2_PLACEMENT_3D ( 'NONE', #3829, #5573, #1204 ) ;
#2254 = DIRECTION ( 'NONE',  ( 0.000000000000000000, -0.000000000000000000, 1.000000000000000000 ) ) ;
#2255 = DIRECTION ( 'NONE',  ( -0.000000000000000000, -1.000000000000000000, -0.000000000000000000 ) ) ;
#2256 = CARTESIAN_POINT ( 'NONE',  ( -6.055045871559632253, 97.50000000000000000, 7.002553481007294250E-16 ) ) ;
#2257 = DIRECTION ( 'NONE',  ( 1.000000000000000000, 3.289711323363875317E-32, 3.697785493223492838E-32 ) ) ;
#2258 = AXIS2_PLACEMENT_3D ( 'NONE', #3260, #1600, #660 ) ;
#2259 = ADVANCED_FACE ( 'NONE', ( #2038 ), #174, .F. ) ;
#2260 = ORIENTED_EDGE ( 'NONE', *, *, #2116, .T. ) ;
#2261 = CARTESIAN_POINT ( 'NONE',  ( -34.53508771929832477, 23.00000000000000000, -14.18421052631578583 ) ) ;
#2262 = CIRCLE ( 'NONE', #3569, 10.50000000000000178 ) ;
#2263 = DIRECTION ( 'NONE',  ( 1.000000000000000000, 0.000000000000000000, 0.000000000000000000 ) ) ;
#2264 = VECTOR ( 'NONE', #5560, 1000.000000000000000 ) ;
#2265 = EDGE_LOOP ( 'NONE', ( #7, #1712, #5089, #5641 ) ) ;
#2266 = CARTESIAN_POINT ( 'NONE',  ( -50.86378737541529205, -6.847176079734221155, 10.00000000000000000 ) ) ;
#2267 = ITEM_DEFINED_TRANSFORMATION ( 'NONE', 'NONE', #1914,  #2468 ) ;
#2268 = AXIS2_PLACEMENT_3D ( 'NONE', #2460, #3895, #639 ) ;
#2269 = FILL_AREA_STYLE_COLOUR ( '', #5033 ) ;
#2270 = AXIS2_PLACEMENT_3D ( 'NONE', #2656, #3579, #5343 ) ;
#2271 = EDGE_LOOP ( 'NONE', ( #2544, #4428, #2952, #5645, #352 ) ) ;
#2272 = PLANE ( 'NONE',  #304 ) ;
#2273 = ORIENTED_EDGE ( 'NONE', *, *, #1673, .T. ) ;
#2274 = CIRCLE ( 'NONE', #5244, 5.000000000000000000 ) ;
#2275 = CARTESIAN_POINT ( 'NONE',  ( -6.055045871559629589, 217.0000000000000000, 24.72935779816513957 ) ) ;
#2276 = PRODUCT_DEFINITION_SHAPE ( 'NONE', 'NONE',  #5734 ) ;
#2277 = ADVANCED_FACE ( 'NONE', ( #4615 ), #612, .F. ) ;
#2278 = CARTESIAN_POINT ( 'NONE',  ( -27.75347876921394175, 116.5000000000000000, 24.72935779816513957 ) ) ;
#2279 = UNCERTAINTY_MEASURE_WITH_UNIT (LENGTH_MEASURE( 1.000000000000000082E-05 ), #1613, 'distance_accuracy_value', 'NONE');
#2280 = ADVANCED_FACE ( 'NONE', ( #3893 ), #4837, .T. ) ;
#2281 =( GEOMETRIC_REPRESENTATION_CONTEXT ( 3 ) GLOBAL_UNCERTAINTY_ASSIGNED_CONTEXT ( ( #3265 ) ) GLOBAL_UNIT_ASSIGNED_CONTEXT ( ( #5663, #2584, #2636 ) ) REPRESENTATION_CONTEXT ( 'NONE', 'WORKASPACE' ) );
#2282 = LINE ( 'NONE', #5410, #473 ) ;
#2283 = DIRECTION ( 'NONE',  ( 1.000000000000000000, -0.000000000000000000, -0.000000000000000000 ) ) ;
#2284 = ORIENTED_EDGE ( 'NONE', *, *, #5588, .F. ) ;
#2285 = DIRECTION ( 'NONE',  ( 1.000000000000000000, 2.089895916132587565E-28, 1.110223024625156540E-16 ) ) ;
#2286 = AXIS2_PLACEMENT_3D ( 'NONE', #2642, #5221, #302 ) ;
#2287 = LINE ( 'NONE', #4731, #5500 ) ;
#2288 = DIRECTION ( 'NONE',  ( 0.000000000000000000, -1.526149685610094588E-16, -1.000000000000000000 ) ) ;
#2289 = EDGE_CURVE ( 'NONE', #648, #3985, #1425, .T. ) ;
#2290 = DIRECTION ( 'NONE',  ( 1.000000000000000000, 0.000000000000000000, 0.000000000000000000 ) ) ;
#2291 = VERTEX_POINT ( 'NONE', #3013 ) ;
#2292 = CARTESIAN_POINT ( 'NONE',  ( 30.57150851985710815, 116.5000000000000000, 26.07524616010108431 ) ) ;
#2293 = DIRECTION ( 'NONE',  ( 0.000000000000000000, 0.000000000000000000, -1.000000000000000000 ) ) ;
#2294 = DIRECTION ( 'NONE',  ( 0.000000000000000000, 0.000000000000000000, -1.000000000000000000 ) ) ;
#2295 = DIRECTION ( 'NONE',  ( 0.9999999999999997780, 5.551115123125786400E-17, 4.930380657631323784E-32 ) ) ;
#2296 =( REPRESENTATION_RELATIONSHIP ('NONE','NONE', #4122, #313 ) REPRESENTATION_RELATIONSHIP_WITH_TRANSFORMATION ( #4714 )SHAPE_REPRESENTATION_RELATIONSHIP( ) );
#2297 = CARTESIAN_POINT ( 'NONE',  ( -237.3333333333332860, 428.0000000000000000, -54.99999999999992184 ) ) ;
#2298 = ORIENTED_EDGE ( 'NONE', *, *, #3673, .T. ) ;
#2299 = ORIENTED_EDGE ( 'NONE', *, *, #4826, .T. ) ;
#2300 = EDGE_CURVE ( 'NONE', #1479, #4627, #5265, .T. ) ;
#2301 = CONTEXT_DEPENDENT_SHAPE_REPRESENTATION ( #5081, #5024 ) ;
#2302 = ADVANCED_FACE ( 'NONE', ( #5633 ), #5238, .F. ) ;
#2303 = DIRECTION ( 'NONE',  ( 0.000000000000000000, -1.000000000000000000, 0.000000000000000000 ) ) ;
#2304 = ORIENTED_EDGE ( 'NONE', *, *, #4221, .F. ) ;
#2305 = CARTESIAN_POINT ( 'NONE',  ( -48.64705882352942012, 260.0000000000000000, 12.61764705882352899 ) ) ;
#2306 = ORIENTED_EDGE ( 'NONE', *, *, #4105, .T. ) ;
#2307 = EDGE_CURVE ( 'NONE', #4955, #2211, #2541, .T. ) ;
#2308 = CARTESIAN_POINT ( 'NONE',  ( 47.96899016065052734, 116.5000000000000000, 33.37819140955770791 ) ) ;
#2309 = DIRECTION ( 'NONE',  ( 0.000000000000000000, 1.000000000000000000, 0.000000000000000000 ) ) ;
#2310 = PLANE ( 'NONE',  #5216 ) ;
#2311 = DIRECTION ( 'NONE',  ( -0.000000000000000000, -0.000000000000000000, -1.000000000000000000 ) ) ;
#2312 = ORIENTED_EDGE ( 'NONE', *, *, #2380, .F. ) ;
#2313 = VECTOR ( 'NONE', #2637, 1000.000000000000000 ) ;
#2314 = DIRECTION ( 'NONE',  ( -1.665334536937734811E-16, 5.551115145542061580E-17, 1.000000000000000222 ) ) ;
#2315 = CARTESIAN_POINT ( 'NONE',  ( -31.18604651162796060, 34.01387818865997303, -14.91860465116278789 ) ) ;
#2316 = FACE_OUTER_BOUND ( 'NONE', #4018, .T. ) ;
#2317 = DIRECTION ( 'NONE',  ( 0.000000000000000000, -0.000000000000000000, 1.000000000000000000 ) ) ;
#2318 = EDGE_LOOP ( 'NONE', ( #863, #5632, #1224, #1394 ) ) ;
#2319 = LINE ( 'NONE', #4938, #3944 ) ;
#2320 = EDGE_LOOP ( 'NONE', ( #4322, #5000 ) ) ;
#2321 = DIRECTION ( 'NONE',  ( -0.000000000000000000, -0.000000000000000000, -1.000000000000000000 ) ) ;
#2322 = UNCERTAINTY_MEASURE_WITH_UNIT (LENGTH_MEASURE( 1.000000000000000082E-05 ), #2155, 'distance_accuracy_value', 'NONE');
#2323 = VERTEX_POINT ( 'NONE', #4332 ) ;
#2324 = VERTEX_POINT ( 'NONE', #873 ) ;
#2325 = SURFACE_STYLE_FILL_AREA ( #4029 ) ;
#2326 = EDGE_CURVE ( 'NONE', #564, #1864, #3556, .T. ) ;
#2327 = ORIENTED_EDGE ( 'NONE', *, *, #3186, .F. ) ;
#2328 = FACE_OUTER_BOUND ( 'NONE', #3089, .T. ) ;
#2329 = ORIENTED_EDGE ( 'NONE', *, *, #5557, .T. ) ;
#2330 = CARTESIAN_POINT ( 'NONE',  ( -10.41550411477438054, 116.5000000000000000, 32.85697103408162434 ) ) ;
#2331 = ADVANCED_FACE ( 'NONE', ( #2603 ), #4812, .F. ) ;
#2332 = DIRECTION ( 'NONE',  ( 0.000000000000000000, 0.000000000000000000, -1.000000000000000000 ) ) ;
#2333 = PRODUCT_DEFINITION_CONTEXT ( 'detailed design', #4603, 'design' ) ;
#2334 = AXIS2_PLACEMENT_3D ( 'NONE', #1271, #2987, #3047 ) ;
#2335 = DIRECTION ( 'NONE',  ( 0.000000000000000000, 0.000000000000000000, 1.000000000000000000 ) ) ;
#2336 = CARTESIAN_POINT ( 'NONE',  ( -450.8637873754153134, 3.652823920265783286, 5.000000000000000000 ) ) ;
#2337 = VERTEX_POINT ( 'NONE', #1234 ) ;
#2338 = VECTOR ( 'NONE', #4964, 1000.000000000000000 ) ;
#2339 = CARTESIAN_POINT ( 'NONE',  ( -59.18604651162796415, 25.00000000000000000, 0.08139534883721191716 ) ) ;
#2340 = CARTESIAN_POINT ( 'NONE',  ( -237.3333333333332860, 428.0000000000000000, -54.99999999999992184 ) ) ;
#2341 = VECTOR ( 'NONE', #4570, 1000.000000000000000 ) ;
#2342 = FACE_OUTER_BOUND ( 'NONE', #2664, .T. ) ;
#2343 = AXIS2_PLACEMENT_3D ( 'NONE', #494, #2303, #4089 ) ;
#2344 = DIRECTION ( 'NONE',  ( 0.000000000000000000, 0.000000000000000000, -1.000000000000000000 ) ) ;
#2345 = VECTOR ( 'NONE', #2731, 1000.000000000000000 ) ;
#2346 =( NAMED_UNIT ( * ) PLANE_ANGLE_UNIT ( ) SI_UNIT ( $, .RADIAN. ) );
#2347 = ORIENTED_EDGE ( 'NONE', *, *, #5470, .T. ) ;
#2348 = DIRECTION ( 'NONE',  ( 0.000000000000000000, 0.000000000000000000, -1.000000000000000000 ) ) ;
#2349 = VERTEX_POINT ( 'NONE', #374 ) ;
#2350 = VECTOR ( 'NONE', #351, 1000.000000000000000 ) ;
#2351 = VERTEX_POINT ( 'NONE', #4789 ) ;
#2352 = ITEM_DEFINED_TRANSFORMATION ( 'NONE', 'NONE', #4702,  #2468 ) ;
#2353 = EDGE_CURVE ( 'NONE', #1291, #1676, #1892, .T. ) ;
#2354 = VECTOR ( 'NONE', #4501, 1000.000000000000000 ) ;
#2355 = PRODUCT_RELATED_PRODUCT_CATEGORY ( 'part', '', ( #1069 ) ) ;
#2356 = DIRECTION ( 'NONE',  ( 1.000000000000000000, -0.000000000000000000, -3.469446951953613696E-16 ) ) ;
#2357 = ORIENTED_EDGE ( 'NONE', *, *, #2517, .T. ) ;
#2358 = DIRECTION ( 'NONE',  ( 0.000000000000000000, -1.000000000000000000, 0.000000000000000000 ) ) ;
#2359 = VERTEX_POINT ( 'NONE', #3980 ) ;
#2360 = VECTOR ( 'NONE', #1362, 1000.000000000000000 ) ;
#2361 = DIRECTION ( 'NONE',  ( -1.000000000000000000, -0.000000000000000000, -0.000000000000000000 ) ) ;
#2362 = AXIS2_PLACEMENT_3D ( 'NONE', #1114, #5609, #209 ) ;
#2363 = FACE_OUTER_BOUND ( 'NONE', #5367, .T. ) ;
#2364 = ORIENTED_EDGE ( 'NONE', *, *, #3334, .T. ) ;
#2365 = FACE_OUTER_BOUND ( 'NONE', #1375, .T. ) ;
#2366 =( REPRESENTATION_RELATIONSHIP ('NONE','NONE', #313, #2132 ) REPRESENTATION_RELATIONSHIP_WITH_TRANSFORMATION ( #273 )SHAPE_REPRESENTATION_RELATIONSHIP( ) );
#2367 = ORIENTED_EDGE ( 'NONE', *, *, #2209, .T. ) ;
#2368 = VECTOR ( 'NONE', #4858, 1000.000000000000114 ) ;
#2369 = DIRECTION ( 'NONE',  ( 0.000000000000000000, -1.000000000000000000, 0.000000000000000000 ) ) ;
#2370 =( NAMED_UNIT ( * ) PLANE_ANGLE_UNIT ( ) SI_UNIT ( $, .RADIAN. ) );
#2371 = ORIENTED_EDGE ( 'NONE', *, *, #3759, .T. ) ;
#2372 = EDGE_CURVE ( 'NONE', #5655, #5403, #2157, .T. ) ;
#2373 = PLANE ( 'NONE',  #4760 ) ;
#2374 = CARTESIAN_POINT ( 'NONE',  ( -76.23762376237618810, 394.0000000000000000, -0.9059405940594049689 ) ) ;
#2375 = AXIS2_PLACEMENT_3D ( 'NONE', #5357, #532, #3292 ) ;
#2376 = SHAPE_REPRESENTATION_RELATIONSHIP ( 'NONE' , 'NONE' ,  #4635, #1077 ) ;
#2377 = PRODUCT_DEFINITION_SHAPE ( 'NONE', 'NONE',  #3751 ) ;
#2378 = VERTEX_POINT ( 'NONE', #2665 ) ;
#2379 = DIRECTION ( 'NONE',  ( -0.000000000000000000, -0.000000000000000000, -1.000000000000000000 ) ) ;
#2380 = EDGE_CURVE ( 'NONE', #2765, #2241, #4444, .T. ) ;
#2381 = ORIENTED_EDGE ( 'NONE', *, *, #2712, .T. ) ;
#2382 = ORIENTED_EDGE ( 'NONE', *, *, #4701, .T. ) ;
#2383 = VERTEX_POINT ( 'NONE', #4005 ) ;
#2384 = FILL_AREA_STYLE ('',( #1942 ) ) ;
#2385 = DIRECTION ( 'NONE',  ( 0.000000000000000000, 1.000000000000000000, 0.000000000000000000 ) ) ;
#2386 = EDGE_LOOP ( 'NONE', ( #5707, #88, #1373, #3036 ) ) ;
#2387 = LINE ( 'NONE', #2032, #3753 ) ;
#2388 = ORIENTED_EDGE ( 'NONE', *, *, #1148, .T. ) ;
#2389 = DIRECTION ( 'NONE',  ( 0.000000000000000000, 0.000000000000000000, 1.000000000000000000 ) ) ;
#2390 = PRODUCT_DEFINITION_CONTEXT ( 'detailed design', #1990, 'design' ) ;
#2391 = EDGE_CURVE ( 'NONE', #2765, #1749, #5137, .T. ) ;
#2392 = DIRECTION ( 'NONE',  ( 0.000000000000000000, 1.000000000000000000, 0.000000000000000000 ) ) ;
#2393 = ORIENTED_EDGE ( 'NONE', *, *, #3277, .F. ) ;
#2394 = LINE ( 'NONE', #3862, #1038 ) ;
#2395 = EDGE_LOOP ( 'NONE', ( #3068, #3670, #293, #3885 ) ) ;
#2396 = CARTESIAN_POINT ( 'NONE',  ( -26.36378737541529205, 3.652823920265780178, 0.000000000000000000 ) ) ;
#2397 = CARTESIAN_POINT ( 'NONE',  ( 30.57150851985710815, 100.5000000000000000, 26.07524616010108431 ) ) ;
#2398 =( NAMED_UNIT ( * ) SI_UNIT ( $, .STERADIAN. ) SOLID_ANGLE_UNIT ( ) );
#2399 = EDGE_CURVE ( 'NONE', #1347, #967, #2580, .T. ) ;
#2400 = DIRECTION ( 'NONE',  ( 0.000000000000000000, 1.000000000000000000, 0.000000000000000000 ) ) ;
#2401 =( REPRESENTATION_RELATIONSHIP ('NONE','NONE', #4122, #3505 ) REPRESENTATION_RELATIONSHIP_WITH_TRANSFORMATION ( #2267 )SHAPE_REPRESENTATION_RELATIONSHIP( ) );
#2402 =( GEOMETRIC_REPRESENTATION_CONTEXT ( 3 ) GLOBAL_UNCERTAINTY_ASSIGNED_CONTEXT ( ( #1928 ) ) GLOBAL_UNIT_ASSIGNED_CONTEXT ( ( #5185, #5637, #2462 ) ) REPRESENTATION_CONTEXT ( 'NONE', 'WORKASPACE' ) );
#2403 = DIRECTION ( 'NONE',  ( -1.000000000000000000, 0.000000000000000000, 1.614990014412855252E-16 ) ) ;
#2404 = ADVANCED_BREP_SHAPE_REPRESENTATION ( '', ( #2981, #2468 ), #4987 ) ;
#2405 = EDGE_CURVE ( 'NONE', #5464, #2066, #5690, .T. ) ;
#2407 = EDGE_CURVE ( 'NONE', #4001, #4180, #2545, .T. ) ;
#2406 = FACE_OUTER_BOUND ( 'NONE', #2897, .T. ) ;
#2408 = ORIENTED_EDGE ( 'NONE', *, *, #489, .T. ) ;
#2409 = ORIENTED_EDGE ( 'NONE', *, *, #3258, .T. ) ;
#2410 = CARTESIAN_POINT ( 'NONE',  ( 0.000000000000000000, 116.5000000000000000, 0.000000000000000000 ) ) ;
#2411 = CONTEXT_DEPENDENT_SHAPE_REPRESENTATION ( #5336, #3120 ) ;
#2412 = DIRECTION ( 'NONE',  ( 1.000000000000000000, -0.000000000000000000, -1.982541115402065110E-16 ) ) ;
#2413 = VERTEX_POINT ( 'NONE', #2129 ) ;
#2414 = CYLINDRICAL_SURFACE ( 'NONE', #1150, 5.000000000000013323 ) ;
#2415 = EDGE_LOOP ( 'NONE', ( #1840, #4168, #872, #2728 ) ) ;
#2416 = DIRECTION ( 'NONE',  ( -0.9999999999999998890, -1.069019389253984695E-16, 0.000000000000000000 ) ) ;
#2417 = PRODUCT_DEFINITION_SHAPE ( 'NONE', 'NONE',  #5732 ) ;
#2418 = CARTESIAN_POINT ( 'NONE',  ( 30.57150851985710815, 100.5000000000000000, 21.07524616010108431 ) ) ;
#2419 = AXIS2_PLACEMENT_3D ( 'NONE', #340, #3848, #773 ) ;
#2420 = VECTOR ( 'NONE', #321, 1000.000000000000000 ) ;
#2421 = EDGE_CURVE ( 'NONE', #141, #5223, #5658, .T. ) ;
#2422 = FACE_OUTER_BOUND ( 'NONE', #2854, .T. ) ;
#2423 = EDGE_LOOP ( 'NONE', ( #1643, #132 ) ) ;
#2424 = DIRECTION ( 'NONE',  ( 0.000000000000000000, 0.000000000000000000, 1.000000000000000000 ) ) ;
#2425 = CLOSED_SHELL ( 'NONE', ( #1197, #2827, #1371, #2191, #3214, #2259, #4450, #4231, #4286, #5382, #412, #3313, #1423, #4136 ) ) ;
#2426 = PRODUCT ( 'Top2', 'Top2', '', ( #810 ) ) ;
#2427 = EDGE_LOOP ( 'NONE', ( #1040, #1868, #3127, #4984 ) ) ;
#2428 = LINE ( 'NONE', #2076, #3482 ) ;
#2429 = CARTESIAN_POINT ( 'NONE',  ( -56.18604651162795705, 25.00000000000000711, 17.58139534883721211 ) ) ;
#2430 = EDGE_CURVE ( 'NONE', #4268, #945, #1897, .T. ) ;
#2431 = SURFACE_SIDE_STYLE ('',( #641 ) ) ;
#2432 = DIRECTION ( 'NONE',  ( 1.000000000000000000, -0.000000000000000000, -1.982541115402065110E-16 ) ) ;
#2433 = CARTESIAN_POINT ( 'NONE',  ( -76.23762376237618810, 394.0000000000000000, 9.094059405940621232 ) ) ;
#2434 =( NAMED_UNIT ( * ) PLANE_ANGLE_UNIT ( ) SI_UNIT ( $, .RADIAN. ) );
#2435 = AXIS2_PLACEMENT_3D ( 'NONE', #1796, #1302, #5698 ) ;
#2436 = DIRECTION ( 'NONE',  ( 0.000000000000000000, 0.000000000000000000, 1.000000000000000000 ) ) ;
#2437 = VECTOR ( 'NONE', #2446, 1000.000000000000000 ) ;
#2438 = ORIENTED_EDGE ( 'NONE', *, *, #811, .T. ) ;
#2439 = PRESENTATION_LAYER_ASSIGNMENT (  '', '', ( #2068 ) ) ;
#2440 = ORIENTED_EDGE ( 'NONE', *, *, #1186, .F. ) ;
#2441 =( LENGTH_UNIT ( ) NAMED_UNIT ( * ) SI_UNIT ( .MILLI., .METRE. ) );
#2442 = VECTOR ( 'NONE', #942, 1000.000000000000000 ) ;
#2443 = FACE_OUTER_BOUND ( 'NONE', #1639, .T. ) ;
#2444 = DIRECTION ( 'NONE',  ( 0.000000000000000000, 0.000000000000000000, 1.000000000000000000 ) ) ;
#2445 = VECTOR ( 'NONE', #120, 1000.000000000000000 ) ;
#2446 = DIRECTION ( 'NONE',  ( -0.000000000000000000, -1.000000000000000000, -0.000000000000000000 ) ) ;
#2447 = ORIENTED_EDGE ( 'NONE', *, *, #4232, .T. ) ;
#2448 = DIRECTION ( 'NONE',  ( 1.000000000000000000, -0.000000000000000000, -0.000000000000000000 ) ) ;
#2449 = ORIENTED_EDGE ( 'NONE', *, *, #2493, .T. ) ;
#2450 = CARTESIAN_POINT ( 'NONE',  ( 16.99563785996779686, 453.9436925136283776, -86.18604651162826258 ) ) ;
#2451 = AXIS2_PLACEMENT_3D ( 'NONE', #2148, #1311, #5711 ) ;
#2452 = PLANE ( 'NONE',  #1863 ) ;
#2453 = ADVANCED_FACE ( 'NONE', ( #2328 ), #5404, .F. ) ;
#2454 = UNCERTAINTY_MEASURE_WITH_UNIT (LENGTH_MEASURE( 1.000000000000000082E-05 ), #1328, 'distance_accuracy_value', 'NONE');
#2455 = LINE ( 'NONE', #4613, #5031 ) ;
#2456 = STYLED_ITEM ( 'NONE', ( #161 ), #2991 ) ;
#2457 = ORIENTED_EDGE ( 'NONE', *, *, #4949, .F. ) ;
#2458 = LINE ( 'NONE', #3736, #4135 ) ;
#2459 = ORIENTED_EDGE ( 'NONE', *, *, #1510, .F. ) ;
#2460 = CARTESIAN_POINT ( 'NONE',  ( 30.57150851985710815, 100.5000000000000000, 26.07524616010108431 ) ) ;
#2461 = ADVANCED_FACE ( 'NONE', ( #2693 ), #2272, .F. ) ;
#2462 =( NAMED_UNIT ( * ) SI_UNIT ( $, .STERADIAN. ) SOLID_ANGLE_UNIT ( ) );
#2463 = DIRECTION ( 'NONE',  ( 0.000000000000000000, 0.000000000000000000, 1.000000000000000000 ) ) ;
#2464 = DIRECTION ( 'NONE',  ( -1.000000000000000000, 0.000000000000000000, 0.000000000000000000 ) ) ;
#2465 = AXIS2_PLACEMENT_3D ( 'NONE', #1748, #2619, #4406 ) ;
#2466 =( NAMED_UNIT ( * ) PLANE_ANGLE_UNIT ( ) SI_UNIT ( $, .RADIAN. ) );
#2467 = SHAPE_REPRESENTATION ( 'Vert', ( #2468 ), #3675 ) ;
#2468 = AXIS2_PLACEMENT_3D ( 'NONE', #703, #4670, #2519 ) ;
#2469 = LINE ( 'NONE', #336, #194 ) ;
#2470 = ADVANCED_FACE ( 'NONE', ( #3648 ), #3679, .F. ) ;
#2471 = FACE_OUTER_BOUND ( 'NONE', #1932, .T. ) ;
#2472 = AXIS2_PLACEMENT_3D ( 'NONE', #1390, #98, #3666 ) ;
#2473 = ORIENTED_EDGE ( 'NONE', *, *, #1627, .T. ) ;
#2474 = CARTESIAN_POINT ( 'NONE',  ( -64.03508771929831767, 25.00000000000000000, -23.68421052631578760 ) ) ;
#2475 = CONTEXT_DEPENDENT_SHAPE_REPRESENTATION ( #1098, #2417 ) ;
#2476 = DIRECTION ( 'NONE',  ( -1.000000000000000000, 0.000000000000000000, 1.614990014412855252E-16 ) ) ;
#2477 = PRODUCT_DEFINITION_FORMATION_WITH_SPECIFIED_SOURCE ( 'ANY', '', #3256, .NOT_KNOWN. ) ;
#2478 = PRODUCT ( 'L1L', 'L1L', '', ( #320 ) ) ;
#2479 = CARTESIAN_POINT ( 'NONE',  ( 30.57150851985710815, 116.5000000000000000, 26.07524616010108431 ) ) ;
#2480 = DIRECTION ( 'NONE',  ( 0.000000000000000000, 0.000000000000000000, -1.000000000000000000 ) ) ;
#2481 = EDGE_LOOP ( 'NONE', ( #1877, #865, #5, #1571 ) ) ;
#2482 = FACE_BOUND ( 'NONE', #682, .T. ) ;
#2483 = ADVANCED_BREP_SHAPE_REPRESENTATION ( '', ( #3057, #2468 ), #5335 ) ;
#2484 = ORIENTED_EDGE ( 'NONE', *, *, #397, .F. ) ;
#2485 = EDGE_CURVE ( 'NONE', #78, #4587, #4472, .T. ) ;
#2486 =( REPRESENTATION_RELATIONSHIP ('NONE','NONE', #4495, #2132 ) REPRESENTATION_RELATIONSHIP_WITH_TRANSFORMATION ( #3908 )SHAPE_REPRESENTATION_RELATIONSHIP( ) );
#2487 = DIRECTION ( 'NONE',  ( 0.000000000000000000, 0.000000000000000000, 1.000000000000000000 ) ) ;
#2488 = CARTESIAN_POINT ( 'NONE',  ( -31.18604651162794639, 50.00000000000000000, 15.08139534883721566 ) ) ;
#2489 = VERTEX_POINT ( 'NONE', #24 ) ;
#2490 = FACE_OUTER_BOUND ( 'NONE', #702, .T. ) ;
#2491 = ORIENTED_EDGE ( 'NONE', *, *, #2588, .F. ) ;
#2492 = CARTESIAN_POINT ( 'NONE',  ( -101.2376237623761881, 394.0000000000000000, -0.9059405940594049689 ) ) ;
#2493 = EDGE_CURVE ( 'NONE', #4782, #2383, #3178, .T. ) ;
#2494 =( LENGTH_UNIT ( ) NAMED_UNIT ( * ) SI_UNIT ( .MILLI., .METRE. ) );
#2495 = CARTESIAN_POINT ( 'NONE',  ( -26.36378737541529205, 3.652823920265780178, 10.00000000000000000 ) ) ;
#2496 = FACE_OUTER_BOUND ( 'NONE', #4681, .T. ) ;
#2497 = DIRECTION ( 'NONE',  ( 0.9999999999999996669, 2.185816670906331243E-33, 1.448299318179201361E-30 ) ) ;
#2498 = DIRECTION ( 'NONE',  ( -1.000000000000000000, 0.000000000000000000, 0.000000000000000000 ) ) ;
#2499 = CARTESIAN_POINT ( 'NONE',  ( 30.57150851985710815, 100.5000000000000000, 31.07524616010108431 ) ) ;
#2500 = SHAPE_REPRESENTATION ( 'Lin_act', ( #2468 ), #4337 ) ;
#2501 = ORIENTED_EDGE ( 'NONE', *, *, #3774, .F. ) ;
#2502 = DIRECTION ( 'NONE',  ( -0.000000000000000000, -0.000000000000000000, -1.000000000000000000 ) ) ;
#2503 = DIRECTION ( 'NONE',  ( 0.000000000000000000, 1.000000000000000000, 0.000000000000000000 ) ) ;
#2504 = DIRECTION ( 'NONE',  ( 0.9564360695764890785, 0.000000000000000000, 0.2919418517668840307 ) ) ;
#2505 = ORIENTED_EDGE ( 'NONE', *, *, #3513, .F. ) ;
#2506 = FACE_OUTER_BOUND ( 'NONE', #337, .T. ) ;
#2507 = ORIENTED_EDGE ( 'NONE', *, *, #2300, .T. ) ;
#2508 = APPLICATION_PROTOCOL_DEFINITION ( 'draft international standard', 'automotive_design', 1998, #3189 ) ;
#2509 = FACE_BOUND ( 'NONE', #1368, .T. ) ;
#2510 = ORIENTED_EDGE ( 'NONE', *, *, #4915, .F. ) ;
#2511 = CARTESIAN_POINT ( 'NONE',  ( -237.3333333333332860, 428.0000000000000000, -74.99999999999992895 ) ) ;
#2512 = ORIENTED_EDGE ( 'NONE', *, *, #3440, .T. ) ;
#2513 = CARTESIAN_POINT ( 'NONE',  ( -76.23762376237618810, 100.0000000000000000, 28.09405940594061946 ) ) ;
#2514 = SHAPE_REPRESENTATION ( 'Bar_4', ( #2468 ), #4987 ) ;
#2515 = VERTEX_POINT ( 'NONE', #1459 ) ;
#2516 = DIRECTION ( 'NONE',  ( 0.000000000000000000, 0.000000000000000000, 1.000000000000000000 ) ) ;
#2517 = EDGE_CURVE ( 'NONE', #3485, #1141, #3150, .T. ) ;
#2518 = APPLICATION_CONTEXT ( 'automotive_design' ) ;
#2519 = DIRECTION ( 'NONE',  ( 1.000000000000000000, 0.000000000000000000, 0.000000000000000000 ) ) ;
#2520 = SURFACE_SIDE_STYLE ('',( #5103 ) ) ;
#2521 = DIRECTION ( 'NONE',  ( -1.156482317317871725E-16, -0.000000000000000000, -1.000000000000000000 ) ) ;
#2522 = DIRECTION ( 'NONE',  ( -0.000000000000000000, -1.000000000000000000, -0.000000000000000000 ) ) ;
#2523 = AXIS2_PLACEMENT_3D ( 'NONE', #5629, #4784, #2575 ) ;
#2524 = CLOSED_SHELL ( 'NONE', ( #4804, #4901, #2940, #2470, #2880, #3247 ) ) ;
#2525 = PRODUCT_DEFINITION_SHAPE ( 'NONE', 'NONE',  #5715 ) ;
#2526 = DIRECTION ( 'NONE',  ( -1.000000000000000000, 0.000000000000000000, -0.000000000000000000 ) ) ;
#2527 = ORIENTED_EDGE ( 'NONE', *, *, #3179, .T. ) ;
#2528 = CIRCLE ( 'NONE', #3, 5.000000000000000888 ) ;
#2529 = VERTEX_POINT ( 'NONE', #5433 ) ;
#2530 =( NAMED_UNIT ( * ) PLANE_ANGLE_UNIT ( ) SI_UNIT ( $, .RADIAN. ) );
#2531 = EDGE_CURVE ( 'NONE', #1676, #3817, #2779, .T. ) ;
#2532 = DIRECTION ( 'NONE',  ( 0.000000000000000000, 0.000000000000000000, 1.000000000000000000 ) ) ;
#2533 = VECTOR ( 'NONE', #1472, 999.9999999999998863 ) ;
#2534 = CARTESIAN_POINT ( 'NONE',  ( -59.18604651162796415, 25.00000000000000000, 0.08139534883721191716 ) ) ;
#2535 = VECTOR ( 'NONE', #450, 1000.000000000000000 ) ;
#2536 = EDGE_LOOP ( 'NONE', ( #5260, #996, #4637, #95 ) ) ;
#2537 = CARTESIAN_POINT ( 'NONE',  ( -59.18604651162796415, 34.01387818865997303, 15.08139534883721566 ) ) ;
#2538 = ORIENTED_EDGE ( 'NONE', *, *, #2120, .F. ) ;
#2539 = VECTOR ( 'NONE', #123, 1000.000000000000000 ) ;
#2540 = CARTESIAN_POINT ( 'NONE',  ( -34.18604651162794994, 25.00000000000000000, 5.081395348837215664 ) ) ;
#2541 = CIRCLE ( 'NONE', #3469, 5.000000000000031974 ) ;
#2542 = PRODUCT_RELATED_PRODUCT_CATEGORY ( 'part', '', ( #5521 ) ) ;
#2543 = CARTESIAN_POINT ( 'NONE',  ( -59.18604651162796415, 34.01387818865997303, -14.91860465116278789 ) ) ;
#2544 = ORIENTED_EDGE ( 'NONE', *, *, #3612, .T. ) ;
#2545 = LINE ( 'NONE', #796, #5587 ) ;
#2546 = ORIENTED_EDGE ( 'NONE', *, *, #572, .T. ) ;
#2547 = CARTESIAN_POINT ( 'NONE',  ( -17.47368421052631149, 0.000000000000000000, -7.184210526315784051 ) ) ;
#2548 = VECTOR ( 'NONE', #577, 1000.000000000000000 ) ;
#2549 = FILL_AREA_STYLE_COLOUR ( '', #4586 ) ;
#2550 = VECTOR ( 'NONE', #1306, 1000.000000000000000 ) ;
#2551 = DIRECTION ( 'NONE',  ( -0.000000000000000000, -0.000000000000000000, 1.000000000000000000 ) ) ;
#2552 = CARTESIAN_POINT ( 'NONE',  ( -76.23762376237618810, 100.0000000000000000, 28.09405940594061946 ) ) ;
#2553 = ADVANCED_FACE ( 'NONE', ( #3589, #5350 ), #3209, .T. ) ;
#2554 =( NAMED_UNIT ( * ) SI_UNIT ( $, .STERADIAN. ) SOLID_ANGLE_UNIT ( ) );
#2555 = VECTOR ( 'NONE', #2171, 1000.000000000000000 ) ;
#2556 = CARTESIAN_POINT ( 'NONE',  ( -40.16883116883118277, 0.000000000000000000, -6.876623376623382633 ) ) ;
#2557 = EDGE_CURVE ( 'NONE', #376, #3190, #4150, .T. ) ;
#2558 = ORIENTED_EDGE ( 'NONE', *, *, #1554, .F. ) ;
#2559 = CARTESIAN_POINT ( 'NONE',  ( -61.23762376237618810, 394.0000000000000000, 9.094059405940621232 ) ) ;
#2560 = AXIS2_PLACEMENT_3D ( 'NONE', #5199, #3371, #1684 ) ;
#2561 = ORIENTED_EDGE ( 'NONE', *, *, #153, .F. ) ;
#2562 = CARTESIAN_POINT ( 'NONE',  ( -144.7916666666666572, 361.5000000000000000, -24.58333333333334991 ) ) ;
#2563 =( REPRESENTATION_RELATIONSHIP ('NONE','NONE', #1059, #2132 ) REPRESENTATION_RELATIONSHIP_WITH_TRANSFORMATION ( #712 )SHAPE_REPRESENTATION_RELATIONSHIP( ) );
#2564 = EDGE_CURVE ( 'NONE', #5201, #4001, #4956, .T. ) ;
#2565 = DIRECTION ( 'NONE',  ( -1.000000000000000000, 0.000000000000000000, 0.000000000000000000 ) ) ;
#2566 = EDGE_LOOP ( 'NONE', ( #806, #1800 ) ) ;
#2567 = AXIS2_PLACEMENT_3D ( 'NONE', #4369, #4309, #797 ) ;
#2568 = CARTESIAN_POINT ( 'NONE',  ( -50.86378737541529205, -6.847176079734221155, 10.00000000000000000 ) ) ;
#2569 = VERTEX_POINT ( 'NONE', #3616 ) ;
#2570 = VERTEX_POINT ( 'NONE', #5375 ) ;
#2571 = DIRECTION ( 'NONE',  ( 6.938893903907226405E-16, 0.000000000000000000, 1.000000000000000000 ) ) ;
#2572 = VERTEX_POINT ( 'NONE', #79 ) ;
#2573 = PRODUCT_DEFINITION_FORMATION_WITH_SPECIFIED_SOURCE ( 'ANY', '', #738, .NOT_KNOWN. ) ;
#2574 = APPLICATION_PROTOCOL_DEFINITION ( 'draft international standard', 'automotive_design', 1998, #4087 ) ;
#2575 = DIRECTION ( 'NONE',  ( 0.000000000000000000, 1.000000000000000000, 1.526149685610094588E-16 ) ) ;
#2576 = ORIENTED_EDGE ( 'NONE', *, *, #1044, .T. ) ;
#2577 = DIRECTION ( 'NONE',  ( 1.000000000000000000, 0.000000000000000000, -3.229980028825710504E-16 ) ) ;
#2578 = DIRECTION ( 'NONE',  ( -0.000000000000000000, -1.000000000000000000, -0.000000000000000000 ) ) ;
#2579 = ORIENTED_EDGE ( 'NONE', *, *, #385, .T. ) ;
#2580 = LINE ( 'NONE', #751, #3372 ) ;
#2581 = PRODUCT_DEFINITION_SHAPE ( 'NONE', 'NONE',  #5720 ) ;
#2582 = ORIENTED_EDGE ( 'NONE', *, *, #3868, .T. ) ;
#2583 = PLANE ( 'NONE',  #319 ) ;
#2584 =( NAMED_UNIT ( * ) PLANE_ANGLE_UNIT ( ) SI_UNIT ( $, .RADIAN. ) );
#2585 = CARTESIAN_POINT ( 'NONE',  ( -114.0350877192983319, 0.000000000000000000, -23.68421052631578760 ) ) ;
#2586 = CARTESIAN_POINT ( 'NONE',  ( 30.57150851985710815, 97.50000000000000000, 21.07524616010108431 ) ) ;
#2587 = CARTESIAN_POINT ( 'NONE',  ( -139.7916666666666856, 20.00000000000000000, -24.58333333333334991 ) ) ;
#2588 = EDGE_CURVE ( 'NONE', #1034, #3698, #1402, .T. ) ;
#2589 = CARTESIAN_POINT ( 'NONE',  ( 0.000000000000000000, 116.5000000000000000, 24.72935779816513957 ) ) ;
#2590 = ORIENTED_EDGE ( 'NONE', *, *, #1729, .F. ) ;
#2591 = DIRECTION ( 'NONE',  ( -1.000000000000000000, 0.000000000000000000, 0.000000000000000000 ) ) ;
#2592 = CARTESIAN_POINT ( 'NONE',  ( -34.53508771929832477, 12.49999999999999822, 6.815789473684217725 ) ) ;
#2593 = EDGE_CURVE ( 'NONE', #1757, #4106, #1013, .T. ) ;
#2594 = CYLINDRICAL_SURFACE ( 'NONE', #3938, 5.000000000000001776 ) ;
#2595 = CARTESIAN_POINT ( 'NONE',  ( -31.18604651162796060, 0.000000000000000000, -17.41860465116278789 ) ) ;
#2596 =( REPRESENTATION_RELATIONSHIP ('NONE','NONE', #4122, #1485 ) REPRESENTATION_RELATIONSHIP_WITH_TRANSFORMATION ( #1342 )SHAPE_REPRESENTATION_RELATIONSHIP( ) );
#2597 = AXIS2_PLACEMENT_3D ( 'NONE', #1437, #2309, #926 ) ;
#2598 = VERTEX_POINT ( 'NONE', #958 ) ;
#2599 = LINE ( 'NONE', #2658, #119 ) ;
#2600 = ORIENTED_EDGE ( 'NONE', *, *, #3789, .T. ) ;
#2601 = APPLICATION_PROTOCOL_DEFINITION ( 'draft international standard', 'automotive_design', 1998, #3903 ) ;
#2602 = VERTEX_POINT ( 'NONE', #523 ) ;
#2603 = FACE_OUTER_BOUND ( 'NONE', #4144, .T. ) ;
#2604 = ORIENTED_EDGE ( 'NONE', *, *, #4052, .F. ) ;
#2605 = CARTESIAN_POINT ( 'NONE',  ( -56.18604651162795705, 25.00000000000000000, 0.08139534883721132041 ) ) ;
#2606 = EDGE_CURVE ( 'NONE', #4899, #5682, #1346, .T. ) ;
#2607 = DIRECTION ( 'NONE',  ( 0.000000000000000000, -0.000000000000000000, 1.000000000000000000 ) ) ;
#2608 = DIRECTION ( 'NONE',  ( 0.000000000000000000, 0.000000000000000000, -1.000000000000000000 ) ) ;
#2609 = LINE ( 'NONE', #1708, #2823 ) ;
#2610 = DIRECTION ( 'NONE',  ( 1.000000000000000000, 0.000000000000000000, 0.000000000000000000 ) ) ;
#2611 = EDGE_CURVE ( 'NONE', #5400, #4067, #2167, .T. ) ;
#2612 = FACE_OUTER_BOUND ( 'NONE', #2024, .T. ) ;
#2613 = VERTEX_POINT ( 'NONE', #3705 ) ;
#2614 = CARTESIAN_POINT ( 'NONE',  ( 0.000000000000000000, 750.0000000000000000, 0.000000000000000000 ) ) ;
#2615 = CARTESIAN_POINT ( 'NONE',  ( -197.3333333333332860, 0.000000000000000000, -74.99999999999992895 ) ) ;
#2616 = AXIS2_PLACEMENT_3D ( 'NONE', #5050, #971, #4515 ) ;
#2617 = DIRECTION ( 'NONE',  ( 1.000000000000000000, -0.000000000000000000, -1.982541115402065110E-16 ) ) ;
#2618 = VECTOR ( 'NONE', #704, 1000.000000000000114 ) ;
#2619 = DIRECTION ( 'NONE',  ( 1.000000000000000000, 0.000000000000000000, -3.229980028825710504E-16 ) ) ;
#2620 = EDGE_LOOP ( 'NONE', ( #650, #2834, #3109, #5078 ) ) ;
#2621 = DIRECTION ( 'NONE',  ( 0.000000000000000000, 0.000000000000000000, -1.000000000000000000 ) ) ;
#2622 = ORIENTED_EDGE ( 'NONE', *, *, #3331, .F. ) ;
#2623 = AXIS2_PLACEMENT_3D ( 'NONE', #3267, #3951, #1232 ) ;
#2624 = APPLICATION_PROTOCOL_DEFINITION ( 'draft international standard', 'automotive_design', 1998, #3819 ) ;
#2625 = VECTOR ( 'NONE', #2794, 1000.000000000000000 ) ;
#2626 = EDGE_CURVE ( 'NONE', #4860, #2970, #5412, .T. ) ;
#2627 = AXIS2_PLACEMENT_3D ( 'NONE', #4954, #983, #4469 ) ;
#2628 = PRESENTATION_STYLE_ASSIGNMENT (( #4835 ) ) ;
#2629 = EDGE_LOOP ( 'NONE', ( #2745, #3590, #2304, #3754 ) ) ;
#2630 = CARTESIAN_POINT ( 'NONE',  ( 30.57150851985710815, 116.5000000000000000, 26.07524616010108431 ) ) ;
#2631 = CIRCLE ( 'NONE', #3655, 9.499999999999998224 ) ;
#2632 = EDGE_LOOP ( 'NONE', ( #2845, #4086, #3506, #2347 ) ) ;
#2633 = FACE_OUTER_BOUND ( 'NONE', #2629, .T. ) ;
#2634 = AXIS2_PLACEMENT_3D ( 'NONE', #2592, #4374, #4107 ) ;
#2635 = EDGE_CURVE ( 'NONE', #2515, #111, #1978, .T. ) ;
#2636 =( NAMED_UNIT ( * ) SI_UNIT ( $, .STERADIAN. ) SOLID_ANGLE_UNIT ( ) );
#2637 = DIRECTION ( 'NONE',  ( 0.000000000000000000, 0.000000000000000000, 1.000000000000000000 ) ) ;
#2638 = DIRECTION ( 'NONE',  ( 0.000000000000000000, 0.000000000000000000, 1.000000000000000000 ) ) ;
#2639 = VECTOR ( 'NONE', #2110, 1000.000000000000000 ) ;
#2640 = CARTESIAN_POINT ( 'NONE',  ( -10.04819277108434328, 260.0000000000000000, 24.63253012048192403 ) ) ;
#2641 = EDGE_CURVE ( 'NONE', #3436, #3249, #3320, .T. ) ;
#2642 = CARTESIAN_POINT ( 'NONE',  ( -153.5218788573787378, 246.4069277750854496, 110.6812247096604551 ) ) ;
#2643 = EDGE_CURVE ( 'NONE', #1609, #2351, #606, .T. ) ;
#2644 = CARTESIAN_POINT ( 'NONE',  ( 0.000000000000000000, 0.000000000000000000, 0.000000000000000000 ) ) ;
#2645 = AXIS2_PLACEMENT_3D ( 'NONE', #1750, #2122, #1687 ) ;
#2646 = ORIENTED_EDGE ( 'NONE', *, *, #2307, .T. ) ;
#2647 = DIRECTION ( 'NONE',  ( -0.000000000000000000, -2.478176394252582127E-16, 1.000000000000000000 ) ) ;
#2648 = LINE ( 'NONE', #888, #3464 ) ;
#2649 =( GEOMETRIC_REPRESENTATION_CONTEXT ( 3 ) GLOBAL_UNCERTAINTY_ASSIGNED_CONTEXT ( ( #1046 ) ) GLOBAL_UNIT_ASSIGNED_CONTEXT ( ( #5110, #5478, #1126 ) ) REPRESENTATION_CONTEXT ( 'NONE', 'WORKASPACE' ) );
#2650 = FACE_OUTER_BOUND ( 'NONE', #5072, .T. ) ;
#2651 = PRODUCT_RELATED_PRODUCT_CATEGORY ( 'part', '', ( #2798 ) ) ;
#2652 = FACE_OUTER_BOUND ( 'NONE', #721, .T. ) ;
#2653 = ORIENTED_EDGE ( 'NONE', *, *, #4951, .T. ) ;
#2654 = CIRCLE ( 'NONE', #594, 9.514273547916648255 ) ;
#2655 = EDGE_CURVE ( 'NONE', #1947, #4614, #5484, .T. ) ;
#2656 = CARTESIAN_POINT ( 'NONE',  ( -34.18604651162794994, 25.00000000000000000, 0.08139534883721373515 ) ) ;
#2657 = ORIENTED_EDGE ( 'NONE', *, *, #1754, .F. ) ;
#2658 = CARTESIAN_POINT ( 'NONE',  ( 0.2998693848654896965, 116.5000000000000000, -0.9824076065533878799 ) ) ;
#2659 = ORIENTED_EDGE ( 'NONE', *, *, #3442, .F. ) ;
#2660 = VECTOR ( 'NONE', #3343, 1000.000000000000000 ) ;
#2661 = APPLICATION_PROTOCOL_DEFINITION ( 'draft international standard', 'automotive_design', 1998, #1507 ) ;
#2662 = AXIS2_PLACEMENT_3D ( 'NONE', #563, #2295, #4979 ) ;
#2663 = CARTESIAN_POINT ( 'NONE',  ( -10.16883116883118277, 217.0000000000000000, -6.876623376623382633 ) ) ;
#2664 = EDGE_LOOP ( 'NONE', ( #199, #3737, #1696, #2449 ) ) ;
#2665 = CARTESIAN_POINT ( 'NONE',  ( -50.86378737541529205, -6.847176079734221155, 0.000000000000000000 ) ) ;
#2666 = VERTEX_POINT ( 'NONE', #1948 ) ;
#2667 = CARTESIAN_POINT ( 'NONE',  ( -59.18604651162796415, 0.000000000000000000, 9.668752741182157251E-15 ) ) ;
#2668 = EDGE_CURVE ( 'NONE', #3729, #740, #4234, .T. ) ;
#2669 = EDGE_CURVE ( 'NONE', #1856, #3095, #2387, .T. ) ;
#2670 = LINE ( 'NONE', #440, #1938 ) ;
#2671 = FACE_OUTER_BOUND ( 'NONE', #3099, .T. ) ;
#2672 = EDGE_CURVE ( 'NONE', #2050, #1403, #3728, .T. ) ;
#2673 = CARTESIAN_POINT ( 'NONE',  ( -39.53508771929831767, 12.49999999999999822, -14.18421052631578583 ) ) ;
#2674 = EDGE_LOOP ( 'NONE', ( #1470, #1340, #497, #3223 ) ) ;
#2675 = DIRECTION ( 'NONE',  ( 2.138038778502394608E-16, -1.000000000000000000, 5.551115149363574976E-17 ) ) ;
#2676 = DIRECTION ( 'NONE',  ( 0.000000000000000000, -1.000000000000000000, 0.000000000000000000 ) ) ;
#2677 =( REPRESENTATION_RELATIONSHIP ('NONE','NONE', #313, #2929 ) REPRESENTATION_RELATIONSHIP_WITH_TRANSFORMATION ( #3402 )SHAPE_REPRESENTATION_RELATIONSHIP( ) );
#2678 = LINE ( 'NONE', #1767, #92 ) ;
#2679 = ORIENTED_EDGE ( 'NONE', *, *, #3389, .T. ) ;
#2680 = FACE_OUTER_BOUND ( 'NONE', #1845, .T. ) ;
#2681 = CARTESIAN_POINT ( 'NONE',  ( -59.18604651162796415, 25.00000000000000000, -4.918604651162787889 ) ) ;
#2682 = CARTESIAN_POINT ( 'NONE',  ( -7.184210526315570888, -65.77356918948729003, 216.9999999999999147 ) ) ;
#2683 = ITEM_DEFINED_TRANSFORMATION ( 'NONE', 'NONE', #3776,  #2468 ) ;
#2684 = CARTESIAN_POINT ( 'NONE',  ( -40.04819277108434505, 260.0000000000000000, -5.367469879518071529 ) ) ;
#2685 = EDGE_CURVE ( 'NONE', #3384, #1051, #1104, .T. ) ;
#2686 = PLANE ( 'NONE',  #3394 ) ;
#2687 = ORIENTED_EDGE ( 'NONE', *, *, #5066, .T. ) ;
#2688 = LINE ( 'NONE', #895, #1048 ) ;
#2689 = APPLICATION_PROTOCOL_DEFINITION ( 'draft international standard', 'automotive_design', 1998, #715 ) ;
#2690 = AXIS2_PLACEMENT_3D ( 'NONE', #4153, #4125, #1045 ) ;
#2691 = CARTESIAN_POINT ( 'NONE',  ( -114.0350877192983177, 0.000000000000000000, 16.31578947368421240 ) ) ;
#2692 = ORIENTED_EDGE ( 'NONE', *, *, #3357, .F. ) ;
#2693 = FACE_OUTER_BOUND ( 'NONE', #2318, .T. ) ;
#2694 = VERTEX_POINT ( 'NONE', #167 ) ;
#2695 = CARTESIAN_POINT ( 'NONE',  ( -34.18604651162794994, 25.00000000000000000, -4.918604651162787889 ) ) ;
#2696 = UNCERTAINTY_MEASURE_WITH_UNIT (LENGTH_MEASURE( 1.000000000000000082E-05 ), #2161, 'distance_accuracy_value', 'NONE');
#2697 = DIRECTION ( 'NONE',  ( 0.000000000000000000, 0.000000000000000000, -1.000000000000000000 ) ) ;
#2698 = CARTESIAN_POINT ( 'NONE',  ( -114.0350877192983177, 0.000000000000000000, 16.31578947368421240 ) ) ;
#2699 = ADVANCED_FACE ( 'NONE', ( #2506 ), #2414, .F. ) ;
#2700 = EDGE_LOOP ( 'NONE', ( #2751, #5420, #455, #5462 ) ) ;
#2701 = DIRECTION ( 'NONE',  ( 0.000000000000000000, 0.000000000000000000, -1.000000000000000000 ) ) ;
#2702 = PRODUCT_DEFINITION_SHAPE ( 'NONE', 'NONE',  #5746 ) ;
#2703 = CARTESIAN_POINT ( 'NONE',  ( -237.3333333333332860, 370.0000000000000000, -74.99999999999992895 ) ) ;
#2704 = LINE ( 'NONE', #479, #4219 ) ;
#2705 = DIRECTION ( 'NONE',  ( 0.000000000000000000, 8.260587980841940012E-17, -1.000000000000000000 ) ) ;
#2706 =( REPRESENTATION_RELATIONSHIP ('NONE','NONE', #4122, #1079 ) REPRESENTATION_RELATIONSHIP_WITH_TRANSFORMATION ( #490 )SHAPE_REPRESENTATION_RELATIONSHIP( ) );
#2707 = CARTESIAN_POINT ( 'NONE',  ( -6.055045871559633142, 116.5000000000000000, -2.922177327496561894 ) ) ;
#2708 = LINE ( 'NONE', #5256, #1723 ) ;
#2709 = CLOSED_SHELL ( 'NONE', ( #3672, #1632, #1911, #3682, #4404, #4527, #5141, #727, #651, #2884, #3585, #2152, #2773, #460 ) ) ;
#2710 = ORIENTED_EDGE ( 'NONE', *, *, #331, .T. ) ;
#2711 =( LENGTH_UNIT ( ) NAMED_UNIT ( * ) SI_UNIT ( .MILLI., .METRE. ) );
#2712 = EDGE_CURVE ( 'NONE', #5424, #5085, #5497, .T. ) ;
#2713 = CONTEXT_DEPENDENT_SHAPE_REPRESENTATION ( #3785, #38 ) ;
#2714 = EDGE_CURVE ( 'NONE', #1506, #322, #2832, .T. ) ;
#2715 = VECTOR ( 'NONE', #40, 1000.000000000000000 ) ;
#2716 = FACE_OUTER_BOUND ( 'NONE', #4479, .T. ) ;
#2717 = AXIS2_PLACEMENT_3D ( 'NONE', #4810, #2977, #2072 ) ;
#2718 = ORIENTED_EDGE ( 'NONE', *, *, #2391, .F. ) ;
#2719 = DIRECTION ( 'NONE',  ( 0.000000000000000000, 1.000000000000000000, -0.000000000000000000 ) ) ;
#2720 = ORIENTED_EDGE ( 'NONE', *, *, #5060, .T. ) ;
#2721 = AXIS2_PLACEMENT_3D ( 'NONE', #707, #1675, #2526 ) ;
#2722 = CARTESIAN_POINT ( 'NONE',  ( 53.06003470678885492, 100.5000000000000000, 19.58649369804110307 ) ) ;
#2723 = PRODUCT_DEFINITION ( 'UNKNOWN', '', #5702, #4560 ) ;
#2724 = DIRECTION ( 'NONE',  ( 1.000000000000000000, 0.000000000000000000, 0.000000000000000000 ) ) ;
#2725 = CARTESIAN_POINT ( 'NONE',  ( -6.055045871559633142, 116.5000000000000000, -2.922177327496561894 ) ) ;
#2726 = CIRCLE ( 'NONE', #297, 5.000000000000000000 ) ;
#2727 = CARTESIAN_POINT ( 'NONE',  ( -17.47368421052631149, 217.0000000000000000, -7.184210526315784051 ) ) ;
#2728 = ORIENTED_EDGE ( 'NONE', *, *, #2228, .T. ) ;
#2729 = VECTOR ( 'NONE', #3535, 1000.000000000000000 ) ;
#2730 = CARTESIAN_POINT ( 'NONE',  ( -159.7916666666666288, 723.0000000000000000, -19.58333333333334991 ) ) ;
#2731 = DIRECTION ( 'NONE',  ( 0.000000000000000000, -1.000000000000000000, -2.478176394252582127E-16 ) ) ;
#2732 = CIRCLE ( 'NONE', #3104, 5.000000000000000888 ) ;
#2733 = EDGE_CURVE ( 'NONE', #3678, #3398, #198, .T. ) ;
#2734 = DIRECTION ( 'NONE',  ( 0.000000000000000000, 1.000000000000000000, 0.000000000000000000 ) ) ;
#2735 = VERTEX_POINT ( 'NONE', #279 ) ;
#2736 = DIRECTION ( 'NONE',  ( -1.000000000000000000, 0.000000000000000000, -0.000000000000000000 ) ) ;
#2737 = VECTOR ( 'NONE', #1908, 1000.000000000000000 ) ;
#2738 = PLANE ( 'NONE',  #4426 ) ;
#2739 = VECTOR ( 'NONE', #4120, 1000.000000000000114 ) ;
#2740 = ADVANCED_FACE ( 'NONE', ( #5063, #4631, #1975, #3793 ), #3762, .F. ) ;
#2741 = ORIENTED_EDGE ( 'NONE', *, *, #3796, .F. ) ;
#2742 = DIRECTION ( 'NONE',  ( 0.000000000000000000, 0.000000000000000000, -1.000000000000000000 ) ) ;
#2743 = ORIENTED_EDGE ( 'NONE', *, *, #3093, .F. ) ;
#2744 = VECTOR ( 'NONE', #2502, 1000.000000000000000 ) ;
#2745 = ORIENTED_EDGE ( 'NONE', *, *, #1366, .T. ) ;
#2746 =( NAMED_UNIT ( * ) SI_UNIT ( $, .STERADIAN. ) SOLID_ANGLE_UNIT ( ) );
#2747 = EDGE_CURVE ( 'NONE', #1825, #5195, #583, .T. ) ;
#2748 = VECTOR ( 'NONE', #5661, 1000.000000000000000 ) ;
#2749 = DIRECTION ( 'NONE',  ( 0.000000000000000000, 0.000000000000000000, -1.000000000000000000 ) ) ;
#2750 = AXIS2_PLACEMENT_3D ( 'NONE', #1130, #776, #2504 ) ;
#2751 = ORIENTED_EDGE ( 'NONE', *, *, #1491, .T. ) ;
#2752 = CARTESIAN_POINT ( 'NONE',  ( -31.18604651162794639, 0.000000000000000000, 17.58139534883721566 ) ) ;
#2753 = VERTEX_POINT ( 'NONE', #5457 ) ;
#2754 = CARTESIAN_POINT ( 'NONE',  ( 0.000000000000000000, 0.000000000000000000, 0.000000000000000000 ) ) ;
#2755 = PRODUCT_DEFINITION_SHAPE ( 'NONE', 'NONE',  #5742 ) ;
#2756 = DIRECTION ( 'NONE',  ( 0.000000000000000000, 0.000000000000000000, -1.000000000000000000 ) ) ;
#2757 = PRODUCT_DEFINITION_CONTEXT ( 'detailed design', #3294, 'design' ) ;
#2758 = FACE_OUTER_BOUND ( 'NONE', #3251, .T. ) ;
#2759 = LINE ( 'NONE', #4966, #2917 ) ;
#2760 = ORIENTED_EDGE ( 'NONE', *, *, #4641, .T. ) ;
#2761 = AXIS2_PLACEMENT_3D ( 'NONE', #1572, #5151, #4237 ) ;
#2762 = CARTESIAN_POINT ( 'NONE',  ( -31.36378737541529205, 3.652823920265779734, 10.00000000000000000 ) ) ;
#2763 = EDGE_CURVE ( 'NONE', #2413, #957, #2886, .T. ) ;
#2764 = DIRECTION ( 'NONE',  ( 4.625929269271485914E-16, 0.000000000000000000, 1.000000000000000000 ) ) ;
#2765 = VERTEX_POINT ( 'NONE', #4687 ) ;
#2766 = EDGE_CURVE ( 'NONE', #564, #1522, #1146, .T. ) ;
#2767 = DIRECTION ( 'NONE',  ( 1.000000000000000000, 0.000000000000000000, 0.000000000000000000 ) ) ;
#2768 = CARTESIAN_POINT ( 'NONE',  ( -47.47368421052630794, 0.000000000000000000, -7.184210526315784051 ) ) ;
#2769 = ADVANCED_FACE ( 'NONE', ( #2482, #5093, #5035, #1167 ), #4608, .F. ) ;
#2770 = ORIENTED_EDGE ( 'NONE', *, *, #3766, .F. ) ;
#2771 = FACE_OUTER_BOUND ( 'NONE', #2800, .T. ) ;
#2772 = VERTEX_POINT ( 'NONE', #3853 ) ;
#2773 = ADVANCED_FACE ( 'NONE', ( #5282 ), #5202, .F. ) ;
#2774 = ORIENTED_EDGE ( 'NONE', *, *, #912, .T. ) ;
#2775 = DIRECTION ( 'NONE',  ( -1.000000000000000000, -0.000000000000000000, 3.965082230804130220E-16 ) ) ;
#2776 = EDGE_CURVE ( 'NONE', #2735, #3125, #4042, .T. ) ;
#2777 =( LENGTH_UNIT ( ) NAMED_UNIT ( * ) SI_UNIT ( .MILLI., .METRE. ) );
#2778 = ORIENTED_EDGE ( 'NONE', *, *, #2023, .T. ) ;
#2779 = LINE ( 'NONE', #923, #2354 ) ;
#2780 = ORIENTED_EDGE ( 'NONE', *, *, #518, .T. ) ;
#2781 = DIRECTION ( 'NONE',  ( -0.9532520323598017153, 0.000000000000000000, -0.3021763769752816575 ) ) ;
#2782 = CARTESIAN_POINT ( 'NONE',  ( -61.23762376237618810, 394.0000000000000000, -0.9059405940594049689 ) ) ;
#2783 = DIRECTION ( 'NONE',  ( 1.000000000000000000, 0.000000000000000000, 0.000000000000000000 ) ) ;
#2784 = DIRECTION ( 'NONE',  ( 1.000000000000000000, -0.000000000000000000, -0.000000000000000000 ) ) ;
#2785 = EDGE_LOOP ( 'NONE', ( #2659, #3831, #2646, #886 ) ) ;
#2786 = ORIENTED_EDGE ( 'NONE', *, *, #3766, .T. ) ;
#2787 = VECTOR ( 'NONE', #1378, 1000.000000000000000 ) ;
#2788 = CARTESIAN_POINT ( 'NONE',  ( -17.47368421052630794, 217.0000000000000000, 12.81578947368421773 ) ) ;
#2789 = CARTESIAN_POINT ( 'NONE',  ( -40.04819277108434505, 260.0000000000000000, -5.367469879518071529 ) ) ;
#2790 = VERTEX_POINT ( 'NONE', #4438 ) ;
#2791 = CARTESIAN_POINT ( 'NONE',  ( -237.3333333333332860, 0.000000000000000000, -54.99999999999992184 ) ) ;
#2792 = EDGE_CURVE ( 'NONE', #1051, #1506, #3437, .T. ) ;
#2793 = ORIENTED_EDGE ( 'NONE', *, *, #1754, .T. ) ;
#2794 = DIRECTION ( 'NONE',  ( -1.000000000000000000, 0.000000000000000000, 0.000000000000000000 ) ) ;
#2795 = ORIENTED_EDGE ( 'NONE', *, *, #335, .T. ) ;
#2796 = EDGE_LOOP ( 'NONE', ( #731, #1797, #5013, #4500 ) ) ;
#2797 = DIRECTION ( 'NONE',  ( 1.000000000000000000, 0.000000000000000000, 0.000000000000000000 ) ) ;
#2798 = PRODUCT ( 'Bar_3_mnt', 'Bar_3_mnt', '', ( #4919 ) ) ;
#2799 =( NAMED_UNIT ( * ) SI_UNIT ( $, .STERADIAN. ) SOLID_ANGLE_UNIT ( ) );
#2800 = EDGE_LOOP ( 'NONE', ( #539, #2824, #2457, #3625 ) ) ;
#2801 = CARTESIAN_POINT ( 'NONE',  ( 30.57150851985710815, 100.5000000000000000, 26.07524616010108431 ) ) ;
#2802 = ORIENTED_EDGE ( 'NONE', *, *, #1996, .T. ) ;
#2803 = AXIS2_PLACEMENT_3D ( 'NONE', #3934, #5701, #3110 ) ;
#2804 = EDGE_CURVE ( 'NONE', #4035, #4415, #2094, .T. ) ;
#2805 = VECTOR ( 'NONE', #5205, 1000.000000000000000 ) ;
#2806 = LINE ( 'NONE', #2278, #5184 ) ;
#2807 = UNCERTAINTY_MEASURE_WITH_UNIT (LENGTH_MEASURE( 1.000000000000000082E-05 ), #1449, 'distance_accuracy_value', 'NONE');
#2808 = CIRCLE ( 'NONE', #2623, 18.86810474738533472 ) ;
#2809 = AXIS2_PLACEMENT_3D ( 'NONE', #4422, #2551, #2109 ) ;
#2810 = CARTESIAN_POINT ( 'NONE',  ( -31.18604651162796060, 0.000000000000000000, -14.91860465116278789 ) ) ;
#2811 = DIRECTION ( 'NONE',  ( 0.000000000000000000, -1.000000000000000000, 0.000000000000000000 ) ) ;
#2812 = ORIENTED_EDGE ( 'NONE', *, *, #1122, .F. ) ;
#2813 = EDGE_CURVE ( 'NONE', #827, #487, #3913, .T. ) ;
#2814 = COLOUR_RGB ( '',0.7921568627450980005, 0.8196078431372548767, 0.9333333333333333481 ) ;
#2815 = FACE_OUTER_BOUND ( 'NONE', #168, .T. ) ;
#2816 = FACE_OUTER_BOUND ( 'NONE', #4512, .T. ) ;
#2817 = AXIS2_PLACEMENT_3D ( 'NONE', #2229, #2577, #3141 ) ;
#2818 = CARTESIAN_POINT ( 'NONE',  ( -34.53508771929832477, 12.49999999999999822, 6.815789473684217725 ) ) ;
#2819 =( REPRESENTATION_RELATIONSHIP ('NONE','NONE', #4122, #1079 ) REPRESENTATION_RELATIONSHIP_WITH_TRANSFORMATION ( #5452 )SHAPE_REPRESENTATION_RELATIONSHIP( ) );
#2820 = FACE_OUTER_BOUND ( 'NONE', #800, .T. ) ;
#2821 = AXIS2_PLACEMENT_3D ( 'NONE', #3628, #2288, #65 ) ;
#2822 = LINE ( 'NONE', #4597, #3273 ) ;
#2823 = VECTOR ( 'NONE', #3480, 1000.000000000000000 ) ;
#2824 = ORIENTED_EDGE ( 'NONE', *, *, #834, .F. ) ;
#2825 = AXIS2_PLACEMENT_3D ( 'NONE', #4923, #462, #1374 ) ;
#2826 = ORIENTED_EDGE ( 'NONE', *, *, #5026, .F. ) ;
#2827 = ADVANCED_FACE ( 'NONE', ( #4323 ), #403, .F. ) ;
#2828 = EDGE_CURVE ( 'NONE', #5179, #1896, #3974, .T. ) ;
#2829 = AXIS2_PLACEMENT_3D ( 'NONE', #4085, #1008, #1810 ) ;
#2830 = CARTESIAN_POINT ( 'NONE',  ( 30.57150851985710815, 119.5000000000000000, 26.07524616010108431 ) ) ;
#2831 = VERTEX_POINT ( 'NONE', #3525 ) ;
#2832 = LINE ( 'NONE', #5148, #401 ) ;
#2833 = ADVANCED_BREP_SHAPE_REPRESENTATION ( '', ( #5002, #2468 ), #2281 ) ;
#2834 = ORIENTED_EDGE ( 'NONE', *, *, #3021, .F. ) ;
#2835 = ADVANCED_FACE ( 'NONE', ( #5626 ), #2177, .T. ) ;
#2836 = FACE_OUTER_BOUND ( 'NONE', #1432, .T. ) ;
#2837 = CIRCLE ( 'NONE', #2268, 18.86810474738533472 ) ;
#2838 = CARTESIAN_POINT ( 'NONE',  ( -50.86378737541529205, 14.15282392026577973, 10.00000000000000000 ) ) ;
#2839 = VERTEX_POINT ( 'NONE', #1225 ) ;
#2840 = CARTESIAN_POINT ( 'NONE',  ( -237.3333333333332860, 370.0000000000000000, -54.99999999999992184 ) ) ;
#2841 = ADVANCED_FACE ( 'NONE', ( #3496 ), #3007, .F. ) ;
#2842 = ORIENTED_EDGE ( 'NONE', *, *, #4502, .T. ) ;
#2843 = EDGE_CURVE ( 'NONE', #1391, #790, #2599, .T. ) ;
#2844 = LINE ( 'NONE', #970, #301 ) ;
#2845 = ORIENTED_EDGE ( 'NONE', *, *, #5094, .T. ) ;
#2846 = SURFACE_STYLE_FILL_AREA ( #3193 ) ;
#2847 = CARTESIAN_POINT ( 'NONE',  ( -93.23762376237620231, 100.0000000000000000, -21.90594059405938410 ) ) ;
#2848 = FACE_OUTER_BOUND ( 'NONE', #3467, .T. ) ;
#2849 = AXIS2_PLACEMENT_3D ( 'NONE', #4425, #4735, #420 ) ;
#2850 = PRODUCT_DEFINITION_SHAPE ( 'NONE', 'NONE',  #1332 ) ;
#2851 = DIRECTION ( 'NONE',  ( -0.000000000000000000, -1.000000000000000000, -0.000000000000000000 ) ) ;
#2852 = DIRECTION ( 'NONE',  ( 0.000000000000000000, -0.000000000000000000, 1.000000000000000000 ) ) ;
#2853 = EDGE_LOOP ( 'NONE', ( #5099, #1395, #2327, #2249 ) ) ;
#2854 = EDGE_LOOP ( 'NONE', ( #3288, #4547, #2121, #3025 ) ) ;
#2855 = DIRECTION ( 'NONE',  ( 1.000000000000000000, 0.000000000000000000, -0.000000000000000000 ) ) ;
#2856 = ITEM_DEFINED_TRANSFORMATION ( 'NONE', 'NONE', #512,  #2468 ) ;
#2857 = SHAPE_REPRESENTATION ( 'L2L', ( #3873, #1822, #324, #3776, #1448 ), #787 ) ;
#2858 =( REPRESENTATION_RELATIONSHIP ('NONE','NONE', #313, #2132 ) REPRESENTATION_RELATIONSHIP_WITH_TRANSFORMATION ( #3880 )SHAPE_REPRESENTATION_RELATIONSHIP( ) );
#2859 = FACE_OUTER_BOUND ( 'NONE', #3772, .T. ) ;
#2860 = VERTEX_POINT ( 'NONE', #368 ) ;
#2861 = CARTESIAN_POINT ( 'NONE',  ( -64.03508771929831767, 25.00000000000000000, -23.68421052631578760 ) ) ;
#2862 = EDGE_CURVE ( 'NONE', #2888, #2106, #864, .T. ) ;
#2863 = ORIENTED_EDGE ( 'NONE', *, *, #4477, .T. ) ;
#2864 = DIRECTION ( 'NONE',  ( 5.551115123125782702E-16, 5.951600106566624013E-17, -1.000000000000000000 ) ) ;
#2865 = LINE ( 'NONE', #285, #3904 ) ;
#2866 = LINE ( 'NONE', #1981, #3360 ) ;
#2867 = VERTEX_POINT ( 'NONE', #778 ) ;
#2868 = CARTESIAN_POINT ( 'NONE',  ( -56.18604651162795705, 0.000000000000000000, 9.073990406561538803E-15 ) ) ;
#2869 = VERTEX_POINT ( 'NONE', #432 ) ;
#2870 = CARTESIAN_POINT ( 'NONE',  ( -197.3333333333332860, 428.0000000000000000, -74.99999999999992895 ) ) ;
#2871 = ORIENTED_EDGE ( 'NONE', *, *, #3310, .T. ) ;
#2872 = DIRECTION ( 'NONE',  ( 1.000000000000000000, 0.000000000000000000, 0.000000000000000000 ) ) ;
#2873 = CARTESIAN_POINT ( 'NONE',  ( 0.000000000000000000, 0.000000000000000000, 0.000000000000000000 ) ) ;
#2874 = VECTOR ( 'NONE', #5326, 1000.000000000000000 ) ;
#2875 = CARTESIAN_POINT ( 'NONE',  ( -6.055045871559633142, 217.0000000000000000, -5.270642201834860430 ) ) ;
#2876 = FACE_OUTER_BOUND ( 'NONE', #3158, .T. ) ;
#2877 = DIRECTION ( 'NONE',  ( 0.000000000000000000, 0.000000000000000000, -1.000000000000000000 ) ) ;
#2878 = VERTEX_POINT ( 'NONE', #5650 ) ;
#2879 = CARTESIAN_POINT ( 'NONE',  ( -114.0350877192983319, 25.00000000000000000, -23.68421052631578760 ) ) ;
#2880 = ADVANCED_FACE ( 'NONE', ( #4832 ), #3946, .T. ) ;
#2881 = LINE ( 'NONE', #4094, #2660 ) ;
#2882 = DIRECTION ( 'NONE',  ( -1.000000000000000000, -0.000000000000000000, -0.000000000000000000 ) ) ;
#2883 = SURFACE_SIDE_STYLE ('',( #1511 ) ) ;
#2884 = ADVANCED_FACE ( 'NONE', ( #831 ), #1259, .F. ) ;
#2885 = ORIENTED_EDGE ( 'NONE', *, *, #963, .T. ) ;
#2886 = LINE ( 'NONE', #2920, #1711 ) ;
#2887 = EDGE_CURVE ( 'NONE', #1391, #1291, #307, .T. ) ;
#2888 = VERTEX_POINT ( 'NONE', #2266 ) ;
#2889 = SHAPE_DEFINITION_REPRESENTATION ( #2896, #4856 ) ;
#2890 =( REPRESENTATION_RELATIONSHIP ('NONE','NONE', #4122, #2467 ) REPRESENTATION_RELATIONSHIP_WITH_TRANSFORMATION ( #3173 )SHAPE_REPRESENTATION_RELATIONSHIP( ) );
#2891 = DIRECTION ( 'NONE',  ( 1.000000000000000000, 0.000000000000000000, -0.000000000000000000 ) ) ;
#2892 = DIRECTION ( 'NONE',  ( 0.000000000000000000, -1.000000000000000000, 0.000000000000000000 ) ) ;
#2893 = ORIENTED_EDGE ( 'NONE', *, *, #5313, .F. ) ;
#2894 = CARTESIAN_POINT ( 'NONE',  ( -40.04819277108434505, 0.000000000000000000, -5.367469879518071529 ) ) ;
#2895 = VECTOR ( 'NONE', #5337, 1000.000000000000000 ) ;
#2896 = PRODUCT_DEFINITION_SHAPE ( 'NONE', 'NONE',  #144 ) ;
#2897 = EDGE_LOOP ( 'NONE', ( #3354, #5522, #3252, #3763 ) ) ;
#2898 = DIRECTION ( 'NONE',  ( -1.000000000000000000, -0.000000000000000000, -0.000000000000000000 ) ) ;
#2899 = PRODUCT_DEFINITION ( 'UNKNOWN', '', #2188, #2390 ) ;
#2900 = DIRECTION ( 'NONE',  ( 0.000000000000000000, 0.000000000000000000, -1.000000000000000000 ) ) ;
#2901 = CARTESIAN_POINT ( 'NONE',  ( -76.23762376237618810, 750.0000000000000000, -21.90594059405938410 ) ) ;
#2902 = VECTOR ( 'NONE', #1705, 1000.000000000000000 ) ;
#2903 = CARTESIAN_POINT ( 'NONE',  ( -56.18604651162795705, 0.000000000000000000, 15.08139534883721566 ) ) ;
#2904 = PLANE ( 'NONE',  #3746 ) ;
#2905 = VECTOR ( 'NONE', #1520, 1000.000000000000000 ) ;
#2906 = AXIS2_PLACEMENT_3D ( 'NONE', #4110, #540, #4190 ) ;
#2907 = DIRECTION ( 'NONE',  ( 3.767964143663676271E-16, 0.000000000000000000, 1.000000000000000000 ) ) ;
#2908 = AXIS2_PLACEMENT_3D ( 'NONE', #824, #5252, #2170 ) ;
#2909 = DIRECTION ( 'NONE',  ( 0.000000000000000000, -1.000000000000000000, 0.000000000000000000 ) ) ;
#2910 = VECTOR ( 'NONE', #3512, 1000.000000000000000 ) ;
#2911 = ORIENTED_EDGE ( 'NONE', *, *, #4360, .T. ) ;
#2912 = CARTESIAN_POINT ( 'NONE',  ( -47.47368421052630794, 217.0000000000000000, 12.81578947368421773 ) ) ;
#2913 = EDGE_CURVE ( 'NONE', #2378, #1792, #1396, .T. ) ;
#2914 = CIRCLE ( 'NONE', #392, 4.999999999999976907 ) ;
#2915 = CARTESIAN_POINT ( 'NONE',  ( -59.18604651162796415, 25.00000000000000000, -4.918604651162787889 ) ) ;
#2916 = CARTESIAN_POINT ( 'NONE',  ( 47.96899016065052734, 119.5000000000000000, 33.37819140955770791 ) ) ;
#2917 = VECTOR ( 'NONE', #4588, 1000.000000000000000 ) ;
#2918 = EDGE_CURVE ( 'NONE', #4092, #5403, #5325, .T. ) ;
#2919 = ORIENTED_EDGE ( 'NONE', *, *, #752, .F. ) ;
#2920 = CARTESIAN_POINT ( 'NONE',  ( -24.03508771929831767, 23.00000000000000000, 6.815789473684216837 ) ) ;
#2921 = EDGE_LOOP ( 'NONE', ( #1113, #4329, #5240, #1490 ) ) ;
#2922 = DIRECTION ( 'NONE',  ( -1.000000000000000000, -2.138038778501482981E-16, -2.220446049250313081E-16 ) ) ;
#2923 = VECTOR ( 'NONE', #1134, 1000.000000000000000 ) ;
#2924 = CARTESIAN_POINT ( 'NONE',  ( -61.23762376237618810, 53.00000000000004974, 4.094059405940607910 ) ) ;
#2925 = CARTESIAN_POINT ( 'NONE',  ( -93.23762376237620231, 100.0000000000000000, -21.90594059405938410 ) ) ;
#2926 = COLOUR_RGB ( '',0.7921568627450980005, 0.8196078431372548767, 0.9333333333333333481 ) ;
#2927 = ORIENTED_EDGE ( 'NONE', *, *, #906, .F. ) ;
#2928 = CARTESIAN_POINT ( 'NONE',  ( -50.86378737541529205, 0.000000000000000000, 0.000000000000000000 ) ) ;
#2929 = SHAPE_REPRESENTATION ( 'Pivot_Joint_sm', ( #2468 ), #3969 ) ;
#2930 = ORIENTED_EDGE ( 'NONE', *, *, #687, .T. ) ;
#2931 = CARTESIAN_POINT ( 'NONE',  ( -36.36378737541529205, 3.652823920265779734, 10.00000000000000000 ) ) ;
#2932 = APPLICATION_CONTEXT ( 'automotive_design' ) ;
#2933 = CARTESIAN_POINT ( 'NONE',  ( -9.657483350521390619, 116.5000000000000000, 30.46570259235894085 ) ) ;
#2934 = FACE_OUTER_BOUND ( 'NONE', #4006, .T. ) ;
#2935 = CIRCLE ( 'NONE', #223, 5.000000000000031974 ) ;
#2936 = DIRECTION ( 'NONE',  ( 2.185888876940041013E-33, 0.9999999999999998890, -1.066133187454553377E-28 ) ) ;
#2937 = CARTESIAN_POINT ( 'NONE',  ( -114.0350877192983319, 25.00000000000000000, -23.68421052631578760 ) ) ;
#2938 = ORIENTED_EDGE ( 'NONE', *, *, #3491, .F. ) ;
#2939 = PRODUCT_DEFINITION_FORMATION_WITH_SPECIFIED_SOURCE ( 'ANY', '', #2798, .NOT_KNOWN. ) ;
#2940 = ADVANCED_FACE ( 'NONE', ( #4549 ), #4467, .F. ) ;
#2941 = EDGE_LOOP ( 'NONE', ( #2053, #2793, #5255, #4711 ) ) ;
#2942 = LINE ( 'NONE', #3432, #3835 ) ;
#2943 = CARTESIAN_POINT ( 'NONE',  ( -93.23762376237618810, 0.000000000000000000, 28.09405940594061946 ) ) ;
#2944 = DIRECTION ( 'NONE',  ( -1.000000000000000000, -0.000000000000000000, -0.000000000000000000 ) ) ;
#2945 = ORIENTED_EDGE ( 'NONE', *, *, #5705, .F. ) ;
#2946 = EDGE_CURVE ( 'NONE', #1082, #2598, #2688, .T. ) ;
#2947 = ORIENTED_EDGE ( 'NONE', *, *, #1093, .T. ) ;
#2948 = DIRECTION ( 'NONE',  ( 1.000000000000000000, 0.000000000000000000, 0.000000000000000000 ) ) ;
#2949 = EDGE_LOOP ( 'NONE', ( #4602, #4176, #4906, #5027 ) ) ;
#2950 = CARTESIAN_POINT ( 'NONE',  ( -197.3333333333332860, 370.0000000000000000, -74.99999999999992895 ) ) ;
#2951 = LINE ( 'NONE', #4725, #842 ) ;
#2952 = ORIENTED_EDGE ( 'NONE', *, *, #5188, .T. ) ;
#2953 = DIRECTION ( 'NONE',  ( 1.000000000000000000, 0.000000000000000000, -0.000000000000000000 ) ) ;
#2954 = VERTEX_POINT ( 'NONE', #543 ) ;
#2955 = DIRECTION ( 'NONE',  ( 0.000000000000000000, 0.000000000000000000, 1.000000000000000000 ) ) ;
#2956 =( NAMED_UNIT ( * ) SI_UNIT ( $, .STERADIAN. ) SOLID_ANGLE_UNIT ( ) );
#2957 = FACE_OUTER_BOUND ( 'NONE', #2853, .T. ) ;
#2958 = CARTESIAN_POINT ( 'NONE',  ( 30.57150851985710815, 119.5000000000000000, 31.07524616010108431 ) ) ;
#2959 = DIRECTION ( 'NONE',  ( -0.000000000000000000, -0.000000000000000000, -1.000000000000000000 ) ) ;
#2960 = ORIENTED_EDGE ( 'NONE', *, *, #5077, .F. ) ;
#2961 = EDGE_CURVE ( 'NONE', #3270, #1504, #106, .T. ) ;
#2962 = ORIENTED_EDGE ( 'NONE', *, *, #5321, .T. ) ;
#2963 = LINE ( 'NONE', #5168, #2555 ) ;
#2964 =( REPRESENTATION_RELATIONSHIP ('NONE','NONE', #313, #2514 ) REPRESENTATION_RELATIONSHIP_WITH_TRANSFORMATION ( #2856 )SHAPE_REPRESENTATION_RELATIONSHIP( ) );
#2965 = CIRCLE ( 'NONE', #1198, 10.50000000000000178 ) ;
#2966 = EDGE_CURVE ( 'NONE', #2337, #5539, #1804, .T. ) ;
#2967 = PLANE ( 'NONE',  #5291 ) ;
#2968 = MANIFOLD_SOLID_BREP ( 'Cut-Extrude2', #734 ) ;
#2969 = FACE_OUTER_BOUND ( 'NONE', #1074, .T. ) ;
#2970 = VERTEX_POINT ( 'NONE', #4494 ) ;
#2971 = VERTEX_POINT ( 'NONE', #1369 ) ;
#2972 = CARTESIAN_POINT ( 'NONE',  ( -59.18604651162796415, 50.00000000000000000, -14.91860465116278789 ) ) ;
#2973 = ORIENTED_EDGE ( 'NONE', *, *, #3230, .F. ) ;
#2974 = PRODUCT_CONTEXT ( 'NONE', #907, 'mechanical' ) ;
#2975 = PLANE ( 'NONE',  #4913 ) ;
#2976 = ORIENTED_EDGE ( 'NONE', *, *, #2015, .T. ) ;
#2977 = DIRECTION ( 'NONE',  ( 0.000000000000000000, 0.000000000000000000, 1.000000000000000000 ) ) ;
#2978 = AXIS2_PLACEMENT_3D ( 'NONE', #2924, #747, #2487 ) ;
#2979 = VERTEX_POINT ( 'NONE', #4894 ) ;
#2980 = DIRECTION ( 'NONE',  ( -1.156482317317871478E-16, 0.000000000000000000, -1.000000000000000000 ) ) ;
#2981 = MANIFOLD_SOLID_BREP ( 'Boss-Extrude1', #1679 ) ;
#2982 = VERTEX_POINT ( 'NONE', #3550 ) ;
#2983 = CARTESIAN_POINT ( 'NONE',  ( -56.18604651162795705, 3.000000000000000000, -14.91860465116278789 ) ) ;
#2984 = EDGE_CURVE ( 'NONE', #519, #3436, #5502, .T. ) ;
#2985 = DIRECTION ( 'NONE',  ( 1.000000000000000000, 0.000000000000000000, 0.000000000000000000 ) ) ;
#2986 = CLOSED_SHELL ( 'NONE', ( #4359, #1184, #1115, #5436, #1882, #2331 ) ) ;
#2987 = DIRECTION ( 'NONE',  ( -0.000000000000000000, 0.000000000000000000, 1.000000000000000000 ) ) ;
#2988 = EDGE_CURVE ( 'NONE', #4614, #5223, #3342, .T. ) ;
#2989 = DIRECTION ( 'NONE',  ( 1.000000000000000000, 0.000000000000000000, -3.229980028825710504E-16 ) ) ;
#2990 = CIRCLE ( 'NONE', #3644, 18.86810474738533472 ) ;
#2991 = MANIFOLD_SOLID_BREP ( 'Cut-Extrude2', #737 ) ;
#2992 = PRODUCT_DEFINITION_SHAPE ( 'NONE', 'NONE',  #3244 ) ;
#2993 = DIRECTION ( 'NONE',  ( 1.000000000000000000, 0.000000000000000000, 0.000000000000000000 ) ) ;
#2994 = CARTESIAN_POINT ( 'NONE',  ( -47.47368421052630794, 217.0000000000000000, 12.81578947368421773 ) ) ;
#2995 = VECTOR ( 'NONE', #2892, 1000.000000000000000 ) ;
#2996 = ORIENTED_EDGE ( 'NONE', *, *, #39, .T. ) ;
#2997 = PLANE ( 'NONE',  #1521 ) ;
#2998 = CIRCLE ( 'NONE', #3932, 8.000000000000000000 ) ;
#2999 = CARTESIAN_POINT ( 'NONE',  ( -450.8637873754153134, 3.652823920265783286, 5.000000000000000000 ) ) ;
#3000 = STYLED_ITEM ( 'NONE', ( #3791 ), #1187 ) ;
#3001 = AXIS2_PLACEMENT_3D ( 'NONE', #1451, #1889, #4222 ) ;
#3002 = CARTESIAN_POINT ( 'NONE',  ( 25.66321657133565992, 119.5000000000000000, 44.29375452128105195 ) ) ;
#3003 = ORIENTED_EDGE ( 'NONE', *, *, #3929, .F. ) ;
#3004 = APPLICATION_CONTEXT ( 'automotive_design' ) ;
#3005 = CIRCLE ( 'NONE', #5582, 11.62970334961300978 ) ;
#3006 = ORIENTED_EDGE ( 'NONE', *, *, #885, .F. ) ;
#3007 = CYLINDRICAL_SURFACE ( 'NONE', #2645, 9.514273547916648255 ) ;
#3008 = ORIENTED_EDGE ( 'NONE', *, *, #4195, .T. ) ;
#3009 = PLANE ( 'NONE',  #2523 ) ;
#3010 = AXIS2_PLACEMENT_3D ( 'NONE', #1020, #2811, #5463 ) ;
#3011 = VERTEX_POINT ( 'NONE', #623 ) ;
#3012 = ORIENTED_EDGE ( 'NONE', *, *, #5481, .T. ) ;
#3013 = CARTESIAN_POINT ( 'NONE',  ( -450.8637873754153134, 3.652823920265784174, 13.00000000000000178 ) ) ;
#3014 = ADVANCED_FACE ( 'NONE', ( #599 ), #1097, .F. ) ;
#3015 = ORIENTED_EDGE ( 'NONE', *, *, #3804, .T. ) ;
#3016 = CARTESIAN_POINT ( 'NONE',  ( -379.0350877192983603, 12.50000000000000000, -3.684210526315693013 ) ) ;
#3017 = AXIS2_PLACEMENT_3D ( 'NONE', #900, #5116, #2948 ) ;
#3018 = DIRECTION ( 'NONE',  ( 3.469446951953614189E-16, 0.000000000000000000, 1.000000000000000000 ) ) ;
#3019 = PRESENTATION_LAYER_ASSIGNMENT (  '', '', ( #1251 ) ) ;
#3020 = LINE ( 'NONE', #5666, #2144 ) ;
#3021 = EDGE_CURVE ( 'NONE', #1473, #1080, #5057, .T. ) ;
#3022 = LINE ( 'NONE', #51, #4498 ) ;
#3023 = AXIS2_PLACEMENT_3D ( 'NONE', #451, #2705, #614 ) ;
#3024 = CARTESIAN_POINT ( 'NONE',  ( -93.23762376237620231, 0.000000000000000000, -21.90594059405938410 ) ) ;
#3025 = ORIENTED_EDGE ( 'NONE', *, *, #1803, .F. ) ;
#3026 = CARTESIAN_POINT ( 'NONE',  ( -64.03508771929831767, 0.000000000000000000, 16.31578947368421240 ) ) ;
#3027 = VECTOR ( 'NONE', #4916, 1000.000000000000000 ) ;
#3028 = DIRECTION ( 'NONE',  ( -0.000000000000000000, -1.000000000000000000, -0.000000000000000000 ) ) ;
#3029 =( GEOMETRIC_REPRESENTATION_CONTEXT ( 3 ) GLOBAL_UNCERTAINTY_ASSIGNED_CONTEXT ( ( #2696 ) ) GLOBAL_UNIT_ASSIGNED_CONTEXT ( ( #2161, #816, #902 ) ) REPRESENTATION_CONTEXT ( 'NONE', 'WORKASPACE' ) );
#3030 = CARTESIAN_POINT ( 'NONE',  ( -9.657483350521390619, 116.5000000000000000, 30.46570259235894085 ) ) ;
#3031 = CARTESIAN_POINT ( 'NONE',  ( -48.64705882352942012, 0.000000000000000000, 12.61764705882352899 ) ) ;
#3032 = CARTESIAN_POINT ( 'NONE',  ( -31.18604651162795349, 25.00000000000000000, 5.081395348837213888 ) ) ;
#3033 = ADVANCED_FACE ( 'NONE', ( #1066, #5029 ), #4628, .T. ) ;
#3034 = ORIENTED_EDGE ( 'NONE', *, *, #2792, .F. ) ;
#3035 = CARTESIAN_POINT ( 'NONE',  ( -59.18604651162796415, 25.00000000000000000, 0.08139534883721191716 ) ) ;
#3036 = ORIENTED_EDGE ( 'NONE', *, *, #458, .T. ) ;
#3037 = PRODUCT_DEFINITION_FORMATION_WITH_SPECIFIED_SOURCE ( 'ANY', '', #2478, .NOT_KNOWN. ) ;
#3038 = APPLICATION_PROTOCOL_DEFINITION ( 'draft international standard', 'automotive_design', 1998, #608 ) ;
#3039 = DIRECTION ( 'NONE',  ( 1.000000000000000000, 0.000000000000000000, 0.000000000000000000 ) ) ;
#3040 = DIRECTION ( 'NONE',  ( -0.000000000000000000, -0.000000000000000000, -1.000000000000000000 ) ) ;
#3041 = EDGE_CURVE ( 'NONE', #2324, #2211, #4194, .T. ) ;
#3042 = ORIENTED_EDGE ( 'NONE', *, *, #4625, .T. ) ;
#3043 = CARTESIAN_POINT ( 'NONE',  ( -53.86378737541529205, 3.652823920265784619, 16.62970334961300978 ) ) ;
#3044 = ORIENTED_EDGE ( 'NONE', *, *, #5476, .F. ) ;
#3045 = FACE_OUTER_BOUND ( 'NONE', #1836, .T. ) ;
#3046 = LINE ( 'NONE', #2585, #4465 ) ;
#3047 = DIRECTION ( 'NONE',  ( 1.000000000000000000, 0.000000000000000000, 0.000000000000000000 ) ) ;
#3048 = CARTESIAN_POINT ( 'NONE',  ( 25.66321657133565992, 116.5000000000000000, 44.29375452128105195 ) ) ;
#3049 = CARTESIAN_POINT ( 'NONE',  ( -450.8637873754153134, 3.652823920265783286, 5.000000000000000000 ) ) ;
#3050 = ORIENTED_EDGE ( 'NONE', *, *, #331, .F. ) ;
#3051 = LINE ( 'NONE', #1799, #372 ) ;
#3052 = CARTESIAN_POINT ( 'NONE',  ( -40.16883116883118277, 0.000000000000000000, -6.876623376623382633 ) ) ;
#3053 = DIRECTION ( 'NONE',  ( -1.000000000000000000, 0.000000000000000000, -0.000000000000000000 ) ) ;
#3054 = EDGE_CURVE ( 'NONE', #2087, #4268, #190, .T. ) ;
#3055 = DIRECTION ( 'NONE',  ( 1.000000000000000000, 0.000000000000000000, -4.625929269271485914E-16 ) ) ;
#3056 = ORIENTED_EDGE ( 'NONE', *, *, #2766, .F. ) ;
#3057 = MANIFOLD_SOLID_BREP ( 'Boss-Extrude1', #2524 ) ;
#3058 = DIRECTION ( 'NONE',  ( 0.000000000000000000, 1.000000000000000000, -0.000000000000000000 ) ) ;
#3059 = VERTEX_POINT ( 'NONE', #134 ) ;
#3060 = CARTESIAN_POINT ( 'NONE',  ( 0.000000000000000000, 428.0000000000000000, 0.000000000000000000 ) ) ;
#3061 = EDGE_CURVE ( 'NONE', #2831, #3384, #3755, .T. ) ;
#3062 = ORIENTED_EDGE ( 'NONE', *, *, #786, .F. ) ;
#3063 = APPLICATION_PROTOCOL_DEFINITION ( 'draft international standard', 'automotive_design', 1998, #1702 ) ;
#3064 = EDGE_CURVE ( 'NONE', #2869, #5602, #1217, .T. ) ;
#3065 = EDGE_CURVE ( 'NONE', #5400, #587, #5592, .T. ) ;
#3066 = ORIENTED_EDGE ( 'NONE', *, *, #1615, .T. ) ;
#3067 = DIRECTION ( 'NONE',  ( 0.000000000000000000, 1.000000000000000000, 0.000000000000000000 ) ) ;
#3068 = ORIENTED_EDGE ( 'NONE', *, *, #3804, .F. ) ;
#3069 = LINE ( 'NONE', #4870, #3390 ) ;
#3070 = CARTESIAN_POINT ( 'NONE',  ( -149.7916666666666288, 20.00000000000000000, -24.58333333333334991 ) ) ;
#3071 = CARTESIAN_POINT ( 'NONE',  ( 30.57150851985710815, 100.5000000000000000, 26.07524616010108431 ) ) ;
#3072 = CARTESIAN_POINT ( 'NONE',  ( 0.000000000000000000, 217.0000000000000000, 0.000000000000000000 ) ) ;
#3073 = PRODUCT_RELATED_PRODUCT_CATEGORY ( 'part', '', ( #1683 ) ) ;
#3074 = AXIS2_PLACEMENT_3D ( 'NONE', #1638, #5544, #203 ) ;
#3075 = CYLINDRICAL_SURFACE ( 'NONE', #4217, 18.86810474738533472 ) ;
#3076 = ORIENTED_EDGE ( 'NONE', *, *, #3822, .T. ) ;
#3077 = DIRECTION ( 'NONE',  ( 1.387778780781446859E-15, 1.000000000000000000, 3.469446951953617147E-16 ) ) ;
#3078 = DIRECTION ( 'NONE',  ( 0.000000000000000000, 0.000000000000000000, 1.000000000000000000 ) ) ;
#3079 = LINE ( 'NONE', #2768, #36 ) ;
#3080 = EDGE_CURVE ( 'NONE', #4193, #2878, #2274, .T. ) ;
#3081 = CONTEXT_DEPENDENT_SHAPE_REPRESENTATION ( #3501, #2702 ) ;
#3082 = LINE ( 'NONE', #1771, #2247 ) ;
#3083 = ORIENTED_EDGE ( 'NONE', *, *, #5646, .T. ) ;
#3084 = AXIS2_PLACEMENT_3D ( 'NONE', #759, #5269, #1242 ) ;
#3085 = CARTESIAN_POINT ( 'NONE',  ( -40.16883116883118277, 217.0000000000000000, -6.876623376623382633 ) ) ;
#3086 = EDGE_CURVE ( 'NONE', #576, #4035, #2963, .T. ) ;
#3087 = ORIENTED_EDGE ( 'NONE', *, *, #3064, .F. ) ;
#3088 = DIRECTION ( 'NONE',  ( 3.469446951953614189E-16, 0.000000000000000000, 1.000000000000000000 ) ) ;
#3089 = EDGE_LOOP ( 'NONE', ( #33, #2938, #4957, #2260 ) ) ;
#3090 = VECTOR ( 'NONE', #4240, 1000.000000000000000 ) ;
#3091 = APPLICATION_PROTOCOL_DEFINITION ( 'draft international standard', 'automotive_design', 1998, #126 ) ;
#3092 = AXIS2_PLACEMENT_3D ( 'NONE', #2112, #4340, #2993 ) ;
#3093 = EDGE_CURVE ( 'NONE', #732, #2613, #4772, .T. ) ;
#3094 = LINE ( 'NONE', #5687, #4398 ) ;
#3095 = VERTEX_POINT ( 'NONE', #3431 ) ;
#3096 = DIRECTION ( 'NONE',  ( 1.000000000000000000, 0.000000000000000000, 0.000000000000000000 ) ) ;
#3097 = MANIFOLD_SOLID_BREP ( 'Boss-Extrude1', #2986 ) ;
#3098 = COLOUR_RGB ( '',0.7921568627450980005, 0.8196078431372548767, 0.9333333333333333481 ) ;
#3099 = EDGE_LOOP ( 'NONE', ( #1607, #1312, #4381, #2168 ) ) ;
#3100 = LINE ( 'NONE', #4418, #1256 ) ;
#3101 = CIRCLE ( 'NONE', #851, 17.50000000000000000 ) ;
#3102 = PLANE ( 'NONE',  #257 ) ;
#3103 = LINE ( 'NONE', #4338, #284 ) ;
#3104 = AXIS2_PLACEMENT_3D ( 'NONE', #5125, #5520, #5157 ) ;
#3105 = LINE ( 'NONE', #879, #2639 ) ;
#3106 = ORIENTED_EDGE ( 'NONE', *, *, #4175, .F. ) ;
#3107 = DIRECTION ( 'NONE',  ( -1.000000000000000000, 0.000000000000000000, 1.614990014412855252E-16 ) ) ;
#3108 = VECTOR ( 'NONE', #1867, 1000.000000000000000 ) ;
#3109 = ORIENTED_EDGE ( 'NONE', *, *, #1093, .F. ) ;
#3110 = DIRECTION ( 'NONE',  ( 0.000000000000000000, 0.000000000000000000, -1.000000000000000000 ) ) ;
#3111 = DIRECTION ( 'NONE',  ( -0.000000000000000000, -0.000000000000000000, -1.000000000000000000 ) ) ;
#3112 = COLOUR_RGB ( '',0.7921568627450980005, 0.8196078431372548767, 0.9333333333333333481 ) ;
#3113 = CARTESIAN_POINT ( 'NONE',  ( -379.0350877192983603, 16.64322946534103664, 7.349913455054963407 ) ) ;
#3114 =( REPRESENTATION_RELATIONSHIP ('NONE','NONE', #4122, #1904 ) REPRESENTATION_RELATIONSHIP_WITH_TRANSFORMATION ( #5429 )SHAPE_REPRESENTATION_RELATIONSHIP( ) );
#3115 = CARTESIAN_POINT ( 'NONE',  ( -17.47368421052631149, 217.0000000000000000, -7.184210526315784051 ) ) ;
#3116 = AXIS2_PLACEMENT_3D ( 'NONE', #438, #1758, #1700 ) ;
#3117 = DIRECTION ( 'NONE',  ( 0.000000000000000000, 0.000000000000000000, -1.000000000000000000 ) ) ;
#3118 = ORIENTED_EDGE ( 'NONE', *, *, #56, .T. ) ;
#3119 = CARTESIAN_POINT ( 'NONE',  ( -197.3333333333332860, 428.0000000000000000, -74.99999999999992895 ) ) ;
#3120 = PRODUCT_DEFINITION_SHAPE ( 'NONE', 'NONE',  #5737 ) ;
#3121 = VECTOR ( 'NONE', #2028, 1000.000000000000000 ) ;
#3122 =( GEOMETRIC_REPRESENTATION_CONTEXT ( 3 ) GLOBAL_UNCERTAINTY_ASSIGNED_CONTEXT ( ( #4662 ) ) GLOBAL_UNIT_ASSIGNED_CONTEXT ( ( #3962, #4764, #3481 ) ) REPRESENTATION_CONTEXT ( 'NONE', 'WORKASPACE' ) );
#3123 = ADVANCED_FACE ( 'NONE', ( #1625 ), #5226, .F. ) ;
#3124 = AXIS2_PLACEMENT_3D ( 'NONE', #4102, #4658, #2008 ) ;
#3125 = VERTEX_POINT ( 'NONE', #272 ) ;
#3126 = DIRECTION ( 'NONE',  ( 0.000000000000000000, 0.000000000000000000, 1.000000000000000000 ) ) ;
#3127 = ORIENTED_EDGE ( 'NONE', *, *, #4844, .T. ) ;
#3128 = LINE ( 'NONE', #355, #1936 ) ;
#3129 = FACE_OUTER_BOUND ( 'NONE', #2185, .T. ) ;
#3130 = DIRECTION ( 'NONE',  ( 0.000000000000000000, 1.000000000000000000, 0.000000000000000000 ) ) ;
#3131 = ORIENTED_EDGE ( 'NONE', *, *, #3742, .T. ) ;
#3132 = DIRECTION ( 'NONE',  ( 1.000000000000000000, 2.138038778504289600E-16, 1.665334536937734811E-16 ) ) ;
#3133 = DIRECTION ( 'NONE',  ( 0.000000000000000000, 0.000000000000000000, 1.000000000000000000 ) ) ;
#3134 = CARTESIAN_POINT ( 'NONE',  ( -84.77053187294963266, 75.00000000000001421, -22.84276137403035278 ) ) ;
#3135 = EDGE_CURVE ( 'NONE', #4639, #5201, #4317, .T. ) ;
#3136 = ORIENTED_EDGE ( 'NONE', *, *, #4621, .T. ) ;
#3137 = DIRECTION ( 'NONE',  ( 1.000000000000000000, 0.000000000000000000, 0.000000000000000000 ) ) ;
#3138 = EDGE_CURVE ( 'NONE', #4355, #2323, #4713, .T. ) ;
#3139 = CARTESIAN_POINT ( 'NONE',  ( -17.47368421052630794, 217.0000000000000000, 12.81578947368421773 ) ) ;
#3140 =( NAMED_UNIT ( * ) SI_UNIT ( $, .STERADIAN. ) SOLID_ANGLE_UNIT ( ) );
#3141 = DIRECTION ( 'NONE',  ( -3.229980028825710504E-16, 0.000000000000000000, -1.000000000000000000 ) ) ;
#3142 = DIRECTION ( 'NONE',  ( 0.000000000000000000, 0.000000000000000000, 1.000000000000000000 ) ) ;
#3143 = ORIENTED_EDGE ( 'NONE', *, *, #1476, .F. ) ;
#3144 = CARTESIAN_POINT ( 'NONE',  ( -31.36378737541529205, 3.652823920265779734, 10.00000000000000000 ) ) ;
#3145 = PRODUCT_RELATED_PRODUCT_CATEGORY ( 'part', '', ( #1222 ) ) ;
#3146 = APPLICATION_PROTOCOL_DEFINITION ( 'draft international standard', 'automotive_design', 1998, #1990 ) ;
#3147 = VECTOR ( 'NONE', #3923, 1000.000000000000000 ) ;
#3148 = DIRECTION ( 'NONE',  ( 0.000000000000000000, 0.000000000000000000, -1.000000000000000000 ) ) ;
#3149 = VERTEX_POINT ( 'NONE', #1716 ) ;
#3150 = LINE ( 'NONE', #4898, #1248 ) ;
#3151 = ORIENTED_EDGE ( 'NONE', *, *, #4255, .T. ) ;
#3152 = ADVANCED_FACE ( 'NONE', ( #5196 ), #2997, .F. ) ;
#3153 = CARTESIAN_POINT ( 'NONE',  ( -6.055045871559632253, -0.000000000000000000, 7.002553481007294250E-16 ) ) ;
#3154 = CARTESIAN_POINT ( 'NONE',  ( 30.57150851985710815, 119.5000000000000000, 26.07524616010108431 ) ) ;
#3155 = CARTESIAN_POINT ( 'NONE',  ( -17.47368421052631149, 217.0000000000000000, -7.184210526315784051 ) ) ;
#3156 = CARTESIAN_POINT ( 'NONE',  ( -34.18604651162794994, 25.00000000000000000, 0.08139534883721373515 ) ) ;
#3157 = ADVANCED_FACE ( 'NONE', ( #4825 ), #1252, .T. ) ;
#3158 = EDGE_LOOP ( 'NONE', ( #2802, #3003, #3721, #5232 ) ) ;
#3159 = DIRECTION ( 'NONE',  ( -1.000000000000000000, -2.458746788092453624E-16, -8.326672684688674053E-16 ) ) ;
#3160 = CARTESIAN_POINT ( 'NONE',  ( -36.05504587155962781, 97.50000000000000000, 24.72935779816513957 ) ) ;
#3161 = CARTESIAN_POINT ( 'NONE',  ( -59.18604651162796415, 25.00000000000000000, -17.41860465116279144 ) ) ;
#3162 = EDGE_CURVE ( 'NONE', #2113, #1739, #2142, .T. ) ;
#3163 = DIRECTION ( 'NONE',  ( 0.000000000000000000, 0.000000000000000000, -1.000000000000000000 ) ) ;
#3164 = ORIENTED_EDGE ( 'NONE', *, *, #4915, .T. ) ;
#3165 = DIRECTION ( 'NONE',  ( 1.000000000000000000, 0.000000000000000000, 0.000000000000000000 ) ) ;
#3166 = DIRECTION ( 'NONE',  ( -0.000000000000000000, -1.000000000000000000, -0.000000000000000000 ) ) ;
#3167 = ORIENTED_EDGE ( 'NONE', *, *, #482, .T. ) ;
#3168 = FACE_BOUND ( 'NONE', #1458, .T. ) ;
#3169 = ORIENTED_EDGE ( 'NONE', *, *, #5603, .F. ) ;
#3170 = AXIS2_PLACEMENT_3D ( 'NONE', #2994, #4770, #3752 ) ;
#3171 = ORIENTED_EDGE ( 'NONE', *, *, #4198, .T. ) ;
#3172 = CARTESIAN_POINT ( 'NONE',  ( 0.000000000000000000, -6.847176079734221155, 0.000000000000000000 ) ) ;
#3173 = ITEM_DEFINED_TRANSFORMATION ( 'NONE', 'NONE', #5611,  #2468 ) ;
#3174 = VECTOR ( 'NONE', #2521, 1000.000000000000000 ) ;
#3175 = VECTOR ( 'NONE', #3940, 1000.000000000000000 ) ;
#3176 =( GEOMETRIC_REPRESENTATION_CONTEXT ( 3 ) GLOBAL_UNCERTAINTY_ASSIGNED_CONTEXT ( ( #2322 ) ) GLOBAL_UNIT_ASSIGNED_CONTEXT ( ( #2155, #3528, #5236 ) ) REPRESENTATION_CONTEXT ( 'NONE', 'WORKASPACE' ) );
#3177 = ORIENTED_EDGE ( 'NONE', *, *, #5047, .F. ) ;
#3178 = LINE ( 'NONE', #4036, #4871 ) ;
#3179 = EDGE_CURVE ( 'NONE', #121, #5539, #395, .T. ) ;
#3180 = ORIENTED_EDGE ( 'NONE', *, *, #4093, .T. ) ;
#3181 = VECTOR ( 'NONE', #4279, 1000.000000000000000 ) ;
#3182 = CARTESIAN_POINT ( 'NONE',  ( -59.18604651162796415, 0.000000000000000000, 15.08139534883721566 ) ) ;
#3183 = CARTESIAN_POINT ( 'NONE',  ( 30.57150851985710815, 119.5000000000000000, 26.07524616010108431 ) ) ;
#3184 = VECTOR ( 'NONE', #5146, 1000.000000000000000 ) ;
#3185 = CARTESIAN_POINT ( 'NONE',  ( -237.3333333333332860, 0.000000000000000000, -74.99999999999992895 ) ) ;
#3186 = EDGE_CURVE ( 'NONE', #3430, #2860, #3517, .T. ) ;
#3187 = VECTOR ( 'NONE', #1614, 1000.000000000000000 ) ;
#3188 = CARTESIAN_POINT ( 'NONE',  ( -56.18604651162794994, 3.000000000000000000, 17.58139534883721566 ) ) ;
#3189 = APPLICATION_CONTEXT ( 'automotive_design' ) ;
#3190 = VERTEX_POINT ( 'NONE', #3633 ) ;
#3191 = VECTOR ( 'NONE', #1647, 999.9999999999998863 ) ;
#3192 = DIRECTION ( 'NONE',  ( 0.000000000000000000, 0.000000000000000000, 1.000000000000000000 ) ) ;
#3193 = FILL_AREA_STYLE ('',( #557 ) ) ;
#3194 = ADVANCED_FACE ( 'NONE', ( #1832, #3738 ), #2227, .T. ) ;
#3195 = AXIS2_PLACEMENT_3D ( 'NONE', #2928, #5180, #3385 ) ;
#3196 = EDGE_CURVE ( 'NONE', #3400, #2359, #4020, .T. ) ;
#3197 = DIRECTION ( 'NONE',  ( -0.000000000000000000, -2.478176394252582127E-16, 1.000000000000000000 ) ) ;
#3198 = EDGE_LOOP ( 'NONE', ( #5448, #3514, #5297, #3783 ) ) ;
#3199 = CARTESIAN_POINT ( 'NONE',  ( -56.18604651162795705, 25.00000000000000000, -4.918604651162788777 ) ) ;
#3200 = PLANE ( 'NONE',  #5059 ) ;
#3201 =( NAMED_UNIT ( * ) PLANE_ANGLE_UNIT ( ) SI_UNIT ( $, .RADIAN. ) );
#3202 = AXIS2_PLACEMENT_3D ( 'NONE', #807, #5683, #5597 ) ;
#3203 = DIRECTION ( 'NONE',  ( 1.000000000000000000, 0.000000000000000000, 0.000000000000000000 ) ) ;
#3204 = EDGE_LOOP ( 'NONE', ( #2996, #4719, #3855, #4600 ) ) ;
#3205 = ORIENTED_EDGE ( 'NONE', *, *, #5631, .F. ) ;
#3206 = AXIS2_PLACEMENT_3D ( 'NONE', #2605, #1102, #4230 ) ;
#3207 = AXIS2_PLACEMENT_3D ( 'NONE', #2722, #4228, #1970 ) ;
#3208 = ORIENTED_EDGE ( 'NONE', *, *, #3415, .F. ) ;
#3209 = PLANE ( 'NONE',  #5590 ) ;
#3210 = ORIENTED_EDGE ( 'NONE', *, *, #1427, .T. ) ;
#3211 = CARTESIAN_POINT ( 'NONE',  ( -6.055045871559633142, 97.50000000000000000, -5.270642201834860430 ) ) ;
#3212 = CARTESIAN_POINT ( 'NONE',  ( -64.03508771929831767, 0.000000000000000000, -23.68421052631578760 ) ) ;
#3213 = UNCERTAINTY_MEASURE_WITH_UNIT (LENGTH_MEASURE( 1.000000000000000082E-05 ), #3337, 'distance_accuracy_value', 'NONE');
#3214 = ADVANCED_FACE ( 'NONE', ( #2650 ), #889, .T. ) ;
#3215 = CARTESIAN_POINT ( 'NONE',  ( -101.2376237623761881, 394.0000000000000000, 9.094059405940621232 ) ) ;
#3216 = DIRECTION ( 'NONE',  ( -1.000000000000000000, 0.000000000000000000, 0.000000000000000000 ) ) ;
#3217 = VERTEX_POINT ( 'NONE', #2396 ) ;
#3218 = AXIS2_PLACEMENT_3D ( 'NONE', #933, #4969, #968 ) ;
#3219 = DIRECTION ( 'NONE',  ( 1.000000000000000000, 0.000000000000000000, 0.000000000000000000 ) ) ;
#3220 = DIRECTION ( 'NONE',  ( 1.156482317317871478E-16, 0.000000000000000000, 1.000000000000000000 ) ) ;
#3221 = CARTESIAN_POINT ( 'NONE',  ( 37.63175721595817436, 100.5000000000000000, 8.577867353333820333 ) ) ;
#3222 =( REPRESENTATION_RELATIONSHIP ('NONE','NONE', #4122, #1661 ) REPRESENTATION_RELATIONSHIP_WITH_TRANSFORMATION ( #1127 )SHAPE_REPRESENTATION_RELATIONSHIP( ) );
#3223 = ORIENTED_EDGE ( 'NONE', *, *, #1200, .T. ) ;
#3224 = DIRECTION ( 'NONE',  ( 1.000000000000000000, 0.000000000000000000, -0.000000000000000000 ) ) ;
#3225 = SHAPE_REPRESENTATION_RELATIONSHIP ( 'NONE' , 'NONE' ,  #893, #4769 ) ;
#3226 = LINE ( 'NONE', #157, #1235 ) ;
#3227 = EDGE_LOOP ( 'NONE', ( #5432, #2558, #2501, #3912 ) ) ;
#3228 = VERTEX_POINT ( 'NONE', #3113 ) ;
#3229 = PRESENTATION_STYLE_ASSIGNMENT (( #3641 ) ) ;
#3230 = EDGE_CURVE ( 'NONE', #5266, #1080, #3079, .T. ) ;
#3231 = ITEM_DEFINED_TRANSFORMATION ( 'NONE', 'NONE', #5251,  #2468 ) ;
#3232 = ADVANCED_FACE ( 'NONE', ( #4911 ), #4183, .T. ) ;
#3233 =( NAMED_UNIT ( * ) SI_UNIT ( $, .STERADIAN. ) SOLID_ANGLE_UNIT ( ) );
#3234 = VERTEX_POINT ( 'NONE', #2681 ) ;
#3235 = CARTESIAN_POINT ( 'NONE',  ( -56.18604651162795705, 0.000000000000000000, -17.41860465116279144 ) ) ;
#3236 = ORIENTED_EDGE ( 'NONE', *, *, #3362, .F. ) ;
#3237 = DIRECTION ( 'NONE',  ( 1.000000000000000000, 0.000000000000000000, 0.000000000000000000 ) ) ;
#3238 = DIRECTION ( 'NONE',  ( 0.000000000000000000, 0.000000000000000000, 1.000000000000000000 ) ) ;
#3239 = CARTESIAN_POINT ( 'NONE',  ( -59.18604651162796415, 0.000000000000000000, 17.58139534883721566 ) ) ;
#3240 = ORIENTED_EDGE ( 'NONE', *, *, #211, .T. ) ;
#3241 = VECTOR ( 'NONE', #2187, 1000.000000000000000 ) ;
#3242 = DIRECTION ( 'NONE',  ( 0.000000000000000000, 1.000000000000000000, 2.478176394252582127E-16 ) ) ;
#3243 = DIRECTION ( 'NONE',  ( 0.000000000000000000, 0.000000000000000000, 1.000000000000000000 ) ) ;
#3244 = PRODUCT_DEFINITION ( 'UNKNOWN', '', #600, #2757 ) ;
#3245 = CARTESIAN_POINT ( 'NONE',  ( -40.16883116883118277, 217.0000000000000000, -6.876623376623382633 ) ) ;
#3246 = DIRECTION ( 'NONE',  ( 1.982541115402065110E-16, 0.000000000000000000, 1.000000000000000000 ) ) ;
#3247 = ADVANCED_FACE ( 'NONE', ( #5494 ), #2738, .F. ) ;
#3248 = CARTESIAN_POINT ( 'NONE',  ( -2.382352941176613115, -548.3037436734091443, 259.9999999999999432 ) ) ;
#3249 = VERTEX_POINT ( 'NONE', #1389 ) ;
#3250 = DIRECTION ( 'NONE',  ( 3.965082230804130713E-16, 0.000000000000000000, 1.000000000000000000 ) ) ;
#3251 = EDGE_LOOP ( 'NONE', ( #5649, #908, #4072, #1668 ) ) ;
#3252 = ORIENTED_EDGE ( 'NONE', *, *, #2946, .T. ) ;
#3253 = PRODUCT_DEFINITION_SHAPE ( 'NONE', 'NONE',  #5725 ) ;
#3254 = CONTEXT_DEPENDENT_SHAPE_REPRESENTATION ( #503, #135 ) ;
#3255 = ADVANCED_FACE ( 'NONE', ( #4459, #426 ), #915, .F. ) ;
#3256 = PRODUCT ( 'L1R', 'L1R', '', ( #2974 ) ) ;
#3257 =( REPRESENTATION_RELATIONSHIP ('NONE','NONE', #2857, #2514 ) REPRESENTATION_RELATIONSHIP_WITH_TRANSFORMATION ( #772 )SHAPE_REPRESENTATION_RELATIONSHIP( ) );
#3258 = EDGE_CURVE ( 'NONE', #4967, #5237, #1419, .T. ) ;
#3259 = EDGE_LOOP ( 'NONE', ( #1949, #3877, #3240, #435 ) ) ;
#3260 = CARTESIAN_POINT ( 'NONE',  ( -34.18604651162794994, 25.00000000000000000, 0.08139534883721373515 ) ) ;
#3261 = VERTEX_POINT ( 'NONE', #3139 ) ;
#3262 = AXIS2_PLACEMENT_3D ( 'NONE', #423, #801, #2197 ) ;
#3263 = ADVANCED_FACE ( 'NONE', ( #4486 ), #3200, .F. ) ;
#3264 = DIRECTION ( 'NONE',  ( -1.000000000000000000, -0.000000000000000000, 3.965082230804130220E-16 ) ) ;
#3265 = UNCERTAINTY_MEASURE_WITH_UNIT (LENGTH_MEASURE( 1.000000000000000082E-05 ), #5663, 'distance_accuracy_value', 'NONE');
#3266 = AXIS2_PLACEMENT_3D ( 'NONE', #4841, #843, #2638 ) ;
#3267 = CARTESIAN_POINT ( 'NONE',  ( 30.57150851985710815, 100.5000000000000000, 26.07524616010108431 ) ) ;
#3268 = ORIENTED_EDGE ( 'NONE', *, *, #4821, .T. ) ;
#3269 = CARTESIAN_POINT ( 'NONE',  ( -450.8637873754153134, 3.652823920265784174, 13.00000000000000178 ) ) ;
#3270 = VERTEX_POINT ( 'NONE', #975 ) ;
#3271 = CARTESIAN_POINT ( 'NONE',  ( -450.8637873754153134, 3.652823920265783286, -4.499999999999998224 ) ) ;
#3272 = CARTESIAN_POINT ( 'NONE',  ( -197.3333333333332860, 370.0000000000000000, -74.99999999999992895 ) ) ;
#3273 = VECTOR ( 'NONE', #3279, 1000.000000000000000 ) ;
#3274 = DIRECTION ( 'NONE',  ( 0.000000000000000000, 0.000000000000000000, 1.000000000000000000 ) ) ;
#3275 = CIRCLE ( 'NONE', #756, 5.000000000000013323 ) ;
#3276 = DIRECTION ( 'NONE',  ( 1.000000000000000000, -0.000000000000000000, -1.982541115402065110E-16 ) ) ;
#3277 = EDGE_CURVE ( 'NONE', #2349, #1764, #3994, .T. ) ;
#3278 = CARTESIAN_POINT ( 'NONE',  ( 129.7916666666663161, -686.9508024969385360, 279.5833333333333144 ) ) ;
#3279 = DIRECTION ( 'NONE',  ( 0.000000000000000000, -1.000000000000000000, -8.260587980841940012E-17 ) ) ;
#3280 = AXIS2_PLACEMENT_3D ( 'NONE', #2336, #2283, #4071 ) ;
#3281 = ORIENTED_EDGE ( 'NONE', *, *, #3697, .F. ) ;
#3282 = ADVANCED_FACE ( 'NONE', ( #1769 ), #176, .T. ) ;
#3283 = AXIS2_PLACEMENT_3D ( 'NONE', #1634, #1721, #1658 ) ;
#3284 = ORIENTED_EDGE ( 'NONE', *, *, #3789, .F. ) ;
#3285 = DIRECTION ( 'NONE',  ( 0.000000000000000000, 0.000000000000000000, 1.000000000000000000 ) ) ;
#3286 = VECTOR ( 'NONE', #5450, 1000.000000000000000 ) ;
#3287 =( NAMED_UNIT ( * ) PLANE_ANGLE_UNIT ( ) SI_UNIT ( $, .RADIAN. ) );
#3288 = ORIENTED_EDGE ( 'NONE', *, *, #829, .F. ) ;
#3289 = DIRECTION ( 'NONE',  ( 0.000000000000000000, 0.000000000000000000, 1.000000000000000000 ) ) ;
#3290 = ORIENTED_EDGE ( 'NONE', *, *, #760, .F. ) ;
#3291 = VECTOR ( 'NONE', #4640, 1000.000000000000000 ) ;
#3292 = DIRECTION ( 'NONE',  ( 1.000000000000000000, 2.056461772298025150E-28, 1.110223024625156540E-16 ) ) ;
#3293 = EDGE_CURVE ( 'NONE', #2349, #1465, #943, .T. ) ;
#3294 = APPLICATION_CONTEXT ( 'automotive_design' ) ;
#3295 = DIRECTION ( 'NONE',  ( 0.000000000000000000, -1.000000000000000000, 1.526149685610094588E-16 ) ) ;
#3296 = AXIS2_PLACEMENT_3D ( 'NONE', #2256, #1956, #4051 ) ;
#3297 = DIRECTION ( 'NONE',  ( -0.000000000000000000, -0.000000000000000000, 1.000000000000000000 ) ) ;
#3298 = ORIENTED_EDGE ( 'NONE', *, *, #30, .F. ) ;
#3299 = CARTESIAN_POINT ( 'NONE',  ( -101.2376237623761881, 750.0000000000000000, -21.90594059405938410 ) ) ;
#3300 = ORIENTED_EDGE ( 'NONE', *, *, #687, .F. ) ;
#3301 = ORIENTED_EDGE ( 'NONE', *, *, #2792, .T. ) ;
#3302 = CARTESIAN_POINT ( 'NONE',  ( -31.18604651162796060, 25.00000000000000711, -17.41860465116278789 ) ) ;
#3303 = FILL_AREA_STYLE_COLOUR ( '', #3098 ) ;
#3304 = PRODUCT_DEFINITION_SHAPE ( 'NONE', 'NONE',  #5727 ) ;
#3305 = DIRECTION ( 'NONE',  ( -0.000000000000000000, -1.000000000000000000, -0.000000000000000000 ) ) ;
#3306 = DIRECTION ( 'NONE',  ( 1.000000000000000000, 0.000000000000000000, 0.000000000000000000 ) ) ;
#3307 = AXIS2_PLACEMENT_3D ( 'NONE', #4045, #3570, #2251 ) ;
#3308 = PRODUCT_DEFINITION_SHAPE ( 'NONE', 'NONE',  #570 ) ;
#3309 = CYLINDRICAL_SURFACE ( 'NONE', #5399, 10.50000000000000178 ) ;
#3310 = EDGE_CURVE ( 'NONE', #2489, #3364, #4976, .T. ) ;
#3311 = ORIENTED_EDGE ( 'NONE', *, *, #3774, .T. ) ;
#3312 = EDGE_LOOP ( 'NONE', ( #2770, #408, #4140, #4664 ) ) ;
#3313 = ADVANCED_FACE ( 'NONE', ( #4080 ), #3387, .F. ) ;
#3314 = ORIENTED_EDGE ( 'NONE', *, *, #4383, .F. ) ;
#3315 = FILL_AREA_STYLE ('',( #1536 ) ) ;
#3316 = CARTESIAN_POINT ( 'NONE',  ( -450.8637873754153134, 3.652823920265783286, 5.000000000000000000 ) ) ;
#3317 = PRODUCT_DEFINITION ( 'UNKNOWN', '', #2477, #4611 ) ;
#3318 = CARTESIAN_POINT ( 'NONE',  ( -50.86378737541529205, 3.652823920265783286, 5.000000000000000000 ) ) ;
#3319 = ORIENTED_EDGE ( 'NONE', *, *, #1044, .F. ) ;
#3320 = LINE ( 'NONE', #4718, #2923 ) ;
#3321 = ORIENTED_EDGE ( 'NONE', *, *, #5007, .T. ) ;
#3322 = PRODUCT_CONTEXT ( 'NONE', #5008, 'mechanical' ) ;
#3323 = FACE_OUTER_BOUND ( 'NONE', #2481, .T. ) ;
#3324 = UNCERTAINTY_MEASURE_WITH_UNIT (LENGTH_MEASURE( 1.000000000000000082E-05 ), #5079, 'distance_accuracy_value', 'NONE');
#3325 = EDGE_LOOP ( 'NONE', ( #1699, #1022, #1401, #5374, #613, #369, #3472, #5567 ) ) ;
#3326 = DIRECTION ( 'NONE',  ( 1.000000000000000000, -0.000000000000000000, -0.000000000000000000 ) ) ;
#3327 = ORIENTED_EDGE ( 'NONE', *, *, #218, .T. ) ;
#3328 = CARTESIAN_POINT ( 'NONE',  ( -139.7916666666666572, 703.0000000000000000, 0.4166666666666519747 ) ) ;
#3329 = EDGE_LOOP ( 'NONE', ( #3706, #2128 ) ) ;
#3330 = LINE ( 'NONE', #5076, #1901 ) ;
#3331 = EDGE_CURVE ( 'NONE', #4331, #5043, #2040, .T. ) ;
#3332 = DIRECTION ( 'NONE',  ( -1.000000000000000000, 0.000000000000000000, 1.614990014412855252E-16 ) ) ;
#3333 =( NAMED_UNIT ( * ) PLANE_ANGLE_UNIT ( ) SI_UNIT ( $, .RADIAN. ) );
#3334 = EDGE_CURVE ( 'NONE', #3125, #2735, #2654, .T. ) ;
#3335 = CARTESIAN_POINT ( 'NONE',  ( -93.23762376237620231, 100.0000000000000000, -21.90594059405938410 ) ) ;
#3336 = DIRECTION ( 'NONE',  ( -2.312964634635742957E-16, -0.000000000000000000, -1.000000000000000000 ) ) ;
#3337 =( LENGTH_UNIT ( ) NAMED_UNIT ( * ) SI_UNIT ( .MILLI., .METRE. ) );
#3338 = PLANE ( 'NONE',  #1881 ) ;
#3339 = EDGE_CURVE ( 'NONE', #5345, #1757, #2837, .T. ) ;
#3340 = DIRECTION ( 'NONE',  ( -1.000000000000000000, -0.000000000000000000, -0.000000000000000000 ) ) ;
#3341 = ORIENTED_EDGE ( 'NONE', *, *, #1376, .T. ) ;
#3342 = LINE ( 'NONE', #2474, #3286 ) ;
#3343 = DIRECTION ( 'NONE',  ( -0.000000000000000000, -1.000000000000000000, -0.000000000000000000 ) ) ;
#3344 = CARTESIAN_POINT ( 'NONE',  ( -31.18604651162795349, 25.00000000000000000, 0.08139534883721254166 ) ) ;
#3345 = VERTEX_POINT ( 'NONE', #3832 ) ;
#3346 = DIRECTION ( 'NONE',  ( 0.000000000000000000, 0.000000000000000000, -1.000000000000000000 ) ) ;
#3347 = VERTEX_POINT ( 'NONE', #2547 ) ;
#3348 = CARTESIAN_POINT ( 'NONE',  ( -31.36378737541529205, 14.15282392026577973, 10.00000000000000000 ) ) ;
#3349 = DIRECTION ( 'NONE',  ( 0.000000000000000000, 0.000000000000000000, -1.000000000000000000 ) ) ;
#3350 = VERTEX_POINT ( 'NONE', #5523 ) ;
#3351 = FACE_BOUND ( 'NONE', #1319, .T. ) ;
#3352 = VECTOR ( 'NONE', #5225, 1000.000000000000000 ) ;
#3353 = PRODUCT_DEFINITION_SHAPE ( 'NONE', 'NONE',  #3500 ) ;
#3354 = ORIENTED_EDGE ( 'NONE', *, *, #5501, .F. ) ;
#3355 = DIRECTION ( 'NONE',  ( -1.000000000000000000, -0.000000000000000000, 3.965082230804130220E-16 ) ) ;
#3356 = AXIS2_PLACEMENT_3D ( 'NONE', #2189, #3479, #2608 ) ;
#3357 = EDGE_CURVE ( 'NONE', #2878, #281, #2428, .T. ) ;
#3358 = LINE ( 'NONE', #2847, #1588 ) ;
#3359 = DIRECTION ( 'NONE',  ( -0.000000000000000000, -1.000000000000000000, -0.000000000000000000 ) ) ;
#3360 = VECTOR ( 'NONE', #1140, 1000.000000000000000 ) ;
#3361 = DIRECTION ( 'NONE',  ( 0.000000000000000000, 0.000000000000000000, 1.000000000000000000 ) ) ;
#3362 = EDGE_CURVE ( 'NONE', #1403, #1103, #3773, .T. ) ;
#3363 = PRESENTATION_LAYER_ASSIGNMENT (  '', '', ( #4669 ) ) ;
#3364 = VERTEX_POINT ( 'NONE', #1580 ) ;
#3365 =( GEOMETRIC_REPRESENTATION_CONTEXT ( 3 ) GLOBAL_UNCERTAINTY_ASSIGNED_CONTEXT ( ( #1407 ) ) GLOBAL_UNIT_ASSIGNED_CONTEXT ( ( #4246, #3333, #296 ) ) REPRESENTATION_CONTEXT ( 'NONE', 'WORKASPACE' ) );
#3366 = ORIENTED_EDGE ( 'NONE', *, *, #2015, .F. ) ;
#3367 =( REPRESENTATION_RELATIONSHIP ('NONE','NONE', #2857, #2132 ) REPRESENTATION_RELATIONSHIP_WITH_TRANSFORMATION ( #3459 )SHAPE_REPRESENTATION_RELATIONSHIP( ) );
#3368 = AXIS2_PLACEMENT_3D ( 'NONE', #3987, #3926, #5668 ) ;
#3369 = CONTEXT_DEPENDENT_SHAPE_REPRESENTATION ( #2563, #1349 ) ;
#3370 = LINE ( 'NONE', #1254, #4941 ) ;
#3371 = DIRECTION ( 'NONE',  ( 0.000000000000000000, 0.000000000000000000, -1.000000000000000000 ) ) ;
#3372 = VECTOR ( 'NONE', #436, 1000.000000000000000 ) ;
#3373 = EDGE_LOOP ( 'NONE', ( #4385, #4100, #2885, #3497 ) ) ;
#3374 = LINE ( 'NONE', #4654, #3740 ) ;
#3375 = ORIENTED_EDGE ( 'NONE', *, *, #3407, .T. ) ;
#3376 = CARTESIAN_POINT ( 'NONE',  ( -61.23762376237618810, 394.0000000000000000, 4.094059405940607910 ) ) ;
#3377 = ORIENTED_EDGE ( 'NONE', *, *, #1061, .T. ) ;
#3378 = DIRECTION ( 'NONE',  ( 5.551115123125782702E-16, -5.551115145578148269E-17, -0.9999999999999998890 ) ) ;
#3379 = VECTOR ( 'NONE', #4861, 1000.000000000000000 ) ;
#3380 = LINE ( 'NONE', #1172, #2420 ) ;
#3381 = UNCERTAINTY_MEASURE_WITH_UNIT (LENGTH_MEASURE( 1.000000000000000082E-05 ), #3775, 'distance_accuracy_value', 'NONE');
#3382 = CARTESIAN_POINT ( 'NONE',  ( -59.18604651162796415, 0.000000000000000000, 15.08139534883721566 ) ) ;
#3383 = VECTOR ( 'NONE', #1745, 1000.000000000000000 ) ;
#3384 = VERTEX_POINT ( 'NONE', #2870 ) ;
#3385 = DIRECTION ( 'NONE',  ( 0.000000000000000000, 0.000000000000000000, 1.000000000000000000 ) ) ;
#3386 = ORIENTED_EDGE ( 'NONE', *, *, #5347, .F. ) ;
#3387 = CYLINDRICAL_SURFACE ( 'NONE', #680, 5.000000000000000000 ) ;
#3388 = CARTESIAN_POINT ( 'NONE',  ( -34.18604651162795705, 3.000000000000000000, -17.41860465116278789 ) ) ;
#3389 = EDGE_CURVE ( 'NONE', #4333, #2378, #3330, .T. ) ;
#3390 = VECTOR ( 'NONE', #5213, 1000.000000000000000 ) ;
#3391 = DIRECTION ( 'NONE',  ( -3.965082230804130713E-16, 0.000000000000000000, -1.000000000000000000 ) ) ;
#3392 = CARTESIAN_POINT ( 'NONE',  ( -101.2376237623761881, 750.0000000000000000, -21.90594059405938410 ) ) ;
#3393 = EDGE_CURVE ( 'NONE', #2570, #2066, #5102, .T. ) ;
#3394 = AXIS2_PLACEMENT_3D ( 'NONE', #3943, #3058, #5680 ) ;
#3395 =( NAMED_UNIT ( * ) PLANE_ANGLE_UNIT ( ) SI_UNIT ( $, .RADIAN. ) );
#3396 =( GEOMETRIC_REPRESENTATION_CONTEXT ( 3 ) GLOBAL_UNCERTAINTY_ASSIGNED_CONTEXT ( ( #1519 ) ) GLOBAL_UNIT_ASSIGNED_CONTEXT ( ( #4820, #3395, #2554 ) ) REPRESENTATION_CONTEXT ( 'NONE', 'WORKASPACE' ) );
#3397 = LINE ( 'NONE', #1620, #753 ) ;
#3398 = VERTEX_POINT ( 'NONE', #5575 ) ;
#3399 = AXIS2_PLACEMENT_3D ( 'NONE', #3439, #3795, #5542 ) ;
#3400 = VERTEX_POINT ( 'NONE', #4244 ) ;
#3401 = DIRECTION ( 'NONE',  ( 0.3021763769752814910, 0.000000000000000000, -0.9532520323598018264 ) ) ;
#3402 = ITEM_DEFINED_TRANSFORMATION ( 'NONE', 'NONE', #43,  #2468 ) ;
#3403 = CARTESIAN_POINT ( 'NONE',  ( -56.18604651162795705, 0.000000000000000000, 9.073990406561538803E-15 ) ) ;
#3404 = STYLED_ITEM ( 'NONE', ( #3896 ), #5002 ) ;
#3405 = PRODUCT_DEFINITION_SHAPE ( 'NONE', 'NONE',  #5713 ) ;
#3406 = DIRECTION ( 'NONE',  ( -1.000000000000000000, 0.000000000000000000, 3.767964143663676271E-16 ) ) ;
#3407 = EDGE_CURVE ( 'NONE', #4743, #2613, #4334, .T. ) ;
#3408 =( REPRESENTATION_RELATIONSHIP ('NONE','NONE', #4122, #1904 ) REPRESENTATION_RELATIONSHIP_WITH_TRANSFORMATION ( #1944 )SHAPE_REPRESENTATION_RELATIONSHIP( ) );
#3409 = ORIENTED_EDGE ( 'NONE', *, *, #2862, .F. ) ;
#3410 = DIRECTION ( 'NONE',  ( 1.000000000000000000, -0.000000000000000000, -1.982541115402065110E-16 ) ) ;
#3411 = ORIENTED_EDGE ( 'NONE', *, *, #4101, .T. ) ;
#3412 = APPLICATION_PROTOCOL_DEFINITION ( 'draft international standard', 'automotive_design', 1998, #3294 ) ;
#3413 = LINE ( 'NONE', #4292, #3812 ) ;
#3414 = VERTEX_POINT ( 'NONE', #4214 ) ;
#3415 = EDGE_CURVE ( 'NONE', #5085, #5424, #4518, .T. ) ;
#3416 = CARTESIAN_POINT ( 'NONE',  ( -59.18604651162796415, 50.00000000000000000, 15.08139534883721566 ) ) ;
#3417 = ORIENTED_EDGE ( 'NONE', *, *, #4058, .T. ) ;
#3418 = DIRECTION ( 'NONE',  ( 0.000000000000000000, 0.000000000000000000, -1.000000000000000000 ) ) ;
#3419 = ORIENTED_EDGE ( 'NONE', *, *, #3897, .F. ) ;
#3420 = CARTESIAN_POINT ( 'NONE',  ( -450.8637873754153134, 3.652823920265783286, 5.000000000000000000 ) ) ;
#3421 =( NAMED_UNIT ( * ) PLANE_ANGLE_UNIT ( ) SI_UNIT ( $, .RADIAN. ) );
#3422 = SURFACE_STYLE_USAGE ( .BOTH. , #2431 ) ;
#3423 = DIRECTION ( 'NONE',  ( 0.9532520323598018264, 0.000000000000000000, 0.3021763769752814910 ) ) ;
#3424 = LINE ( 'NONE', #1209, #3191 ) ;
#3425 =( NAMED_UNIT ( * ) SI_UNIT ( $, .STERADIAN. ) SOLID_ANGLE_UNIT ( ) );
#3426 = DIRECTION ( 'NONE',  ( 0.000000000000000000, -0.000000000000000000, 1.000000000000000000 ) ) ;
#3427 = CIRCLE ( 'NONE', #909, 18.86810474738533472 ) ;
#3428 = VERTEX_POINT ( 'NONE', #670 ) ;
#3429 = ADVANCED_FACE ( 'NONE', ( #1986 ), #1179, .T. ) ;
#3430 = VERTEX_POINT ( 'NONE', #5549 ) ;
#3431 = CARTESIAN_POINT ( 'NONE',  ( -10.04819277108434328, 0.000000000000000000, 24.63253012048192403 ) ) ;
#3432 = CARTESIAN_POINT ( 'NONE',  ( -10.16883116883118277, 217.0000000000000000, -6.876623376623382633 ) ) ;
#3433 = EDGE_CURVE ( 'NONE', #1739, #3190, #4787, .T. ) ;
#3434 = CARTESIAN_POINT ( 'NONE',  ( -50.86378737541529205, 3.652823920265783286, -6.629703349613010666 ) ) ;
#3435 = EDGE_LOOP ( 'NONE', ( #1838, #4387, #5045, #260, #3890, #308, #2622, #4542 ) ) ;
#3436 = VERTEX_POINT ( 'NONE', #2931 ) ;
#3437 = LINE ( 'NONE', #344, #3856 ) ;
#3438 = ORIENTED_EDGE ( 'NONE', *, *, #4270, .F. ) ;
#3439 = CARTESIAN_POINT ( 'NONE',  ( 680.8489990007609549, 448.0753658146857106, -71.99999999999893419 ) ) ;
#3440 = EDGE_CURVE ( 'NONE', #4180, #1666, #4698, .T. ) ;
#3441 = LINE ( 'NONE', #1230, #94 ) ;
#3442 = EDGE_CURVE ( 'NONE', #517, #2324, #128, .T. ) ;
#3443 = ORIENTED_EDGE ( 'NONE', *, *, #2918, .T. ) ;
#3444 = ORIENTED_EDGE ( 'NONE', *, *, #146, .F. ) ;
#3445 = CARTESIAN_POINT ( 'NONE',  ( -34.53508771929832477, 12.49999999999999822, 6.815789473684217725 ) ) ;
#3446 = ORIENTED_EDGE ( 'NONE', *, *, #2766, .T. ) ;
#3447 = CARTESIAN_POINT ( 'NONE',  ( -197.3333333333332860, 0.000000000000000000, -74.99999999999992895 ) ) ;
#3448 = ADVANCED_BREP_SHAPE_REPRESENTATION ( '', ( #1087, #2468 ), #3675 ) ;
#3449 = DIRECTION ( 'NONE',  ( -0.000000000000000000, 0.000000000000000000, 1.000000000000000000 ) ) ;
#3450 = CARTESIAN_POINT ( 'NONE',  ( -34.18604651162794283, 25.00000000000000000, 17.58139534883721566 ) ) ;
#3451 = DIRECTION ( 'NONE',  ( -2.613101748544601605E-29, 5.750056441962531363E-30, 1.000000000000000000 ) ) ;
#3452 = AXIS2_PLACEMENT_3D ( 'NONE', #267, #2432, #3391 ) ;
#3453 = CARTESIAN_POINT ( 'NONE',  ( -237.3333333333332860, 0.000000000000000000, -74.99999999999992895 ) ) ;
#3454 = VERTEX_POINT ( 'NONE', #2492 ) ;
#3455 = CARTESIAN_POINT ( 'NONE',  ( -40.16883116883117566, 217.0000000000000000, 8.123376623376616479 ) ) ;
#3456 = EDGE_CURVE ( 'NONE', #4648, #5655, #775, .T. ) ;
#3457 = SURFACE_STYLE_USAGE ( .BOTH. , #1189 ) ;
#3458 = VECTOR ( 'NONE', #516, 1000.000000000000000 ) ;
#3459 = ITEM_DEFINED_TRANSFORMATION ( 'NONE', 'NONE', #324,  #2468 ) ;
#3460 = CARTESIAN_POINT ( 'NONE',  ( 30.57150851985710815, 116.5000000000000000, 26.07524616010108431 ) ) ;
#3461 = EDGE_CURVE ( 'NONE', #2982, #5266, #4300, .T. ) ;
#3462 = VECTOR ( 'NONE', #4592, 1000.000000000000000 ) ;
#3463 = DIRECTION ( 'NONE',  ( -0.000000000000000000, -0.000000000000000000, -1.000000000000000000 ) ) ;
#3464 = VECTOR ( 'NONE', #1334, 1000.000000000000000 ) ;
#3465 = ORIENTED_EDGE ( 'NONE', *, *, #2887, .T. ) ;
#3466 = DIRECTION ( 'NONE',  ( 0.000000000000000000, 1.000000000000000000, 0.000000000000000000 ) ) ;
#3467 = EDGE_LOOP ( 'NONE', ( #1514, #3118, #3894, #3905 ) ) ;
#3468 = SHAPE_DEFINITION_REPRESENTATION ( #1177, #2857 ) ;
#3469 = AXIS2_PLACEMENT_3D ( 'NONE', #1266, #5254, #3096 ) ;
#3470 = ORIENTED_EDGE ( 'NONE', *, *, #4534, .F. ) ;
#3471 = FACE_OUTER_BOUND ( 'NONE', #5434, .T. ) ;
#3472 = ORIENTED_EDGE ( 'NONE', *, *, #3868, .F. ) ;
#3473 = CARTESIAN_POINT ( 'NONE',  ( -6.055045871559632253, 116.5000000000000000, 7.002553481007294250E-16 ) ) ;
#3474 = EDGE_LOOP ( 'NONE', ( #3143, #262, #1042, #3609 ) ) ;
#3475 = DIRECTION ( 'NONE',  ( -1.000000000000000000, 0.000000000000000000, 0.000000000000000000 ) ) ;
#3476 = VECTOR ( 'NONE', #1839, 1000.000000000000000 ) ;
#3477 =( LENGTH_UNIT ( ) NAMED_UNIT ( * ) SI_UNIT ( .MILLI., .METRE. ) );
#3478 = FACE_OUTER_BOUND ( 'NONE', #859, .T. ) ;
#3479 = DIRECTION ( 'NONE',  ( -0.000000000000000000, -1.000000000000000000, -0.000000000000000000 ) ) ;
#3480 = DIRECTION ( 'NONE',  ( 1.614990014412855252E-16, 0.000000000000000000, 1.000000000000000000 ) ) ;
#3481 =( NAMED_UNIT ( * ) SI_UNIT ( $, .STERADIAN. ) SOLID_ANGLE_UNIT ( ) );
#3482 = VECTOR ( 'NONE', #5159, 1000.000000000000000 ) ;
#3483 = CARTESIAN_POINT ( 'NONE',  ( -53.86378737541529205, 0.000000000000000000, 0.000000000000000000 ) ) ;
#3484 = APPLICATION_CONTEXT ( 'automotive_design' ) ;
#3485 = VERTEX_POINT ( 'NONE', #2983 ) ;
#3486 = ADVANCED_FACE ( 'NONE', ( #3532 ), #839, .F. ) ;
#3487 = CARTESIAN_POINT ( 'NONE',  ( -50.86378737541529205, 0.000000000000000000, 0.000000000000000000 ) ) ;
#3488 = AXIS2_PLACEMENT_3D ( 'NONE', #2479, #3884, #4285 ) ;
#3489 = DIRECTION ( 'NONE',  ( 1.614990014412855252E-16, 0.000000000000000000, 1.000000000000000000 ) ) ;
#3490 = FILL_AREA_STYLE_COLOUR ( '', #3860 ) ;
#3491 = EDGE_CURVE ( 'NONE', #4782, #2860, #3069, .T. ) ;
#3492 = CARTESIAN_POINT ( 'NONE',  ( -40.04819277108434505, 0.000000000000000000, 24.63253012048192403 ) ) ;
#3493 = VERTEX_POINT ( 'NONE', #4710 ) ;
#3494 = LINE ( 'NONE', #366, #415 ) ;
#3495 = EDGE_LOOP ( 'NONE', ( #638, #1859, #475, #1094 ) ) ;
#3496 = FACE_OUTER_BOUND ( 'NONE', #175, .T. ) ;
#3497 = ORIENTED_EDGE ( 'NONE', *, *, #2862, .T. ) ;
#3498 = PRODUCT_DEFINITION_FORMATION_WITH_SPECIFIED_SOURCE ( 'ANY', '', #334, .NOT_KNOWN. ) ;
#3499 = PRODUCT_CONTEXT ( 'NONE', #1212, 'mechanical' ) ;
#3500 = PRODUCT_DEFINITION ( 'UNKNOWN', '', #881, #4096 ) ;
#3501 =( REPRESENTATION_RELATIONSHIP ('NONE','NONE', #2857, #2132 ) REPRESENTATION_RELATIONSHIP_WITH_TRANSFORMATION ( #1067 )SHAPE_REPRESENTATION_RELATIONSHIP( ) );
#3502 = CARTESIAN_POINT ( 'NONE',  ( -47.47368421052630794, 217.0000000000000000, -7.184210526315784051 ) ) ;
#3503 = ORIENTED_EDGE ( 'NONE', *, *, #2100, .F. ) ;
#3504 = DIRECTION ( 'NONE',  ( -0.000000000000000000, -1.000000000000000000, -0.000000000000000000 ) ) ;
#3505 = SHAPE_REPRESENTATION ( 'Top1_3', ( #2468 ), #5335 ) ;
#3506 = ORIENTED_EDGE ( 'NONE', *, *, #868, .F. ) ;
#3507 = DIRECTION ( 'NONE',  ( 1.000000000000000000, -0.000000000000000000, -0.000000000000000000 ) ) ;
#3508 = CARTESIAN_POINT ( 'NONE',  ( -129.7916666666666288, 723.0000000000000000, 0.4166666666666519747 ) ) ;
#3509 = DIRECTION ( 'NONE',  ( -3.229980028825710504E-16, 0.000000000000000000, -1.000000000000000000 ) ) ;
#3510 = DIRECTION ( 'NONE',  ( 0.000000000000000000, -0.000000000000000000, 1.000000000000000000 ) ) ;
#3511 = ORIENTED_EDGE ( 'NONE', *, *, #990, .F. ) ;
#3512 = DIRECTION ( 'NONE',  ( -0.000000000000000000, -0.000000000000000000, 1.000000000000000000 ) ) ;
#3513 = EDGE_CURVE ( 'NONE', #3493, #3428, #4050, .T. ) ;
#3514 = ORIENTED_EDGE ( 'NONE', *, *, #5708, .T. ) ;
#3515 = DIRECTION ( 'NONE',  ( -1.000000000000000000, -0.000000000000000000, -0.000000000000000000 ) ) ;
#3516 = LINE ( 'NONE', #3541, #1598 ) ;
#3517 = LINE ( 'NONE', #711, #867 ) ;
#3518 = EDGE_CURVE ( 'NONE', #3364, #1326, #1237, .T. ) ;
#3519 = APPLICATION_CONTEXT ( 'automotive_design' ) ;
#3520 = FACE_OUTER_BOUND ( 'NONE', #3617, .T. ) ;
#3521 = ADVANCED_BREP_SHAPE_REPRESENTATION ( '', ( #4978, #2468 ), #3969 ) ;
#3522 = FACE_OUTER_BOUND ( 'NONE', #4353, .T. ) ;
#3523 = MECHANICAL_DESIGN_GEOMETRIC_PRESENTATION_REPRESENTATION (  '', ( #3404 ), #2402 ) ;
#3524 = ORIENTED_EDGE ( 'NONE', *, *, #3701, .F. ) ;
#3525 = CARTESIAN_POINT ( 'NONE',  ( -197.3333333333332860, 428.0000000000000000, -54.99999999999992184 ) ) ;
#3526 = VERTEX_POINT ( 'NONE', #5290 ) ;
#3527 = PRODUCT_CONTEXT ( 'NONE', #427, 'mechanical' ) ;
#3528 =( NAMED_UNIT ( * ) PLANE_ANGLE_UNIT ( ) SI_UNIT ( $, .RADIAN. ) );
#3529 = ORIENTED_EDGE ( 'NONE', *, *, #5047, .T. ) ;
#3530 = CARTESIAN_POINT ( 'NONE',  ( -93.23762376237620231, 0.000000000000000000, -21.90594059405938410 ) ) ;
#3531 = EDGE_LOOP ( 'NONE', ( #2298, #1345, #4897, #3210 ) ) ;
#3532 = FACE_OUTER_BOUND ( 'NONE', #2949, .T. ) ;
#3533 = DIRECTION ( 'NONE',  ( 1.000000000000000000, -0.000000000000000000, -3.469446951953613696E-16 ) ) ;
#3534 = DIRECTION ( 'NONE',  ( 0.000000000000000000, 0.000000000000000000, 1.000000000000000000 ) ) ;
#3535 = DIRECTION ( 'NONE',  ( -0.000000000000000000, -0.000000000000000000, 1.000000000000000000 ) ) ;
#3536 = ORIENTED_EDGE ( 'NONE', *, *, #1627, .F. ) ;
#3537 = SHAPE_REPRESENTATION_RELATIONSHIP ( 'NONE' , 'NONE' ,  #1661, #5508 ) ;
#3538 = PLANE ( 'NONE',  #4952 ) ;
#3539 = VERTEX_POINT ( 'NONE', #1268 ) ;
#3540 = DIRECTION ( 'NONE',  ( -1.000000000000000000, 0.000000000000000000, 0.000000000000000000 ) ) ;
#3541 = CARTESIAN_POINT ( 'NONE',  ( -40.04819277108434505, 260.0000000000000000, 24.63253012048192403 ) ) ;
#3542 = DIRECTION ( 'NONE',  ( 0.000000000000000000, 1.000000000000000000, 0.000000000000000000 ) ) ;
#3543 = CLOSED_SHELL ( 'NONE', ( #2021, #3562, #1173, #758, #4435, #310, #3486, #4730, #647, #4896, #4162, #76, #2240, #1238, #3194, #1674, #2302, #2835, #4661, #4773 ) ) ;
#3544 = ADVANCED_FACE ( 'NONE', ( #2633 ), #1731, .T. ) ;
#3545 = CARTESIAN_POINT ( 'NONE',  ( 30.57150851985710815, 100.5000000000000000, 26.07524616010108431 ) ) ;
#3546 = ORIENTED_EDGE ( 'NONE', *, *, #2289, .T. ) ;
#3547 = VECTOR ( 'NONE', #635, 1000.000000000000000 ) ;
#3548 = DIRECTION ( 'NONE',  ( -0.000000000000000000, -1.000000000000000000, -0.000000000000000000 ) ) ;
#3549 = ORIENTED_EDGE ( 'NONE', *, *, #5003, .F. ) ;
#3550 = CARTESIAN_POINT ( 'NONE',  ( -47.47368421052630794, 217.0000000000000000, -7.184210526315784051 ) ) ;
#3551 = ORIENTED_EDGE ( 'NONE', *, *, #2126, .T. ) ;
#3552 = AXIS2_PLACEMENT_3D ( 'NONE', #4259, #2385, #1542 ) ;
#3553 = SHAPE_DEFINITION_REPRESENTATION ( #4880, #2500 ) ;
#3554 = AXIS2_PLACEMENT_3D ( 'NONE', #4876, #3130, #3510 ) ;
#3555 = ORIENTED_EDGE ( 'NONE', *, *, #264, .F. ) ;
#3556 = LINE ( 'NONE', #5209, #949 ) ;
#3557 = AXIS2_PLACEMENT_3D ( 'NONE', #999, #4161, #1086 ) ;
#3558 = EDGE_LOOP ( 'NONE', ( #5011, #4090, #542, #160 ) ) ;
#3559 =( REPRESENTATION_RELATIONSHIP ('NONE','NONE', #4495, #3901 ) REPRESENTATION_RELATIONSHIP_WITH_TRANSFORMATION ( #857 )SHAPE_REPRESENTATION_RELATIONSHIP( ) );
#3560 = AXIS2_PLACEMENT_3D ( 'NONE', #1960, #1447, #2736 ) ;
#3561 = SHAPE_REPRESENTATION_RELATIONSHIP ( 'NONE' , 'NONE' ,  #2500, #1788 ) ;
#3562 = ADVANCED_FACE ( 'NONE', ( #5635 ), #791, .F. ) ;
#3563 = DIRECTION ( 'NONE',  ( 1.000000000000000000, 0.000000000000000000, -3.229980028825710504E-16 ) ) ;
#3564 = UNCERTAINTY_MEASURE_WITH_UNIT (LENGTH_MEASURE( 1.000000000000000082E-05 ), #1779, 'distance_accuracy_value', 'NONE');
#3565 = CARTESIAN_POINT ( 'NONE',  ( -48.64705882352942012, 260.0000000000000000, -2.382352941176471450 ) ) ;
#3566 = VECTOR ( 'NONE', #1824, 1000.000000000000000 ) ;
#3567 = CARTESIAN_POINT ( 'NONE',  ( -379.0350877192983603, 16.64322946534103664, 7.349913455054963407 ) ) ;
#3568 = ORIENTED_EDGE ( 'NONE', *, *, #1200, .F. ) ;
#3569 = AXIS2_PLACEMENT_3D ( 'NONE', #1934, #4160, #177 ) ;
#3570 = DIRECTION ( 'NONE',  ( -2.138038778501617580E-16, 1.000000000000000000, -1.510411147780657989E-16 ) ) ;
#3571 = FACE_OUTER_BOUND ( 'NONE', #510, .T. ) ;
#3572 = AXIS2_PLACEMENT_3D ( 'NONE', #3119, #981, #4060 ) ;
#3573 = PRODUCT_RELATED_PRODUCT_CATEGORY ( 'part', '', ( #2004 ) ) ;
#3574 = CARTESIAN_POINT ( 'NONE',  ( -56.18604651162795705, 25.00000000000000000, 0.08139534883721132041 ) ) ;
#3575 = CARTESIAN_POINT ( 'NONE',  ( -197.3333333333332860, 370.0000000000000000, -54.99999999999992184 ) ) ;
#3576 = STYLED_ITEM ( 'NONE', ( #20 ), #2968 ) ;
#3577 = CARTESIAN_POINT ( 'NONE',  ( -76.23762376237618810, 750.0000000000000000, -21.90594059405938410 ) ) ;
#3578 = DIRECTION ( 'NONE',  ( -0.000000000000000000, -1.000000000000000000, -0.000000000000000000 ) ) ;
#3579 = DIRECTION ( 'NONE',  ( 1.000000000000000000, 0.000000000000000000, -3.229980028825710504E-16 ) ) ;
#3580 = ORIENTED_EDGE ( 'NONE', *, *, #4439, .T. ) ;
#3581 = EDGE_CURVE ( 'NONE', #3849, #5539, #3100, .T. ) ;
#3582 = PRODUCT_DEFINITION_SHAPE ( 'NONE', 'NONE',  #5743 ) ;
#3583 = SHAPE_DEFINITION_REPRESENTATION ( #185, #2929 ) ;
#3584 =( GEOMETRIC_REPRESENTATION_CONTEXT ( 3 ) GLOBAL_UNCERTAINTY_ASSIGNED_CONTEXT ( ( #59 ) ) GLOBAL_UNIT_ASSIGNED_CONTEXT ( ( #183, #3748, #5083 ) ) REPRESENTATION_CONTEXT ( 'NONE', 'WORKASPACE' ) );
#3585 = ADVANCED_FACE ( 'NONE', ( #3983, #2131 ), #2583, .T. ) ;
#3586 = CARTESIAN_POINT ( 'NONE',  ( -53.86378737541529205, 3.652823920265783286, 5.000000000000000000 ) ) ;
#3587 = AXIS2_PLACEMENT_3D ( 'NONE', #2097, #1602, #1170 ) ;
#3588 = ORIENTED_EDGE ( 'NONE', *, *, #4290, .F. ) ;
#3589 = FACE_BOUND ( 'NONE', #2195, .T. ) ;
#3590 = ORIENTED_EDGE ( 'NONE', *, *, #3874, .T. ) ;
#3591 = EDGE_CURVE ( 'NONE', #3985, #1985, #815, .T. ) ;
#3592 = FACE_BOUND ( 'NONE', #3792, .T. ) ;
#3593 = LINE ( 'NONE', #4793, #1099 ) ;
#3594 = ADVANCED_FACE ( 'NONE', ( #4757 ), #4271, .T. ) ;
#3595 = CARTESIAN_POINT ( 'NONE',  ( -144.7916666666666572, 20.00000000000000000, -19.58333333333334991 ) ) ;
#3596 = DIRECTION ( 'NONE',  ( -0.000000000000000000, -1.000000000000000000, -0.000000000000000000 ) ) ;
#3597 = APPLICATION_CONTEXT ( 'automotive_design' ) ;
#3598 = VERTEX_POINT ( 'NONE', #3955 ) ;
#3599 = CARTESIAN_POINT ( 'NONE',  ( 750.0000000000000000, 41.90594059405939475, -101.2376237623760602 ) ) ;
#3600 = LINE ( 'NONE', #3160, #767 ) ;
#3601 = DIRECTION ( 'NONE',  ( -0.000000000000000000, -1.000000000000000000, -0.000000000000000000 ) ) ;
#3602 = DIRECTION ( 'NONE',  ( 0.000000000000000000, 0.000000000000000000, 1.000000000000000000 ) ) ;
#3603 = ORIENTED_EDGE ( 'NONE', *, *, #2407, .T. ) ;
#3604 = CARTESIAN_POINT ( 'NONE',  ( -34.53508771929832477, 23.00000000000000000, 16.31578947368421240 ) ) ;
#3605 = DIRECTION ( 'NONE',  ( -1.000000000000000000, 0.000000000000000000, 0.000000000000000000 ) ) ;
#3606 = ORIENTED_EDGE ( 'NONE', *, *, #1255, .F. ) ;
#3607 = CARTESIAN_POINT ( 'NONE',  ( -34.18604651162794283, 3.000000000000000000, 15.08139534883721566 ) ) ;
#3608 = ORIENTED_EDGE ( 'NONE', *, *, #5263, .T. ) ;
#3609 = ORIENTED_EDGE ( 'NONE', *, *, #1903, .T. ) ;
#3610 = CARTESIAN_POINT ( 'NONE',  ( -76.23762376237618810, 750.0000000000000000, 30.09405940594061235 ) ) ;
#3611 = CONTEXT_DEPENDENT_SHAPE_REPRESENTATION ( #4497, #3883 ) ;
#3612 = EDGE_CURVE ( 'NONE', #3228, #4573, #964, .T. ) ;
#3613 = AXIS2_PLACEMENT_3D ( 'NONE', #5693, #3563, #3984 ) ;
#3614 = LINE ( 'NONE', #22, #1787 ) ;
#3615 = ORIENTED_EDGE ( 'NONE', *, *, #1996, .F. ) ;
#3616 = CARTESIAN_POINT ( 'NONE',  ( -6.055045871559635806, 97.50000000000000000, 24.72935779816513957 ) ) ;
#3617 = EDGE_LOOP ( 'NONE', ( #325, #5318, #547, #4358 ) ) ;
#3618 = AXIS2_PLACEMENT_3D ( 'NONE', #5601, #664, #4634 ) ;
#3619 = ADVANCED_FACE ( 'NONE', ( #3045, #4007 ), #604, .F. ) ;
#3620 = CARTESIAN_POINT ( 'NONE',  ( -48.64705882352942012, 260.0000000000000000, 12.61764705882352899 ) ) ;
#3621 = DIRECTION ( 'NONE',  ( -0.000000000000000000, 0.000000000000000000, 1.000000000000000000 ) ) ;
#3622 = UNCERTAINTY_MEASURE_WITH_UNIT (LENGTH_MEASURE( 1.000000000000000082E-05 ), #692, 'distance_accuracy_value', 'NONE');
#3623 = PLANE ( 'NONE',  #4302 ) ;
#3624 = DIRECTION ( 'NONE',  ( 1.000000000000000000, 0.000000000000000000, 0.000000000000000000 ) ) ;
#3625 = ORIENTED_EDGE ( 'NONE', *, *, #4684, .T. ) ;
#3626 = DIRECTION ( 'NONE',  ( 3.207058167753577491E-16, -1.000000000000000000, 5.551115145542103489E-17 ) ) ;
#3627 = DIRECTION ( 'NONE',  ( 0.000000000000000000, -0.000000000000000000, 1.000000000000000000 ) ) ;
#3628 = CARTESIAN_POINT ( 'NONE',  ( -61.23762376237618810, -1.382600952805091610E-16, -0.9059405940593447948 ) ) ;
#3629 = PRODUCT_DEFINITION_SHAPE ( 'NONE', 'NONE',  #5739 ) ;
#3630 = DIRECTION ( 'NONE',  ( 0.000000000000000000, -1.000000000000000000, 0.000000000000000000 ) ) ;
#3631 = VERTEX_POINT ( 'NONE', #3447 ) ;
#3632 = FACE_OUTER_BOUND ( 'NONE', #2700, .T. ) ;
#3633 = CARTESIAN_POINT ( 'NONE',  ( -56.18604651162795705, 25.00000000000000000, -17.41860465116279144 ) ) ;
#3634 =( NAMED_UNIT ( * ) PLANE_ANGLE_UNIT ( ) SI_UNIT ( $, .RADIAN. ) );
#3635 = EDGE_CURVE ( 'NONE', #770, #2772, #1718, .T. ) ;
#3636 = CARTESIAN_POINT ( 'NONE',  ( -31.18604651162794639, 0.000000000000000000, 17.58139534883721566 ) ) ;
#3637 = ORIENTED_EDGE ( 'NONE', *, *, #1707, .F. ) ;
#3638 = AXIS2_PLACEMENT_3D ( 'NONE', #3574, #363, #2139 ) ;
#3639 = PLANE ( 'NONE',  #654 ) ;
#3640 = ORIENTED_EDGE ( 'NONE', *, *, #2126, .F. ) ;
#3641 = SURFACE_STYLE_USAGE ( .BOTH. , #919 ) ;
#3642 = CONTEXT_DEPENDENT_SHAPE_REPRESENTATION ( #2401, #5211 ) ;
#3643 = EDGE_CURVE ( 'NONE', #487, #1141, #1157, .T. ) ;
#3644 = AXIS2_PLACEMENT_3D ( 'NONE', #4541, #509, #3163 ) ;
#3645 = FILL_AREA_STYLE_COLOUR ( '', #1132 ) ;
#3646 = VECTOR ( 'NONE', #528, 1000.000000000000000 ) ;
#3647 = ORIENTED_EDGE ( 'NONE', *, *, #4605, .T. ) ;
#3648 = FACE_OUTER_BOUND ( 'NONE', #545, .T. ) ;
#3649 = VERTEX_POINT ( 'NONE', #3434 ) ;
#3650 = VECTOR ( 'NONE', #5369, 1000.000000000000000 ) ;
#3651 = PLANE ( 'NONE',  #3207 ) ;
#3652 = DIRECTION ( 'NONE',  ( 1.000000000000000000, 0.000000000000000000, -3.965082230804130220E-16 ) ) ;
#3653 = AXIS2_PLACEMENT_3D ( 'NONE', #5703, #3968, #3137 ) ;
#3654 = CARTESIAN_POINT ( 'NONE',  ( -159.7916666666666288, 723.0000000000000000, 0.4166666666666519747 ) ) ;
#3655 = AXIS2_PLACEMENT_3D ( 'NONE', #3049, #3692, #3243 ) ;
#3656 = CARTESIAN_POINT ( 'NONE',  ( -31.36378737541529205, -6.847176079734221155, 10.00000000000000000 ) ) ;
#3657 = ORIENTED_EDGE ( 'NONE', *, *, #5700, .F. ) ;
#3658 = VECTOR ( 'NONE', #4367, 999.9999999999998863 ) ;
#3659 = CARTESIAN_POINT ( 'NONE',  ( -48.64705882352942012, 260.0000000000000000, -2.382352941176471450 ) ) ;
#3660 = DIRECTION ( 'NONE',  ( 0.000000000000000000, 0.000000000000000000, -1.000000000000000000 ) ) ;
#3661 = AXIS2_PLACEMENT_3D ( 'NONE', #3299, #1551, #3418 ) ;
#3662 = EDGE_CURVE ( 'NONE', #150, #1082, #3963, .T. ) ;
#3663 = FACE_OUTER_BOUND ( 'NONE', #2395, .T. ) ;
#3664 = ORIENTED_EDGE ( 'NONE', *, *, #4312, .F. ) ;
#3665 = DIRECTION ( 'NONE',  ( -1.000000000000000000, -0.000000000000000000, 3.965082230804130220E-16 ) ) ;
#3666 = DIRECTION ( 'NONE',  ( 1.000000000000000000, 3.289711323363875317E-32, 3.697785493223492838E-32 ) ) ;
#3667 = VECTOR ( 'NONE', #3088, 1000.000000000000000 ) ;
#3668 = CARTESIAN_POINT ( 'NONE',  ( 0.000000000000000000, 0.000000000000000000, 24.72935779816513957 ) ) ;
#3669 = ADVANCED_FACE ( 'NONE', ( #4742 ), #3818, .F. ) ;
#3670 = ORIENTED_EDGE ( 'NONE', *, *, #2209, .F. ) ;
#3671 = VERTEX_POINT ( 'NONE', #2916 ) ;
#3672 = ADVANCED_FACE ( 'NONE', ( #1654 ), #5143, .F. ) ;
#3673 = EDGE_CURVE ( 'NONE', #2694, #437, #1595, .T. ) ;
#3674 = AXIS2_PLACEMENT_3D ( 'NONE', #277, #2002, #4653 ) ;
#3675 =( GEOMETRIC_REPRESENTATION_CONTEXT ( 3 ) GLOBAL_UNCERTAINTY_ASSIGNED_CONTEXT ( ( #927 ) ) GLOBAL_UNIT_ASSIGNED_CONTEXT ( ( #3477, #1240, #4815 ) ) REPRESENTATION_CONTEXT ( 'NONE', 'WORKASPACE' ) );
#3676 = SURFACE_SIDE_STYLE ('',( #4117 ) ) ;
#3677 = AXIS2_PLACEMENT_3D ( 'NONE', #2292, #3548, #3117 ) ;
#3678 = VERTEX_POINT ( 'NONE', #5623 ) ;
#3679 = PLANE ( 'NONE',  #4680 ) ;
#3680 = ORIENTED_EDGE ( 'NONE', *, *, #3061, .T. ) ;
#3681 =( GEOMETRIC_REPRESENTATION_CONTEXT ( 3 ) GLOBAL_UNCERTAINTY_ASSIGNED_CONTEXT ( ( #1872 ) ) GLOBAL_UNIT_ASSIGNED_CONTEXT ( ( #4081, #3634, #4545 ) ) REPRESENTATION_CONTEXT ( 'NONE', 'WORKASPACE' ) );
#3682 = ADVANCED_FACE ( 'NONE', ( #686 ), #1223, .F. ) ;
#3683 = LINE ( 'NONE', #5435, #624 ) ;
#3684 = UNCERTAINTY_MEASURE_WITH_UNIT (LENGTH_MEASURE( 1.000000000000000082E-05 ), #2711, 'distance_accuracy_value', 'NONE');
#3685 = AXIS2_PLACEMENT_3D ( 'NONE', #4073, #3626, #2314 ) ;
#3686 = ADVANCED_FACE ( 'NONE', ( #2969 ), #655, .T. ) ;
#3687 = CYLINDRICAL_SURFACE ( 'NONE', #1412, 4.999999999999997335 ) ;
#3688 = CARTESIAN_POINT ( 'NONE',  ( -101.2376237623761881, 0.000000000000000000, -21.90594059405938410 ) ) ;
#3689 = EDGE_LOOP ( 'NONE', ( #3961, #4516, #1906, #5446 ) ) ;
#3690 = CARTESIAN_POINT ( 'NONE',  ( 0.000000000000000000, 0.000000000000000000, 0.000000000000000000 ) ) ;
#3691 = PLANE ( 'NONE',  #3854 ) ;
#3692 = DIRECTION ( 'NONE',  ( -1.000000000000000000, 0.000000000000000000, 0.000000000000000000 ) ) ;
#3693 = DIRECTION ( 'NONE',  ( -0.000000000000000000, -8.260587980841940012E-17, 1.000000000000000000 ) ) ;
#3694 = FACE_OUTER_BOUND ( 'NONE', #4445, .T. ) ;
#3695 = EDGE_CURVE ( 'NONE', #1166, #5602, #4336, .T. ) ;
#3697 = EDGE_CURVE ( 'NONE', #3631, #1506, #5171, .T. ) ;
#3696 = LINE ( 'NONE', #565, #2533 ) ;
#3698 = VERTEX_POINT ( 'NONE', #3002 ) ;
#3699 = ORIENTED_EDGE ( 'NONE', *, *, #630, .F. ) ;
#3700 = CARTESIAN_POINT ( 'NONE',  ( -139.7916666666666572, 703.0000000000000000, -24.58333333333334991 ) ) ;
#3701 = EDGE_CURVE ( 'NONE', #2888, #2378, #4716, .T. ) ;
#3702 = ITEM_DEFINED_TRANSFORMATION ( 'NONE', 'NONE', #3218,  #2468 ) ;
#3703 = CARTESIAN_POINT ( 'NONE',  ( 30.57150851985710815, 116.5000000000000000, 21.07524616010108431 ) ) ;
#3704 = ORIENTED_EDGE ( 'NONE', *, *, #2407, .F. ) ;
#3705 = CARTESIAN_POINT ( 'NONE',  ( -101.2376237623761881, 53.00000000000004974, 9.094059405940569718 ) ) ;
#3706 = ORIENTED_EDGE ( 'NONE', *, *, #2245, .F. ) ;
#3707 = APPLICATION_CONTEXT ( 'automotive_design' ) ;
#3708 = CARTESIAN_POINT ( 'NONE',  ( -197.3333333333332860, 0.000000000000000000, -54.99999999999992184 ) ) ;
#3709 = EDGE_CURVE ( 'NONE', #1755, #2598, #4693, .T. ) ;
#3710 = CARTESIAN_POINT ( 'NONE',  ( -197.3333333333332860, 0.000000000000000000, -54.99999999999992184 ) ) ;
#3711 = ORIENTED_EDGE ( 'NONE', *, *, #5454, .F. ) ;
#3712 = CARTESIAN_POINT ( 'NONE',  ( -18.64705882352942012, 260.0000000000000000, 12.61764705882352899 ) ) ;
#3713 = ORIENTED_EDGE ( 'NONE', *, *, #1450, .F. ) ;
#3714 = VECTOR ( 'NONE', #3264, 1000.000000000000000 ) ;
#3715 = LINE ( 'NONE', #2788, #5564 ) ;
#3716 = SURFACE_SIDE_STYLE ('',( #2846 ) ) ;
#3717 = CARTESIAN_POINT ( 'NONE',  ( -50.86378737541529205, 3.652823920265783286, 5.000000000000000000 ) ) ;
#3718 = DIRECTION ( 'NONE',  ( 0.000000000000000000, 0.000000000000000000, 1.000000000000000000 ) ) ;
#3719 = DIRECTION ( 'NONE',  ( 1.448299318179201361E-30, 4.203149510630703526E-30, 0.9999999999999997780 ) ) ;
#3720 = LINE ( 'NONE', #5474, #4946 ) ;
#3721 = ORIENTED_EDGE ( 'NONE', *, *, #1563, .F. ) ;
#3722 = ORIENTED_EDGE ( 'NONE', *, *, #514, .T. ) ;
#3723 = DIRECTION ( 'NONE',  ( -0.000000000000000000, 0.000000000000000000, 1.000000000000000000 ) ) ;
#3724 = EDGE_CURVE ( 'NONE', #1749, #3649, #5536, .T. ) ;
#3725 = CLOSED_SHELL ( 'NONE', ( #4723, #1795, #4900, #360, #1253, #993 ) ) ;
#3726 = CARTESIAN_POINT ( 'NONE',  ( -29.53508771929832477, 12.49999999999999822, 16.31578947368421240 ) ) ;
#3727 = ORIENTED_EDGE ( 'NONE', *, *, #1615, .F. ) ;
#3728 = LINE ( 'NONE', #5566, #4596 ) ;
#3729 = VERTEX_POINT ( 'NONE', #714 ) ;
#3730 = AXIS2_PLACEMENT_3D ( 'NONE', #535, #2734, #2317 ) ;
#3731 = VECTOR ( 'NONE', #507, 1000.000000000000000 ) ;
#3732 = CARTESIAN_POINT ( 'NONE',  ( -56.18604651162795705, 3.000000000000000000, -17.41860465116278789 ) ) ;
#3733 = PRESENTATION_LAYER_ASSIGNMENT (  '', '', ( #4944 ) ) ;
#3734 = FILL_AREA_STYLE ('',( #1952 ) ) ;
#3735 = ORIENTED_EDGE ( 'NONE', *, *, #4312, .T. ) ;
#3736 = CARTESIAN_POINT ( 'NONE',  ( -50.86378737541529205, 14.15282392026577973, 10.00000000000000000 ) ) ;
#3737 = ORIENTED_EDGE ( 'NONE', *, *, #2606, .T. ) ;
#3738 = FACE_OUTER_BOUND ( 'NONE', #4119, .T. ) ;
#3739 = ADVANCED_FACE ( 'NONE', ( #2062 ), #5563, .T. ) ;
#3740 = VECTOR ( 'NONE', #5512, 1000.000000000000000 ) ;
#3741 = SHAPE_REPRESENTATION_RELATIONSHIP ( 'NONE' , 'NONE' ,  #3505, #2483 ) ;
#3742 = EDGE_CURVE ( 'NONE', #4473, #3398, #5423, .T. ) ;
#3743 = DIRECTION ( 'NONE',  ( -0.000000000000000000, 0.000000000000000000, 1.000000000000000000 ) ) ;
#3744 = AXIS2_PLACEMENT_3D ( 'NONE', #3545, #5706, #2742 ) ;
#3745 = FACE_OUTER_BOUND ( 'NONE', #504, .T. ) ;
#3746 = AXIS2_PLACEMENT_3D ( 'NONE', #4676, #4339, #705 ) ;
#3747 = CARTESIAN_POINT ( 'NONE',  ( -76.23762376237618810, 394.0000000000000000, 4.094059405940607910 ) ) ;
#3748 =( NAMED_UNIT ( * ) PLANE_ANGLE_UNIT ( ) SI_UNIT ( $, .RADIAN. ) );
#3749 = DIRECTION ( 'NONE',  ( -1.000000000000000000, -0.000000000000000000, 3.965082230804130220E-16 ) ) ;
#3750 = CIRCLE ( 'NONE', #1798, 19.15855084771456518 ) ;
#3751 = PRODUCT_DEFINITION ( 'UNKNOWN', '', #5430, #467 ) ;
#3752 = DIRECTION ( 'NONE',  ( -1.000000000000000000, 0.000000000000000000, -0.000000000000000000 ) ) ;
#3753 = VECTOR ( 'NONE', #3821, 1000.000000000000000 ) ;
#3754 = ORIENTED_EDGE ( 'NONE', *, *, #2763, .F. ) ;
#3755 = LINE ( 'NONE', #2057, #2744 ) ;
#3756 = ITEM_DEFINED_TRANSFORMATION ( 'NONE', 'NONE', #1910,  #2468 ) ;
#3757 = CARTESIAN_POINT ( 'NONE',  ( -17.47368421052630794, 0.000000000000000000, 12.81578947368421773 ) ) ;
#3758 = AXIS2_PLACEMENT_3D ( 'NONE', #3144, #3723, #4169 ) ;
#3759 = EDGE_CURVE ( 'NONE', #3384, #3631, #341, .T. ) ;
#3760 = CARTESIAN_POINT ( 'NONE',  ( -149.7916666666666572, 361.5000000000000000, 0.4166666666666519747 ) ) ;
#3761 = ORIENTED_EDGE ( 'NONE', *, *, #4617, .F. ) ;
#3762 = PLANE ( 'NONE',  #5139 ) ;
#3763 = ORIENTED_EDGE ( 'NONE', *, *, #3709, .F. ) ;
#3764 = AXIS2_PLACEMENT_3D ( 'NONE', #3420, #4269, #2516 ) ;
#3765 = APPLICATION_PROTOCOL_DEFINITION ( 'draft international standard', 'automotive_design', 1998, #4124 ) ;
#3766 = EDGE_CURVE ( 'NONE', #3999, #1103, #250, .T. ) ;
#3767 = LINE ( 'NONE', #1076, #5191 ) ;
#3768 = CIRCLE ( 'NONE', #2270, 17.50000000000000000 ) ;
#3769 = LINE ( 'NONE', #1047, #1878 ) ;
#3770 = ORIENTED_EDGE ( 'NONE', *, *, #3389, .F. ) ;
#3771 = DIRECTION ( 'NONE',  ( 0.000000000000000000, 1.000000000000000000, -0.000000000000000000 ) ) ;
#3772 = EDGE_LOOP ( 'NONE', ( #669, #4616, #4922, #2826 ) ) ;
#3773 = LINE ( 'NONE', #3864, #1623 ) ;
#3774 = EDGE_CURVE ( 'NONE', #980, #4836, #877, .T. ) ;
#3775 =( LENGTH_UNIT ( ) NAMED_UNIT ( * ) SI_UNIT ( .MILLI., .METRE. ) );
#3776 = AXIS2_PLACEMENT_3D ( 'NONE', #1091, #1029, #5471 ) ;
#3777 = FACE_OUTER_BOUND ( 'NONE', #784, .T. ) ;
#3778 = CARTESIAN_POINT ( 'NONE',  ( -34.18604651162794994, 25.00000000000000000, 0.08139534883721373515 ) ) ;
#3779 = AXIS2_PLACEMENT_3D ( 'NONE', #63, #3159, #1794 ) ;
#3780 = DIRECTION ( 'NONE',  ( 1.448299318179201361E-30, 4.203149510630703526E-30, 0.9999999999999997780 ) ) ;
#3781 = PRODUCT_DEFINITION_SHAPE ( 'NONE', 'NONE',  #1070 ) ;
#3782 = DIRECTION ( 'NONE',  ( 4.625929269271485914E-16, 0.000000000000000000, 1.000000000000000000 ) ) ;
#3783 = ORIENTED_EDGE ( 'NONE', *, *, #4797, .F. ) ;
#3784 = EDGE_LOOP ( 'NONE', ( #1205, #3952, #1641, #5036 ) ) ;
#3785 =( REPRESENTATION_RELATIONSHIP ('NONE','NONE', #4122, #1904 ) REPRESENTATION_RELATIONSHIP_WITH_TRANSFORMATION ( #5030 )SHAPE_REPRESENTATION_RELATIONSHIP( ) );
#3786 = ITEM_DEFINED_TRANSFORMATION ( 'NONE', 'NONE', #3399,  #974 ) ;
#3787 = DIRECTION ( 'NONE',  ( 0.000000000000000000, 0.000000000000000000, 1.000000000000000000 ) ) ;
#3788 = EDGE_LOOP ( 'NONE', ( #5558, #2364 ) ) ;
#3789 = EDGE_CURVE ( 'NONE', #2211, #4955, #2935, .T. ) ;
#3790 = DIRECTION ( 'NONE',  ( -0.000000000000000000, -0.000000000000000000, -1.000000000000000000 ) ) ;
#3791 = PRESENTATION_STYLE_ASSIGNMENT (( #5061 ) ) ;
#3792 = EDGE_LOOP ( 'NONE', ( #4882, #2039, #2786, #2741, #4947 ) ) ;
#3793 = FACE_OUTER_BOUND ( 'NONE', #2632, .T. ) ;
#3794 = ORIENTED_EDGE ( 'NONE', *, *, #3878, .F. ) ;
#3795 = DIRECTION ( 'NONE',  ( 4.509303396482450002E-16, 2.028233336088245911E-16, -0.9999999999999998890 ) ) ;
#3796 = EDGE_CURVE ( 'NONE', #5602, #1103, #5280, .T. ) ;
#3797 = DIRECTION ( 'NONE',  ( -1.156482317317871478E-16, -0.000000000000000000, -1.000000000000000000 ) ) ;
#3798 = UNCERTAINTY_MEASURE_WITH_UNIT (LENGTH_MEASURE( 1.000000000000000082E-05 ), #4644, 'distance_accuracy_value', 'NONE');
#3799 = DIRECTION ( 'NONE',  ( -0.000000000000000000, -1.000000000000000000, -0.000000000000000000 ) ) ;
#3800 = ORIENTED_EDGE ( 'NONE', *, *, #4198, .F. ) ;
#3801 = CARTESIAN_POINT ( 'NONE',  ( -114.0350877192983177, 25.00000000000000000, 16.31578947368421240 ) ) ;
#3802 = ORIENTED_EDGE ( 'NONE', *, *, #5077, .T. ) ;
#3803 = DIRECTION ( 'NONE',  ( 0.000000000000000000, -0.000000000000000000, 1.000000000000000000 ) ) ;
#3804 = EDGE_CURVE ( 'NONE', #4333, #2095, #3494, .T. ) ;
#3805 = ADVANCED_FACE ( 'NONE', ( #917 ), #861, .T. ) ;
#3806 = SURFACE_SIDE_STYLE ('',( #4758 ) ) ;
#3807 = CARTESIAN_POINT ( 'NONE',  ( -27.75347876921394175, 116.5000000000000000, 24.72935779816513957 ) ) ;
#3808 = AXIS2_PLACEMENT_3D ( 'NONE', #84, #5409, #3237 ) ;
#3809 = CARTESIAN_POINT ( 'NONE',  ( -237.3333333333332860, 0.000000000000000000, -54.99999999999992184 ) ) ;
#3810 = DIRECTION ( 'NONE',  ( 1.000000000000000000, 0.000000000000000000, 0.000000000000000000 ) ) ;
#3811 = CARTESIAN_POINT ( 'NONE',  ( -159.7916666666666288, 723.0000000000000000, -19.58333333333334991 ) ) ;
#3812 = VECTOR ( 'NONE', #633, 1000.000000000000000 ) ;
#3813 = ORIENTED_EDGE ( 'NONE', *, *, #760, .T. ) ;
#3814 = DIRECTION ( 'NONE',  ( -0.000000000000000000, -0.000000000000000000, 1.000000000000000000 ) ) ;
#3815 = ITEM_DEFINED_TRANSFORMATION ( 'NONE', 'NONE', #4612,  #3873 ) ;
#3816 = FACE_OUTER_BOUND ( 'NONE', #3918, .T. ) ;
#3817 = VERTEX_POINT ( 'NONE', #805 ) ;
#3818 = CYLINDRICAL_SURFACE ( 'NONE', #2086, 4.999999999999997335 ) ;
#3819 = APPLICATION_CONTEXT ( 'automotive_design' ) ;
#3820 = ORIENTED_EDGE ( 'NONE', *, *, #3922, .T. ) ;
#3821 = DIRECTION ( 'NONE',  ( -0.000000000000000000, -1.000000000000000000, -0.000000000000000000 ) ) ;
#3822 = EDGE_CURVE ( 'NONE', #3414, #631, #3768, .T. ) ;
#3823 = ORIENTED_EDGE ( 'NONE', *, *, #72, .T. ) ;
#3824 = CARTESIAN_POINT ( 'NONE',  ( 36.51741936319998416, 438.8579346836860964, -312.0000000000001705 ) ) ;
#3825 = LINE ( 'NONE', #4206, #1765 ) ;
#3826 = VECTOR ( 'NONE', #719, 1000.000000000000000 ) ;
#3827 = LINE ( 'NONE', #5123, #2905 ) ;
#3828 = ORIENTED_EDGE ( 'NONE', *, *, #4582, .T. ) ;
#3829 = CARTESIAN_POINT ( 'NONE',  ( 0.000000000000000000, 0.000000000000000000, 0.000000000000000000 ) ) ;
#3830 = VECTOR ( 'NONE', #3340, 1000.000000000000000 ) ;
#3831 = ORIENTED_EDGE ( 'NONE', *, *, #1281, .T. ) ;
#3832 = CARTESIAN_POINT ( 'NONE',  ( -76.23762376237618810, 0.000000000000000000, 28.09405940594061946 ) ) ;
#3833 = CIRCLE ( 'NONE', #5301, 11.62970334961300978 ) ;
#3834 = PLANE ( 'NONE',  #4205 ) ;
#3835 = VECTOR ( 'NONE', #2143, 1000.000000000000000 ) ;
#3836 = CARTESIAN_POINT ( 'NONE',  ( -50.86378737541529205, 0.000000000000000000, 0.000000000000000000 ) ) ;
#3837 = VECTOR ( 'NONE', #785, 1000.000000000000000 ) ;
#3838 = DIRECTION ( 'NONE',  ( 0.000000000000000000, 0.000000000000000000, 1.000000000000000000 ) ) ;
#3839 = CIRCLE ( 'NONE', #5037, 5.000000000000001776 ) ;
#3840 = FACE_OUTER_BOUND ( 'NONE', #750, .T. ) ;
#3841 = ADVANCED_FACE ( 'NONE', ( #2175 ), #1806, .T. ) ;
#3842 = CIRCLE ( 'NONE', #5130, 11.62970334961300978 ) ;
#3843 = ORIENTED_EDGE ( 'NONE', *, *, #443, .T. ) ;
#3844 = VERTEX_POINT ( 'NONE', #3085 ) ;
#3845 = DIRECTION ( 'NONE',  ( 1.000000000000000000, -0.000000000000000000, -3.469446951953613696E-16 ) ) ;
#3846 = AXIS2_PLACEMENT_3D ( 'NONE', #4734, #4819, #5639 ) ;
#3847 = ADVANCED_FACE ( 'NONE', ( #892 ), #5709, .F. ) ;
#3848 = DIRECTION ( 'NONE',  ( -1.000000000000000000, 0.000000000000000000, 0.000000000000000000 ) ) ;
#3849 = VERTEX_POINT ( 'NONE', #17 ) ;
#3850 = DIRECTION ( 'NONE',  ( 1.000000000000000000, -0.000000000000000000, -1.982541115402065110E-16 ) ) ;
#3851 = VECTOR ( 'NONE', #3596, 1000.000000000000000 ) ;
#3852 = ORIENTED_EDGE ( 'NONE', *, *, #5313, .T. ) ;
#3853 = CARTESIAN_POINT ( 'NONE',  ( -84.77053187294963266, 75.00000000000001421, 15.47434032139877935 ) ) ;
#3854 = AXIS2_PLACEMENT_3D ( 'NONE', #4564, #1466, #3242 ) ;
#3855 = ORIENTED_EDGE ( 'NONE', *, *, #930, .F. ) ;
#3856 = VECTOR ( 'NONE', #4380, 1000.000000000000000 ) ;
#3857 = DIRECTION ( 'NONE',  ( 0.000000000000000000, 0.000000000000000000, 1.000000000000000000 ) ) ;
#3858 = ORIENTED_EDGE ( 'NONE', *, *, #2018, .F. ) ;
#3859 = DIRECTION ( 'NONE',  ( -1.000000000000000000, 0.000000000000000000, 1.156482317317871478E-16 ) ) ;
#3860 = COLOUR_RGB ( '',0.7921568627450980005, 0.8196078431372548767, 0.9333333333333333481 ) ;
#3861 = ORIENTED_EDGE ( 'NONE', *, *, #1010, .T. ) ;
#3862 = CARTESIAN_POINT ( 'NONE',  ( 0.9653201337671061255, 100.5000000000000000, -3.045219446345411196 ) ) ;
#3863 = ORIENTED_EDGE ( 'NONE', *, *, #938, .F. ) ;
#3864 = CARTESIAN_POINT ( 'NONE',  ( -379.0350877192983603, 8.735625240436016625, 11.44525479618220842 ) ) ;
#3865 = EDGE_CURVE ( 'NONE', #367, #4331, #1773, .T. ) ;
#3866 = FILL_AREA_STYLE ('',( #3303 ) ) ;
#3867 = AXIS2_PLACEMENT_3D ( 'NONE', #724, #1644, #328 ) ;
#3868 = EDGE_CURVE ( 'NONE', #3414, #2323, #2708, .T. ) ;
#3869 = VECTOR ( 'NONE', #2041, 1000.000000000000000 ) ;
#3870 = DIRECTION ( 'NONE',  ( 0.000000000000000000, -1.000000000000000000, 0.000000000000000000 ) ) ;
#3871 = CARTESIAN_POINT ( 'NONE',  ( -144.7916666666666572, 20.00000000000000000, 0.4166666666666519747 ) ) ;
#3872 = VECTOR ( 'NONE', #1309, 1000.000000000000000 ) ;
#3873 = AXIS2_PLACEMENT_3D ( 'NONE', #1559, #706, #5135 ) ;
#3874 = EDGE_CURVE ( 'NONE', #4316, #1105, #2230, .T. ) ;
#3875 = CARTESIAN_POINT ( 'NONE',  ( -64.03508771929831767, 25.00000000000000000, -23.68421052631578760 ) ) ;
#3876 = LINE ( 'NONE', #1156, #1218 ) ;
#3877 = ORIENTED_EDGE ( 'NONE', *, *, #1597, .T. ) ;
#3878 = EDGE_CURVE ( 'NONE', #2337, #3400, #454, .T. ) ;
#3879 = ADVANCED_FACE ( 'NONE', ( #4026 ), #2686, .F. ) ;
#3880 = ITEM_DEFINED_TRANSFORMATION ( 'NONE', 'NONE', #1534,  #2468 ) ;
#3881 = LINE ( 'NONE', #4805, #3175 ) ;
#3882 = ORIENTED_EDGE ( 'NONE', *, *, #2029, .T. ) ;
#3883 = PRODUCT_DEFINITION_SHAPE ( 'NONE', 'NONE',  #5718 ) ;
#3884 = DIRECTION ( 'NONE',  ( 0.000000000000000000, -1.000000000000000000, 0.000000000000000000 ) ) ;
#3885 = ORIENTED_EDGE ( 'NONE', *, *, #5347, .T. ) ;
#3886 = CARTESIAN_POINT ( 'NONE',  ( -114.0350877192983319, 25.00000000000000000, -23.68421052631578760 ) ) ;
#3887 = ORIENTED_EDGE ( 'NONE', *, *, #3179, .F. ) ;
#3888 =( NAMED_UNIT ( * ) SI_UNIT ( $, .STERADIAN. ) SOLID_ANGLE_UNIT ( ) );
#3889 = LINE ( 'NONE', #783, #4200 ) ;
#3890 = ORIENTED_EDGE ( 'NONE', *, *, #5321, .F. ) ;
#3891 = SURFACE_SIDE_STYLE ('',( #5490 ) ) ;
#3892 = ORIENTED_EDGE ( 'NONE', *, *, #4079, .T. ) ;
#3893 = FACE_OUTER_BOUND ( 'NONE', #5546, .T. ) ;
#3894 = ORIENTED_EDGE ( 'NONE', *, *, #1186, .T. ) ;
#3895 = DIRECTION ( 'NONE',  ( 0.000000000000000000, -1.000000000000000000, 0.000000000000000000 ) ) ;
#3896 = PRESENTATION_STYLE_ASSIGNMENT (( #4672 ) ) ;
#3897 = EDGE_CURVE ( 'NONE', #1504, #5237, #4491, .T. ) ;
#3898 = CARTESIAN_POINT ( 'NONE',  ( 27.80019949141435731, 100.5000000000000000, 7.411773197461557494 ) ) ;
#3899 = LINE ( 'NONE', #3567, #5133 ) ;
#3900 = EDGE_CURVE ( 'NONE', #5201, #4578, #485, .T. ) ;
#3901 = SHAPE_REPRESENTATION ( 'Bar_3_mnt', ( #2468 ), #2091 ) ;
#3902 = LINE ( 'NONE', #2937, #4032 ) ;
#3903 = APPLICATION_CONTEXT ( 'automotive_design' ) ;
#3904 = VECTOR ( 'NONE', #1199, 1000.000000000000000 ) ;
#3905 = ORIENTED_EDGE ( 'NONE', *, *, #3065, .F. ) ;
#3906 = DIRECTION ( 'NONE',  ( 0.000000000000000000, 1.000000000000000000, 0.000000000000000000 ) ) ;
#3907 =( LENGTH_UNIT ( ) NAMED_UNIT ( * ) SI_UNIT ( .MILLI., .METRE. ) );
#3908 = ITEM_DEFINED_TRANSFORMATION ( 'NONE', 'NONE', #1726,  #2468 ) ;
#3909 = DIRECTION ( 'NONE',  ( -1.000000000000000000, 0.000000000000000000, 0.000000000000000000 ) ) ;
#3910 = ORIENTED_EDGE ( 'NONE', *, *, #2228, .F. ) ;
#3911 = DIRECTION ( 'NONE',  ( 0.000000000000000000, 0.000000000000000000, -1.000000000000000000 ) ) ;
#3912 = ORIENTED_EDGE ( 'NONE', *, *, #4270, .T. ) ;
#3913 = LINE ( 'NONE', #2537, #673 ) ;
#3914 = VERTEX_POINT ( 'NONE', #3032 ) ;
#3915 = SHAPE_DEFINITION_REPRESENTATION ( #602, #2514 ) ;
#3916 = ORIENTED_EDGE ( 'NONE', *, *, #1701, .F. ) ;
#3917 = CARTESIAN_POINT ( 'NONE',  ( -114.0350877192983177, 8.735625240436016625, 11.44525479618211783 ) ) ;
#3918 = EDGE_LOOP ( 'NONE', ( #922, #846, #431, #3208 ) ) ;
#3919 = CARTESIAN_POINT ( 'NONE',  ( -450.8637873754153134, 3.652823920265783286, 5.000000000000000000 ) ) ;
#3920 = ORIENTED_EDGE ( 'NONE', *, *, #1476, .T. ) ;
#3921 = CARTESIAN_POINT ( 'NONE',  ( -39.53508771929831767, 12.49999999999999822, 16.31578947368421240 ) ) ;
#3922 = EDGE_CURVE ( 'NONE', #5513, #4210, #4982, .T. ) ;
#3923 = DIRECTION ( 'NONE',  ( 0.000000000000000000, -1.000000000000000000, 0.000000000000000000 ) ) ;
#3924 = VECTOR ( 'NONE', #852, 1000.000000000000000 ) ;
#3925 = CARTESIAN_POINT ( 'NONE',  ( -237.3333333333332860, 370.0000000000000000, -74.99999999999992895 ) ) ;
#3926 = DIRECTION ( 'NONE',  ( 0.000000000000000000, 1.000000000000000000, 0.000000000000000000 ) ) ;
#3927 = ADVANCED_FACE ( 'NONE', ( #3522 ), #4436, .F. ) ;
#3928 = CARTESIAN_POINT ( 'NONE',  ( -367.0545481641185575, -21.20851361110809208, 473.4390462724509803 ) ) ;
#3929 = EDGE_CURVE ( 'NONE', #945, #1864, #1339, .T. ) ;
#3930 = VECTOR ( 'NONE', #1056, 1000.000000000000000 ) ;
#3931 = PLANE ( 'NONE',  #937 ) ;
#3932 = AXIS2_PLACEMENT_3D ( 'NONE', #2999, #3909, #4319 ) ;
#3933 = ORIENTED_EDGE ( 'NONE', *, *, #3874, .F. ) ;
#3934 = CARTESIAN_POINT ( 'NONE',  ( -379.0350877192983603, 12.50000000000000000, -3.684210526315693013 ) ) ;
#3935 = PRESENTATION_LAYER_ASSIGNMENT (  '', '', ( #653 ) ) ;
#3936 = DIRECTION ( 'NONE',  ( -1.000000000000000000, 0.000000000000000000, 0.000000000000000000 ) ) ;
#3937 = CARTESIAN_POINT ( 'NONE',  ( -56.18604651162795705, 0.000000000000000000, 17.58139534883721211 ) ) ;
#3938 = AXIS2_PLACEMENT_3D ( 'NONE', #4376, #5677, #249 ) ;
#3939 = PRODUCT_DEFINITION ( 'UNKNOWN', '', #1169, #581 ) ;
#3940 = DIRECTION ( 'NONE',  ( -0.000000000000000000, -1.000000000000000000, -0.000000000000000000 ) ) ;
#3941 = VECTOR ( 'NONE', #2101, 1000.000000000000000 ) ;
#3942 = AXIS2_PLACEMENT_3D ( 'NONE', #534, #3743, #2872 ) ;
#3943 = CARTESIAN_POINT ( 'NONE',  ( -379.0350877192983603, 8.735625240436016625, 1.349083563913565919E-13 ) ) ;
#3944 = VECTOR ( 'NONE', #96, 1000.000000000000000 ) ;
#3945 = ORIENTED_EDGE ( 'NONE', *, *, #4828, .F. ) ;
#3946 = PLANE ( 'NONE',  #765 ) ;
#3947 = ORIENTED_EDGE ( 'NONE', *, *, #588, .F. ) ;
#3948 = SHAPE_DEFINITION_REPRESENTATION ( #5164, #893 ) ;
#3949 = AXIS2_PLACEMENT_3D ( 'NONE', #4267, #2074, #261 ) ;
#3950 = CIRCLE ( 'NONE', #1976, 5.000000000000000888 ) ;
#3951 = DIRECTION ( 'NONE',  ( 0.000000000000000000, -1.000000000000000000, 0.000000000000000000 ) ) ;
#3952 = ORIENTED_EDGE ( 'NONE', *, *, #1737, .F. ) ;
#3953 = DIRECTION ( 'NONE',  ( 1.000000000000000000, -0.000000000000000000, -0.000000000000000000 ) ) ;
#3954 = ORIENTED_EDGE ( 'NONE', *, *, #5364, .F. ) ;
#3955 = CARTESIAN_POINT ( 'NONE',  ( -40.16883116883118277, 0.000000000000000000, -6.876623376623382633 ) ) ;
#3956 = EDGE_CURVE ( 'NONE', #4180, #4372, #1870, .T. ) ;
#3957 = CARTESIAN_POINT ( 'NONE',  ( -40.04819277108434505, 260.0000000000000000, -5.367469879518071529 ) ) ;
#3958 = CYLINDRICAL_SURFACE ( 'NONE', #3356, 18.86810474738533472 ) ;
#3959 = ADVANCED_FACE ( 'NONE', ( #925, #3592 ), #4039, .F. ) ;
#3960 = PLANE ( 'NONE',  #3554 ) ;
#3961 = ORIENTED_EDGE ( 'NONE', *, *, #3513, .T. ) ;
#3962 =( LENGTH_UNIT ( ) NAMED_UNIT ( * ) SI_UNIT ( .MILLI., .METRE. ) );
#3963 = CIRCLE ( 'NONE', #1815, 5.000000000000001776 ) ;
#3964 = LINE ( 'NONE', #4480, #16 ) ;
#3965 = EDGE_LOOP ( 'NONE', ( #924, #5005, #584, #2863 ) ) ;
#3966 = CARTESIAN_POINT ( 'NONE',  ( -34.53508771929832477, 12.49999999999999822, -14.18421052631578583 ) ) ;
#3967 = AXIS2_PLACEMENT_3D ( 'NONE', #498, #5535, #1539 ) ;
#3968 = DIRECTION ( 'NONE',  ( -0.000000000000000000, -0.000000000000000000, 1.000000000000000000 ) ) ;
#3969 =( GEOMETRIC_REPRESENTATION_CONTEXT ( 3 ) GLOBAL_UNCERTAINTY_ASSIGNED_CONTEXT ( ( #3798 ) ) GLOBAL_UNIT_ASSIGNED_CONTEXT ( ( #4644, #2434, #5106 ) ) REPRESENTATION_CONTEXT ( 'NONE', 'WORKASPACE' ) );
#3970 = CARTESIAN_POINT ( 'NONE',  ( -59.18604651162796415, 25.00000000000000711, 17.58139534883721211 ) ) ;
#3971 = ORIENTED_EDGE ( 'NONE', *, *, #1933, .F. ) ;
#3972 = CARTESIAN_POINT ( 'NONE',  ( -114.0350877192983319, 25.00000000000000000, -23.68421052631578760 ) ) ;
#3973 = EDGE_LOOP ( 'NONE', ( #3608, #4554, #4256, #777 ) ) ;
#3974 = LINE ( 'NONE', #3886, #3667 ) ;
#3975 = ORIENTED_EDGE ( 'NONE', *, *, #4949, .T. ) ;
#3976 = PRODUCT_DEFINITION_FORMATION_WITH_SPECIFIED_SOURCE ( 'ANY', '', #4298, .NOT_KNOWN. ) ;
#3977 = APPLICATION_PROTOCOL_DEFINITION ( 'draft international standard', 'automotive_design', 1998, #3707 ) ;
#3978 = PRESENTATION_STYLE_ASSIGNMENT (( #349 ) ) ;
#3979 = ORIENTED_EDGE ( 'NONE', *, *, #1612, .F. ) ;
#3980 = CARTESIAN_POINT ( 'NONE',  ( 25.66321657133565992, 97.50000000000000000, 44.29375452128105195 ) ) ;
#3981 = ADVANCED_FACE ( 'NONE', ( #2443 ), #3651, .F. ) ;
#3982 = VERTEX_POINT ( 'NONE', #3757 ) ;
#3983 = FACE_OUTER_BOUND ( 'NONE', #3259, .T. ) ;
#3984 = DIRECTION ( 'NONE',  ( -3.229980028825710504E-16, 0.000000000000000000, -1.000000000000000000 ) ) ;
#3985 = VERTEX_POINT ( 'NONE', #652 ) ;
#3986 = CARTESIAN_POINT ( 'NONE',  ( -76.23762376237618810, 53.00000000000004974, 4.094059405940607910 ) ) ;
#3987 = CARTESIAN_POINT ( 'NONE',  ( 0.000000000000000000, 3.000000000000000000, 0.000000000000000000 ) ) ;
#3988 = ADVANCED_FACE ( 'NONE', ( #5408 ), #4959, .F. ) ;
#3989 = VERTEX_POINT ( 'NONE', #57 ) ;
#3990 = CARTESIAN_POINT ( 'NONE',  ( -48.64705882352942012, 0.000000000000000000, 12.61764705882352899 ) ) ;
#3991 = ORIENTED_EDGE ( 'NONE', *, *, #1831, .T. ) ;
#3992 = DIRECTION ( 'NONE',  ( 0.000000000000000000, 0.000000000000000000, -1.000000000000000000 ) ) ;
#3993 = CARTESIAN_POINT ( 'NONE',  ( -50.86378737541529205, 3.652823920265783286, 5.000000000000000000 ) ) ;
#3994 = LINE ( 'NONE', #480, #5688 ) ;
#3995 = LINE ( 'NONE', #5309, #3650 ) ;
#3996 = ORIENTED_EDGE ( 'NONE', *, *, #885, .T. ) ;
#3997 = DIRECTION ( 'NONE',  ( 0.000000000000000000, -1.000000000000000000, 0.000000000000000000 ) ) ;
#3998 = AXIS2_PLACEMENT_3D ( 'NONE', #414, #2134, #2607 ) ;
#3999 = VERTEX_POINT ( 'NONE', #1435 ) ;
#4000 =( NAMED_UNIT ( * ) SI_UNIT ( $, .STERADIAN. ) SOLID_ANGLE_UNIT ( ) );
#4001 = VERTEX_POINT ( 'NONE', #3211 ) ;
#4002 = APPLICATION_PROTOCOL_DEFINITION ( 'draft international standard', 'automotive_design', 1998, #1813 ) ;
#4003 = ADVANCED_FACE ( 'NONE', ( #1377 ), #4533, .F. ) ;
#4004 = VERTEX_POINT ( 'NONE', #3182 ) ;
#4005 = CARTESIAN_POINT ( 'NONE',  ( -48.64705882352942012, 260.0000000000000000, -2.382352941176471450 ) ) ;
#4006 = EDGE_LOOP ( 'NONE', ( #832, #318, #4493, #1858 ) ) ;
#4007 = FACE_BOUND ( 'NONE', #2427, .T. ) ;
#4008 = ADVANCED_FACE ( 'NONE', ( #5509 ), #5352, .F. ) ;
#4009 = LINE ( 'NONE', #4506, #2026 ) ;
#4010 = CARTESIAN_POINT ( 'NONE',  ( -101.2376237623761881, 0.000000000000000000, -21.90594059405938410 ) ) ;
#4011 = CARTESIAN_POINT ( 'NONE',  ( 53.06003470678885492, 97.50000000000000000, 19.58649369804110307 ) ) ;
#4012 = APPLICATION_CONTEXT ( 'automotive_design' ) ;
#4013 = VERTEX_POINT ( 'NONE', #2275 ) ;
#4014 = DIRECTION ( 'NONE',  ( 1.000000000000000000, 0.000000000000000000, 0.000000000000000000 ) ) ;
#4015 = LINE ( 'NONE', #446, #2910 ) ;
#4016 = ORIENTED_EDGE ( 'NONE', *, *, #1164, .F. ) ;
#4017 = CARTESIAN_POINT ( 'NONE',  ( -34.53508771929832477, 12.49999999999999822, 16.31578947368421240 ) ) ;
#4018 = EDGE_LOOP ( 'NONE', ( #1738, #5208, #3770, #3015 ) ) ;
#4019 = CARTESIAN_POINT ( 'NONE',  ( -76.23762376237618810, 0.000000000000000000, -21.90594059405938410 ) ) ;
#4020 = LINE ( 'NONE', #10, #2360 ) ;
#4021 = VECTOR ( 'NONE', #187, 1000.000000000000000 ) ;
#4022 = ADVANCED_FACE ( 'NONE', ( #4650 ), #4474, .F. ) ;
#4023 = ITEM_DEFINED_TRANSFORMATION ( 'NONE', 'NONE', #5155,  #2468 ) ;
#4024 = LINE ( 'NONE', #826, #568 ) ;
#4025 = CIRCLE ( 'NONE', #3266, 4.999999999999960920 ) ;
#4026 = FACE_OUTER_BOUND ( 'NONE', #1866, .T. ) ;
#4027 = VECTOR ( 'NONE', #2503, 1000.000000000000000 ) ;
#4028 = EDGE_LOOP ( 'NONE', ( #3056, #2158, #3615, #1659 ) ) ;
#4029 = FILL_AREA_STYLE ('',( #951 ) ) ;
#4030 = EDGE_CURVE ( 'NONE', #4899, #4192, #2000, .T. ) ;
#4031 = AXIS2_PLACEMENT_3D ( 'NONE', #3586, #4528, #3148 ) ;
#4032 = VECTOR ( 'NONE', #4311, 1000.000000000000000 ) ;
#4033 = VECTOR ( 'NONE', #5613, 1000.000000000000000 ) ;
#4034 = CARTESIAN_POINT ( 'NONE',  ( -56.18604651162795705, 34.01387818865998014, -14.91860465116278789 ) ) ;
#4035 = VERTEX_POINT ( 'NONE', #989 ) ;
#4036 = CARTESIAN_POINT ( 'NONE',  ( -48.64705882352942012, 260.0000000000000000, -2.382352941176471450 ) ) ;
#4037 = ORIENTED_EDGE ( 'NONE', *, *, #1517, .F. ) ;
#4038 = VECTOR ( 'NONE', #3624, 1000.000000000000000 ) ;
#4039 = PLANE ( 'NONE',  #5694 ) ;
#4040 = CARTESIAN_POINT ( 'NONE',  ( -76.23762376237618810, 750.0000000000000000, -21.90594059405938410 ) ) ;
#4041 = DIRECTION ( 'NONE',  ( 0.000000000000000000, -0.000000000000000000, 1.000000000000000000 ) ) ;
#4042 = CIRCLE ( 'NONE', #3202, 9.514273547916648255 ) ;
#4043 = LINE ( 'NONE', #32, #3851 ) ;
#4044 = EDGE_LOOP ( 'NONE', ( #1014, #3044, #2561, #4712 ) ) ;
#4045 = CARTESIAN_POINT ( 'NONE',  ( 233.7475758444638814, 528.9436925136284344, 32.99999999999969447 ) ) ;
#4046 = FACE_OUTER_BOUND ( 'NONE', #4044, .T. ) ;
#4047 = COLOUR_RGB ( '',0.7921568627450980005, 0.8196078431372548767, 0.9333333333333333481 ) ;
#4048 = LINE ( 'NONE', #3221, #2715 ) ;
#4049 = LINE ( 'NONE', #4850, #2535 ) ;
#4050 = CIRCLE ( 'NONE', #5599, 9.514273547916648255 ) ;
#4051 = DIRECTION ( 'NONE',  ( -1.156482317317871478E-16, 0.000000000000000000, -1.000000000000000000 ) ) ;
#4052 = EDGE_CURVE ( 'NONE', #5426, #2291, #1442, .T. ) ;
#4053 = EDGE_LOOP ( 'NONE', ( #5344, #3713, #4131, #3947 ) ) ;
#4054 = CARTESIAN_POINT ( 'NONE',  ( -59.18604651162796415, 25.00000000000000000, 5.081395348837212111 ) ) ;
#4055 = VECTOR ( 'NONE', #3463, 1000.000000000000000 ) ;
#4056 = CARTESIAN_POINT ( 'NONE',  ( -144.7916666666666856, 703.0000000000000000, 0.4166666666666519747 ) ) ;
#4057 =( REPRESENTATION_RELATIONSHIP ('NONE','NONE', #4495, #893 ) REPRESENTATION_RELATIONSHIP_WITH_TRANSFORMATION ( #4023 )SHAPE_REPRESENTATION_RELATIONSHIP( ) );
#4058 = EDGE_CURVE ( 'NONE', #4473, #1676, #1565, .T. ) ;
#4059 = VERTEX_POINT ( 'NONE', #1405 ) ;
#4060 = DIRECTION ( 'NONE',  ( 0.000000000000000000, 0.000000000000000000, 1.000000000000000000 ) ) ;
#4061 = PRODUCT_DEFINITION_SHAPE ( 'NONE', 'NONE',  #5751 ) ;
#4062 = ITEM_DEFINED_TRANSFORMATION ( 'NONE', 'NONE', #3779,  #2468 ) ;
#4063 = SURFACE_STYLE_FILL_AREA ( #5010 ) ;
#4064 = AXIS2_PLACEMENT_3D ( 'NONE', #5204, #1136, #2067 ) ;
#4065 = VERTEX_POINT ( 'NONE', #2308 ) ;
#4066 = DIRECTION ( 'NONE',  ( 0.000000000000000000, -0.000000000000000000, -1.000000000000000000 ) ) ;
#4067 = VERTEX_POINT ( 'NONE', #2242 ) ;
#4068 = DIRECTION ( 'NONE',  ( 1.156482317317871478E-16, 0.000000000000000000, 1.000000000000000000 ) ) ;
#4069 = CARTESIAN_POINT ( 'NONE',  ( -31.18604651162795349, 25.00000000000000000, 0.08139534883721254166 ) ) ;
#4070 = CARTESIAN_POINT ( 'NONE',  ( -53.86378737541530626, 3.652823920265783286, 5.000000000000000000 ) ) ;
#4071 = DIRECTION ( 'NONE',  ( 0.000000000000000000, 0.000000000000000000, -1.000000000000000000 ) ) ;
#4072 = ORIENTED_EDGE ( 'NONE', *, *, #158, .T. ) ;
#4073 = CARTESIAN_POINT ( 'NONE',  ( 746.4142425111308512, 432.0377519195691889, -258.7623762376238687 ) ) ;
#4074 = DIRECTION ( 'NONE',  ( 0.000000000000000000, 0.000000000000000000, 1.000000000000000000 ) ) ;
#4075 = CARTESIAN_POINT ( 'NONE',  ( -6.055045871559635806, 116.5000000000000000, 24.72935779816513957 ) ) ;
#4076 = LINE ( 'NONE', #1468, #4940 ) ;
#4077 = ORIENTED_EDGE ( 'NONE', *, *, #2023, .F. ) ;
#4078 = DIRECTION ( 'NONE',  ( 0.000000000000000000, -0.000000000000000000, 1.000000000000000000 ) ) ;
#4079 = EDGE_CURVE ( 'NONE', #3844, #3598, #2881, .T. ) ;
#4080 = FACE_OUTER_BOUND ( 'NONE', #5483, .T. ) ;
#4081 =( LENGTH_UNIT ( ) NAMED_UNIT ( * ) SI_UNIT ( .MILLI., .METRE. ) );
#4082 = CARTESIAN_POINT ( 'NONE',  ( -40.16883116883118277, 217.0000000000000000, -6.876623376623382633 ) ) ;
#4083 = EDGE_LOOP ( 'NONE', ( #2927, #1249, #1293, #5173 ) ) ;
#4084 = VERTEX_POINT ( 'NONE', #1128 ) ;
#4085 = CARTESIAN_POINT ( 'NONE',  ( -53.86378737541530626, 3.652823920265783286, 5.000000000000000000 ) ) ;
#4086 = ORIENTED_EDGE ( 'NONE', *, *, #627, .F. ) ;
#4087 = APPLICATION_CONTEXT ( 'automotive_design' ) ;
#4088 = AXIS2_PLACEMENT_3D ( 'NONE', #1207, #4301, #2985 ) ;
#4089 = DIRECTION ( 'NONE',  ( 0.000000000000000000, 0.000000000000000000, -1.000000000000000000 ) ) ;
#4090 = ORIENTED_EDGE ( 'NONE', *, *, #4225, .F. ) ;
#4091 = DIRECTION ( 'NONE',  ( 0.000000000000000000, -0.000000000000000000, 1.000000000000000000 ) ) ;
#4092 = VERTEX_POINT ( 'NONE', #4558 ) ;
#4093 = EDGE_CURVE ( 'NONE', #105, #1884, #549, .T. ) ;
#4094 = CARTESIAN_POINT ( 'NONE',  ( -40.16883116883118277, 217.0000000000000000, -6.876623376623382633 ) ) ;
#4095 = CYLINDRICAL_SURFACE ( 'NONE', #2690, 9.514273547916648255 ) ;
#4096 = PRODUCT_DEFINITION_CONTEXT ( 'detailed design', #2518, 'design' ) ;
#4097 = LINE ( 'NONE', #3654, #1594 ) ;
#4098 = DIRECTION ( 'NONE',  ( -0.000000000000000000, -1.000000000000000000, -0.000000000000000000 ) ) ;
#4099 = ORIENTED_EDGE ( 'NONE', *, *, #1348, .T. ) ;
#4100 = ORIENTED_EDGE ( 'NONE', *, *, #4276, .F. ) ;
#4101 = EDGE_CURVE ( 'NONE', #4193, #4281, #4347, .T. ) ;
#4102 = CARTESIAN_POINT ( 'NONE',  ( 16.99563785996785370, 453.9436925136283207, -366.1860465116280920 ) ) ;
#4103 = DIRECTION ( 'NONE',  ( -0.000000000000000000, -1.000000000000000000, -0.000000000000000000 ) ) ;
#4104 = CARTESIAN_POINT ( 'NONE',  ( 53.06003470678885492, 119.5000000000000000, 19.58649369804110307 ) ) ;
#4105 = EDGE_CURVE ( 'NONE', #4065, #1884, #4148, .T. ) ;
#4106 = VERTEX_POINT ( 'NONE', #4774 ) ;
#4107 = DIRECTION ( 'NONE',  ( 0.000000000000000000, 1.000000000000000000, 8.260587980841938780E-17 ) ) ;
#4108 = CIRCLE ( 'NONE', #2419, 11.62970334961300978 ) ;
#4109 = EDGE_CURVE ( 'NONE', #2888, #2241, #4108, .T. ) ;
#4110 = CARTESIAN_POINT ( 'NONE',  ( -31.18604651162795349, 25.00000000000000000, 0.08139534883721254166 ) ) ;
#4111 = ORIENTED_EDGE ( 'NONE', *, *, #5111, .F. ) ;
#4112 = VECTOR ( 'NONE', #4881, 1000.000000000000000 ) ;
#4113 = EDGE_LOOP ( 'NONE', ( #2657, #5124, #4155, #4991 ) ) ;
#4114 = EDGE_CURVE ( 'NONE', #723, #5206, #5562, .T. ) ;
#4115 = ITEM_DEFINED_TRANSFORMATION ( 'NONE', 'NONE', #3307,  #2468 ) ;
#4116 = VECTOR ( 'NONE', #3423, 1000.000000000000000 ) ;
#4117 = SURFACE_STYLE_FILL_AREA ( #1431 ) ;
#4118 = VECTOR ( 'NONE', #3040, 1000.000000000000000 ) ;
#4119 = EDGE_LOOP ( 'NONE', ( #3136, #99 ) ) ;
#4120 = DIRECTION ( 'NONE',  ( 0.9532520323598017153, 0.000000000000000000, 0.3021763769752815465 ) ) ;
#4121 = VERTEX_POINT ( 'NONE', #3492 ) ;
#4122 = SHAPE_REPRESENTATION ( 'Assem1', ( #1636, #2375, #1068, #1540, #1914, #4890, #5251, #4702, #3779, #5611, #3307, #793, #330, #3685, #3218, #3124, #1733, #2182, #3587, #5160, #3399, #4612, #2761, #4344, #4064 ), #2096 ) ;
#4123 = VECTOR ( 'NONE', #5136, 999.9999999999998863 ) ;
#4124 = APPLICATION_CONTEXT ( 'automotive_design' ) ;
#4125 = DIRECTION ( 'NONE',  ( 1.000000000000000000, -0.000000000000000000, -3.469446951953613696E-16 ) ) ;
#4126 = VECTOR ( 'NONE', #2030, 1000.000000000000000 ) ;
#4127 = DIRECTION ( 'NONE',  ( 0.000000000000000000, 1.000000000000000000, 0.000000000000000000 ) ) ;
#4128 = VECTOR ( 'NONE', #4908, 1000.000000000000000 ) ;
#4129 = DIRECTION ( 'NONE',  ( -1.000000000000000000, -0.000000000000000000, -0.000000000000000000 ) ) ;
#4130 = EDGE_CURVE ( 'NONE', #3347, #5266, #1190, .T. ) ;
#4131 = ORIENTED_EDGE ( 'NONE', *, *, #2043, .F. ) ;
#4132 = AXIS2_PLACEMENT_3D ( 'NONE', #593, #2767, #1418 ) ;
#4133 = CARTESIAN_POINT ( 'NONE',  ( -159.7916666666666288, 0.000000000000000000, 0.4166666666666519747 ) ) ;
#4134 = PLANE ( 'NONE',  #2821 ) ;
#4135 = VECTOR ( 'NONE', #4696, 1000.000000000000000 ) ;
#4136 = ADVANCED_FACE ( 'NONE', ( #713, #365 ), #2967, .F. ) ;
#4137 = DIRECTION ( 'NONE',  ( -0.9381246427101909147, 0.000000000000000000, -0.3462977833308739095 ) ) ;
#4138 = DIRECTION ( 'NONE',  ( 0.000000000000000000, -1.000000000000000000, 0.000000000000000000 ) ) ;
#4139 = AXIS2_PLACEMENT_3D ( 'NONE', #3035, #3410, #2621 ) ;
#4140 = ORIENTED_EDGE ( 'NONE', *, *, #2672, .T. ) ;
#4141 = CARTESIAN_POINT ( 'NONE',  ( -197.3333333333332860, 370.0000000000000000, -74.99999999999992895 ) ) ;
#4142 = ORIENTED_EDGE ( 'NONE', *, *, #2588, .T. ) ;
#4143 = MECHANICAL_DESIGN_GEOMETRIC_PRESENTATION_REPRESENTATION (  '', ( #1251 ), #312 ) ;
#4144 = EDGE_LOOP ( 'NONE', ( #621, #716, #710, #1226 ) ) ;
#4145 = CONTEXT_DEPENDENT_SHAPE_REPRESENTATION ( #1017, #2525 ) ;
#4146 = VECTOR ( 'NONE', #411, 1000.000000000000000 ) ;
#4147 = LINE ( 'NONE', #139, #5577 ) ;
#4148 = CIRCLE ( 'NONE', #378, 18.86810474738533472 ) ;
#4149 = ORIENTED_EDGE ( 'NONE', *, *, #3357, .T. ) ;
#4150 = LINE ( 'NONE', #3235, #1430 ) ;
#4151 = ORIENTED_EDGE ( 'NONE', *, *, #5705, .T. ) ;
#4152 = PRODUCT_DEFINITION_SHAPE ( 'NONE', 'NONE',  #5750 ) ;
#4153 = CARTESIAN_POINT ( 'NONE',  ( -379.0350877192983603, 12.50000000000000000, -3.684210526315693013 ) ) ;
#4154 = PRODUCT_DEFINITION_CONTEXT ( 'detailed design', #126, 'design' ) ;
#4155 = ORIENTED_EDGE ( 'NONE', *, *, #3518, .T. ) ;
#4156 = DIRECTION ( 'NONE',  ( -1.000000000000000000, 0.000000000000000000, 0.000000000000000000 ) ) ;
#4157 = VERTEX_POINT ( 'NONE', #1717 ) ;
#4158 = LINE ( 'NONE', #1440, #1243 ) ;
#4159 = ORIENTED_EDGE ( 'NONE', *, *, #782, .F. ) ;
#4160 = DIRECTION ( 'NONE',  ( -0.000000000000000000, 0.000000000000000000, 1.000000000000000000 ) ) ;
#4161 = DIRECTION ( 'NONE',  ( 0.000000000000000000, 0.000000000000000000, -1.000000000000000000 ) ) ;
#4162 = ADVANCED_FACE ( 'NONE', ( #2059 ), #5229, .F. ) ;
#4163 = PLANE ( 'NONE',  #5210 ) ;
#4164 = CARTESIAN_POINT ( 'NONE',  ( 30.57150851985710815, 116.5000000000000000, 26.07524616010108431 ) ) ;
#4165 = ORIENTED_EDGE ( 'NONE', *, *, #1088, .F. ) ;
#4166 = CARTESIAN_POINT ( 'NONE',  ( -93.23762376237618810, 0.000000000000000000, 28.09405940594061946 ) ) ;
#4167 = VERTEX_POINT ( 'NONE', #4741 ) ;
#4168 = ORIENTED_EDGE ( 'NONE', *, *, #5671, .F. ) ;
#4169 = DIRECTION ( 'NONE',  ( 1.000000000000000000, 0.000000000000000000, 0.000000000000000000 ) ) ;
#4170 = CONTEXT_DEPENDENT_SHAPE_REPRESENTATION ( #1922, #1482 ) ;
#4171 = DIRECTION ( 'NONE',  ( -0.000000000000000000, -1.000000000000000000, -0.000000000000000000 ) ) ;
#4172 = EDGE_CURVE ( 'NONE', #1635, #2007, #2942, .T. ) ;
#4173 = ORIENTED_EDGE ( 'NONE', *, *, #2145, .T. ) ;
#4174 = DIRECTION ( 'NONE',  ( 1.000000000000000000, 0.000000000000000000, 0.000000000000000000 ) ) ;
#4175 = EDGE_CURVE ( 'NONE', #2241, #940, #4488, .T. ) ;
#4176 = ORIENTED_EDGE ( 'NONE', *, *, #2984, .T. ) ;
#4177 = VECTOR ( 'NONE', #1350, 1000.000000000000000 ) ;
#4178 = DIRECTION ( 'NONE',  ( 1.000000000000000000, 0.000000000000000000, -0.000000000000000000 ) ) ;
#4179 = LINE ( 'NONE', #3382, #4759 ) ;
#4180 = VERTEX_POINT ( 'NONE', #4715 ) ;
#4181 = PLANE ( 'NONE',  #4504 ) ;
#4182 = ORIENTED_EDGE ( 'NONE', *, *, #5624, .T. ) ;
#4183 = PLANE ( 'NONE',  #5506 ) ;
#4184 = EDGE_CURVE ( 'NONE', #1522, #5043, #2117, .T. ) ;
#4185 = DIRECTION ( 'NONE',  ( 0.000000000000000000, 0.000000000000000000, -1.000000000000000000 ) ) ;
#4186 = DIRECTION ( 'NONE',  ( 0.000000000000000000, 0.000000000000000000, 1.000000000000000000 ) ) ;
#4187 = CARTESIAN_POINT ( 'NONE',  ( -56.18604651162795705, 34.01387818865997303, 15.08139534883721566 ) ) ;
#4188 = CARTESIAN_POINT ( 'NONE',  ( -197.3333333333332860, 370.0000000000000000, -74.99999999999992895 ) ) ;
#4189 =( NAMED_UNIT ( * ) SI_UNIT ( $, .STERADIAN. ) SOLID_ANGLE_UNIT ( ) );
#4190 = DIRECTION ( 'NONE',  ( 3.965082230804130713E-16, 0.000000000000000000, 1.000000000000000000 ) ) ;
#4191 = EDGE_CURVE ( 'NONE', #4410, #576, #3370, .T. ) ;
#4192 = VERTEX_POINT ( 'NONE', #3031 ) ;
#4193 = VERTEX_POINT ( 'NONE', #2915 ) ;
#4194 = LINE ( 'NONE', #3700, #5686 ) ;
#4195 = EDGE_CURVE ( 'NONE', #5513, #3414, #804, .T. ) ;
#4196 = APPLICATION_CONTEXT ( 'automotive_design' ) ;
#4197 = DIRECTION ( 'NONE',  ( 0.9532520323598017153, 0.000000000000000000, 0.3021763769752815465 ) ) ;
#4198 = EDGE_CURVE ( 'NONE', #2291, #5426, #2998, .T. ) ;
#4199 = LINE ( 'NONE', #4606, #1963 ) ;
#4200 = VECTOR ( 'NONE', #4357, 1000.000000000000000 ) ;
#4201 = ORIENTED_EDGE ( 'NONE', *, *, #2111, .T. ) ;
#4202 = CARTESIAN_POINT ( 'NONE',  ( -144.7916666666666572, 361.5000000000000000, -19.58333333333334991 ) ) ;
#4203 = EDGE_LOOP ( 'NONE', ( #4695, #3171, #1742, #1355 ) ) ;
#4204 = PRODUCT_CONTEXT ( 'NONE', #14, 'mechanical' ) ;
#4205 = AXIS2_PLACEMENT_3D ( 'NONE', #4305, #2463, #674 ) ;
#4206 = CARTESIAN_POINT ( 'NONE',  ( -6.055045871559633142, 217.0000000000000000, -5.270642201834860430 ) ) ;
#4207 = PRODUCT_DEFINITION_CONTEXT ( 'detailed design', #3707, 'design' ) ;
#4208 = AXIS2_PLACEMENT_3D ( 'NONE', #3595, #3238, #5015 ) ;
#4209 = PLANE ( 'NONE',  #2150 ) ;
#4210 = VERTEX_POINT ( 'NONE', #311 ) ;
#4211 = PLANE ( 'NONE',  #5676 ) ;
#4212 = AXIS2_PLACEMENT_3D ( 'NONE', #2644, #821, #37 ) ;
#4213 = ORIENTED_EDGE ( 'NONE', *, *, #982, .F. ) ;
#4214 = CARTESIAN_POINT ( 'NONE',  ( -34.18604651162795705, 34.01387818865997303, -14.91860465116278789 ) ) ;
#4215 = AXIS2_PLACEMENT_3D ( 'NONE', #3993, #3936, #9 ) ;
#4216 = PRESENTATION_STYLE_ASSIGNMENT (( #3422 ) ) ;
#4217 = AXIS2_PLACEMENT_3D ( 'NONE', #4, #3601, #422 ) ;
#4218 = LINE ( 'NONE', #214, #1028 ) ;
#4219 = VECTOR ( 'NONE', #2255, 1000.000000000000000 ) ;
#4220 = DIRECTION ( 'NONE',  ( -1.000000000000000000, 0.000000000000000000, 0.000000000000000000 ) ) ;
#4221 = EDGE_CURVE ( 'NONE', #957, #1105, #4284, .T. ) ;
#4222 = DIRECTION ( 'NONE',  ( 0.000000000000000000, 0.000000000000000000, -1.000000000000000000 ) ) ;
#4223 = AXIS2_PLACEMENT_3D ( 'NONE', #1292, #3067, #1756 ) ;
#4224 = EDGE_LOOP ( 'NONE', ( #25, #3647, #2911, #1135 ) ) ;
#4225 = EDGE_CURVE ( 'NONE', #2383, #5149, #3881, .T. ) ;
#4226 = AXIS2_PLACEMENT_3D ( 'NONE', #2065, #2448, #5514 ) ;
#4227 = ORIENTED_EDGE ( 'NONE', *, *, #482, .F. ) ;
#4228 = DIRECTION ( 'NONE',  ( -0.9381246427101909147, 0.000000000000000000, -0.3462977833308739095 ) ) ;
#4229 = VECTOR ( 'NONE', #1678, 1000.000000000000000 ) ;
#4230 = DIRECTION ( 'NONE',  ( 0.000000000000000000, 0.000000000000000000, 1.000000000000000000 ) ) ;
#4231 = ADVANCED_FACE ( 'NONE', ( #3816 ), #2594, .F. ) ;
#4232 = EDGE_CURVE ( 'NONE', #80, #1635, #2027, .T. ) ;
#4233 = ORIENTED_EDGE ( 'NONE', *, *, #2593, .T. ) ;
#4234 = LINE ( 'NONE', #4288, #213 ) ;
#4235 = ORIENTED_EDGE ( 'NONE', *, *, #808, .F. ) ;
#4236 = VECTOR ( 'NONE', #1206, 1000.000000000000000 ) ;
#4237 = DIRECTION ( 'NONE',  ( 0.2796073883706007290, 0.9601144246226966938, -4.301617450888248913E-17 ) ) ;
#4238 = DIRECTION ( 'NONE',  ( 0.000000000000000000, 1.000000000000000000, 0.000000000000000000 ) ) ;
#4239 = AXIS2_PLACEMENT_3D ( 'NONE', #430, #400, #3142 ) ;
#4240 = DIRECTION ( 'NONE',  ( -0.000000000000000000, -1.000000000000000000, -0.000000000000000000 ) ) ;
#4241 = ORIENTED_EDGE ( 'NONE', *, *, #2804, .F. ) ;
#4242 = LINE ( 'NONE', #3801, #5227 ) ;
#4243 = ORIENTED_EDGE ( 'NONE', *, *, #4191, .T. ) ;
#4244 = CARTESIAN_POINT ( 'NONE',  ( 25.66321657133565992, 100.5000000000000000, 44.29375452128105195 ) ) ;
#4245 = DIRECTION ( 'NONE',  ( 0.000000000000000000, 0.000000000000000000, 1.000000000000000000 ) ) ;
#4246 =( LENGTH_UNIT ( ) NAMED_UNIT ( * ) SI_UNIT ( .MILLI., .METRE. ) );
#4247 = PLANE ( 'NONE',  #1682 ) ;
#4248 = ADVANCED_FACE ( 'NONE', ( #453 ), #71, .F. ) ;
#4249 = DIRECTION ( 'NONE',  ( 0.000000000000000000, 0.000000000000000000, 1.000000000000000000 ) ) ;
#4250 =( GEOMETRIC_REPRESENTATION_CONTEXT ( 3 ) GLOBAL_UNCERTAINTY_ASSIGNED_CONTEXT ( ( #2454 ) ) GLOBAL_UNIT_ASSIGNED_CONTEXT ( ( #1328, #4539, #5298 ) ) REPRESENTATION_CONTEXT ( 'NONE', 'WORKASPACE' ) );
#4251 = PRODUCT ( 'lin_act_in', 'lin_act_in', '', ( #4204 ) ) ;
#4252 = FACE_OUTER_BOUND ( 'NONE', #1201, .T. ) ;
#4253 = CARTESIAN_POINT ( 'NONE',  ( -64.03508771929831767, 25.00000000000000000, 16.31578947368421240 ) ) ;
#4254 = FACE_OUTER_BOUND ( 'NONE', #774, .T. ) ;
#4255 = EDGE_CURVE ( 'NONE', #790, #19, #1364, .T. ) ;
#4256 = ORIENTED_EDGE ( 'NONE', *, *, #171, .F. ) ;
#4257 = DIRECTION ( 'NONE',  ( -1.000000000000000000, -0.000000000000000000, -0.000000000000000000 ) ) ;
#4258 = CARTESIAN_POINT ( 'NONE',  ( -197.3333333333332860, 428.0000000000000000, -74.99999999999992895 ) ) ;
#4259 = CARTESIAN_POINT ( 'NONE',  ( 0.000000000000000000, 370.0000000000000000, 0.000000000000000000 ) ) ;
#4260 = ORIENTED_EDGE ( 'NONE', *, *, #2712, .F. ) ;
#4261 = DIRECTION ( 'NONE',  ( 0.000000000000000000, -1.000000000000000000, 0.000000000000000000 ) ) ;
#4262 = VERTEX_POINT ( 'NONE', #1392 ) ;
#4263 = CARTESIAN_POINT ( 'NONE',  ( -53.86378737541530626, 3.652823920265783286, -4.499999999999998224 ) ) ;
#4264 = PRODUCT_DEFINITION_CONTEXT ( 'detailed design', #4087, 'design' ) ;
#4265 = FACE_OUTER_BOUND ( 'NONE', #2415, .T. ) ;
#4266 = ORIENTED_EDGE ( 'NONE', *, *, #2405, .T. ) ;
#4267 = CARTESIAN_POINT ( 'NONE',  ( -84.77053187294963266, 25.00000000000000000, -3.684210526315786272 ) ) ;
#4268 = VERTEX_POINT ( 'NONE', #3636 ) ;
#4269 = DIRECTION ( 'NONE',  ( -1.000000000000000000, 0.000000000000000000, 0.000000000000000000 ) ) ;
#4270 = EDGE_CURVE ( 'NONE', #980, #1739, #1338, .T. ) ;
#4271 = CYLINDRICAL_SURFACE ( 'NONE', #5600, 18.86810474738533472 ) ;
#4272 = DIRECTION ( 'NONE',  ( 1.000000000000000000, 0.000000000000000000, 0.000000000000000000 ) ) ;
#4273 = CYLINDRICAL_SURFACE ( 'NONE', #4395, 19.15855084771456518 ) ;
#4274 =( REPRESENTATION_RELATIONSHIP ('NONE','NONE', #1059, #4856 ) REPRESENTATION_RELATIONSHIP_WITH_TRANSFORMATION ( #192 )SHAPE_REPRESENTATION_RELATIONSHIP( ) );
#4275 = CIRCLE ( 'NONE', #4088, 5.000000000000004441 ) ;
#4276 = EDGE_CURVE ( 'NONE', #940, #4059, #916, .T. ) ;
#4277 = FACE_BOUND ( 'NONE', #1178, .T. ) ;
#4278 = DIRECTION ( 'NONE',  ( -1.000000000000000000, -2.775557561562891351E-16, -1.448299318179201361E-30 ) ) ;
#4279 = DIRECTION ( 'NONE',  ( -1.156482317317871478E-16, -0.000000000000000000, -1.000000000000000000 ) ) ;
#4280 = ORIENTED_EDGE ( 'NONE', *, *, #2141, .F. ) ;
#4281 = VERTEX_POINT ( 'NONE', #483 ) ;
#4282 = DIRECTION ( 'NONE',  ( 1.000000000000000000, 0.000000000000000000, 0.000000000000000000 ) ) ;
#4283 = CONTEXT_DEPENDENT_SHAPE_REPRESENTATION ( #87, #3629 ) ;
#4284 = LINE ( 'NONE', #5644, #5662 ) ;
#4285 = DIRECTION ( 'NONE',  ( 0.000000000000000000, 0.000000000000000000, -1.000000000000000000 ) ) ;
#4286 = ADVANCED_FACE ( 'NONE', ( #3520, #3168 ), #46, .T. ) ;
#4287 = EDGE_LOOP ( 'NONE', ( #5086, #2473, #1692, #3820 ) ) ;
#4288 = CARTESIAN_POINT ( 'NONE',  ( -40.16883116883117566, 0.000000000000000000, 8.123376623376616479 ) ) ;
#4289 = ORIENTED_EDGE ( 'NONE', *, *, #3878, .T. ) ;
#4290 = EDGE_CURVE ( 'NONE', #5426, #1825, #4914, .T. ) ;
#4291 = SHAPE_DEFINITION_REPRESENTATION ( #2377, #4122 ) ;
#4292 = CARTESIAN_POINT ( 'NONE',  ( -379.0350877192983603, 16.64322946534103664, 1.349083563913565919E-13 ) ) ;
#4293 = ORIENTED_EDGE ( 'NONE', *, *, #520, .T. ) ;
#4294 = DIRECTION ( 'NONE',  ( 1.000000000000000000, 0.000000000000000000, 0.000000000000000000 ) ) ;
#4295 = ORIENTED_EDGE ( 'NONE', *, *, #2988, .T. ) ;
#4296 = DIRECTION ( 'NONE',  ( -0.9532520323598017153, 0.000000000000000000, -0.3021763769752816575 ) ) ;
#4297 = CIRCLE ( 'NONE', #1778, 4.999999999999995559 ) ;
#4298 = PRODUCT ( 'Vert', 'Vert', '', ( #4441 ) ) ;
#4299 = ORIENTED_EDGE ( 'NONE', *, *, #4101, .F. ) ;
#4300 = LINE ( 'NONE', #5182, #4236 ) ;
#4301 = DIRECTION ( 'NONE',  ( -0.000000000000000000, 0.000000000000000000, 1.000000000000000000 ) ) ;
#4302 = AXIS2_PLACEMENT_3D ( 'NONE', #1902, #85, #994 ) ;
#4303 = AXIS2_PLACEMENT_3D ( 'NONE', #3986, #5245, #3534 ) ;
#4304 = EDGE_CURVE ( 'NONE', #4013, #4578, #3082, .T. ) ;
#4305 = CARTESIAN_POINT ( 'NONE',  ( -47.47368421052630794, 217.0000000000000000, -7.184210526315784051 ) ) ;
#4306 = EDGE_CURVE ( 'NONE', #2772, #4157, #4024, .T. ) ;
#4307 = DIRECTION ( 'NONE',  ( 0.3021763769752815465, 0.000000000000000000, -0.9532520323598017153 ) ) ;
#4308 = CIRCLE ( 'NONE', #2908, 9.514273547916648255 ) ;
#4309 = DIRECTION ( 'NONE',  ( -8.125883621358625511E-29, -1.066133187454553377E-28, 1.000000000000000000 ) ) ;
#4310 = VECTOR ( 'NONE', #4853, 1000.000000000000000 ) ;
#4311 = DIRECTION ( 'NONE',  ( -1.000000000000000000, -0.000000000000000000, -0.000000000000000000 ) ) ;
#4312 = EDGE_CURVE ( 'NONE', #790, #3989, #15, .T. ) ;
#4313 = APPLICATION_CONTEXT ( 'automotive_design' ) ;
#4314 = AXIS2_PLACEMENT_3D ( 'NONE', #905, #4423, #418 ) ;
#4315 = ORIENTED_EDGE ( 'NONE', *, *, #385, .F. ) ;
#4316 = VERTEX_POINT ( 'NONE', #2261 ) ;
#4317 = LINE ( 'NONE', #1280, #1154 ) ;
#4318 = VECTOR ( 'NONE', #1464, 1000.000000000000000 ) ;
#4319 = DIRECTION ( 'NONE',  ( 0.000000000000000000, 0.000000000000000000, 1.000000000000000000 ) ) ;
#4320 = DIRECTION ( 'NONE',  ( -1.000000000000000000, 0.000000000000000000, 1.614990014412855252E-16 ) ) ;
#4321 = VECTOR ( 'NONE', #4995, 1000.000000000000000 ) ;
#4322 = ORIENTED_EDGE ( 'NONE', *, *, #5646, .F. ) ;
#4323 = FACE_OUTER_BOUND ( 'NONE', #5303, .T. ) ;
#4324 = ORIENTED_EDGE ( 'NONE', *, *, #4306, .T. ) ;
#4325 = DIRECTION ( 'NONE',  ( -3.675673971554011022E-17, 5.550958135602358625E-17, 0.9999999999999998890 ) ) ;
#4326 = ADVANCED_FACE ( 'NONE', ( #946 ), #1805, .T. ) ;
#4327 = VECTOR ( 'NONE', #1455, 1000.000000000000000 ) ;
#4328 = LINE ( 'NONE', #2950, #370 ) ;
#4329 = ORIENTED_EDGE ( 'NONE', *, *, #3258, .F. ) ;
#4330 = MECHANICAL_DESIGN_GEOMETRIC_PRESENTATION_REPRESENTATION (  '', ( #3576 ), #1982 ) ;
#4331 = VERTEX_POINT ( 'NONE', #398 ) ;
#4332 = CARTESIAN_POINT ( 'NONE',  ( -34.18604651162794283, 3.000000000000000000, -14.91860465116278789 ) ) ;
#4333 = VERTEX_POINT ( 'NONE', #4521 ) ;
#4334 = LINE ( 'NONE', #238, #5150 ) ;
#4335 =( NAMED_UNIT ( * ) PLANE_ANGLE_UNIT ( ) SI_UNIT ( $, .RADIAN. ) );
#4336 = CIRCLE ( 'NONE', #1162, 11.78635831963075731 ) ;
#4337 =( GEOMETRIC_REPRESENTATION_CONTEXT ( 3 ) GLOBAL_UNCERTAINTY_ASSIGNED_CONTEXT ( ( #992 ) ) GLOBAL_UNIT_ASSIGNED_CONTEXT ( ( #424, #413, #439 ) ) REPRESENTATION_CONTEXT ( 'NONE', 'WORKASPACE' ) );
#4338 = CARTESIAN_POINT ( 'NONE',  ( -31.18604651162795349, 0.000000000000000000, 9.852500080465273162E-15 ) ) ;
#4339 = DIRECTION ( 'NONE',  ( 0.000000000000000000, 0.000000000000000000, -1.000000000000000000 ) ) ;
#4340 = DIRECTION ( 'NONE',  ( -0.000000000000000000, 0.000000000000000000, 1.000000000000000000 ) ) ;
#4341 = EDGE_CURVE ( 'NONE', #809, #322, #858, .T. ) ;
#4342 = EDGE_LOOP ( 'NONE', ( #271, #3920, #4589, #3087 ) ) ;
#4343 = FACE_OUTER_BOUND ( 'NONE', #1550, .T. ) ;
#4344 = AXIS2_PLACEMENT_3D ( 'NONE', #1637, #4720, #4690 ) ;
#4345 = ORIENTED_EDGE ( 'NONE', *, *, #2669, .F. ) ;
#4346 =( NAMED_UNIT ( * ) SI_UNIT ( $, .STERADIAN. ) SOLID_ANGLE_UNIT ( ) );
#4347 = LINE ( 'NONE', #1681, #131 ) ;
#4348 = DIRECTION ( 'NONE',  ( 1.000000000000000000, 0.000000000000000000, -3.229980028825710504E-16 ) ) ;
#4349 = ORIENTED_EDGE ( 'NONE', *, *, #1063, .T. ) ;
#4350 = PRODUCT_DEFINITION_SHAPE ( 'NONE', 'NONE',  #3317 ) ;
#4351 = DIRECTION ( 'NONE',  ( 0.000000000000000000, 0.000000000000000000, -1.000000000000000000 ) ) ;
#4352 = VERTEX_POINT ( 'NONE', #4054 ) ;
#4353 = EDGE_LOOP ( 'NONE', ( #5281, #2222, #4349, #5279 ) ) ;
#4354 = DIRECTION ( 'NONE',  ( 1.000000000000000000, 0.000000000000000000, -0.000000000000000000 ) ) ;
#4355 = VERTEX_POINT ( 'NONE', #3607 ) ;
#4356 = APPLICATION_PROTOCOL_DEFINITION ( 'draft international standard', 'automotive_design', 1998, #5576 ) ;
#4357 = DIRECTION ( 'NONE',  ( -0.000000000000000000, -1.000000000000000000, -0.000000000000000000 ) ) ;
#4358 = ORIENTED_EDGE ( 'NONE', *, *, #3865, .T. ) ;
#4359 = ADVANCED_FACE ( 'NONE', ( #2652 ), #428, .F. ) ;
#4360 = EDGE_CURVE ( 'NONE', #3059, #2570, #3995, .T. ) ;
#4361 = VERTEX_POINT ( 'NONE', #3115 ) ;
#4362 = CARTESIAN_POINT ( 'NONE',  ( -24.03508771929831767, 2.000000000000000000, -14.18421052631578938 ) ) ;
#4363 = EDGE_LOOP ( 'NONE', ( #5371, #4159, #578, #667 ) ) ;
#4364 = DIRECTION ( 'NONE',  ( 0.000000000000000000, 0.000000000000000000, -1.000000000000000000 ) ) ;
#4365 = LINE ( 'NONE', #4447, #354 ) ;
#4366 = CARTESIAN_POINT ( 'NONE',  ( -144.7916666666666572, 361.5000000000000000, 0.4166666666666519747 ) ) ;
#4367 = DIRECTION ( 'NONE',  ( 0.3462977833308739095, 0.000000000000000000, -0.9381246427101909147 ) ) ;
#4368 = PRODUCT_RELATED_PRODUCT_CATEGORY ( 'part', '', ( #738 ) ) ;
#4369 = CARTESIAN_POINT ( 'NONE',  ( -209.6452344386283073, -605.5614547875786684, 493.0223796057843515 ) ) ;
#4370 = CARTESIAN_POINT ( 'NONE',  ( -6.055045871559629589, 119.5000000000000000, 24.72935779816513957 ) ) ;
#4371 = VECTOR ( 'NONE', #5039, 1000.000000000000000 ) ;
#4372 = VERTEX_POINT ( 'NONE', #4889 ) ;
#4373 = CYLINDRICAL_SURFACE ( 'NONE', #2803, 11.78635831963075731 ) ;
#4374 = DIRECTION ( 'NONE',  ( -0.000000000000000000, -8.260587980841940012E-17, 1.000000000000000000 ) ) ;
#4375 = EDGE_CURVE ( 'NONE', #5127, #2602, #891, .T. ) ;
#4376 = CARTESIAN_POINT ( 'NONE',  ( -31.18604651162795349, 25.00000000000000000, 0.08139534883721254166 ) ) ;
#4377 = CARTESIAN_POINT ( 'NONE',  ( -114.0350877192983177, 8.735625240436016625, 4.296801216458580961E-14 ) ) ;
#4378 = EDGE_CURVE ( 'NONE', #1465, #3345, #5341, .T. ) ;
#4379 = ORIENTED_EDGE ( 'NONE', *, *, #2887, .F. ) ;
#4380 = DIRECTION ( 'NONE',  ( -0.000000000000000000, -1.000000000000000000, -0.000000000000000000 ) ) ;
#4381 = ORIENTED_EDGE ( 'NONE', *, *, #3643, .T. ) ;
#4382 = PRODUCT_CONTEXT ( 'NONE', #3004, 'mechanical' ) ;
#4383 = EDGE_CURVE ( 'NONE', #1082, #150, #3839, .T. ) ;
#4384 =( LENGTH_UNIT ( ) NAMED_UNIT ( * ) SI_UNIT ( .MILLI., .METRE. ) );
#4385 = ORIENTED_EDGE ( 'NONE', *, *, #5700, .T. ) ;
#4386 = DIRECTION ( 'NONE',  ( 0.000000000000000000, -1.000000000000000000, 0.000000000000000000 ) ) ;
#4387 = ORIENTED_EDGE ( 'NONE', *, *, #388, .T. ) ;
#4388 = DIRECTION ( 'NONE',  ( -0.000000000000000000, -0.000000000000000000, -1.000000000000000000 ) ) ;
#4389 =( REPRESENTATION_RELATIONSHIP ('NONE','NONE', #4122, #1059 ) REPRESENTATION_RELATIONSHIP_WITH_TRANSFORMATION ( #1564 )SHAPE_REPRESENTATION_RELATIONSHIP( ) );
#4390 = LINE ( 'NONE', #2162, #3147 ) ;
#4391 = VECTOR ( 'NONE', #2114, 1000.000000000000000 ) ;
#4392 = CARTESIAN_POINT ( 'NONE',  ( -36.05504587155962781, 217.0000000000000000, 24.72935779816513957 ) ) ;
#4393 = FACE_BOUND ( 'NONE', #3329, .T. ) ;
#4394 = CARTESIAN_POINT ( 'NONE',  ( -0.6068355673354008939, -396.7619033937459676, 110.2645580429937979 ) ) ;
#4395 = AXIS2_PLACEMENT_3D ( 'NONE', #2044, #4642, #643 ) ;
#4396 = DIRECTION ( 'NONE',  ( -1.000000000000000000, 0.000000000000000000, 0.000000000000000000 ) ) ;
#4397 = DIRECTION ( 'NONE',  ( 0.000000000000000000, -0.000000000000000000, 1.000000000000000000 ) ) ;
#4398 = VECTOR ( 'NONE', #2578, 1000.000000000000000 ) ;
#4399 = LINE ( 'NONE', #3052, #941 ) ;
#4400 = CARTESIAN_POINT ( 'NONE',  ( -34.18604651162795705, 3.000000000000000000, -17.41860465116278789 ) ) ;
#4401 = VECTOR ( 'NONE', #1994, 1000.000000000000114 ) ;
#4402 = DIRECTION ( 'NONE',  ( 1.156482317317871478E-16, 0.000000000000000000, 1.000000000000000000 ) ) ;
#4403 = ORIENTED_EDGE ( 'NONE', *, *, #443, .F. ) ;
#4404 = ADVANCED_FACE ( 'NONE', ( #1501 ), #1532, .T. ) ;
#4405 = AXIS2_PLACEMENT_3D ( 'NONE', #3272, #4619, #4186 ) ;
#4406 = DIRECTION ( 'NONE',  ( -3.965082230804130713E-16, 0.000000000000000000, -1.000000000000000000 ) ) ;
#4407 = AXIS2_PLACEMENT_3D ( 'NONE', #1937, #3165, #1913 ) ;
#4408 = ORIENTED_EDGE ( 'NONE', *, *, #124, .T. ) ;
#4409 = DIRECTION ( 'NONE',  ( 0.000000000000000000, -1.000000000000000000, 0.000000000000000000 ) ) ;
#4410 = VERTEX_POINT ( 'NONE', #4141 ) ;
#4411 = SHAPE_DEFINITION_REPRESENTATION ( #3308, #2467 ) ;
#4412 = AXIS2_PLACEMENT_3D ( 'NONE', #5607, #1642, #1142 ) ;
#4413 = EDGE_CURVE ( 'NONE', #4372, #410, #5054, .T. ) ;
#4414 = SURFACE_SIDE_STYLE ('',( #1753 ) ) ;
#4415 = VERTEX_POINT ( 'NONE', #129 ) ;
#4416 = CARTESIAN_POINT ( 'NONE',  ( -450.8637873754153134, 3.652823920265783286, -4.499999999999998224 ) ) ;
#4417 = ORIENTED_EDGE ( 'NONE', *, *, #3064, .T. ) ;
#4418 = CARTESIAN_POINT ( 'NONE',  ( 16.64246399531115372, 116.5000000000000000, 38.80266127046505886 ) ) ;
#4419 = AXIS2_PLACEMENT_3D ( 'NONE', #2801, #2358, #142 ) ;
#4420 = CARTESIAN_POINT ( 'NONE',  ( -48.64705882352942012, 0.000000000000000000, -2.382352941176471450 ) ) ;
#4421 = AXIS2_PLACEMENT_3D ( 'NONE', #3030, #3401, #4803 ) ;
#4422 = CARTESIAN_POINT ( 'NONE',  ( -144.7916666666666572, 20.00000000000000000, -24.58333333333334991 ) ) ;
#4423 = DIRECTION ( 'NONE',  ( -0.3021763769752816575, 0.000000000000000000, 0.9532520323598017153 ) ) ;
#4424 = APPLICATION_CONTEXT ( 'automotive_design' ) ;
#4425 = CARTESIAN_POINT ( 'NONE',  ( -153.5218788573787378, -266.5930722249146925, 110.6812247096605688 ) ) ;
#4426 = AXIS2_PLACEMENT_3D ( 'NONE', #4432, #1802, #2852 ) ;
#4427 = FACE_OUTER_BOUND ( 'NONE', #748, .T. ) ;
#4428 = ORIENTED_EDGE ( 'NONE', *, *, #1965, .T. ) ;
#4429 = DIRECTION ( 'NONE',  ( -1.156482317317871725E-16, -0.000000000000000000, -1.000000000000000000 ) ) ;
#4430 = VECTOR ( 'NONE', #2092, 1000.000000000000000 ) ;
#4431 = LINE ( 'NONE', #1830, #1422 ) ;
#4432 = CARTESIAN_POINT ( 'NONE',  ( 0.000000000000000000, 0.000000000000000000, 0.000000000000000000 ) ) ;
#4433 = CARTESIAN_POINT ( 'NONE',  ( -6.055045871559632253, 116.5000000000000000, 7.002553481007294250E-16 ) ) ;
#4434 = ORIENTED_EDGE ( 'NONE', *, *, #4551, .F. ) ;
#4435 = ADVANCED_FACE ( 'NONE', ( #1939 ), #3309, .T. ) ;
#4436 = CYLINDRICAL_SURFACE ( 'NONE', #3677, 18.86810474738533472 ) ;
#4437 = ORIENTED_EDGE ( 'NONE', *, *, #2421, .T. ) ;
#4438 = CARTESIAN_POINT ( 'NONE',  ( -129.7916666666666288, 723.0000000000000000, -19.58333333333334991 ) ) ;
#4439 = EDGE_CURVE ( 'NONE', #77, #1757, #3696, .T. ) ;
#4440 = ORIENTED_EDGE ( 'NONE', *, *, #2813, .F. ) ;
#4441 = PRODUCT_CONTEXT ( 'NONE', #4196, 'mechanical' ) ;
#4442 = PRESENTATION_STYLE_ASSIGNMENT (( #1011 ) ) ;
#4443 = ORIENTED_EDGE ( 'NONE', *, *, #2326, .F. ) ;
#4444 = LINE ( 'NONE', #3043, #5407 ) ;
#4445 = EDGE_LOOP ( 'NONE', ( #391, #1236, #2005, #5349 ) ) ;
#4446 = DIRECTION ( 'NONE',  ( 1.614990014412855252E-16, 0.000000000000000000, 1.000000000000000000 ) ) ;
#4447 = CARTESIAN_POINT ( 'NONE',  ( -59.18604651162796415, 25.00000000000000000, -4.918604651162787889 ) ) ;
#4448 = DIRECTION ( 'NONE',  ( 0.000000000000000000, 0.000000000000000000, -1.000000000000000000 ) ) ;
#4449 = LINE ( 'NONE', #5270, #5224 ) ;
#4450 = ADVANCED_FACE ( 'NONE', ( #2876 ), #5025, .T. ) ;
#4451 = ORIENTED_EDGE ( 'NONE', *, *, #1393, .T. ) ;
#4452 = CARTESIAN_POINT ( 'NONE',  ( 58.09405940593999418, 71.99999999999991473, -259.7623762376240393 ) ) ;
#4453 = DIRECTION ( 'NONE',  ( 0.000000000000000000, -0.000000000000000000, -1.000000000000000000 ) ) ;
#4454 = ORIENTED_EDGE ( 'NONE', *, *, #5038, .F. ) ;
#4455 = EDGE_CURVE ( 'NONE', #1784, #4743, #5084, .T. ) ;
#4456 = CARTESIAN_POINT ( 'NONE',  ( -129.7916666666666288, 723.0000000000000000, -19.58333333333334991 ) ) ;
#4457 = ORIENTED_EDGE ( 'NONE', *, *, #744, .F. ) ;
#4458 = PLANE ( 'NONE',  #5669 ) ;
#4459 = FACE_OUTER_BOUND ( 'NONE', #3965, .T. ) ;
#4460 = SHAPE_REPRESENTATION_RELATIONSHIP ( 'NONE' , 'NONE' ,  #2514, #2404 ) ;
#4461 = CONTEXT_DEPENDENT_SHAPE_REPRESENTATION ( #1662, #4061 ) ;
#4462 = CIRCLE ( 'NONE', #4733, 10.50000000000000000 ) ;
#4463 = DIRECTION ( 'NONE',  ( 0.000000000000000000, 0.000000000000000000, 1.000000000000000000 ) ) ;
#4464 = DIRECTION ( 'NONE',  ( 1.000000000000000000, 0.000000000000000000, 0.000000000000000000 ) ) ;
#4465 = VECTOR ( 'NONE', #3018, 1000.000000000000000 ) ;
#4466 = EDGE_LOOP ( 'NONE', ( #530, #4779, #4556, #5390 ) ) ;
#4467 = PLANE ( 'NONE',  #3572 ) ;
#4468 = APPLICATION_PROTOCOL_DEFINITION ( 'draft international standard', 'automotive_design', 1998, #5468 ) ;
#4469 = DIRECTION ( 'NONE',  ( 0.000000000000000000, 0.000000000000000000, 1.000000000000000000 ) ) ;
#4470 = EDGE_LOOP ( 'NONE', ( #3843, #5075, #5287, #4182, #3417, #5532, #5356, #2579 ) ) ;
#4471 = ADVANCED_FACE ( 'NONE', ( #5422 ), #4546, .T. ) ;
#4472 = LINE ( 'NONE', #987, #2548 ) ;
#4473 = VERTEX_POINT ( 'NONE', #4981 ) ;
#4474 = PLANE ( 'NONE',  #2090 ) ;
#4475 = CARTESIAN_POINT ( 'NONE',  ( -34.53508771929832477, 12.49999999999999822, -14.18421052631578583 ) ) ;
#4476 = DIRECTION ( 'NONE',  ( -1.000000000000000000, 0.000000000000000000, 0.000000000000000000 ) ) ;
#4477 = EDGE_CURVE ( 'NONE', #957, #2570, #2822, .T. ) ;
#4478 = DIRECTION ( 'NONE',  ( -1.000000000000000000, 0.000000000000000000, 3.767964143663676271E-16 ) ) ;
#4479 = EDGE_LOOP ( 'NONE', ( #2718, #23, #700, #2147, #536, #1562 ) ) ;
#4480 = CARTESIAN_POINT ( 'NONE',  ( -34.18604651162794283, -0.000000000000000000, 15.08139534883721566 ) ) ;
#4481 = EDGE_CURVE ( 'NONE', #437, #5598, #5503, .T. ) ;
#4482 = AXIS2_PLACEMENT_3D ( 'NONE', #3966, #2647, #3077 ) ;
#4483 = EDGE_CURVE ( 'NONE', #967, #78, #3226, .T. ) ;
#4484 = CARTESIAN_POINT ( 'NONE',  ( -31.18604651162796060, 0.000000000000000000, -17.41860465116278789 ) ) ;
#4485 = CARTESIAN_POINT ( 'NONE',  ( 27.80019949141435731, 116.5000000000000000, 7.411773197461557494 ) ) ;
#4486 = FACE_OUTER_BOUND ( 'NONE', #5630, .T. ) ;
#4487 = CIRCLE ( 'NONE', #1221, 19.15855084771456518 ) ;
#4488 = CIRCLE ( 'NONE', #1685, 11.62970334961300978 ) ;
#4489 = AXIS2_PLACEMENT_3D ( 'NONE', #1848, #64, #3627 ) ;
#4490 = DIRECTION ( 'NONE',  ( -0.000000000000000000, 1.000000000000000000, 0.000000000000000000 ) ) ;
#4491 = LINE ( 'NONE', #5312, #4055 ) ;
#4492 = VECTOR ( 'NONE', #764, 1000.000000000000000 ) ;
#4493 = ORIENTED_EDGE ( 'NONE', *, *, #2052, .F. ) ;
#4494 = CARTESIAN_POINT ( 'NONE',  ( -149.7916666666666288, 20.00000000000000000, -19.58333333333334991 ) ) ;
#4495 = SHAPE_REPRESENTATION ( 'L2R', ( #974, #1726, #2472, #5155, #2662 ), #3681 ) ;
#4496 = AXIS2_PLACEMENT_3D ( 'NONE', #5586, #1648, #1211 ) ;
#4497 =( REPRESENTATION_RELATIONSHIP ('NONE','NONE', #4122, #2467 ) REPRESENTATION_RELATIONSHIP_WITH_TRANSFORMATION ( #3231 )SHAPE_REPRESENTATION_RELATIONSHIP( ) );
#4498 = VECTOR ( 'NONE', #2164, 1000.000000000000000 ) ;
#4499 = DIRECTION ( 'NONE',  ( -1.000000000000000000, 0.000000000000000000, -0.000000000000000000 ) ) ;
#4500 = ORIENTED_EDGE ( 'NONE', *, *, #4617, .T. ) ;
#4501 = DIRECTION ( 'NONE',  ( -0.000000000000000000, -1.000000000000000000, -0.000000000000000000 ) ) ;
#4502 = EDGE_CURVE ( 'NONE', #1635, #740, #3720, .T. ) ;
#4503 = ORIENTED_EDGE ( 'NONE', *, *, #5364, .T. ) ;
#4504 = AXIS2_PLACEMENT_3D ( 'NONE', #1112, #1608, #291 ) ;
#4505 = CARTESIAN_POINT ( 'NONE',  ( -10.04819277108434683, 260.0000000000000000, -5.367469879518071529 ) ) ;
#4506 = CARTESIAN_POINT ( 'NONE',  ( -31.18604651162795349, 34.01387818865997303, 15.08139534883721566 ) ) ;
#4507 = UNCERTAINTY_MEASURE_WITH_UNIT (LENGTH_MEASURE( 1.000000000000000082E-05 ), #1478, 'distance_accuracy_value', 'NONE');
#4508 = EDGE_CURVE ( 'NONE', #77, #3526, #4624, .T. ) ;
#4509 = CARTESIAN_POINT ( 'NONE',  ( 0.000000000000000000, 723.0000000000000000, 0.000000000000000000 ) ) ;
#4510 = VECTOR ( 'NONE', #717, 1000.000000000000000 ) ;
#4511 = CARTESIAN_POINT ( 'NONE',  ( -6.055045871559632253, 97.50000000000000000, 7.002553481007294250E-16 ) ) ;
#4512 = EDGE_LOOP ( 'NONE', ( #1924, #3727, #3711, #399 ) ) ;
#4513 = DIRECTION ( 'NONE',  ( -0.000000000000000000, -1.000000000000000000, -0.000000000000000000 ) ) ;
#4514 = CARTESIAN_POINT ( 'NONE',  ( -10.04819277108434683, 0.000000000000000000, -5.367469879518071529 ) ) ;
#4515 = DIRECTION ( 'NONE',  ( 0.000000000000000000, -0.000000000000000000, 1.000000000000000000 ) ) ;
#4516 = ORIENTED_EDGE ( 'NONE', *, *, #1991, .T. ) ;
#4517 = DIRECTION ( 'NONE',  ( -3.965082230804130713E-16, 0.000000000000000000, -1.000000000000000000 ) ) ;
#4518 = CIRCLE ( 'NONE', #2362, 5.000000000000001776 ) ;
#4519 = DIRECTION ( 'NONE',  ( 0.000000000000000000, 0.000000000000000000, 1.000000000000000000 ) ) ;
#4520 =( LENGTH_UNIT ( ) NAMED_UNIT ( * ) SI_UNIT ( .MILLI., .METRE. ) );
#4521 = CARTESIAN_POINT ( 'NONE',  ( -50.86378737541529205, 14.15282392026577973, -1.214306433183764966E-14 ) ) ;
#4522 = AXIS2_PLACEMENT_3D ( 'NONE', #4777, #739, #4351 ) ;
#4523 = EDGE_LOOP ( 'NONE', ( #3268, #1441 ) ) ;
#4524 = ORIENTED_EDGE ( 'NONE', *, *, #3456, .T. ) ;
#4525 = DIRECTION ( 'NONE',  ( 0.000000000000000000, 0.000000000000000000, -1.000000000000000000 ) ) ;
#4526 = ITEM_DEFINED_TRANSFORMATION ( 'NONE', 'NONE', #1733,  #2468 ) ;
#4527 = ADVANCED_FACE ( 'NONE', ( #2406 ), #100, .F. ) ;
#4528 = DIRECTION ( 'NONE',  ( 1.000000000000000000, -0.000000000000000000, -0.000000000000000000 ) ) ;
#4529 = LINE ( 'NONE', #3070, #3241 ) ;
#4530 = ORIENTED_EDGE ( 'NONE', *, *, #5117, .T. ) ;
#4531 = CARTESIAN_POINT ( 'NONE',  ( 0.000000000000000000, 97.50000000000000000, 0.000000000000000000 ) ) ;
#4532 = ORIENTED_EDGE ( 'NONE', *, *, #4865, .F. ) ;
#4533 = PLANE ( 'NONE',  #506 ) ;
#4534 = EDGE_CURVE ( 'NONE', #2979, #2359, #4645, .T. ) ;
#4535 = LINE ( 'NONE', #2782, #447 ) ;
#4536 = LINE ( 'NONE', #147, #3646 ) ;
#4537 = CYLINDRICAL_SURFACE ( 'NONE', #3280, 9.499999999999998224 ) ;
#4538 = ORIENTED_EDGE ( 'NONE', *, *, #5654, .F. ) ;
#4539 =( NAMED_UNIT ( * ) PLANE_ANGLE_UNIT ( ) SI_UNIT ( $, .RADIAN. ) );
#4540 = DIRECTION ( 'NONE',  ( 0.000000000000000000, 0.000000000000000000, -1.000000000000000000 ) ) ;
#4541 = CARTESIAN_POINT ( 'NONE',  ( 30.57150851985710815, 119.5000000000000000, 26.07524616010108431 ) ) ;
#4542 = ORIENTED_EDGE ( 'NONE', *, *, #3865, .F. ) ;
#4543 = LINE ( 'NONE', #2791, #2160 ) ;
#4544 = DIRECTION ( 'NONE',  ( 0.000000000000000000, 0.000000000000000000, 1.000000000000000000 ) ) ;
#4545 =( NAMED_UNIT ( * ) SI_UNIT ( $, .STERADIAN. ) SOLID_ANGLE_UNIT ( ) );
#4546 = CYLINDRICAL_SURFACE ( 'NONE', #3001, 18.86810474738533472 ) ;
#4547 = ORIENTED_EDGE ( 'NONE', *, *, #2485, .F. ) ;
#4548 = EDGE_LOOP ( 'NONE', ( #2033, #3300, #838, #814 ) ) ;
#4549 = FACE_OUTER_BOUND ( 'NONE', #1267, .T. ) ;
#4550 = CONTEXT_DEPENDENT_SHAPE_REPRESENTATION ( #2890, #1916 ) ;
#4551 = EDGE_CURVE ( 'NONE', #3485, #2323, #5396, .T. ) ;
#4552 = AXIS2_PLACEMENT_3D ( 'NONE', #3183, #5014, #2756 ) ;
#4553 =( NAMED_UNIT ( * ) PLANE_ANGLE_UNIT ( ) SI_UNIT ( $, .RADIAN. ) );
#4554 = ORIENTED_EDGE ( 'NONE', *, *, #5372, .T. ) ;
#4555 = CARTESIAN_POINT ( 'NONE',  ( -10.41550411477438054, 119.5000000000000000, 32.85697103408162434 ) ) ;
#4556 = ORIENTED_EDGE ( 'NONE', *, *, #4625, .F. ) ;
#4557 = ADVANCED_FACE ( 'NONE', ( #2771 ), #3338, .T. ) ;
#4558 = CARTESIAN_POINT ( 'NONE',  ( -53.86378737541530626, 3.652823920265784619, 14.49999999999999822 ) ) ;
#4559 = CARTESIAN_POINT ( 'NONE',  ( -6.055045871559633142, 119.5000000000000000, -5.270642201834860430 ) ) ;
#4560 = PRODUCT_DEFINITION_CONTEXT ( 'detailed design', #4313, 'design' ) ;
#4561 = CARTESIAN_POINT ( 'NONE',  ( -450.8637873754153134, 3.652823920265784619, 14.49999999999999822 ) ) ;
#4562 = LINE ( 'NONE', #3712, #4864 ) ;
#4563 = ORIENTED_EDGE ( 'NONE', *, *, #2918, .F. ) ;
#4564 = CARTESIAN_POINT ( 'NONE',  ( -24.03508771929831767, 3.515097569742478239E-15, -14.18421052631578938 ) ) ;
#4565 = PLANE ( 'NONE',  #4405 ) ;
#4566 = PRODUCT_DEFINITION_SHAPE ( 'NONE', 'NONE',  #5753 ) ;
#4567 = FACE_OUTER_BOUND ( 'NONE', #4466, .T. ) ;
#4568 = LINE ( 'NONE', #1469, #1508 ) ;
#4569 = DIRECTION ( 'NONE',  ( -3.441691376337985275E-15, 1.000000000000000000, 9.860761315262647568E-32 ) ) ;
#4570 = DIRECTION ( 'NONE',  ( 0.000000000000000000, -1.000000000000000000, -1.526149685610094588E-16 ) ) ;
#4571 = VECTOR ( 'NONE', #1629, 1000.000000000000000 ) ;
#4572 = ORIENTED_EDGE ( 'NONE', *, *, #1344, .T. ) ;
#4573 = VERTEX_POINT ( 'NONE', #245 ) ;
#4574 = VECTOR ( 'NONE', #1606, 1000.000000000000000 ) ;
#4575 = AXIS2_PLACEMENT_3D ( 'NONE', #4875, #1734, #818 ) ;
#4576 = ORIENTED_EDGE ( 'NONE', *, *, #2141, .T. ) ;
#4577 =( GEOMETRIC_REPRESENTATION_CONTEXT ( 3 ) GLOBAL_UNCERTAINTY_ASSIGNED_CONTEXT ( ( #4599 ) ) GLOBAL_UNIT_ASSIGNED_CONTEXT ( ( #4384, #749, #1315 ) ) REPRESENTATION_CONTEXT ( 'NONE', 'WORKASPACE' ) );
#4578 = VERTEX_POINT ( 'NONE', #4370 ) ;
#4579 = DIRECTION ( 'NONE',  ( 0.000000000000000000, -1.000000000000000000, 0.000000000000000000 ) ) ;
#4580 = ORIENTED_EDGE ( 'NONE', *, *, #3086, .F. ) ;
#4581 = AXIS2_PLACEMENT_3D ( 'NONE', #5192, #1247, #3361 ) ;
#4582 = EDGE_CURVE ( 'NONE', #3345, #1479, #3397, .T. ) ;
#4583 = CARTESIAN_POINT ( 'NONE',  ( -93.23762376237620231, 100.0000000000000000, -21.90594059405938410 ) ) ;
#4584 = AXIS2_PLACEMENT_3D ( 'NONE', #2663, #3859, #5605 ) ;
#4585 = LINE ( 'NONE', #965, #4849 ) ;
#4586 = COLOUR_RGB ( '',0.7921568627450980005, 0.8196078431372548767, 0.9333333333333333481 ) ;
#4587 = VERTEX_POINT ( 'NONE', #3453 ) ;
#4588 = DIRECTION ( 'NONE',  ( 1.000000000000000000, -0.000000000000000000, -3.469446951953613696E-16 ) ) ;
#4589 = ORIENTED_EDGE ( 'NONE', *, *, #3695, .T. ) ;
#4590 = AXIS2_PLACEMENT_3D ( 'NONE', #5363, #2403, #3718 ) ;
#4591 = DIRECTION ( 'NONE',  ( 0.000000000000000000, -1.000000000000000000, 0.000000000000000000 ) ) ;
#4592 = DIRECTION ( 'NONE',  ( 0.000000000000000000, 0.000000000000000000, 1.000000000000000000 ) ) ;
#4593 = VECTOR ( 'NONE', #4990, 1000.000000000000000 ) ;
#4594 = DIRECTION ( 'NONE',  ( 0.000000000000000000, 0.000000000000000000, 1.000000000000000000 ) ) ;
#4595 = CARTESIAN_POINT ( 'NONE',  ( 30.57150851985710815, 100.5000000000000000, 26.07524616010108431 ) ) ;
#4596 = VECTOR ( 'NONE', #4261, 1000.000000000000000 ) ;
#4597 = CARTESIAN_POINT ( 'NONE',  ( -64.03508771929831767, -5.630242860626484373E-16, 6.815789473684215061 ) ) ;
#4598 = ADVANCED_FACE ( 'NONE', ( #4252 ), #730, .F. ) ;
#4599 = UNCERTAINTY_MEASURE_WITH_UNIT (LENGTH_MEASURE( 1.000000000000000082E-05 ), #4384, 'distance_accuracy_value', 'NONE');
#4600 = ORIENTED_EDGE ( 'NONE', *, *, #5333, .T. ) ;
#4601 = MECHANICAL_DESIGN_GEOMETRIC_PRESENTATION_REPRESENTATION (  '', ( #1812 ), #5327 ) ;
#4602 = ORIENTED_EDGE ( 'NONE', *, *, #2084, .F. ) ;
#4603 = APPLICATION_CONTEXT ( 'automotive_design' ) ;
#4604 = AXIS2_PLACEMENT_3D ( 'NONE', #1785, #3475, #1669 ) ;
#4605 = EDGE_CURVE ( 'NONE', #5464, #3059, #678, .T. ) ;
#4606 = CARTESIAN_POINT ( 'NONE',  ( -10.16883116883118277, 217.0000000000000000, -6.876623376623382633 ) ) ;
#4607 = ORIENTED_EDGE ( 'NONE', *, *, #3334, .F. ) ;
#4608 = PLANE ( 'NONE',  #2451 ) ;
#4609 = ORIENTED_EDGE ( 'NONE', *, *, #752, .T. ) ;
#4610 = CARTESIAN_POINT ( 'NONE',  ( -76.23762376237618810, 0.000000000000000000, -21.90594059405938410 ) ) ;
#4611 = PRODUCT_DEFINITION_CONTEXT ( 'detailed design', #3484, 'design' ) ;
#4612 = AXIS2_PLACEMENT_3D ( 'NONE', #3824, #4325, #5119 ) ;
#4613 = CARTESIAN_POINT ( 'NONE',  ( -40.04819277108434505, 260.0000000000000000, 24.63253012048192403 ) ) ;
#4614 = VERTEX_POINT ( 'NONE', #3875 ) ;
#4615 = FACE_OUTER_BOUND ( 'NONE', #4083, .T. ) ;
#4616 = ORIENTED_EDGE ( 'NONE', *, *, #938, .T. ) ;
#4617 = EDGE_CURVE ( 'NONE', #4614, #5179, #3902, .T. ) ;
#4618 = LINE ( 'NONE', #1879, #4962 ) ;
#4619 = DIRECTION ( 'NONE',  ( -1.000000000000000000, 0.000000000000000000, 0.000000000000000000 ) ) ;
#4620 = ORIENTED_EDGE ( 'NONE', *, *, #2153, .F. ) ;
#4621 = EDGE_CURVE ( 'NONE', #1749, #2765, #1505, .T. ) ;
#4622 = CARTESIAN_POINT ( 'NONE',  ( -59.18604651162796415, 50.00000000000000000, 15.08139534883721566 ) ) ;
#4623 = CYLINDRICAL_SURFACE ( 'NONE', #4859, 5.000000000000000888 ) ;
#4624 = LINE ( 'NONE', #217, #481 ) ;
#4625 = EDGE_CURVE ( 'NONE', #3671, #3678, #4707, .T. ) ;
#4626 = ORIENTED_EDGE ( 'NONE', *, *, #4413, .F. ) ;
#4627 = VERTEX_POINT ( 'NONE', #3024 ) ;
#4628 = PLANE ( 'NONE',  #1619 ) ;
#4629 = CYLINDRICAL_SURFACE ( 'NONE', #5220, 5.000000000000000888 ) ;
#4630 = ORIENTED_EDGE ( 'NONE', *, *, #3196, .F. ) ;
#4631 = FACE_BOUND ( 'NONE', #290, .T. ) ;
#4632 = EDGE_LOOP ( 'NONE', ( #166, #3386, #3657, #3377 ) ) ;
#4633 = DIRECTION ( 'NONE',  ( -9.436895709313830594E-16, -5.951600106564454645E-17, 1.000000000000000000 ) ) ;
#4634 = DIRECTION ( 'NONE',  ( -3.229980028825710504E-16, 0.000000000000000000, -1.000000000000000000 ) ) ;
#4635 = SHAPE_REPRESENTATION ( 'Bar_5', ( #2468 ), #3584 ) ;
#4636 = DIRECTION ( 'NONE',  ( -1.000000000000000000, 0.000000000000000000, -0.000000000000000000 ) ) ;
#4637 = ORIENTED_EDGE ( 'NONE', *, *, #1876, .T. ) ;
#4638 = PLANE ( 'NONE',  #5046 ) ;
#4639 = VERTEX_POINT ( 'NONE', #4736 ) ;
#4640 = DIRECTION ( 'NONE',  ( 0.000000000000000000, 0.000000000000000000, -1.000000000000000000 ) ) ;
#4641 = EDGE_CURVE ( 'NONE', #1051, #809, #5640, .T. ) ;
#4642 = DIRECTION ( 'NONE',  ( -0.000000000000000000, -1.000000000000000000, -0.000000000000000000 ) ) ;
#4643 = CARTESIAN_POINT ( 'NONE',  ( -144.7916666666666572, 361.5000000000000000, -19.58333333333334991 ) ) ;
#4644 =( LENGTH_UNIT ( ) NAMED_UNIT ( * ) SI_UNIT ( .MILLI., .METRE. ) );
#4646 = ADVANCED_FACE ( 'NONE', ( #5222 ), #4799, .T. ) ;
#4645 = LINE ( 'NONE', #646, #4401 ) ;
#4647 = DIRECTION ( 'NONE',  ( 1.000000000000000000, 0.000000000000000000, -3.469446951953613696E-16 ) ) ;
#4648 = VERTEX_POINT ( 'NONE', #1155 ) ;
#4649 = PRESENTATION_STYLE_ASSIGNMENT (( #1159 ) ) ;
#4650 = FACE_OUTER_BOUND ( 'NONE', #286, .T. ) ;
#4651 = CIRCLE ( 'NONE', #5387, 4.999999999999976907 ) ;
#4652 = PRODUCT ( 'Assem1', 'Assem1', '', ( #255 ) ) ;
#4653 = DIRECTION ( 'NONE',  ( 0.000000000000000000, -0.000000000000000000, 1.000000000000000000 ) ) ;
#4654 = CARTESIAN_POINT ( 'NONE',  ( -40.04819277108434505, 260.0000000000000000, -5.367469879518071529 ) ) ;
#4655 = ORIENTED_EDGE ( 'NONE', *, *, #156, .T. ) ;
#4656 = CARTESIAN_POINT ( 'NONE',  ( -237.3333333333332860, 428.0000000000000000, -74.99999999999992895 ) ) ;
#4657 = ORIENTED_EDGE ( 'NONE', *, *, #3635, .T. ) ;
#4658 = DIRECTION ( 'NONE',  ( -1.000000000000000000, -1.069019389252810525E-16, 2.220446049250313081E-16 ) ) ;
#4659 = AXIS2_PLACEMENT_3D ( 'NONE', #794, #1761, #5638 ) ;
#4660 = FACE_OUTER_BOUND ( 'NONE', #2156, .T. ) ;
#4661 = ADVANCED_FACE ( 'NONE', ( #5617, #3840 ), #2020, .T. ) ;
#4662 = UNCERTAINTY_MEASURE_WITH_UNIT (LENGTH_MEASURE( 1.000000000000000082E-05 ), #3962, 'distance_accuracy_value', 'NONE');
#4663 = CARTESIAN_POINT ( 'NONE',  ( -56.18604651162795705, 25.00000000000000000, 5.081395348837211223 ) ) ;
#4664 = ORIENTED_EDGE ( 'NONE', *, *, #3362, .T. ) ;
#4665 = DIRECTION ( 'NONE',  ( -0.000000000000000000, -1.000000000000000000, -0.000000000000000000 ) ) ;
#4666 = VECTOR ( 'NONE', #3578, 1000.000000000000000 ) ;
#4667 = ORIENTED_EDGE ( 'NONE', *, *, #339, .F. ) ;
#4668 = DIRECTION ( 'NONE',  ( 0.000000000000000000, -1.000000000000000000, 0.000000000000000000 ) ) ;
#4669 = STYLED_ITEM ( 'NONE', ( #4442 ), #1171 ) ;
#4670 = DIRECTION ( 'NONE',  ( 0.000000000000000000, 0.000000000000000000, 1.000000000000000000 ) ) ;
#4671 = EDGE_CURVE ( 'NONE', #3217, #3249, #1790, .T. ) ;
#4672 = SURFACE_STYLE_USAGE ( .BOTH. , #2520 ) ;
#4673 = AXIS2_PLACEMENT_3D ( 'NONE', #242, #1670, #4272 ) ;
#4674 = CYLINDRICAL_SURFACE ( 'NONE', #3452, 17.50000000000000000 ) ;
#4675 = VECTOR ( 'NONE', #1165, 1000.000000000000000 ) ;
#4676 = CARTESIAN_POINT ( 'NONE',  ( -237.3333333333332860, 370.0000000000000000, -54.99999999999992184 ) ) ;
#4677 = CARTESIAN_POINT ( 'NONE',  ( 53.06003470678885492, 119.5000000000000000, 19.58649369804110307 ) ) ;
#4678 = CIRCLE ( 'NONE', #5495, 17.50000000000000000 ) ;
#4679 = ORIENTED_EDGE ( 'NONE', *, *, #1376, .F. ) ;
#4680 = AXIS2_PLACEMENT_3D ( 'NONE', #1817, #3126, #112 ) ;
#4681 = EDGE_LOOP ( 'NONE', ( #2064, #5699, #4142, #5572, #3042, #3555, #779 ) ) ;
#4682 = CARTESIAN_POINT ( 'NONE',  ( -31.18604651162795349, 34.01387818865997303, -14.91860465116278789 ) ) ;
#4683 = DIRECTION ( 'NONE',  ( -1.000000000000000000, 0.000000000000000000, 0.000000000000000000 ) ) ;
#4684 = EDGE_CURVE ( 'NONE', #3989, #448, #4766, .T. ) ;
#4685 = DIRECTION ( 'NONE',  ( 1.000000000000000000, -0.000000000000000000, -0.000000000000000000 ) ) ;
#4686 = ORIENTED_EDGE ( 'NONE', *, *, #5481, .F. ) ;
#4687 = CARTESIAN_POINT ( 'NONE',  ( -53.86378737541529205, 3.652823920265784619, 16.62970334961300978 ) ) ;
#4688 = ORIENTED_EDGE ( 'NONE', *, *, #1770, .T. ) ;
#4689 = VECTOR ( 'NONE', #701, 1000.000000000000000 ) ;
#4690 = DIRECTION ( 'NONE',  ( -0.2825356460572769346, 0.9592568001880401596, -6.363354518317782938E-17 ) ) ;
#4691 = DIRECTION ( 'NONE',  ( -0.000000000000000000, -0.000000000000000000, -1.000000000000000000 ) ) ;
#4692 = EDGE_CURVE ( 'NONE', #1231, #3999, #2469, .T. ) ;
#4693 = CIRCLE ( 'NONE', #4522, 5.000000000000001776 ) ;
#4694 = CARTESIAN_POINT ( 'NONE',  ( 27.80019949141435731, 116.5000000000000000, 7.411773197461557494 ) ) ;
#4695 = ORIENTED_EDGE ( 'NONE', *, *, #2111, .F. ) ;
#4696 = DIRECTION ( 'NONE',  ( -0.000000000000000000, -0.000000000000000000, -1.000000000000000000 ) ) ;
#4697 = EDGE_LOOP ( 'NONE', ( #48, #252, #5541, #1381 ) ) ;
#4698 = LINE ( 'NONE', #4729, #4689 ) ;
#4699 = EDGE_CURVE ( 'NONE', #3598, #3729, #361, .T. ) ;
#4700 =( NAMED_UNIT ( * ) PLANE_ANGLE_UNIT ( ) SI_UNIT ( $, .RADIAN. ) );
#4701 = EDGE_CURVE ( 'NONE', #2113, #564, #5528, .T. ) ;
#4702 = AXIS2_PLACEMENT_3D ( 'NONE', #5486, #1, #632 ) ;
#4703 = PLANE ( 'NONE',  #928 ) ;
#4704 = CARTESIAN_POINT ( 'NONE',  ( -36.05504587155962781, 0.000000000000000000, -5.270642201834860430 ) ) ;
#4705 = AXIS2_PLACEMENT_3D ( 'NONE', #3690, #1515, #4014 ) ;
#4706 = DIRECTION ( 'NONE',  ( 0.9999999999999996669, 2.185816670906331243E-33, 1.448299318179201361E-30 ) ) ;
#4707 = LINE ( 'NONE', #4677, #4123 ) ;
#4708 = PRODUCT_DEFINITION ( 'UNKNOWN', '', #2573, #117 ) ;
#4709 = ORIENTED_EDGE ( 'NONE', *, *, #3461, .F. ) ;
#4710 = CARTESIAN_POINT ( 'NONE',  ( -379.0350877192983603, 12.50000000000000000, -13.19848407423233994 ) ) ;
#4711 = ORIENTED_EDGE ( 'NONE', *, *, #3518, .F. ) ;
#4712 = ORIENTED_EDGE ( 'NONE', *, *, #5207, .F. ) ;
#4713 = LINE ( 'NONE', #4400, #26 ) ;
#4714 = ITEM_DEFINED_TRANSFORMATION ( 'NONE', 'NONE', #2761,  #1064 ) ;
#4715 = CARTESIAN_POINT ( 'NONE',  ( -6.055045871559633142, -0.000000000000000000, -5.270642201834860430 ) ) ;
#4716 = LINE ( 'NONE', #2568, #5243 ) ;
#4717 = ORIENTED_EDGE ( 'NONE', *, *, #3442, .T. ) ;
#4718 = CARTESIAN_POINT ( 'NONE',  ( -36.36378737541529205, 3.652823920265779734, 10.00000000000000000 ) ) ;
#4719 = ORIENTED_EDGE ( 'NONE', *, *, #4105, .F. ) ;
#4720 = DIRECTION ( 'NONE',  ( 3.676106463080793579E-17, -5.550884187377918864E-17, -1.000000000000000000 ) ) ;
#4721 = EDGE_CURVE ( 'NONE', #740, #2867, #2051, .T. ) ;
#4722 = FACE_OUTER_BOUND ( 'NONE', #1095, .T. ) ;
#4723 = ADVANCED_FACE ( 'NONE', ( #269 ), #3931, .F. ) ;
#4724 = UNCERTAINTY_MEASURE_WITH_UNIT (LENGTH_MEASURE( 1.000000000000000082E-05 ), #1527, 'distance_accuracy_value', 'NONE');
#4725 = CARTESIAN_POINT ( 'NONE',  ( -101.2376237623761881, 750.0000000000000000, -21.90594059405938410 ) ) ;
#4726 = ORIENTED_EDGE ( 'NONE', *, *, #4605, .F. ) ;
#4727 = FACE_OUTER_BOUND ( 'NONE', #522, .T. ) ;
#4728 = ORIENTED_EDGE ( 'NONE', *, *, #591, .F. ) ;
#4729 = CARTESIAN_POINT ( 'NONE',  ( -36.05504587155962781, 0.000000000000000000, -5.270642201834860430 ) ) ;
#4730 = ADVANCED_FACE ( 'NONE', ( #5272 ), #4822, .F. ) ;
#4731 = CARTESIAN_POINT ( 'NONE',  ( -149.7916666666666572, 361.5000000000000000, -24.58333333333334991 ) ) ;
#4732 = CARTESIAN_POINT ( 'NONE',  ( -149.7916666666667140, 703.0000000000000000, -19.58333333333334991 ) ) ;
#4733 = AXIS2_PLACEMENT_3D ( 'NONE', #4475, #1269, #5242 ) ;
#4734 = CARTESIAN_POINT ( 'NONE',  ( 0.000000000000000000, 119.5000000000000000, 0.000000000000000000 ) ) ;
#4735 = DIRECTION ( 'NONE',  ( 1.000000000000000000, 1.110223024625156540E-16, 7.289272119298277587E-17 ) ) ;
#4736 = CARTESIAN_POINT ( 'NONE',  ( 37.63175721595817436, 119.5000000000000000, 8.577867353333820333 ) ) ;
#4737 = DIRECTION ( 'NONE',  ( 0.000000000000000000, 0.000000000000000000, -1.000000000000000000 ) ) ;
#4738 = ADVANCED_FACE ( 'NONE', ( #4046 ), #882, .F. ) ;
#4739 = ORIENTED_EDGE ( 'NONE', *, *, #520, .F. ) ;
#4740 = ITEM_DEFINED_TRANSFORMATION ( 'NONE', 'NONE', #2286,  #2468 ) ;
#4741 = CARTESIAN_POINT ( 'NONE',  ( -101.2376237623761881, 0.000000000000000000, 30.09405940594061235 ) ) ;
#4742 = FACE_OUTER_BOUND ( 'NONE', #362, .T. ) ;
#4743 = VERTEX_POINT ( 'NONE', #390 ) ;
#4744 = ORIENTED_EDGE ( 'NONE', *, *, #72, .F. ) ;
#4745 = CARTESIAN_POINT ( 'NONE',  ( -31.18604651162795349, 25.00000000000000000, 0.08139534883721254166 ) ) ;
#4746 = EDGE_LOOP ( 'NONE', ( #1288, #4538 ) ) ;
#4747 = APPLICATION_PROTOCOL_DEFINITION ( 'draft international standard', 'automotive_design', 1998, #3519 ) ;
#4748 = LINE ( 'NONE', #1518, #1382 ) ;
#4749 = ORIENTED_EDGE ( 'NONE', *, *, #1775, .F. ) ;
#4750 = ORIENTED_EDGE ( 'NONE', *, *, #3701, .T. ) ;
#4751 = DIRECTION ( 'NONE',  ( 0.000000000000000000, 0.000000000000000000, 1.000000000000000000 ) ) ;
#4752 = AXIS2_PLACEMENT_3D ( 'NONE', #2818, #3693, #1828 ) ;
#4753 = PRODUCT_DEFINITION_SHAPE ( 'NONE', 'NONE',  #3939 ) ;
#4754 = ORIENTED_EDGE ( 'NONE', *, *, #2635, .T. ) ;
#4755 = CARTESIAN_POINT ( 'NONE',  ( 0.000000000000000000, 100.0000000000000000, 0.000000000000000000 ) ) ;
#4756 = ADVANCED_FACE ( 'NONE', ( #3571, #5334 ), #1741, .F. ) ;
#4757 = FACE_OUTER_BOUND ( 'NONE', #1175, .T. ) ;
#4758 = SURFACE_STYLE_FILL_AREA ( #3866 ) ;
#4759 = VECTOR ( 'NONE', #1575, 1000.000000000000000 ) ;
#4760 = AXIS2_PLACEMENT_3D ( 'NONE', #1445, #2290, #5443 ) ;
#4761 = CYLINDRICAL_SURFACE ( 'NONE', #3084, 17.50000000000000000 ) ;
#4762 = FACE_OUTER_BOUND ( 'NONE', #5456, .T. ) ;
#4763 = PRESENTATION_LAYER_ASSIGNMENT (  '', '', ( #3000 ) ) ;
#4764 =( NAMED_UNIT ( * ) PLANE_ANGLE_UNIT ( ) SI_UNIT ( $, .RADIAN. ) );
#4765 = AXIS2_PLACEMENT_3D ( 'NONE', #5165, #2083, #798 ) ;
#4766 = LINE ( 'NONE', #2589, #1229 ) ;
#4767 = ORIENTED_EDGE ( 'NONE', *, *, #2966, .T. ) ;
#4768 = CIRCLE ( 'NONE', #1139, 5.000000000000000888 ) ;
#4769 = ADVANCED_BREP_SHAPE_REPRESENTATION ( '', ( #4963, #2468 ), #5425 ) ;
#4770 = DIRECTION ( 'NONE',  ( 0.000000000000000000, 0.000000000000000000, -1.000000000000000000 ) ) ;
#4771 = ORIENTED_EDGE ( 'NONE', *, *, #518, .F. ) ;
#4772 = LINE ( 'NONE', #771, #4229 ) ;
#4773 = ADVANCED_FACE ( 'NONE', ( #2612 ), #3639, .T. ) ;
#4774 = CARTESIAN_POINT ( 'NONE',  ( 48.54132590923786950, 97.50000000000000000, 31.82772734221840594 ) ) ;
#4775 = ORIENTED_EDGE ( 'NONE', *, *, #4701, .F. ) ;
#4776 = EDGE_CURVE ( 'NONE', #4192, #3430, #1766, .T. ) ;
#4777 = CARTESIAN_POINT ( 'NONE',  ( -34.18604651162794994, 25.00000000000000000, 0.08139534883721373515 ) ) ;
#4778 = COLOUR_RGB ( '',0.7921568627450980005, 0.8196078431372548767, 0.9333333333333333481 ) ;
#4779 = ORIENTED_EDGE ( 'NONE', *, *, #2733, .F. ) ;
#4780 = ORIENTED_EDGE ( 'NONE', *, *, #1517, .T. ) ;
#4781 = DIRECTION ( 'NONE',  ( -0.9564360695764890785, 0.000000000000000000, -0.2919418517668840307 ) ) ;
#4782 = VERTEX_POINT ( 'NONE', #2220 ) ;
#4783 = PRESENTATION_LAYER_ASSIGNMENT (  '', '', ( #1812 ) ) ;
#4784 = DIRECTION ( 'NONE',  ( 0.000000000000000000, 1.526149685610094588E-16, -1.000000000000000000 ) ) ;
#4785 = ORIENTED_EDGE ( 'NONE', *, *, #586, .T. ) ;
#4786 = PRODUCT_RELATED_PRODUCT_CATEGORY ( 'part', '', ( #2478 ) ) ;
#4787 = CIRCLE ( 'NONE', #1528, 17.50000000000000000 ) ;
#4788 = ORIENTED_EDGE ( 'NONE', *, *, #3433, .F. ) ;
#4789 = CARTESIAN_POINT ( 'NONE',  ( -76.23762376237618810, 53.00000000000004974, -0.9059405940593530104 ) ) ;
#4790 = ORIENTED_EDGE ( 'NONE', *, *, #3061, .F. ) ;
#4791 = DIRECTION ( 'NONE',  ( -1.000000000000000000, 0.000000000000000000, 3.767964143663676271E-16 ) ) ;
#4792 =( REPRESENTATION_RELATIONSHIP ('NONE','NONE', #4122, #2467 ) REPRESENTATION_RELATIONSHIP_WITH_TRANSFORMATION ( #4062 )SHAPE_REPRESENTATION_RELATIONSHIP( ) );
#4793 = CARTESIAN_POINT ( 'NONE',  ( -159.7916666666666288, 0.000000000000000000, 0.4166666666666519747 ) ) ;
#4794 = VECTOR ( 'NONE', #4197, 1000.000000000000114 ) ;
#4795 = FACE_BOUND ( 'NONE', #2320, .T. ) ;
#4796 = CARTESIAN_POINT ( 'NONE',  ( -36.05504587155962781, 217.0000000000000000, -5.270642201834860430 ) ) ;
#4797 = EDGE_CURVE ( 'NONE', #2515, #691, #4015, .T. ) ;
#4798 = DIRECTION ( 'NONE',  ( -8.125883621358625511E-29, -1.066133187454553377E-28, 1.000000000000000000 ) ) ;
#4799 = CYLINDRICAL_SURFACE ( 'NONE', #4765, 18.86810474738533472 ) ;
#4800 = ADVANCED_FACE ( 'NONE', ( #5359 ), #4846, .T. ) ;
#4801 = CARTESIAN_POINT ( 'NONE',  ( -36.05504587155962781, 217.0000000000000000, 24.72935779816513957 ) ) ;
#4802 = CARTESIAN_POINT ( 'NONE',  ( -76.23762376237618810, 0.000000000000000000, 30.09405940594061235 ) ) ;
#4803 = DIRECTION ( 'NONE',  ( -0.9532520323598018264, 0.000000000000000000, -0.3021763769752814910 ) ) ;
#4804 = ADVANCED_FACE ( 'NONE', ( #4427 ), #3538, .F. ) ;
#4805 = CARTESIAN_POINT ( 'NONE',  ( -48.64705882352942012, 260.0000000000000000, -2.382352941176471450 ) ) ;
#4806 = DIRECTION ( 'NONE',  ( 0.000000000000000000, 0.000000000000000000, 1.000000000000000000 ) ) ;
#4807 = EDGE_LOOP ( 'NONE', ( #4403, #1258, #1955, #173, #3470, #5620, #3858 ) ) ;
#4808 = CARTESIAN_POINT ( 'NONE',  ( 30.57150851985710815, 116.5000000000000000, 26.07524616010108431 ) ) ;
#4809 = ORIENTED_EDGE ( 'NONE', *, *, #1701, .T. ) ;
#4810 = CARTESIAN_POINT ( 'NONE',  ( -101.2376237623761881, 750.0000000000000000, -21.90594059405938410 ) ) ;
#4811 = ORIENTED_EDGE ( 'NONE', *, *, #3339, .T. ) ;
#4812 = PLANE ( 'NONE',  #4223 ) ;
#4813 = ORIENTED_EDGE ( 'NONE', *, *, #5038, .T. ) ;
#4814 = DIRECTION ( 'NONE',  ( 0.000000000000000000, 0.000000000000000000, 1.000000000000000000 ) ) ;
#4815 =( NAMED_UNIT ( * ) SI_UNIT ( $, .STERADIAN. ) SOLID_ANGLE_UNIT ( ) );
#4816 = PLANE ( 'NONE',  #3998 ) ;
#4817 = ADVANCED_FACE ( 'NONE', ( #1330 ), #3075, .F. ) ;
#4818 = DIRECTION ( 'NONE',  ( 0.000000000000000000, 0.000000000000000000, -1.000000000000000000 ) ) ;
#4819 = DIRECTION ( 'NONE',  ( 0.000000000000000000, -1.000000000000000000, 0.000000000000000000 ) ) ;
#4820 =( LENGTH_UNIT ( ) NAMED_UNIT ( * ) SI_UNIT ( .MILLI., .METRE. ) );
#4821 = EDGE_CURVE ( 'NONE', #1599, #986, #2726, .T. ) ;
#4822 = PLANE ( 'NONE',  #2435 ) ;
#4823 = CARTESIAN_POINT ( 'NONE',  ( -144.7916666666666572, 20.00000000000000000, 0.4166666666666519747 ) ) ;
#4824 = DIRECTION ( 'NONE',  ( 0.000000000000000000, 0.000000000000000000, -1.000000000000000000 ) ) ;
#4825 = FACE_OUTER_BOUND ( 'NONE', #2093, .T. ) ;
#4826 = EDGE_CURVE ( 'NONE', #1764, #1657, #2166, .T. ) ;
#4827 = CONTEXT_DEPENDENT_SHAPE_REPRESENTATION ( #4057, #642 ) ;
#4828 = EDGE_CURVE ( 'NONE', #4355, #631, #3964, .T. ) ;
#4829 = CARTESIAN_POINT ( 'NONE',  ( -24.03508771929831767, 2.000000000000000000, 0.000000000000000000 ) ) ;
#4830 = DIRECTION ( 'NONE',  ( 1.156482317317871478E-16, 0.000000000000000000, 1.000000000000000000 ) ) ;
#4831 = ORIENTED_EDGE ( 'NONE', *, *, #3162, .T. ) ;
#4832 = FACE_OUTER_BOUND ( 'NONE', #5507, .T. ) ;
#4833 = EDGE_LOOP ( 'NONE', ( #3503, #2208, #4434, #4655 ) ) ;
#4834 = PRODUCT_CONTEXT ( 'NONE', #4424, 'mechanical' ) ;
#4835 = SURFACE_STYLE_USAGE ( .BOTH. , #3891 ) ;
#4836 = VERTEX_POINT ( 'NONE', #3161 ) ;
#4837 = PLANE ( 'NONE',  #856 ) ;
#4838 = ORIENTED_EDGE ( 'NONE', *, *, #5190, .T. ) ;
#4839 = CARTESIAN_POINT ( 'NONE',  ( 30.57150851985710815, 119.5000000000000000, 21.07524616010108431 ) ) ;
#4840 = CARTESIAN_POINT ( 'NONE',  ( -114.0350877192983319, 25.00000000000000000, -23.68421052631578760 ) ) ;
#4841 = CARTESIAN_POINT ( 'NONE',  ( -101.2376237623761881, 53.00000000000004974, 4.094059405940607910 ) ) ;
#4842 = DIRECTION ( 'NONE',  ( 0.000000000000000000, 1.000000000000000000, 0.000000000000000000 ) ) ;
#4843 = DIRECTION ( 'NONE',  ( -8.125883621358625511E-29, -1.066133187454553377E-28, 1.000000000000000000 ) ) ;
#4844 = EDGE_CURVE ( 'NONE', #1105, #2066, #4934, .T. ) ;
#4845 = AXIS2_PLACEMENT_3D ( 'NONE', #137, #4348, #4448 ) ;
#4846 = CYLINDRICAL_SURFACE ( 'NONE', #1603, 19.15855084771456518 ) ;
#4847 = ORIENTED_EDGE ( 'NONE', *, *, #4721, .T. ) ;
#4848 = DIRECTION ( 'NONE',  ( 0.000000000000000000, 0.000000000000000000, 1.000000000000000000 ) ) ;
#4849 = VECTOR ( 'NONE', #4156, 1000.000000000000000 ) ;
#4850 = CARTESIAN_POINT ( 'NONE',  ( -59.18604651162796415, 0.000000000000000000, 9.668752741182157251E-15 ) ) ;
#4851 = DIRECTION ( 'NONE',  ( 0.000000000000000000, -0.000000000000000000, 1.000000000000000000 ) ) ;
#4852 = VECTOR ( 'NONE', #4463, 1000.000000000000000 ) ;
#4853 = DIRECTION ( 'NONE',  ( 1.000000000000000000, 0.000000000000000000, 0.000000000000000000 ) ) ;
#4854 =( GEOMETRIC_REPRESENTATION_CONTEXT ( 3 ) GLOBAL_UNCERTAINTY_ASSIGNED_CONTEXT ( ( #3564 ) ) GLOBAL_UNIT_ASSIGNED_CONTEXT ( ( #1779, #2236, #1837 ) ) REPRESENTATION_CONTEXT ( 'NONE', 'WORKASPACE' ) );
#4855 = VERTEX_POINT ( 'NONE', #4514 ) ;
#4856 = SHAPE_REPRESENTATION ( 'Bar_1', ( #2468 ), #3122 ) ;
#4857 = AXIS2_PLACEMENT_3D ( 'NONE', #2340, #3660, #590 ) ;
#4858 = DIRECTION ( 'NONE',  ( 0.9532520323598017153, 0.000000000000000000, 0.3021763769752815465 ) ) ;
#4859 = AXIS2_PLACEMENT_3D ( 'NONE', #4595, #4138, #5391 ) ;
#4860 = VERTEX_POINT ( 'NONE', #2137 ) ;
#4861 = DIRECTION ( 'NONE',  ( 1.000000000000000000, 0.000000000000000000, 0.000000000000000000 ) ) ;
#4862 = EDGE_LOOP ( 'NONE', ( #5193, #3568, #2484, #5200 ) ) ;
#4863 = APPLICATION_PROTOCOL_DEFINITION ( 'draft international standard', 'automotive_design', 1998, #3597 ) ;
#4864 = VECTOR ( 'NONE', #553, 1000.000000000000000 ) ;
#4865 = EDGE_CURVE ( 'NONE', #5655, #4648, #2631, .T. ) ;
#4866 = FACE_OUTER_BOUND ( 'NONE', #463, .T. ) ;
#4867 = ORIENTED_EDGE ( 'NONE', *, *, #5526, .F. ) ;
#4868 = DIRECTION ( 'NONE',  ( 1.000000000000000000, -0.000000000000000000, -0.000000000000000000 ) ) ;
#4869 = EDGE_LOOP ( 'NONE', ( #5608, #3704, #1417, #1143 ) ) ;
#4870 = CARTESIAN_POINT ( 'NONE',  ( -18.64705882352942368, 260.0000000000000000, -2.382352941176471450 ) ) ;
#4871 = VECTOR ( 'NONE', #1433, 1000.000000000000000 ) ;
#4872 = ADVANCED_FACE ( 'NONE', ( #1053 ), #4134, .F. ) ;
#4873 = DIRECTION ( 'NONE',  ( 0.000000000000000000, 0.000000000000000000, 1.000000000000000000 ) ) ;
#4874 = AXIS2_PLACEMENT_3D ( 'NONE', #1335, #3605, #4519 ) ;
#4875 = CARTESIAN_POINT ( 'NONE',  ( -101.2376237623761881, 394.0000000000000000, 4.094059405940607910 ) ) ;
#4876 = CARTESIAN_POINT ( 'NONE',  ( 0.000000000000000000, 25.00000000000000000, 0.000000000000000000 ) ) ;
#4877 = ORIENTED_EDGE ( 'NONE', *, *, #1971, .F. ) ;
#4878 = AXIS2_PLACEMENT_3D ( 'NONE', #353, #4388, #1294 ) ;
#4879 = DIRECTION ( 'NONE',  ( -0.000000000000000000, -1.000000000000000000, -0.000000000000000000 ) ) ;
#4880 = PRODUCT_DEFINITION_SHAPE ( 'NONE', 'NONE',  #287 ) ;
#4881 = DIRECTION ( 'NONE',  ( 1.982541115402065110E-16, 0.000000000000000000, 1.000000000000000000 ) ) ;
#4882 = ORIENTED_EDGE ( 'NONE', *, *, #1903, .F. ) ;
#4883 = DIRECTION ( 'NONE',  ( -1.000000000000000000, 0.000000000000000000, -0.000000000000000000 ) ) ;
#4884 = AXIS2_PLACEMENT_3D ( 'NONE', #359, #1709, #2610 ) ;
#4885 = DIRECTION ( 'NONE',  ( 0.000000000000000000, 0.000000000000000000, 1.000000000000000000 ) ) ;
#4886 = MANIFOLD_SOLID_BREP ( 'Boss-Extrude1', #3725 ) ;
#4887 = CONTEXT_DEPENDENT_SHAPE_REPRESENTATION ( #3257, #1016 ) ;
#4888 = PRODUCT_DEFINITION ( 'UNKNOWN', '', #1270, #4264 ) ;
#4889 = CARTESIAN_POINT ( 'NONE',  ( -6.055045871559635806, 0.000000000000000000, 24.72935779816513957 ) ) ;
#4890 = AXIS2_PLACEMENT_3D ( 'NONE', #445, #1075, #2864 ) ;
#4891 = ADVANCED_FACE ( 'NONE', ( #4998 ), #1414, .F. ) ;
#4892 = DIRECTION ( 'NONE',  ( 0.000000000000000000, 0.000000000000000000, -1.000000000000000000 ) ) ;
#4893 = ORIENTED_EDGE ( 'NONE', *, *, #548, .F. ) ;
#4894 = CARTESIAN_POINT ( 'NONE',  ( -36.05504587155962781, 97.50000000000000000, 24.72935779816513957 ) ) ;
#4895 = APPLICATION_PROTOCOL_DEFINITION ( 'draft international standard', 'automotive_design', 1998, #427 ) ;
#4896 = ADVANCED_FACE ( 'NONE', ( #4971, #2316 ), #616, .F. ) ;
#4897 = ORIENTED_EDGE ( 'NONE', *, *, #28, .F. ) ;
#4898 = CARTESIAN_POINT ( 'NONE',  ( -56.18604651162795705, 0.000000000000000000, -14.91860465116278789 ) ) ;
#4899 = VERTEX_POINT ( 'NONE', #91 ) ;
#4900 = ADVANCED_FACE ( 'NONE', ( #2816 ), #4565, .F. ) ;
#4901 = ADVANCED_FACE ( 'NONE', ( #5466 ), #1880, .F. ) ;
#4902 = LINE ( 'NONE', #4840, #5636 ) ;
#4903 = UNCERTAINTY_MEASURE_WITH_UNIT (LENGTH_MEASURE( 1.000000000000000082E-05 ), #2441, 'distance_accuracy_value', 'NONE');
#4904 = DIRECTION ( 'NONE',  ( 1.000000000000000000, -0.000000000000000000, -0.000000000000000000 ) ) ;
#4905 = LINE ( 'NONE', #4011, #3658 ) ;
#4906 = ORIENTED_EDGE ( 'NONE', *, *, #2641, .T. ) ;
#4907 = DIRECTION ( 'NONE',  ( 1.000000000000000222, 2.138038778502395348E-16, 0.000000000000000000 ) ) ;
#4908 = DIRECTION ( 'NONE',  ( 1.000000000000000000, 0.000000000000000000, 0.000000000000000000 ) ) ;
#4909 = CARTESIAN_POINT ( 'NONE',  ( 47.96899016065052734, 100.5000000000000000, 33.37819140955770791 ) ) ;
#4910 = LINE ( 'NONE', #3604, #5305 ) ;
#4911 = FACE_OUTER_BOUND ( 'NONE', #1535, .T. ) ;
#4912 = DIRECTION ( 'NONE',  ( 0.000000000000000000, 0.000000000000000000, 1.000000000000000000 ) ) ;
#4913 = AXIS2_PLACEMENT_3D ( 'NONE', #5488, #4238, #5068 ) ;
#4914 = LINE ( 'NONE', #5278, #5487 ) ;
#4915 = EDGE_CURVE ( 'NONE', #4967, #1195, #152, .T. ) ;
#4916 = DIRECTION ( 'NONE',  ( -1.000000000000000000, -0.000000000000000000, -0.000000000000000000 ) ) ;
#4917 = EDGE_LOOP ( 'NONE', ( #628, #229, #5376, #4243 ) ) ;
#4918 = FILL_AREA_STYLE_COLOUR ( '', #2926 ) ;
#4919 = PRODUCT_CONTEXT ( 'NONE', #5286, 'mechanical' ) ;
#4920 = ADVANCED_FACE ( 'NONE', ( #508 ), #5416, .F. ) ;
#4921 = FACE_OUTER_BOUND ( 'NONE', #2386, .T. ) ;
#4922 = ORIENTED_EDGE ( 'NONE', *, *, #4821, .F. ) ;
#4923 = CARTESIAN_POINT ( 'NONE',  ( -18.64705882352942368, 260.0000000000000000, -2.382352941176471450 ) ) ;
#4924 = ORIENTED_EDGE ( 'NONE', *, *, #4582, .F. ) ;
#4925 = DIRECTION ( 'NONE',  ( -1.000000000000000000, -0.000000000000000000, 3.965082230804130220E-16 ) ) ;
#4926 = PRODUCT_DEFINITION_SHAPE ( 'NONE', 'NONE',  #5733 ) ;
#4927 = DIRECTION ( 'NONE',  ( 0.000000000000000000, -1.000000000000000000, 0.000000000000000000 ) ) ;
#4928 = AXIS2_PLACEMENT_3D ( 'NONE', #1107, #3857, #2891 ) ;
#4929 = LINE ( 'NONE', #929, #1497 ) ;
#4930 = CARTESIAN_POINT ( 'NONE',  ( -101.2376237623761881, 750.0000000000000000, 30.09405940594061235 ) ) ;
#4931 = EDGE_LOOP ( 'NONE', ( #444, #874, #4788, #5515 ) ) ;
#4932 = DIRECTION ( 'NONE',  ( 1.000000000000000222, 4.276077557005921725E-16, 5.551115123125782702E-17 ) ) ;
#4933 = LINE ( 'NONE', #1023, #3731 ) ;
#4934 = LINE ( 'NONE', #936, #2345 ) ;
#4935 = AXIS2_PLACEMENT_3D ( 'NONE', #5108, #2909, #4737 ) ;
#4936 = CARTESIAN_POINT ( 'NONE',  ( -56.18604651162795705, 25.00000000000000000, 5.081395348837211223 ) ) ;
#4937 = EDGE_LOOP ( 'NONE', ( #3536, #148, #3971, #5406 ) ) ;
#4938 = CARTESIAN_POINT ( 'NONE',  ( -31.18604651162795349, 0.000000000000000000, 9.852500080465273162E-15 ) ) ;
#4939 = CARTESIAN_POINT ( 'NONE',  ( 30.57150851985710815, 119.5000000000000000, 26.07524616010108431 ) ) ;
#4940 = VECTOR ( 'NONE', #4594, 1000.000000000000000 ) ;
#4941 = VECTOR ( 'NONE', #4257, 1000.000000000000000 ) ;
#4942 = CIRCLE ( 'NONE', #763, 5.000000000000000000 ) ;
#4943 = DIRECTION ( 'NONE',  ( -0.000000000000000000, -1.000000000000000000, -0.000000000000000000 ) ) ;
#4944 = STYLED_ITEM ( 'NONE', ( #2628 ), #1055 ) ;
#4945 = ORIENTED_EDGE ( 'NONE', *, *, #3581, .F. ) ;
#4946 = VECTOR ( 'NONE', #2851, 1000.000000000000000 ) ;
#4947 = ORIENTED_EDGE ( 'NONE', *, *, #3695, .F. ) ;
#4948 = SURFACE_STYLE_FILL_AREA ( #5427 ) ;
#4949 = EDGE_CURVE ( 'NONE', #3989, #1898, #1909, .T. ) ;
#4950 = STYLED_ITEM ( 'NONE', ( #4988 ), #1149 ) ;
#4951 = EDGE_CURVE ( 'NONE', #5370, #2753, #1467, .T. ) ;
#4952 = AXIS2_PLACEMENT_3D ( 'NONE', #2194, #5302, #5249 ) ;
#4953 = AXIS2_PLACEMENT_3D ( 'NONE', #1090, #4307, #5162 ) ;
#4954 = CARTESIAN_POINT ( 'NONE',  ( -53.86378737541530626, 3.652823920265783286, 5.000000000000000000 ) ) ;
#4955 = VERTEX_POINT ( 'NONE', #1957 ) ;
#4956 = LINE ( 'NONE', #5012, #3476 ) ;
#4957 = ORIENTED_EDGE ( 'NONE', *, *, #1655, .F. ) ;
#4958 = VECTOR ( 'NONE', #409, 1000.000000000000000 ) ;
#4959 = PLANE ( 'NONE',  #685 ) ;
#4960 = PRODUCT_RELATED_PRODUCT_CATEGORY ( 'part', '', ( #4652 ) ) ;
#4961 = FACE_OUTER_BOUND ( 'NONE', #4113, .T. ) ;
#4962 = VECTOR ( 'NONE', #4997, 1000.000000000000000 ) ;
#4963 = MANIFOLD_SOLID_BREP ( 'Boss-Extrude1', #5653 ) ;
#4964 = DIRECTION ( 'NONE',  ( 0.000000000000000000, 0.000000000000000000, 1.000000000000000000 ) ) ;
#4965 = AXIS2_PLACEMENT_3D ( 'NONE', #4202, #228, #2006 ) ;
#4966 = CARTESIAN_POINT ( 'NONE',  ( -379.0350877192983603, 12.50000000000000178, 5.830063021600955686 ) ) ;
#4967 = VERTEX_POINT ( 'NONE', #2901 ) ;
#4968 = ORIENTED_EDGE ( 'NONE', *, *, #627, .T. ) ;
#4969 = DIRECTION ( 'NONE',  ( 2.647798661114542423E-16, -1.000000000000000000, 1.510411147881876485E-16 ) ) ;
#4970 = LINE ( 'NONE', #3659, #491 ) ;
#4971 = FACE_BOUND ( 'NONE', #2423, .T. ) ;
#4972 = MECHANICAL_DESIGN_GEOMETRIC_PRESENTATION_REPRESENTATION (  '', ( #960 ), #5417 ) ;
#4973 = LINE ( 'NONE', #2789, #2235 ) ;
#4974 = ORIENTED_EDGE ( 'NONE', *, *, #3293, .T. ) ;
#4975 = DIRECTION ( 'NONE',  ( 1.000000000000000000, 0.000000000000000000, -3.229980028825710504E-16 ) ) ;
#4976 = CIRCLE ( 'NONE', #5332, 5.000000000000000888 ) ;
#4977 = DIRECTION ( 'NONE',  ( 0.000000000000000000, -0.000000000000000000, 1.000000000000000000 ) ) ;
#4978 = MANIFOLD_SOLID_BREP ( 'Cut-Extrude1', #2709 ) ;
#4979 = DIRECTION ( 'NONE',  ( -5.551115123125779621E-17, 0.9999999999999997780, 1.972152263052529514E-31 ) ) ;
#4980 = ADVANCED_FACE ( 'NONE', ( #5496 ), #5215, .F. ) ;
#4981 = CARTESIAN_POINT ( 'NONE',  ( 37.63175721595817436, 116.5000000000000000, 8.577867353333820333 ) ) ;
#4982 = CIRCLE ( 'NONE', #2465, 17.50000000000000000 ) ;
#4983 = EDGE_LOOP ( 'NONE', ( #541, #1624 ) ) ;
#4984 = ORIENTED_EDGE ( 'NONE', *, *, #3393, .F. ) ;
#4985 = EDGE_CURVE ( 'NONE', #1291, #2839, #329, .T. ) ;
#4986 = ITEM_DEFINED_TRANSFORMATION ( 'NONE', 'NONE', #793,  #2468 ) ;
#4987 =( GEOMETRIC_REPRESENTATION_CONTEXT ( 3 ) GLOBAL_UNCERTAINTY_ASSIGNED_CONTEXT ( ( #2807 ) ) GLOBAL_UNIT_ASSIGNED_CONTEXT ( ( #1449, #2346, #1915 ) ) REPRESENTATION_CONTEXT ( 'NONE', 'WORKASPACE' ) );
#4988 = PRESENTATION_STYLE_ASSIGNMENT (( #956 ) ) ;
#4989 = ORIENTED_EDGE ( 'NONE', *, *, #39, .F. ) ;
#4990 = DIRECTION ( 'NONE',  ( 0.000000000000000000, 1.000000000000000000, 0.000000000000000000 ) ) ;
#4991 = ORIENTED_EDGE ( 'NONE', *, *, #1547, .T. ) ;
#4992 = DIRECTION ( 'NONE',  ( 0.000000000000000000, -0.000000000000000000, 1.000000000000000000 ) ) ;
#4993 = CARTESIAN_POINT ( 'NONE',  ( -40.04819277108434505, 0.000000000000000000, 24.63253012048192403 ) ) ;
#4994 = DIRECTION ( 'NONE',  ( -0.000000000000000000, -0.000000000000000000, -1.000000000000000000 ) ) ;
#4995 = DIRECTION ( 'NONE',  ( -1.000000000000000000, 0.000000000000000000, 0.000000000000000000 ) ) ;
#4996 = ORIENTED_EDGE ( 'NONE', *, *, #489, .F. ) ;
#4997 = DIRECTION ( 'NONE',  ( -0.000000000000000000, -1.000000000000000000, -0.000000000000000000 ) ) ;
#4998 = FACE_OUTER_BOUND ( 'NONE', #2265, .T. ) ;
#4999 = LINE ( 'NONE', #5389, #1494 ) ;
#5000 = ORIENTED_EDGE ( 'NONE', *, *, #2984, .F. ) ;
#5001 = DIRECTION ( 'NONE',  ( 1.000000000000000000, 0.000000000000000000, 0.000000000000000000 ) ) ;
#5002 = MANIFOLD_SOLID_BREP ( 'Cut-Extrude1', #558 ) ;
#5003 = EDGE_CURVE ( 'NONE', #691, #1265, #4275, .T. ) ;
#5004 = DIRECTION ( 'NONE',  ( 1.000000000000000000, 0.000000000000000000, 0.000000000000000000 ) ) ;
#5005 = ORIENTED_EDGE ( 'NONE', *, *, #1510, .T. ) ;
#5006 = ORIENTED_EDGE ( 'NONE', *, *, #5671, .T. ) ;
#5007 = EDGE_CURVE ( 'NONE', #5464, #4316, #4462, .T. ) ;
#5008 = APPLICATION_CONTEXT ( 'automotive_design' ) ;
#5009 = CONTEXT_DEPENDENT_SHAPE_REPRESENTATION ( #2108, #1119 ) ;
#5010 = FILL_AREA_STYLE ('',( #898 ) ) ;
#5011 = ORIENTED_EDGE ( 'NONE', *, *, #1808, .T. ) ;
#5012 = CARTESIAN_POINT ( 'NONE',  ( -6.055045871559633142, 119.5000000000000000, -5.270642201834860430 ) ) ;
#5013 = ORIENTED_EDGE ( 'NONE', *, *, #2655, .T. ) ;
#5014 = DIRECTION ( 'NONE',  ( 0.000000000000000000, -1.000000000000000000, 0.000000000000000000 ) ) ;
#5015 = DIRECTION ( 'NONE',  ( 1.000000000000000000, 0.000000000000000000, 0.000000000000000000 ) ) ;
#5016 = PLANE ( 'NONE',  #486 ) ;
#5017 = ORIENTED_EDGE ( 'NONE', *, *, #3742, .F. ) ;
#5018 = DIRECTION ( 'NONE',  ( -0.000000000000000000, -1.000000000000000000, -0.000000000000000000 ) ) ;
#5019 = PRODUCT_DEFINITION_SHAPE ( 'NONE', 'NONE',  #5748 ) ;
#5020 = CARTESIAN_POINT ( 'NONE',  ( -56.18604651162795705, 3.000000000000000000, -17.41860465116279144 ) ) ;
#5021 = LINE ( 'NONE', #1181, #2070 ) ;
#5022 = EDGE_CURVE ( 'NONE', #2970, #4262, #4529, .T. ) ;
#5023 = DIRECTION ( 'NONE',  ( 0.9999999999999998890, 2.185888876940041013E-33, -8.125883621358625511E-29 ) ) ;
#5024 = PRODUCT_DEFINITION_SHAPE ( 'NONE', 'NONE',  #5722 ) ;
#5025 = CYLINDRICAL_SURFACE ( 'NONE', #2906, 17.50000000000000000 ) ;
#5026 = EDGE_CURVE ( 'NONE', #3234, #1599, #4365, .T. ) ;
#5027 = ORIENTED_EDGE ( 'NONE', *, *, #4671, .F. ) ;
#5028 = ORIENTED_EDGE ( 'NONE', *, *, #2102, .T. ) ;
#5029 = FACE_BOUND ( 'NONE', #4746, .T. ) ;
#5030 = ITEM_DEFINED_TRANSFORMATION ( 'NONE', 'NONE', #2182,  #2468 ) ;
#5031 = VECTOR ( 'NONE', #4294, 1000.000000000000000 ) ;
#5032 = CYLINDRICAL_SURFACE ( 'NONE', #1885, 5.000000000000000000 ) ;
#5033 = COLOUR_RGB ( '',0.7921568627450980005, 0.8196078431372548767, 0.9333333333333333481 ) ;
#5034 = EDGE_LOOP ( 'NONE', ( #2960, #5493, #45, #2812 ) ) ;
#5035 = FACE_BOUND ( 'NONE', #1032, .T. ) ;
#5036 = ORIENTED_EDGE ( 'NONE', *, *, #4304, .T. ) ;
#5037 = AXIS2_PLACEMENT_3D ( 'NONE', #1005, #1918, #2348 ) ;
#5038 = EDGE_CURVE ( 'NONE', #1666, #410, #817, .T. ) ;
#5039 = DIRECTION ( 'NONE',  ( -1.000000000000000000, -0.000000000000000000, -0.000000000000000000 ) ) ;
#5040 = AXIS2_PLACEMENT_3D ( 'NONE', #1496, #561, #2293 ) ;
#5041 = CARTESIAN_POINT ( 'NONE',  ( 47.96899016065052734, 119.5000000000000000, 33.37819140955770791 ) ) ;
#5042 =( GEOMETRIC_REPRESENTATION_CONTEXT ( 3 ) GLOBAL_UNCERTAINTY_ASSIGNED_CONTEXT ( ( #1108 ) ) GLOBAL_UNIT_ASSIGNED_CONTEXT ( ( #2494, #4335, #1556 ) ) REPRESENTATION_CONTEXT ( 'NONE', 'WORKASPACE' ) );
#5043 = VERTEX_POINT ( 'NONE', #792 ) ;
#5044 = CARTESIAN_POINT ( 'NONE',  ( -31.36378737541529205, 14.15282392026577973, 0.000000000000000000 ) ) ;
#5045 = ORIENTED_EDGE ( 'NONE', *, *, #1554, .T. ) ;
#5046 = AXIS2_PLACEMENT_3D ( 'NONE', #1081, #637, #2953 ) ;
#5047 = EDGE_CURVE ( 'NONE', #5179, #2529, #4902, .T. ) ;
#5048 = PLANE ( 'NONE',  #4489 ) ;
#5049 = VECTOR ( 'NONE', #5259, 1000.000000000000000 ) ;
#5050 = CARTESIAN_POINT ( 'NONE',  ( 0.000000000000000000, 217.0000000000000000, 0.000000000000000000 ) ) ;
#5051 = LINE ( 'NONE', #1057, #1703 ) ;
#5052 = DIRECTION ( 'NONE',  ( -2.775557561562891351E-16, 1.000000000000000000, 4.203149510630703526E-30 ) ) ;
#5053 = AXIS2_PLACEMENT_3D ( 'NONE', #4808, #4409, #456 ) ;
#5054 = LINE ( 'NONE', #3668, #2625 ) ;
#5055 = ORIENTED_EDGE ( 'NONE', *, *, #3581, .T. ) ;
#5056 = ORIENTED_EDGE ( 'NONE', *, *, #1273, .F. ) ;
#5057 = LINE ( 'NONE', #2912, #1054 ) ;
#5058 = CONTEXT_DEPENDENT_SHAPE_REPRESENTATION ( #2964, #1537 ) ;
#5059 = AXIS2_PLACEMENT_3D ( 'NONE', #2199, #5340, #4977 ) ;
#5060 = EDGE_CURVE ( 'NONE', #5370, #1666, #3128, .T. ) ;
#5061 = SURFACE_STYLE_USAGE ( .BOTH. , #2883 ) ;
#5062 = ORIENTED_EDGE ( 'NONE', *, *, #560, .T. ) ;
#5063 = FACE_BOUND ( 'NONE', #5258, .T. ) ;
#5064 = ORIENTED_EDGE ( 'NONE', *, *, #1121, .T. ) ;
#5065 = DIRECTION ( 'NONE',  ( 1.829640344671177678E-28, -1.000000000000000000, 5.551115145582927041E-17 ) ) ;
#5066 = EDGE_CURVE ( 'NONE', #4627, #1465, #1821, .T. ) ;
#5067 = PRODUCT_DEFINITION_SHAPE ( 'NONE', 'NONE',  #5741 ) ;
#5068 = DIRECTION ( 'NONE',  ( 0.000000000000000000, -0.000000000000000000, 1.000000000000000000 ) ) ;
#5069 = PRODUCT_DEFINITION_CONTEXT ( 'detailed design', #3597, 'design' ) ;
#5070 = PRODUCT_DEFINITION_FORMATION_WITH_SPECIFIED_SOURCE ( 'ANY', '', #5521, .NOT_KNOWN. ) ;
#5071 = CARTESIAN_POINT ( 'NONE',  ( -31.18604651162794639, 25.00000000000000000, 17.58139534883721566 ) ) ;
#5072 = EDGE_LOOP ( 'NONE', ( #1096, #2382, #3446, #2962 ) ) ;
#5073 = CARTESIAN_POINT ( 'NONE',  ( -84.77053187294963266, 75.00000000000001421, -3.684210526315786272 ) ) ;
#5074 = PRODUCT ( 'Pivot_Joint', 'Pivot_Joint', '', ( #3527 ) ) ;
#5075 = ORIENTED_EDGE ( 'NONE', *, *, #2564, .F. ) ;
#5076 = CARTESIAN_POINT ( 'NONE',  ( -50.86378737541529205, 0.000000000000000000, 0.000000000000000000 ) ) ;
#5077 = EDGE_CURVE ( 'NONE', #2529, #1930, #3046, .T. ) ;
#5078 = ORIENTED_EDGE ( 'NONE', *, *, #3461, .T. ) ;
#5079 =( LENGTH_UNIT ( ) NAMED_UNIT ( * ) SI_UNIT ( .MILLI., .METRE. ) );
#5080 = FACE_OUTER_BOUND ( 'NONE', #3227, .T. ) ;
#5081 =( REPRESENTATION_RELATIONSHIP ('NONE','NONE', #4122, #3505 ) REPRESENTATION_RELATIONSHIP_WITH_TRANSFORMATION ( #4115 )SHAPE_REPRESENTATION_RELATIONSHIP( ) );
#5082 = DIRECTION ( 'NONE',  ( -0.000000000000000000, 0.000000000000000000, 1.000000000000000000 ) ) ;
#5083 =( NAMED_UNIT ( * ) SI_UNIT ( $, .STERADIAN. ) SOLID_ANGLE_UNIT ( ) );
#5084 = LINE ( 'NONE', #186, #2341 ) ;
#5085 = VERTEX_POINT ( 'NONE', #2695 ) ;
#5086 = ORIENTED_EDGE ( 'NONE', *, *, #982, .T. ) ;
#5087 = SURFACE_STYLE_FILL_AREA ( #3315 ) ;
#5088 = DIRECTION ( 'NONE',  ( 1.000000000000000000, 0.000000000000000000, -3.469446951953614189E-16 ) ) ;
#5089 = ORIENTED_EDGE ( 'NONE', *, *, #2606, .F. ) ;
#5090 = CARTESIAN_POINT ( 'NONE',  ( -159.7916666666666288, 0.000000000000000000, -19.58333333333334991 ) ) ;
#5091 = FACE_OUTER_BOUND ( 'NONE', #4917, .T. ) ;
#5092 = EDGE_LOOP ( 'NONE', ( #515, #4241, #4580, #4576 ) ) ;
#5093 = FACE_BOUND ( 'NONE', #1002, .T. ) ;
#5094 = EDGE_CURVE ( 'NONE', #5598, #1481, #3593, .T. ) ;
#5095 = EDGE_LOOP ( 'NONE', ( #5485, #3177, #3761, #4295 ) ) ;
#5096 = AXIS2_PLACEMENT_3D ( 'NONE', #4069, #1927, #2332 ) ;
#5097 = PLANE ( 'NONE',  #4928 ) ;
#5098 = DIRECTION ( 'NONE',  ( 1.000000000000000000, 0.000000000000000000, 0.000000000000000000 ) ) ;
#5099 = ORIENTED_EDGE ( 'NONE', *, *, #335, .F. ) ;
#5100 = FACE_BOUND ( 'NONE', #5234, .T. ) ;
#5101 = ORIENTED_EDGE ( 'NONE', *, *, #3080, .T. ) ;
#5102 = LINE ( 'NONE', #1083, #3291 ) ;
#5103 = SURFACE_STYLE_FILL_AREA ( #2042 ) ;
#5104 = DIRECTION ( 'NONE',  ( 0.000000000000000000, 1.000000000000000000, 0.000000000000000000 ) ) ;
#5105 = CARTESIAN_POINT ( 'NONE',  ( -31.36378737541529205, -6.847176079734221155, 0.000000000000000000 ) ) ;
#5106 =( NAMED_UNIT ( * ) SI_UNIT ( $, .STERADIAN. ) SOLID_ANGLE_UNIT ( ) );
#5107 = DIRECTION ( 'NONE',  ( 1.000000000000000000, 0.000000000000000000, -0.000000000000000000 ) ) ;
#5108 = CARTESIAN_POINT ( 'NONE',  ( 30.57150851985710815, 97.50000000000000000, 26.07524616010108431 ) ) ;
#5109 = EDGE_LOOP ( 'NONE', ( #2973, #1650, #2123, #932 ) ) ;
#5110 =( LENGTH_UNIT ( ) NAMED_UNIT ( * ) SI_UNIT ( .MILLI., .METRE. ) );
#5111 = EDGE_CURVE ( 'NONE', #5237, #607, #1786, .T. ) ;
#5112 = DIRECTION ( 'NONE',  ( -0.000000000000000000, -1.000000000000000000, -0.000000000000000000 ) ) ;
#5113 = CARTESIAN_POINT ( 'NONE',  ( -53.86378737541529205, 3.652823920265783286, -6.629703349613010666 ) ) ;
#5114 = ADVANCED_FACE ( 'NONE', ( #3478 ), #4816, .F. ) ;
#5115 = ORIENTED_EDGE ( 'NONE', *, *, #130, .T. ) ;
#5116 = DIRECTION ( 'NONE',  ( 0.000000000000000000, 0.000000000000000000, 1.000000000000000000 ) ) ;
#5117 = EDGE_CURVE ( 'NONE', #1034, #2979, #4390, .T. ) ;
#5118 = ORIENTED_EDGE ( 'NONE', *, *, #2641, .F. ) ;
#5119 = DIRECTION ( 'NONE',  ( 0.2796073883706060581, 0.9601144246226950285, -4.301809376780352317E-17 ) ) ;
#5120 = LINE ( 'NONE', #3348, #1656 ) ;
#5121 = PRODUCT_DEFINITION_CONTEXT ( 'detailed design', #1325, 'design' ) ;
#5122 = MECHANICAL_DESIGN_GEOMETRIC_PRESENTATION_REPRESENTATION (  '', ( #4944 ), #3176 ) ;
#5123 = CARTESIAN_POINT ( 'NONE',  ( 0.000000000000000000, 119.5000000000000000, 24.72935779816513957 ) ) ;
#5124 = ORIENTED_EDGE ( 'NONE', *, *, #586, .F. ) ;
#5125 = CARTESIAN_POINT ( 'NONE',  ( -31.36378737541529205, 3.652823920265779734, 0.000000000000000000 ) ) ;
#5126 = AXIS2_PLACEMENT_3D ( 'NONE', #1030, #5447, #3250 ) ;
#5127 = VERTEX_POINT ( 'NONE', #3957 ) ;
#5128 = CARTESIAN_POINT ( 'NONE',  ( -56.18604651162795705, 25.00000000000000000, 0.08139534883721132041 ) ) ;
#5129 = PRODUCT_RELATED_PRODUCT_CATEGORY ( 'part', '', ( #2049 ) ) ;
#5130 = AXIS2_PLACEMENT_3D ( 'NONE', #3318, #195, #657 ) ;
#5131 = PRESENTATION_LAYER_ASSIGNMENT (  '', '', ( #573 ) ) ;
#5132 = CARTESIAN_POINT ( 'NONE',  ( 0.9653201337671061255, 97.50000000000000000, -3.045219446345411196 ) ) ;
#5133 = VECTOR ( 'NONE', #1298, 1000.000000000000000 ) ;
#5134 = DIRECTION ( 'NONE',  ( 1.000000000000000000, 0.000000000000000000, 0.000000000000000000 ) ) ;
#5135 = DIRECTION ( 'NONE',  ( 1.000000000000000000, 0.000000000000000000, 0.000000000000000000 ) ) ;
#5136 = DIRECTION ( 'NONE',  ( 0.3462977833308739095, 0.000000000000000000, -0.9381246427101909147 ) ) ;
#5137 = CIRCLE ( 'NONE', #115, 11.62970334961300978 ) ;
#5138 = ORIENTED_EDGE ( 'NONE', *, *, #3643, .F. ) ;
#5139 = AXIS2_PLACEMENT_3D ( 'NONE', #690, #3346, #1041 ) ;
#5140 = ORIENTED_EDGE ( 'NONE', *, *, #1348, .F. ) ;
#5141 = ADVANCED_FACE ( 'NONE', ( #1704, #2243 ), #1760, .T. ) ;
#5142 = CARTESIAN_POINT ( 'NONE',  ( -59.18604651162796415, 0.000000000000000000, -14.91860465116278789 ) ) ;
#5143 = CYLINDRICAL_SURFACE ( 'NONE', #1058, 5.000000000000000000 ) ;
#5144 = EDGE_CURVE ( 'NONE', #2050, #3999, #1732, .T. ) ;
#5145 = ORIENTED_EDGE ( 'NONE', *, *, #1393, .F. ) ;
#5146 = DIRECTION ( 'NONE',  ( 0.000000000000000000, 0.000000000000000000, -1.000000000000000000 ) ) ;
#5147 = VERTEX_POINT ( 'NONE', #3508 ) ;
#5148 = CARTESIAN_POINT ( 'NONE',  ( -237.3333333333332860, 0.000000000000000000, -74.99999999999992895 ) ) ;
#5149 = VERTEX_POINT ( 'NONE', #4420 ) ;
#5150 = VECTOR ( 'NONE', #2898, 1000.000000000000000 ) ;
#5151 = DIRECTION ( 'NONE',  ( -3.676106462576686192E-17, 5.550884187942332818E-17, 1.000000000000000000 ) ) ;
#5152 = LINE ( 'NONE', #2098, #3826 ) ;
#5153 = VECTOR ( 'NONE', #4830, 1000.000000000000000 ) ;
#5154 = LINE ( 'NONE', #5041, #2995 ) ;
#5155 = AXIS2_PLACEMENT_3D ( 'NONE', #2682, #5445, #4569 ) ;
#5156 = ORIENTED_EDGE ( 'NONE', *, *, #264, .T. ) ;
#5157 = DIRECTION ( 'NONE',  ( 1.000000000000000000, 0.000000000000000000, 0.000000000000000000 ) ) ;
#5158 = EDGE_LOOP ( 'NONE', ( #2692, #189, #3411, #1649 ) ) ;
#5159 = DIRECTION ( 'NONE',  ( 1.000000000000000000, -0.000000000000000000, -1.982541115402065110E-16 ) ) ;
#5160 = AXIS2_PLACEMENT_3D ( 'NONE', #745, #662, #283 ) ;
#5161 = LINE ( 'NONE', #5132, #2618 ) ;
#5162 = DIRECTION ( 'NONE',  ( -0.9532520323598017153, 0.000000000000000000, -0.3021763769752815465 ) ) ;
#5163 =( NAMED_UNIT ( * ) PLANE_ANGLE_UNIT ( ) SI_UNIT ( $, .RADIAN. ) );
#5164 = PRODUCT_DEFINITION_SHAPE ( 'NONE', 'NONE',  #4708 ) ;
#5165 = CARTESIAN_POINT ( 'NONE',  ( 30.57150851985710815, 100.5000000000000000, 26.07524616010108431 ) ) ;
#5166 = VERTEX_POINT ( 'NONE', #5292 ) ;
#5167 = ORIENTED_EDGE ( 'NONE', *, *, #1148, .F. ) ;
#5168 = CARTESIAN_POINT ( 'NONE',  ( -237.3333333333332860, 370.0000000000000000, -74.99999999999992895 ) ) ;
#5169 = ITEM_DEFINED_TRANSFORMATION ( 'NONE', 'NONE', #5160,  #2468 ) ;
#5170 = DIRECTION ( 'NONE',  ( 0.000000000000000000, -1.000000000000000000, 0.000000000000000000 ) ) ;
#5171 = LINE ( 'NONE', #224, #5510 ) ;
#5172 = ADVANCED_FACE ( 'NONE', ( #1322, #5353 ), #3102, .F. ) ;
#5173 = ORIENTED_EDGE ( 'NONE', *, *, #108, .T. ) ;
#5174 = DIRECTION ( 'NONE',  ( 0.000000000000000000, 0.000000000000000000, 1.000000000000000000 ) ) ;
#5175 = ORIENTED_EDGE ( 'NONE', *, *, #3929, .T. ) ;
#5176 = SHAPE_DEFINITION_REPRESENTATION ( #2992, #1661 ) ;
#5177 = CYLINDRICAL_SURFACE ( 'NONE', #2978, 4.999999999999960920 ) ;
#5178 = ORIENTED_EDGE ( 'NONE', *, *, #786, .T. ) ;
#5179 = VERTEX_POINT ( 'NONE', #876 ) ;
#5180 = DIRECTION ( 'NONE',  ( -1.000000000000000000, 0.000000000000000000, 0.000000000000000000 ) ) ;
#5181 = ORIENTED_EDGE ( 'NONE', *, *, #1015, .F. ) ;
#5182 = CARTESIAN_POINT ( 'NONE',  ( -47.47368421052630794, 217.0000000000000000, -7.184210526315784051 ) ) ;
#5183 = APPLICATION_CONTEXT ( 'automotive_design' ) ;
#5184 = VECTOR ( 'NONE', #526, 1000.000000000000000 ) ;
#5185 =( LENGTH_UNIT ( ) NAMED_UNIT ( * ) SI_UNIT ( .MILLI., .METRE. ) );
#5186 = PLANE ( 'NONE',  #2334 ) ;
#5187 = DIRECTION ( 'NONE',  ( 0.000000000000000000, 0.000000000000000000, 1.000000000000000000 ) ) ;
#5188 = EDGE_CURVE ( 'NONE', #2869, #1403, #2670, .T. ) ;
#5189 = DIRECTION ( 'NONE',  ( -0.9999999999999998890, -2.185888876940041013E-33, 8.125883621358625511E-29 ) ) ;
#5190 = EDGE_CURVE ( 'NONE', #631, #4210, #4009, .T. ) ;
#5191 = VECTOR ( 'NONE', #5517, 1000.000000000000000 ) ;
#5192 = CARTESIAN_POINT ( 'NONE',  ( -53.86378737541529205, 3.652823920265783286, 5.000000000000000000 ) ) ;
#5193 = ORIENTED_EDGE ( 'NONE', *, *, #5476, .T. ) ;
#5194 = DIRECTION ( 'NONE',  ( 0.000000000000000000, -1.000000000000000000, 0.000000000000000000 ) ) ;
#5195 = VERTEX_POINT ( 'NONE', #116 ) ;
#5196 = FACE_OUTER_BOUND ( 'NONE', #1387, .T. ) ;
#5197 = PRODUCT_RELATED_PRODUCT_CATEGORY ( 'part', '', ( #3256 ) ) ;
#5198 = DIRECTION ( 'NONE',  ( 1.614990014412855252E-16, 0.000000000000000000, 1.000000000000000000 ) ) ;
#5199 = CARTESIAN_POINT ( 'NONE',  ( -34.53508771929832477, 12.49999999999999822, 16.31578947368421240 ) ) ;
#5200 = ORIENTED_EDGE ( 'NONE', *, *, #1088, .T. ) ;
#5201 = VERTEX_POINT ( 'NONE', #4559 ) ;
#5202 = PLANE ( 'NONE',  #5681 ) ;
#5203 = VERTEX_POINT ( 'NONE', #3708 ) ;
#5204 = CARTESIAN_POINT ( 'NONE',  ( 114.0825397035987265, 302.3382030096963717, -176.5000000000007390 ) ) ;
#5205 = DIRECTION ( 'NONE',  ( -1.000000000000000000, -0.000000000000000000, 3.965082230804130220E-16 ) ) ;
#5206 = VERTEX_POINT ( 'NONE', #145 ) ;
#5207 = EDGE_CURVE ( 'NONE', #4121, #3095, #991, .T. ) ;
#5208 = ORIENTED_EDGE ( 'NONE', *, *, #2913, .F. ) ;
#5209 = CARTESIAN_POINT ( 'NONE',  ( -34.18604651162794283, -0.000000000000000000, 17.58139534883721566 ) ) ;
#5210 = AXIS2_PLACEMENT_3D ( 'NONE', #4104, #4137, #1883 ) ;
#5211 = PRODUCT_DEFINITION_SHAPE ( 'NONE', 'NONE',  #5716 ) ;
#5212 = VERTEX_POINT ( 'NONE', #4583 ) ;
#5213 = DIRECTION ( 'NONE',  ( -0.000000000000000000, -1.000000000000000000, -0.000000000000000000 ) ) ;
#5214 = EDGE_CURVE ( 'NONE', #1772, #5085, #1871, .T. ) ;
#5215 = CYLINDRICAL_SURFACE ( 'NONE', #4673, 4.999999999999976907 ) ;
#5216 = AXIS2_PLACEMENT_3D ( 'NONE', #4509, #4127, #4041 ) ;
#5217 = DIRECTION ( 'NONE',  ( 1.000000000000000000, 0.000000000000000000, 0.000000000000000000 ) ) ;
#5218 = EDGE_CURVE ( 'NONE', #5223, #2529, #580, .T. ) ;
#5219 = CARTESIAN_POINT ( 'NONE',  ( -114.0350877192983177, 25.00000000000000000, 16.31578947368421240 ) ) ;
#5220 = AXIS2_PLACEMENT_3D ( 'NONE', #2830, #626, #2480 ) ;
#5221 = DIRECTION ( 'NONE',  ( 1.000000000000000000, 1.110223024625156540E-16, 7.289272119298277587E-17 ) ) ;
#5222 = FACE_OUTER_BOUND ( 'NONE', #1926, .T. ) ;
#5223 = VERTEX_POINT ( 'NONE', #3212 ) ;
#5224 = VECTOR ( 'NONE', #1672, 1000.000000000000000 ) ;
#5225 = DIRECTION ( 'NONE',  ( -0.000000000000000000, -1.000000000000000000, -0.000000000000000000 ) ) ;
#5226 = CYLINDRICAL_SURFACE ( 'NONE', #406, 5.000000000000004441 ) ;
#5227 = VECTOR ( 'NONE', #5547, 1000.000000000000000 ) ;
#5228 = CONTEXT_DEPENDENT_SHAPE_REPRESENTATION ( #2486, #4152 ) ;
#5229 = PLANE ( 'NONE',  #840 ) ;
#5230 = CARTESIAN_POINT ( 'NONE',  ( -6.055045871559632253, 119.5000000000000000, 7.002553481007294250E-16 ) ) ;
#5231 = VECTOR ( 'NONE', #1569, 1000.000000000000000 ) ;
#5232 = ORIENTED_EDGE ( 'NONE', *, *, #3331, .T. ) ;
#5233 = DIRECTION ( 'NONE',  ( 0.000000000000000000, -0.000000000000000000, 1.000000000000000000 ) ) ;
#5234 = EDGE_LOOP ( 'NONE', ( #2505, #4679 ) ) ;
#5235 = CONTEXT_DEPENDENT_SHAPE_REPRESENTATION ( #2596, #3405 ) ;
#5236 =( NAMED_UNIT ( * ) SI_UNIT ( $, .STERADIAN. ) SOLID_ANGLE_UNIT ( ) );
#5237 = VERTEX_POINT ( 'NONE', #4610 ) ;
#5238 = CYLINDRICAL_SURFACE ( 'NONE', #2077, 8.000000000000000000 ) ;
#5239 = ADVANCED_FACE ( 'NONE', ( #169 ), #1900, .T. ) ;
#5240 = ORIENTED_EDGE ( 'NONE', *, *, #1456, .F. ) ;
#5241 = DIRECTION ( 'NONE',  ( 0.000000000000000000, 1.000000000000000000, -0.000000000000000000 ) ) ;
#5242 = DIRECTION ( 'NONE',  ( 0.000000000000000000, 1.000000000000000000, 3.304235192336775512E-16 ) ) ;
#5243 = VECTOR ( 'NONE', #3790, 1000.000000000000000 ) ;
#5244 = AXIS2_PLACEMENT_3D ( 'NONE', #265, #3332, #4245 ) ;
#5245 = DIRECTION ( 'NONE',  ( -1.000000000000000000, 0.000000000000000000, 0.000000000000000000 ) ) ;
#5246 = EDGE_CURVE ( 'NONE', #1772, #3914, #5543, .T. ) ;
#5247 = PLANE ( 'NONE',  #1890 ) ;
#5248 = EDGE_CURVE ( 'NONE', #1792, #2095, #2965, .T. ) ;
#5249 = DIRECTION ( 'NONE',  ( 0.000000000000000000, 0.000000000000000000, -1.000000000000000000 ) ) ;
#5250 = LINE ( 'NONE', #4801, #3352 ) ;
#5251 = AXIS2_PLACEMENT_3D ( 'NONE', #4452, #2219, #4633 ) ;
#5252 = DIRECTION ( 'NONE',  ( -1.000000000000000000, 0.000000000000000000, 3.767964143663676271E-16 ) ) ;
#5253 = DIRECTION ( 'NONE',  ( 0.000000000000000000, 0.000000000000000000, -1.000000000000000000 ) ) ;
#5254 = DIRECTION ( 'NONE',  ( -0.000000000000000000, 0.000000000000000000, 1.000000000000000000 ) ) ;
#5255 = ORIENTED_EDGE ( 'NONE', *, *, #5654, .T. ) ;
#5256 = CARTESIAN_POINT ( 'NONE',  ( -34.18604651162795705, -0.000000000000000000, -14.91860465116278789 ) ) ;
#5257 = ADVANCED_FACE ( 'NONE', ( #58 ), #1018, .F. ) ;
#5258 = EDGE_LOOP ( 'NONE', ( #3284, #1168 ) ) ;
#5259 = DIRECTION ( 'NONE',  ( -0.000000000000000000, -1.000000000000000000, -0.000000000000000000 ) ) ;
#5260 = ORIENTED_EDGE ( 'NONE', *, *, #5022, .F. ) ;
#5261 = APPLICATION_PROTOCOL_DEFINITION ( 'draft international standard', 'automotive_design', 1998, #4603 ) ;
#5262 = LINE ( 'NONE', #2543, #1327 ) ;
#5263 = EDGE_CURVE ( 'NONE', #1609, #3454, #4535, .T. ) ;
#5264 = ORIENTED_EDGE ( 'NONE', *, *, #5111, .T. ) ;
#5265 = LINE ( 'NONE', #3530, #1145 ) ;
#5266 = VERTEX_POINT ( 'NONE', #499 ) ;
#5267 = DIRECTION ( 'NONE',  ( 0.000000000000000000, -0.000000000000000000, 1.000000000000000000 ) ) ;
#5268 = CARTESIAN_POINT ( 'NONE',  ( -379.0350877192983603, 16.64322946534103664, 11.44525479618220842 ) ) ;
#5269 = DIRECTION ( 'NONE',  ( 1.000000000000000000, -0.000000000000000000, -1.982541115402065110E-16 ) ) ;
#5270 = CARTESIAN_POINT ( 'NONE',  ( -129.7916666666666288, 0.000000000000000000, -19.58333333333334991 ) ) ;
#5271 = SHAPE_REPRESENTATION_RELATIONSHIP ( 'NONE' , 'NONE' ,  #4856, #2193 ) ;
#5272 = FACE_OUTER_BOUND ( 'NONE', #1065, .T. ) ;
#5273 = ORIENTED_EDGE ( 'NONE', *, *, #514, .F. ) ;
#5274 = CARTESIAN_POINT ( 'NONE',  ( -149.7916666666666572, 361.5000000000000000, -19.58333333333334991 ) ) ;
#5275 = FACE_OUTER_BOUND ( 'NONE', #1004, .T. ) ;
#5276 = SURFACE_STYLE_FILL_AREA ( #733 ) ;
#5277 = ADVANCED_FACE ( 'NONE', ( #4961 ), #5459, .F. ) ;
#5278 = CARTESIAN_POINT ( 'NONE',  ( -450.8637873754153134, 3.652823920265783286, -3.000000000000000000 ) ) ;
#5279 = ORIENTED_EDGE ( 'NONE', *, *, #2531, .F. ) ;
#5280 = LINE ( 'NONE', #4377, #3872 ) ;
#5281 = ORIENTED_EDGE ( 'NONE', *, *, #2353, .F. ) ;
#5282 = FACE_OUTER_BOUND ( 'NONE', #3325, .T. ) ;
#5283 = EDGE_CURVE ( 'NONE', #448, #121, #2806, .T. ) ;
#5284 = ORIENTED_EDGE ( 'NONE', *, *, #171, .T. ) ;
#5285 = APPLICATION_PROTOCOL_DEFINITION ( 'draft international standard', 'automotive_design', 1998, #4313 ) ;
#5286 = APPLICATION_CONTEXT ( 'automotive_design' ) ;
#5287 = ORIENTED_EDGE ( 'NONE', *, *, #3135, .F. ) ;
#5288 = DIRECTION ( 'NONE',  ( 1.000000000000000000, 0.000000000000000000, -1.156482317317871478E-16 ) ) ;
#5289 = ORIENTED_EDGE ( 'NONE', *, *, #5405, .T. ) ;
#5290 = CARTESIAN_POINT ( 'NONE',  ( 47.96899016065052734, 97.50000000000000000, 33.37819140955770791 ) ) ;
#5291 = AXIS2_PLACEMENT_3D ( 'NONE', #3403, #2476, #5198 ) ;
#5292 = CARTESIAN_POINT ( 'NONE',  ( -56.18604651162794994, 3.000000000000000000, 15.08139534883721389 ) ) ;
#5293 = CIRCLE ( 'NONE', #3638, 5.000000000000000000 ) ;
#5294 = LINE ( 'NONE', #4392, #2902 ) ;
#5295 = DIRECTION ( 'NONE',  ( 0.000000000000000000, 0.000000000000000000, 1.000000000000000000 ) ) ;
#5296 = PRODUCT_RELATED_PRODUCT_CATEGORY ( 'part', '', ( #334 ) ) ;
#5297 = ORIENTED_EDGE ( 'NONE', *, *, #676, .T. ) ;
#5298 =( NAMED_UNIT ( * ) SI_UNIT ( $, .STERADIAN. ) SOLID_ANGLE_UNIT ( ) );
#5299 = AXIS2_PLACEMENT_3D ( 'NONE', #1078, #3297, #5098 ) ;
#5300 = ADVANCED_FACE ( 'NONE', ( #1842 ), #4095, .F. ) ;
#5301 = AXIS2_PLACEMENT_3D ( 'NONE', #3717, #1495, #3274 ) ;
#5302 = DIRECTION ( 'NONE',  ( 1.000000000000000000, 0.000000000000000000, 0.000000000000000000 ) ) ;
#5303 = EDGE_LOOP ( 'NONE', ( #5591, #1601, #4260, #4235 ) ) ;
#5304 = DIRECTION ( 'NONE',  ( -0.000000000000000000, 0.000000000000000000, 1.000000000000000000 ) ) ;
#5305 = VECTOR ( 'NONE', #4824, 1000.000000000000000 ) ;
#5306 = FACE_OUTER_BOUND ( 'NONE', #622, .T. ) ;
#5307 = DIRECTION ( 'NONE',  ( 0.000000000000000000, 1.000000000000000000, -0.000000000000000000 ) ) ;
#5308 = AXIS2_PLACEMENT_3D ( 'NONE', #1962, #3749, #1092 ) ;
#5309 = CARTESIAN_POINT ( 'NONE',  ( -24.03508771929831767, 2.000000000000000000, 6.815789473684215061 ) ) ;
#5310 = CIRCLE ( 'NONE', #4215, 11.62970334961300978 ) ;
#5311 = MECHANICAL_DESIGN_GEOMETRIC_PRESENTATION_REPRESENTATION (  '', ( #663 ), #1137 ) ;
#5312 = CARTESIAN_POINT ( 'NONE',  ( -76.23762376237618810, 0.000000000000000000, -21.90594059405938410 ) ) ;
#5313 = EDGE_CURVE ( 'NONE', #1473, #3261, #3683, .T. ) ;
#5314 = ADVANCED_FACE ( 'NONE', ( #2836 ), #1461, .F. ) ;
#5315 = AXIS2_PLACEMENT_3D ( 'NONE', #1354, #5696, #1324 ) ;
#5316 = ORIENTED_EDGE ( 'NONE', *, *, #191, .T. ) ;
#5317 =( NAMED_UNIT ( * ) PLANE_ANGLE_UNIT ( ) SI_UNIT ( $, .RADIAN. ) );
#5318 = ORIENTED_EDGE ( 'NONE', *, *, #2430, .F. ) ;
#5319 = APPLICATION_PROTOCOL_DEFINITION ( 'draft international standard', 'automotive_design', 1998, #1325 ) ;
#5320 = AXIS2_PLACEMENT_3D ( 'NONE', #1317, #2104, #1697 ) ;
#5321 = EDGE_CURVE ( 'NONE', #1522, #376, #1951, .T. ) ;
#5322 = ORIENTED_EDGE ( 'NONE', *, *, #860, .T. ) ;
#5323 = DIRECTION ( 'NONE',  ( -0.000000000000000000, -0.000000000000000000, -1.000000000000000000 ) ) ;
#5324 = ORIENTED_EDGE ( 'NONE', *, *, #1491, .F. ) ;
#5325 = CIRCLE ( 'NONE', #2829, 9.499999999999998224 ) ;
#5326 = DIRECTION ( 'NONE',  ( 2.775557561562891351E-16, 0.000000000000000000, 1.000000000000000000 ) ) ;
#5327 =( GEOMETRIC_REPRESENTATION_CONTEXT ( 3 ) GLOBAL_UNCERTAINTY_ASSIGNED_CONTEXT ( ( #3684 ) ) GLOBAL_UNIT_ASSIGNED_CONTEXT ( ( #2711, #488, #4000 ) ) REPRESENTATION_CONTEXT ( 'NONE', 'WORKASPACE' ) );
#5328 = DIRECTION ( 'NONE',  ( 0.000000000000000000, -1.000000000000000000, 0.000000000000000000 ) ) ;
#5329 = LINE ( 'NONE', #2587, #2729 ) ;
#5330 = ORIENTED_EDGE ( 'NONE', *, *, #4865, .T. ) ;
#5331 = CARTESIAN_POINT ( 'NONE',  ( 587.5610860443996444, 528.9436925136284344, 3.999999999999903633 ) ) ;
#5332 = AXIS2_PLACEMENT_3D ( 'NONE', #4939, #513, #2294 ) ;
#5333 = EDGE_CURVE ( 'NONE', #3671, #3698, #3427, .T. ) ;
#5334 = FACE_BOUND ( 'NONE', #1966, .T. ) ;
#5335 =( GEOMETRIC_REPRESENTATION_CONTEXT ( 3 ) GLOBAL_UNCERTAINTY_ASSIGNED_CONTEXT ( ( #2279 ) ) GLOBAL_UNIT_ASSIGNED_CONTEXT ( ( #1613, #4700, #2956 ) ) REPRESENTATION_CONTEXT ( 'NONE', 'WORKASPACE' ) );
#5336 =( REPRESENTATION_RELATIONSHIP ('NONE','NONE', #1059, #2132 ) REPRESENTATION_RELATIONSHIP_WITH_TRANSFORMATION ( #5561 )SHAPE_REPRESENTATION_RELATIONSHIP( ) );
#5337 = DIRECTION ( 'NONE',  ( -0.000000000000000000, -1.000000000000000000, -0.000000000000000000 ) ) ;
#5338 = ORIENTED_EDGE ( 'NONE', *, *, #4306, .F. ) ;
#5339 = LINE ( 'NONE', #42, #4675 ) ;
#5340 = DIRECTION ( 'NONE',  ( 0.000000000000000000, 1.000000000000000000, 0.000000000000000000 ) ) ;
#5341 = LINE ( 'NONE', #4166, #1129 ) ;
#5342 = PRODUCT_DEFINITION_FORMATION_WITH_SPECIFIED_SOURCE ( 'ANY', '', #1584, .NOT_KNOWN. ) ;
#5343 = DIRECTION ( 'NONE',  ( -3.965082230804130713E-16, 0.000000000000000000, -1.000000000000000000 ) ) ;
#5344 = ORIENTED_EDGE ( 'NONE', *, *, #3054, .F. ) ;
#5345 = VERTEX_POINT ( 'NONE', #1555 ) ;
#5346 = APPLICATION_PROTOCOL_DEFINITION ( 'draft international standard', 'automotive_design', 1998, #3004 ) ;
#5347 = EDGE_CURVE ( 'NONE', #4059, #2095, #5120, .T. ) ;
#5348 = PLANE ( 'NONE',  #571 ) ;
#5349 = ORIENTED_EDGE ( 'NONE', *, *, #2946, .F. ) ;
#5350 = FACE_OUTER_BOUND ( 'NONE', #4807, .T. ) ;
#5351 = ORIENTED_EDGE ( 'NONE', *, *, #5505, .T. ) ;
#5352 = PLANE ( 'NONE',  #3967 ) ;
#5353 = FACE_BOUND ( 'NONE', #1316, .T. ) ;
#5354 = DIRECTION ( 'NONE',  ( 1.000000000000000000, 0.000000000000000000, -0.000000000000000000 ) ) ;
#5355 = DIRECTION ( 'NONE',  ( -3.965082230804130713E-16, 0.000000000000000000, -1.000000000000000000 ) ) ;
#5356 = ORIENTED_EDGE ( 'NONE', *, *, #2145, .F. ) ;
#5357 = CARTESIAN_POINT ( 'NONE',  ( 591.1468435332700437, -55.00000000000002132, -364.0000000000020464 ) ) ;
#5358 = LINE ( 'NONE', #2730, #2737 ) ;
#5359 = FACE_OUTER_BOUND ( 'NONE', #5383, .T. ) ;
#5360 = DIRECTION ( 'NONE',  ( 0.000000000000000000, 1.000000000000000000, 0.000000000000000000 ) ) ;
#5361 = ADVANCED_FACE ( 'NONE', ( #693 ), #2975, .F. ) ;
#5362 = ORIENTED_EDGE ( 'NONE', *, *, #2300, .F. ) ;
#5363 = CARTESIAN_POINT ( 'NONE',  ( -59.18604651162796415, 25.00000000000000000, 0.08139534883721191716 ) ) ;
#5364 = EDGE_CURVE ( 'NONE', #4361, #2982, #2865, .T. ) ;
#5365 = CARTESIAN_POINT ( 'NONE',  ( 0.000000000000000000, 75.00000000000001421, 0.000000000000000000 ) ) ;
#5366 = APPLICATION_CONTEXT ( 'automotive_design' ) ;
#5367 = EDGE_LOOP ( 'NONE', ( #3083, #1941, #133, #5118 ) ) ;
#5368 = PRESENTATION_LAYER_ASSIGNMENT (  '', '', ( #3404 ) ) ;
#5369 = DIRECTION ( 'NONE',  ( -1.000000000000000000, -0.000000000000000000, -0.000000000000000000 ) ) ;
#5370 = VERTEX_POINT ( 'NONE', #2035 ) ;
#5371 = ORIENTED_EDGE ( 'NONE', *, *, #1612, .T. ) ;
#5372 = EDGE_CURVE ( 'NONE', #3454, #4084, #4748, .T. ) ;
#5373 = CONTEXT_DEPENDENT_SHAPE_REPRESENTATION ( #4792, #2581 ) ;
#5374 = ORIENTED_EDGE ( 'NONE', *, *, #1109, .F. ) ;
#5375 = CARTESIAN_POINT ( 'NONE',  ( -64.03508771929831767, 2.000000000000000000, 6.815789473684215061 ) ) ;
#5376 = ORIENTED_EDGE ( 'NONE', *, *, #5454, .T. ) ;
#5377 = EDGE_CURVE ( 'NONE', #5513, #723, #3767, .T. ) ;
#5378 = DIRECTION ( 'NONE',  ( -1.000000000000000000, 0.000000000000000000, 0.000000000000000000 ) ) ;
#5379 = CARTESIAN_POINT ( 'NONE',  ( -31.36378737541529205, 3.652823920265779734, 0.000000000000000000 ) ) ;
#5380 = DIRECTION ( 'NONE',  ( 0.000000000000000000, 0.000000000000000000, 1.000000000000000000 ) ) ;
#5381 = LINE ( 'NONE', #3688, #1043 ) ;
#5382 = ADVANCED_FACE ( 'NONE', ( #1979, #2509 ), #1138, .F. ) ;
#5383 = EDGE_LOOP ( 'NONE', ( #4620, #4324, #342, #1809 ) ) ;
#5384 = VECTOR ( 'NONE', #274, 1000.000000000000000 ) ;
#5385 = DIRECTION ( 'NONE',  ( -1.000000000000000000, 0.000000000000000000, 1.614990014412855252E-16 ) ) ;
#5386 = PRESENTATION_STYLE_ASSIGNMENT (( #1849 ) ) ;
#5387 = AXIS2_PLACEMENT_3D ( 'NONE', #4823, #5304, #823 ) ;
#5388 = EDGE_CURVE ( 'NONE', #3228, #2050, #3413, .T. ) ;
#5389 = CARTESIAN_POINT ( 'NONE',  ( -59.18604651162796415, 0.000000000000000000, -17.41860465116279144 ) ) ;
#5390 = ORIENTED_EDGE ( 'NONE', *, *, #930, .T. ) ;
#5391 = DIRECTION ( 'NONE',  ( 0.000000000000000000, 0.000000000000000000, -1.000000000000000000 ) ) ;
#5392 = CARTESIAN_POINT ( 'NONE',  ( 0.000000000000000000, 3.000000000000000000, 0.000000000000000000 ) ) ;
#5393 = CIRCLE ( 'NONE', #4303, 4.999999999999960920 ) ;
#5394 =( NAMED_UNIT ( * ) SI_UNIT ( $, .STERADIAN. ) SOLID_ANGLE_UNIT ( ) );
#5395 = FILL_AREA_STYLE ('',( #289 ) ) ;
#5396 = LINE ( 'NONE', #1421, #383 ) ;
#5397 = AXIS2_PLACEMENT_3D ( 'NONE', #1843, #1874, #5380 ) ;
#5398 = ORIENTED_EDGE ( 'NONE', *, *, #5526, .T. ) ;
#5399 = AXIS2_PLACEMENT_3D ( 'NONE', #595, #2321, #977 ) ;
#5400 = VERTEX_POINT ( 'NONE', #2418 ) ;
#5401 = AXIS2_PLACEMENT_3D ( 'NONE', #3778, #2989, #5527 ) ;
#5402 = FILL_AREA_STYLE ('',( #3645 ) ) ;
#5403 = VERTEX_POINT ( 'NONE', #4263 ) ;
#5404 = PLANE ( 'NONE',  #2825 ) ;
#5405 = EDGE_CURVE ( 'NONE', #4013, #2572, #3825, .T. ) ;
#5406 = ORIENTED_EDGE ( 'NONE', *, *, #4114, .F. ) ;
#5407 = VECTOR ( 'NONE', #3953, 1000.000000000000000 ) ;
#5408 = FACE_OUTER_BOUND ( 'NONE', #1310, .T. ) ;
#5409 = DIRECTION ( 'NONE',  ( -0.000000000000000000, -0.000000000000000000, 1.000000000000000000 ) ) ;
#5410 = CARTESIAN_POINT ( 'NONE',  ( -31.18604651162794994, 25.00000000000000000, 5.081395348837213888 ) ) ;
#5411 = ADVANCED_FACE ( 'NONE', ( #2069 ), #5177, .F. ) ;
#5412 = CIRCLE ( 'NONE', #3017, 4.999999999999976907 ) ;
#5413 = LINE ( 'NONE', #61, #761 ) ;
#5414 = ORIENTED_EDGE ( 'NONE', *, *, #5007, .F. ) ;
#5415 = DIRECTION ( 'NONE',  ( 0.000000000000000000, 0.000000000000000000, 1.000000000000000000 ) ) ;
#5416 = PLANE ( 'NONE',  #1887 ) ;
#5417 =( GEOMETRIC_REPRESENTATION_CONTEXT ( 3 ) GLOBAL_UNCERTAINTY_ASSIGNED_CONTEXT ( ( #5460 ) ) GLOBAL_UNIT_ASSIGNED_CONTEXT ( ( #3907, #2530, #4346 ) ) REPRESENTATION_CONTEXT ( 'NONE', 'WORKASPACE' ) );
#5418 = EDGE_CURVE ( 'NONE', #986, #1599, #1576, .T. ) ;
#5419 = CARTESIAN_POINT ( 'NONE',  ( 30.57150851985710815, 97.50000000000000000, 26.07524616010108431 ) ) ;
#5420 = ORIENTED_EDGE ( 'NONE', *, *, #2961, .F. ) ;
#5421 = PLANE ( 'NONE',  #5672 ) ;
#5422 = FACE_OUTER_BOUND ( 'NONE', #3204, .T. ) ;
#5423 = CIRCLE ( 'NONE', #3488, 18.86810474738533472 ) ;
#5424 = VERTEX_POINT ( 'NONE', #2540 ) ;
#5425 =( GEOMETRIC_REPRESENTATION_CONTEXT ( 3 ) GLOBAL_UNCERTAINTY_ASSIGNED_CONTEXT ( ( #170 ) ) GLOBAL_UNIT_ASSIGNED_CONTEXT ( ( #1321, #2214, #5394 ) ) REPRESENTATION_CONTEXT ( 'NONE', 'WORKASPACE' ) );
#5426 = VERTEX_POINT ( 'NONE', #1548 ) ;
#5427 = FILL_AREA_STYLE ('',( #4918 ) ) ;
#5428 = PRODUCT_DEFINITION_SHAPE ( 'NONE', 'NONE',  #5747 ) ;
#5429 = ITEM_DEFINED_TRANSFORMATION ( 'NONE', 'NONE', #3124,  #2468 ) ;
#5430 = PRODUCT_DEFINITION_FORMATION_WITH_SPECIFIED_SOURCE ( 'ANY', '', #4652, .NOT_KNOWN. ) ;
#5431 = PRODUCT_RELATED_PRODUCT_CATEGORY ( 'part', '', ( #1021 ) ) ;
#5432 = ORIENTED_EDGE ( 'NONE', *, *, #3433, .T. ) ;
#5433 = CARTESIAN_POINT ( 'NONE',  ( -114.0350877192983319, 0.000000000000000000, -23.68421052631578760 ) ) ;
#5434 = EDGE_LOOP ( 'NONE', ( #5264, #1633, #2510, #2409 ) ) ;
#5435 = CARTESIAN_POINT ( 'NONE',  ( -47.47368421052630794, 217.0000000000000000, 12.81578947368421773 ) ) ;
#5436 = ADVANCED_FACE ( 'NONE', ( #3323 ), #5097, .F. ) ;
#5437 = CARTESIAN_POINT ( 'NONE',  ( -31.36378737541529205, 3.652823920265779734, 10.00000000000000000 ) ) ;
#5438 = LINE ( 'NONE', #4930, #4318 ) ;
#5439 =( REPRESENTATION_RELATIONSHIP ('NONE','NONE', #313, #4635 ) REPRESENTATION_RELATIONSHIP_WITH_TRANSFORMATION ( #3756 )SHAPE_REPRESENTATION_RELATIONSHIP( ) );
#5440 = ORIENTED_EDGE ( 'NONE', *, *, #4439, .F. ) ;
#5441 = FACE_OUTER_BOUND ( 'NONE', #1995, .T. ) ;
#5442 = DIRECTION ( 'NONE',  ( -0.000000000000000000, -1.000000000000000000, -0.000000000000000000 ) ) ;
#5443 = DIRECTION ( 'NONE',  ( 0.000000000000000000, 0.000000000000000000, -1.000000000000000000 ) ) ;
#5444 = DIRECTION ( 'NONE',  ( 6.938893903907226405E-16, 0.000000000000000000, 1.000000000000000000 ) ) ;
#5445 = DIRECTION ( 'NONE',  ( -1.000000000000000000, -3.441691376337985275E-15, -2.465190328815661892E-32 ) ) ;
#5446 = ORIENTED_EDGE ( 'NONE', *, *, #1301, .F. ) ;
#5447 = DIRECTION ( 'NONE',  ( -1.000000000000000000, -0.000000000000000000, 3.965082230804130220E-16 ) ) ;
#5448 = ORIENTED_EDGE ( 'NONE', *, *, #1673, .F. ) ;
#5449 = ORIENTED_EDGE ( 'NONE', *, *, #3021, .T. ) ;
#5450 = DIRECTION ( 'NONE',  ( -0.000000000000000000, -1.000000000000000000, -0.000000000000000000 ) ) ;
#5451 = ADVANCED_FACE ( 'NONE', ( #4660 ), #2452, .F. ) ;
#5452 = ITEM_DEFINED_TRANSFORMATION ( 'NONE', 'NONE', #3685,  #2468 ) ;
#5453 = VECTOR ( 'NONE', #551, 1000.000000000000000 ) ;
#5454 = EDGE_CURVE ( 'NONE', #1347, #4410, #4328, .T. ) ;
#5455 = FACE_OUTER_BOUND ( 'NONE', #2941, .T. ) ;
#5456 = EDGE_LOOP ( 'NONE', ( #2238, #4630, #3794, #4686, #3180, #4989, #2491, #4530 ) ) ;
#5457 = CARTESIAN_POINT ( 'NONE',  ( -36.05504587155962781, 217.0000000000000000, 24.72935779816513957 ) ) ;
#5458 = ORIENTED_EDGE ( 'NONE', *, *, #2593, .F. ) ;
#5459 = CYLINDRICAL_SURFACE ( 'NONE', #4552, 5.000000000000000888 ) ;
#5460 = UNCERTAINTY_MEASURE_WITH_UNIT (LENGTH_MEASURE( 1.000000000000000082E-05 ), #3907, 'distance_accuracy_value', 'NONE');
#5461 = LINE ( 'NONE', #4694, #1227 ) ;
#5462 = ORIENTED_EDGE ( 'NONE', *, *, #2120, .T. ) ;
#5463 = DIRECTION ( 'NONE',  ( 0.000000000000000000, 0.000000000000000000, -1.000000000000000000 ) ) ;
#5464 = VERTEX_POINT ( 'NONE', #1604 ) ;
#5465 = CARTESIAN_POINT ( 'NONE',  ( -114.0350877192983177, 8.735625240436016625, 7.484841586924925849 ) ) ;
#5466 = FACE_OUTER_BOUND ( 'NONE', #4363, .T. ) ;
#5467 = DIRECTION ( 'NONE',  ( 0.000000000000000000, 0.000000000000000000, 1.000000000000000000 ) ) ;
#5468 = APPLICATION_CONTEXT ( 'automotive_design' ) ;
#5469 = CARTESIAN_POINT ( 'NONE',  ( -10.16883116883118099, 217.0000000000000000, 8.123376623376616479 ) ) ;
#5470 = EDGE_CURVE ( 'NONE', #429, #5598, #3380, .T. ) ;
#5471 = DIRECTION ( 'NONE',  ( -2.775557561562891351E-16, 1.000000000000000000, 4.203149510630703526E-30 ) ) ;
#5472 = VECTOR ( 'NONE', #3039, 1000.000000000000000 ) ;
#5473 = PRODUCT_DEFINITION_SHAPE ( 'NONE', 'NONE',  #1502 ) ;
#5474 = CARTESIAN_POINT ( 'NONE',  ( -10.16883116883118099, 217.0000000000000000, 8.123376623376616479 ) ) ;
#5475 = ORIENTED_EDGE ( 'NONE', *, *, #811, .F. ) ;
#5476 = EDGE_CURVE ( 'NONE', #4855, #2202, #5152, .T. ) ;
#5477 = ORIENTED_EDGE ( 'NONE', *, *, #2843, .F. ) ;
#5478 =( NAMED_UNIT ( * ) PLANE_ANGLE_UNIT ( ) SI_UNIT ( $, .RADIAN. ) );
#5479 = COLOUR_RGB ( '',0.7921568627450980005, 0.8196078431372548767, 0.9333333333333333481 ) ;
#5480 = ADVANCED_FACE ( 'NONE', ( #4722 ), #3009, .T. ) ;
#5481 = EDGE_CURVE ( 'NONE', #105, #2337, #3889, .T. ) ;
#5482 = LINE ( 'NONE', #226, #4126 ) ;
#5483 = EDGE_LOOP ( 'NONE', ( #3863, #4609, #689, #404 ) ) ;
#5484 = LINE ( 'NONE', #2861, #4510 ) ;
#5485 = ORIENTED_EDGE ( 'NONE', *, *, #5218, .T. ) ;
#5486 = CARTESIAN_POINT ( 'NONE',  ( 58.09405940594061946, 71.99999999999994316, 71.23762376237618810 ) ) ;
#5487 = VECTOR ( 'NONE', #1857, 1000.000000000000000 ) ;
#5488 = CARTESIAN_POINT ( 'NONE',  ( 0.000000000000000000, 0.000000000000000000, 0.000000000000000000 ) ) ;
#5489 = VECTOR ( 'NONE', #3306, 1000.000000000000000 ) ;
#5490 = SURFACE_STYLE_FILL_AREA ( #3734 ) ;
#5491 = EDGE_LOOP ( 'NONE', ( #2604, #3800 ) ) ;
#5492 = LINE ( 'NONE', #2513, #1972 ) ;
#5493 = ORIENTED_EDGE ( 'NONE', *, *, #5218, .F. ) ;
#5494 = FACE_OUTER_BOUND ( 'NONE', #2071, .T. ) ;
#5495 = AXIS2_PLACEMENT_3D ( 'NONE', #3156, #2248, #5355 ) ;
#5496 = FACE_OUTER_BOUND ( 'NONE', #2536, .T. ) ;
#5497 = CIRCLE ( 'NONE', #2258, 5.000000000000001776 ) ;
#5498 = CARTESIAN_POINT ( 'NONE',  ( -40.16883116883117566, 217.0000000000000000, 8.123376623376616479 ) ) ;
#5499 = FACE_OUTER_BOUND ( 'NONE', #1568, .T. ) ;
#5500 = VECTOR ( 'NONE', #5610, 1000.000000000000000 ) ;
#5501 = EDGE_CURVE ( 'NONE', #150, #1755, #347, .T. ) ;
#5502 = CIRCLE ( 'NONE', #3758, 5.000000000000000888 ) ;
#5503 = LINE ( 'NONE', #1060, #844 ) ;
#5504 = FACE_OUTER_BOUND ( 'NONE', #1577, .T. ) ;
#5505 = EDGE_CURVE ( 'NONE', #2666, #437, #3441, .T. ) ;
#5506 = AXIS2_PLACEMENT_3D ( 'NONE', #5365, #5307, #4544 ) ;
#5507 = EDGE_LOOP ( 'NONE', ( #2760, #348, #3680, #1524 ) ) ;
#5508 = ADVANCED_BREP_SHAPE_REPRESENTATION ( '', ( #1187, #2468 ), #4250 ) ;
#5510 = VECTOR ( 'NONE', #2944, 1000.000000000000000 ) ;
#5509 = FACE_OUTER_BOUND ( 'NONE', #997, .T. ) ;
#5511 =( GEOMETRIC_REPRESENTATION_CONTEXT ( 3 ) GLOBAL_UNCERTAINTY_ASSIGNED_CONTEXT ( ( #3324 ) ) GLOBAL_UNIT_ASSIGNED_CONTEXT ( ( #5079, #3421, #5578 ) ) REPRESENTATION_CONTEXT ( 'NONE', 'WORKASPACE' ) );
#5512 = DIRECTION ( 'NONE',  ( -0.000000000000000000, -1.000000000000000000, -0.000000000000000000 ) ) ;
#5513 = VERTEX_POINT ( 'NONE', #2315 ) ;
#5514 = DIRECTION ( 'NONE',  ( 0.000000000000000000, 0.000000000000000000, 1.000000000000000000 ) ) ;
#5515 = ORIENTED_EDGE ( 'NONE', *, *, #3162, .F. ) ;
#5516 =( NAMED_UNIT ( * ) PLANE_ANGLE_UNIT ( ) SI_UNIT ( $, .RADIAN. ) );
#5517 = DIRECTION ( 'NONE',  ( -0.000000000000000000, -1.000000000000000000, -0.000000000000000000 ) ) ;
#5518 = LINE ( 'NONE', #2488, #3090 ) ;
#5519 = ORIENTED_EDGE ( 'NONE', *, *, #191, .F. ) ;
#5520 = DIRECTION ( 'NONE',  ( -0.000000000000000000, 0.000000000000000000, 1.000000000000000000 ) ) ;
#5521 = PRODUCT ( 'Lin_act', 'Lin_act', '', ( #5685 ) ) ;
#5522 = ORIENTED_EDGE ( 'NONE', *, *, #3662, .T. ) ;
#5523 = CARTESIAN_POINT ( 'NONE',  ( -101.2376237623761881, 750.0000000000000000, 30.09405940594061235 ) ) ;
#5524 = PRODUCT_CONTEXT ( 'NONE', #1507, 'mechanical' ) ;
#5525 = PLANE ( 'NONE',  #4659 ) ;
#5526 = EDGE_CURVE ( 'NONE', #3261, #3982, #3715, .T. ) ;
#5527 = DIRECTION ( 'NONE',  ( 0.000000000000000000, 0.000000000000000000, -1.000000000000000000 ) ) ;
#5528 = LINE ( 'NONE', #1560, #1961 ) ;
#5529 = EDGE_CURVE ( 'NONE', #2007, #3844, #4933, .T. ) ;
#5530 = ORIENTED_EDGE ( 'NONE', *, *, #4621, .F. ) ;
#5531 = PLANE ( 'NONE',  #2231 ) ;
#5532 = ORIENTED_EDGE ( 'NONE', *, *, #2531, .T. ) ;
#5533 =( NAMED_UNIT ( * ) SI_UNIT ( $, .STERADIAN. ) SOLID_ANGLE_UNIT ( ) );
#5534 = CONTEXT_DEPENDENT_SHAPE_REPRESENTATION ( #3408, #457 ) ;
#5535 = DIRECTION ( 'NONE',  ( 1.000000000000000000, 0.000000000000000000, 0.000000000000000000 ) ) ;
#5536 = LINE ( 'NONE', #5113, #4430 ) ;
#5537 = PRODUCT_RELATED_PRODUCT_CATEGORY ( 'part', '', ( #2426 ) ) ;
#5538 = PLANE ( 'NONE',  #3552 ) ;
#5539 = VERTEX_POINT ( 'NONE', #935 ) ;
#5540 = CARTESIAN_POINT ( 'NONE',  ( 48.54132590923786950, 119.5000000000000000, 31.82772734221840594 ) ) ;
#5541 = ORIENTED_EDGE ( 'NONE', *, *, #5388, .T. ) ;
#5542 = DIRECTION ( 'NONE',  ( -0.2825356460573695272, 0.9592568001880126261, 6.715576716168089176E-17 ) ) ;
#5543 = CIRCLE ( 'NONE', #5096, 5.000000000000001776 ) ;
#5544 = DIRECTION ( 'NONE',  ( -1.000000000000000000, 0.000000000000000000, 1.614990014412855252E-16 ) ) ;
#5545 = DIRECTION ( 'NONE',  ( 0.000000000000000000, -0.000000000000000000, 1.000000000000000000 ) ) ;
#5546 = EDGE_LOOP ( 'NONE', ( #3975, #5167, #1917, #3735 ) ) ;
#5547 = DIRECTION ( 'NONE',  ( -0.000000000000000000, -1.000000000000000000, -0.000000000000000000 ) ) ;
#5548 = EDGE_LOOP ( 'NONE', ( #5138, #3722, #1454, #2357 ) ) ;
#5549 = CARTESIAN_POINT ( 'NONE',  ( -18.64705882352942012, 0.000000000000000000, 12.61764705882352899 ) ) ;
#5550 = SHAPE_REPRESENTATION_RELATIONSHIP ( 'NONE' , 'NONE' ,  #1079, #34 ) ;
#5551 = SURFACE_STYLE_USAGE ( .BOTH. , #3806 ) ;
#5552 = ADVANCED_FACE ( 'NONE', ( #2815 ), #5048, .T. ) ;
#5553 = PLANE ( 'NONE',  #1124 ) ;
#5554 = DIRECTION ( 'NONE',  ( 1.000000000000000000, 0.000000000000000000, 0.000000000000000000 ) ) ;
#5555 = SHAPE_REPRESENTATION_RELATIONSHIP ( 'NONE' , 'NONE' ,  #2929, #3521 ) ;
#5556 = CARTESIAN_POINT ( 'NONE',  ( -10.16883116883118277, 0.000000000000000000, -6.876623376623382633 ) ) ;
#5557 = EDGE_CURVE ( 'NONE', #4281, #281, #4942, .T. ) ;
#5558 = ORIENTED_EDGE ( 'NONE', *, *, #2776, .T. ) ;
#5559 = ORIENTED_EDGE ( 'NONE', *, *, #572, .F. ) ;
#5560 = DIRECTION ( 'NONE',  ( 1.000000000000000000, 0.000000000000000000, 0.000000000000000000 ) ) ;
#5561 = ITEM_DEFINED_TRANSFORMATION ( 'NONE', 'NONE', #421,  #2468 ) ;
#5562 = LINE ( 'NONE', #5142, #5384 ) ;
#5563 = PLANE ( 'NONE',  #2750 ) ;
#5564 = VECTOR ( 'NONE', #4103, 1000.000000000000000 ) ;
#5565 = ORIENTED_EDGE ( 'NONE', *, *, #4052, .T. ) ;
#5566 = CARTESIAN_POINT ( 'NONE',  ( -379.0350877192983603, 0.000000000000000000, 11.44525479618220842 ) ) ;
#5567 = ORIENTED_EDGE ( 'NONE', *, *, #4195, .F. ) ;
#5568 = DIRECTION ( 'NONE',  ( 0.000000000000000000, 0.000000000000000000, 1.000000000000000000 ) ) ;
#5569 = DIRECTION ( 'NONE',  ( -1.000000000000000000, 0.000000000000000000, 1.734723475976806848E-16 ) ) ;
#5570 = VECTOR ( 'NONE', #3326, 1000.000000000000000 ) ;
#5571 = CARTESIAN_POINT ( 'NONE',  ( -114.0350877192983177, 25.00000000000000000, 16.31578947368421240 ) ) ;
#5572 = ORIENTED_EDGE ( 'NONE', *, *, #5333, .F. ) ;
#5573 = DIRECTION ( 'NONE',  ( 0.000000000000000000, 1.000000000000000000, 0.000000000000000000 ) ) ;
#5574 = ORIENTED_EDGE ( 'NONE', *, *, #5263, .F. ) ;
#5575 = CARTESIAN_POINT ( 'NONE',  ( 48.54132590923786950, 116.5000000000000000, 31.82772734221840594 ) ) ;
#5576 = APPLICATION_CONTEXT ( 'automotive_design' ) ;
#5577 = VECTOR ( 'NONE', #1923, 1000.000000000000000 ) ;
#5578 =( NAMED_UNIT ( * ) SI_UNIT ( $, .STERADIAN. ) SOLID_ANGLE_UNIT ( ) );
#5579 = EDGE_CURVE ( 'NONE', #2878, #4193, #1147, .T. ) ;
#5580 = COLOUR_RGB ( '',0.7921568627450980005, 0.8196078431372548767, 0.9333333333333333481 ) ;
#5581 = CARTESIAN_POINT ( 'NONE',  ( -159.7916666666666288, 0.000000000000000000, -19.58333333333334991 ) ) ;
#5582 = AXIS2_PLACEMENT_3D ( 'NONE', #300, #4220, #1530 ) ;
#5583 = DIRECTION ( 'NONE',  ( 0.000000000000000000, 0.000000000000000000, 1.000000000000000000 ) ) ;
#5584 = AXIS2_PLACEMENT_3D ( 'NONE', #2339, #1413, #3192 ) ;
#5585 = DIRECTION ( 'NONE',  ( 1.000000000000000000, 0.000000000000000000, 0.000000000000000000 ) ) ;
#5586 = CARTESIAN_POINT ( 'NONE',  ( -450.8637873754153134, 0.000000000000000000, 0.000000000000000000 ) ) ;
#5587 = VECTOR ( 'NONE', #3504, 1000.000000000000000 ) ;
#5588 = EDGE_CURVE ( 'NONE', #2383, #4899, #4970, .T. ) ;
#5589 = ORIENTED_EDGE ( 'NONE', *, *, #339, .T. ) ;
#5590 = AXIS2_PLACEMENT_3D ( 'NONE', #4531, #496, #4066 ) ;
#5591 = ORIENTED_EDGE ( 'NONE', *, *, #630, .T. ) ;
#5592 = LINE ( 'NONE', #803, #2550 ) ;
#5593 = CARTESIAN_POINT ( 'NONE',  ( -47.47368421052630794, 0.000000000000000000, -7.184210526315784051 ) ) ;
#5594 = AXIS2_PLACEMENT_3D ( 'NONE', #5392, #3542, #4851 ) ;
#5595 = CARTESIAN_POINT ( 'NONE',  ( -34.53508771929832477, 12.49999999999999822, 16.31578947368421240 ) ) ;
#5596 = VERTEX_POINT ( 'NONE', #151 ) ;
#5597 = DIRECTION ( 'NONE',  ( 0.000000000000000000, 0.000000000000000000, 1.000000000000000000 ) ) ;
#5598 = VERTEX_POINT ( 'NONE', #4133 ) ;
#5599 = AXIS2_PLACEMENT_3D ( 'NONE', #3016, #4791, #2212 ) ;
#5600 = AXIS2_PLACEMENT_3D ( 'NONE', #1581, #2078, #2900 ) ;
#5601 = CARTESIAN_POINT ( 'NONE',  ( -34.18604651162794994, 0.000000000000000000, 1.104202474970651321E-14 ) ) ;
#5602 = VERTEX_POINT ( 'NONE', #5465 ) ;
#5603 = EDGE_CURVE ( 'NONE', #587, #1410, #3950, .T. ) ;
#5604 = VECTOR ( 'NONE', #2119, 1000.000000000000000 ) ;
#5605 = DIRECTION ( 'NONE',  ( 1.156482317317871478E-16, 0.000000000000000000, 1.000000000000000000 ) ) ;
#5606 = ORIENTED_EDGE ( 'NONE', *, *, #4191, .F. ) ;
#5607 = CARTESIAN_POINT ( 'NONE',  ( -379.0350877192983603, 0.000000000000000000, 1.349083563913565919E-13 ) ) ;
#5608 = ORIENTED_EDGE ( 'NONE', *, *, #3956, .F. ) ;
#5609 = DIRECTION ( 'NONE',  ( 1.000000000000000000, 0.000000000000000000, -3.229980028825710504E-16 ) ) ;
#5610 = DIRECTION ( 'NONE',  ( -0.000000000000000000, -0.000000000000000000, 1.000000000000000000 ) ) ;
#5611 = AXIS2_PLACEMENT_3D ( 'NONE', #1950, #2416, #910 ) ;
#5612 = LINE ( 'NONE', #1617, #3174 ) ;
#5613 = DIRECTION ( 'NONE',  ( 0.000000000000000000, -1.000000000000000000, 0.000000000000000000 ) ) ;
#5614 = PRODUCT_DEFINITION ( 'UNKNOWN', '', #2939, #5069 ) ;
#5615 = ORIENTED_EDGE ( 'NONE', *, *, #1061, .F. ) ;
#5616 = PRODUCT_DEFINITION_SHAPE ( 'NONE', 'NONE',  #5717 ) ;
#5617 = FACE_BOUND ( 'NONE', #5491, .T. ) ;
#5618 = ORIENTED_EDGE ( 'NONE', *, *, #4826, .F. ) ;
#5619 = PLANE ( 'NONE',  #184 ) ;
#5620 = ORIENTED_EDGE ( 'NONE', *, *, #2029, .F. ) ;
#5621 = DIRECTION ( 'NONE',  ( -0.000000000000000000, -0.000000000000000000, 1.000000000000000000 ) ) ;
#5622 = DIRECTION ( 'NONE',  ( -1.000000000000000000, -0.000000000000000000, 3.965082230804130220E-16 ) ) ;
#5623 = CARTESIAN_POINT ( 'NONE',  ( 48.54132590923786950, 119.5000000000000000, 31.82772734221840594 ) ) ;
#5624 = EDGE_CURVE ( 'NONE', #4639, #4473, #2844, .T. ) ;
#5625 = ORIENTED_EDGE ( 'NONE', *, *, #2913, .T. ) ;
#5626 = FACE_OUTER_BOUND ( 'NONE', #114, .T. ) ;
#5627 = ORIENTED_EDGE ( 'NONE', *, *, #3196, .T. ) ;
#5628 = CARTESIAN_POINT ( 'NONE',  ( 17.41860465115984624, 20.00000000000865441, -343.1860465116278078 ) ) ;
#5629 = CARTESIAN_POINT ( 'NONE',  ( -61.23762376237618810, -1.387889590329570932E-15, 9.094059405940560836 ) ) ;
#5630 = EDGE_LOOP ( 'NONE', ( #1007, #1460, #4454, #197 ) ) ;
#5631 = EDGE_CURVE ( 'NONE', #2666, #429, #5358, .T. ) ;
#5632 = ORIENTED_EDGE ( 'NONE', *, *, #3673, .F. ) ;
#5633 = FACE_OUTER_BOUND ( 'NONE', #4203, .T. ) ;
#5634 = ORIENTED_EDGE ( 'NONE', *, *, #5529, .T. ) ;
#5635 = FACE_OUTER_BOUND ( 'NONE', #1774, .T. ) ;
#5636 = VECTOR ( 'NONE', #841, 1000.000000000000000 ) ;
#5637 =( NAMED_UNIT ( * ) PLANE_ANGLE_UNIT ( ) SI_UNIT ( $, .RADIAN. ) );
#5638 = DIRECTION ( 'NONE',  ( 0.000000000000000000, 0.000000000000000000, 1.000000000000000000 ) ) ;
#5639 = DIRECTION ( 'NONE',  ( 0.000000000000000000, -0.000000000000000000, -1.000000000000000000 ) ) ;
#5640 = LINE ( 'NONE', #1120, #4492 ) ;
#5641 = ORIENTED_EDGE ( 'NONE', *, *, #4030, .T. ) ;
#5642 = FACE_OUTER_BOUND ( 'NONE', #2138, .T. ) ;
#5643 = DIRECTION ( 'NONE',  ( 0.000000000000000000, 0.000000000000000000, -1.000000000000000000 ) ) ;
#5644 = CARTESIAN_POINT ( 'NONE',  ( -64.03508771929831767, 23.00000000000000000, 0.000000000000000000 ) ) ;
#5645 = ORIENTED_EDGE ( 'NONE', *, *, #2672, .F. ) ;
#5646 = EDGE_CURVE ( 'NONE', #3436, #519, #1245, .T. ) ;
#5647 = CARTESIAN_POINT ( 'NONE',  ( -59.18604651162796415, 25.00000000000000000, 0.08139534883721191716 ) ) ;
#5648 =( REPRESENTATION_RELATIONSHIP ('NONE','NONE', #4122, #2467 ) REPRESENTATION_RELATIONSHIP_WITH_TRANSFORMATION ( #2352 )SHAPE_REPRESENTATION_RELATIONSHIP( ) );
#5649 = ORIENTED_EDGE ( 'NONE', *, *, #5631, .T. ) ;
#5650 = CARTESIAN_POINT ( 'NONE',  ( -59.18604651162796415, 25.00000000000000000, 5.081395348837212111 ) ) ;
#5651 = ORIENTED_EDGE ( 'NONE', *, *, #2747, .F. ) ;
#5652 = PRODUCT_CONTEXT ( 'NONE', #3819, 'mechanical' ) ;
#5653 = CLOSED_SHELL ( 'NONE', ( #1626, #52, #5451, #417, #225, #531 ) ) ;
#5654 = EDGE_CURVE ( 'NONE', #3011, #1326, #113, .T. ) ;
#5655 = VERTEX_POINT ( 'NONE', #3271 ) ;
#5656 = CARTESIAN_POINT ( 'NONE',  ( -64.03508771929831767, 23.00000000000000000, -14.18421052631578405 ) ) ;
#5657 = ORIENTED_EDGE ( 'NONE', *, *, #5557, .F. ) ;
#5658 = LINE ( 'NONE', #1782, #579 ) ;
#5659 = CIRCLE ( 'NONE', #468, 18.86810474738533472 ) ;
#5660 = ORIENTED_EDGE ( 'NONE', *, *, #744, .T. ) ;
#5661 = DIRECTION ( 'NONE',  ( 0.000000000000000000, 0.000000000000000000, -1.000000000000000000 ) ) ;
#5662 = VECTOR ( 'NONE', #2089, 1000.000000000000000 ) ;
#5663 =( LENGTH_UNIT ( ) NAMED_UNIT ( * ) SI_UNIT ( .MILLI., .METRE. ) );
#5664 = DIRECTION ( 'NONE',  ( 1.000000000000000000, -0.000000000000000000, -1.982541115402065110E-16 ) ) ;
#5665 = CIRCLE ( 'NONE', #743, 18.86810474738533472 ) ;
#5666 = CARTESIAN_POINT ( 'NONE',  ( -76.23762376237618810, 100.0000000000000000, -21.90594059405938410 ) ) ;
#5667 = AXIS2_PLACEMENT_3D ( 'NONE', #4829, #4490, #1746 ) ;
#5668 = DIRECTION ( 'NONE',  ( 0.000000000000000000, -0.000000000000000000, 1.000000000000000000 ) ) ;
#5669 = AXIS2_PLACEMENT_3D ( 'NONE', #1305, #1714, #3489 ) ;
#5670 = DIRECTION ( 'NONE',  ( 1.000000000000000000, 0.000000000000000000, 0.000000000000000000 ) ) ;
#5671 = EDGE_CURVE ( 'NONE', #1947, #141, #4618, .T. ) ;
#5672 = AXIS2_PLACEMENT_3D ( 'NONE', #1853, #4078, #3224 ) ;
#5673 = LINE ( 'NONE', #1250, #5472 ) ;
#5674 = PLANE ( 'NONE',  #1031 ) ;
#5675 = CARTESIAN_POINT ( 'NONE',  ( -379.0350877192983603, 8.735625240436016625, 7.484841586925018220 ) ) ;
#5676 = AXIS2_PLACEMENT_3D ( 'NONE', #2868, #1984, #722 ) ;
#5677 = DIRECTION ( 'NONE',  ( -1.000000000000000000, -0.000000000000000000, 3.965082230804130220E-16 ) ) ;
#5678 = ORIENTED_EDGE ( 'NONE', *, *, #2102, .F. ) ;
#5679 = ADVANCED_FACE ( 'NONE', ( #998, #5441 ), #3691, .T. ) ;
#5680 = DIRECTION ( 'NONE',  ( 0.000000000000000000, 0.000000000000000000, 1.000000000000000000 ) ) ;
#5681 = AXIS2_PLACEMENT_3D ( 'NONE', #2972, #5174, #4354 ) ;
#5682 = VERTEX_POINT ( 'NONE', #615 ) ;
#5683 = DIRECTION ( 'NONE',  ( -1.000000000000000000, 0.000000000000000000, 3.767964143663676271E-16 ) ) ;
#5684 = EDGE_LOOP ( 'NONE', ( #4813, #2945, #62, #2176, #554, #2720 ) ) ;
#5685 = PRODUCT_CONTEXT ( 'NONE', #1813, 'mechanical' ) ;
#5686 = VECTOR ( 'NONE', #3814, 1000.000000000000000 ) ;
#5687 = CARTESIAN_POINT ( 'NONE',  ( -10.04819277108434683, 260.0000000000000000, -5.367469879518071529 ) ) ;
#5688 = VECTOR ( 'NONE', #69, 1000.000000000000000 ) ;
#5689 = EDGE_LOOP ( 'NONE', ( #3050, #569 ) ) ;
#5690 = LINE ( 'NONE', #4362, #2350 ) ;
#5691 = ORIENTED_EDGE ( 'NONE', *, *, #256, .F. ) ;
#5692 = DIRECTION ( 'NONE',  ( -0.000000000000000000, 1.000000000000000000, 0.000000000000000000 ) ) ;
#5693 = CARTESIAN_POINT ( 'NONE',  ( -31.18604651162795349, 0.000000000000000000, 9.852500080465273162E-15 ) ) ;
#5694 = AXIS2_PLACEMENT_3D ( 'NONE', #464, #5088, #961 ) ;
#5695 = CARTESIAN_POINT ( 'NONE',  ( -34.18604651162794283, 34.01387818865997303, 15.08139534883721566 ) ) ;
#5696 = DIRECTION ( 'NONE',  ( -1.000000000000000000, 0.000000000000000000, 3.767964143663676271E-16 ) ) ;
#5697 = ADVANCED_FACE ( 'NONE', ( #1384 ), #589, .F. ) ;
#5698 = DIRECTION ( 'NONE',  ( 0.000000000000000000, -0.000000000000000000, 1.000000000000000000 ) ) ;
#5699 = ORIENTED_EDGE ( 'NONE', *, *, #906, .T. ) ;
#5700 = EDGE_CURVE ( 'NONE', #2106, #4059, #2262, .T. ) ;
#5701 = DIRECTION ( 'NONE',  ( 1.000000000000000000, -0.000000000000000000, -3.469446951953613696E-16 ) ) ;
#5702 = PRODUCT_DEFINITION_FORMATION_WITH_SPECIFIED_SOURCE ( 'ANY', '', #2049, .NOT_KNOWN. ) ;
#5703 = CARTESIAN_POINT ( 'NONE',  ( -144.7916666666666856, 703.0000000000000000, -24.58333333333334991 ) ) ;
#5704 = CARTESIAN_POINT ( 'NONE',  ( -9.657483350521390619, 100.5000000000000000, 30.46570259235894085 ) ) ;
#5705 = EDGE_CURVE ( 'NONE', #2979, #410, #3600, .T. ) ;
#5706 = DIRECTION ( 'NONE',  ( 0.000000000000000000, -1.000000000000000000, 0.000000000000000000 ) ) ;
#5707 = ORIENTED_EDGE ( 'NONE', *, *, #2668, .T. ) ;
#5708 = EDGE_CURVE ( 'NONE', #111, #1265, #2287, .T. ) ;
#5709 = PLANE ( 'NONE',  #1351 ) ;
#5710 = ORIENTED_EDGE ( 'NONE', *, *, #2485, .T. ) ;
#5711 = DIRECTION ( 'NONE',  ( 1.000000000000000000, 0.000000000000000000, -0.000000000000000000 ) ) ;
#5712 = EDGE_LOOP ( 'NONE', ( #345, #2919 ) ) ;
#5713 = NEXT_ASSEMBLY_USAGE_OCCURRENCE ( 'NAUO1', ' ', ' ', #3751, #640, $ ) ;
#5714 = NEXT_ASSEMBLY_USAGE_OCCURRENCE ( 'NAUO2', ' ', ' ', #3751, #1070, $ ) ;
#5715 = NEXT_ASSEMBLY_USAGE_OCCURRENCE ( 'NAUO3', ' ', ' ', #3751, #1502, $ ) ;
#5716 = NEXT_ASSEMBLY_USAGE_OCCURRENCE ( 'NAUO4', ' ', ' ', #3751, #1502, $ ) ;
#5717 = NEXT_ASSEMBLY_USAGE_OCCURRENCE ( 'NAUO5', ' ', ' ', #3751, #1070, $ ) ;
#5718 = NEXT_ASSEMBLY_USAGE_OCCURRENCE ( 'NAUO6', ' ', ' ', #3751, #570, $ ) ;
#5719 = NEXT_ASSEMBLY_USAGE_OCCURRENCE ( 'NAUO7', ' ', ' ', #3751, #570, $ ) ;
#5720 = NEXT_ASSEMBLY_USAGE_OCCURRENCE ( 'NAUO8', ' ', ' ', #3751, #570, $ ) ;
#5721 = NEXT_ASSEMBLY_USAGE_OCCURRENCE ( 'NAUO9', ' ', ' ', #3751, #570, $ ) ;
#5722 = NEXT_ASSEMBLY_USAGE_OCCURRENCE ( 'NAUO10', ' ', ' ', #3751, #1502, $ ) ;
#5723 = NEXT_ASSEMBLY_USAGE_OCCURRENCE ( 'NAUO11', ' ', ' ', #3751, #640, $ ) ;
#5724 = NEXT_ASSEMBLY_USAGE_OCCURRENCE ( 'NAUO12', ' ', ' ', #3751, #1502, $ ) ;
#5725 = NEXT_ASSEMBLY_USAGE_OCCURRENCE ( 'NAUO13', ' ', ' ', #3751, #1070, $ ) ;
#5726 = NEXT_ASSEMBLY_USAGE_OCCURRENCE ( 'NAUO14', ' ', ' ', #3751, #1070, $ ) ;
#5727 = NEXT_ASSEMBLY_USAGE_OCCURRENCE ( 'NAUO15', ' ', ' ', #3751, #1680, $ ) ;
#5728 = NEXT_ASSEMBLY_USAGE_OCCURRENCE ( 'NAUO16', ' ', ' ', #3751, #1680, $ ) ;
#5729 = NEXT_ASSEMBLY_USAGE_OCCURRENCE ( 'NAUO17', ' ', ' ', #3751, #1680, $ ) ;
#5730 = NEXT_ASSEMBLY_USAGE_OCCURRENCE ( 'NAUO18', ' ', ' ', #3751, #1680, $ ) ;
#5731 = NEXT_ASSEMBLY_USAGE_OCCURRENCE ( 'NAUO19', ' ', ' ', #3751, #287, $ ) ;
#5732 = NEXT_ASSEMBLY_USAGE_OCCURRENCE ( 'NAUO20', ' ', ' ', #3751, #1436, $ ) ;
#5733 = NEXT_ASSEMBLY_USAGE_OCCURRENCE ( 'NAUO21', ' ', ' ', #3751, #2723, $ ) ;
#5734 = NEXT_ASSEMBLY_USAGE_OCCURRENCE ( 'NAUO22', ' ', ' ', #3751, #1332, $ ) ;
#5735 = NEXT_ASSEMBLY_USAGE_OCCURRENCE ( 'NAUO23', ' ', ' ', #3751, #3317, $ ) ;
#5736 = NEXT_ASSEMBLY_USAGE_OCCURRENCE ( 'NAUO24', ' ', ' ', #3751, #3244, $ ) ;
#5737 = NEXT_ASSEMBLY_USAGE_OCCURRENCE ( 'NAUO25', ' ', ' ', #3317, #3939, $ ) ;
#5738 = NEXT_ASSEMBLY_USAGE_OCCURRENCE ( 'NAUO26', ' ', ' ', #3317, #3939, $ ) ;
#5739 = NEXT_ASSEMBLY_USAGE_OCCURRENCE ( 'NAUO27', ' ', ' ', #3317, #144, $ ) ;
#5740 = NEXT_ASSEMBLY_USAGE_OCCURRENCE ( 'NAUO28', ' ', ' ', #3317, #144, $ ) ;
#5741 = NEXT_ASSEMBLY_USAGE_OCCURRENCE ( 'NAUO29', ' ', ' ', #1332, #3500, $ ) ;
#5742 = NEXT_ASSEMBLY_USAGE_OCCURRENCE ( 'NAUO30', ' ', ' ', #1332, #3939, $ ) ;
#5743 = NEXT_ASSEMBLY_USAGE_OCCURRENCE ( 'NAUO31', ' ', ' ', #1332, #3939, $ ) ;
#5744 = NEXT_ASSEMBLY_USAGE_OCCURRENCE ( 'NAUO32', ' ', ' ', #1332, #4888, $ ) ;
#5745 = NEXT_ASSEMBLY_USAGE_OCCURRENCE ( 'NAUO33', ' ', ' ', #1332, #2899, $ ) ;
#5746 = NEXT_ASSEMBLY_USAGE_OCCURRENCE ( 'NAUO34', ' ', ' ', #2723, #3939, $ ) ;
#5747 = NEXT_ASSEMBLY_USAGE_OCCURRENCE ( 'NAUO35', ' ', ' ', #2723, #3939, $ ) ;
#5748 = NEXT_ASSEMBLY_USAGE_OCCURRENCE ( 'NAUO36', ' ', ' ', #2723, #4888, $ ) ;
#5749 = NEXT_ASSEMBLY_USAGE_OCCURRENCE ( 'NAUO37', ' ', ' ', #2723, #4888, $ ) ;
#5750 = NEXT_ASSEMBLY_USAGE_OCCURRENCE ( 'NAUO38', ' ', ' ', #1436, #3939, $ ) ;
#5751 = NEXT_ASSEMBLY_USAGE_OCCURRENCE ( 'NAUO39', ' ', ' ', #1436, #3939, $ ) ;
#5752 = NEXT_ASSEMBLY_USAGE_OCCURRENCE ( 'NAUO40', ' ', ' ', #1436, #4708, $ ) ;
#5753 = NEXT_ASSEMBLY_USAGE_OCCURRENCE ( 'NAUO41', ' ', ' ', #1436, #5614, $ ) ;
ENDSEC;
END-ISO-10303-21;
